time,ret
2017-01-02 00:00:00+00:00,0.0
2017-01-03 00:00:00+00:00,0.0
2017-01-04 00:00:00+00:00,0.0
2017-01-05 00:00:00+00:00,0.0
2017-01-06 00:00:00+00:00,0.0
2017-01-08 00:00:00+00:00,0.0
2017-01-09 00:00:00+00:00,0.0
2017-01-10 00:00:00+00:00,0.0
2017-01-11 00:00:00+00:00,0.0
2017-01-12 00:00:00+00:00,0.0
2017-01-13 00:00:00+00:00,0.0
2017-01-15 00:00:00+00:00,0.0
2017-01-16 00:00:00+00:00,0.0
2017-01-17 00:00:00+00:00,0.0
2017-01-18 00:00:00+00:00,0.0
2017-01-19 00:00:00+00:00,0.0
2017-01-20 00:00:00+00:00,0.0
2017-01-22 00:00:00+00:00,0.0
2017-01-23 00:00:00+00:00,0.0
2017-01-24 00:00:00+00:00,0.0
2017-01-25 00:00:00+00:00,0.0
2017-01-26 00:00:00+00:00,0.0
2017-01-27 00:00:00+00:00,0.0
2017-01-29 00:00:00+00:00,0.0
2017-01-30 00:00:00+00:00,0.004184417565485111
2017-01-31 00:00:00+00:00,0.004011153822471303
2017-02-01 00:00:00+00:00,-0.0023011235157974763
2017-02-02 00:00:00+00:00,0.0021316974137170486
2017-02-03 00:00:00+00:00,0.0016133750565124894
2017-02-05 00:00:00+00:00,-0.0008848927901247139
2017-02-06 00:00:00+00:00,0.0036265336197865428
2017-02-07 00:00:00+00:00,-0.00246367091437516
2017-02-08 00:00:00+00:00,0.0018286822809140957
2017-02-09 00:00:00+00:00,-0.006533291653641693
2017-02-10 00:00:00+00:00,0.004217629005774888
2017-02-12 00:00:00+00:00,0.004885278772825964
2017-02-13 00:00:00+00:00,-0.0010717028779164152
2017-02-14 00:00:00+00:00,0.0034592882304655885
2017-02-15 00:00:00+00:00,-0.0007313908819264228
2017-02-16 00:00:00+00:00,-0.00578848084118923
2017-02-17 00:00:00+00:00,-0.0009029379433938001
2017-02-19 00:00:00+00:00,0.0009401208304988753
2017-02-20 00:00:00+00:00,0.0015720067662714499
2017-02-21 00:00:00+00:00,-0.0018053127486017718
2017-02-22 00:00:00+00:00,0.0011524791498047082
2017-02-23 00:00:00+00:00,0.0031435726504771
2017-02-24 00:00:00+00:00,-0.003088280560460118
2017-02-26 00:00:00+00:00,0.0007678160098566478
2017-02-27 00:00:00+00:00,0.002500490292214219
2017-02-28 00:00:00+00:00,0.0015655629374040636
2017-03-01 00:00:00+00:00,0.004518445159693019
2017-03-02 00:00:00+00:00,0.0010296720823036454
2017-03-03 00:00:00+00:00,-0.002472916558303812
2017-03-05 00:00:00+00:00,0.00022538428341745131
2017-03-06 00:00:00+00:00,0.003801930467402681
2017-03-07 00:00:00+00:00,0.003889862636854813
2017-03-08 00:00:00+00:00,0.005282487443290962
2017-03-09 00:00:00+00:00,-0.0003458019728943772
2017-03-10 00:00:00+00:00,0.00040705648214001133
2017-03-12 00:00:00+00:00,-0.0006613502596157047
2017-03-13 00:00:00+00:00,0.0023248958612643866
2017-03-14 00:00:00+00:00,0.00015672924357063023
2017-03-15 00:00:00+00:00,-0.013978004556758239
2017-03-16 00:00:00+00:00,-0.003107361135856801
2017-03-17 00:00:00+00:00,-0.002859170821092924
2017-03-19 00:00:00+00:00,-0.000128657876523941
2017-03-20 00:00:00+00:00,-0.0005058887222316177
2017-03-21 00:00:00+00:00,-0.004566494016471301
2017-03-22 00:00:00+00:00,-0.0007352215975827692
2017-03-23 00:00:00+00:00,-0.0016881122774251023
2017-03-24 00:00:00+00:00,-0.0010585620069600318
2017-03-26 00:00:00+00:00,0.0029446937068973167
2017-03-27 00:00:00+00:00,0.0002753251447585466
2017-03-28 00:00:00+00:00,-0.003578646184680987
2017-03-29 00:00:00+00:00,0.0008974840717358124
2017-03-30 00:00:00+00:00,-0.0071251514936615835
2017-03-31 00:00:00+00:00,0.004361699184491499
2017-04-02 00:00:00+00:00,-6.98998355890578e-05
2017-04-03 00:00:00+00:00,0.004097082113246633
2017-04-04 00:00:00+00:00,0.0005693264552464573
2017-04-05 00:00:00+00:00,0.001593421718133561
2017-04-06 00:00:00+00:00,-0.003482690710686163
2017-04-07 00:00:00+00:00,0.0003125946945629866
2017-04-09 00:00:00+00:00,-0.001312551819440375
2017-04-10 00:00:00+00:00,0.0024305296689684816
2017-04-11 00:00:00+00:00,0.004893905191873604
2017-04-12 00:00:00+00:00,0.0027994091149489697
2017-04-13 00:00:00+00:00,-0.00036221252246626534
2017-04-14 00:00:00+00:00,0.0026985916009200084
2017-04-16 00:00:00+00:00,-0.00025796465884175834
2017-04-17 00:00:00+00:00,-0.0019981951785483787
2017-04-18 00:00:00+00:00,0.002742314182992145
2017-04-19 00:00:00+00:00,-0.002194883523618074
2017-04-20 00:00:00+00:00,-0.0012026326365726222
2017-04-21 00:00:00+00:00,0.0018292051703611262
2017-04-23 00:00:00+00:00,-0.004858734251553032
2017-04-24 00:00:00+00:00,0.003522553411135512
2017-04-25 00:00:00+00:00,-0.010202218430336283
2017-04-26 00:00:00+00:00,0.0008302201861483916
2017-04-27 00:00:00+00:00,-0.00147608359558396
2017-04-28 00:00:00+00:00,0.002410996645905796
2017-04-30 00:00:00+00:00,0.00015543377692769597
2017-05-01 00:00:00+00:00,-0.003152303424201728
2017-05-02 00:00:00+00:00,0.000398712025832273
2017-05-03 00:00:00+00:00,-0.0040775048275283644
2017-05-04 00:00:00+00:00,-0.004965454261892408
2017-05-05 00:00:00+00:00,0.0011816718037528063
2017-05-08 00:00:00+00:00,0.002357175883929352
2017-05-09 00:00:00+00:00,0.002115406696874156
2017-05-10 00:00:00+00:00,0.0027969321699972127
2017-05-11 00:00:00+00:00,-0.002274078998005802
2017-05-12 00:00:00+00:00,-0.0020472357923593254
2017-05-15 00:00:00+00:00,0.0012969138743317288
2017-05-16 00:00:00+00:00,-0.004206265399507247
2017-05-17 00:00:00+00:00,-0.007205991977565551
2017-05-18 00:00:00+00:00,0.001665766252476164
2017-05-19 00:00:00+00:00,0.0016705400996873273
2017-05-22 00:00:00+00:00,0.00155784514196863
2017-05-23 00:00:00+00:00,-0.00011413417255326866
2017-05-24 00:00:00+00:00,0.0007804981941581766
2017-05-25 00:00:00+00:00,-0.00021962266823980273
2017-05-26 00:00:00+00:00,0.0025411489022558985
2017-05-29 00:00:00+00:00,-0.0005400417354555519
2017-05-30 00:00:00+00:00,-0.0034268532121890273
2017-05-31 00:00:00+00:00,0.0022463662081552947
2017-06-01 00:00:00+00:00,0.0012484378382193984
2017-06-02 00:00:00+00:00,0.0007300688090384998
2017-06-05 00:00:00+00:00,0.00062568380048458
2017-06-06 00:00:00+00:00,0.0010446142204653362
2017-06-07 00:00:00+00:00,-0.0016939665500036206
2017-06-08 00:00:00+00:00,-0.002110685332757021
2017-06-09 00:00:00+00:00,-0.0033712491701221904
2017-06-12 00:00:00+00:00,0.0012158764808677584
2017-06-13 00:00:00+00:00,0.0012669595494593363
2017-06-14 00:00:00+00:00,-0.004365149901919416
2017-06-15 00:00:00+00:00,-0.010933152624178249
2017-06-16 00:00:00+00:00,-0.0009015350769867058
2017-06-19 00:00:00+00:00,-0.00014697501355928969
2017-06-20 00:00:00+00:00,-0.0016238650328415803
2017-06-21 00:00:00+00:00,-4.4909910719093116e-05
2017-06-22 00:00:00+00:00,-0.00015270741259743037
2017-06-23 00:00:00+00:00,-8.536256626834327e-05
2017-06-26 00:00:00+00:00,0.002669159080083694
2017-06-27 00:00:00+00:00,0.0037929681125384476
2017-06-28 00:00:00+00:00,0.0006795436308591397
2017-06-29 00:00:00+00:00,-0.0029943439016410934
2017-06-30 00:00:00+00:00,0.0016386972413439658
2017-07-03 00:00:00+00:00,0.004530001245972803
2017-07-04 00:00:00+00:00,0.0018168010135981264
2017-07-05 00:00:00+00:00,-0.0010313202669923749
2017-07-06 00:00:00+00:00,-0.00021645072714682894
2017-07-07 00:00:00+00:00,0.00328319428733026
2017-07-10 00:00:00+00:00,0.0007199613679266248
2017-07-11 00:00:00+00:00,0.0013588727362257166
2017-07-12 00:00:00+00:00,-0.0018727404645632493
2017-07-13 00:00:00+00:00,0.00040150719624443276
2017-07-14 00:00:00+00:00,-0.0039545382404289064
2017-07-17 00:00:00+00:00,0.00035550183527821577
2017-07-18 00:00:00+00:00,-0.002704334928994523
2017-07-19 00:00:00+00:00,-0.0004866592849233631
2017-07-20 00:00:00+00:00,-5.809680375475177e-05
2017-07-21 00:00:00+00:00,0.003396344460830314
2017-07-24 00:00:00+00:00,0.0004364704438916427
2017-07-25 00:00:00+00:00,-0.003524105097912564
2017-07-26 00:00:00+00:00,0.003803367676731617
2017-07-27 00:00:00+00:00,0.0003013836659049307
2017-07-28 00:00:00+00:00,0.0017868877546428075
2017-07-31 00:00:00+00:00,0.0015222694010298965
2017-08-01 00:00:00+00:00,-0.00044008196589227116
2017-08-02 00:00:00+00:00,-0.0032782350423147012
2017-08-03 00:00:00+00:00,0.006237446912720459
2017-08-04 00:00:00+00:00,-0.007961592548224181
2017-08-07 00:00:00+00:00,9.148822505587436e-05
2017-08-08 00:00:00+00:00,-0.001372232251926484
2017-08-09 00:00:00+00:00,0.005734799397938298
2017-08-10 00:00:00+00:00,0.008376035187897504
2017-08-11 00:00:00+00:00,0.0004119899298023722
2017-08-14 00:00:00+00:00,-0.007279310926001346
2017-08-15 00:00:00+00:00,-0.0055030826266334355
2017-08-16 00:00:00+00:00,0.006548096642442016
2017-08-17 00:00:00+00:00,0.0029790436979440045
2017-08-18 00:00:00+00:00,-0.0012555830834723347
2017-08-21 00:00:00+00:00,0.0038654922326631057
2017-08-22 00:00:00+00:00,-0.0067069208679203275
2017-08-23 00:00:00+00:00,0.006538919951856317
2017-08-24 00:00:00+00:00,-0.004438377195430141
2017-08-25 00:00:00+00:00,0.0023977803563371113
2017-08-28 00:00:00+00:00,0.013055004733745958
2017-08-29 00:00:00+00:00,-0.008126442023577294
2017-08-30 00:00:00+00:00,-0.003948555331596524
2017-08-31 00:00:00+00:00,0.006823205648189692
2017-09-01 00:00:00+00:00,-0.0005111144115367517
2017-09-04 00:00:00+00:00,0.00525386293450842
2017-09-05 00:00:00+00:00,0.00864657920559805
2017-09-06 00:00:00+00:00,-0.0056832010628885855
2017-09-07 00:00:00+00:00,0.009726856953872456
2017-09-08 00:00:00+00:00,0.0009840862569323284
2017-09-11 00:00:00+00:00,-0.014407643414725977
2017-09-12 00:00:00+00:00,-0.002447086937077101
2017-09-13 00:00:00+00:00,-0.0021509335195751883
2017-09-14 00:00:00+00:00,0.0017928183546432018
2017-09-15 00:00:00+00:00,-0.001257731417900785
2017-09-18 00:00:00+00:00,-0.001311732643716066
2017-09-19 00:00:00+00:00,0.00041798720501534713
2017-09-20 00:00:00+00:00,0.004310731121507039
2017-09-21 00:00:00+00:00,-0.00040872903042366016
2017-09-22 00:00:00+00:00,-0.0020897805285810533
2017-09-25 00:00:00+00:00,-0.0011073208194174455
2017-09-26 00:00:00+00:00,0.0028907942076717985
2017-09-27 00:00:00+00:00,0.0059966744535042745
2017-09-28 00:00:00+00:00,-0.0031563952393949823
2017-09-29 00:00:00+00:00,0.002981486473599748
2017-10-02 00:00:00+00:00,0.004475975240467001
2017-10-03 00:00:00+00:00,-0.0001776032029714436
2017-10-04 00:00:00+00:00,-0.0007459430867467476
2017-10-05 00:00:00+00:00,0.0017917042002419947
2017-10-06 00:00:00+00:00,-0.003548477693917085
2017-10-09 00:00:00+00:00,-0.0025113567156500594
2017-10-10 00:00:00+00:00,-0.0039047259713889115
2017-10-11 00:00:00+00:00,-0.0006852553638692083
2017-10-12 00:00:00+00:00,-0.00151029285590204
2017-10-13 00:00:00+00:00,-0.005507602749282359
2017-10-16 00:00:00+00:00,0.004840422349991547
2017-10-17 00:00:00+00:00,0.003610266517474925
2017-10-18 00:00:00+00:00,0.00573637433499502
2017-10-19 00:00:00+00:00,-0.005249558086538764
2017-10-20 00:00:00+00:00,0.007595209667982716
2017-10-23 00:00:00+00:00,-0.0018170075307504252
2017-10-24 00:00:00+00:00,0.005372434822200678
2017-10-25 00:00:00+00:00,-0.002985430559856672
2017-10-26 00:00:00+00:00,0.007094686989849552
2017-10-27 00:00:00+00:00,-0.0046665814578431
2017-10-30 00:00:00+00:00,-0.004116397836706309
2017-10-31 00:00:00+00:00,0.005664999841173524
2017-11-01 00:00:00+00:00,0.00013947710972372906
2017-11-02 00:00:00+00:00,-0.0015732676901097364
2017-11-03 00:00:00+00:00,0.0032677025090217526
2017-11-06 00:00:00+00:00,-0.0012621679163091833
2017-11-07 00:00:00+00:00,-0.0001318484270482756
2017-11-08 00:00:00+00:00,0.0007693186913669825
2017-11-09 00:00:00+00:00,-0.0024229229580729483
2017-11-10 00:00:00+00:00,0.0006704304869442623
2017-11-13 00:00:00+00:00,-0.00047510359286878515
2017-11-14 00:00:00+00:00,-0.00203186234535091
2017-11-15 00:00:00+00:00,-0.0022698948044280187
2017-11-16 00:00:00+00:00,0.0012707139567690318
2017-11-17 00:00:00+00:00,-0.004263193364472232
2017-11-20 00:00:00+00:00,0.0076448225678767395
2017-11-21 00:00:00+00:00,-7.375561674590999e-05
2017-11-22 00:00:00+00:00,-0.004703809624730733
2017-11-23 00:00:00+00:00,-3.971283407219795e-05
2017-11-24 00:00:00+00:00,-0.00010458193158461074
2017-11-27 00:00:00+00:00,0.000609696284032981
2017-11-28 00:00:00+00:00,0.0019614055339615376
2017-11-29 00:00:00+00:00,-0.0022105323881373186
2017-11-30 00:00:00+00:00,-0.001051855473397454
2017-12-01 00:00:00+00:00,-0.0016748763944483213
2017-12-04 00:00:00+00:00,0.0012565501015934233
2017-12-05 00:00:00+00:00,-0.00012889576332958397
2017-12-06 00:00:00+00:00,-0.0007113324145289757
2017-12-07 00:00:00+00:00,-0.004011221336440282
2017-12-08 00:00:00+00:00,-0.0011483997491188447
2017-12-11 00:00:00+00:00,-0.00037017124827032344
2017-12-12 00:00:00+00:00,4.7348453279431996e-05
2017-12-13 00:00:00+00:00,0.0007833441274066842
2017-12-14 00:00:00+00:00,-0.00148637616372167
2017-12-15 00:00:00+00:00,0.0009557787882068298
2017-12-18 00:00:00+00:00,0.002035696510712472
2017-12-19 00:00:00+00:00,0.0017473037836381413
2017-12-20 00:00:00+00:00,0.0010657028720665825
2017-12-21 00:00:00+00:00,0.00030906168871314144
2017-12-22 00:00:00+00:00,-0.002997939481907919
2017-12-26 00:00:00+00:00,-0.0034474943050099016
2017-12-27 00:00:00+00:00,-0.0021341405183572526
2017-12-28 00:00:00+00:00,-0.004000653371797502
2017-12-29 00:00:00+00:00,-0.0009440279213431685
2018-01-02 00:00:00+00:00,-0.001837288978041307
2018-01-03 00:00:00+00:00,-0.0019573785022840677
2018-01-04 00:00:00+00:00,-0.000905622515008472
2018-01-05 00:00:00+00:00,0.0010372713738767982
2018-01-08 00:00:00+00:00,0.0004821387498009644
2018-01-09 00:00:00+00:00,-0.0016482982315041972
2018-01-10 00:00:00+00:00,-0.005839111852022683
2018-01-11 00:00:00+00:00,-0.0007850561202975004
2018-01-12 00:00:00+00:00,-0.0011816825722039126
2018-01-15 00:00:00+00:00,-0.0018195083724408256
2018-01-16 00:00:00+00:00,-0.0010034805406138325
2018-01-17 00:00:00+00:00,0.0043435725091265365
2018-01-18 00:00:00+00:00,-0.0014054529779438107
2018-01-19 00:00:00+00:00,-0.0010041516944496731
2018-01-21 00:00:00+00:00,-0.000591069881605566
2018-01-22 00:00:00+00:00,0.0013326105615033557
2018-01-23 00:00:00+00:00,-0.0038835826275004925
2018-01-24 00:00:00+00:00,-0.003614304655006395
2018-01-25 00:00:00+00:00,0.0015962020453339498
2018-01-26 00:00:00+00:00,-0.004882785786579913
2018-01-28 00:00:00+00:00,2.3020257826966706e-05
2018-01-29 00:00:00+00:00,0.001556097785553101
2018-01-30 00:00:00+00:00,-0.0009408589813021395
2018-01-31 00:00:00+00:00,0.002096783093306853
2018-02-01 00:00:00+00:00,-0.00119053076949058
2018-02-02 00:00:00+00:00,-0.002937333832786715
2018-02-04 00:00:00+00:00,0.0002770309548031369
2018-02-05 00:00:00+00:00,0.004475848593629317
2018-02-06 00:00:00+00:00,-0.0026318202659330048
2018-02-07 00:00:00+00:00,0.002161935342625654
2018-02-08 00:00:00+00:00,0.0027256069628950885
2018-02-09 00:00:00+00:00,-0.00111464234719727
2018-02-11 00:00:00+00:00,0.0
2018-02-12 00:00:00+00:00,-0.002008733944847539
2018-02-13 00:00:00+00:00,0.004365521956240225
2018-02-14 00:00:00+00:00,0.005655930142999033
2018-02-15 00:00:00+00:00,0.002074260399459349
2018-02-16 00:00:00+00:00,-0.0007539914421971217
2018-02-18 00:00:00+00:00,1.4116052775237087e-05
2018-02-19 00:00:00+00:00,-0.0021409951157078666
2018-02-20 00:00:00+00:00,-0.0031673444908821846
2018-02-21 00:00:00+00:00,-0.0008613464940869786
2018-02-22 00:00:00+00:00,0.002017111219980502
2018-02-23 00:00:00+00:00,0.00028789366487663726
2018-02-25 00:00:00+00:00,-9.728049876039924e-05
2018-02-26 00:00:00+00:00,-0.0019221965404327968
2018-02-27 00:00:00+00:00,0.003858218604630703
2018-02-28 00:00:00+00:00,0.0037250684898993414
2018-03-01 00:00:00+00:00,0.002313836870348973
2018-03-02 00:00:00+00:00,1.4292618296551929e-05
2018-03-04 00:00:00+00:00,-0.0011155216026463009
2018-03-05 00:00:00+00:00,-0.003314305155479371
2018-03-06 00:00:00+00:00,0.0031623529411764495
2018-03-07 00:00:00+00:00,-0.002850972740533031
2018-03-08 00:00:00+00:00,0.001111352126194562
2018-03-09 00:00:00+00:00,-0.0018323284837490413
2018-03-11 00:00:00+00:00,0.0004766498651548681
2018-03-12 00:00:00+00:00,-0.0029127486767701887
2018-03-13 00:00:00+00:00,0.0006324406501653741
2018-03-14 00:00:00+00:00,-0.0017354182410798294
2018-03-15 00:00:00+00:00,0.0006876348188129544
2018-03-16 00:00:00+00:00,0.0015238448245953203
2018-03-18 00:00:00+00:00,0.00010851103981890375
2018-03-19 00:00:00+00:00,-0.00027369593325599073
2018-03-20 00:00:00+00:00,-0.002178936942885401
2018-03-21 00:00:00+00:00,0.002521671346863652
2018-03-22 00:00:00+00:00,0.00438180020666211
2018-03-23 00:00:00+00:00,0.0010593922803712906
2018-03-25 00:00:00+00:00,-0.00018988575939874873
2018-03-26 00:00:00+00:00,-0.0016828894740677257
2018-03-27 00:00:00+00:00,0.0002906598848879996
2018-03-28 00:00:00+00:00,-0.0134300950956842
2018-03-29 00:00:00+00:00,-0.0020298209045534967
2018-03-30 00:00:00+00:00,0.0008792268248354897
2018-04-01 00:00:00+00:00,-0.00027970907177130965
2018-04-02 00:00:00+00:00,-0.002469077682386339
2018-04-03 00:00:00+00:00,0.003048319407160882
2018-04-04 00:00:00+00:00,-0.0016265159816763017
2018-04-05 00:00:00+00:00,-0.0015111242669281963
2018-04-06 00:00:00+00:00,0.0009103301463997404
2018-04-08 00:00:00+00:00,-0.0002244899868111272
2018-04-09 00:00:00+00:00,0.0009489794964330778
2018-04-10 00:00:00+00:00,0.00014146398746801912
2018-04-11 00:00:00+00:00,0.0026499945272198625
2018-04-12 00:00:00+00:00,-0.003699093879473401
2018-04-13 00:00:00+00:00,0.003177364179799271
2018-04-15 00:00:00+00:00,0.00020447926914548783
2018-04-16 00:00:00+00:00,-0.002202866074043127
2018-04-17 00:00:00+00:00,-0.000921385511139519
2018-04-18 00:00:00+00:00,0.001547928130650517
2018-04-19 00:00:00+00:00,0.0004191739478733858
2018-04-20 00:00:00+00:00,0.004310394720067364
2018-04-22 00:00:00+00:00,0.001981220019771024
2018-04-23 00:00:00+00:00,0.0072873932366538385
2018-04-24 00:00:00+00:00,-0.002596147320525488
2018-04-25 00:00:00+00:00,0.006032279147678343
2018-04-26 00:00:00+00:00,0.001430798819331558
2018-04-27 00:00:00+00:00,-0.0032147652539629146
2018-04-29 00:00:00+00:00,0.00022992599380705636
2018-04-30 00:00:00+00:00,0.0041065322258924675
2018-05-01 00:00:00+00:00,0.00621321331539193
2018-05-02 00:00:00+00:00,-0.0002659294062983264
2018-05-03 00:00:00+00:00,-0.00602051801726089
2018-05-04 00:00:00+00:00,-0.0007620108590150609
2018-05-06 00:00:00+00:00,0.00017957256973261115
2018-05-07 00:00:00+00:00,-0.0012842870303296783
2018-05-08 00:00:00+00:00,0.0002167056571723558
2018-05-09 00:00:00+00:00,0.005187372899589426
2018-05-10 00:00:00+00:00,-0.005071866400710445
2018-05-11 00:00:00+00:00,0.0007004165796886674
2018-05-13 00:00:00+00:00,-0.000937114392379923
2018-05-14 00:00:00+00:00,0.0042926329549231035
2018-05-15 00:00:00+00:00,0.01055583406494065
2018-05-16 00:00:00+00:00,0.0007254262605867479
2018-05-17 00:00:00+00:00,0.0030447946654227342
2018-05-18 00:00:00+00:00,-0.001892220428394431
2018-05-20 00:00:00+00:00,0.0014453379259992127
2018-05-21 00:00:00+00:00,-3.937763464800792e-05
2018-05-22 00:00:00+00:00,-0.0015713483072301027
2018-05-23 00:00:00+00:00,-0.004429932649497481
2018-05-24 00:00:00+00:00,-0.006199222830182816
2018-05-25 00:00:00+00:00,0.0014378106883367603
2018-05-27 00:00:00+00:00,-0.00013142058456145126
2018-05-28 00:00:00+00:00,0.0009582503524388679
2018-05-29 00:00:00+00:00,0.004593277817895924
2018-05-30 00:00:00+00:00,0.0015084280754712198
2018-05-31 00:00:00+00:00,-0.00023453274405784534
2018-06-01 00:00:00+00:00,-0.003351046225131493
2018-06-03 00:00:00+00:00,-0.0004703153395859694
2018-06-04 00:00:00+00:00,-0.0016194664428306194
2018-06-05 00:00:00+00:00,0.0003364890550113797
2018-06-06 00:00:00+00:00,-0.0011011512035309368
2018-06-07 00:00:00+00:00,0.0019023491060320974
2018-06-08 00:00:00+00:00,0.0008431472636453163
2018-06-10 00:00:00+00:00,-0.000324146594243041
2018-06-11 00:00:00+00:00,-0.004266361678008658
2018-06-12 00:00:00+00:00,-0.0002808301702192928
2018-06-13 00:00:00+00:00,0.002367644683659479
2018-06-14 00:00:00+00:00,-0.0018141736846059625
2018-06-15 00:00:00+00:00,2.711668308730264e-05
2018-06-17 00:00:00+00:00,-5.423630759215925e-05
2018-06-18 00:00:00+00:00,-0.002313935492155292
2018-06-19 00:00:00+00:00,-0.0002088403007300399
2018-06-20 00:00:00+00:00,0.0013126101411623514
2018-06-21 00:00:00+00:00,0.0018662787688090434
2018-06-22 00:00:00+00:00,1.8190623754863126e-05
2018-06-24 00:00:00+00:00,-0.00085704654896806
2018-06-25 00:00:00+00:00,0.0005637568633377055
2018-06-26 00:00:00+00:00,0.005303847755678104
2018-06-27 00:00:00+00:00,0.00042166849815204624
2018-06-28 00:00:00+00:00,0.0012157723783774443
2018-06-29 00:00:00+00:00,-0.0008688501334481512
2018-07-01 00:00:00+00:00,-0.00025751538315577083
2018-07-02 00:00:00+00:00,-0.0006682922423913995
2018-07-03 00:00:00+00:00,0.0020968992947203446
2018-07-04 00:00:00+00:00,-0.0003985037993714524
2018-07-05 00:00:00+00:00,-0.0002850652935266762
2018-07-06 00:00:00+00:00,0.0005155385116312194
2018-07-08 00:00:00+00:00,5.432322317788785e-05
2018-07-09 00:00:00+00:00,-0.0023135152755392463
2018-07-10 00:00:00+00:00,-0.0006334429195813801
2018-07-11 00:00:00+00:00,-0.010413821559843304
2018-07-12 00:00:00+00:00,-0.001823212999924193
2018-07-13 00:00:00+00:00,-0.00039837430663822496
2018-07-15 00:00:00+00:00,-0.0005319175353225879
2018-07-16 00:00:00+00:00,-0.00035351232065950627
2018-07-17 00:00:00+00:00,-0.008430303370541025
2018-07-18 00:00:00+00:00,-0.001005511494507647
2018-07-19 00:00:00+00:00,-0.0019607142684876003
2018-07-20 00:00:00+00:00,-0.004165146269613174
2018-07-22 00:00:00+00:00,-0.0016558223019968454
2018-07-23 00:00:00+00:00,0.0018234044085866374
2018-07-24 00:00:00+00:00,-0.0008209149388574977
2018-07-25 00:00:00+00:00,-0.005152747626499062
2018-07-26 00:00:00+00:00,0.0013294110940726882
2018-07-27 00:00:00+00:00,-0.0007826978786188432
2018-07-29 00:00:00+00:00,-0.00010171312103852772
2018-07-30 00:00:00+00:00,0.00024955173844321
2018-07-31 00:00:00+00:00,0.0031678666124503874
2018-08-01 00:00:00+00:00,0.001658766567016745
2018-08-02 00:00:00+00:00,0.0041216460572381375
2018-08-03 00:00:00+00:00,-0.004074871209490294
2018-08-05 00:00:00+00:00,-0.0006613367697577699
2018-08-06 00:00:00+00:00,0.0029544263376337088
2018-08-07 00:00:00+00:00,-0.001468899845476379
2018-08-08 00:00:00+00:00,0.0015920526564209535
2018-08-09 00:00:00+00:00,0.0012289116120378918
2018-08-10 00:00:00+00:00,-0.0008219887734769449
2018-08-12 00:00:00+00:00,0.00023953003512916645
2018-08-13 00:00:00+00:00,-1.0661579039917467e-05
2018-08-14 00:00:00+00:00,-0.0033104483778076737
2018-08-15 00:00:00+00:00,0.00303607669552156
2018-08-16 00:00:00+00:00,-0.0019851139066499046
2018-08-17 00:00:00+00:00,0.002337585125932351
2018-08-19 00:00:00+00:00,6.335242956567733e-05
2018-08-20 00:00:00+00:00,0.0024031716434798067
2018-08-21 00:00:00+00:00,-0.00075944992178123
2018-08-22 00:00:00+00:00,-0.002147754620169806
2018-08-23 00:00:00+00:00,-0.003503996817014521
2018-08-24 00:00:00+00:00,0.0007363307382164952
2018-08-26 00:00:00+00:00,-0.00040467989820058836
2018-08-27 00:00:00+00:00,0.0007098635085228677
2018-08-28 00:00:00+00:00,-0.00350001129190803
2018-08-29 00:00:00+00:00,0.004197504264688092
2018-08-30 00:00:00+00:00,-0.00611589408774885
2018-08-31 00:00:00+00:00,0.0005833360053110993
2018-09-02 00:00:00+00:00,-0.00046717442456376316
2018-09-03 00:00:00+00:00,-0.000280500194143596
2018-09-04 00:00:00+00:00,-0.0020368679768899434
2018-09-05 00:00:00+00:00,0.001983524802655092
2018-09-06 00:00:00+00:00,-0.004330992269846571
2018-09-07 00:00:00+00:00,0.0022808113171685074
2018-09-09 00:00:00+00:00,-0.0002289986421976089
2018-09-10 00:00:00+00:00,0.0009630080923331701
2018-09-11 00:00:00+00:00,0.0022044268490192254
2018-09-12 00:00:00+00:00,-0.0018722565618560782
2018-09-13 00:00:00+00:00,0.0036506851778584926
2018-09-14 00:00:00+00:00,8.926658573160662e-05
2018-09-16 00:00:00+00:00,-0.000357002606119039
2018-09-17 00:00:00+00:00,-0.0012325390304026018
2018-09-18 00:00:00+00:00,0.002650239954158029
2018-09-19 00:00:00+00:00,0.0002315639472746378
2018-09-20 00:00:00+00:00,0.0007032724424028691
2018-09-21 00:00:00+00:00,0.00023113165614718767
2018-09-23 00:00:00+00:00,-5.331342965292363e-05
2018-09-24 00:00:00+00:00,0.0011152581533813155
2018-09-25 00:00:00+00:00,0.0008822408029721673
2018-09-26 00:00:00+00:00,-0.0012126040007081063
2018-09-27 00:00:00+00:00,0.0030344435966142003
2018-09-28 00:00:00+00:00,0.0013052297380721223
2018-09-30 00:00:00+00:00,0.000479390602184937
2018-10-01 00:00:00+00:00,0.0014610614365291555
2018-10-02 00:00:00+00:00,-0.00864528199630904
2018-10-03 00:00:00+00:00,0.0041278610608534855
2018-10-04 00:00:00+00:00,-0.003179816828443426
2018-10-05 00:00:00+00:00,-0.002353749728636112
2018-10-07 00:00:00+00:00,-0.000399830836518289
2018-10-08 00:00:00+00:00,0.0028601200769080015
2018-10-09 00:00:00+00:00,-0.00010880779011368524
2018-10-10 00:00:00+00:00,-0.005841708824497249
2018-10-11 00:00:00+00:00,-0.011433965614656594
2018-10-12 00:00:00+00:00,0.0019254203781423063
2018-10-14 00:00:00+00:00,-0.0005974771965340474
2018-10-15 00:00:00+00:00,-0.001465682840198268
2018-10-16 00:00:00+00:00,-0.0015009079720276208
2018-10-17 00:00:00+00:00,-0.00014688845239252402
2018-10-18 00:00:00+00:00,0.00041549328697915167
2018-10-19 00:00:00+00:00,-0.00166109974657902
2018-10-21 00:00:00+00:00,-0.00010833857689684923
2018-10-22 00:00:00+00:00,0.0006965318123525743
2018-10-23 00:00:00+00:00,-0.002139662695032185
2018-10-24 00:00:00+00:00,0.00028418522139173064
2018-10-25 00:00:00+00:00,-0.00018384057500830941
2018-10-26 00:00:00+00:00,0.001284656943930762
2018-10-28 00:00:00+00:00,0.00019948493293536762
2018-10-29 00:00:00+00:00,-0.0018105464866774077
2018-10-30 00:00:00+00:00,-0.003303003863891263
2018-10-31 00:00:00+00:00,0.000928677563150071
2018-11-01 00:00:00+00:00,0.0005405213816080945
2018-11-02 00:00:00+00:00,-0.0020579782138168135
2018-11-04 00:00:00+00:00,0.00026944414996993293
2018-11-05 00:00:00+00:00,-0.0005082423653157697
2018-11-06 00:00:00+00:00,0.0008474880043829224
2018-11-07 00:00:00+00:00,-0.00021728322101310926
2018-11-08 00:00:00+00:00,-0.0005098062332704045
2018-11-09 00:00:00+00:00,0.006161862879459412
2018-11-11 00:00:00+00:00,-0.0006578169731245032
2018-11-12 00:00:00+00:00,0.004160920496910525
2018-11-13 00:00:00+00:00,-0.0007358173236601262
2018-11-14 00:00:00+00:00,0.0009754300630639952
2018-11-15 00:00:00+00:00,4.402920016577383e-06
2018-11-16 00:00:00+00:00,0.0032097569566748585
2018-11-18 00:00:00+00:00,0.0004697290638211449
2018-11-19 00:00:00+00:00,0.0012153470836105407
2018-11-20 00:00:00+00:00,-2.1037944011601103e-05
2018-11-21 00:00:00+00:00,0.003067929839772412
2018-11-22 00:00:00+00:00,-0.00022513848873390282
2018-11-23 00:00:00+00:00,-0.0002345506363845562
2018-11-25 00:00:00+00:00,0.00034870293829867064
2018-11-26 00:00:00+00:00,-0.0034173370045426097
2018-11-27 00:00:00+00:00,-0.0012257792076385571
2018-11-28 00:00:00+00:00,0.0009580227816058939
2018-11-29 00:00:00+00:00,0.0006472463410768237
2018-11-30 00:00:00+00:00,0.00022485679377583004
2018-12-02 00:00:00+00:00,0.001308750561837324
2018-12-03 00:00:00+00:00,-0.0007867163601842364
2018-12-04 00:00:00+00:00,0.003939675542861984
2018-12-05 00:00:00+00:00,0.0015397320447237768
2018-12-06 00:00:00+00:00,0.0014817227486600684
2018-12-07 00:00:00+00:00,0.004251252757935988
2018-12-09 00:00:00+00:00,0.0011177206948887709
2018-12-10 00:00:00+00:00,-0.005056455052091322
2018-12-11 00:00:00+00:00,-0.0013368966903361844
2018-12-12 00:00:00+00:00,0.0003874695344455249
2018-12-13 00:00:00+00:00,-0.0012535200077682385
2018-12-14 00:00:00+00:00,0.0008629419275305028
2018-12-16 00:00:00+00:00,6.175211985378768e-05
2018-12-17 00:00:00+00:00,0.002438356100534253
2018-12-18 00:00:00+00:00,0.0014002995577535038
2018-12-19 00:00:00+00:00,0.0005154776611534517
2018-12-20 00:00:00+00:00,0.005471481570448633
2018-12-21 00:00:00+00:00,-0.0028034806142023297
2018-12-23 00:00:00+00:00,0.0018709402046481994
2018-12-24 00:00:00+00:00,0.0031228660579090805
2018-12-26 00:00:00+00:00,-0.0038598494115088533
2018-12-27 00:00:00+00:00,0.0037815593292805983
2018-12-28 00:00:00+00:00,0.004852307793179991
2018-12-30 00:00:00+00:00,-0.0006655916849568099
2018-12-31 00:00:00+00:00,0.004439490315556984
2019-01-02 00:00:00+00:00,0.011007729327085072
2019-01-03 00:00:00+00:00,0.001538080886691575
2019-01-04 00:00:00+00:00,-0.0031882148414907863
2019-01-06 00:00:00+00:00,-0.0003677667407916048
2019-01-07 00:00:00+00:00,0.0013487693643174615
2019-01-08 00:00:00+00:00,-0.002119186806654492
2019-01-09 00:00:00+00:00,0.005546929562270788
2019-01-10 00:00:00+00:00,-0.002479963398838523
2019-01-11 00:00:00+00:00,-0.0014482509163547296
2019-01-13 00:00:00+00:00,0.0006134103190839314
2019-01-14 00:00:00+00:00,0.002224657994326109
2019-01-15 00:00:00+00:00,-0.0027219198914625077
2019-01-16 00:00:00+00:00,-0.000573262208299261
2019-01-17 00:00:00+00:00,0.00013136029226411473
2019-01-18 00:00:00+00:00,-0.001380388217346016
2019-01-20 00:00:00+00:00,-9.577703047034306e-05
2019-01-21 00:00:00+00:00,-2.7611465247796117e-05
2019-01-22 00:00:00+00:00,0.00038021343226566956
2019-01-23 00:00:00+00:00,0.0006087550421356221
2019-01-24 00:00:00+00:00,-0.0006148553748622238
2019-01-25 00:00:00+00:00,-0.000255174864045635
2019-01-27 00:00:00+00:00,0.0005863989718127604
2019-01-28 00:00:00+00:00,-0.0007319409933922074
2019-01-29 00:00:00+00:00,0.0007642391015842964
2019-01-30 00:00:00+00:00,-0.0020516147899036774
2019-01-31 00:00:00+00:00,-0.0006102205052442855
2019-02-01 00:00:00+00:00,0.0030915806107824073
2019-02-03 00:00:00+00:00,-0.0006483737202278485
2019-02-04 00:00:00+00:00,0.002387057843374783
2019-02-05 00:00:00+00:00,-0.00015913286230007095
2019-02-06 00:00:00+00:00,0.0033367148518691873
2019-02-07 00:00:00+00:00,-0.0024638369728399723
2019-02-08 00:00:00+00:00,-5.054499602125965e-05
2019-02-10 00:00:00+00:00,0.000296127562642412
2019-02-11 00:00:00+00:00,-0.002631651251498723
2019-02-12 00:00:00+00:00,-0.0005254051507822544
2019-02-13 00:00:00+00:00,-0.0019139059064131603
2019-02-14 00:00:00+00:00,-0.001802971250042414
2019-02-15 00:00:00+00:00,-0.00033926826620345185
2019-02-17 00:00:00+00:00,0.0004798247281747603
2019-02-18 00:00:00+00:00,0.00013114694789395642
2019-02-19 00:00:00+00:00,-5.87745949074403e-05
2019-02-20 00:00:00+00:00,0.000773202868537437
2019-02-21 00:00:00+00:00,-0.00020767494356660476
2019-02-22 00:00:00+00:00,-9.936406995225688e-05
2019-02-24 00:00:00+00:00,0.0004020527276341612
2019-02-25 00:00:00+00:00,0.0012097029005786464
2019-02-26 00:00:00+00:00,-0.0028610628346249067
2019-02-27 00:00:00+00:00,0.0013697217590354924
2019-02-28 00:00:00+00:00,0.0022280152623556093
2019-03-01 00:00:00+00:00,0.002532441291365428
2019-03-03 00:00:00+00:00,-0.000698220348815156
2019-03-04 00:00:00+00:00,0.0024177111192462686
2019-03-05 00:00:00+00:00,9.41821671900378e-05
2019-03-06 00:00:00+00:00,-0.0007660335146301711
2019-03-07 00:00:00+00:00,0.0004933142988930994
2019-03-08 00:00:00+00:00,-0.002133411660988526
2019-03-10 00:00:00+00:00,-0.0003688211217559578
2019-03-11 00:00:00+00:00,-0.0011297557557196903
2019-03-12 00:00:00+00:00,8.084001760516601e-05
2019-03-13 00:00:00+00:00,-0.0004761473436486414
2019-03-14 00:00:00+00:00,0.0024368312202139863
2019-03-15 00:00:00+00:00,0.0010097604070859697
2019-03-17 00:00:00+00:00,-0.0003958529759707751
2019-03-18 00:00:00+00:00,-0.000766485844714577
2019-03-19 00:00:00+00:00,0.0007934492580933784
2019-03-20 00:00:00+00:00,-0.003432282465605494
2019-03-21 00:00:00+00:00,-0.0020047395788034003
2019-03-22 00:00:00+00:00,-0.002299856005916843
2019-03-24 00:00:00+00:00,0.0007190690096729004
2019-03-25 00:00:00+00:00,-0.00014079133815353417
2019-03-26 00:00:00+00:00,0.002303268187641372
2019-03-27 00:00:00+00:00,0.00030297237678671493
2019-03-28 00:00:00+00:00,-0.0005972958786584215
2019-03-29 00:00:00+00:00,-0.0010033444816054393
2019-03-31 00:00:00+00:00,-0.0006044094829141811
2019-04-01 00:00:00+00:00,-0.0020858486655974673
2019-04-02 00:00:00+00:00,0.0022232751143165625
2019-04-03 00:00:00+00:00,0.00033008603271651
2019-04-04 00:00:00+00:00,0.0012025125209288135
2019-04-05 00:00:00+00:00,-0.00010738474765456855
2019-04-07 00:00:00+00:00,-3.369856218501959e-05
2019-04-08 00:00:00+00:00,-0.0011726687613574094
2019-04-09 00:00:00+00:00,-0.0016150885158233708
2019-04-10 00:00:00+00:00,-0.00046809315053697453
2019-04-11 00:00:00+00:00,0.0029643645537685837
2019-04-12 00:00:00+00:00,0.0016794604229553034
2019-04-14 00:00:00+00:00,7.141709368141402e-05
2019-04-15 00:00:00+00:00,0.00013506390626551407
2019-04-16 00:00:00+00:00,0.004764583434490988
2019-04-17 00:00:00+00:00,0.0011271738027858191
2019-04-18 00:00:00+00:00,-0.0007712849012741496
2019-04-19 00:00:00+00:00,-0.0004196953190577779
2019-04-21 00:00:00+00:00,7.149751546131622e-05
2019-04-22 00:00:00+00:00,0.0004918232911488851
2019-04-23 00:00:00+00:00,0.0010287692749347266
2019-04-24 00:00:00+00:00,-0.00021994132526570453
2019-04-25 00:00:00+00:00,-0.004124271344938091
2019-04-26 00:00:00+00:00,-0.002781257417186489
2019-04-28 00:00:00+00:00,0.00021567249156090318
2019-04-29 00:00:00+00:00,0.002486591064359611
2019-04-30 00:00:00+00:00,-0.002349877128882294
2019-05-01 00:00:00+00:00,0.002607958033804869
2019-05-02 00:00:00+00:00,0.00018819830189727486
2019-05-03 00:00:00+00:00,-0.005066221674739105
2019-05-05 00:00:00+00:00,-0.004125180520166916
2019-05-06 00:00:00+00:00,0.001281904427804681
2019-05-07 00:00:00+00:00,-0.003168803950920507
2019-05-08 00:00:00+00:00,0.00027452201499633677
2019-05-09 00:00:00+00:00,-0.0009414466603792749
2019-05-10 00:00:00+00:00,-0.0005872665763478785
2019-05-12 00:00:00+00:00,0.0014051586146682227
2019-05-13 00:00:00+00:00,0.0022117235026403725
2019-05-14 00:00:00+00:00,-0.002368126935268111
2019-05-15 00:00:00+00:00,0.0009345794392523477
2019-05-16 00:00:00+00:00,-0.0018726591760299671
2019-05-17 00:00:00+00:00,-0.0008281761922096509
2019-05-19 00:00:00+00:00,-0.00048154676455092194
2019-05-20 00:00:00+00:00,0.00015096573636277124
2019-05-21 00:00:00+00:00,-0.003355463008350188
2019-05-22 00:00:00+00:00,0.0013415405144480942
2019-05-23 00:00:00+00:00,0.002988742368549261
2019-05-24 00:00:00+00:00,0.0011866510880678138
2019-05-26 00:00:00+00:00,-0.0004803645280533342
2019-05-27 00:00:00+00:00,-0.00023235915753453475
2019-05-28 00:00:00+00:00,-0.0016324949125853562
2019-05-29 00:00:00+00:00,-0.0009608696240720993
2019-05-30 00:00:00+00:00,0.0010314077346452732
2019-05-31 00:00:00+00:00,0.004783551169363298
2019-06-02 00:00:00+00:00,0.0003001283625920781
2019-06-03 00:00:00+00:00,0.00086396481306944
2019-06-04 00:00:00+00:00,-0.00102281667977977
2019-06-05 00:00:00+00:00,0.0017026698281480289
2019-06-06 00:00:00+00:00,0.0002562793299274136
2019-06-07 00:00:00+00:00,0.0012122105464981128
2019-06-09 00:00:00+00:00,-0.0034761785966656157
2019-06-10 00:00:00+00:00,-0.0018021238104040417
2019-06-11 00:00:00+00:00,-0.0011996180775209785
2019-06-12 00:00:00+00:00,0.002031050874942566
2019-06-13 00:00:00+00:00,0.00478976120381305
2019-06-14 00:00:00+00:00,-0.002327665721926029
2019-06-16 00:00:00+00:00,-0.001183373229128568
2019-06-17 00:00:00+00:00,0.0004776308902187077
2019-06-18 00:00:00+00:00,0.001916216695943853
2019-06-19 00:00:00+00:00,0.002368090486581129
2019-06-20 00:00:00+00:00,0.0037180789741874335
2019-06-21 00:00:00+00:00,0.0030558545552334076
2019-06-23 00:00:00+00:00,0.0024878631774279646
2019-06-24 00:00:00+00:00,0.006598823845237214
2019-06-25 00:00:00+00:00,-0.0032368493437376113
2019-06-26 00:00:00+00:00,-9.876577133719269e-05
2019-06-27 00:00:00+00:00,7.862640919117598e-05
2019-06-28 00:00:00+00:00,0.00018346298545976144
2019-06-30 00:00:00+00:00,-0.0041742637390752325
2019-07-01 00:00:00+00:00,-0.002460406921013101
2019-07-02 00:00:00+00:00,0.013920359882893665
2019-07-03 00:00:00+00:00,-0.0003206764416216736
2019-07-04 00:00:00+00:00,0.00022734021230785828
2019-07-05 00:00:00+00:00,0.0030282793993526846
2019-07-07 00:00:00+00:00,7.3753111459407e-05
2019-07-08 00:00:00+00:00,0.0010876979518094076
2019-07-09 00:00:00+00:00,0.000956568127885804
2019-07-10 00:00:00+00:00,0.006747185709357237
2019-07-11 00:00:00+00:00,-0.005237557049479844
2019-07-12 00:00:00+00:00,0.0007961811977875398
2019-07-14 00:00:00+00:00,-0.00035297411349432487
2019-07-15 00:00:00+00:00,0.0003524098340892401
2019-07-16 00:00:00+00:00,0.004933862467414157
2019-07-17 00:00:00+00:00,-0.008133435440391135
2019-07-18 00:00:00+00:00,-0.008866968363296812
2019-07-19 00:00:00+00:00,0.007539260423015337
2019-07-21 00:00:00+00:00,-0.0003782363994541694
2019-07-22 00:00:00+00:00,0.00031010117824745045
2019-07-23 00:00:00+00:00,0.0038293155390379265
2019-07-24 00:00:00+00:00,-0.003117017215771567
2019-07-25 00:00:00+00:00,0.005845564396805725
2019-07-26 00:00:00+00:00,-0.001183000540145371
2019-07-28 00:00:00+00:00,-0.000786817475880705
2019-07-29 00:00:00+00:00,-0.0005398108816286884
2019-07-30 00:00:00+00:00,-0.0009128567781830574
2019-07-31 00:00:00+00:00,0.005330663321244267
2019-08-01 00:00:00+00:00,-0.0028658819486969134
2019-08-02 00:00:00+00:00,0.003974124830933573
2019-08-04 00:00:00+00:00,6.098705197976617e-05
2019-08-05 00:00:00+00:00,0.0045135923878874
2019-08-06 00:00:00+00:00,-0.003394725628521389
2019-08-07 00:00:00+00:00,0.0010016741596283185
2019-08-08 00:00:00+00:00,0.0010602305176751758
2019-08-09 00:00:00+00:00,0.0010058176872803637
2019-08-11 00:00:00+00:00,0.001357988473658811
2019-08-12 00:00:00+00:00,1.8978213011500156e-05
2019-08-13 00:00:00+00:00,-0.0057933194154489165
2019-08-14 00:00:00+00:00,0.0032363673886736666
2019-08-15 00:00:00+00:00,-0.0008497700899812166
2019-08-16 00:00:00+00:00,-0.0012489278072598253
2019-08-18 00:00:00+00:00,-0.0003478882244537518
2019-08-19 00:00:00+00:00,-0.000624823827868104
2019-08-20 00:00:00+00:00,0.0013747736081003992
2019-08-21 00:00:00+00:00,-0.0015432389197327367
2019-08-22 00:00:00+00:00,0.0005675528621549852
2019-08-23 00:00:00+00:00,0.0050621260929590295
2019-08-25 00:00:00+00:00,0.0026186206700253845
2019-08-26 00:00:00+00:00,-0.011509020137957284
2019-08-27 00:00:00+00:00,0.005850715647273987
2019-08-28 00:00:00+00:00,-0.0032041256104720396
2019-08-29 00:00:00+00:00,-0.0050771623948766866
2019-08-30 00:00:00+00:00,0.0008516988588153291
2019-09-01 00:00:00+00:00,0.0006116841075058388
2019-09-02 00:00:00+00:00,0.00024499165745766075
2019-09-03 00:00:00+00:00,-0.001624400855046948
2019-09-04 00:00:00+00:00,-0.002338106886354908
2019-09-05 00:00:00+00:00,-0.0034513241047245957
2019-09-06 00:00:00+00:00,0.0007518445876528723
2019-09-08 00:00:00+00:00,0.00012628602589391432
2019-09-09 00:00:00+00:00,0.0018374274146040204
2019-09-10 00:00:00+00:00,0.004288574685143427
2019-09-11 00:00:00+00:00,-8.704285188187999e-05
2019-09-12 00:00:00+00:00,-0.0008076979642200888
2019-09-13 00:00:00+00:00,0.0025823315623081933
2019-09-15 00:00:00+00:00,-0.007373503639650225
2019-09-16 00:00:00+00:00,0.0017918711278203316
2019-09-17 00:00:00+00:00,-0.0012245281127474467
2019-09-18 00:00:00+00:00,0.0047686718455627886
2019-09-19 00:00:00+00:00,-0.004545011239073082
2019-09-20 00:00:00+00:00,-0.007956399061808062
2019-09-22 00:00:00+00:00,0.0011340934929507385
2019-09-23 00:00:00+00:00,-0.0023860375767495445
2019-09-24 00:00:00+00:00,-0.00202469445220101
2019-09-25 00:00:00+00:00,0.002514837072151055
2019-09-26 00:00:00+00:00,0.00020890782986549006
2019-09-27 00:00:00+00:00,0.004086454021844517
2019-09-29 00:00:00+00:00,0.00029124098811261767
2019-09-30 00:00:00+00:00,0.008083964530832266
2019-10-01 00:00:00+00:00,-0.004116941504533289
2019-10-02 00:00:00+00:00,-0.008948982561121033
2019-10-03 00:00:00+00:00,-0.004340312101047961
2019-10-04 00:00:00+00:00,0.0003334758757816868
2019-10-06 00:00:00+00:00,0.0006547480042270324
2019-10-07 00:00:00+00:00,-0.0023136656144328027
2019-10-08 00:00:00+00:00,0.0014498699312827101
2019-10-09 00:00:00+00:00,-0.0013231718720777552
2019-10-10 00:00:00+00:00,-0.0029937606670210615
2019-10-11 00:00:00+00:00,-0.002456774672043749
2019-10-13 00:00:00+00:00,-0.0003644079523963395
2019-10-14 00:00:00+00:00,0.002474806220646769
2019-10-15 00:00:00+00:00,-0.0018770276471228495
2019-10-16 00:00:00+00:00,0.003154841814424537
2019-10-17 00:00:00+00:00,-0.0004918151190253836
2019-10-18 00:00:00+00:00,-0.0009070983902456642
2019-10-20 00:00:00+00:00,6.458100764816788e-05
2019-10-21 00:00:00+00:00,0.0009132420091323423
2019-10-22 00:00:00+00:00,-0.0005432630774471758
2019-10-23 00:00:00+00:00,0.0006913398165645512
2019-10-24 00:00:00+00:00,-0.00011506420582685362
2019-10-25 00:00:00+00:00,0.00019795598931959812
2019-10-27 00:00:00+00:00,0.00037734807138323223
2019-10-28 00:00:00+00:00,0.0011081988320228442
2019-10-29 00:00:00+00:00,-0.0004725811187784035
2019-10-30 00:00:00+00:00,-0.0003628080423980773
2019-10-31 00:00:00+00:00,-0.0036582899792267365
2019-11-01 00:00:00+00:00,0.0008009407581621719
2019-11-03 00:00:00+00:00,0.00018489243882369166
2019-11-04 00:00:00+00:00,0.002254853942759927
2019-11-05 00:00:00+00:00,0.0020285375210443712
2019-11-06 00:00:00+00:00,-0.001044529961517271
2019-11-07 00:00:00+00:00,0.0016205744086968954
2019-11-08 00:00:00+00:00,-0.00025168169130102003
2019-11-10 00:00:00+00:00,-5.036168849004152e-05
2019-11-11 00:00:00+00:00,0.0010772032302927468
2019-11-12 00:00:00+00:00,-0.0011383847808267844
2019-11-13 00:00:00+00:00,-0.0026957956610501044
2019-11-14 00:00:00+00:00,-0.0033398966527112273
2019-11-15 00:00:00+00:00,0.0022920974646662984
2019-11-17 00:00:00+00:00,-0.0012849520573530726
2019-11-18 00:00:00+00:00,-0.0010646357360326042
2019-11-19 00:00:00+00:00,-0.001867283379284712
2019-11-20 00:00:00+00:00,-1.3638976426335447e-05
2019-11-21 00:00:00+00:00,0.0004886323824977445
2019-11-22 00:00:00+00:00,0.0002671038573480722
2019-11-24 00:00:00+00:00,0.00040964742704596713
2019-11-25 00:00:00+00:00,0.0012325352514279686
2019-11-26 00:00:00+00:00,-0.00183403469954826
2019-11-27 00:00:00+00:00,0.0024836071950893324
2019-11-28 00:00:00+00:00,0.0009611612275294279
2019-11-29 00:00:00+00:00,-0.00034270435600048066
2019-12-01 00:00:00+00:00,0.0004020431099861499
2019-12-02 00:00:00+00:00,0.002300610746489859
2019-12-03 00:00:00+00:00,0.0016740354803793656
2019-12-04 00:00:00+00:00,0.00029791743999770296
2019-12-05 00:00:00+00:00,0.0005064473488720799
2019-12-06 00:00:00+00:00,-0.004517950870690821
2019-12-08 00:00:00+00:00,-0.0006557478508142122
2019-12-09 00:00:00+00:00,5.4367029900806755e-05
2019-12-10 00:00:00+00:00,0.0008104182246438712
2019-12-11 00:00:00+00:00,0.0025388188638343382
2019-12-12 00:00:00+00:00,0.000637744285435473
2019-12-13 00:00:00+00:00,0.004114817146882523
2019-12-15 00:00:00+00:00,0.000132616921219669
2019-12-16 00:00:00+00:00,0.0009097059684025632
2019-12-17 00:00:00+00:00,-0.0002920374172941109
2019-12-18 00:00:00+00:00,0.00014610404434267643
2019-12-19 00:00:00+00:00,-0.0007576933259085816
2019-12-20 00:00:00+00:00,0.0004251350832441547
2019-12-22 00:00:00+00:00,0.00010048415090890828
2019-12-23 00:00:00+00:00,-0.0005068863478610575
2019-12-24 00:00:00+00:00,0.00010056591181284436
2019-12-26 00:00:00+00:00,0.0005438607716424793
2019-12-27 00:00:00+00:00,-0.00044739869615234573
2019-12-29 00:00:00+00:00,2.284690744258633e-05
2019-12-30 00:00:00+00:00,-0.002572444233247151
2019-12-31 00:00:00+00:00,-0.0013089486157293884
2020-01-02 00:00:00+00:00,-0.00020261371694862973
2020-01-03 00:00:00+00:00,-0.00204999216856927
2020-01-05 00:00:00+00:00,-0.000652222181105
2020-01-06 00:00:00+00:00,0.00022741255297600588
2020-01-07 00:00:00+00:00,0.008029865865336296
2020-01-08 00:00:00+00:00,-0.004882615137303199
2020-01-09 00:00:00+00:00,0.00023520812020980195
2020-01-10 00:00:00+00:00,-0.0025779565265121643
2020-01-12 00:00:00+00:00,0.00013308798377109632
2020-01-13 00:00:00+00:00,-0.0020664670001896376
2020-01-14 00:00:00+00:00,0.0006636846316095957
2020-01-15 00:00:00+00:00,0.0019458722065704248
2020-01-16 00:00:00+00:00,-6.636389866765445e-05
2020-01-17 00:00:00+00:00,0.001403695365837423
2020-01-19 00:00:00+00:00,3.0532055167256165e-05
2020-01-20 00:00:00+00:00,0.001208765795623481
2020-01-21 00:00:00+00:00,-0.0027778324027553404
2020-01-22 00:00:00+00:00,-0.0008266149306981579
2020-01-23 00:00:00+00:00,-0.000806517757060421
2020-01-24 00:00:00+00:00,-0.0012277050586925187
2020-01-26 00:00:00+00:00,-0.002241844717939312
2020-01-27 00:00:00+00:00,0.0006020497265499802
2020-01-28 00:00:00+00:00,0.0009410058204653016
2020-01-29 00:00:00+00:00,0.0006505503917870668
2020-01-30 00:00:00+00:00,0.0004725551008423201
2020-01-31 00:00:00+00:00,-0.0024616049756177832
2020-02-02 00:00:00+00:00,-0.0001384310419551139
2020-02-03 00:00:00+00:00,0.001079726177389747
2020-02-04 00:00:00+00:00,-0.011771471941834226
2020-02-05 00:00:00+00:00,-0.0017164812569675982
2020-02-06 00:00:00+00:00,-0.0006830103453300262
2020-02-07 00:00:00+00:00,0.0008639662416559113
2020-02-09 00:00:00+00:00,0.000710589607171519
2020-02-10 00:00:00+00:00,-0.0006933547421814623
2020-02-11 00:00:00+00:00,-0.0003370868408585359
2020-02-12 00:00:00+00:00,-0.00010469964857340308
2020-02-13 00:00:00+00:00,0.00046877417827984047
2020-02-14 00:00:00+00:00,-9.110953187929649e-05
2020-02-16 00:00:00+00:00,-5.465575980612147e-05
2020-02-17 00:00:00+00:00,-0.00018672010201292721
2020-02-18 00:00:00+00:00,-0.00035964345221295435
2020-02-19 00:00:00+00:00,-0.005827495223364565
2020-02-20 00:00:00+00:00,-0.0034804975222815226
2020-02-21 00:00:00+00:00,-0.0018935657040459217
2020-02-23 00:00:00+00:00,-3.585900240254958e-05
2020-02-24 00:00:00+00:00,-0.003128922359691644
2020-02-25 00:00:00+00:00,-0.00255318381119074
2020-02-26 00:00:00+00:00,0.00039899887554861735
2020-02-27 00:00:00+00:00,0.003370447067704081
2020-02-28 00:00:00+00:00,0.007166120806838594
2020-03-01 00:00:00+00:00,0.0017308083893300408
2020-03-02 00:00:00+00:00,-0.001711694025280939
2020-03-03 00:00:00+00:00,0.023476296602846027
2020-03-04 00:00:00+00:00,-0.005820016908759749
2020-03-05 00:00:00+00:00,0.01814523601974768
2020-03-06 00:00:00+00:00,0.004163783429000114
2020-03-08 00:00:00+00:00,0.014236392411946599
2020-03-09 00:00:00+00:00,-0.005840679216060383
2020-03-10 00:00:00+00:00,-0.013854515631196915
2020-03-11 00:00:00+00:00,-0.0003002582746974049
2020-03-12 00:00:00+00:00,-0.02101847460702869
2020-03-13 00:00:00+00:00,-0.029945432902740075
2020-03-15 00:00:00+00:00,0.015014777596294628
2020-03-16 00:00:00+00:00,-0.014888232731569116
2020-03-17 00:00:00+00:00,0.004548760912977814
2020-03-18 00:00:00+00:00,-0.017566204358803714
2020-03-19 00:00:00+00:00,-0.013625213776504611
2020-03-20 00:00:00+00:00,0.0021516292190350006
2020-03-22 00:00:00+00:00,0.002007542947885077
2020-03-23 00:00:00+00:00,-0.0019205160027901957
2020-03-24 00:00:00+00:00,-0.001421339036738245
2020-03-25 00:00:00+00:00,0.0013183233446718567
2020-03-26 00:00:00+00:00,0.007687241164635039
2020-03-27 00:00:00+00:00,0.00541560904984012
2020-03-29 00:00:00+00:00,0.0022927918330292174
2020-03-30 00:00:00+00:00,-0.002875702639318023
2020-03-31 00:00:00+00:00,0.002600166558711925
2020-04-01 00:00:00+00:00,0.0010045764036164528
2020-04-02 00:00:00+00:00,-0.003434552436341942
2020-04-03 00:00:00+00:00,-0.0032967531434981764
2020-04-05 00:00:00+00:00,-0.0011564773694057308
2020-04-06 00:00:00+00:00,-0.0018948627144368402
2020-04-07 00:00:00+00:00,0.0020893087870095806
2020-04-08 00:00:00+00:00,0.0011779448985532737
2020-04-09 00:00:00+00:00,-0.0017992545945251237
2020-04-10 00:00:00+00:00,-0.0005297488529785732
2020-04-12 00:00:00+00:00,-0.0015937838805153539
2020-04-13 00:00:00+00:00,0.005548216341548411
2020-04-14 00:00:00+00:00,-4.390543462704302e-05
2020-04-15 00:00:00+00:00,-0.0005886123509802645
2020-04-16 00:00:00+00:00,0.001248616416443551
2020-04-17 00:00:00+00:00,-0.01123956724317252
2020-04-19 00:00:00+00:00,-0.0016176974979853244
2020-04-20 00:00:00+00:00,0.004356072870521501
2020-04-21 00:00:00+00:00,-0.0008556081365257184
2020-04-22 00:00:00+00:00,0.0004725929146760997
2020-04-23 00:00:00+00:00,0.0007743438934533123
2020-04-24 00:00:00+00:00,-0.0009150178541232127
2020-04-26 00:00:00+00:00,0.0002000688609102852
2020-04-27 00:00:00+00:00,-0.000990642382750706
2020-04-28 00:00:00+00:00,-0.0025071533091627907
2020-04-29 00:00:00+00:00,-0.0006838087209030119
2020-04-30 00:00:00+00:00,0.0031517038899155914
2020-05-01 00:00:00+00:00,-0.002069331941350283
2020-05-03 00:00:00+00:00,-0.0008516087719415424
2020-05-04 00:00:00+00:00,0.0010002506062583817
2020-05-05 00:00:00+00:00,-0.0011658842710482208
2020-05-06 00:00:00+00:00,-0.005341053489196088
2020-05-07 00:00:00+00:00,0.000696569283344975
2020-05-08 00:00:00+00:00,0.0013067962808013256
2020-05-10 00:00:00+00:00,0.0012893243940175214
2020-05-11 00:00:00+00:00,0.005629436031244741
2020-05-12 00:00:00+00:00,-0.0019806124254438634
2020-05-13 00:00:00+00:00,-0.005807229198735814
2020-05-14 00:00:00+00:00,-0.0022023450831011315
2020-05-15 00:00:00+00:00,-0.004334095197744803
2020-05-17 00:00:00+00:00,-0.0036512660149988774
2020-05-18 00:00:00+00:00,0.0074594424891073485
2020-05-19 00:00:00+00:00,0.0020209533658381673
2020-05-20 00:00:00+00:00,-0.0010619452611272395
2020-05-21 00:00:00+00:00,0.00022306491188939237
2020-05-22 00:00:00+00:00,-0.0001393534002229746
2020-05-24 00:00:00+00:00,0.0006272651240590843
2020-05-25 00:00:00+00:00,0.0008826926956564242
2020-05-26 00:00:00+00:00,0.0031261162535553555
2020-05-27 00:00:00+00:00,0.0019741360533385155
2020-05-28 00:00:00+00:00,-0.003919802430173702
2020-05-29 00:00:00+00:00,0.0006593044222557266
2020-05-31 00:00:00+00:00,-0.00038500788570372535
2020-06-01 00:00:00+00:00,-0.0002815860490398346
2020-06-02 00:00:00+00:00,0.005880332278426219
2020-06-03 00:00:00+00:00,-0.006903434444601957
2020-06-04 00:00:00+00:00,0.004102888863537903
2020-06-05 00:00:00+00:00,0.001931626779333844
2020-06-07 00:00:00+00:00,0.0002144688928842342
2020-06-08 00:00:00+00:00,-0.005487137383689111
2020-06-09 00:00:00+00:00,-0.0028731656474538236
2020-06-10 00:00:00+00:00,-0.003696866244874475
2020-06-11 00:00:00+00:00,-0.000925259586717353
2020-06-12 00:00:00+00:00,0.0025983389357577824
2020-06-14 00:00:00+00:00,0.00028723886216173956
2020-06-15 00:00:00+00:00,0.0007358359454547614
2020-06-16 00:00:00+00:00,-0.00040006698796074547
2020-06-17 00:00:00+00:00,-0.0024302581101717236
2020-06-18 00:00:00+00:00,0.0005707655744147111
2020-06-19 00:00:00+00:00,-0.0007804030057198541
2020-06-21 00:00:00+00:00,0.0015077465512219866
2020-06-22 00:00:00+00:00,0.0002975856615092823
2020-06-23 00:00:00+00:00,0.0014914174427123742
2020-06-24 00:00:00+00:00,0.0028314059302814677
2020-06-25 00:00:00+00:00,0.0006166725842319254
2020-06-26 00:00:00+00:00,0.0001539782377424359
2020-06-28 00:00:00+00:00,-0.00022762387491570354
2020-06-29 00:00:00+00:00,-0.001694438814655422
2020-06-30 00:00:00+00:00,-0.0018775677132711888
2020-07-01 00:00:00+00:00,0.0028474858783220647
2020-07-02 00:00:00+00:00,-0.0005587892898719637
2020-07-03 00:00:00+00:00,9.302758267831779e-05
2020-07-05 00:00:00+00:00,-0.0004884856943475624
2020-07-06 00:00:00+00:00,0.001027142591559782
2020-07-07 00:00:00+00:00,-0.003464079618677001
2020-07-08 00:00:00+00:00,0.0025710251273179142
2020-07-09 00:00:00+00:00,-0.0017373396143099162
2020-07-10 00:00:00+00:00,-0.0030129257738998085
2020-07-12 00:00:00+00:00,0.00023171303807897556
2020-07-13 00:00:00+00:00,-0.0011318377962396297
2020-07-14 00:00:00+00:00,0.002010648830274766
2020-07-15 00:00:00+00:00,-0.0008030942641725266
2020-07-16 00:00:00+00:00,-0.002237720956320719
2020-07-17 00:00:00+00:00,0.0018571367753791
2020-07-19 00:00:00+00:00,-2.6005548605411485e-06
2020-07-20 00:00:00+00:00,0.0029678005695943054
2020-07-21 00:00:00+00:00,0.0051145868646421365
2020-07-22 00:00:00+00:00,0.008665052263311459
2020-07-23 00:00:00+00:00,0.0022896894415931034
2020-07-24 00:00:00+00:00,0.0010872479693032865
2020-07-26 00:00:00+00:00,0.002338826630164572
2020-07-27 00:00:00+00:00,0.010264606039365267
2020-07-28 00:00:00+00:00,-0.003275086324462915
2020-07-29 00:00:00+00:00,0.002169398261928159
2020-07-30 00:00:00+00:00,-0.00404804331517453
2020-07-31 00:00:00+00:00,-0.001101762235055398
2020-08-02 00:00:00+00:00,0.0013206047384292897
2020-08-03 00:00:00+00:00,-0.002268022491966091
2020-08-04 00:00:00+00:00,0.015445158154580443
2020-08-05 00:00:00+00:00,0.001821023593617046
2020-08-06 00:00:00+00:00,0.008375085386760954
2020-08-07 00:00:00+00:00,-0.010069661312474368
2020-08-09 00:00:00+00:00,-0.0017061372866214765
2020-08-10 00:00:00+00:00,-0.0004051187413260137
2020-08-11 00:00:00+00:00,-0.03290346371598343
2020-08-12 00:00:00+00:00,0.002742273217632509
2020-08-13 00:00:00+00:00,0.0006969421961733137
2020-08-14 00:00:00+00:00,-0.001958163532358781
2020-08-16 00:00:00+00:00,-7.037693888467533e-05
2020-08-17 00:00:00+00:00,-0.002580851023893993
2020-08-18 00:00:00+00:00,-0.0036460888268367575
2020-08-19 00:00:00+00:00,0.00404823673632293
2020-08-20 00:00:00+00:00,-0.0019230225389553768
2020-08-21 00:00:00+00:00,0.0003832505322923785
2020-08-23 00:00:00+00:00,0.0005578879685312899
2020-08-24 00:00:00+00:00,0.0005761565634622157
2020-08-25 00:00:00+00:00,0.0018969346489774786
2020-08-26 00:00:00+00:00,-0.0024817998127079303
2020-08-27 00:00:00+00:00,0.0036837631056956255
2020-08-28 00:00:00+00:00,-0.00625879043600569
2020-08-30 00:00:00+00:00,0.0010492332526230719
2020-08-31 00:00:00+00:00,0.00217461340206182
2020-09-01 00:00:00+00:00,-0.0004717203641681489
2020-09-02 00:00:00+00:00,0.0014731573728693492
2020-09-03 00:00:00+00:00,-0.0005649345146741536
2020-09-04 00:00:00+00:00,0.0005608604258768857
2020-09-06 00:00:00+00:00,0.0006006953625226942
2020-09-07 00:00:00+00:00,-7.124622275039214e-05
2020-09-08 00:00:00+00:00,0.0015332787822762112
2020-09-09 00:00:00+00:00,-0.0012409172407285007
2020-09-10 00:00:00+00:00,0.000414183916485511
2020-09-11 00:00:00+00:00,0.0011067410155752978
2020-09-13 00:00:00+00:00,-0.0006155936597873816
2020-09-14 00:00:00+00:00,-0.0020116948880228905
2020-09-15 00:00:00+00:00,-0.0007158769149754651
2020-09-16 00:00:00+00:00,-0.0016273012883561203
2020-09-17 00:00:00+00:00,-0.0017418617932609681
2020-09-18 00:00:00+00:00,-0.0007498041912621378
2020-09-20 00:00:00+00:00,-3.348096846095272e-05
2020-09-21 00:00:00+00:00,0.0007605472113269007
2020-09-22 00:00:00+00:00,-0.001720946610198695
2020-09-23 00:00:00+00:00,0.0011789387495255374
2020-09-24 00:00:00+00:00,0.0006124948958758925
2020-09-25 00:00:00+00:00,0.0004979323950073944
2020-09-27 00:00:00+00:00,-0.0002131767922947189
2020-09-28 00:00:00+00:00,-0.004799419711184225
2020-09-29 00:00:00+00:00,-0.004866364643872689
2020-09-30 00:00:00+00:00,-0.0011095992830519085
2020-10-01 00:00:00+00:00,0.00046467960815177456
2020-10-02 00:00:00+00:00,-0.0013358977517125004
2020-10-04 00:00:00+00:00,-0.0012064119007854342
2020-10-05 00:00:00+00:00,-0.0009145792461592306
2020-10-06 00:00:00+00:00,0.008814080986818634
2020-10-07 00:00:00+00:00,-0.003377375754968326
2020-10-08 00:00:00+00:00,-0.0019350656375569405
2020-10-09 00:00:00+00:00,-0.007160346984042807
2020-10-11 00:00:00+00:00,0.00043560709759464414
2020-10-12 00:00:00+00:00,-0.001373447782155971
2020-10-13 00:00:00+00:00,0.008826623467108979
2020-10-14 00:00:00+00:00,-0.0028286701544068538
2020-10-15 00:00:00+00:00,-0.0011231840395500292
2020-10-16 00:00:00+00:00,-3.885732765052891e-05
2020-10-18 00:00:00+00:00,0.000360695572936387
2020-10-19 00:00:00+00:00,0.00013753462078380796
2020-10-20 00:00:00+00:00,8.534284115802038e-05
2020-10-21 00:00:00+00:00,-0.0037734060203839515
2020-10-22 00:00:00+00:00,0.0010651611115887194
2020-10-23 00:00:00+00:00,-0.0011772892795180456
2020-10-25 00:00:00+00:00,-0.0001958721230602389
2020-10-26 00:00:00+00:00,0.0006352467084428195
2020-10-27 00:00:00+00:00,-0.0013593566665712764
2020-10-28 00:00:00+00:00,-0.0010952326293235393
2020-10-29 00:00:00+00:00,0.0011503618846762098
2020-10-30 00:00:00+00:00,0.00019128688250202863
2020-11-01 00:00:00+00:00,0.0005144816110526117
2020-11-02 00:00:00+00:00,-0.005393371295782101
2020-11-03 00:00:00+00:00,-0.00435608781888025
2020-11-04 00:00:00+00:00,0.003014789398293638
2020-11-05 00:00:00+00:00,-0.006856213353295504
2020-11-06 00:00:00+00:00,-0.0013368554564677818
2020-11-08 00:00:00+00:00,-0.0004016375197189448
2020-11-09 00:00:00+00:00,0.009085273720506826
2020-11-10 00:00:00+00:00,0.0006278538812785062
2020-11-11 00:00:00+00:00,0.000660319993919356
2020-11-12 00:00:00+00:00,-0.0014469926274540135
2020-11-13 00:00:00+00:00,-0.002478922025769381
2020-11-15 00:00:00+00:00,0.0004303543250609998
2020-11-16 00:00:00+00:00,-0.0005112832467638112
2020-11-17 00:00:00+00:00,-0.0017326393611827129
2020-11-18 00:00:00+00:00,-0.0013488474794312588
2020-11-19 00:00:00+00:00,-0.0004379969580871057
2020-11-20 00:00:00+00:00,4.817373375343159e-05
2020-11-22 00:00:00+00:00,2.408454639157842e-05
2020-11-23 00:00:00+00:00,0.003429474211509964
2020-11-24 00:00:00+00:00,-0.0074030068040286424
2020-11-25 00:00:00+00:00,-0.0008675942360958676
2020-11-26 00:00:00+00:00,-0.0007347130493339314
2020-11-27 00:00:00+00:00,-0.0011943247987874495
2020-11-29 00:00:00+00:00,0.00011682901702819953
2020-11-30 00:00:00+00:00,0.0010923468540174688
2020-12-01 00:00:00+00:00,-2.3970928058503205e-05
2020-12-02 00:00:00+00:00,0.0007143679042651563
2020-12-03 00:00:00+00:00,-0.0029491463753267277
2020-12-04 00:00:00+00:00,0.001268766713144301
2020-12-06 00:00:00+00:00,-0.0008791525921112741
2020-12-07 00:00:00+00:00,-0.0009752314754931991
2020-12-08 00:00:00+00:00,0.0006298319166121447
2020-12-09 00:00:00+00:00,0.0007106706233733773
2020-12-10 00:00:00+00:00,-0.000517861424118915
2020-12-11 00:00:00+00:00,-0.0009263970355294915
2020-12-13 00:00:00+00:00,-0.00010098678515785275
2020-12-14 00:00:00+00:00,0.00020682423787665716
2020-12-15 00:00:00+00:00,-0.0017356436786029605
2020-12-16 00:00:00+00:00,-0.0008394847300622899
2020-12-17 00:00:00+00:00,-0.0015754728835019605
2020-12-18 00:00:00+00:00,0.000552673680127902
2020-12-20 00:00:00+00:00,0.0010557002973394791
2020-12-21 00:00:00+00:00,-0.0006765442121642873
2020-12-22 00:00:00+00:00,0.0007984360331763085
2020-12-23 00:00:00+00:00,0.00014493873922627465
2020-12-24 00:00:00+00:00,-0.0003525633163920244
2020-12-27 00:00:00+00:00,-0.0004392970956851513
2020-12-28 00:00:00+00:00,-0.003979728133548225
2020-12-29 00:00:00+00:00,0.0011164859230848557
2020-12-30 00:00:00+00:00,-0.002110919978355577
2020-12-31 00:00:00+00:00,0.00042157029178498394
2021-01-03 00:00:00+00:00,0.004755644167183961
2021-01-04 00:00:00+00:00,0.006850030811746257
2021-01-05 00:00:00+00:00,-0.0021913276622778787
2021-01-06 00:00:00+00:00,-0.0051896374490718175
2021-01-07 00:00:00+00:00,0.0037519035317291724
2021-01-08 00:00:00+00:00,0.0006696278025609681
2021-01-10 00:00:00+00:00,0.0007024093603263948
2021-01-11 00:00:00+00:00,0.00025943078963042154
2021-01-12 00:00:00+00:00,-0.0018822987092808607
2021-01-13 00:00:00+00:00,0.0031599792981126555
2021-01-14 00:00:00+00:00,0.00045868800920118025
2021-01-15 00:00:00+00:00,0.0054491065267533445
2021-01-17 00:00:00+00:00,0.004783565014603586
2021-01-18 00:00:00+00:00,-0.008368311942200946
2021-01-19 00:00:00+00:00,-7.065863466448885e-05
2021-01-20 00:00:00+00:00,-0.009513819377729882
2021-01-21 00:00:00+00:00,-0.00013896906433763512
2021-01-22 00:00:00+00:00,0.004768180967702429
2021-01-24 00:00:00+00:00,0.00025442264585979595
2021-01-25 00:00:00+00:00,0.00024154832246019642
2021-01-26 00:00:00+00:00,0.00034885459374106587
2021-01-27 00:00:00+00:00,0.005636746623778832
2021-01-28 00:00:00+00:00,-0.0002539729884678543
2021-01-29 00:00:00+00:00,0.0008059924779555416
2021-01-31 00:00:00+00:00,-0.002075407656976558
2021-02-01 00:00:00+00:00,0.00031988255497195084
2021-02-02 00:00:00+00:00,0.006417182955044065
2021-02-03 00:00:00+00:00,0.00011257405762932538
2021-02-04 00:00:00+00:00,0.002686277911288825
2021-02-05 00:00:00+00:00,-0.0011794910661840907
2021-02-07 00:00:00+00:00,-0.0007123062635385133
2021-02-08 00:00:00+00:00,-0.004299315249983671
2021-02-09 00:00:00+00:00,-0.0045302370712154705
2021-02-10 00:00:00+00:00,-0.0014356180970305221
2021-02-11 00:00:00+00:00,0.0006101323831546865
2021-02-12 00:00:00+00:00,0.0007494892016268739
2021-02-14 00:00:00+00:00,0.000762667429334174
2021-02-15 00:00:00+00:00,0.0020488346145213793
2021-02-16 00:00:00+00:00,0.011834040778243626
2021-02-17 00:00:00+00:00,0.001608958033556096
2021-02-18 00:00:00+00:00,0.0009208279703854516
2021-02-19 00:00:00+00:00,-0.004717717281980005
2021-02-21 00:00:00+00:00,0.0008006770852579392
2021-02-22 00:00:00+00:00,-0.002467219076626203
2021-02-23 00:00:00+00:00,0.0013714938806609345
2021-02-24 00:00:00+00:00,0.0031249109542851317
2021-02-25 00:00:00+00:00,0.002019992259842729
2021-02-26 00:00:00+00:00,0.0006862901785295028
2021-02-28 00:00:00+00:00,-0.00021123785382343163
2021-03-01 00:00:00+00:00,0.0016765285996055423
2021-03-02 00:00:00+00:00,-0.0003697567094460563
2021-03-03 00:00:00+00:00,0.0014520178363998104
2021-03-04 00:00:00+00:00,0.00407255879990287
2021-03-05 00:00:00+00:00,4.253285048598011e-05
2021-03-07 00:00:00+00:00,-0.0022551215566927554
2021-03-08 00:00:00+00:00,0.004310047906119496
2021-03-09 00:00:00+00:00,-0.007651932639956338
2021-03-10 00:00:00+00:00,-0.002532764246563124
2021-03-11 00:00:00+00:00,0.0005628867593805431
2021-03-12 00:00:00+00:00,-0.0030896255051440225
2021-03-14 00:00:00+00:00,-0.00023661536811719897
2021-03-15 00:00:00+00:00,-0.0016045635935562075
2021-03-16 00:00:00+00:00,0.00017981698847907568
2021-03-17 00:00:00+00:00,-0.004259949985439326
2021-03-18 00:00:00+00:00,0.0036339751942549015
2021-03-19 00:00:00+00:00,-0.002583045908569781
2021-03-21 00:00:00+00:00,0.0019676679442236795
2021-03-22 00:00:00+00:00,-0.0007506926494645905
2021-03-23 00:00:00+00:00,0.004663341436641543
2021-03-24 00:00:00+00:00,-0.0009399742676000364
2021-03-25 00:00:00+00:00,0.0038605169653146976
2021-03-26 00:00:00+00:00,-0.0037255206703875015
2021-03-28 00:00:00+00:00,-0.00018086365887343137
2021-03-29 00:00:00+00:00,0.005297899635365366
2021-03-30 00:00:00+00:00,0.009831089328518929
2021-03-31 00:00:00+00:00,-0.004456291183262073
2021-04-01 00:00:00+00:00,-0.0072270344549792975
2021-04-02 00:00:00+00:00,0.0001898648343203746
2021-04-04 00:00:00+00:00,0.0006294747920310151
2021-04-05 00:00:00+00:00,-0.0025779484943604936
2021-04-06 00:00:00+00:00,-0.005815822659008152
2021-04-07 00:00:00+00:00,0.0021086003852508473
2021-04-08 00:00:00+00:00,-0.002616954529912749
2021-04-09 00:00:00+00:00,0.0014506210839225209
2021-04-11 00:00:00+00:00,0.00034503933392115993
2021-04-12 00:00:00+00:00,0.0043321663196908555
2021-04-13 00:00:00+00:00,-0.0021449524191672342
2021-04-14 00:00:00+00:00,0.00011972147484798285
2021-04-15 00:00:00+00:00,0.008682529233244612
2021-04-16 00:00:00+00:00,0.0039080239905788655
2021-04-18 00:00:00+00:00,-0.00031403563677570904
2021-04-19 00:00:00+00:00,-0.004201098656398148
2021-04-20 00:00:00+00:00,0.0013456190135900626
2021-04-21 00:00:00+00:00,0.004241020878864878
2021-04-22 00:00:00+00:00,-0.0027581951051141094
2021-04-23 00:00:00+00:00,-0.0011914410461048885
2021-04-25 00:00:00+00:00,-0.0008244559055046485
2021-04-26 00:00:00+00:00,-7.501182373062846e-05
2021-04-27 00:00:00+00:00,-0.003914861878540985
2021-04-28 00:00:00+00:00,0.00340283767777513
2021-04-29 00:00:00+00:00,-0.004893908083711571
2021-04-30 00:00:00+00:00,-0.003261179385261024
2021-05-02 00:00:00+00:00,0.00017134916893454485
2021-05-03 00:00:00+00:00,0.007463938758693025
2021-05-04 00:00:00+00:00,-0.005074456616322973
2021-05-05 00:00:00+00:00,0.0022906270222554335
2021-05-06 00:00:00+00:00,0.008957110169621887
2021-05-07 00:00:00+00:00,0.006566976126438775
2021-05-09 00:00:00+00:00,0.0013586181667551679
2021-05-10 00:00:00+00:00,-0.001374250628517568
2021-05-11 00:00:00+00:00,0.0005763031118231598
2021-05-12 00:00:00+00:00,-0.004350865573891083
2021-05-13 00:00:00+00:00,0.0006702535108517038
2021-05-14 00:00:00+00:00,0.0008263859085223535
2021-05-16 00:00:00+00:00,-0.00038872425273484
2021-05-17 00:00:00+00:00,0.0008179716131862524
2021-05-18 00:00:00+00:00,0.0017118585107745998
2021-05-19 00:00:00+00:00,-0.0018233759553203388
2021-05-20 00:00:00+00:00,0.0018396317075626278
2021-05-21 00:00:00+00:00,-0.00038582018941935026
2021-05-23 00:00:00+00:00,0.0001330971241841894
2021-05-24 00:00:00+00:00,0.0002984005729290695
2021-05-25 00:00:00+00:00,0.005690000743718067
2021-05-26 00:00:00+00:00,-0.0023504615080608728
2021-05-27 00:00:00+00:00,-0.002503311149274188
2021-05-28 00:00:00+00:00,0.0012947032496710387
2021-05-30 00:00:00+00:00,-0.0003477646025418306
2021-05-31 00:00:00+00:00,-0.0009218078164359906
2021-06-01 00:00:00+00:00,-5.658645484937957e-05
2021-06-02 00:00:00+00:00,-0.0004566501968162884
2021-06-03 00:00:00+00:00,-0.0031662606188351816
2021-06-04 00:00:00+00:00,0.008831560966370219
2021-06-06 00:00:00+00:00,0.0008934348808603881
2021-06-07 00:00:00+00:00,0.0007765279869913215
2021-06-08 00:00:00+00:00,-0.0005761057082488729
2021-06-09 00:00:00+00:00,-0.0006703764418552781
2021-06-10 00:00:00+00:00,0.0014935043853296047
2021-06-11 00:00:00+00:00,-0.004405372388472804
2021-06-13 00:00:00+00:00,0.00026232455594150456
2021-06-14 00:00:00+00:00,0.0014856809522941772
2021-06-15 00:00:00+00:00,0.00018175209014903437
2021-06-16 00:00:00+00:00,0.0031295421511627897
2021-06-17 00:00:00+00:00,-0.0020177125369011395
2021-06-18 00:00:00+00:00,-0.0004894762604014113
2021-06-20 00:00:00+00:00,-6.351280236627233e-05
2021-06-21 00:00:00+00:00,0.0007894736842104511
2021-06-22 00:00:00+00:00,0.0012593545581387477
2021-06-23 00:00:00+00:00,-0.0016402047650587348
2021-06-24 00:00:00+00:00,0.00041437708314567834
2021-06-25 00:00:00+00:00,-0.0006716966575314983
2021-06-27 00:00:00+00:00,0.00015797930922412107
2021-06-28 00:00:00+00:00,-0.0009250151161006581
2021-06-29 00:00:00+00:00,-0.00032548551589456354
2021-06-30 00:00:00+00:00,0.002700575398979499
2021-07-01 00:00:00+00:00,-0.0020020889293565266
2021-07-02 00:00:00+00:00,0.002509657700615786
2021-07-04 00:00:00+00:00,-0.0005810339702186917
2021-07-05 00:00:00+00:00,0.001007756123018233
2021-07-06 00:00:00+00:00,0.0014200191139080443
2021-07-07 00:00:00+00:00,-0.00014918760567450562
2021-07-08 00:00:00+00:00,0.0037692530190180373
2021-07-09 00:00:00+00:00,-0.0014025756389004496
2021-07-11 00:00:00+00:00,-0.0004949775670717305
2021-07-12 00:00:00+00:00,-0.0005035612212492824
2021-07-13 00:00:00+00:00,-0.0012191142613708905
2021-07-14 00:00:00+00:00,0.0027171210271711987
2021-07-15 00:00:00+00:00,0.0009864174409512927
2021-07-16 00:00:00+00:00,0.0012753716500173548
2021-07-18 00:00:00+00:00,0.000826760070210251
2021-07-19 00:00:00+00:00,0.001583632160474746
2021-07-20 00:00:00+00:00,-0.0017803991746252468
2021-07-21 00:00:00+00:00,-0.0015011463299247074
2021-07-22 00:00:00+00:00,0.00048527837744677393
2021-07-23 00:00:00+00:00,-0.0017931886071237413
2021-07-25 00:00:00+00:00,-4.975844536525553e-05
2021-07-26 00:00:00+00:00,0.0010855307793206093
2021-07-27 00:00:00+00:00,0.0022664430442863037
2021-07-28 00:00:00+00:00,-0.0003733891899275754
2021-07-29 00:00:00+00:00,0.0021749615514118914
2021-07-30 00:00:00+00:00,-0.0012156221151824464
2021-08-01 00:00:00+00:00,-0.0003141456634183157
2021-08-02 00:00:00+00:00,0.0015732718212028952
2021-08-03 00:00:00+00:00,0.0008079401379697782
2021-08-04 00:00:00+00:00,-0.0024119496397333774
2021-08-05 00:00:00+00:00,-0.003347780951756283
2021-08-06 00:00:00+00:00,-0.002136148397652199
2021-08-08 00:00:00+00:00,-0.012987460785526666
2021-08-09 00:00:00+00:00,-0.00028106269040104726
2021-08-10 00:00:00+00:00,-0.001259993836001394
2021-08-11 00:00:00+00:00,-0.0063829339910325255
2021-08-12 00:00:00+00:00,-0.0004197288927313414
2021-08-13 00:00:00+00:00,-0.011146262112429164
2021-08-15 00:00:00+00:00,0.0003880374295921474
2021-08-16 00:00:00+00:00,-0.0015089305089239521
2021-08-17 00:00:00+00:00,0.0010933411407345606
2021-08-18 00:00:00+00:00,-0.0011570686802265082
2021-08-19 00:00:00+00:00,0.0003147357378789209
2021-08-20 00:00:00+00:00,9.110206163953638e-06
2021-08-22 00:00:00+00:00,0.0003822362479985941
2021-08-23 00:00:00+00:00,0.0007292392218772183
2021-08-24 00:00:00+00:00,-0.0002507431114028291
2021-08-25 00:00:00+00:00,0.003902335352858304
2021-08-26 00:00:00+00:00,-0.0002021884485037262
2021-08-27 00:00:00+00:00,-0.005521836414141119
2021-08-29 00:00:00+00:00,-0.00031642240450784455
2021-08-30 00:00:00+00:00,0.0025697016310412546
2021-08-31 00:00:00+00:00,-0.0016505869927712048
2021-09-01 00:00:00+00:00,-0.0006773061800147111
2021-09-02 00:00:00+00:00,-0.0007161990785253085
2021-09-03 00:00:00+00:00,0.0037207161418958334
2021-09-05 00:00:00+00:00,0.0003709472135537096
2021-09-06 00:00:00+00:00,-0.0009968894270099037
2021-09-07 00:00:00+00:00,-0.005589074481094445
2021-09-08 00:00:00+00:00,-0.00035292096206762484
2021-09-09 00:00:00+00:00,-0.0020323174770229824
2021-09-10 00:00:00+00:00,0.0025154734561052263
2021-09-12 00:00:00+00:00,8.261243278696062e-05
2021-09-13 00:00:00+00:00,0.0003411696204373982
2021-09-14 00:00:00+00:00,-0.001263739760525906
2021-09-15 00:00:00+00:00,-0.001513038564253999
2021-09-16 00:00:00+00:00,0.0014307786544280887
2021-09-17 00:00:00+00:00,0.0012443707039582197
2021-09-19 00:00:00+00:00,4.5468185910335635e-05
2021-09-20 00:00:00+00:00,-0.005577904566539119
2021-09-21 00:00:00+00:00,-0.004102362945163918
2021-09-22 00:00:00+00:00,0.003056038114798244
2021-09-23 00:00:00+00:00,0.008134403118647816
2021-09-24 00:00:00+00:00,0.0005845937055333206
2021-09-26 00:00:00+00:00,0.0004661500254351525
2021-09-27 00:00:00+00:00,0.0004065781126373347
2021-09-28 00:00:00+00:00,0.007089808647065432
2021-09-29 00:00:00+00:00,0.003695361598336
2021-09-30 00:00:00+00:00,-0.00911597137031217
2021-10-01 00:00:00+00:00,-0.0003251204392032401
2021-10-03 00:00:00+00:00,-0.0002528438400429267
2021-10-04 00:00:00+00:00,-0.001490692367452806
2021-10-05 00:00:00+00:00,0.00011523172908045609
2021-10-06 00:00:00+00:00,-0.0009480613970063168
2021-10-07 00:00:00+00:00,0.0013595445291617603
2021-10-08 00:00:00+00:00,-0.003111087723632222
2021-10-10 00:00:00+00:00,0.0006909565592345679
2021-10-11 00:00:00+00:00,-0.004783678611020747
2021-10-12 00:00:00+00:00,-0.002661021725146706
2021-10-13 00:00:00+00:00,-0.007894446083013706
2021-10-14 00:00:00+00:00,-0.003328170837550215
2021-10-15 00:00:00+00:00,0.005920402498098165
2021-10-17 00:00:00+00:00,-0.0013504151543481946
2021-10-18 00:00:00+00:00,0.0021741625879871385
2021-10-19 00:00:00+00:00,-0.002441610693241558
2021-10-20 00:00:00+00:00,-0.0029497751140843964
2021-10-21 00:00:00+00:00,0.001461512767088391
2021-10-22 00:00:00+00:00,-0.0006253931877137631
2021-10-24 00:00:00+00:00,-0.0009031949305291652
2021-10-25 00:00:00+00:00,-0.00043548259389269983
2021-10-26 00:00:00+00:00,-0.001845894203892251
2021-10-27 00:00:00+00:00,0.0018215893366962943
2021-10-28 00:00:00+00:00,-0.0007032088101316844
2021-10-29 00:00:00+00:00,0.00621725272348354
2021-10-31 00:00:00+00:00,0.0010219672309215704
2021-11-01 00:00:00+00:00,-0.0006302631348588106
2021-11-02 00:00:00+00:00,-0.0020181902070538953
2021-11-03 00:00:00+00:00,-0.002393063657945591
2021-11-04 00:00:00+00:00,-0.0010387217739379272
2021-11-05 00:00:00+00:00,0.00542646828430379
2021-11-07 00:00:00+00:00,-0.0003922390110606443
2021-11-08 00:00:00+00:00,-0.0009427451082140098
2021-11-09 00:00:00+00:00,-0.0015099604408024825
2021-11-10 00:00:00+00:00,0.004384177988769444
2021-11-11 00:00:00+00:00,0.0006716653789422544
2021-11-12 00:00:00+00:00,-0.0006269235153311126
2021-11-14 00:00:00+00:00,0.0002809334012255915
2021-11-15 00:00:00+00:00,0.0006756163902781331
2021-11-16 00:00:00+00:00,0.003364761137008898
2021-11-17 00:00:00+00:00,-0.003111617867214367
2021-11-18 00:00:00+00:00,0.00043791656813541024
2021-11-19 00:00:00+00:00,-0.0011550880754657156
2021-11-21 00:00:00+00:00,0.0005043284537727954
2021-11-22 00:00:00+00:00,0.01257174821453837
2021-11-23 00:00:00+00:00,0.0015290964785097715
2021-11-24 00:00:00+00:00,0.0015106926136880183
2021-11-25 00:00:00+00:00,-0.002305767572189199
2021-11-26 00:00:00+00:00,0.008973357831441021
2021-11-28 00:00:00+00:00,-0.0039677312442050194
2021-11-29 00:00:00+00:00,-0.00032524962755654677
2021-11-30 00:00:00+00:00,0.0021706843367987894
2021-12-01 00:00:00+00:00,-0.0005897928635915125
2021-12-02 00:00:00+00:00,-0.0006156223509862213
2021-12-03 00:00:00+00:00,0.0009025510339518705
2021-12-05 00:00:00+00:00,-0.000866566781678412
2021-12-06 00:00:00+00:00,-0.0018842282605234623
2021-12-07 00:00:00+00:00,-0.0002644126953348369
2021-12-08 00:00:00+00:00,-0.000695918744879731
2021-12-09 00:00:00+00:00,0.0010688177907580698
2021-12-10 00:00:00+00:00,0.0002556552709063742
2021-12-12 00:00:00+00:00,-0.0005644933672029895
2021-12-13 00:00:00+00:00,-0.00028633352128559775
2021-12-14 00:00:00+00:00,-0.0007264306280763133
2021-12-15 00:00:00+00:00,-0.0017760739972216832
2021-12-16 00:00:00+00:00,0.002098337100702674
2021-12-17 00:00:00+00:00,-0.0002155570610333779
2021-12-19 00:00:00+00:00,0.001330212812012455
2021-12-20 00:00:00+00:00,-0.003061339061483013
2021-12-21 00:00:00+00:00,-0.0018573542138508347
2021-12-22 00:00:00+00:00,-0.0005963796303867658
2021-12-23 00:00:00+00:00,-0.0027997336606197768
2021-12-24 00:00:00+00:00,-0.0005155080220016398
2021-12-26 00:00:00+00:00,-0.0004704320919206137
2021-12-27 00:00:00+00:00,0.0005607388276148114
2021-12-28 00:00:00+00:00,-0.00010441002139171373
2021-12-29 00:00:00+00:00,0.0007755045136105254
2021-12-30 00:00:00+00:00,-0.0025833506500930526
2021-12-31 00:00:00+00:00,0.00011753833291567446
2022-01-02 00:00:00+00:00,0.00020853064097103857
2022-01-03 00:00:00+00:00,-0.0008293904539019892
2022-01-04 00:00:00+00:00,0.00363343099458535
2022-01-05 00:00:00+00:00,-0.00020229323049381076
2022-01-06 00:00:00+00:00,0.004082087844917091
2022-01-07 00:00:00+00:00,-0.0030078251933977618
2022-01-09 00:00:00+00:00,0.0003938901482372583
2022-01-10 00:00:00+00:00,-0.001483384365215279
2022-01-11 00:00:00+00:00,-0.00026458145824348684
2022-01-12 00:00:00+00:00,0.002861453618438148
2022-01-13 00:00:00+00:00,0.002463677114401819
2022-01-14 00:00:00+00:00,0.00034620409285166377
2022-01-16 00:00:00+00:00,-0.0005385596792799853
2022-01-17 00:00:00+00:00,-0.0011592199543311033
2022-01-18 00:00:00+00:00,9.165022781626453e-05
2022-01-19 00:00:00+00:00,0.0008861146274389831
2022-01-20 00:00:00+00:00,0.0015567333088453705
2022-01-21 00:00:00+00:00,0.0014256136718544532
2022-01-23 00:00:00+00:00,-0.0005322846006985404
2022-01-24 00:00:00+00:00,-0.0009931272081700193
2022-01-25 00:00:00+00:00,0.000526278857623963
2022-01-26 00:00:00+00:00,0.0038212849809552913
2022-01-27 00:00:00+00:00,0.004069163374446072
2022-01-28 00:00:00+00:00,0.00205271698349363
2022-01-30 00:00:00+00:00,0.00045802784680987196
2022-01-31 00:00:00+00:00,-0.0016957563223085614
2022-02-01 00:00:00+00:00,0.0008588296517325067
2022-02-02 00:00:00+00:00,-0.0004429476173236635
2022-02-03 00:00:00+00:00,-0.0019426946223758956
2022-02-04 00:00:00+00:00,-0.0005877599336163416
2022-02-06 00:00:00+00:00,-0.00012141715668135477
2022-02-07 00:00:00+00:00,-0.0026133315256005084
2022-02-08 00:00:00+00:00,-0.003419423098730112
2022-02-09 00:00:00+00:00,-0.0018017709971384077
2022-02-10 00:00:00+00:00,-0.00037903120294130455
2022-02-11 00:00:00+00:00,-0.0062336988759004175
2022-02-13 00:00:00+00:00,-0.0005713591443980294
2022-02-14 00:00:00+00:00,-0.0033325872192913166
2022-02-15 00:00:00+00:00,0.004365290703299447
2022-02-16 00:00:00+00:00,-0.0034993383123875788
2022-02-17 00:00:00+00:00,-0.005739065101746876
2022-02-18 00:00:00+00:00,-0.0007221044767246808
2022-02-20 00:00:00+00:00,-0.0002999662884354498
2022-02-21 00:00:00+00:00,-0.0015570768708844107
2022-02-22 00:00:00+00:00,0.0021378522002425404
2022-02-23 00:00:00+00:00,-0.0008601888940055757
2022-02-24 00:00:00+00:00,-0.0028242217011069425
2022-02-25 00:00:00+00:00,9.953607533580433e-05
2022-02-27 00:00:00+00:00,-0.005916853028576426
2022-02-28 00:00:00+00:00,0.003269619767230114
2022-03-01 00:00:00+00:00,-0.00844327774711856
2022-03-02 00:00:00+00:00,-0.002951414914895689
2022-03-03 00:00:00+00:00,0.00015150203445596366
2022-03-04 00:00:00+00:00,0.0027971422385797973
2022-03-06 00:00:00+00:00,-0.0005094531869127561
2022-03-07 00:00:00+00:00,-0.0017703965340246652
2022-03-08 00:00:00+00:00,-0.001582100162111133
2022-03-09 00:00:00+00:00,-0.0007950362087142393
2022-03-10 00:00:00+00:00,-0.0011690911287122185
2022-03-11 00:00:00+00:00,-0.004764446127757727
2022-03-13 00:00:00+00:00,-0.0010871418826738921
2022-03-14 00:00:00+00:00,-0.0029055175054238935
2022-03-15 00:00:00+00:00,0.008324130658839603
2022-03-16 00:00:00+00:00,-0.00469138822113091
2022-03-17 00:00:00+00:00,-0.002777464723729084
2022-03-18 00:00:00+00:00,0.0030685207459750785
2022-03-20 00:00:00+00:00,0.001089866807923666
2022-03-21 00:00:00+00:00,-0.002965140345341788
2022-03-22 00:00:00+00:00,0.011427344292413044
2022-03-23 00:00:00+00:00,-0.007784929643939398
2022-03-24 00:00:00+00:00,0.0017090793666442172
2022-03-25 00:00:00+00:00,-0.0008428003783448879
2022-03-27 00:00:00+00:00,0.0010257609808886903
2022-03-28 00:00:00+00:00,0.013928042606751456
2022-03-29 00:00:00+00:00,5.9938711074403184e-05
2022-03-30 00:00:00+00:00,-0.009102606118154444
2022-03-31 00:00:00+00:00,-0.001130751368051168
2022-04-01 00:00:00+00:00,0.0032731543844662925
2022-04-03 00:00:00+00:00,0.0003712921783833867
2022-04-04 00:00:00+00:00,-0.0011026302841583339
2022-04-05 00:00:00+00:00,0.006300364450913143
2022-04-06 00:00:00+00:00,0.00027093863698319414
2022-04-07 00:00:00+00:00,-0.0008780439547640389
2022-04-08 00:00:00+00:00,-0.003144430730601777
2022-04-10 00:00:00+00:00,0.0013359253746546562
2022-04-11 00:00:00+00:00,0.0022506136172248947
2022-04-12 00:00:00+00:00,-0.0035811618348084995
2022-04-13 00:00:00+00:00,-0.0026249097822612774
2022-04-14 00:00:00+00:00,-0.002212730674087504
2022-04-15 00:00:00+00:00,0.0007530157324753598
2022-04-17 00:00:00+00:00,-0.004387039035911098
2022-04-18 00:00:00+00:00,0.0002727070746880167
2022-04-19 00:00:00+00:00,-0.001656404680747292
2022-04-20 00:00:00+00:00,0.003396066506219708
2022-04-21 00:00:00+00:00,-0.00027030816352519027
2022-04-22 00:00:00+00:00,0.004624915433865673
2022-04-24 00:00:00+00:00,-0.0006241964513797882
2022-04-25 00:00:00+00:00,0.01186175483472135
2022-04-26 00:00:00+00:00,0.00010468664384460924
2022-04-27 00:00:00+00:00,0.0008518522275968721
2022-04-28 00:00:00+00:00,-0.011736986918659098
2022-04-29 00:00:00+00:00,0.0034134136942802207
2022-05-01 00:00:00+00:00,-0.0008791442077631384
2022-05-02 00:00:00+00:00,0.008594032925861028
2022-05-03 00:00:00+00:00,-0.0014743461486464993
2022-05-04 00:00:00+00:00,-0.003405094579866541
2022-05-05 00:00:00+00:00,0.0009695809092266083
2022-05-06 00:00:00+00:00,-0.00332096165456619
2022-05-08 00:00:00+00:00,0.0013885904714717931
2022-05-09 00:00:00+00:00,0.005705671434471926
2022-05-10 00:00:00+00:00,0.005702137973209166
2022-05-11 00:00:00+00:00,-0.0035939769376169273
2022-05-12 00:00:00+00:00,0.013608085693349037
2022-05-13 00:00:00+00:00,0.00024191080815905153
2022-05-15 00:00:00+00:00,-0.0006623655683277701
2022-05-16 00:00:00+00:00,-0.0018766242489407742
2022-05-17 00:00:00+00:00,0.0014089816382678033
2022-05-18 00:00:00+00:00,0.005759328918100619
2022-05-19 00:00:00+00:00,-0.0068853313081566
2022-05-20 00:00:00+00:00,-0.0010768246014751905
2022-05-22 00:00:00+00:00,2.760056538876212e-05
2022-05-23 00:00:00+00:00,-0.0003094064426726773
2022-05-24 00:00:00+00:00,0.0077546079053832945
2022-05-25 00:00:00+00:00,-0.0020385113542924034
2022-05-26 00:00:00+00:00,-0.00022752834760425794
2022-05-27 00:00:00+00:00,-1.9553168385453226e-05
2022-05-29 00:00:00+00:00,-0.0016012111707439968
2022-05-30 00:00:00+00:00,-0.0013944573562811068
2022-05-31 00:00:00+00:00,-0.008126360678078124
2022-06-01 00:00:00+00:00,0.007890397676598666
2022-06-02 00:00:00+00:00,0.005676758137418938
2022-06-03 00:00:00+00:00,-0.0017233197114759659
2022-06-05 00:00:00+00:00,-0.0003219975796232876
2022-06-06 00:00:00+00:00,0.0055452167305145485
2022-06-07 00:00:00+00:00,0.0024474757332970665
2022-06-08 00:00:00+00:00,0.006158525567668494
2022-06-09 00:00:00+00:00,-0.0002454261490406062
2022-06-10 00:00:00+00:00,-5.208565858599856e-05
2022-06-12 00:00:00+00:00,0.0015218038398571165
2022-06-13 00:00:00+00:00,0.012855202289379156
2022-06-14 00:00:00+00:00,0.006642306621457816
2022-06-15 00:00:00+00:00,-0.010864582877337936
2022-06-16 00:00:00+00:00,0.001434546549969229
2022-06-17 00:00:00+00:00,-0.006741574269490791
2022-06-19 00:00:00+00:00,-0.0007625344244842069
2022-06-20 00:00:00+00:00,0.0005598816682557128
2022-06-21 00:00:00+00:00,-0.002405987239932683
2022-06-22 00:00:00+00:00,-0.00023204416329403177
2022-06-23 00:00:00+00:00,0.007566775005410364
2022-06-24 00:00:00+00:00,-0.001998854462617383
2022-06-26 00:00:00+00:00,-0.0006412942014024647
2022-06-27 00:00:00+00:00,0.0006385126959875254
2022-06-28 00:00:00+00:00,-0.0008306956959280853
2022-06-29 00:00:00+00:00,-0.002259736049970096
2022-06-30 00:00:00+00:00,0.006398966959024366
2022-07-01 00:00:00+00:00,0.0012667576092599275
2022-07-03 00:00:00+00:00,0.0008860870511452083
2022-07-04 00:00:00+00:00,-0.0031924743528016775
2022-07-05 00:00:00+00:00,0.0012033827198657532
2022-07-06 00:00:00+00:00,-0.0015346023314151136
2022-07-07 00:00:00+00:00,0.0001287181146841232
2022-07-08 00:00:00+00:00,-0.0004561473208701816
2022-07-10 00:00:00+00:00,-0.0009335146458893107
2022-07-11 00:00:00+00:00,0.004075777414409482
2022-07-12 00:00:00+00:00,-0.0024778773941898646
2022-07-13 00:00:00+00:00,0.003291037408125086
2022-07-14 00:00:00+00:00,0.004882479020598018
2022-07-15 00:00:00+00:00,-0.0018563955705538926
2022-07-17 00:00:00+00:00,-0.0005958270440478142
2022-07-18 00:00:00+00:00,-0.0001409998698463366
2022-07-19 00:00:00+00:00,-0.00024591527495493315
2022-07-20 00:00:00+00:00,0.0008213270039293397
2022-07-21 00:00:00+00:00,-0.004840410929214445
2022-07-22 00:00:00+00:00,-0.0037278046075956417
2022-07-24 00:00:00+00:00,0.0010547127653318666
2022-07-25 00:00:00+00:00,0.00025303829312839365
2022-07-26 00:00:00+00:00,0.0020306131425388285
2022-07-27 00:00:00+00:00,-0.003095658776630761
2022-07-28 00:00:00+00:00,-0.00629233459204509
2022-07-29 00:00:00+00:00,-0.004415758342323606
2022-07-31 00:00:00+00:00,-0.0006461079535439742
2022-08-01 00:00:00+00:00,-0.0045957185868554
2022-08-02 00:00:00+00:00,0.0029100889188412825
2022-08-03 00:00:00+00:00,0.0040917982858398
2022-08-04 00:00:00+00:00,0.0034612255278176594
2022-08-05 00:00:00+00:00,0.003989192456029269
2022-08-07 00:00:00+00:00,-0.0001850098381933373
2022-08-08 00:00:00+00:00,0.0032138834469399823
2022-08-09 00:00:00+00:00,0.0026062895567133502
2022-08-10 00:00:00+00:00,-0.009560426648894813
2022-08-11 00:00:00+00:00,-9.085502551656514e-05
2022-08-12 00:00:00+00:00,0.00534938027300488
2022-08-14 00:00:00+00:00,-0.0015397124902227532
2022-08-15 00:00:00+00:00,-0.006455792638844413
2022-08-16 00:00:00+00:00,0.0033974030009227517
2022-08-17 00:00:00+00:00,0.0024933589896827947
2022-08-18 00:00:00+00:00,0.0031565609786821103
2022-08-19 00:00:00+00:00,0.007127627082742913
2022-08-21 00:00:00+00:00,0.0009683199592143699
2022-08-22 00:00:00+00:00,0.0050018316207569025
2022-08-23 00:00:00+00:00,-0.006128452595614398
2022-08-24 00:00:00+00:00,-0.00014029580729701951
2022-08-25 00:00:00+00:00,-0.003482993287950431
2022-08-26 00:00:00+00:00,0.008719030419397922
2022-08-28 00:00:00+00:00,0.003291376372736299
2022-08-29 00:00:00+00:00,0.0003631419735762309
2022-08-30 00:00:00+00:00,0.00507729879758384
2022-08-31 00:00:00+00:00,0.002084931484383921
2022-09-01 00:00:00+00:00,0.006130146008793519
2022-09-02 00:00:00+00:00,-0.004881300478129735
2022-09-04 00:00:00+00:00,5.13506662720431e-05
2022-09-05 00:00:00+00:00,-0.0013702262492714667
2022-09-06 00:00:00+00:00,-0.006664469166775044
2022-09-07 00:00:00+00:00,-0.0070890969790990965
2022-09-08 00:00:00+00:00,0.0024694531992008883
2022-09-09 00:00:00+00:00,0.002610265469858375
2022-09-11 00:00:00+00:00,-0.00031022421387438825
2022-09-12 00:00:00+00:00,-0.0020596935617090972
2022-09-13 00:00:00+00:00,0.00014061795530656562
2022-09-14 00:00:00+00:00,0.006659776350352198
2022-09-15 00:00:00+00:00,0.008901797432211978
2022-09-16 00:00:00+00:00,-0.0024299112739185613
2022-09-18 00:00:00+00:00,-0.00023760635179093104
2022-09-19 00:00:00+00:00,-0.0008277484219046949
2022-09-20 00:00:00+00:00,0.0013902763790065165
2022-09-21 00:00:00+00:00,-0.0024877309498981814
2022-09-22 00:00:00+00:00,0.005121394809877167
2022-09-23 00:00:00+00:00,0.004858274375550031
2022-09-25 00:00:00+00:00,-0.000715530357707661
2022-09-26 00:00:00+00:00,0.0017246918253666643
2022-09-27 00:00:00+00:00,-0.0011771096339576737
2022-09-28 00:00:00+00:00,-0.007373225930530969
2022-09-29 00:00:00+00:00,-0.0025793462290538693
2022-09-30 00:00:00+00:00,9.304976833157674e-06
2022-10-02 00:00:00+00:00,-0.0012017649721206558
2022-10-03 00:00:00+00:00,-0.010109538324786838
2022-10-04 00:00:00+00:00,-0.004892795880003964
2022-10-05 00:00:00+00:00,4.8258789115018796e-05
2022-10-06 00:00:00+00:00,-0.00020706749766208343
2022-10-07 00:00:00+00:00,0.0037993594531653962
2022-10-09 00:00:00+00:00,-0.0008223984622846015
2022-10-10 00:00:00+00:00,0.007126076431961448
2022-10-11 00:00:00+00:00,0.001066078318051611
2022-10-12 00:00:00+00:00,-0.006164814492419124
2022-10-13 00:00:00+00:00,0.0014776061189594736
2022-10-14 00:00:00+00:00,0.0009063118434781692
2022-10-16 00:00:00+00:00,-0.0006280145934088321
2022-10-17 00:00:00+00:00,-0.0021065418792736157
2022-10-18 00:00:00+00:00,-0.0013056837799161336
2022-10-19 00:00:00+00:00,-0.00206023044284862
2022-10-20 00:00:00+00:00,0.001138010210750897
2022-10-21 00:00:00+00:00,-0.008473391220967352
2022-10-23 00:00:00+00:00,-3.3868225508548733e-06
2022-10-24 00:00:00+00:00,0.004270812165549032
2022-10-25 00:00:00+00:00,-0.003045852334929544
2022-10-26 00:00:00+00:00,-0.006422991674775669
2022-10-27 00:00:00+00:00,0.0006845423492124469
2022-10-28 00:00:00+00:00,0.004036695993382744
2022-10-30 00:00:00+00:00,0.0015434173352048817
2022-10-31 00:00:00+00:00,-0.0031517890899309176
2022-11-01 00:00:00+00:00,0.0027598679566219753
2022-11-02 00:00:00+00:00,-9.803043948143372e-05
2022-11-03 00:00:00+00:00,0.0016836268974610435
2022-11-04 00:00:00+00:00,-0.005893135120928872
2022-11-06 00:00:00+00:00,0.0006137312130056749
2022-11-07 00:00:00+00:00,-0.0007151419386476343
2022-11-08 00:00:00+00:00,-0.00454254027582629
2022-11-09 00:00:00+00:00,0.003121515397640384
2022-11-10 00:00:00+00:00,-0.015281587533945762
2022-11-11 00:00:00+00:00,-0.010446581663973609
2022-11-13 00:00:00+00:00,0.0007756274438074588
2022-11-14 00:00:00+00:00,0.0033920189005361666
2022-11-15 00:00:00+00:00,-0.0010126284597023784
2022-11-16 00:00:00+00:00,-0.0006503023423088151
2022-11-17 00:00:00+00:00,1.4794265035058402e-05
2022-11-18 00:00:00+00:00,-0.0029337205073957963
2022-11-20 00:00:00+00:00,-4.1007242662403e-05
2022-11-21 00:00:00+00:00,0.0025189113601131984
2022-11-22 00:00:00+00:00,-0.0026093169955731833
2022-11-23 00:00:00+00:00,-0.0036422317331353017
2022-11-24 00:00:00+00:00,-0.0015114676690348471
2022-11-25 00:00:00+00:00,0.002127428047592552
2022-11-27 00:00:00+00:00,-0.0008005266608786842
2022-11-28 00:00:00+00:00,-0.005165941386112625
2022-11-29 00:00:00+00:00,0.0021970849535876934
2022-11-30 00:00:00+00:00,0.0018238041450397667
2022-12-01 00:00:00+00:00,9.326776118342636e-05
2022-12-02 00:00:00+00:00,-0.004261094229961324
2022-12-04 00:00:00+00:00,0.0007455430285571963
2022-12-05 00:00:00+00:00,-0.0004944109193536252
2022-12-06 00:00:00+00:00,0.001479420417735713
2022-12-07 00:00:00+00:00,0.006263133481209185
2022-12-08 00:00:00+00:00,-0.0003213446705381572
2022-12-09 00:00:00+00:00,0.002287062407147735
2022-12-11 00:00:00+00:00,-0.0011859254090254322
2022-12-12 00:00:00+00:00,-0.006614801875207219
2022-12-13 00:00:00+00:00,0.014720304757205396
2022-12-14 00:00:00+00:00,0.0001976169127616801
2022-12-15 00:00:00+00:00,0.00015885721497799557
2022-12-16 00:00:00+00:00,0.0009686962745103188
2022-12-18 00:00:00+00:00,1.1212867539521585e-05
2022-12-19 00:00:00+00:00,-0.0026421445248723564
2022-12-20 00:00:00+00:00,0.026815828180952263
2022-12-21 00:00:00+00:00,-0.0026291601443830005
2022-12-22 00:00:00+00:00,-0.005921792515814903
2022-12-23 00:00:00+00:00,-0.0003401484759124917
2022-12-25 00:00:00+00:00,0.00015057859826378417
2022-12-26 00:00:00+00:00,0.0008187580698337494
2022-12-27 00:00:00+00:00,-0.0027957460658074884
2022-12-28 00:00:00+00:00,-0.002037605813169474
2022-12-29 00:00:00+00:00,0.004163122789739848
2022-12-30 00:00:00+00:00,0.006797423975684336
2023-01-01 00:00:00+00:00,0.0008046616988657829
2023-01-02 00:00:00+00:00,0.0005805958747135964
2023-01-03 00:00:00+00:00,-0.0020956343500474484
2023-01-04 00:00:00+00:00,-0.0036444369973189783
2023-01-05 00:00:00+00:00,-0.004033934957997198
2023-01-06 00:00:00+00:00,0.004571707170717032
2023-01-08 00:00:00+00:00,0.00013992768371301327
2023-01-09 00:00:00+00:00,0.00042161794653956006
2023-01-10 00:00:00+00:00,-0.0014050320911382212
2023-01-11 00:00:00+00:00,0.0007645722937168475
2023-01-12 00:00:00+00:00,0.010322370316456608
2023-01-13 00:00:00+00:00,0.005082252757886652
2023-01-15 00:00:00+00:00,-0.001732781410881101
2023-01-16 00:00:00+00:00,-0.000859596058230636
2023-01-17 00:00:00+00:00,-0.0023095490600066083
2023-01-18 00:00:00+00:00,-0.0016266376312904262
2023-01-19 00:00:00+00:00,0.007135212813881599
2023-01-20 00:00:00+00:00,0.0030787785686542503
2023-01-22 00:00:00+00:00,0.0009706609060962585
2023-01-23 00:00:00+00:00,0.005631912122721867
2023-01-24 00:00:00+00:00,-9.826119480957677e-05
2023-01-25 00:00:00+00:00,-0.0007999602648987893
2023-01-26 00:00:00+00:00,-0.0024814289744854758
2023-01-27 00:00:00+00:00,-0.00047282419851888183
2023-01-29 00:00:00+00:00,-4.636824329454552e-05
2023-01-30 00:00:00+00:00,0.0006695307733535461
2023-01-31 00:00:00+00:00,-0.00014845892059670344
2023-02-01 00:00:00+00:00,0.0007980430388332092
2023-02-02 00:00:00+00:00,-0.009208178884055982
2023-02-03 00:00:00+00:00,-0.0035072422055405818
2023-02-05 00:00:00+00:00,0.0031473698060266696
2023-02-06 00:00:00+00:00,0.0028748165703809912
2023-02-07 00:00:00+00:00,-0.007132644859367834
2023-02-08 00:00:00+00:00,0.0007188248419609522
2023-02-09 00:00:00+00:00,0.003868670856987444
2023-02-10 00:00:00+00:00,-0.001141625213421149
2023-02-12 00:00:00+00:00,0.001190079462489002
2023-02-13 00:00:00+00:00,0.005200116203516181
2023-02-14 00:00:00+00:00,0.0023428784363473953
2023-02-15 00:00:00+00:00,0.00842404962284432
2023-02-16 00:00:00+00:00,0.001199801546310053
2023-02-17 00:00:00+00:00,-0.0019478856883704543
2023-02-19 00:00:00+00:00,0.0016308950398248312
2023-02-20 00:00:00+00:00,-0.0007379619986279673
2023-02-21 00:00:00+00:00,0.0041121996165460195
2023-02-22 00:00:00+00:00,0.002645301113983589
2023-02-23 00:00:00+00:00,-0.0006291432487381399
2023-02-24 00:00:00+00:00,-0.0035550299149589536
2023-02-26 00:00:00+00:00,-4.244149814175424e-05
2023-02-27 00:00:00+00:00,-0.00190354141825431
2023-02-28 00:00:00+00:00,-0.0022231240436204613
2023-03-01 00:00:00+00:00,-0.002478406071727263
2023-03-02 00:00:00+00:00,-0.002267793889862313
2023-03-03 00:00:00+00:00,-0.0014475227039886795
2023-03-05 00:00:00+00:00,4.571453868817965e-05
2023-03-06 00:00:00+00:00,0.0014980405235520012
2023-03-07 00:00:00+00:00,0.013902472422592627
2023-03-08 00:00:00+00:00,-0.0009550346471456916
2023-03-09 00:00:00+00:00,-0.007625063309290359
2023-03-10 00:00:00+00:00,-0.014497369395383986
2023-03-12 00:00:00+00:00,-0.003207502531824058
2023-03-13 00:00:00+00:00,-0.006961606389178749
2023-03-14 00:00:00+00:00,0.00506044736308231
2023-03-15 00:00:00+00:00,-0.001036628632728286
2023-03-16 00:00:00+00:00,-0.001812187143364762
2023-03-17 00:00:00+00:00,0.005690679653540696
2023-03-19 00:00:00+00:00,-0.0016306532472752933
2023-03-20 00:00:00+00:00,-0.0035181860111007223
2023-03-21 00:00:00+00:00,-0.004739652789025637
2023-03-22 00:00:00+00:00,0.011325866096443427
2023-03-23 00:00:00+00:00,0.006631120459569175
2023-03-24 00:00:00+00:00,-0.0038036846150702403
2023-03-26 00:00:00+00:00,-0.0013684347635616503
2023-03-27 00:00:00+00:00,-0.00603286998572897
2023-03-28 00:00:00+00:00,0.004170399699613938
2023-03-29 00:00:00+00:00,-0.00801178547536988
2023-03-30 00:00:00+00:00,0.0013354230098043506
2023-03-31 00:00:00+00:00,-0.0008780836287220796
2023-04-02 00:00:00+00:00,-0.005282279087880901
2023-04-03 00:00:00+00:00,0.010930742949782603
2023-04-04 00:00:00+00:00,0.01254064575743288
2023-04-05 00:00:00+00:00,-0.0023627154035158237
2023-04-06 00:00:00+00:00,-0.00042649133142339327
2023-04-07 00:00:00+00:00,-0.0018873809801490515
2023-04-09 00:00:00+00:00,-0.0008518964568099046
2023-04-10 00:00:00+00:00,0.0018372323240019826
2023-04-11 00:00:00+00:00,0.003482611243329905
2023-04-12 00:00:00+00:00,0.0013681434801535962
2023-04-13 00:00:00+00:00,-0.0022654864302382727
2023-04-14 00:00:00+00:00,0.004792886902964866
2023-04-16 00:00:00+00:00,0.000425268275943952
2023-04-17 00:00:00+00:00,-0.00056583336732988
2023-04-18 00:00:00+00:00,-0.0015398159695618494
2023-04-19 00:00:00+00:00,0.002499160729605765
2023-04-20 00:00:00+00:00,-0.002653750510336672
2023-04-21 00:00:00+00:00,0.0004738805970149196
2023-04-23 00:00:00+00:00,-0.0006001774437660035
2023-04-24 00:00:00+00:00,0.0004516071241956743
2023-04-25 00:00:00+00:00,-0.0013983458500824164
2023-04-26 00:00:00+00:00,-0.0031424023489359182
2023-04-27 00:00:00+00:00,1.2812334883618515e-05
2023-04-28 00:00:00+00:00,0.009892807559623264
2023-04-30 00:00:00+00:00,0.00034066955244306085
2023-05-01 00:00:00+00:00,0.005479824793580808
2023-05-02 00:00:00+00:00,-0.003821596083059653
2023-05-03 00:00:00+00:00,-0.01597978028197812
2023-05-04 00:00:00+00:00,-0.0009570860434308104
2023-05-05 00:00:00+00:00,-0.005698921824573846
2023-05-07 00:00:00+00:00,0.0010843933654713057
2023-05-08 00:00:00+00:00,-0.0003996946418336687
2023-05-09 00:00:00+00:00,0.0007550577767250211
2023-05-10 00:00:00+00:00,-0.005679817596566273
2023-05-11 00:00:00+00:00,0.0014613550772374863
2023-05-12 00:00:00+00:00,0.00316725234423446
2023-05-14 00:00:00+00:00,0.0003348714642894759
2023-05-15 00:00:00+00:00,0.0007583231487344744
2023-05-16 00:00:00+00:00,0.001455539872970979
2023-05-17 00:00:00+00:00,0.004317295569824409
2023-05-18 00:00:00+00:00,0.003713500864787833
2023-05-19 00:00:00+00:00,-0.0074395469703018875
2023-05-21 00:00:00+00:00,-0.001656367928743463
2023-05-22 00:00:00+00:00,0.006302816909312059
2023-05-23 00:00:00+00:00,-0.0015138471100745732
2023-05-24 00:00:00+00:00,0.006329880615764283
2023-05-25 00:00:00+00:00,0.007517106971788201
2023-05-26 00:00:00+00:00,0.00040391956016516684
2023-05-28 00:00:00+00:00,0.0018548764176232746
2023-05-29 00:00:00+00:00,-0.0009587073714815153
2023-05-30 00:00:00+00:00,-0.006745278950012368
2023-05-31 00:00:00+00:00,-0.00431807544090318
2023-06-01 00:00:00+00:00,-0.004165723777238783
2023-06-02 00:00:00+00:00,0.011713051225202553
2023-06-04 00:00:00+00:00,0.0005803812761154825
2023-06-05 00:00:00+00:00,-0.005903189166882317
2023-06-06 00:00:00+00:00,-0.00014646431932618942
2023-06-07 00:00:00+00:00,0.006216519542757093
2023-06-08 00:00:00+00:00,-0.009053329121125497
2023-06-09 00:00:00+00:00,0.002856435480006525
2023-06-11 00:00:00+00:00,0.000277171679297028
2023-06-12 00:00:00+00:00,0.0003103219108547828
2023-06-13 00:00:00+00:00,0.00246223349428835
2023-06-14 00:00:00+00:00,-0.0010033695802015353
2023-06-15 00:00:00+00:00,-0.0022751958998789013
2023-06-16 00:00:00+00:00,0.005542211169395313
2023-06-18 00:00:00+00:00,0.0001480708483754256
2023-06-19 00:00:00+00:00,0.00012688029549001723
2023-06-20 00:00:00+00:00,-0.005890651810267584
2023-06-21 00:00:00+00:00,0.0002685276813995353
2023-06-22 00:00:00+00:00,-0.00036002647544328484
2023-06-23 00:00:00+00:00,0.004092207262738148
2023-06-25 00:00:00+00:00,-0.0006342680753925684
2023-06-26 00:00:00+00:00,-0.0002647345687613045
2023-06-27 00:00:00+00:00,0.0014463558802207954
2023-06-28 00:00:00+00:00,0.0017792728612237019
2023-06-29 00:00:00+00:00,0.0014059048001606733
2023-06-30 00:00:00+00:00,-0.0017403675490513804
2023-07-02 00:00:00+00:00,0.00036730818542829446
2023-07-03 00:00:00+00:00,0.0006925255715066747
2023-07-04 00:00:00+00:00,-0.0006569893291101248
2023-07-05 00:00:00+00:00,0.0003116149270474544
2023-07-06 00:00:00+00:00,-0.001806240873639231
2023-07-07 00:00:00+00:00,-0.006483674475784296
2023-07-09 00:00:00+00:00,-0.00038349044544965357
2023-07-10 00:00:00+00:00,0.00317481524192581
2023-07-11 00:00:00+00:00,0.00200155197320466
2023-07-12 00:00:00+00:00,0.00641139719501725
2023-07-13 00:00:00+00:00,0.000928971624796604
2023-07-14 00:00:00+00:00,-0.002527739954225394
2023-07-16 00:00:00+00:00,0.0002774454837640161
2023-07-17 00:00:00+00:00,-0.00012618160055954952
2023-07-18 00:00:00+00:00,-0.001081283700008706
2023-07-19 00:00:00+00:00,-0.002103953274254833
2023-07-20 00:00:00+00:00,-0.0008810320251558812
2023-07-21 00:00:00+00:00,0.00692889870680234
2023-07-23 00:00:00+00:00,0.0001304599467246871
2023-07-24 00:00:00+00:00,0.0007477637630858291
2023-07-25 00:00:00+00:00,0.004920226032007557
2023-07-26 00:00:00+00:00,0.0019223819013564835
2023-07-27 00:00:00+00:00,0.0053394219603764
2023-07-28 00:00:00+00:00,-0.005315211241541386
2023-07-30 00:00:00+00:00,0.0014230744628391957
2023-07-31 00:00:00+00:00,-0.005580539511356397
2023-08-01 00:00:00+00:00,-0.005312630574922593
2023-08-02 00:00:00+00:00,-0.002844260362256078
2023-08-03 00:00:00+00:00,-0.00259086066586439
2023-08-04 00:00:00+00:00,-0.004790211670476607
2023-08-06 00:00:00+00:00,-0.0008511841683117965
2023-08-07 00:00:00+00:00,0.004120164583068409
2023-08-08 00:00:00+00:00,0.000303588791894445
2023-08-09 00:00:00+00:00,0.0007075301975111303
2023-08-10 00:00:00+00:00,-0.0028156317329490754
2023-08-11 00:00:00+00:00,-0.0006837416191676216
2023-08-13 00:00:00+00:00,0.00035356932571750654
2023-08-14 00:00:00+00:00,-0.00042479226010488924
2023-08-15 00:00:00+00:00,0.0009624779556693386
2023-08-16 00:00:00+00:00,-0.0003118469316046868
2023-08-17 00:00:00+00:00,0.002678432453748658
2023-08-18 00:00:00+00:00,0.0015981464591632855
2023-08-20 00:00:00+00:00,6.903236759381315e-05
2023-08-21 00:00:00+00:00,-0.004417355713018156
2023-08-22 00:00:00+00:00,0.0005901287673403255
2023-08-23 00:00:00+00:00,-0.0013319168906930634
2023-08-24 00:00:00+00:00,-0.004219773239248548
2023-08-25 00:00:00+00:00,-0.000820484390801568
2023-08-27 00:00:00+00:00,-0.0006525183365141407
2023-08-28 00:00:00+00:00,-0.0013245658619939205
2023-08-29 00:00:00+00:00,-0.002256711948844692
2023-08-30 00:00:00+00:00,-0.002436993094290796
2023-08-31 00:00:00+00:00,-0.0009629068451533665
2023-09-01 00:00:00+00:00,0.002553749440453501
2023-09-03 00:00:00+00:00,-0.0007401479092768448
2023-09-04 00:00:00+00:00,0.002369444409271282
2023-09-05 00:00:00+00:00,0.005992953569228576
2023-09-06 00:00:00+00:00,0.0033319562472527986
2023-09-07 00:00:00+00:00,-0.0021127119009330397
2023-09-08 00:00:00+00:00,0.0018961569423335822
2023-09-10 00:00:00+00:00,-0.0022181495565643528
2023-09-11 00:00:00+00:00,-0.0015543279323872773
2023-09-12 00:00:00+00:00,0.0016635531859771069
2023-09-13 00:00:00+00:00,0.0015282173804485179
2023-09-14 00:00:00+00:00,0.00030523355209322034
2023-09-15 00:00:00+00:00,0.0012905654805814965
2023-09-17 00:00:00+00:00,7.440123911883756e-05
2023-09-18 00:00:00+00:00,-0.003674822173561
2023-09-19 00:00:00+00:00,0.0012015967000016947
2023-09-20 00:00:00+00:00,0.002385247539137436
2023-09-21 00:00:00+00:00,-0.00018058632837658628
2023-09-22 00:00:00+00:00,0.0014324529326250612
2023-09-24 00:00:00+00:00,0.00035590262118812
2023-09-25 00:00:00+00:00,0.003517595939740825
2023-09-26 00:00:00+00:00,0.003030253256845396
2023-09-27 00:00:00+00:00,0.004829467148460054
2023-09-28 00:00:00+00:00,0.0034139664407902837
2023-09-29 00:00:00+00:00,0.004805763496390891
2023-10-01 00:00:00+00:00,-0.0005295065598811544
2023-10-02 00:00:00+00:00,0.005208275167571941
2023-10-03 00:00:00+00:00,0.002734960773508488
2023-10-04 00:00:00+00:00,0.0008875677146572003
2023-10-05 00:00:00+00:00,0.0020481193879623993
2023-10-06 00:00:00+00:00,-0.00562493717560919
2023-10-08 00:00:00+00:00,-0.003972913388373023
2023-10-09 00:00:00+00:00,-0.0011934423960447416
2023-10-10 00:00:00+00:00,-0.00022896989049070449
2023-10-11 00:00:00+00:00,-0.005564157921819968
2023-10-12 00:00:00+00:00,-0.00126743802265894
2023-10-13 00:00:00+00:00,-0.01568749125145602
2023-10-15 00:00:00+00:00,0.0016110329973628712
2023-10-16 00:00:00+00:00,0.0016110190417049641
2023-10-17 00:00:00+00:00,-0.0019897436629691123
2023-10-18 00:00:00+00:00,-0.006803856853993762
2023-10-19 00:00:00+00:00,-0.006872956352504289
2023-10-20 00:00:00+00:00,-0.001067193431705915
2023-10-22 00:00:00+00:00,0.0022072564076584533
2023-10-23 00:00:00+00:00,0.00035575125997482765
2023-10-24 00:00:00+00:00,-0.00026372188357515203
2023-10-25 00:00:00+00:00,-0.0008007580509549195
2023-10-26 00:00:00+00:00,-0.0012776762827070773
2023-10-27 00:00:00+00:00,0.002422960807312425
2023-10-29 00:00:00+00:00,-0.0003341397238668664
2023-10-30 00:00:00+00:00,-0.002153847768963729
2023-10-31 00:00:00+00:00,-0.004529901778192539
2023-11-01 00:00:00+00:00,0.002129947104163754
2023-11-02 00:00:00+00:00,0.00027058841968119474
2023-11-03 00:00:00+00:00,-0.0038418190993851206
2023-11-05 00:00:00+00:00,0.0013391516302683649
2023-11-06 00:00:00+00:00,-0.0013202182267427402
2023-11-07 00:00:00+00:00,-0.0034878454174501394
2023-11-08 00:00:00+00:00,0.0014815063193827375
2023-11-09 00:00:00+00:00,0.0004641530837019537
2023-11-10 00:00:00+00:00,-0.004716563694919555
2023-11-12 00:00:00+00:00,0.00017260902163598554
2023-11-13 00:00:00+00:00,0.0020913003301221388
2023-11-14 00:00:00+00:00,0.0002814080682025065
2023-11-15 00:00:00+00:00,0.0017676694559565465
2023-11-16 00:00:00+00:00,0.003956730236099184
2023-11-17 00:00:00+00:00,-0.004335552499048909
2023-11-19 00:00:00+00:00,-0.0003978916405982002
2023-11-20 00:00:00+00:00,-0.0036159318074079107
2023-11-21 00:00:00+00:00,0.0037001141322636454
2023-11-22 00:00:00+00:00,0.0021833982693157637
2023-11-23 00:00:00+00:00,0.001251194192488394
2023-11-24 00:00:00+00:00,0.0013174568934884133
2023-11-26 00:00:00+00:00,0.0005030497069484464
2023-11-27 00:00:00+00:00,-0.0007237833263058803
2023-11-28 00:00:00+00:00,0.0026237117064043768
2023-11-29 00:00:00+00:00,-6.963847224731084e-05
2023-11-30 00:00:00+00:00,0.001981573970481789
2023-12-01 00:00:00+00:00,0.0036684419172225667
2023-12-03 00:00:00+00:00,0.009425828948165373
2023-12-04 00:00:00+00:00,-0.01654722639850662
2023-12-05 00:00:00+00:00,-0.004202901338054208
2023-12-06 00:00:00+00:00,0.0019165220827031782
2023-12-07 00:00:00+00:00,-0.009959963362674382
2023-12-08 00:00:00+00:00,-0.003319527531988529
2023-12-10 00:00:00+00:00,0.0006734026807751726
2023-12-11 00:00:00+00:00,-0.009765798578253673
2023-12-12 00:00:00+00:00,0.0022952470279199687
2023-12-13 00:00:00+00:00,0.00866130418512862
2023-12-14 00:00:00+00:00,0.001828115150241727
2023-12-15 00:00:00+00:00,-0.003702497557774992
2023-12-17 00:00:00+00:00,-0.0011921639952274553
2023-12-18 00:00:00+00:00,0.0011666516275345672
2023-12-19 00:00:00+00:00,-0.0010339873768327214
2023-12-20 00:00:00+00:00,-0.0009126875710640282
2023-12-21 00:00:00+00:00,0.010049385242653166
2023-12-22 00:00:00+00:00,0.0012956957108163716
2023-12-25 00:00:00+00:00,0.0009550046169533151
2023-12-26 00:00:00+00:00,0.0012837686955086934
2023-12-27 00:00:00+00:00,0.006774126456965481
2023-12-28 00:00:00+00:00,-0.003111253216167873
2023-12-29 00:00:00+00:00,-0.0024903012327454075
2024-01-01 00:00:00+00:00,3.291485416986547e-05
2024-01-02 00:00:00+00:00,0.003088409915929371
2024-01-03 00:00:00+00:00,-0.0012380578077750594
2024-01-04 00:00:00+00:00,0.006402622154753925
2024-01-05 00:00:00+00:00,-0.00022551480081564926
2024-01-07 00:00:00+00:00,-5.43198478127093e-05
2024-01-08 00:00:00+00:00,-0.005157740899950889
2024-01-09 00:00:00+00:00,0.0006318237089435153
2024-01-10 00:00:00+00:00,0.0034671454436343806
2024-01-11 00:00:00+00:00,-0.004311387800715572
2024-01-12 00:00:00+00:00,-0.000645082039944583
2024-01-14 00:00:00+00:00,0.0007763492950748629
2024-01-15 00:00:00+00:00,0.0037158539998550385
2024-01-16 00:00:00+00:00,0.011240722518581686
2024-01-17 00:00:00+00:00,0.0030692302925497397
2024-01-18 00:00:00+00:00,-0.00362618884458416
2024-01-19 00:00:00+00:00,-0.0013096718961845832
2024-01-21 00:00:00+00:00,0.000351420570856964
2024-01-22 00:00:00+00:00,0.001757467580253358
2024-01-23 00:00:00+00:00,-0.0017965814584268713
2024-01-24 00:00:00+00:00,0.0009988834051221085
2024-01-25 00:00:00+00:00,-0.0005472630155044511
2024-01-26 00:00:00+00:00,0.0018361428905477872
2024-01-28 00:00:00+00:00,-0.0006507432053202145
2024-01-29 00:00:00+00:00,-0.0045908602574065704
2024-01-30 00:00:00+00:00,-0.0019483978961324921
2024-01-31 00:00:00+00:00,-0.0019074491891964418
2024-02-01 00:00:00+00:00,-0.005500891953370168
2024-02-02 00:00:00+00:00,0.00653415050864042
2024-02-04 00:00:00+00:00,0.0003538689673766582
2024-02-05 00:00:00+00:00,0.004198514809711552
2024-02-06 00:00:00+00:00,-0.005302593769855424
2024-02-07 00:00:00+00:00,0.0006051499698703777
2024-02-08 00:00:00+00:00,0.004534560267556165
2024-02-09 00:00:00+00:00,0.0024525683932201114
2024-02-11 00:00:00+00:00,-0.0005737120582991473
2024-02-12 00:00:00+00:00,0.0023326289385077192
2024-02-13 00:00:00+00:00,0.011258759695199017
2024-02-14 00:00:00+00:00,-0.0011513229717131646
2024-02-15 00:00:00+00:00,-0.004446239030713672
2024-02-16 00:00:00+00:00,-0.0016256399721947812
2024-02-18 00:00:00+00:00,0.0004057619061770268
2024-02-19 00:00:00+00:00,-0.0010384463916763842
2024-02-20 00:00:00+00:00,-0.002912682366200403
2024-02-21 00:00:00+00:00,0.0008916501512682418
2024-02-22 00:00:00+00:00,0.0006974046678283052
2024-02-23 00:00:00+00:00,-0.002439872360070705
2024-02-25 00:00:00+00:00,0.00015631570654989213
2024-02-26 00:00:00+00:00,0.0009891216576417006
2024-02-27 00:00:00+00:00,1.3064201482282378e-05
2024-02-28 00:00:00+00:00,0.0005339599342526073
2024-02-29 00:00:00+00:00,-0.0019084096144016405
2024-03-01 00:00:00+00:00,9.661900129265266e-05
2024-03-03 00:00:00+00:00,0.00010326242646707673
2024-03-04 00:00:00+00:00,0.001062384270052119
2024-03-05 00:00:00+00:00,-0.0014456341847620124
2024-03-06 00:00:00+00:00,-0.002539695236571604
2024-03-07 00:00:00+00:00,-0.0014691098928225057
2024-03-08 00:00:00+00:00,0.0011765801905898286
2024-03-10 00:00:00+00:00,-0.0002734127071962499
2024-03-11 00:00:00+00:00,0.00013900923225609548
2024-03-12 00:00:00+00:00,-0.003072090440157247
2024-03-13 00:00:00+00:00,0.004166332868872049
2024-03-14 00:00:00+00:00,-0.0009774215568624546
2024-03-15 00:00:00+00:00,0.0010730604243412124
2024-03-17 00:00:00+00:00,-0.0003292182376349609
2024-03-18 00:00:00+00:00,0.00178835918247964
2024-03-19 00:00:00+00:00,-0.0075020018530790695
2024-03-20 00:00:00+00:00,-0.001043155176809583
2024-03-21 00:00:00+00:00,0.002998480858149244
2024-03-22 00:00:00+00:00,-0.004462717616850373
2024-03-24 00:00:00+00:00,-0.0004000377983102322
2024-03-25 00:00:00+00:00,0.00021477237432510066
2024-03-26 00:00:00+00:00,0.0004954157528997971
2024-03-27 00:00:00+00:00,-0.0034373604657927034
2024-03-28 00:00:00+00:00,-0.009010856894481112
2024-03-29 00:00:00+00:00,-0.0008418786770288955
2024-03-31 00:00:00+00:00,0.0007547643180209249
2024-04-01 00:00:00+00:00,-0.00034717256441661173
2024-04-02 00:00:00+00:00,-0.00707265353802089
2024-04-03 00:00:00+00:00,-0.003691388985005317
2024-04-04 00:00:00+00:00,0.0009318099086970677
2024-04-05 00:00:00+00:00,-0.00777174115387802
2024-04-07 00:00:00+00:00,0.004045183797741936
2024-04-08 00:00:00+00:00,-0.005392816944363221
2024-04-09 00:00:00+00:00,-0.00359901906841098
2024-04-10 00:00:00+00:00,0.007998495516804704
2024-04-11 00:00:00+00:00,-0.008105734873339654
2024-04-12 00:00:00+00:00,0.006645793455804946
2024-04-14 00:00:00+00:00,-0.004423076244072233
2024-04-15 00:00:00+00:00,-0.006660240751270696
2024-04-16 00:00:00+00:00,-0.0017811210089710983
2024-04-17 00:00:00+00:00,0.004282196320985643
2024-04-18 00:00:00+00:00,-0.003371611428179877
2024-04-19 00:00:00+00:00,-0.0023359440279741017
2024-04-21 00:00:00+00:00,0.0008769233021505562
2024-04-22 00:00:00+00:00,0.010481599599271363
2024-04-23 00:00:00+00:00,0.0024620285015850563
2024-04-24 00:00:00+00:00,-0.0001723436687950386
2024-04-25 00:00:00+00:00,-0.00424859471998329
2024-04-26 00:00:00+00:00,-0.010251751279382604
2024-04-28 00:00:00+00:00,0.0008060323818820936
2024-04-29 00:00:00+00:00,0.006505927879003726
2024-04-30 00:00:00+00:00,0.004475561766106695
2024-05-01 00:00:00+00:00,-0.0007192568644437958
2024-05-02 00:00:00+00:00,0.01253106223518935
2024-05-03 00:00:00+00:00,0.001234134700315026
2024-05-05 00:00:00+00:00,-0.0007093822698321928
2024-05-06 00:00:00+00:00,0.004969008070648117
2024-05-07 00:00:00+00:00,-0.004111215462993676
2024-05-08 00:00:00+00:00,-0.0034241697758496704
2024-05-09 00:00:00+00:00,0.008049629692236628
2024-05-10 00:00:00+00:00,0.0017255190143297926
2024-05-12 00:00:00+00:00,-0.0003328661258398568
2024-05-13 00:00:00+00:00,-0.003488476841317546
2024-05-14 00:00:00+00:00,0.004570612665568876
2024-05-15 00:00:00+00:00,0.00046807650995442027
2024-05-16 00:00:00+00:00,0.0005520704519276463
2024-05-17 00:00:00+00:00,0.008313448770789069
2024-05-19 00:00:00+00:00,0.001610278923590638
2024-05-20 00:00:00+00:00,0.0031824247759731604
2024-05-21 00:00:00+00:00,-0.001425243199569468
2024-05-22 00:00:00+00:00,-0.006750538706439855
2024-05-23 00:00:00+00:00,-0.009777984056158349
2024-05-24 00:00:00+00:00,0.0002230528626463136
2024-05-26 00:00:00+00:00,0.0003349608483280387
2024-05-27 00:00:00+00:00,0.003068627360455014
2024-05-28 00:00:00+00:00,0.0028549525779673866
2024-05-29 00:00:00+00:00,-0.0034594763704850796
2024-05-30 00:00:00+00:00,-0.0020335111315536018
2024-05-31 00:00:00+00:00,0.004393093612415789
2024-06-02 00:00:00+00:00,0.0001968214536970616
2024-06-03 00:00:00+00:00,-0.003480153135791107
2024-06-04 00:00:00+00:00,-0.00312630129088054
2024-06-05 00:00:00+00:00,0.008116303644395664
2024-06-06 00:00:00+00:00,0.0037710762596236645
2024-06-07 00:00:00+00:00,-0.014093039017159057
2024-06-09 00:00:00+00:00,0.0011829736326841279
2024-06-10 00:00:00+00:00,-0.0018029214952729198
2024-06-11 00:00:00+00:00,-0.0013417802285169195
2024-06-12 00:00:00+00:00,-0.0021807425146190464
2024-06-13 00:00:00+00:00,0.0010200274275076993
2024-06-14 00:00:00+00:00,-0.0008336947427766019
2024-06-16 00:00:00+00:00,-0.0005591490767685725
2024-06-17 00:00:00+00:00,0.00042525713272886236
2024-06-18 00:00:00+00:00,-0.0005548376544777013
2024-06-19 00:00:00+00:00,-0.0002818828507541449
2024-06-20 00:00:00+00:00,-0.003105295145483633
2024-06-21 00:00:00+00:00,-0.0026960367944531827
2024-06-23 00:00:00+00:00,-0.00032541897693272315
2024-06-24 00:00:00+00:00,-0.0006348028159552808
2024-06-25 00:00:00+00:00,6.2617015548216415e-06
2024-06-26 00:00:00+00:00,0.0029116547591466757
2024-06-27 00:00:00+00:00,0.00023033872242939069
2024-06-28 00:00:00+00:00,0.0005382466227358274
2024-06-30 00:00:00+00:00,0.00014296369965194344
2024-07-01 00:00:00+00:00,0.00024589408225695014
2024-07-02 00:00:00+00:00,0.0003667792270400927
2024-07-03 00:00:00+00:00,-0.005803709341703711
2024-07-04 00:00:00+00:00,-0.0002954808519003982
2024-07-05 00:00:00+00:00,-0.0017882112199803755
2024-07-07 00:00:00+00:00,-0.000457132195167409
2024-07-08 00:00:00+00:00,0.000690994658798072
2024-07-09 00:00:00+00:00,0.0014577893820713062
2024-07-10 00:00:00+00:00,0.0008306008219228778
2024-07-11 00:00:00+00:00,-0.010244620877862876
2024-07-12 00:00:00+00:00,-0.0012224707175618743
2024-07-14 00:00:00+00:00,0.0005918364751599242
2024-07-15 00:00:00+00:00,0.002357620950311747
2024-07-16 00:00:00+00:00,0.01003300083421629
2024-07-17 00:00:00+00:00,-0.009990505184163643
2024-07-18 00:00:00+00:00,0.0006881040919847446
2024-07-19 00:00:00+00:00,-0.007548643892961868
2024-07-21 00:00:00+00:00,0.0021194585663358544
2024-07-22 00:00:00+00:00,-0.0049896585183964205
2024-07-23 00:00:00+00:00,-0.001062394629281569
2024-07-24 00:00:00+00:00,-0.008052295209326685
2024-07-25 00:00:00+00:00,-0.008049879770572619
2024-07-26 00:00:00+00:00,0.0046366406050849015
2024-07-28 00:00:00+00:00,0.0007640733170016477
2024-07-29 00:00:00+00:00,-0.002400695826077579
2024-07-30 00:00:00+00:00,0.009761048618568215
2024-07-31 00:00:00+00:00,0.016782525059258115
2024-08-01 00:00:00+00:00,0.0018667030735210167
2024-08-02 00:00:00+00:00,0.008096042160283892
2024-08-04 00:00:00+00:00,0.002921416550850566
2024-08-05 00:00:00+00:00,-0.008202152241964331
2024-08-06 00:00:00+00:00,-0.0007959248669197373
2024-08-07 00:00:00+00:00,-0.005194431144424114
2024-08-08 00:00:00+00:00,0.0034180496367862377
2024-08-09 00:00:00+00:00,0.004840006485017225
2024-08-11 00:00:00+00:00,-0.0022165523263317534
2024-08-12 00:00:00+00:00,0.009893761545154724
2024-08-13 00:00:00+00:00,-0.002142966186250792
2024-08-14 00:00:00+00:00,-0.004148677832238965
2024-08-15 00:00:00+00:00,-0.005116194701646069
2024-08-16 00:00:00+00:00,0.015633668046103024
2024-08-18 00:00:00+00:00,-0.001558636695609714
2024-08-19 00:00:00+00:00,0.003564311102930564
2024-08-20 00:00:00+00:00,-0.002953058786127099
2024-08-21 00:00:00+00:00,0.0005317313523644932
2024-08-22 00:00:00+00:00,-0.0013470894870111338
2024-08-23 00:00:00+00:00,0.011184885425475913
2024-08-25 00:00:00+00:00,0.002175579489260917
2024-08-26 00:00:00+00:00,-0.0021825848098352175
2024-08-27 00:00:00+00:00,-3.321309654342542e-05
2024-08-28 00:00:00+00:00,0.0016458192295760515
2024-08-29 00:00:00+00:00,0.0015646635281085786
2024-08-30 00:00:00+00:00,0.00446539491483311
2024-09-01 00:00:00+00:00,0.0005860082605964844
2024-09-02 00:00:00+00:00,-3.770597759370268e-05
2024-09-03 00:00:00+00:00,-0.005593324557207489
2024-09-04 00:00:00+00:00,-0.006543066814942131
2024-09-05 00:00:00+00:00,0.0043990565268869596
2024-09-06 00:00:00+00:00,-0.007770330374324817
2024-09-08 00:00:00+00:00,0.00043203601915716935
2024-09-09 00:00:00+00:00,-0.000541204673179315
2024-09-10 00:00:00+00:00,0.0055968716529731476
2024-09-11 00:00:00+00:00,-0.002827894291317277
2024-09-12 00:00:00+00:00,0.013126972030460728
2024-09-13 00:00:00+00:00,0.006399655419779184
2024-09-15 00:00:00+00:00,-0.0001716533037671474
2024-09-16 00:00:00+00:00,0.0001669106866197561
2024-09-17 00:00:00+00:00,-0.006232542748050397
2024-09-18 00:00:00+00:00,-0.0024434856014591273
2024-09-19 00:00:00+00:00,-0.0005746200149960856
2024-09-20 00:00:00+00:00,0.0029382653032353715
2024-09-22 00:00:00+00:00,-0.0005488539015112693
2024-09-23 00:00:00+00:00,0.0026185160840562225
2024-09-24 00:00:00+00:00,0.00838503902061635
2024-09-25 00:00:00+00:00,-0.006608715008709163
2024-09-26 00:00:00+00:00,0.0017088620694120892
2024-09-27 00:00:00+00:00,0.007088069301248969
2024-09-29 00:00:00+00:00,0.0029770492970943446
2024-09-30 00:00:00+00:00,-0.0020729288071262043
2024-10-01 00:00:00+00:00,3.1407673448737124e-05
2024-10-02 00:00:00+00:00,0.009904193366590874
2024-10-03 00:00:00+00:00,0.0017722487037782795
2024-10-04 00:00:00+00:00,0.0067383918032385415
2024-10-06 00:00:00+00:00,0.000984516755859255
2024-10-07 00:00:00+00:00,-0.0008943027450371011
2024-10-08 00:00:00+00:00,0.0040345714274839795
2024-10-09 00:00:00+00:00,0.0059996024252739755
2024-10-10 00:00:00+00:00,-0.006257775924058295
2024-10-11 00:00:00+00:00,-0.0031825087264485408
2024-10-13 00:00:00+00:00,0.002336015588975393
2024-10-14 00:00:00+00:00,0.001134919409963464
2024-10-15 00:00:00+00:00,-0.004207831740854484
2024-10-16 00:00:00+00:00,-0.0009437984733378091
2024-10-17 00:00:00+00:00,-0.0018703056438861276
2024-10-18 00:00:00+00:00,-0.00709866051120267
2024-10-20 00:00:00+00:00,-7.687606641326727e-05
2024-10-21 00:00:00+00:00,0.003760695536529912
2024-10-22 00:00:00+00:00,-0.0028472284870990627
2024-10-23 00:00:00+00:00,-0.0007731099755693997
2024-10-24 00:00:00+00:00,0.0009145081776515962
2024-10-25 00:00:00+00:00,-0.0007135921603089964
2024-10-27 00:00:00+00:00,-0.00011016918641273358
2024-10-28 00:00:00+00:00,-0.0009952881025701134
2024-10-29 00:00:00+00:00,-0.0059855472305460995
2024-10-30 00:00:00+00:00,-0.0018173396149660515
2024-10-31 00:00:00+00:00,0.0028498856590038896
2024-11-01 00:00:00+00:00,-0.0014824969652028489
2024-11-03 00:00:00+00:00,-0.0025750448508539995
2024-11-04 00:00:00+00:00,0.0004478613087785851
2024-11-05 00:00:00+00:00,0.0009781681681117482
2024-11-06 00:00:00+00:00,0.005402018357491767
2024-11-07 00:00:00+00:00,-0.004352175726072383
2024-11-08 00:00:00+00:00,0.00598356840517511
2024-11-10 00:00:00+00:00,-0.0012062796424119338
2024-11-11 00:00:00+00:00,0.01343066483285546
2024-11-12 00:00:00+00:00,0.008492582927866588
2024-11-13 00:00:00+00:00,0.007839951915469545
2024-11-14 00:00:00+00:00,0.004208682571728073
2024-11-15 00:00:00+00:00,0.007519766200358185
2024-11-17 00:00:00+00:00,-0.0007688065284620133
2024-11-18 00:00:00+00:00,-0.008110032174095394
2024-11-19 00:00:00+00:00,-0.003941639215612303
2024-11-20 00:00:00+00:00,-0.0014272806553294881
2024-11-21 00:00:00+00:00,-0.006825434354633175
2024-11-22 00:00:00+00:00,-0.010653076186448646
2024-11-24 00:00:00+00:00,0.0011716088811710157
2024-11-25 00:00:00+00:00,0.01935374340762347
2024-11-26 00:00:00+00:00,0.000520916739725541
2024-11-27 00:00:00+00:00,-0.005211815477629322
2024-11-28 00:00:00+00:00,-0.0005186824804255807
2024-11-29 00:00:00+00:00,-0.004987168293779876
2024-12-01 00:00:00+00:00,-0.0006413433770299186
2024-12-02 00:00:00+00:00,0.001171046134546938
2024-12-03 00:00:00+00:00,-0.00033441460723016014
2024-12-04 00:00:00+00:00,-0.003128028606757316
2024-12-05 00:00:00+00:00,0.0014148029571374177
2024-12-06 00:00:00+00:00,0.0002564529558701234
2024-12-08 00:00:00+00:00,0.0007259542647720812
2024-12-09 00:00:00+00:00,0.008774139958425766
2024-12-10 00:00:00+00:00,0.008082271058943737
2024-12-11 00:00:00+00:00,0.005757841166835722
2024-12-12 00:00:00+00:00,-0.00622705379456082
2024-12-13 00:00:00+00:00,0.003430573203953579
2024-12-15 00:00:00+00:00,-0.000595544158134842
2024-12-16 00:00:00+00:00,0.002085261113790149
2024-12-17 00:00:00+00:00,-0.0017131954989682563
2024-12-18 00:00:00+00:00,-0.007680300162962736
2024-12-19 00:00:00+00:00,0.010585920344309021
2024-12-20 00:00:00+00:00,-0.009529945143405966
2024-12-22 00:00:00+00:00,0.00014191438444433047
2024-12-23 00:00:00+00:00,0.003656991790631836
2024-12-24 00:00:00+00:00,-0.000303583839479149
2024-12-25 00:00:00+00:00,-0.0004919610344313874
2024-12-26 00:00:00+00:00,-0.0006227226937371988
2024-12-27 00:00:00+00:00,0.0024556040230040432
2024-12-29 00:00:00+00:00,-0.00042200684829518664
2024-12-30 00:00:00+00:00,0.000508096060578056
2024-12-31 00:00:00+00:00,-0.002743186307021861
2025-01-01 00:00:00+00:00,0.0016596315903786851
2025-01-02 00:00:00+00:00,-0.00767348913635868
2025-01-03 00:00:00+00:00,0.003225091061069274
2025-01-05 00:00:00+00:00,0.0004915558071412196
2025-01-06 00:00:00+00:00,0.001960738869030698
2025-01-07 00:00:00+00:00,-0.0013490276609943175
2025-01-08 00:00:00+00:00,-0.002329986982994864
2025-01-09 00:00:00+00:00,-0.0019036188365663157
2025-01-10 00:00:00+00:00,-0.004665340006010821
2025-01-12 00:00:00+00:00,0.00029250235201006003
2025-01-13 00:00:00+00:00,0.002385519166330452
2025-01-14 00:00:00+00:00,0.0009246405750178432
2025-01-15 00:00:00+00:00,-0.009389367741315768
2025-01-16 00:00:00+00:00,-0.0009247426589136564
2025-01-17 00:00:00+00:00,-0.0008271583567118768
2025-01-19 00:00:00+00:00,0.0011524816962233397
2025-01-20 00:00:00+00:00,0.000701494872662578
2025-01-21 00:00:00+00:00,-0.007751014875232776
2025-01-22 00:00:00+00:00,-0.002186307642064571
2025-01-23 00:00:00+00:00,0.0009013846802960468
2025-01-24 00:00:00+00:00,-0.002521057495297199
2025-01-26 00:00:00+00:00,-0.0008911457197142821
2025-01-27 00:00:00+00:00,-0.002578312634053004
2025-01-28 00:00:00+00:00,0.00208173303468262
2025-01-29 00:00:00+00:00,0.0006926589706168038
2025-01-30 00:00:00+00:00,0.009927117671451793
2025-01-31 00:00:00+00:00,0.004094469106924063
2025-02-02 00:00:00+00:00,-0.001570205973842575
2025-02-03 00:00:00+00:00,0.0038232617927748368
2025-02-04 00:00:00+00:00,0.008391896123370348
2025-02-05 00:00:00+00:00,0.009677361846462808
2025-02-06 00:00:00+00:00,0.002804251095849721
2025-02-07 00:00:00+00:00,-0.00034652193237486354
2025-02-09 00:00:00+00:00,0.002559037087920802
2025-02-10 00:00:00+00:00,0.008423229375915189
2025-02-11 00:00:00+00:00,-0.00018081789743138246
2025-02-12 00:00:00+00:00,0.006000755293093043
2025-02-13 00:00:00+00:00,0.0002447196931879801
2025-02-14 00:00:00+00:00,-0.0022483813910348606
2025-02-16 00:00:00+00:00,-0.0016578079112099836
2025-02-17 00:00:00+00:00,0.005277839505455564
2025-02-18 00:00:00+00:00,0.004303853992284581
2025-02-19 00:00:00+00:00,0.0024329640871573986
2025-02-20 00:00:00+00:00,0.006736293891242164
2025-02-21 00:00:00+00:00,0.0006458383622715453
2025-02-23 00:00:00+00:00,-0.0003910332728959401
2025-02-24 00:00:00+00:00,0.0004416600696278382
2025-02-25 00:00:00+00:00,-0.002532262193150756
2025-02-26 00:00:00+00:00,0.0005982726748441048
2025-02-27 00:00:00+00:00,-0.01152159344355028
2025-02-28 00:00:00+00:00,-0.004963526489425916
2025-03-02 00:00:00+00:00,0.0015056189982980105
2025-03-03 00:00:00+00:00,0.004980011183695804
2025-03-04 00:00:00+00:00,0.0022125127279831154
2025-03-05 00:00:00+00:00,0.003737792885530968
2025-03-06 00:00:00+00:00,0.0010479623442194686
2025-03-07 00:00:00+00:00,0.0004159600936203512
2025-03-09 00:00:00+00:00,0.0023068979606792016
2025-03-10 00:00:00+00:00,-0.003740012757403686
2025-03-11 00:00:00+00:00,0.001968917314749099
2025-03-12 00:00:00+00:00,0.0029524342871034247
2025-03-13 00:00:00+00:00,0.009346308210699619
2025-03-14 00:00:00+00:00,-0.0024467185487755706
2025-03-16 00:00:00+00:00,0.0006422419049964235
2025-03-17 00:00:00+00:00,-0.0011143985882400597
2025-03-18 00:00:00+00:00,0.005096769308808948
2025-03-19 00:00:00+00:00,0.0062224262811592344
2025-03-20 00:00:00+00:00,-0.0012220670611452244
2025-03-21 00:00:00+00:00,-0.006142198613811076
2025-03-23 00:00:00+00:00,-0.0010757998440222049
2025-03-24 00:00:00+00:00,-0.0037279758626607273
2025-03-25 00:00:00+00:00,0.004541442413886243
2025-03-26 00:00:00+00:00,0.001747757384994986
2025-03-27 00:00:00+00:00,0.0012527081090421
2025-03-28 00:00:00+00:00,-0.0033874485419387312
2025-03-30 00:00:00+00:00,-0.0006941246354176811
2025-03-31 00:00:00+00:00,0.0038811054910634483
2025-04-01 00:00:00+00:00,-0.00029167688470169476
2025-04-02 00:00:00+00:00,0.006230835630143706
2025-04-03 00:00:00+00:00,0.005504314192204651
2025-04-04 00:00:00+00:00,-0.014405704143809046
2025-04-06 00:00:00+00:00,-0.0012839730230170023
2025-04-07 00:00:00+00:00,-0.011283262783243406
2025-04-08 00:00:00+00:00,0.006009447203361853
2025-04-09 00:00:00+00:00,0.012791046768297978
2025-04-10 00:00:00+00:00,0.028862475764477948
2025-04-11 00:00:00+00:00,0.0008598228588801955
2025-04-13 00:00:00+00:00,-0.000672459809202608
2025-04-14 00:00:00+00:00,0.0016736721968600432
2025-04-15 00:00:00+00:00,0.0001850364836085694
2025-04-16 00:00:00+00:00,0.00429583269303313
2025-04-17 00:00:00+00:00,-0.001507764281487023
2025-04-18 00:00:00+00:00,0.0007937622927789434
2025-04-20 00:00:00+00:00,0.004883129321003696
2025-04-21 00:00:00+00:00,0.002529266559514828
2025-04-22 00:00:00+00:00,-0.02082832093481127
2025-04-23 00:00:00+00:00,-0.0017335813553574207
2025-04-24 00:00:00+00:00,0.0011976507887734855
2025-04-25 00:00:00+00:00,-0.002828062217368754
2025-04-27 00:00:00+00:00,-0.0006647547716167601
2025-04-28 00:00:00+00:00,0.005790633493913899
2025-04-29 00:00:00+00:00,0.00022858276269690136
2025-04-30 00:00:00+00:00,0.002688776729603881
2025-05-01 00:00:00+00:00,0.008341315732434573
2025-05-02 00:00:00+00:00,-0.001530166633427088
2025-05-04 00:00:00+00:00,-0.001072680113683444
2025-05-05 00:00:00+00:00,-0.003276807255984948
2025-05-06 00:00:00+00:00,0.007769149003492208
2025-05-07 00:00:00+00:00,-0.000925125768501487
2025-05-08 00:00:00+00:00,-0.001719259296001894
2025-05-09 00:00:00+00:00,-0.0004966403011359176
2025-05-11 00:00:00+00:00,0.007502826291818726
2025-05-12 00:00:00+00:00,0.01599708375164144
2025-05-13 00:00:00+00:00,-0.005189027620747966
2025-05-14 00:00:00+00:00,0.007506289762824192
2025-05-15 00:00:00+00:00,-0.011641493561888705
2025-05-16 00:00:00+00:00,0.005629089661708608
2025-05-18 00:00:00+00:00,-0.006512011994988576
2025-05-19 00:00:00+00:00,0.0010316759578562484
2025-05-20 00:00:00+00:00,-0.01284507553438885
2025-05-21 00:00:00+00:00,-0.006623298199316174
2025-05-22 00:00:00+00:00,0.0035729175582434602
2025-05-23 00:00:00+00:00,-0.013016469551965726
2025-05-25 00:00:00+00:00,0.0029541210487561975
2025-05-26 00:00:00+00:00,-0.0007063233076717238
2025-05-27 00:00:00+00:00,0.005293453645471846
2025-05-28 00:00:00+00:00,0.00548775834437587
2025-05-29 00:00:00+00:00,-0.00674576759698331
2025-05-30 00:00:00+00:00,0.0049338489751007625
2025-06-01 00:00:00+00:00,-0.004035502231422794
2025-06-02 00:00:00+00:00,-0.004749063162084291
2025-06-03 00:00:00+00:00,0.004893700676833257
2025-06-04 00:00:00+00:00,0.003778817054363525
2025-06-05 00:00:00+00:00,-0.0028970986975316304
2025-06-06 00:00:00+00:00,-0.003052357566501296
2025-06-08 00:00:00+00:00,0.0013839932645511085
2025-06-09 00:00:00+00:00,0.0016913396196437636
2025-06-10 00:00:00+00:00,-0.0009745922730617572
2025-06-11 00:00:00+00:00,-0.0023060083134523275
2025-06-12 00:00:00+00:00,-0.0037625794996635764
2025-06-13 00:00:00+00:00,0.008989840735666858
2025-06-15 00:00:00+00:00,0.003086836209121282
2025-06-16 00:00:00+00:00,-0.005688309949949431
2025-06-17 00:00:00+00:00,8.472019616181589e-05
2025-06-18 00:00:00+00:00,-0.003393051736217321
2025-06-19 00:00:00+00:00,-4.8578800604634964e-05
2025-06-20 00:00:00+00:00,0.002897186881067184
2025-06-22 00:00:00+00:00,0.0009106289419040482
2025-06-23 00:00:00+00:00,-0.005301409131845045
2025-06-24 00:00:00+00:00,0.0002789524506518165
2025-06-25 00:00:00+00:00,0.002079683372231909
2025-06-26 00:00:00+00:00,-0.0039571193125548
2025-06-27 00:00:00+00:00,-0.006805544486204882
2025-06-29 00:00:00+00:00,-0.0022257036604844994
2025-06-30 00:00:00+00:00,0.004955426845110602
2025-07-01 00:00:00+00:00,0.0022886420499399728
2025-07-02 00:00:00+00:00,0.0021166259841049716
2025-07-03 00:00:00+00:00,0.0012865464056038521
2025-07-04 00:00:00+00:00,-0.00015471395991048845
2025-07-06 00:00:00+00:00,-0.001060488912497135
2025-07-07 00:00:00+00:00,0.005611557773310096
2025-07-08 00:00:00+00:00,-0.001547964071240169
2025-07-09 00:00:00+00:00,-0.0003450064682440114
2025-07-10 00:00:00+00:00,0.0014282968094630722
2025-07-11 00:00:00+00:00,0.00854508775245252
2025-07-13 00:00:00+00:00,0.0013734174039336212
2025-07-14 00:00:00+00:00,0.0016537521125103369
2025-07-15 00:00:00+00:00,0.0033629935379098086
2025-07-16 00:00:00+00:00,-0.002641501824854342
2025-07-17 00:00:00+00:00,0.0015270992546945195
2025-07-18 00:00:00+00:00,0.0012934083330526924
2025-07-20 00:00:00+00:00,-0.0010607534239338197
2025-07-21 00:00:00+00:00,-0.010632877716147016
2025-07-22 00:00:00+00:00,-0.0067198963301181025
2025-07-23 00:00:00+00:00,0.006859741127673196
2025-07-24 00:00:00+00:00,-0.002257659916520076
2025-07-25 00:00:00+00:00,0.007032005041215413
2025-07-27 00:00:00+00:00,0.0009072741393583161
2025-07-28 00:00:00+00:00,0.005452150741514561
2025-07-29 00:00:00+00:00,-0.0023863954242380747
2025-07-30 00:00:00+00:00,0.009048170291603541
2025-07-31 00:00:00+00:00,0.005301151752188118
2025-08-01 00:00:00+00:00,-0.011308856781004017
2025-08-03 00:00:00+00:00,-0.0001797829036634946
2025-08-04 00:00:00+00:00,-0.0018731294155972522
2025-08-05 00:00:00+00:00,0.0024898668210771024
2025-08-06 00:00:00+00:00,-0.0011015007524097786
2025-08-07 00:00:00+00:00,-0.001351892989857384
2025-08-08 00:00:00+00:00,0.0031606983508510877
2025-08-10 00:00:00+00:00,-0.0013585953063717008
2025-08-11 00:00:00+00:00,-0.004679169922905711
2025-08-12 00:00:00+00:00,-0.001121980767166939
2025-08-13 00:00:00+00:00,-0.002202040173729451
2025-08-14 00:00:00+00:00,-0.002220183139359363
2025-08-15 00:00:00+00:00,-0.001894416770407945
2025-08-17 00:00:00+00:00,0.00024184655342759814
2025-08-18 00:00:00+00:00,0.0023330050599381646
2025-08-19 00:00:00+00:00,-0.0006151890861399445
2025-08-20 00:00:00+00:00,-0.0014687965344524212
2025-08-21 00:00:00+00:00,0.0036658384587184845
2025-08-22 00:00:00+00:00,9.324887545275433e-05
2025-08-24 00:00:00+00:00,0.001140640550008951
2025-08-25 00:00:00+00:00,-0.00032793256466931995
2025-08-26 00:00:00+00:00,0.004124036225807395
2025-08-27 00:00:00+00:00,-0.000463822115629804
2025-08-28 00:00:00+00:00,-0.0017171401810802123
2025-08-29 00:00:00+00:00,0.0007185082270895204
2025-08-31 00:00:00+00:00,0.0002686289044701029
2025-09-01 00:00:00+00:00,-8.836203966777756e-05
2025-09-02 00:00:00+00:00,0.012281850269191156
2025-09-03 00:00:00+00:00,0.0021670653474303546
2025-09-04 00:00:00+00:00,0.0015043668641450023
2025-09-05 00:00:00+00:00,0.0012699433125823749
2025-09-07 00:00:00+00:00,-0.0031265173494304365
2025-09-08 00:00:00+00:00,0.009200611350444365
2025-09-09 00:00:00+00:00,-0.0002283699010833403
2025-09-10 00:00:00+00:00,0.0013355197230612537
2025-09-11 00:00:00+00:00,-0.0022840084192005984
2025-09-12 00:00:00+00:00,0.002983169003369115
2025-09-14 00:00:00+00:00,-0.0007454504742142353
2025-09-15 00:00:00+00:00,0.00432179636522392
2025-09-16 00:00:00+00:00,-0.0010961565952109266
2025-09-17 00:00:00+00:00,-0.0018584424744370921
2025-09-18 00:00:00+00:00,-0.00035286679599281015
2025-09-19 00:00:00+00:00,0.006052407027722886
2025-09-21 00:00:00+00:00,0.0005731819585323673
2025-09-22 00:00:00+00:00,0.007023865700699874
2025-09-23 00:00:00+00:00,0.0016189253460560347
2025-09-24 00:00:00+00:00,0.0011394509135418084
2025-09-25 00:00:00+00:00,0.0038265717506748807
2025-09-26 00:00:00+00:00,-0.0012101324458038364
2025-09-28 00:00:00+00:00,-0.0003210423173904964
2025-09-29 00:00:00+00:00,-0.002663686193672743
2025-09-30 00:00:00+00:00,-0.002001735959252071
2025-10-01 00:00:00+00:00,-0.0031730698208792757
2025-10-02 00:00:00+00:00,0.0001573495695786075
2025-10-03 00:00:00+00:00,-0.0020667503591530302
2025-10-05 00:00:00+00:00,0.004227218197507043
2025-10-06 00:00:00+00:00,0.00259819790355196
2025-10-07 00:00:00+00:00,0.002497940318079268
2025-10-08 00:00:00+00:00,-1.1208052227429377e-05
2025-10-09 00:00:00+00:00,0.00375178466975018
2025-10-10 00:00:00+00:00,-0.008612624582333417
2025-10-12 00:00:00+00:00,-0.0001351609609600013
2025-10-13 00:00:00+00:00,0.0012767670953755354
2025-10-14 00:00:00+00:00,-0.0024760592942411064
2025-10-15 00:00:00+00:00,-0.002356547246300411
2025-10-16 00:00:00+00:00,-0.0027750182131267565
2025-10-17 00:00:00+00:00,0.0015917203900047694
2025-10-19 00:00:00+00:00,0.0009593042554604247
2025-10-20 00:00:00+00:00,-0.00031473836958900714
2025-10-21 00:00:00+00:00,-0.02722807296297392
2025-10-22 00:00:00+00:00,0.00034998662593433707
2025-10-23 00:00:00+00:00,0.002049503908203243
2025-10-24 00:00:00+00:00,0.0008878783311819793
2025-10-26 00:00:00+00:00,0.0006246647741395828
2025-10-27 00:00:00+00:00,-0.0012281721792870015
2025-10-28 00:00:00+00:00,-0.003136931308408142
2025-10-29 00:00:00+00:00,0.003255590191051705
2025-10-30 00:00:00+00:00,0.003872923582601606
2025-10-31 00:00:00+00:00,0.00033461113637844875
2025-11-02 00:00:00+00:00,0.0006005986507632288
2025-11-03 00:00:00+00:00,4.8638763148645126e-05
2025-11-04 00:00:00+00:00,-0.0021463819522349326
2025-11-05 00:00:00+00:00,-0.003190755775885394
2025-11-06 00:00:00+00:00,-0.0056373458950380595
2025-11-07 00:00:00+00:00,-1.6131887834447411e-06
2025-11-09 00:00:00+00:00,1.5739167221640038e-05
2025-11-10 00:00:00+00:00,-0.012418601620255876
2025-11-11 00:00:00+00:00,-0.0029767070059877887
2025-11-12 00:00:00+00:00,-0.003813983447795266
2025-11-13 00:00:00+00:00,0.0003673254619707689
2025-11-14 00:00:00+00:00,0.01178754494640899
2025-11-16 00:00:00+00:00,-0.0012487167222657858
2025-11-17 00:00:00+00:00,0.009484456116869544
2025-11-18 00:00:00+00:00,-0.004119962095994079
2025-11-19 00:00:00+00:00,0.0012728490846191098
2025-11-20 00:00:00+00:00,0.0018412785492272555
2025-11-21 00:00:00+00:00,0.004719633440362192
2025-11-23 00:00:00+00:00,-0.002011879791336546
2025-11-24 00:00:00+00:00,-0.00913343735368477
2025-11-25 00:00:00+00:00,0.0022665788635640076
2025-11-26 00:00:00+00:00,-8.322769817792341e-05
2025-11-27 00:00:00+00:00,-0.00047760930942650524
2025-11-28 00:00:00+00:00,0.007107533215950281
2025-11-30 00:00:00+00:00,0.0009668877118438025
2025-12-01 00:00:00+00:00,-0.0005398056151947838
2025-12-02 00:00:00+00:00,-0.0025070915582247485
2025-12-03 00:00:00+00:00,0.0020842510353121426
2025-12-04 00:00:00+00:00,-0.0002758491082473883
2025-12-05 00:00:00+00:00,-0.0017131639570452139
2025-12-07 00:00:00+00:00,7.488011034394239e-05
2025-12-08 00:00:00+00:00,-0.0017405639156599228
2025-12-09 00:00:00+00:00,-0.0030671106918964686
2025-12-10 00:00:00+00:00,-0.0033642226547869487
2025-12-11 00:00:00+00:00,-0.00080254760712406
2025-12-12 00:00:00+00:00,0.001019266385430595
2025-12-14 00:00:00+00:00,0.00014760526501556015
2025-12-15 00:00:00+00:00,-0.0026625263846740688
2025-12-16 00:00:00+00:00,-0.0008514096634997248
2025-12-17 00:00:00+00:00,0.0023227565531455108
2025-12-18 00:00:00+00:00,0.00027332595889184574
2025-12-19 00:00:00+00:00,0.0068808371417368175
2025-12-21 00:00:00+00:00,-0.00027263850670178336
2025-12-22 00:00:00+00:00,0.0022424784863701217
2025-12-23 00:00:00+00:00,0.002370649825706228
2025-12-24 00:00:00+00:00,-0.0014567546009796664
2025-12-25 00:00:00+00:00,0.001216880931893205
2025-12-26 00:00:00+00:00,0.001511802953140573
2025-12-28 00:00:00+00:00,-0.0002873985323514905
2025-12-29 00:00:00+00:00,-0.0016039671026985558
2025-12-30 00:00:00+00:00,-0.0013526430138242954
2025-12-31 00:00:00+00:00,-0.0017592610171744542
2026-01-01 00:00:00+00:00,0.002936783849167059
2026-01-02 00:00:00+00:00,-0.0023613022331233392
2026-01-04 00:00:00+00:00,0.004133174344885773
2026-01-05 00:00:00+00:00,0.001217677613744457
2026-01-06 00:00:00+00:00,-0.0058021408577037786
2026-01-07 00:00:00+00:00,-0.003309330234759038
2026-01-08 00:00:00+00:00,0.0005276044219567049
2026-01-09 00:00:00+00:00,0.0034073450757649004
2026-01-11 00:00:00+00:00,-0.002780919189515397
2026-01-12 00:00:00+00:00,-0.007061213513026687
2026-01-13 00:00:00+00:00,0.004113255735538668
2026-01-14 00:00:00+00:00,-0.004415240584977831
2026-01-15 00:00:00+00:00,0.0010761388797089766
2026-01-16 00:00:00+00:00,-0.0016036164614076911
2026-01-18 00:00:00+00:00,-0.0016668458974082867
2026-01-19 00:00:00+00:00,0.0026913356054924092
2026-01-20 00:00:00+00:00,-0.0118710493942355
2026-01-21 00:00:00+00:00,0.0007091438633261005
2026-01-22 00:00:00+00:00,-0.018808830130792042
2026-01-23 00:00:00+00:00,-0.01163333897253166
2026-01-25 00:00:00+00:00,-0.007044839198549868
2026-01-26 00:00:00+00:00,-0.0024542835235141737
2026-01-27 00:00:00+00:00,-0.006130578405337039
2026-01-28 00:00:00+00:00,0.0019410217905925231
2026-01-29 00:00:00+00:00,0.00017310192110475686
2026-01-30 00:00:00+00:00,0.005331652975669621
2026-02-01 00:00:00+00:00,0.0014472621547407805
2026-02-02 00:00:00+00:00,0.0007924083415472571
2026-02-03 00:00:00+00:00,0.0010806012774251528
2026-02-04 00:00:00+00:00,0.0035460992907800915
2026-02-05 00:00:00+00:00,-0.00034095978586451414
2026-02-06 00:00:00+00:00,0.001406223095221426
2026-02-08 00:00:00+00:00,1.907862939121152e-05
2026-02-09 00:00:00+00:00,0.0035356344558151224
2026-02-10 00:00:00+00:00,-0.005239359324646599
2026-02-11 00:00:00+00:00,-0.0020976485028565885
2026-02-12 00:00:00+00:00,-0.015587415536559322
2026-02-13 00:00:00+00:00,0.012030530623567928
2026-02-15 00:00:00+00:00,-0.0019732277774014186
2026-02-16 00:00:00+00:00,-0.0005747885249429464
2026-02-17 00:00:00+00:00,-0.014539097994447612
2026-02-18 00:00:00+00:00,0.01700119131250352
2026-02-19 00:00:00+00:00,0.002718417577138279
2026-02-20 00:00:00+00:00,-0.0003948579318264039
2026-02-22 00:00:00+00:00,-0.0023472361938661757
2026-02-23 00:00:00+00:00,0.0010269002513799697
2026-02-24 00:00:00+00:00,0.004028060647205289
2026-02-25 00:00:00+00:00,0.0008370159898916096
2026-02-26 00:00:00+00:00,-0.000998898650206137
2026-02-27 00:00:00+00:00,0.0006672654946746626
2026-03-01 00:00:00+00:00,0.0018197196094009715
2026-03-02 00:00:00+00:00,-0.0018619251889806557
2026-03-03 00:00:00+00:00,-0.019136002993447063
2026-03-04 00:00:00+00:00,-0.002485250239106967
2026-03-05 00:00:00+00:00,0.001869629195517919
2026-03-06 00:00:00+00:00,-0.00077423034533574
2026-03-08 00:00:00+00:00,-0.0018947074926493057
2026-03-09 00:00:00+00:00,0.001663447091650616
2026-03-10 00:00:00+00:00,-0.006280553770887122
2026-03-11 00:00:00+00:00,0.0029157288768549283
2026-03-12 00:00:00+00:00,0.00301807915618979
2026-03-13 00:00:00+00:00,0.006026513383881327
2026-03-15 00:00:00+00:00,0.0028883307895070653
2026-03-16 00:00:00+00:00,-0.00020811420206440223
2026-03-17 00:00:00+00:00,0.0017118192958566758
2026-03-18 00:00:00+00:00,0.013756300862590887
2026-03-19 00:00:00+00:00,0.0258449750661221
2026-03-20 00:00:00+00:00,0.011632848209502167
2026-03-22 00:00:00+00:00,0.0038956369908728083
2026-03-23 00:00:00+00:00,0.004716039339151934
2026-03-24 00:00:00+00:00,-0.012584893951811948
2026-03-25 00:00:00+00:00,0.0032136629935310412
2026-03-26 00:00:00+00:00,0.009310945632804601
2026-03-27 00:00:00+00:00,-0.012029402078253315
2026-03-29 00:00:00+00:00,0.005340185903449091
2026-03-30 00:00:00+00:00,-0.006065307555742361
2026-03-31 00:00:00+00:00,-0.016334026163992876
2026-04-01 00:00:00+00:00,-0.009730704644717814
2026-04-02 00:00:00+00:00,0.008987718158004643
2026-04-03 00:00:00+00:00,0.0005173523466184696
2026-04-05 00:00:00+00:00,0.006472156851899114
2026-04-06 00:00:00+00:00,-0.004933795485687953
2026-04-07 00:00:00+00:00,-0.015693391382572086
2026-04-08 00:00:00+00:00,0.012387588457250798
2026-04-09 00:00:00+00:00,-0.0013854528904364183
2026-04-10 00:00:00+00:00,0.0006380203652298948
2026-04-12 00:00:00+00:00,0.0011864332301744218
2026-04-13 00:00:00+00:00,-0.001434127217730563
2026-04-14 00:00:00+00:00,-0.0013157812097650545
2026-04-15 00:00:00+00:00,5.352577423456406e-05
2026-04-16 00:00:00+00:00,-0.0021753815628221458
2026-04-17 00:00:00+00:00,0.002342211236347893
2026-04-19 00:00:00+00:00,-0.0063976040723413875
2026-04-20 00:00:00+00:00,0.005958696462106141
2026-04-21 00:00:00+00:00,-0.00710814644748756
2026-04-22 00:00:00+00:00,-0.0007781716681660477
2026-04-23 00:00:00+00:00,-0.0027009679930006004
2026-04-24 00:00:00+00:00,0.00012040324409048572
2026-04-26 00:00:00+00:00,-0.002422409605340046
2026-04-27 00:00:00+00:00,0.000519980398685418
2026-04-28 00:00:00+00:00,-0.009739601120687922
2026-04-29 00:00:00+00:00,0.002012746409412356
2026-04-30 00:00:00+00:00,-0.010018538978670832
2026-05-01 00:00:00+00:00,0.00022612473167593627
2026-05-03 00:00:00+00:00,-0.00052208017114036
2026-05-04 00:00:00+00:00,0.0010038240917782382
2026-05-05 00:00:00+00:00,0.0014725058041534789
2026-05-06 00:00:00+00:00,-0.0036688694681566436
2026-05-07 00:00:00+00:00,0.00105097718517011
2026-05-08 00:00:00+00:00,-0.0005291679948995487
2026-05-10 00:00:00+00:00,0.003061496706644978
2026-05-11 00:00:00+00:00,0.0011804666546903532
2026-05-12 00:00:00+00:00,0.00137369626049344
2026-05-13 00:00:00+00:00,0.0005930031965092342
2026-05-14 00:00:00+00:00,0.0063710106089030685
2026-05-15 00:00:00+00:00,0.013335226844091053
2026-05-17 00:00:00+00:00,0.000556743152754613
2026-05-18 00:00:00+00:00,-0.004863160785684717
2026-05-19 00:00:00+00:00,0.01060972473485261
2026-05-20 00:00:00+00:00,-0.006830188717520114
2026-05-21 00:00:00+00:00,0.0016495762380727141
2026-05-22 00:00:00+00:00,0.0025149398528365803
2026-05-24 00:00:00+00:00,-0.0072919405543256325
2026-05-25 00:00:00+00:00,0.0008198521354143562
2026-05-26 00:00:00+00:00,0.005312848318338781
2026-05-27 00:00:00+00:00,0.0090289045356719
2026-05-28 00:00:00+00:00,-0.006340829453114982
2026-05-29 00:00:00+00:00,-0.005025805779188819
2026-05-31 00:00:00+00:00,0.0003713541733422199
2026-06-01 00:00:00+00:00,0.006989075874687611
2026-06-02 00:00:00+00:00,0.002171074283268848
2026-06-03 00:00:00+00:00,0.0018112415093231582
2026-06-04 00:00:00+00:00,-0.0003520326990450462
2026-06-05 00:00:00+00:00,0.015912137554058348
2026-06-07 00:00:00+00:00,-0.001701138545555203
2026-06-08 00:00:00+00:00,0.0025240405538833333
2026-06-09 00:00:00+00:00,0.011709065982007716
2026-06-10 00:00:00+00:00,0.00044334939244171194
2026-06-11 00:00:00+00:00,-0.0012333912653472723
2026-06-12 00:00:00+00:00,0.0002653977531739127
2026-06-14 00:00:00+00:00,-0.0008082535482019093
2026-06-15 00:00:00+00:00,0.0008908310046698009
2026-06-16 00:00:00+00:00,0.0005585093105686667
2026-06-17 00:00:00+00:00,0.0005578861413602088
2026-06-18 00:00:00+00:00,0.002154340435600144
2026-06-19 00:00:00+00:00,3.719822936432138e-05
2026-06-21 00:00:00+00:00,0.0004091500836898021
2026-06-22 00:00:00+00:00,0.000418106812353658
2026-06-23 00:00:00+00:00,7.426799606380374e-05
2026-06-24 00:00:00+00:00,0.011098613050836993
2026-06-25 00:00:00+00:00,-0.0001779585854112531
2026-06-26 00:00:00+00:00,-0.00017484858771756802
2026-06-28 00:00:00+00:00,0.0001298291818906394
2026-06-29 00:00:00+00:00,0.00041101901812801156
2026-06-30 00:00:00+00:00,0.0021892716426021863
2026-07-01 00:00:00+00:00,-0.0002705444707473692
2026-07-02 00:00:00+00:00,-0.0033559524322196443
2026-07-03 00:00:00+00:00,-0.0002756168863343733
2026-07-05 00:00:00+00:00,0.0002819659533858099
2026-07-06 00:00:00+00:00,0.0019757460144433914
2026-07-07 00:00:00+00:00,0.007882252021046528
2026-07-08 00:00:00+00:00,0.0005555730826560045
2026-07-09 00:00:00+00:00,-0.006347514696646464
2026-07-10 00:00:00+00:00,0.002476398023183707
2026-07-12 00:00:00+00:00,0.0037423284329662354
2026-07-13 00:00:00+00:00,0.008556958202505849
2026-07-14 00:00:00+00:00,-0.005825828997154392
2026-07-15 00:00:00+00:00,-0.00021935966947128627
2026-07-16 00:00:00+00:00,0.00793576493148801
2026-07-17 00:00:00+00:00,-7.271930736970878e-05
2026-07-19 00:00:00+00:00,-0.00035405531883458963
2026-07-20 00:00:00+00:00,9.537346402577196e-05
2026-07-21 00:00:00+00:00,-0.0021540052188468994
2026-07-22 00:00:00+00:00,0.0003094590288501564
2026-07-23 00:00:00+00:00,-0.0023177813069098496
2026-07-24 00:00:00+00:00,-0.0007658935055328103
2026-07-26 00:00:00+00:00,-0.00439840845545314
2026-07-27 00:00:00+00:00,0.0020885983912861117
2026-07-28 00:00:00+00:00,0.005632262354907547
2026-07-29 00:00:00+00:00,-0.005703229188027459
2026-07-30 00:00:00+00:00,0.007003046544724667
2026-07-31 00:00:00+00:00,0.008528936973746147
2026-08-02 00:00:00+00:00,-0.0004287048033991825
2026-08-03 00:00:00+00:00,0.0001427791808917278
2026-08-04 00:00:00+00:00,-0.0005236732025313273
2026-08-05 00:00:00+00:00,0.0003011933597960592
2026-08-06 00:00:00+00:00,-0.002575962337654114
2026-08-07 00:00:00+00:00,0.00198519154415705
2026-08-09 00:00:00+00:00,-0.0003707365299060461
2026-08-10 00:00:00+00:00,-0.003951592985922403
2026-08-11 00:00:00+00:00,-0.0003644154587550963
2026-08-12 00:00:00+00:00,0.0001789432500877093
2026-08-13 00:00:00+00:00,0.0003043843904153576
2026-08-14 00:00:00+00:00,-0.00035751246589521557
2026-08-16 00:00:00+00:00,-0.0002950019143740934
2026-08-17 00:00:00+00:00,0.00033599829174701945
2026-08-18 00:00:00+00:00,-0.009874778386892016
2026-08-19 00:00:00+00:00,-0.004059384501172343
2026-08-20 00:00:00+00:00,0.001999823080422569
2026-08-21 00:00:00+00:00,0.00026432217096605815
2026-08-23 00:00:00+00:00,-0.0003145029909234487
2026-08-24 00:00:00+00:00,0.0008087814150212758
2026-08-25 00:00:00+00:00,0.00024821224346172066
2026-08-26 00:00:00+00:00,-0.0033232881613167466
2026-08-27 00:00:00+00:00,-0.0030117273023247716
2026-08-28 00:00:00+00:00,-0.012676622896728527
2026-08-30 00:00:00+00:00,4.179839782054093e-05
2026-08-31 00:00:00+00:00,-0.00046664073935026975
2026-09-01 00:00:00+00:00,0.0014069560178279444
2026-09-02 00:00:00+00:00,-0.004060523966766705
2026-09-03 00:00:00+00:00,-0.021027815275153967
2026-09-04 00:00:00+00:00,-0.001971066900403268
2026-09-06 00:00:00+00:00,0.00013760264197076877
2026-09-07 00:00:00+00:00,0.00760543904125377
2026-09-08 00:00:00+00:00,0.0012188938294718787
2026-09-09 00:00:00+00:00,-0.00028021609222361743
2026-09-10 00:00:00+00:00,-0.0030187769882571436
2026-09-11 00:00:00+00:00,0.0030751103802779123
2026-09-13 00:00:00+00:00,0.00030941400244927086
2026-09-14 00:00:00+00:00,0.001876736351174896
2026-09-15 00:00:00+00:00,-0.0022219907521078275
2026-09-16 00:00:00+00:00,-0.0010527580631005673
2026-09-17 00:00:00+00:00,-0.009108288194778047
2026-09-18 00:00:00+00:00,-0.005989673157306807
2026-09-20 00:00:00+00:00,0.00029258726570807747
2026-09-21 00:00:00+00:00,-0.000753134396389854
2026-09-22 00:00:00+00:00,0.0002669461207250312
2026-09-23 00:00:00+00:00,0.006031312074207651
2026-09-24 00:00:00+00:00,0.0009467430093669238
2026-09-25 00:00:00+00:00,0.0024397149753230263
2026-09-27 00:00:00+00:00,0.002554187699558119
2026-09-28 00:00:00+00:00,0.015315528995325066
2026-09-29 00:00:00+00:00,-0.006187161829183163
