Date,ret
2000-07-17 00:00:00+00:00,0.0
2000-07-18 00:00:00+00:00,0.0
2000-07-19 00:00:00+00:00,0.0
2000-07-20 00:00:00+00:00,0.0
2000-07-21 00:00:00+00:00,0.0
2000-07-24 00:00:00+00:00,0.0
2000-07-25 00:00:00+00:00,0.0
2000-07-26 00:00:00+00:00,0.0
2000-07-27 00:00:00+00:00,0.0
2000-07-28 00:00:00+00:00,0.0
2000-07-31 00:00:00+00:00,0.0
2000-08-01 00:00:00+00:00,0.0
2000-08-02 00:00:00+00:00,0.0
2000-08-03 00:00:00+00:00,0.0
2000-08-04 00:00:00+00:00,0.0
2000-08-07 00:00:00+00:00,0.0
2000-08-08 00:00:00+00:00,0.0
2000-08-09 00:00:00+00:00,0.0
2000-08-10 00:00:00+00:00,0.0
2000-08-11 00:00:00+00:00,0.0
2000-08-14 00:00:00+00:00,0.0
2000-08-15 00:00:00+00:00,0.0
2000-08-16 00:00:00+00:00,0.0
2000-08-17 00:00:00+00:00,0.0
2000-08-18 00:00:00+00:00,0.0
2000-08-21 00:00:00+00:00,0.0
2000-08-22 00:00:00+00:00,0.0
2000-08-23 00:00:00+00:00,0.0
2000-08-24 00:00:00+00:00,0.0
2000-08-25 00:00:00+00:00,0.0
2000-08-28 00:00:00+00:00,0.0
2000-08-29 00:00:00+00:00,0.0
2000-08-30 00:00:00+00:00,0.0
2000-08-31 00:00:00+00:00,0.0
2000-09-01 00:00:00+00:00,0.0
2000-09-05 00:00:00+00:00,0.0
2000-09-06 00:00:00+00:00,0.0
2000-09-07 00:00:00+00:00,0.0
2000-09-08 00:00:00+00:00,0.0
2000-09-11 00:00:00+00:00,0.0
2000-09-12 00:00:00+00:00,0.0
2000-09-13 00:00:00+00:00,0.0
2000-09-14 00:00:00+00:00,0.0
2000-09-15 00:00:00+00:00,0.0
2000-09-18 00:00:00+00:00,0.0
2000-09-19 00:00:00+00:00,0.0
2000-09-20 00:00:00+00:00,0.0
2000-09-21 00:00:00+00:00,0.0
2000-09-22 00:00:00+00:00,0.0
2000-09-25 00:00:00+00:00,0.0
2000-09-26 00:00:00+00:00,0.0
2000-09-27 00:00:00+00:00,0.0
2000-09-28 00:00:00+00:00,0.0
2000-09-29 00:00:00+00:00,0.0
2000-10-02 00:00:00+00:00,0.0
2000-10-03 00:00:00+00:00,0.0
2000-10-04 00:00:00+00:00,0.0
2000-10-05 00:00:00+00:00,0.0
2000-10-06 00:00:00+00:00,0.0
2000-10-09 00:00:00+00:00,0.0
2000-10-10 00:00:00+00:00,0.0
2000-10-11 00:00:00+00:00,0.0
2000-10-12 00:00:00+00:00,0.0
2000-10-13 00:00:00+00:00,0.0
2000-10-16 00:00:00+00:00,0.0
2000-10-17 00:00:00+00:00,0.0
2000-10-18 00:00:00+00:00,0.0
2000-10-19 00:00:00+00:00,0.0
2000-10-20 00:00:00+00:00,0.0
2000-10-23 00:00:00+00:00,0.0
2000-10-24 00:00:00+00:00,0.0
2000-10-25 00:00:00+00:00,0.0
2000-10-26 00:00:00+00:00,0.0
2000-10-27 00:00:00+00:00,0.0
2000-10-30 00:00:00+00:00,0.0
2000-10-31 00:00:00+00:00,0.0
2000-11-01 00:00:00+00:00,0.0
2000-11-02 00:00:00+00:00,0.0
2000-11-03 00:00:00+00:00,0.0
2000-11-06 00:00:00+00:00,0.0
2000-11-07 00:00:00+00:00,0.0
2000-11-08 00:00:00+00:00,0.0
2000-11-09 00:00:00+00:00,0.0
2000-11-10 00:00:00+00:00,0.0
2000-11-13 00:00:00+00:00,0.0
2000-11-14 00:00:00+00:00,0.0
2000-11-15 00:00:00+00:00,0.0
2000-11-16 00:00:00+00:00,0.0
2000-11-17 00:00:00+00:00,0.0
2000-11-20 00:00:00+00:00,0.0
2000-11-21 00:00:00+00:00,0.0
2000-11-22 00:00:00+00:00,0.0
2000-11-24 00:00:00+00:00,0.0
2000-11-27 00:00:00+00:00,0.0
2000-11-28 00:00:00+00:00,0.0
2000-11-29 00:00:00+00:00,0.0
2000-11-30 00:00:00+00:00,0.0
2000-12-01 00:00:00+00:00,0.0
2000-12-04 00:00:00+00:00,0.0
2000-12-05 00:00:00+00:00,0.0
2000-12-06 00:00:00+00:00,0.0
2000-12-07 00:00:00+00:00,0.0
2000-12-08 00:00:00+00:00,0.0
2000-12-11 00:00:00+00:00,0.0
2000-12-12 00:00:00+00:00,0.0
2000-12-13 00:00:00+00:00,0.0
2000-12-14 00:00:00+00:00,0.0
2000-12-15 00:00:00+00:00,0.0
2000-12-18 00:00:00+00:00,0.0
2000-12-19 00:00:00+00:00,0.0
2000-12-20 00:00:00+00:00,0.0
2000-12-21 00:00:00+00:00,0.0
2000-12-22 00:00:00+00:00,0.0
2000-12-26 00:00:00+00:00,0.0
2000-12-27 00:00:00+00:00,0.0
2000-12-28 00:00:00+00:00,0.0
2000-12-29 00:00:00+00:00,0.0
2001-01-02 00:00:00+00:00,0.0
2001-01-03 00:00:00+00:00,0.0
2001-01-04 00:00:00+00:00,0.0
2001-01-05 00:00:00+00:00,0.0
2001-01-08 00:00:00+00:00,0.0
2001-01-09 00:00:00+00:00,0.0
2001-01-10 00:00:00+00:00,0.0
2001-01-11 00:00:00+00:00,0.0
2001-01-12 00:00:00+00:00,0.0
2001-01-16 00:00:00+00:00,0.0
2001-01-17 00:00:00+00:00,0.0
2001-01-18 00:00:00+00:00,0.0
2001-01-19 00:00:00+00:00,0.0
2001-01-22 00:00:00+00:00,0.0
2001-01-23 00:00:00+00:00,0.0
2001-01-24 00:00:00+00:00,0.0
2001-01-25 00:00:00+00:00,0.0
2001-01-26 00:00:00+00:00,0.0
2001-01-29 00:00:00+00:00,0.0
2001-01-30 00:00:00+00:00,0.0
2001-01-31 00:00:00+00:00,0.0
2001-02-01 00:00:00+00:00,0.0
2001-02-02 00:00:00+00:00,0.0
2001-02-05 00:00:00+00:00,0.0
2001-02-06 00:00:00+00:00,0.0
2001-02-07 00:00:00+00:00,0.0
2001-02-08 00:00:00+00:00,0.0
2001-02-09 00:00:00+00:00,0.0
2001-02-12 00:00:00+00:00,0.0
2001-02-13 00:00:00+00:00,0.0
2001-02-14 00:00:00+00:00,0.0
2001-02-15 00:00:00+00:00,0.0
2001-02-16 00:00:00+00:00,0.0
2001-02-20 00:00:00+00:00,0.0
2001-02-21 00:00:00+00:00,0.0
2001-02-22 00:00:00+00:00,0.0
2001-02-23 00:00:00+00:00,0.0
2001-02-26 00:00:00+00:00,0.0
2001-02-27 00:00:00+00:00,0.0
2001-02-28 00:00:00+00:00,0.0
2001-03-01 00:00:00+00:00,0.0
2001-03-02 00:00:00+00:00,0.0
2001-03-05 00:00:00+00:00,0.0
2001-03-06 00:00:00+00:00,0.0
2001-03-07 00:00:00+00:00,0.0
2001-03-08 00:00:00+00:00,0.0
2001-03-09 00:00:00+00:00,0.0
2001-03-12 00:00:00+00:00,0.0
2001-03-13 00:00:00+00:00,0.0
2001-03-14 00:00:00+00:00,0.0
2001-03-15 00:00:00+00:00,0.0
2001-03-16 00:00:00+00:00,0.0
2001-03-19 00:00:00+00:00,0.0
2001-03-20 00:00:00+00:00,0.0
2001-03-21 00:00:00+00:00,0.0
2001-03-22 00:00:00+00:00,0.0
2001-03-23 00:00:00+00:00,0.0
2001-03-26 00:00:00+00:00,0.0
2001-03-27 00:00:00+00:00,0.0
2001-03-28 00:00:00+00:00,0.0
2001-03-29 00:00:00+00:00,0.0
2001-03-30 00:00:00+00:00,0.0
2001-04-02 00:00:00+00:00,0.0
2001-04-03 00:00:00+00:00,0.0
2001-04-04 00:00:00+00:00,0.0
2001-04-05 00:00:00+00:00,0.0
2001-04-06 00:00:00+00:00,0.0
2001-04-09 00:00:00+00:00,0.0
2001-04-10 00:00:00+00:00,0.0
2001-04-11 00:00:00+00:00,0.0
2001-04-12 00:00:00+00:00,0.0
2001-04-16 00:00:00+00:00,0.0
2001-04-17 00:00:00+00:00,0.0
2001-04-18 00:00:00+00:00,0.0
2001-04-19 00:00:00+00:00,0.0
2001-04-20 00:00:00+00:00,0.0
2001-04-23 00:00:00+00:00,0.0
2001-04-24 00:00:00+00:00,0.0
2001-04-25 00:00:00+00:00,0.0
2001-04-26 00:00:00+00:00,0.0
2001-04-27 00:00:00+00:00,0.0
2001-04-30 00:00:00+00:00,0.0
2001-05-01 00:00:00+00:00,0.0
2001-05-02 00:00:00+00:00,0.0
2001-05-03 00:00:00+00:00,0.0
2001-05-04 00:00:00+00:00,0.0
2001-05-07 00:00:00+00:00,0.0
2001-05-08 00:00:00+00:00,0.0
2001-05-09 00:00:00+00:00,0.0
2001-05-10 00:00:00+00:00,0.0
2001-05-11 00:00:00+00:00,0.0
2001-05-14 00:00:00+00:00,0.0
2001-05-15 00:00:00+00:00,0.0
2001-05-16 00:00:00+00:00,0.0
2001-05-17 00:00:00+00:00,0.0
2001-05-18 00:00:00+00:00,0.0
2001-05-21 00:00:00+00:00,0.0
2001-05-22 00:00:00+00:00,0.0
2001-05-23 00:00:00+00:00,0.0
2001-05-24 00:00:00+00:00,0.0
2001-05-25 00:00:00+00:00,0.0
2001-05-29 00:00:00+00:00,0.0
2001-05-30 00:00:00+00:00,0.0
2001-05-31 00:00:00+00:00,0.0
2001-06-01 00:00:00+00:00,0.0
2001-06-04 00:00:00+00:00,0.0
2001-06-05 00:00:00+00:00,0.0
2001-06-06 00:00:00+00:00,0.0
2001-06-07 00:00:00+00:00,0.0
2001-06-08 00:00:00+00:00,0.0
2001-06-11 00:00:00+00:00,0.0
2001-06-12 00:00:00+00:00,0.0
2001-06-13 00:00:00+00:00,0.0
2001-06-14 00:00:00+00:00,0.0
2001-06-15 00:00:00+00:00,0.0
2001-06-18 00:00:00+00:00,0.0
2001-06-19 00:00:00+00:00,0.0
2001-06-20 00:00:00+00:00,0.0
2001-06-21 00:00:00+00:00,0.0
2001-06-22 00:00:00+00:00,0.0
2001-06-25 00:00:00+00:00,0.0
2001-06-26 00:00:00+00:00,0.0
2001-06-27 00:00:00+00:00,0.0
2001-06-28 00:00:00+00:00,0.0
2001-06-29 00:00:00+00:00,0.0
2001-07-02 00:00:00+00:00,0.0
2001-07-03 00:00:00+00:00,0.0
2001-07-05 00:00:00+00:00,0.0
2001-07-06 00:00:00+00:00,0.0
2001-07-09 00:00:00+00:00,0.0
2001-07-10 00:00:00+00:00,0.0
2001-07-11 00:00:00+00:00,0.0
2001-07-12 00:00:00+00:00,0.0
2001-07-13 00:00:00+00:00,0.0
2001-07-16 00:00:00+00:00,0.0
2001-07-17 00:00:00+00:00,0.0
2001-07-18 00:00:00+00:00,0.0
2001-07-19 00:00:00+00:00,0.0
2001-07-20 00:00:00+00:00,0.0
2001-07-23 00:00:00+00:00,0.0
2001-07-24 00:00:00+00:00,0.0
2001-07-25 00:00:00+00:00,0.0
2001-07-26 00:00:00+00:00,0.0
2001-07-27 00:00:00+00:00,0.0
2001-07-30 00:00:00+00:00,0.0
2001-07-31 00:00:00+00:00,0.0
2001-08-01 00:00:00+00:00,0.0
2001-08-02 00:00:00+00:00,0.0
2001-08-03 00:00:00+00:00,0.0
2001-08-06 00:00:00+00:00,0.0
2001-08-07 00:00:00+00:00,0.0
2001-08-08 00:00:00+00:00,0.0
2001-08-09 00:00:00+00:00,0.0
2001-08-10 00:00:00+00:00,0.0
2001-08-13 00:00:00+00:00,0.0
2001-08-14 00:00:00+00:00,0.0
2001-08-15 00:00:00+00:00,0.0
2001-08-16 00:00:00+00:00,0.0
2001-08-17 00:00:00+00:00,0.0
2001-08-20 00:00:00+00:00,0.0
2001-08-21 00:00:00+00:00,0.0
2001-08-22 00:00:00+00:00,0.0
2001-08-23 00:00:00+00:00,0.0
2001-08-24 00:00:00+00:00,0.0
2001-08-27 00:00:00+00:00,0.0
2001-08-28 00:00:00+00:00,0.0
2001-08-29 00:00:00+00:00,0.0
2001-08-30 00:00:00+00:00,0.0
2001-08-31 00:00:00+00:00,0.0
2001-09-04 00:00:00+00:00,0.0
2001-09-05 00:00:00+00:00,0.0
2001-09-06 00:00:00+00:00,0.0
2001-09-07 00:00:00+00:00,0.0
2001-09-10 00:00:00+00:00,0.0
2001-09-11 00:00:00+00:00,0.0
2001-09-12 00:00:00+00:00,0.0
2001-09-13 00:00:00+00:00,0.0
2001-09-14 00:00:00+00:00,0.0
2001-09-17 00:00:00+00:00,0.0
2001-09-18 00:00:00+00:00,0.0
2001-09-19 00:00:00+00:00,0.0
2001-09-20 00:00:00+00:00,0.0
2001-09-21 00:00:00+00:00,0.0
2001-09-24 00:00:00+00:00,0.0
2001-09-25 00:00:00+00:00,0.0
2001-09-26 00:00:00+00:00,0.0
2001-09-27 00:00:00+00:00,0.0
2001-09-28 00:00:00+00:00,0.0
2001-10-01 00:00:00+00:00,0.0
2001-10-02 00:00:00+00:00,0.0
2001-10-03 00:00:00+00:00,0.0
2001-10-04 00:00:00+00:00,0.0
2001-10-05 00:00:00+00:00,0.0
2001-10-08 00:00:00+00:00,0.0
2001-10-09 00:00:00+00:00,0.0
2001-10-10 00:00:00+00:00,0.0
2001-10-11 00:00:00+00:00,0.0
2001-10-12 00:00:00+00:00,0.0
2001-10-15 00:00:00+00:00,0.0
2001-10-16 00:00:00+00:00,0.0
2001-10-17 00:00:00+00:00,0.0
2001-10-18 00:00:00+00:00,0.0
2001-10-19 00:00:00+00:00,0.0
2001-10-22 00:00:00+00:00,0.0
2001-10-23 00:00:00+00:00,0.0
2001-10-24 00:00:00+00:00,0.0
2001-10-25 00:00:00+00:00,0.0
2001-10-26 00:00:00+00:00,0.0
2001-10-29 00:00:00+00:00,0.0
2001-10-30 00:00:00+00:00,0.0
2001-10-31 00:00:00+00:00,0.0
2001-11-01 00:00:00+00:00,0.0
2001-11-02 00:00:00+00:00,0.0
2001-11-05 00:00:00+00:00,0.0
2001-11-06 00:00:00+00:00,0.0
2001-11-07 00:00:00+00:00,0.0
2001-11-08 00:00:00+00:00,0.0
2001-11-09 00:00:00+00:00,0.0
2001-11-12 00:00:00+00:00,0.0
2001-11-13 00:00:00+00:00,0.0
2001-11-14 00:00:00+00:00,0.0
2001-11-15 00:00:00+00:00,0.0
2001-11-16 00:00:00+00:00,0.0
2001-11-19 00:00:00+00:00,0.0
2001-11-20 00:00:00+00:00,0.0
2001-11-21 00:00:00+00:00,0.0
2001-11-23 00:00:00+00:00,0.0
2001-11-26 00:00:00+00:00,0.0
2001-11-27 00:00:00+00:00,0.0
2001-11-28 00:00:00+00:00,0.0
2001-11-29 00:00:00+00:00,0.0
2001-11-30 00:00:00+00:00,0.0
2001-12-03 00:00:00+00:00,0.0
2001-12-04 00:00:00+00:00,0.0
2001-12-05 00:00:00+00:00,0.0
2001-12-06 00:00:00+00:00,0.0
2001-12-07 00:00:00+00:00,0.0
2001-12-10 00:00:00+00:00,0.0
2001-12-11 00:00:00+00:00,0.0
2001-12-12 00:00:00+00:00,0.0
2001-12-13 00:00:00+00:00,0.0
2001-12-14 00:00:00+00:00,0.0
2001-12-17 00:00:00+00:00,0.0
2001-12-18 00:00:00+00:00,0.0
2001-12-19 00:00:00+00:00,0.0
2001-12-20 00:00:00+00:00,0.0
2001-12-21 00:00:00+00:00,0.0
2001-12-24 00:00:00+00:00,0.0
2001-12-26 00:00:00+00:00,0.0
2001-12-27 00:00:00+00:00,0.0
2001-12-28 00:00:00+00:00,0.0
2001-12-31 00:00:00+00:00,0.0
2002-01-02 00:00:00+00:00,0.0
2002-01-03 00:00:00+00:00,0.0
2002-01-04 00:00:00+00:00,0.0
2002-01-07 00:00:00+00:00,0.0
2002-01-08 00:00:00+00:00,0.0
2002-01-09 00:00:00+00:00,0.0
2002-01-10 00:00:00+00:00,0.0
2002-01-11 00:00:00+00:00,0.0
2002-01-14 00:00:00+00:00,0.0
2002-01-15 00:00:00+00:00,0.0
2002-01-16 00:00:00+00:00,0.0
2002-01-17 00:00:00+00:00,0.0
2002-01-18 00:00:00+00:00,0.0
2002-01-22 00:00:00+00:00,0.0
2002-01-23 00:00:00+00:00,0.0
2002-01-24 00:00:00+00:00,0.0
2002-01-25 00:00:00+00:00,0.0
2002-01-28 00:00:00+00:00,0.0
2002-01-29 00:00:00+00:00,0.0
2002-01-30 00:00:00+00:00,0.0
2002-01-31 00:00:00+00:00,0.0
2002-02-01 00:00:00+00:00,0.0
2002-02-04 00:00:00+00:00,0.0
2002-02-05 00:00:00+00:00,0.0
2002-02-06 00:00:00+00:00,0.0
2002-02-07 00:00:00+00:00,0.0
2002-02-08 00:00:00+00:00,0.0
2002-02-11 00:00:00+00:00,0.0
2002-02-12 00:00:00+00:00,0.0
2002-02-13 00:00:00+00:00,0.0
2002-02-14 00:00:00+00:00,0.0
2002-02-15 00:00:00+00:00,0.0
2002-02-19 00:00:00+00:00,0.0
2002-02-20 00:00:00+00:00,0.0
2002-02-21 00:00:00+00:00,0.0
2002-02-22 00:00:00+00:00,0.0
2002-02-25 00:00:00+00:00,0.0
2002-02-26 00:00:00+00:00,0.0
2002-02-27 00:00:00+00:00,0.0
2002-02-28 00:00:00+00:00,0.0
2002-03-01 00:00:00+00:00,0.0
2002-03-04 00:00:00+00:00,0.0
2002-03-05 00:00:00+00:00,0.0
2002-03-06 00:00:00+00:00,0.0
2002-03-07 00:00:00+00:00,0.0
2002-03-08 00:00:00+00:00,0.0
2002-03-11 00:00:00+00:00,0.0
2002-03-12 00:00:00+00:00,0.0
2002-03-13 00:00:00+00:00,0.0
2002-03-14 00:00:00+00:00,0.0
2002-03-15 00:00:00+00:00,0.0
2002-03-18 00:00:00+00:00,0.0
2002-03-19 00:00:00+00:00,0.0
2002-03-20 00:00:00+00:00,0.0
2002-03-21 00:00:00+00:00,0.0
2002-03-22 00:00:00+00:00,0.0
2002-03-25 00:00:00+00:00,0.0
2002-03-26 00:00:00+00:00,0.0
2002-03-27 00:00:00+00:00,0.0
2002-03-28 00:00:00+00:00,0.0
2002-04-01 00:00:00+00:00,0.0
2002-04-02 00:00:00+00:00,0.0
2002-04-03 00:00:00+00:00,0.0
2002-04-04 00:00:00+00:00,0.0
2002-04-05 00:00:00+00:00,0.0
2002-04-08 00:00:00+00:00,0.0
2002-04-09 00:00:00+00:00,0.0
2002-04-10 00:00:00+00:00,0.0
2002-04-11 00:00:00+00:00,0.0
2002-04-12 00:00:00+00:00,0.0
2002-04-15 00:00:00+00:00,0.0
2002-04-16 00:00:00+00:00,0.0
2002-04-17 00:00:00+00:00,0.0
2002-04-18 00:00:00+00:00,0.0
2002-04-19 00:00:00+00:00,0.0
2002-04-22 00:00:00+00:00,0.0
2002-04-23 00:00:00+00:00,0.0
2002-04-24 00:00:00+00:00,0.0
2002-04-25 00:00:00+00:00,0.0
2002-04-26 00:00:00+00:00,0.0
2002-04-29 00:00:00+00:00,0.0
2002-04-30 00:00:00+00:00,0.0
2002-05-01 00:00:00+00:00,0.0
2002-05-02 00:00:00+00:00,0.0
2002-05-03 00:00:00+00:00,0.0
2002-05-06 00:00:00+00:00,0.0
2002-05-07 00:00:00+00:00,0.0
2002-05-08 00:00:00+00:00,0.0
2002-05-09 00:00:00+00:00,0.0
2002-05-10 00:00:00+00:00,0.0
2002-05-13 00:00:00+00:00,0.0
2002-05-14 00:00:00+00:00,0.0
2002-05-15 00:00:00+00:00,0.0
2002-05-16 00:00:00+00:00,0.0
2002-05-17 00:00:00+00:00,0.0
2002-05-20 00:00:00+00:00,0.0
2002-05-21 00:00:00+00:00,0.0
2002-05-22 00:00:00+00:00,0.0
2002-05-23 00:00:00+00:00,0.0
2002-05-24 00:00:00+00:00,0.0
2002-05-28 00:00:00+00:00,0.0
2002-05-29 00:00:00+00:00,0.0
2002-05-30 00:00:00+00:00,0.0
2002-05-31 00:00:00+00:00,0.0
2002-06-03 00:00:00+00:00,0.0
2002-06-04 00:00:00+00:00,0.0
2002-06-05 00:00:00+00:00,0.0
2002-06-06 00:00:00+00:00,0.0
2002-06-07 00:00:00+00:00,0.0
2002-06-10 00:00:00+00:00,0.0
2002-06-11 00:00:00+00:00,0.0
2002-06-12 00:00:00+00:00,0.0
2002-06-13 00:00:00+00:00,0.0
2002-06-14 00:00:00+00:00,0.0
2002-06-17 00:00:00+00:00,0.0
2002-06-18 00:00:00+00:00,0.0
2002-06-19 00:00:00+00:00,0.0
2002-06-20 00:00:00+00:00,0.0
2002-06-21 00:00:00+00:00,0.0
2002-06-24 00:00:00+00:00,0.0
2002-06-25 00:00:00+00:00,0.0
2002-06-26 00:00:00+00:00,0.0
2002-06-27 00:00:00+00:00,0.0
2002-06-28 00:00:00+00:00,0.0
2002-07-01 00:00:00+00:00,0.0
2002-07-02 00:00:00+00:00,0.0
2002-07-03 00:00:00+00:00,0.0
2002-07-04 00:00:00+00:00,0.0
2002-07-05 00:00:00+00:00,0.0
2002-07-08 00:00:00+00:00,0.0
2002-07-09 00:00:00+00:00,0.0
2002-07-10 00:00:00+00:00,0.0
2002-07-11 00:00:00+00:00,0.0
2002-07-12 00:00:00+00:00,0.0
2002-07-15 00:00:00+00:00,0.0
2002-07-16 00:00:00+00:00,0.0
2002-07-17 00:00:00+00:00,0.0
2002-07-18 00:00:00+00:00,0.0
2002-07-19 00:00:00+00:00,0.0
2002-07-22 00:00:00+00:00,0.0
2002-07-23 00:00:00+00:00,0.0
2002-07-24 00:00:00+00:00,0.0
2002-07-25 00:00:00+00:00,0.0
2002-07-26 00:00:00+00:00,0.0
2002-07-29 00:00:00+00:00,0.0
2002-07-30 00:00:00+00:00,0.0
2002-07-31 00:00:00+00:00,0.0
2002-08-01 00:00:00+00:00,0.0
2002-08-02 00:00:00+00:00,0.0
2002-08-05 00:00:00+00:00,0.0
2002-08-06 00:00:00+00:00,0.0
2002-08-07 00:00:00+00:00,0.0
2002-08-08 00:00:00+00:00,0.0
2002-08-09 00:00:00+00:00,0.0
2002-08-12 00:00:00+00:00,0.0
2002-08-13 00:00:00+00:00,0.0
2002-08-14 00:00:00+00:00,0.0
2002-08-15 00:00:00+00:00,0.0
2002-08-16 00:00:00+00:00,0.0
2002-08-19 00:00:00+00:00,0.0
2002-08-20 00:00:00+00:00,0.0
2002-08-21 00:00:00+00:00,0.0
2002-08-22 00:00:00+00:00,0.0
2002-08-23 00:00:00+00:00,0.0
2002-08-26 00:00:00+00:00,0.0
2002-08-27 00:00:00+00:00,0.0
2002-08-28 00:00:00+00:00,0.0
2002-08-29 00:00:00+00:00,0.0
2002-08-30 00:00:00+00:00,0.0
2002-09-03 00:00:00+00:00,0.0
2002-09-04 00:00:00+00:00,0.0
2002-09-05 00:00:00+00:00,0.0
2002-09-06 00:00:00+00:00,0.0
2002-09-09 00:00:00+00:00,0.0
2002-09-10 00:00:00+00:00,0.0
2002-09-11 00:00:00+00:00,0.0
2002-09-12 00:00:00+00:00,0.0
2002-09-13 00:00:00+00:00,0.0
2002-09-16 00:00:00+00:00,0.0
2002-09-17 00:00:00+00:00,0.0
2002-09-18 00:00:00+00:00,0.0
2002-09-19 00:00:00+00:00,0.0
2002-09-20 00:00:00+00:00,0.0
2002-09-23 00:00:00+00:00,0.0
2002-09-24 00:00:00+00:00,0.0
2002-09-25 00:00:00+00:00,0.0
2002-09-26 00:00:00+00:00,0.0
2002-09-27 00:00:00+00:00,0.0
2002-09-30 00:00:00+00:00,0.0
2002-10-01 00:00:00+00:00,0.0
2002-10-02 00:00:00+00:00,0.0
2002-10-03 00:00:00+00:00,0.0
2002-10-04 00:00:00+00:00,0.0
2002-10-07 00:00:00+00:00,0.0
2002-10-08 00:00:00+00:00,0.0
2002-10-09 00:00:00+00:00,0.0
2002-10-10 00:00:00+00:00,0.0
2002-10-11 00:00:00+00:00,0.0
2002-10-14 00:00:00+00:00,0.0
2002-10-15 00:00:00+00:00,0.0
2002-10-16 00:00:00+00:00,0.0
2002-10-17 00:00:00+00:00,0.0
2002-10-18 00:00:00+00:00,0.0
2002-10-21 00:00:00+00:00,0.0
2002-10-22 00:00:00+00:00,0.0
2002-10-23 00:00:00+00:00,0.0
2002-10-24 00:00:00+00:00,0.0
2002-10-25 00:00:00+00:00,0.0
2002-10-28 00:00:00+00:00,0.0
2002-10-29 00:00:00+00:00,0.0
2002-10-30 00:00:00+00:00,0.0
2002-10-31 00:00:00+00:00,0.0
2002-11-01 00:00:00+00:00,0.0
2002-11-04 00:00:00+00:00,0.0
2002-11-05 00:00:00+00:00,0.0
2002-11-06 00:00:00+00:00,0.0
2002-11-07 00:00:00+00:00,0.0
2002-11-08 00:00:00+00:00,0.0
2002-11-11 00:00:00+00:00,0.0
2002-11-12 00:00:00+00:00,0.0
2002-11-13 00:00:00+00:00,0.0
2002-11-14 00:00:00+00:00,0.0
2002-11-15 00:00:00+00:00,0.0
2002-11-18 00:00:00+00:00,0.0
2002-11-19 00:00:00+00:00,0.0
2002-11-20 00:00:00+00:00,0.0
2002-11-21 00:00:00+00:00,0.0
2002-11-22 00:00:00+00:00,0.0
2002-11-25 00:00:00+00:00,0.0
2002-11-26 00:00:00+00:00,0.0
2002-11-27 00:00:00+00:00,0.0
2002-11-29 00:00:00+00:00,0.0
2002-12-02 00:00:00+00:00,0.0
2002-12-03 00:00:00+00:00,0.0
2002-12-04 00:00:00+00:00,0.0
2002-12-05 00:00:00+00:00,0.0
2002-12-06 00:00:00+00:00,0.0
2002-12-09 00:00:00+00:00,0.0
2002-12-10 00:00:00+00:00,0.0
2002-12-11 00:00:00+00:00,0.0
2002-12-12 00:00:00+00:00,0.0
2002-12-13 00:00:00+00:00,0.0
2002-12-16 00:00:00+00:00,0.0
2002-12-17 00:00:00+00:00,0.0
2002-12-18 00:00:00+00:00,0.0
2002-12-19 00:00:00+00:00,0.0
2002-12-20 00:00:00+00:00,0.0
2002-12-23 00:00:00+00:00,0.0
2002-12-24 00:00:00+00:00,0.0
2002-12-26 00:00:00+00:00,0.0
2002-12-27 00:00:00+00:00,0.0
2002-12-30 00:00:00+00:00,0.0
2002-12-31 00:00:00+00:00,0.0
2003-01-02 00:00:00+00:00,0.0
2003-01-03 00:00:00+00:00,0.0
2003-01-06 00:00:00+00:00,0.0
2003-01-07 00:00:00+00:00,0.0
2003-01-08 00:00:00+00:00,0.0
2003-01-09 00:00:00+00:00,0.0
2003-01-10 00:00:00+00:00,0.0
2003-01-13 00:00:00+00:00,0.0
2003-01-14 00:00:00+00:00,0.0
2003-01-15 00:00:00+00:00,0.0
2003-01-16 00:00:00+00:00,0.0
2003-01-17 00:00:00+00:00,0.0
2003-01-21 00:00:00+00:00,0.0
2003-01-22 00:00:00+00:00,0.0
2003-01-23 00:00:00+00:00,0.0
2003-01-24 00:00:00+00:00,0.0
2003-01-27 00:00:00+00:00,0.0
2003-01-28 00:00:00+00:00,0.0
2003-01-29 00:00:00+00:00,0.0
2003-01-30 00:00:00+00:00,0.0
2003-01-31 00:00:00+00:00,0.0
2003-02-03 00:00:00+00:00,0.0
2003-02-04 00:00:00+00:00,0.0
2003-02-05 00:00:00+00:00,0.0
2003-02-06 00:00:00+00:00,0.0
2003-02-07 00:00:00+00:00,0.0
2003-02-10 00:00:00+00:00,0.0
2003-02-11 00:00:00+00:00,0.0
2003-02-12 00:00:00+00:00,0.0
2003-02-13 00:00:00+00:00,0.0
2003-02-14 00:00:00+00:00,0.0
2003-02-18 00:00:00+00:00,0.0
2003-02-19 00:00:00+00:00,0.0
2003-02-20 00:00:00+00:00,0.0
2003-02-21 00:00:00+00:00,0.0
2003-02-24 00:00:00+00:00,0.0
2003-02-25 00:00:00+00:00,0.0
2003-02-26 00:00:00+00:00,0.0
2003-02-27 00:00:00+00:00,0.0
2003-02-28 00:00:00+00:00,0.0
2003-03-03 00:00:00+00:00,0.0
2003-03-04 00:00:00+00:00,0.0
2003-03-05 00:00:00+00:00,0.0
2003-03-06 00:00:00+00:00,0.0
2003-03-07 00:00:00+00:00,0.0
2003-03-10 00:00:00+00:00,0.0
2003-03-11 00:00:00+00:00,0.0
2003-03-12 00:00:00+00:00,0.0
2003-03-13 00:00:00+00:00,0.0
2003-03-14 00:00:00+00:00,0.0
2003-03-17 00:00:00+00:00,0.0
2003-03-18 00:00:00+00:00,0.0
2003-03-19 00:00:00+00:00,0.0
2003-03-20 00:00:00+00:00,0.0
2003-03-21 00:00:00+00:00,0.0
2003-03-24 00:00:00+00:00,0.0
2003-03-25 00:00:00+00:00,0.0
2003-03-26 00:00:00+00:00,0.0
2003-03-27 00:00:00+00:00,0.0
2003-03-28 00:00:00+00:00,0.0
2003-03-31 00:00:00+00:00,0.0
2003-04-01 00:00:00+00:00,0.0
2003-04-02 00:00:00+00:00,0.0
2003-04-03 00:00:00+00:00,0.0
2003-04-04 00:00:00+00:00,0.0
2003-04-07 00:00:00+00:00,0.0
2003-04-08 00:00:00+00:00,0.0
2003-04-09 00:00:00+00:00,0.0
2003-04-10 00:00:00+00:00,0.0
2003-04-11 00:00:00+00:00,0.0
2003-04-14 00:00:00+00:00,0.0
2003-04-15 00:00:00+00:00,0.0
2003-04-16 00:00:00+00:00,0.0
2003-04-17 00:00:00+00:00,0.0
2003-04-21 00:00:00+00:00,0.0
2003-04-22 00:00:00+00:00,0.0
2003-04-23 00:00:00+00:00,0.0
2003-04-24 00:00:00+00:00,0.0
2003-04-25 00:00:00+00:00,0.0
2003-04-28 00:00:00+00:00,0.0
2003-04-29 00:00:00+00:00,0.0
2003-04-30 00:00:00+00:00,0.0
2003-05-01 00:00:00+00:00,0.0
2003-05-02 00:00:00+00:00,0.0
2003-05-05 00:00:00+00:00,0.0
2003-05-06 00:00:00+00:00,0.0
2003-05-07 00:00:00+00:00,0.0
2003-05-08 00:00:00+00:00,0.0
2003-05-09 00:00:00+00:00,0.0
2003-05-12 00:00:00+00:00,0.0
2003-05-13 00:00:00+00:00,0.0
2003-05-14 00:00:00+00:00,0.0
2003-05-15 00:00:00+00:00,0.0
2003-05-16 00:00:00+00:00,0.0
2003-05-19 00:00:00+00:00,0.0
2003-05-20 00:00:00+00:00,0.0
2003-05-21 00:00:00+00:00,0.0
2003-05-22 00:00:00+00:00,0.0
2003-05-23 00:00:00+00:00,0.0
2003-05-27 00:00:00+00:00,0.0
2003-05-28 00:00:00+00:00,0.0
2003-05-29 00:00:00+00:00,0.0
2003-05-30 00:00:00+00:00,0.0
2003-06-02 00:00:00+00:00,0.0
2003-06-03 00:00:00+00:00,0.0
2003-06-04 00:00:00+00:00,0.0
2003-06-05 00:00:00+00:00,0.0
2003-06-06 00:00:00+00:00,0.0
2003-06-09 00:00:00+00:00,0.0
2003-06-10 00:00:00+00:00,0.0
2003-06-11 00:00:00+00:00,0.0
2003-06-12 00:00:00+00:00,0.0
2003-06-13 00:00:00+00:00,0.0
2003-06-16 00:00:00+00:00,0.0
2003-06-17 00:00:00+00:00,0.0
2003-06-18 00:00:00+00:00,0.0
2003-06-19 00:00:00+00:00,0.0
2003-06-20 00:00:00+00:00,0.0
2003-06-23 00:00:00+00:00,0.0
2003-06-24 00:00:00+00:00,0.0
2003-06-25 00:00:00+00:00,0.0
2003-06-26 00:00:00+00:00,0.0
2003-06-27 00:00:00+00:00,0.0
2003-06-30 00:00:00+00:00,0.0
2003-07-01 00:00:00+00:00,0.0
2003-07-02 00:00:00+00:00,0.0
2003-07-03 00:00:00+00:00,0.0
2003-07-07 00:00:00+00:00,0.0
2003-07-08 00:00:00+00:00,0.0
2003-07-09 00:00:00+00:00,0.0
2003-07-10 00:00:00+00:00,0.0
2003-07-11 00:00:00+00:00,0.0
2003-07-14 00:00:00+00:00,0.0
2003-07-15 00:00:00+00:00,0.0
2003-07-16 00:00:00+00:00,0.0
2003-07-17 00:00:00+00:00,0.0
2003-07-18 00:00:00+00:00,0.0
2003-07-21 00:00:00+00:00,0.0
2003-07-22 00:00:00+00:00,0.0
2003-07-23 00:00:00+00:00,0.0
2003-07-24 00:00:00+00:00,0.0
2003-07-25 00:00:00+00:00,0.0
2003-07-28 00:00:00+00:00,0.0
2003-07-29 00:00:00+00:00,0.0
2003-07-30 00:00:00+00:00,0.0
2003-07-31 00:00:00+00:00,0.0
2003-08-01 00:00:00+00:00,0.0
2003-08-04 00:00:00+00:00,0.0
2003-08-05 00:00:00+00:00,0.0
2003-08-06 00:00:00+00:00,0.0
2003-08-07 00:00:00+00:00,0.0
2003-08-08 00:00:00+00:00,0.0
2003-08-11 00:00:00+00:00,0.0
2003-08-12 00:00:00+00:00,0.0
2003-08-13 00:00:00+00:00,0.0
2003-08-14 00:00:00+00:00,0.0
2003-08-15 00:00:00+00:00,0.0
2003-08-18 00:00:00+00:00,0.0
2003-08-19 00:00:00+00:00,0.0
2003-08-20 00:00:00+00:00,0.0
2003-08-21 00:00:00+00:00,0.0
2003-08-22 00:00:00+00:00,0.0
2003-08-25 00:00:00+00:00,0.0
2003-08-26 00:00:00+00:00,0.0
2003-08-27 00:00:00+00:00,0.0
2003-08-28 00:00:00+00:00,0.0
2003-08-29 00:00:00+00:00,0.0
2003-09-02 00:00:00+00:00,0.0
2003-09-03 00:00:00+00:00,0.0
2003-09-04 00:00:00+00:00,0.0
2003-09-05 00:00:00+00:00,0.0
2003-09-08 00:00:00+00:00,0.0
2003-09-09 00:00:00+00:00,0.0
2003-09-10 00:00:00+00:00,0.0
2003-09-11 00:00:00+00:00,0.0
2003-09-12 00:00:00+00:00,0.0
2003-09-15 00:00:00+00:00,0.0
2003-09-16 00:00:00+00:00,0.0
2003-09-17 00:00:00+00:00,0.0
2003-09-18 00:00:00+00:00,0.0
2003-09-19 00:00:00+00:00,0.0
2003-09-22 00:00:00+00:00,0.0
2003-09-23 00:00:00+00:00,0.0
2003-09-24 00:00:00+00:00,0.0
2003-09-25 00:00:00+00:00,0.0
2003-09-26 00:00:00+00:00,0.0
2003-09-29 00:00:00+00:00,0.0
2003-09-30 00:00:00+00:00,0.0
2003-10-01 00:00:00+00:00,0.0
2003-10-02 00:00:00+00:00,0.0
2003-10-03 00:00:00+00:00,0.0
2003-10-06 00:00:00+00:00,0.0
2003-10-07 00:00:00+00:00,0.0
2003-10-08 00:00:00+00:00,0.0
2003-10-09 00:00:00+00:00,0.0
2003-10-10 00:00:00+00:00,0.0
2003-10-13 00:00:00+00:00,0.0
2003-10-14 00:00:00+00:00,0.0
2003-10-15 00:00:00+00:00,0.0
2003-10-16 00:00:00+00:00,0.0
2003-10-17 00:00:00+00:00,0.0
2003-10-20 00:00:00+00:00,0.0
2003-10-21 00:00:00+00:00,0.0
2003-10-22 00:00:00+00:00,0.0
2003-10-23 00:00:00+00:00,0.0
2003-10-24 00:00:00+00:00,0.0
2003-10-27 00:00:00+00:00,0.0
2003-10-28 00:00:00+00:00,0.0
2003-10-29 00:00:00+00:00,0.0
2003-10-30 00:00:00+00:00,0.0
2003-10-31 00:00:00+00:00,0.0
2003-11-03 00:00:00+00:00,0.0
2003-11-04 00:00:00+00:00,0.0
2003-11-05 00:00:00+00:00,0.0
2003-11-06 00:00:00+00:00,0.0
2003-11-07 00:00:00+00:00,0.0
2003-11-10 00:00:00+00:00,0.0
2003-11-11 00:00:00+00:00,0.0
2003-11-12 00:00:00+00:00,0.0
2003-11-13 00:00:00+00:00,0.0
2003-11-14 00:00:00+00:00,0.0
2003-11-17 00:00:00+00:00,0.0
2003-11-18 00:00:00+00:00,0.0
2003-11-19 00:00:00+00:00,0.0
2003-11-20 00:00:00+00:00,0.0
2003-11-21 00:00:00+00:00,0.0
2003-11-24 00:00:00+00:00,0.0
2003-11-25 00:00:00+00:00,0.0
2003-11-26 00:00:00+00:00,0.0
2003-11-28 00:00:00+00:00,0.0
2003-12-01 00:00:00+00:00,0.0
2003-12-02 00:00:00+00:00,0.0
2003-12-03 00:00:00+00:00,0.0
2003-12-04 00:00:00+00:00,0.0
2003-12-05 00:00:00+00:00,0.0
2003-12-08 00:00:00+00:00,0.0
2003-12-09 00:00:00+00:00,0.0
2003-12-10 00:00:00+00:00,0.0
2003-12-11 00:00:00+00:00,0.0
2003-12-12 00:00:00+00:00,0.0
2003-12-15 00:00:00+00:00,0.0
2003-12-16 00:00:00+00:00,0.0
2003-12-17 00:00:00+00:00,0.0
2003-12-18 00:00:00+00:00,0.0
2003-12-19 00:00:00+00:00,0.0
2003-12-22 00:00:00+00:00,0.0
2003-12-23 00:00:00+00:00,0.0
2003-12-24 00:00:00+00:00,0.0
2003-12-26 00:00:00+00:00,0.0
2003-12-29 00:00:00+00:00,0.0
2003-12-30 00:00:00+00:00,0.0
2003-12-31 00:00:00+00:00,0.0
2004-01-02 00:00:00+00:00,0.0
2004-01-05 00:00:00+00:00,0.0
2004-01-06 00:00:00+00:00,0.0
2004-01-07 00:00:00+00:00,0.0
2004-01-08 00:00:00+00:00,0.0
2004-01-09 00:00:00+00:00,0.0
2004-01-12 00:00:00+00:00,0.0
2004-01-13 00:00:00+00:00,0.0
2004-01-14 00:00:00+00:00,0.0
2004-01-15 00:00:00+00:00,0.0
2004-01-16 00:00:00+00:00,0.0
2004-01-20 00:00:00+00:00,0.0
2004-01-21 00:00:00+00:00,0.0
2004-01-22 00:00:00+00:00,0.0
2004-01-23 00:00:00+00:00,0.0
2004-01-26 00:00:00+00:00,0.0
2004-01-27 00:00:00+00:00,0.0
2004-01-28 00:00:00+00:00,0.0
2004-01-29 00:00:00+00:00,0.0
2004-01-30 00:00:00+00:00,0.0
2004-02-02 00:00:00+00:00,0.0
2004-02-03 00:00:00+00:00,0.0
2004-02-04 00:00:00+00:00,0.0
2004-02-05 00:00:00+00:00,0.0
2004-02-06 00:00:00+00:00,0.0
2004-02-09 00:00:00+00:00,0.0
2004-02-10 00:00:00+00:00,0.0
2004-02-11 00:00:00+00:00,0.0
2004-02-12 00:00:00+00:00,0.0
2004-02-13 00:00:00+00:00,0.0
2004-02-17 00:00:00+00:00,0.0
2004-02-18 00:00:00+00:00,0.0
2004-02-19 00:00:00+00:00,0.0
2004-02-20 00:00:00+00:00,0.0
2004-02-23 00:00:00+00:00,0.0
2004-02-24 00:00:00+00:00,0.0
2004-02-25 00:00:00+00:00,0.0
2004-02-26 00:00:00+00:00,0.0
2004-02-27 00:00:00+00:00,0.0
2004-03-01 00:00:00+00:00,0.0
2004-03-02 00:00:00+00:00,0.0
2004-03-03 00:00:00+00:00,0.0
2004-03-04 00:00:00+00:00,0.0
2004-03-05 00:00:00+00:00,0.0
2004-03-08 00:00:00+00:00,0.0
2004-03-09 00:00:00+00:00,0.0
2004-03-10 00:00:00+00:00,0.0
2004-03-11 00:00:00+00:00,0.0
2004-03-12 00:00:00+00:00,0.0
2004-03-15 00:00:00+00:00,0.0
2004-03-16 00:00:00+00:00,0.0
2004-03-17 00:00:00+00:00,0.0
2004-03-18 00:00:00+00:00,0.0
2004-03-19 00:00:00+00:00,0.0
2004-03-22 00:00:00+00:00,0.0
2004-03-23 00:00:00+00:00,0.0
2004-03-24 00:00:00+00:00,0.0
2004-03-25 00:00:00+00:00,0.0
2004-03-26 00:00:00+00:00,0.0
2004-03-29 00:00:00+00:00,0.0
2004-03-30 00:00:00+00:00,0.0
2004-03-31 00:00:00+00:00,0.0
2004-04-01 00:00:00+00:00,0.0
2004-04-02 00:00:00+00:00,0.0
2004-04-05 00:00:00+00:00,0.0
2004-04-06 00:00:00+00:00,0.0
2004-04-07 00:00:00+00:00,0.0
2004-04-08 00:00:00+00:00,0.0
2004-04-12 00:00:00+00:00,0.0
2004-04-13 00:00:00+00:00,0.0
2004-04-14 00:00:00+00:00,0.0
2004-04-15 00:00:00+00:00,0.0
2004-04-16 00:00:00+00:00,0.0
2004-04-19 00:00:00+00:00,0.0
2004-04-20 00:00:00+00:00,0.0
2004-04-21 00:00:00+00:00,0.0
2004-04-22 00:00:00+00:00,0.0
2004-04-23 00:00:00+00:00,0.0
2004-04-26 00:00:00+00:00,0.0
2004-04-27 00:00:00+00:00,0.0
2004-04-28 00:00:00+00:00,0.0
2004-04-29 00:00:00+00:00,0.0
2004-04-30 00:00:00+00:00,0.0
2004-05-03 00:00:00+00:00,0.0
2004-05-04 00:00:00+00:00,0.0
2004-05-05 00:00:00+00:00,0.0
2004-05-06 00:00:00+00:00,0.0
2004-05-07 00:00:00+00:00,0.0
2004-05-10 00:00:00+00:00,0.0
2004-05-11 00:00:00+00:00,0.0
2004-05-12 00:00:00+00:00,0.0
2004-05-13 00:00:00+00:00,0.0
2004-05-14 00:00:00+00:00,0.0
2004-05-17 00:00:00+00:00,0.0
2004-05-18 00:00:00+00:00,0.0
2004-05-19 00:00:00+00:00,0.0
2004-05-20 00:00:00+00:00,0.0
2004-05-21 00:00:00+00:00,0.0
2004-05-24 00:00:00+00:00,0.0
2004-05-25 00:00:00+00:00,0.0
2004-05-26 00:00:00+00:00,0.0
2004-05-27 00:00:00+00:00,0.0
2004-05-28 00:00:00+00:00,0.0
2004-06-01 00:00:00+00:00,0.0
2004-06-02 00:00:00+00:00,0.0
2004-06-03 00:00:00+00:00,0.0
2004-06-04 00:00:00+00:00,0.0
2004-06-07 00:00:00+00:00,0.0
2004-06-08 00:00:00+00:00,0.0
2004-06-09 00:00:00+00:00,0.0
2004-06-10 00:00:00+00:00,0.0
2004-06-11 00:00:00+00:00,0.0
2004-06-14 00:00:00+00:00,0.0
2004-06-15 00:00:00+00:00,0.0
2004-06-16 00:00:00+00:00,0.0
2004-06-17 00:00:00+00:00,0.0
2004-06-18 00:00:00+00:00,0.0
2004-06-21 00:00:00+00:00,0.0
2004-06-22 00:00:00+00:00,0.0
2004-06-23 00:00:00+00:00,0.0
2004-06-24 00:00:00+00:00,0.0
2004-06-25 00:00:00+00:00,0.0
2004-06-28 00:00:00+00:00,0.0
2004-06-29 00:00:00+00:00,0.0
2004-06-30 00:00:00+00:00,0.0
2004-07-01 00:00:00+00:00,0.0
2004-07-02 00:00:00+00:00,0.0
2004-07-06 00:00:00+00:00,0.0
2004-07-07 00:00:00+00:00,0.0
2004-07-08 00:00:00+00:00,0.0
2004-07-09 00:00:00+00:00,0.0
2004-07-12 00:00:00+00:00,0.0
2004-07-13 00:00:00+00:00,0.0
2004-07-14 00:00:00+00:00,0.0
2004-07-15 00:00:00+00:00,0.0
2004-07-16 00:00:00+00:00,0.0
2004-07-19 00:00:00+00:00,0.0
2004-07-20 00:00:00+00:00,0.0
2004-07-21 00:00:00+00:00,0.0
2004-07-22 00:00:00+00:00,0.0
2004-07-23 00:00:00+00:00,0.0
2004-07-26 00:00:00+00:00,0.0
2004-07-27 00:00:00+00:00,0.0
2004-07-28 00:00:00+00:00,0.0
2004-07-29 00:00:00+00:00,0.0
2004-07-30 00:00:00+00:00,0.0
2004-08-02 00:00:00+00:00,0.0
2004-08-03 00:00:00+00:00,0.0
2004-08-04 00:00:00+00:00,0.0
2004-08-05 00:00:00+00:00,0.0
2004-08-06 00:00:00+00:00,0.0
2004-08-09 00:00:00+00:00,0.0
2004-08-10 00:00:00+00:00,0.0
2004-08-11 00:00:00+00:00,0.0
2004-08-12 00:00:00+00:00,0.0
2004-08-13 00:00:00+00:00,0.0
2004-08-16 00:00:00+00:00,0.0
2004-08-17 00:00:00+00:00,0.0
2004-08-18 00:00:00+00:00,0.0
2004-08-19 00:00:00+00:00,0.0
2004-08-20 00:00:00+00:00,0.0
2004-08-23 00:00:00+00:00,0.0
2004-08-24 00:00:00+00:00,0.0
2004-08-25 00:00:00+00:00,0.0
2004-08-26 00:00:00+00:00,0.0
2004-08-27 00:00:00+00:00,0.0
2004-08-30 00:00:00+00:00,0.0
2004-08-31 00:00:00+00:00,0.0
2004-09-01 00:00:00+00:00,0.0
2004-09-02 00:00:00+00:00,0.0
2004-09-03 00:00:00+00:00,0.0
2004-09-07 00:00:00+00:00,0.0
2004-09-08 00:00:00+00:00,0.0
2004-09-09 00:00:00+00:00,0.0
2004-09-10 00:00:00+00:00,0.0
2004-09-13 00:00:00+00:00,0.0
2004-09-14 00:00:00+00:00,0.0
2004-09-15 00:00:00+00:00,0.0
2004-09-16 00:00:00+00:00,0.0
2004-09-17 00:00:00+00:00,0.0
2004-09-20 00:00:00+00:00,0.0
2004-09-21 00:00:00+00:00,0.0
2004-09-22 00:00:00+00:00,0.0
2004-09-23 00:00:00+00:00,0.0
2004-09-24 00:00:00+00:00,0.0
2004-09-27 00:00:00+00:00,0.0
2004-09-28 00:00:00+00:00,0.0
2004-09-29 00:00:00+00:00,0.0
2004-09-30 00:00:00+00:00,0.0
2004-10-01 00:00:00+00:00,0.0
2004-10-04 00:00:00+00:00,0.0
2004-10-05 00:00:00+00:00,0.0
2004-10-06 00:00:00+00:00,0.0
2004-10-07 00:00:00+00:00,0.0
2004-10-08 00:00:00+00:00,0.0
2004-10-11 00:00:00+00:00,0.0
2004-10-12 00:00:00+00:00,0.0
2004-10-13 00:00:00+00:00,0.0
2004-10-14 00:00:00+00:00,0.0
2004-10-15 00:00:00+00:00,0.0
2004-10-18 00:00:00+00:00,0.0
2004-10-19 00:00:00+00:00,0.0
2004-10-20 00:00:00+00:00,0.0
2004-10-21 00:00:00+00:00,0.0
2004-10-22 00:00:00+00:00,0.0
2004-10-25 00:00:00+00:00,0.0
2004-10-26 00:00:00+00:00,0.0
2004-10-27 00:00:00+00:00,0.0
2004-10-28 00:00:00+00:00,0.0
2004-10-29 00:00:00+00:00,0.0
2004-11-01 00:00:00+00:00,0.0
2004-11-02 00:00:00+00:00,0.0
2004-11-03 00:00:00+00:00,0.0
2004-11-04 00:00:00+00:00,0.0
2004-11-05 00:00:00+00:00,0.0
2004-11-08 00:00:00+00:00,0.0
2004-11-09 00:00:00+00:00,0.0
2004-11-10 00:00:00+00:00,0.0
2004-11-11 00:00:00+00:00,0.0
2004-11-12 00:00:00+00:00,0.0
2004-11-15 00:00:00+00:00,0.0
2004-11-16 00:00:00+00:00,0.0
2004-11-17 00:00:00+00:00,0.0
2004-11-18 00:00:00+00:00,0.0
2004-11-19 00:00:00+00:00,0.0
2004-11-22 00:00:00+00:00,0.0
2004-11-23 00:00:00+00:00,0.0
2004-11-24 00:00:00+00:00,0.0
2004-11-25 00:00:00+00:00,0.0
2004-11-26 00:00:00+00:00,0.0
2004-11-29 00:00:00+00:00,0.0
2004-11-30 00:00:00+00:00,0.0
2004-12-01 00:00:00+00:00,0.0
2004-12-02 00:00:00+00:00,0.0
2004-12-03 00:00:00+00:00,0.0
2004-12-06 00:00:00+00:00,0.0
2004-12-07 00:00:00+00:00,0.0
2004-12-08 00:00:00+00:00,0.0
2004-12-09 00:00:00+00:00,0.0
2004-12-10 00:00:00+00:00,0.0
2004-12-13 00:00:00+00:00,0.0
2004-12-14 00:00:00+00:00,0.0
2004-12-15 00:00:00+00:00,0.0
2004-12-16 00:00:00+00:00,0.0
2004-12-17 00:00:00+00:00,0.0
2004-12-20 00:00:00+00:00,0.0
2004-12-21 00:00:00+00:00,0.0
2004-12-22 00:00:00+00:00,0.0
2004-12-23 00:00:00+00:00,0.0
2004-12-27 00:00:00+00:00,0.0
2004-12-28 00:00:00+00:00,0.0
2004-12-29 00:00:00+00:00,0.0
2004-12-30 00:00:00+00:00,0.0
2004-12-31 00:00:00+00:00,0.0
2005-01-03 00:00:00+00:00,0.0
2005-01-04 00:00:00+00:00,0.0
2005-01-05 00:00:00+00:00,0.0
2005-01-06 00:00:00+00:00,0.0
2005-01-07 00:00:00+00:00,0.0
2005-01-10 00:00:00+00:00,0.0
2005-01-11 00:00:00+00:00,0.0
2005-01-12 00:00:00+00:00,0.0
2005-01-13 00:00:00+00:00,0.0
2005-01-14 00:00:00+00:00,0.0
2005-01-18 00:00:00+00:00,0.0
2005-01-19 00:00:00+00:00,0.0
2005-01-20 00:00:00+00:00,0.0
2005-01-21 00:00:00+00:00,0.0
2005-01-24 00:00:00+00:00,0.0
2005-01-25 00:00:00+00:00,0.0
2005-01-26 00:00:00+00:00,0.0
2005-01-27 00:00:00+00:00,0.0
2005-01-28 00:00:00+00:00,0.0
2005-01-31 00:00:00+00:00,0.0
2005-02-01 00:00:00+00:00,0.0
2005-02-02 00:00:00+00:00,0.0
2005-02-03 00:00:00+00:00,0.0
2005-02-04 00:00:00+00:00,0.0
2005-02-07 00:00:00+00:00,0.0
2005-02-08 00:00:00+00:00,0.0
2005-02-09 00:00:00+00:00,0.0
2005-02-10 00:00:00+00:00,0.0
2005-02-11 00:00:00+00:00,0.0
2005-02-14 00:00:00+00:00,0.0
2005-02-15 00:00:00+00:00,0.0
2005-02-16 00:00:00+00:00,0.0
2005-02-17 00:00:00+00:00,0.0
2005-02-18 00:00:00+00:00,0.0
2005-02-22 00:00:00+00:00,0.0
2005-02-23 00:00:00+00:00,0.0
2005-02-24 00:00:00+00:00,0.0
2005-02-25 00:00:00+00:00,0.0
2005-02-28 00:00:00+00:00,0.0
2005-03-01 00:00:00+00:00,0.0
2005-03-02 00:00:00+00:00,0.0
2005-03-03 00:00:00+00:00,0.0
2005-03-04 00:00:00+00:00,0.0
2005-03-07 00:00:00+00:00,0.0
2005-03-08 00:00:00+00:00,0.0
2005-03-09 00:00:00+00:00,0.0
2005-03-10 00:00:00+00:00,0.0
2005-03-11 00:00:00+00:00,0.0
2005-03-14 00:00:00+00:00,0.0
2005-03-15 00:00:00+00:00,0.0
2005-03-16 00:00:00+00:00,0.0
2005-03-17 00:00:00+00:00,0.0
2005-03-18 00:00:00+00:00,0.0
2005-03-21 00:00:00+00:00,0.0
2005-03-22 00:00:00+00:00,0.0
2005-03-23 00:00:00+00:00,0.0
2005-03-24 00:00:00+00:00,0.0
2005-03-28 00:00:00+00:00,0.0
2005-03-29 00:00:00+00:00,0.0
2005-03-30 00:00:00+00:00,0.0
2005-03-31 00:00:00+00:00,0.0
2005-04-01 00:00:00+00:00,0.0
2005-04-04 00:00:00+00:00,0.0
2005-04-05 00:00:00+00:00,0.0
2005-04-06 00:00:00+00:00,0.0
2005-04-07 00:00:00+00:00,0.0
2005-04-08 00:00:00+00:00,0.0
2005-04-11 00:00:00+00:00,0.0
2005-04-12 00:00:00+00:00,0.0
2005-04-13 00:00:00+00:00,0.0
2005-04-14 00:00:00+00:00,0.0
2005-04-15 00:00:00+00:00,0.0
2005-04-18 00:00:00+00:00,0.0
2005-04-19 00:00:00+00:00,0.0
2005-04-20 00:00:00+00:00,0.0
2005-04-21 00:00:00+00:00,0.0
2005-04-22 00:00:00+00:00,0.0
2005-04-25 00:00:00+00:00,0.0
2005-04-26 00:00:00+00:00,0.0
2005-04-27 00:00:00+00:00,0.0
2005-04-28 00:00:00+00:00,0.0
2005-04-29 00:00:00+00:00,0.0
2005-05-02 00:00:00+00:00,0.0
2005-05-03 00:00:00+00:00,0.0
2005-05-04 00:00:00+00:00,0.0
2005-05-05 00:00:00+00:00,0.0
2005-05-06 00:00:00+00:00,0.0
2005-05-09 00:00:00+00:00,0.0
2005-05-10 00:00:00+00:00,0.0
2005-05-11 00:00:00+00:00,0.0
2005-05-12 00:00:00+00:00,0.0
2005-05-13 00:00:00+00:00,0.0
2005-05-16 00:00:00+00:00,0.0
2005-05-17 00:00:00+00:00,0.0
2005-05-18 00:00:00+00:00,0.0
2005-05-19 00:00:00+00:00,0.0
2005-05-20 00:00:00+00:00,0.0
2005-05-23 00:00:00+00:00,0.0
2005-05-24 00:00:00+00:00,0.0
2005-05-25 00:00:00+00:00,0.0
2005-05-26 00:00:00+00:00,0.0
2005-05-27 00:00:00+00:00,0.0
2005-05-31 00:00:00+00:00,0.0
2005-06-01 00:00:00+00:00,0.0
2005-06-02 00:00:00+00:00,0.0
2005-06-03 00:00:00+00:00,0.0
2005-06-06 00:00:00+00:00,0.0
2005-06-07 00:00:00+00:00,0.0
2005-06-08 00:00:00+00:00,0.0
2005-06-09 00:00:00+00:00,0.0
2005-06-10 00:00:00+00:00,0.0
2005-06-13 00:00:00+00:00,0.0
2005-06-14 00:00:00+00:00,0.0
2005-06-15 00:00:00+00:00,0.0
2005-06-16 00:00:00+00:00,0.0
2005-06-17 00:00:00+00:00,0.0
2005-06-20 00:00:00+00:00,0.0
2005-06-21 00:00:00+00:00,0.0
2005-06-22 00:00:00+00:00,0.0
2005-06-23 00:00:00+00:00,0.0
2005-06-24 00:00:00+00:00,0.0
2005-06-27 00:00:00+00:00,0.0
2005-06-28 00:00:00+00:00,0.0
2005-06-29 00:00:00+00:00,0.0
2005-06-30 00:00:00+00:00,0.0
2005-07-01 00:00:00+00:00,0.0
2005-07-05 00:00:00+00:00,0.0
2005-07-06 00:00:00+00:00,0.0
2005-07-07 00:00:00+00:00,0.0
2005-07-08 00:00:00+00:00,0.0
2005-07-11 00:00:00+00:00,0.0
2005-07-12 00:00:00+00:00,0.0
2005-07-13 00:00:00+00:00,0.0
2005-07-14 00:00:00+00:00,0.0
2005-07-15 00:00:00+00:00,0.0
2005-07-18 00:00:00+00:00,0.0
2005-07-19 00:00:00+00:00,0.0
2005-07-20 00:00:00+00:00,0.0
2005-07-21 00:00:00+00:00,0.0
2005-07-22 00:00:00+00:00,0.0
2005-07-25 00:00:00+00:00,0.0
2005-07-26 00:00:00+00:00,0.0
2005-07-27 00:00:00+00:00,0.0
2005-07-28 00:00:00+00:00,0.0
2005-07-29 00:00:00+00:00,0.0
2005-08-01 00:00:00+00:00,-0.002115670837479137
2005-08-02 00:00:00+00:00,0.0012958039778244723
2005-08-03 00:00:00+00:00,-0.006954700522520192
2005-08-04 00:00:00+00:00,-0.002346783420267913
2005-08-05 00:00:00+00:00,-0.0055336645537090905
2005-08-08 00:00:00+00:00,0.002305661848072571
2005-08-09 00:00:00+00:00,-0.003862231121734616
2005-08-10 00:00:00+00:00,0.005324688873984629
2005-08-11 00:00:00+00:00,0.0029115637771663185
2005-08-12 00:00:00+00:00,-0.007924648786717762
2005-08-15 00:00:00+00:00,-0.008402614285650478
2005-08-16 00:00:00+00:00,-0.0036949063077329107
2005-08-17 00:00:00+00:00,0.004933212046383935
2005-08-18 00:00:00+00:00,0.0020780343690357528
2005-08-19 00:00:00+00:00,0.0015493150453280147
2005-08-22 00:00:00+00:00,0.0006306317010330389
2005-08-23 00:00:00+00:00,-0.004535603715170274
2005-08-24 00:00:00+00:00,-0.003092971005405102
2005-08-25 00:00:00+00:00,-0.001067133249424701
2005-08-26 00:00:00+00:00,-0.00386765517406847
2005-08-29 00:00:00+00:00,-0.00011608468779113668
2005-08-30 00:00:00+00:00,-0.002761999138810737
2005-08-31 00:00:00+00:00,-0.004757068630136159
2005-09-01 00:00:00+00:00,0.003890513778177405
2005-09-02 00:00:00+00:00,-0.0009356126125219891
2005-09-06 00:00:00+00:00,-0.0004847089894347752
2005-09-07 00:00:00+00:00,-0.00651967902699091
2005-09-08 00:00:00+00:00,0.002172423677391714
2005-09-09 00:00:00+00:00,-0.0012338149079008467
2005-09-12 00:00:00+00:00,-0.003433061156947063
2005-09-13 00:00:00+00:00,-0.004049203749822113
2005-09-14 00:00:00+00:00,0.006240528493136906
2005-09-15 00:00:00+00:00,0.0025374659788414133
2005-09-16 00:00:00+00:00,-0.0028228708186943674
2005-09-19 00:00:00+00:00,0.02271775613373724
2005-09-20 00:00:00+00:00,-0.0022506578115965015
2005-09-21 00:00:00+00:00,0.0014409323105738503
2005-09-22 00:00:00+00:00,0.0025132218866533345
2005-09-23 00:00:00+00:00,-0.006072447285136265
2005-09-26 00:00:00+00:00,0.0015687441635105306
2005-09-27 00:00:00+00:00,0.0028938982346164246
2005-09-28 00:00:00+00:00,0.016474392081609685
2005-09-29 00:00:00+00:00,0.0034634898460117838
2005-09-30 00:00:00+00:00,-0.003228615693191328
2005-10-03 00:00:00+00:00,0.0010367027677497163
2005-10-04 00:00:00+00:00,-0.0007168458781361964
2005-10-05 00:00:00+00:00,-0.0010799136069114534
2005-10-06 00:00:00+00:00,0.00012077294685989651
2005-10-07 00:00:00+00:00,-0.0034998793145064044
2005-10-10 00:00:00+00:00,0.0008629191321499011
2005-10-11 00:00:00+00:00,0.0014716703458425386
2005-10-12 00:00:00+00:00,0.0023097495745198295
2005-10-13 00:00:00+00:00,-0.001918465227817745
2005-10-14 00:00:00+00:00,-0.002183406113537123
2005-10-17 00:00:00+00:00,-0.001352015732546711
2005-10-18 00:00:00+00:00,-0.003717472118959101
2005-10-19 00:00:00+00:00,-0.0005069708491761693
2005-10-20 00:00:00+00:00,0.0022883295194507935
2005-10-21 00:00:00+00:00,-0.0011286681715575637
2005-10-24 00:00:00+00:00,-0.003409090909090917
2005-10-25 00:00:00+00:00,0.00116009280742461
2005-10-26 00:00:00+00:00,-0.0010240655401945742
2005-10-27 00:00:00+00:00,0.0005151983513652647
2005-10-28 00:00:00+00:00,-0.003466872110939915
2005-10-31 00:00:00+00:00,-0.00039339103068449416
2005-11-01 00:00:00+00:00,-8.333333333333333e-05
2005-11-02 00:00:00+00:00,0.0
2005-11-03 00:00:00+00:00,0.0
2005-11-04 00:00:00+00:00,0.0
2005-11-07 00:00:00+00:00,0.0
2005-11-08 00:00:00+00:00,0.0
2005-11-09 00:00:00+00:00,0.0
2005-11-10 00:00:00+00:00,0.0
2005-11-11 00:00:00+00:00,0.0
2005-11-14 00:00:00+00:00,0.0
2005-11-15 00:00:00+00:00,0.0
2005-11-16 00:00:00+00:00,0.0
2005-11-17 00:00:00+00:00,0.0
2005-11-18 00:00:00+00:00,0.0
2005-11-21 00:00:00+00:00,0.0
2005-11-22 00:00:00+00:00,0.0
2005-11-23 00:00:00+00:00,0.0
2005-11-24 00:00:00+00:00,0.0
2005-11-25 00:00:00+00:00,0.0
2005-11-28 00:00:00+00:00,0.0
2005-11-29 00:00:00+00:00,0.0
2005-11-30 00:00:00+00:00,0.0
2005-12-01 00:00:00+00:00,0.0
2005-12-02 00:00:00+00:00,0.0
2005-12-05 00:00:00+00:00,0.0
2005-12-06 00:00:00+00:00,0.0
2005-12-07 00:00:00+00:00,0.0
2005-12-08 00:00:00+00:00,0.0
2005-12-09 00:00:00+00:00,0.0
2005-12-12 00:00:00+00:00,0.0
2005-12-13 00:00:00+00:00,0.0
2005-12-14 00:00:00+00:00,0.0
2005-12-15 00:00:00+00:00,0.0
2005-12-16 00:00:00+00:00,0.0
2005-12-19 00:00:00+00:00,0.0
2005-12-20 00:00:00+00:00,0.0
2005-12-21 00:00:00+00:00,0.0
2005-12-22 00:00:00+00:00,0.0
2005-12-23 00:00:00+00:00,0.0
2005-12-27 00:00:00+00:00,0.0
2005-12-28 00:00:00+00:00,0.0
2005-12-29 00:00:00+00:00,0.0
2005-12-30 00:00:00+00:00,0.0
2006-01-03 00:00:00+00:00,0.005650607368456785
2006-01-04 00:00:00+00:00,0.000739095085005618
2006-01-05 00:00:00+00:00,-0.0016556219689035459
2006-01-06 00:00:00+00:00,0.0037691727670028
2006-01-09 00:00:00+00:00,-0.0018429089305820878
2006-01-10 00:00:00+00:00,-0.0003412101525334295
2006-01-11 00:00:00+00:00,0.0014991313040652412
2006-01-12 00:00:00+00:00,0.0
2006-01-13 00:00:00+00:00,-5.213340160890404e-05
2006-01-17 00:00:00+00:00,0.006231746605424618
2006-01-18 00:00:00+00:00,-0.0014577847057116178
2006-01-19 00:00:00+00:00,0.0027891840811969564
2006-01-20 00:00:00+00:00,0.003790704278069934
2006-01-23 00:00:00+00:00,-0.0006096074264353064
2006-01-24 00:00:00+00:00,-0.002545278851762274
2006-01-25 00:00:00+00:00,-0.003007255016712007
2006-01-26 00:00:00+00:00,0.00103772126451529
2006-01-27 00:00:00+00:00,0.0037730152722603343
2006-01-30 00:00:00+00:00,0.0014511912615361813
2006-01-31 00:00:00+00:00,-0.0010485255176184334
2006-02-01 00:00:00+00:00,-0.007557461641580618
2006-02-02 00:00:00+00:00,-0.003413306192050547
2006-02-03 00:00:00+00:00,0.004845912577868335
2006-02-06 00:00:00+00:00,-0.002834679553146794
2006-02-07 00:00:00+00:00,-0.008861822436306658
2006-02-08 00:00:00+00:00,-0.0002650957528321043
2006-02-09 00:00:00+00:00,0.00299793532694903
2006-02-10 00:00:00+00:00,-0.003635630859308329
2006-02-13 00:00:00+00:00,-0.0010445804391439606
2006-02-14 00:00:00+00:00,-0.0048302310058496905
2006-02-15 00:00:00+00:00,-0.004160355398426074
2006-02-16 00:00:00+00:00,0.0034729411111398267
2006-02-17 00:00:00+00:00,0.006795610615541237
2006-02-21 00:00:00+00:00,-0.00041583084266603575
2006-02-22 00:00:00+00:00,-0.0040752868380674045
2006-02-23 00:00:00+00:00,-0.0019372455766820487
2006-02-24 00:00:00+00:00,0.008127873617899312
2006-02-27 00:00:00+00:00,-0.0044105065554101985
2006-02-28 00:00:00+00:00,0.0013359213547354067
2006-03-01 00:00:00+00:00,-0.00016666666666666666
2006-03-02 00:00:00+00:00,0.0
2006-03-03 00:00:00+00:00,0.0
2006-03-06 00:00:00+00:00,0.0
2006-03-07 00:00:00+00:00,0.0
2006-03-08 00:00:00+00:00,0.0
2006-03-09 00:00:00+00:00,0.0
2006-03-10 00:00:00+00:00,0.0
2006-03-13 00:00:00+00:00,0.0
2006-03-14 00:00:00+00:00,0.0
2006-03-15 00:00:00+00:00,0.0
2006-03-16 00:00:00+00:00,0.0
2006-03-17 00:00:00+00:00,0.0
2006-03-20 00:00:00+00:00,0.0
2006-03-21 00:00:00+00:00,0.0
2006-03-22 00:00:00+00:00,0.0
2006-03-23 00:00:00+00:00,0.0
2006-03-24 00:00:00+00:00,0.0
2006-03-27 00:00:00+00:00,0.0
2006-03-28 00:00:00+00:00,0.0
2006-03-29 00:00:00+00:00,0.0
2006-03-30 00:00:00+00:00,0.0
2006-03-31 00:00:00+00:00,0.0
2006-04-03 00:00:00+00:00,0.002236037155726659
2006-04-04 00:00:00+00:00,0.0010439461938849814
2006-04-05 00:00:00+00:00,-0.0033103991348871764
2006-04-06 00:00:00+00:00,-0.0063453943857401844
2006-04-07 00:00:00+00:00,-0.0004441801389072353
2006-04-10 00:00:00+00:00,-0.0034260601711504544
2006-04-11 00:00:00+00:00,-0.0035190580760600474
2006-04-12 00:00:00+00:00,0.006618129345402087
2006-04-13 00:00:00+00:00,0.0019143887123486505
2006-04-17 00:00:00+00:00,0.00355323688657024
2006-04-18 00:00:00+00:00,-0.004560778964412056
2006-04-19 00:00:00+00:00,0.0006398369317262008
2006-04-20 00:00:00+00:00,0.0027439082945884263
2006-04-21 00:00:00+00:00,-0.00041218681062286466
2006-04-24 00:00:00+00:00,0.003587662426849528
2006-04-25 00:00:00+00:00,0.0016095120195356674
2006-04-26 00:00:00+00:00,0.0003535353535353466
2006-04-27 00:00:00+00:00,0.0030494260602623724
2006-04-28 00:00:00+00:00,-0.006869862563293212
2006-05-01 00:00:00+00:00,-0.00016666666666666666
2006-05-02 00:00:00+00:00,0.0
2006-05-03 00:00:00+00:00,0.0
2006-05-04 00:00:00+00:00,0.0
2006-05-05 00:00:00+00:00,0.0
2006-05-08 00:00:00+00:00,0.0
2006-05-09 00:00:00+00:00,0.0
2006-05-10 00:00:00+00:00,0.0
2006-05-11 00:00:00+00:00,0.0
2006-05-12 00:00:00+00:00,0.0
2006-05-15 00:00:00+00:00,0.0
2006-05-16 00:00:00+00:00,0.0
2006-05-17 00:00:00+00:00,0.0
2006-05-18 00:00:00+00:00,0.0
2006-05-19 00:00:00+00:00,0.0
2006-05-22 00:00:00+00:00,0.0
2006-05-23 00:00:00+00:00,0.0
2006-05-24 00:00:00+00:00,0.0
2006-05-25 00:00:00+00:00,0.0
2006-05-26 00:00:00+00:00,0.0
2006-05-30 00:00:00+00:00,0.0
2006-05-31 00:00:00+00:00,0.0
2006-06-01 00:00:00+00:00,0.0
2006-06-02 00:00:00+00:00,0.0
2006-06-05 00:00:00+00:00,0.0
2006-06-06 00:00:00+00:00,0.0
2006-06-07 00:00:00+00:00,0.0
2006-06-08 00:00:00+00:00,0.0
2006-06-09 00:00:00+00:00,0.0
2006-06-12 00:00:00+00:00,0.0
2006-06-13 00:00:00+00:00,0.0
2006-06-14 00:00:00+00:00,0.0
2006-06-15 00:00:00+00:00,0.0
2006-06-16 00:00:00+00:00,0.0
2006-06-19 00:00:00+00:00,0.0
2006-06-20 00:00:00+00:00,0.0
2006-06-21 00:00:00+00:00,0.0
2006-06-22 00:00:00+00:00,0.0
2006-06-23 00:00:00+00:00,0.0
2006-06-26 00:00:00+00:00,0.0
2006-06-27 00:00:00+00:00,0.0
2006-06-28 00:00:00+00:00,0.0
2006-06-29 00:00:00+00:00,0.0
2006-06-30 00:00:00+00:00,0.0
2006-07-03 00:00:00+00:00,0.005636720502467468
2006-07-05 00:00:00+00:00,0.0036185535828952282
2006-07-06 00:00:00+00:00,0.0013984341357399601
2006-07-07 00:00:00+00:00,-0.0059614713134449136
2006-07-10 00:00:00+00:00,-0.0006428862958066105
2006-07-11 00:00:00+00:00,0.00799912135146097
2006-07-12 00:00:00+00:00,-0.0015746584394319971
2006-07-13 00:00:00+00:00,-0.0020914226134258933
2006-07-14 00:00:00+00:00,-0.0037155405754810875
2006-07-17 00:00:00+00:00,0.00855196076994256
2006-07-18 00:00:00+00:00,-0.0017750925137794233
2006-07-19 00:00:00+00:00,-0.004088175571562454
2006-07-20 00:00:00+00:00,0.006688577727888852
2006-07-21 00:00:00+00:00,0.0033863172519515614
2006-07-24 00:00:00+00:00,-0.0013740957158848526
2006-07-25 00:00:00+00:00,-0.005904032911657271
2006-07-26 00:00:00+00:00,-0.00433857526503815
2006-07-27 00:00:00+00:00,0.0038611704501360826
2006-07-28 00:00:00+00:00,-0.0025843508766676586
2006-07-31 00:00:00+00:00,0.006500735555760436
2006-08-01 00:00:00+00:00,0.010503730159163449
2006-08-02 00:00:00+00:00,0.005927918353276625
2006-08-03 00:00:00+00:00,-0.00201393811230847
2006-08-04 00:00:00+00:00,-0.0034307780822672718
2006-08-07 00:00:00+00:00,0.009248241758180287
2006-08-08 00:00:00+00:00,-0.003557757967541597
2006-08-09 00:00:00+00:00,-0.0007080020103513903
2006-08-10 00:00:00+00:00,-0.011562964030405964
2006-08-11 00:00:00+00:00,0.002072232614135472
2006-08-14 00:00:00+00:00,-0.003953553319123318
2006-08-15 00:00:00+00:00,-0.000359996484569284
2006-08-16 00:00:00+00:00,-0.0031902019199817793
2006-08-17 00:00:00+00:00,-0.008531359387891901
2006-08-18 00:00:00+00:00,0.0046472640697967265
2006-08-21 00:00:00+00:00,0.006688061006273208
2006-08-22 00:00:00+00:00,0.0007338553081037702
2006-08-23 00:00:00+00:00,-0.004778837020248061
2006-08-24 00:00:00+00:00,0.003623977189929683
2006-08-25 00:00:00+00:00,0.0003783345611147274
2006-08-28 00:00:00+00:00,-0.009614039101880467
2006-08-29 00:00:00+00:00,-0.004048823606904986
2006-08-30 00:00:00+00:00,0.0013139954449408555
2006-08-31 00:00:00+00:00,0.0009406396242520598
2006-09-01 00:00:00+00:00,-0.004962301802396661
2006-09-04 00:00:00+00:00,-0.0014746766223971604
2006-09-05 00:00:00+00:00,0.006123039544331946
2006-09-06 00:00:00+00:00,-0.0020422774555304093
2006-09-07 00:00:00+00:00,-0.006901374996349444
2006-09-08 00:00:00+00:00,-0.0012533445523772446
2006-09-11 00:00:00+00:00,-0.0001468462341517133
2006-09-12 00:00:00+00:00,-0.002821875169247756
2006-09-13 00:00:00+00:00,-0.003737591276520365
2006-09-14 00:00:00+00:00,-0.017036755841080293
2006-09-15 00:00:00+00:00,0.003066219409285975
2006-09-18 00:00:00+00:00,-0.0013381494334184785
2006-09-19 00:00:00+00:00,0.002158374842706608
2006-09-20 00:00:00+00:00,-0.0024969972245461416
2006-09-21 00:00:00+00:00,-0.005069968508377172
2006-09-22 00:00:00+00:00,-0.0053684821119746404
2006-09-25 00:00:00+00:00,-0.005475108247637639
2006-09-26 00:00:00+00:00,0.001899445785567481
2006-09-27 00:00:00+00:00,-0.011967882148387027
2006-09-28 00:00:00+00:00,0.04725065159796245
2006-09-29 00:00:00+00:00,0.0070474678167355975
2006-10-02 00:00:00+00:00,-8.333333333333333e-05
2006-10-03 00:00:00+00:00,0.0
2006-10-04 00:00:00+00:00,0.0
2006-10-05 00:00:00+00:00,0.0
2006-10-06 00:00:00+00:00,0.0
2006-10-09 00:00:00+00:00,0.0
2006-10-10 00:00:00+00:00,0.0
2006-10-11 00:00:00+00:00,0.0
2006-10-12 00:00:00+00:00,0.0
2006-10-13 00:00:00+00:00,0.0
2006-10-16 00:00:00+00:00,0.0
2006-10-17 00:00:00+00:00,0.0
2006-10-18 00:00:00+00:00,0.0
2006-10-19 00:00:00+00:00,0.0
2006-10-20 00:00:00+00:00,0.0
2006-10-23 00:00:00+00:00,0.0
2006-10-24 00:00:00+00:00,0.0
2006-10-25 00:00:00+00:00,0.0
2006-10-26 00:00:00+00:00,0.0
2006-10-27 00:00:00+00:00,0.0
2006-10-30 00:00:00+00:00,0.0
2006-10-31 00:00:00+00:00,0.0
2006-11-01 00:00:00+00:00,0.0
2006-11-02 00:00:00+00:00,0.0
2006-11-03 00:00:00+00:00,0.0
2006-11-06 00:00:00+00:00,0.0
2006-11-07 00:00:00+00:00,0.0
2006-11-08 00:00:00+00:00,0.0
2006-11-09 00:00:00+00:00,0.0
2006-11-10 00:00:00+00:00,0.0
2006-11-13 00:00:00+00:00,0.0
2006-11-14 00:00:00+00:00,0.0
2006-11-15 00:00:00+00:00,0.0
2006-11-16 00:00:00+00:00,0.0
2006-11-17 00:00:00+00:00,0.0
2006-11-20 00:00:00+00:00,0.0
2006-11-21 00:00:00+00:00,0.0
2006-11-22 00:00:00+00:00,0.0
2006-11-23 00:00:00+00:00,0.0
2006-11-24 00:00:00+00:00,0.0
2006-11-27 00:00:00+00:00,0.0
2006-11-28 00:00:00+00:00,0.0
2006-11-29 00:00:00+00:00,0.0
2006-11-30 00:00:00+00:00,0.0
2006-12-01 00:00:00+00:00,-0.001409593280282941
2006-12-04 00:00:00+00:00,-0.0050133689839572115
2006-12-05 00:00:00+00:00,0.0016080863772111043
2006-12-06 00:00:00+00:00,-0.006029579067121722
2006-12-07 00:00:00+00:00,0.002596789423984891
2006-12-08 00:00:00+00:00,-0.0019758251975825107
2006-12-11 00:00:00+00:00,0.0005880969183721385
2006-12-12 00:00:00+00:00,0.001640881387716823
2006-12-13 00:00:00+00:00,-0.0020891364902507017
2006-12-14 00:00:00+00:00,0.001998119417019291
2006-12-15 00:00:00+00:00,0.004761904761904745
2006-12-18 00:00:00+00:00,-0.0014679313459801298
2006-12-19 00:00:00+00:00,0.0033037138300296234
2006-12-20 00:00:00+00:00,-0.00011170688114386929
2006-12-21 00:00:00+00:00,0.0022356360384529297
2006-12-22 00:00:00+00:00,0.0027575557026251842
2006-12-26 00:00:00+00:00,0.0017361111111111234
2006-12-27 00:00:00+00:00,-0.0005369415807560118
2006-12-28 00:00:00+00:00,0.0007541478129713397
2006-12-29 00:00:00+00:00,0.000750750750750743
2007-01-02 00:00:00+00:00,-8.333333333333333e-05
2007-01-03 00:00:00+00:00,-0.007536239629683389
2007-01-04 00:00:00+00:00,-0.007801781997376023
2007-01-05 00:00:00+00:00,0.0021586652837045266
2007-01-08 00:00:00+00:00,-0.0006511608812458565
2007-01-09 00:00:00+00:00,-0.0013371390078898981
2007-01-10 00:00:00+00:00,-0.004852620865251603
2007-01-11 00:00:00+00:00,-0.006602490964809804
2007-01-12 00:00:00+00:00,0.0035659232443416102
2007-01-16 00:00:00+00:00,-0.00559854858656437
2007-01-17 00:00:00+00:00,0.003352218357119148
2007-01-18 00:00:00+00:00,-0.005615116384895831
2007-01-19 00:00:00+00:00,0.00498547989277435
2007-01-22 00:00:00+00:00,-0.00275694230488858
2007-01-23 00:00:00+00:00,0.012745289020573331
2007-01-24 00:00:00+00:00,0.000999267232522675
2007-01-25 00:00:00+00:00,-0.003431459309010898
2007-01-26 00:00:00+00:00,0.003657258088247424
2007-01-29 00:00:00+00:00,-0.004240346126542597
2007-01-30 00:00:00+00:00,0.009134120197364148
2007-01-31 00:00:00+00:00,0.003422848703632371
2007-02-01 00:00:00+00:00,0.00029661802177436797
2007-02-02 00:00:00+00:00,0.003522753522753515
2007-02-05 00:00:00+00:00,0.0007352109489876894
2007-02-06 00:00:00+00:00,-0.000281531531531524
2007-02-07 00:00:00+00:00,0.0005076142131979673
2007-02-08 00:00:00+00:00,0.0006185335132703473
2007-02-09 00:00:00+00:00,0.0012324929971988898
2007-02-12 00:00:00+00:00,-0.0008897786675564437
2007-02-13 00:00:00+00:00,0.002180476350218045
2007-02-14 00:00:00+00:00,-0.00099337748344371
2007-02-15 00:00:00+00:00,0.0018321119253830915
2007-02-16 00:00:00+00:00,0.0018121911037891254
2007-02-20 00:00:00+00:00,0.0008691873098652936
2007-02-21 00:00:00+00:00,0.0022157371379161184
2007-02-22 00:00:00+00:00,0.0005333333333333485
2007-02-23 00:00:00+00:00,-0.0011695906432748573
2007-02-26 00:00:00+00:00,0.00010707784559375413
2007-02-27 00:00:00+00:00,-0.003263777421080786
2007-02-28 00:00:00+00:00,0.002128356254092985
2007-03-01 00:00:00+00:00,-0.0033020772094846103
2007-03-02 00:00:00+00:00,-0.002496504893149583
2007-03-05 00:00:00+00:00,0.0025344687753446893
2007-03-06 00:00:00+00:00,-0.001897343718793687
2007-03-07 00:00:00+00:00,0.001313131313131303
2007-03-08 00:00:00+00:00,-0.0015033072760072077
2007-03-09 00:00:00+00:00,-0.0015169902912621398
2007-03-12 00:00:00+00:00,-0.003470095937946523
2007-03-13 00:00:00+00:00,-0.0011465499270377395
2007-03-14 00:00:00+00:00,-0.003148614609571794
2007-03-15 00:00:00+00:00,0.0035301668806161737
2007-03-16 00:00:00+00:00,0.0007332914309658618
2007-03-19 00:00:00+00:00,-0.0006257822277847361
2007-03-20 00:00:00+00:00,0.0030360134003349915
2007-03-21 00:00:00+00:00,0.001850709438618129
2007-03-22 00:00:00+00:00,-0.00010168802115110656
2007-03-23 00:00:00+00:00,-0.0025437525437525346
2007-03-26 00:00:00+00:00,-0.005063029551560239
2007-03-27 00:00:00+00:00,0.0006393861892582953
2007-03-28 00:00:00+00:00,-0.001698513800424628
2007-03-29 00:00:00+00:00,0.0025740025740025687
2007-03-30 00:00:00+00:00,-0.00844951415293621
2007-04-02 00:00:00+00:00,0.012344672145305869
2007-04-03 00:00:00+00:00,0.007498095495270029
2007-04-04 00:00:00+00:00,-0.01113023386723877
2007-04-05 00:00:00+00:00,-0.008445533670186484
2007-04-09 00:00:00+00:00,0.00020210392746772266
2007-04-10 00:00:00+00:00,-0.006339283655951969
2007-04-11 00:00:00+00:00,0.0042724369078753575
2007-04-12 00:00:00+00:00,0.000284731517608235
2007-04-13 00:00:00+00:00,-0.012221875649823244
2007-04-16 00:00:00+00:00,0.0032774478737472856
2007-04-17 00:00:00+00:00,0.004244114796592867
2007-04-18 00:00:00+00:00,-0.0037889258184719368
2007-04-19 00:00:00+00:00,-0.011105224785954363
2007-04-20 00:00:00+00:00,0.002809909127113412
2007-04-23 00:00:00+00:00,0.006470189514710456
2007-04-24 00:00:00+00:00,-0.00036096752226144613
2007-04-25 00:00:00+00:00,-0.012812072550428598
2007-04-26 00:00:00+00:00,0.0026711560044893425
2007-04-27 00:00:00+00:00,0.0023652191232725697
2007-04-30 00:00:00+00:00,0.007854762487569628
2007-05-01 00:00:00+00:00,0.00511925159226508
2007-05-02 00:00:00+00:00,-0.0010298080337560007
2007-05-03 00:00:00+00:00,0.00399359865600742
2007-05-04 00:00:00+00:00,0.0010048281937682737
2007-05-07 00:00:00+00:00,-0.005136612021857926
2007-05-08 00:00:00+00:00,-0.011599353917390512
2007-05-09 00:00:00+00:00,0.0023597308761593343
2007-05-10 00:00:00+00:00,-0.0046573430660115465
2007-05-11 00:00:00+00:00,0.010874777131146002
2007-05-14 00:00:00+00:00,0.0006853518234946618
2007-05-15 00:00:00+00:00,0.010715727380394724
2007-05-16 00:00:00+00:00,0.00027581464183643956
2007-05-17 00:00:00+00:00,-0.005104321708124082
2007-05-18 00:00:00+00:00,-0.005673812225679642
2007-05-21 00:00:00+00:00,0.00729487626039349
2007-05-22 00:00:00+00:00,-0.007985087630469548
2007-05-23 00:00:00+00:00,0.0014951537386744447
2007-05-24 00:00:00+00:00,0.008689975667783362
2007-05-25 00:00:00+00:00,0.0031730962549440336
2007-05-29 00:00:00+00:00,-0.008313382101046133
2007-05-30 00:00:00+00:00,0.014700349959308651
2007-05-31 00:00:00+00:00,0.00552760301437131
2007-06-01 00:00:00+00:00,-0.00016666666666666666
2007-06-04 00:00:00+00:00,0.0
2007-06-05 00:00:00+00:00,0.0
2007-06-06 00:00:00+00:00,0.0
2007-06-07 00:00:00+00:00,0.0
2007-06-08 00:00:00+00:00,0.0
2007-06-11 00:00:00+00:00,0.0
2007-06-12 00:00:00+00:00,0.0
2007-06-13 00:00:00+00:00,0.0
2007-06-14 00:00:00+00:00,0.0
2007-06-15 00:00:00+00:00,0.0
2007-06-18 00:00:00+00:00,0.0
2007-06-19 00:00:00+00:00,0.0
2007-06-20 00:00:00+00:00,0.0
2007-06-21 00:00:00+00:00,0.0
2007-06-22 00:00:00+00:00,0.0
2007-06-25 00:00:00+00:00,0.0
2007-06-26 00:00:00+00:00,0.0
2007-06-27 00:00:00+00:00,0.0
2007-06-28 00:00:00+00:00,0.0
2007-06-29 00:00:00+00:00,0.0
2007-07-02 00:00:00+00:00,-0.0027794878470307482
2007-07-03 00:00:00+00:00,0.001335548682619573
2007-07-05 00:00:00+00:00,0.006620350921349863
2007-07-06 00:00:00+00:00,0.005000014609324236
2007-07-09 00:00:00+00:00,-0.004749765710718926
2007-07-10 00:00:00+00:00,0.0024226171548126967
2007-07-11 00:00:00+00:00,0.0047768333654938195
2007-07-12 00:00:00+00:00,-1.4229416407015032e-06
2007-07-13 00:00:00+00:00,0.003968741596845867
2007-07-16 00:00:00+00:00,-0.0028292226097238284
2007-07-17 00:00:00+00:00,-0.00043069643793887846
2007-07-18 00:00:00+00:00,0.008486913713873778
2007-07-19 00:00:00+00:00,0.0009964556588367146
2007-07-20 00:00:00+00:00,-0.0017764138368228282
2007-07-23 00:00:00+00:00,-0.0004179019340569412
2007-07-24 00:00:00+00:00,0.0028845167370117513
2007-07-25 00:00:00+00:00,0.0031796362556750406
2007-07-26 00:00:00+00:00,0.0024262802783700885
2007-07-27 00:00:00+00:00,0.005179105087637859
2007-07-30 00:00:00+00:00,-0.004429507100841315
2007-07-31 00:00:00+00:00,0.0010328319397543044
2007-08-01 00:00:00+00:00,-0.0026785582479700214
2007-08-02 00:00:00+00:00,0.00041879361401375714
2007-08-03 00:00:00+00:00,-0.0032616778963358386
2007-08-06 00:00:00+00:00,-0.007759749472154057
2007-08-07 00:00:00+00:00,0.0021313586460115865
2007-08-08 00:00:00+00:00,0.00022911012631554595
2007-08-09 00:00:00+00:00,0.0018981782458923715
2007-08-10 00:00:00+00:00,-0.0015081445398455646
2007-08-13 00:00:00+00:00,-0.00039738445915316056
2007-08-14 00:00:00+00:00,0.001356039737156404
2007-08-15 00:00:00+00:00,0.0037326689281856895
2007-08-16 00:00:00+00:00,-0.003618006842374251
2007-08-17 00:00:00+00:00,0.0028913768260967476
2007-08-20 00:00:00+00:00,-0.00300730706753799
2007-08-21 00:00:00+00:00,-0.002431556914967085
2007-08-22 00:00:00+00:00,-0.00031591682782618663
2007-08-23 00:00:00+00:00,0.001086413936609946
2007-08-24 00:00:00+00:00,0.0030766655764984012
2007-08-27 00:00:00+00:00,0.0010431310173671937
2007-08-28 00:00:00+00:00,-0.0011112833939137348
2007-08-29 00:00:00+00:00,0.0038070378407140484
2007-08-30 00:00:00+00:00,-0.0011019129027397914
2007-08-31 00:00:00+00:00,0.0011339105185098988
2007-09-04 00:00:00+00:00,0.013349220504147264
2007-09-05 00:00:00+00:00,0.012542779470577395
2007-09-06 00:00:00+00:00,-0.00969251340814738
2007-09-07 00:00:00+00:00,0.000506675671284873
2007-09-10 00:00:00+00:00,0.013601743844706507
2007-09-11 00:00:00+00:00,0.0055353577532705565
2007-09-12 00:00:00+00:00,0.008223838988622684
2007-09-13 00:00:00+00:00,-0.013465168446241349
2007-09-14 00:00:00+00:00,0.009434764298404247
2007-09-17 00:00:00+00:00,0.01728606379995612
2007-09-18 00:00:00+00:00,-0.00327222333621772
2007-09-19 00:00:00+00:00,-0.014448709081102313
2007-09-20 00:00:00+00:00,-0.0036524241848921255
2007-09-21 00:00:00+00:00,0.006703220012095593
2007-09-24 00:00:00+00:00,0.008664663432395468
2007-09-25 00:00:00+00:00,0.0015422179164531848
2007-09-26 00:00:00+00:00,0.0072863264148014615
2007-09-27 00:00:00+00:00,0.015732236631942155
2007-09-28 00:00:00+00:00,-0.00010851966352622621
2007-10-01 00:00:00+00:00,0.004009942692465452
2007-10-02 00:00:00+00:00,0.0014062727033093043
2007-10-03 00:00:00+00:00,-0.0012640752554245644
2007-10-04 00:00:00+00:00,-0.004023817418516318
2007-10-05 00:00:00+00:00,0.0005826276034768633
2007-10-08 00:00:00+00:00,0.004789745409848167
2007-10-09 00:00:00+00:00,-0.0019833990927449565
2007-10-10 00:00:00+00:00,-0.0024329174800605813
2007-10-11 00:00:00+00:00,-0.002262603600659552
2007-10-12 00:00:00+00:00,6.673131859918913e-05
2007-10-15 00:00:00+00:00,-0.004510908855807035
2007-10-16 00:00:00+00:00,-0.0022754927837526084
2007-10-17 00:00:00+00:00,0.001411036563325437
2007-10-18 00:00:00+00:00,-0.002184929487161017
2007-10-19 00:00:00+00:00,0.001326628155158586
2007-10-22 00:00:00+00:00,0.0014087967445658247
2007-10-23 00:00:00+00:00,0.0008005577853741711
2007-10-24 00:00:00+00:00,-0.003058243469354312
2007-10-25 00:00:00+00:00,-0.004725309628567875
2007-10-26 00:00:00+00:00,-0.001667761876826564
2007-10-29 00:00:00+00:00,-0.002199397202006348
2007-10-30 00:00:00+00:00,0.0027049824766961677
2007-10-31 00:00:00+00:00,-0.005719171561445746
2007-11-01 00:00:00+00:00,-8.333333333333333e-05
2007-11-02 00:00:00+00:00,0.0
2007-11-05 00:00:00+00:00,0.0
2007-11-06 00:00:00+00:00,0.0
2007-11-07 00:00:00+00:00,0.0
2007-11-08 00:00:00+00:00,0.0
2007-11-09 00:00:00+00:00,0.0
2007-11-12 00:00:00+00:00,0.0
2007-11-13 00:00:00+00:00,0.0
2007-11-14 00:00:00+00:00,0.0
2007-11-15 00:00:00+00:00,0.0
2007-11-16 00:00:00+00:00,0.0
2007-11-19 00:00:00+00:00,0.0
2007-11-20 00:00:00+00:00,0.0
2007-11-21 00:00:00+00:00,0.0
2007-11-23 00:00:00+00:00,0.0
2007-11-26 00:00:00+00:00,0.0
2007-11-27 00:00:00+00:00,0.0
2007-11-28 00:00:00+00:00,0.0
2007-11-29 00:00:00+00:00,0.0
2007-11-30 00:00:00+00:00,0.0
2007-12-03 00:00:00+00:00,0.0005668617251842294
2007-12-04 00:00:00+00:00,0.003454231433506057
2007-12-05 00:00:00+00:00,0.0
2007-12-06 00:00:00+00:00,0.00031725888324873885
2007-12-07 00:00:00+00:00,0.002005488705932016
2007-12-10 00:00:00+00:00,0.0004171881518565031
2007-12-11 00:00:00+00:00,0.0024968789013732895
2007-12-12 00:00:00+00:00,0.004202542025420253
2007-12-13 00:00:00+00:00,0.000799840031993589
2007-12-14 00:00:00+00:00,0.0004975124378109319
2007-12-17 00:00:00+00:00,0.0074404761904762005
2007-12-18 00:00:00+00:00,-0.002564102564102555
2007-12-19 00:00:00+00:00,0.0010609567901234498
2007-12-20 00:00:00+00:00,0.0010542457350967889
2007-12-21 00:00:00+00:00,0.002285714285714298
2007-12-24 00:00:00+00:00,0.00018789928598272887
2007-12-26 00:00:00+00:00,0.003096846846846857
2007-12-27 00:00:00+00:00,0.0009213193292795241
2007-12-28 00:00:00+00:00,-0.0010078797874289815
2007-12-31 00:00:00+00:00,0.0012905604719763986
2008-01-02 00:00:00+00:00,0.006154093322112604
2008-01-03 00:00:00+00:00,-0.0007361346939622574
2008-01-04 00:00:00+00:00,-0.002134161186997774
2008-01-07 00:00:00+00:00,-0.00480033911882094
2008-01-08 00:00:00+00:00,0.00217338931699651
2008-01-09 00:00:00+00:00,-0.00114191433884205
2008-01-10 00:00:00+00:00,-0.003414513644098856
2008-01-11 00:00:00+00:00,-0.0018141013997644562
2008-01-14 00:00:00+00:00,0.002715133720040767
2008-01-15 00:00:00+00:00,-0.004069348012872028
2008-01-16 00:00:00+00:00,-0.0019223887747339221
2008-01-17 00:00:00+00:00,-0.0013026550585194714
2008-01-18 00:00:00+00:00,0.0008136440970721859
2008-01-22 00:00:00+00:00,-0.0013249442845849797
2008-01-23 00:00:00+00:00,-0.005305139415547333
2008-01-24 00:00:00+00:00,0.004636559485320935
2008-01-25 00:00:00+00:00,0.0024232848098968787
2008-01-28 00:00:00+00:00,0.0005144577630596947
2008-01-29 00:00:00+00:00,0.0011906098493230284
2008-01-30 00:00:00+00:00,0.0012549149679941252
2008-01-31 00:00:00+00:00,-0.0010469724891734402
2008-02-01 00:00:00+00:00,0.0011679439592466405
2008-02-04 00:00:00+00:00,0.008347158764715552
2008-02-05 00:00:00+00:00,-0.000785170543769383
2008-02-06 00:00:00+00:00,-0.0031033031769408708
2008-02-07 00:00:00+00:00,0.0009786088580422403
2008-02-08 00:00:00+00:00,0.0037749603402375724
2008-02-11 00:00:00+00:00,-0.00309450093010218
2008-02-12 00:00:00+00:00,-0.00253179977462938
2008-02-13 00:00:00+00:00,0.0006951227533742999
2008-02-14 00:00:00+00:00,0.009650299236139432
2008-02-15 00:00:00+00:00,0.0019236280388947866
2008-02-19 00:00:00+00:00,0.004702584052525105
2008-02-20 00:00:00+00:00,0.0010324133916375655
2008-02-21 00:00:00+00:00,0.0012722839743752878
2008-02-22 00:00:00+00:00,0.0009745229614105584
2008-02-25 00:00:00+00:00,0.007266320116325849
2008-02-26 00:00:00+00:00,0.0008335577356482677
2008-02-27 00:00:00+00:00,-0.002608561408423952
2008-02-28 00:00:00+00:00,0.010305873777429642
2008-02-29 00:00:00+00:00,0.003457412518106902
2008-03-03 00:00:00+00:00,-0.00016666666666666666
2008-03-04 00:00:00+00:00,0.0
2008-03-05 00:00:00+00:00,0.0
2008-03-06 00:00:00+00:00,0.0
2008-03-07 00:00:00+00:00,0.0
2008-03-10 00:00:00+00:00,0.0
2008-03-11 00:00:00+00:00,0.0
2008-03-12 00:00:00+00:00,0.0
2008-03-13 00:00:00+00:00,0.0
2008-03-14 00:00:00+00:00,0.0
2008-03-17 00:00:00+00:00,0.0
2008-03-18 00:00:00+00:00,0.0
2008-03-19 00:00:00+00:00,0.0
2008-03-20 00:00:00+00:00,0.0
2008-03-24 00:00:00+00:00,0.0
2008-03-25 00:00:00+00:00,0.0
2008-03-26 00:00:00+00:00,0.0
2008-03-27 00:00:00+00:00,0.0
2008-03-28 00:00:00+00:00,0.0
2008-03-31 00:00:00+00:00,0.0
2008-04-01 00:00:00+00:00,-0.005004737769942711
2008-04-02 00:00:00+00:00,-0.0033533105022831204
2008-04-03 00:00:00+00:00,-0.0011889774793677477
2008-04-04 00:00:00+00:00,0.0005555555555555498
2008-04-07 00:00:00+00:00,0.0022296544035674453
2008-04-08 00:00:00+00:00,-0.0003531073446327859
2008-04-09 00:00:00+00:00,-0.003875968992248069
2008-04-10 00:00:00+00:00,0.0029614325068870553
2008-04-11 00:00:00+00:00,0.0028046557285093345
2008-04-14 00:00:00+00:00,-0.0021394950791613354
2008-04-15 00:00:00+00:00,-0.004013519222644701
2008-04-16 00:00:00+00:00,0.000687568756875682
2008-04-17 00:00:00+00:00,0.0
2008-04-18 00:00:00+00:00,0.0011046672190002844
2008-04-21 00:00:00+00:00,0.005351681957186549
2008-04-22 00:00:00+00:00,-0.004021255206089314
2008-04-23 00:00:00+00:00,0.0018230262235310692
2008-04-24 00:00:00+00:00,0.0032610236778675694
2008-04-25 00:00:00+00:00,-0.0002892263195950854
2008-04-28 00:00:00+00:00,-0.006568500072181312
2008-04-29 00:00:00+00:00,0.002430555555555547
2008-04-30 00:00:00+00:00,-0.002536997885835094
2008-05-01 00:00:00+00:00,-0.0010681288211877582
2008-05-02 00:00:00+00:00,0.0032220563841256853
2008-05-05 00:00:00+00:00,-0.006269929381124898
2008-05-06 00:00:00+00:00,0.006490319468383779
2008-05-07 00:00:00+00:00,-0.00038305604143782745
2008-05-08 00:00:00+00:00,0.007714727855413864
2008-05-09 00:00:00+00:00,-0.0036726140681641226
2008-05-12 00:00:00+00:00,-0.003620895893838368
2008-05-13 00:00:00+00:00,-0.003337320089159934
2008-05-14 00:00:00+00:00,-0.007360172655177039
2008-05-15 00:00:00+00:00,0.004913707802496188
2008-05-16 00:00:00+00:00,-0.0013618145890879432
2008-05-19 00:00:00+00:00,0.002132650623308363
2008-05-20 00:00:00+00:00,-0.0006227745706877488
2008-05-21 00:00:00+00:00,0.0036700882133268537
2008-05-22 00:00:00+00:00,-0.010225714490325591
2008-05-23 00:00:00+00:00,0.002796889976633521
2008-05-27 00:00:00+00:00,0.0009533318838552498
2008-05-28 00:00:00+00:00,-0.001532887402452628
2008-05-29 00:00:00+00:00,-0.006286864239533488
2008-05-30 00:00:00+00:00,0.008901149786388746
2008-06-02 00:00:00+00:00,-0.008549466945108726
2008-06-03 00:00:00+00:00,-0.00214368276913431
2008-06-04 00:00:00+00:00,-0.0003200334385147956
2008-06-05 00:00:00+00:00,-0.0021231895193188164
2008-06-06 00:00:00+00:00,-0.0036284198653753572
2008-06-09 00:00:00+00:00,-0.0011250567892636676
2008-06-10 00:00:00+00:00,-0.0024538866881925374
2008-06-11 00:00:00+00:00,-0.002376890160747009
2008-06-12 00:00:00+00:00,-0.0009814290660760854
2008-06-13 00:00:00+00:00,-0.0005458639330804625
2008-06-16 00:00:00+00:00,-0.007014602610452632
2008-06-17 00:00:00+00:00,0.00014427952842843662
2008-06-18 00:00:00+00:00,-0.0044320749700009765
2008-06-19 00:00:00+00:00,0.0074103208725441
2008-06-20 00:00:00+00:00,-0.0016368749594429985
2008-06-23 00:00:00+00:00,-0.0052771688165977135
2008-06-24 00:00:00+00:00,0.0035874890804278676
2008-06-25 00:00:00+00:00,0.003264174912918083
2008-06-26 00:00:00+00:00,-0.0060388499094912165
2008-06-27 00:00:00+00:00,-0.0006363153211353573
2008-06-30 00:00:00+00:00,0.007143898053174909
2008-07-01 00:00:00+00:00,0.001973030498861171
2008-07-02 00:00:00+00:00,0.006114057107515003
2008-07-03 00:00:00+00:00,0.0034413558905586426
2008-07-07 00:00:00+00:00,-0.014188339619210545
2008-07-08 00:00:00+00:00,-0.006030302639275916
2008-07-09 00:00:00+00:00,-0.0018603959126282839
2008-07-10 00:00:00+00:00,0.005324585052162692
2008-07-11 00:00:00+00:00,0.006618956766406077
2008-07-14 00:00:00+00:00,-0.0017166332033144254
2008-07-15 00:00:00+00:00,-0.007187345524645653
2008-07-16 00:00:00+00:00,-0.00024665559418398254
2008-07-17 00:00:00+00:00,-0.011471135853400575
2008-07-18 00:00:00+00:00,-0.0016608989243691399
2008-07-21 00:00:00+00:00,9.842194867446929e-05
2008-07-22 00:00:00+00:00,-0.0027185466581780933
2008-07-23 00:00:00+00:00,-0.007396063817490028
2008-07-24 00:00:00+00:00,0.0023638427418263275
2008-07-25 00:00:00+00:00,0.0019573555563209086
2008-07-28 00:00:00+00:00,-0.0007353057906317093
2008-07-29 00:00:00+00:00,-0.004595294143428426
2008-07-30 00:00:00+00:00,0.0053527332054876245
2008-07-31 00:00:00+00:00,-0.004382874027770711
2008-08-01 00:00:00+00:00,-0.00034208701343384657
2008-08-04 00:00:00+00:00,-0.00420449073454863
2008-08-05 00:00:00+00:00,-0.0033879573129144873
2008-08-06 00:00:00+00:00,-0.0022394904167404675
2008-08-07 00:00:00+00:00,-0.0002213429212273299
2008-08-08 00:00:00+00:00,-0.005442844066728791
2008-08-11 00:00:00+00:00,-0.00045290383232710063
2008-08-12 00:00:00+00:00,-0.0022118906228213997
2008-08-13 00:00:00+00:00,0.002902227210070903
2008-08-14 00:00:00+00:00,-0.0017349429803745577
2008-08-15 00:00:00+00:00,0.001075580017737332
2008-08-18 00:00:00+00:00,-0.0018327983419624456
2008-08-19 00:00:00+00:00,0.0021016974880336825
2008-08-20 00:00:00+00:00,0.002123559043945307
2008-08-21 00:00:00+00:00,0.007223011340263078
2008-08-22 00:00:00+00:00,-0.008559055417667123
2008-08-25 00:00:00+00:00,0.0010805654195460792
2008-08-26 00:00:00+00:00,0.003093853071799694
2008-08-27 00:00:00+00:00,0.002689596465333103
2008-08-28 00:00:00+00:00,-0.004041854229028566
2008-08-29 00:00:00+00:00,-3.6657499295322804e-05
2008-09-02 00:00:00+00:00,-0.022046118216900862
2008-09-03 00:00:00+00:00,0.0018603687544882879
2008-09-04 00:00:00+00:00,0.0019954382559474273
2008-09-05 00:00:00+00:00,-0.002736447761951699
2008-09-08 00:00:00+00:00,0.00014648123893048126
2008-09-09 00:00:00+00:00,-0.002417120248127902
2008-09-10 00:00:00+00:00,-0.004253564692557591
2008-09-11 00:00:00+00:00,-0.0031509468192735253
2008-09-12 00:00:00+00:00,0.001888601991022772
2008-09-15 00:00:00+00:00,0.005687226217778655
2008-09-16 00:00:00+00:00,-0.010629537360192879
2008-09-17 00:00:00+00:00,0.023083222352649847
2008-09-18 00:00:00+00:00,-0.01366770643742197
2008-09-19 00:00:00+00:00,0.004106583972868801
2008-09-22 00:00:00+00:00,0.0073950957600879
2008-09-23 00:00:00+00:00,0.00882188385459374
2008-09-24 00:00:00+00:00,-0.009792684016171466
2008-09-25 00:00:00+00:00,0.0023460853847856082
2008-09-26 00:00:00+00:00,-0.010021634735209506
2008-09-29 00:00:00+00:00,-0.01677186216402295
2008-09-30 00:00:00+00:00,0.008002551923953086
2008-10-01 00:00:00+00:00,0.006414828223767108
2008-10-02 00:00:00+00:00,-0.005326954196752054
2008-10-03 00:00:00+00:00,-0.0027402786132998216
2008-10-06 00:00:00+00:00,-0.01184651122561194
2008-10-07 00:00:00+00:00,-0.001633745717825615
2008-10-08 00:00:00+00:00,-0.000640268479230266
2008-10-09 00:00:00+00:00,0.0020518072036075363
2008-10-10 00:00:00+00:00,-0.007081806348168776
2008-10-13 00:00:00+00:00,0.0039020749385182776
2008-10-14 00:00:00+00:00,0.0009718907783418107
2008-10-15 00:00:00+00:00,-0.003344735744894467
2008-10-16 00:00:00+00:00,0.002806433578749175
2008-10-17 00:00:00+00:00,0.002063745223981154
2008-10-20 00:00:00+00:00,-0.0011052068216244604
2008-10-21 00:00:00+00:00,0.00254659755015633
2008-10-22 00:00:00+00:00,-0.001631597350632119
2008-10-23 00:00:00+00:00,-0.008804284202828805
2008-10-24 00:00:00+00:00,-0.0046736329907024286
2008-10-27 00:00:00+00:00,-0.0031522154585581497
2008-10-28 00:00:00+00:00,0.0017698649241790394
2008-10-29 00:00:00+00:00,0.007624744000004531
2008-10-30 00:00:00+00:00,-0.000979018673186264
2008-10-31 00:00:00+00:00,0.009122473097430823
2008-11-03 00:00:00+00:00,0.00037372782130956644
2008-11-04 00:00:00+00:00,0.0038154232875482474
2008-11-05 00:00:00+00:00,-0.00961032122169562
2008-11-06 00:00:00+00:00,0.0008847909099376123
2008-11-07 00:00:00+00:00,0.0022697795071335847
2008-11-10 00:00:00+00:00,0.005164061785942789
2008-11-11 00:00:00+00:00,-0.005673758865248235
2008-11-12 00:00:00+00:00,-0.004175844346549199
2008-11-13 00:00:00+00:00,0.00032947378330039356
2008-11-14 00:00:00+00:00,-0.0016910935738444117
2008-11-17 00:00:00+00:00,0.00541002277904327
2008-11-18 00:00:00+00:00,-0.0008273579702151219
2008-11-19 00:00:00+00:00,-0.0009238728750923797
2008-11-20 00:00:00+00:00,-0.007617985878855445
2008-11-21 00:00:00+00:00,-0.0031152647975077885
2008-11-24 00:00:00+00:00,0.008730158730158736
2008-11-25 00:00:00+00:00,-0.00018853695324283493
2008-11-26 00:00:00+00:00,0.0005662514156285307
2008-11-28 00:00:00+00:00,-0.0005643340857787726
2008-12-01 00:00:00+00:00,-0.008154268001907492
2008-12-02 00:00:00+00:00,-0.00012521913348360428
2008-12-03 00:00:00+00:00,-0.0002506265664160382
2008-12-04 00:00:00+00:00,-0.006902610441767061
2008-12-05 00:00:00+00:00,-0.012961508248232518
2008-12-08 00:00:00+00:00,0.011783077796706435
2008-12-09 00:00:00+00:00,-0.0010607265977194413
2008-12-10 00:00:00+00:00,0.007739524953295958
2008-12-11 00:00:00+00:00,0.005738332058148443
2008-12-12 00:00:00+00:00,0.010601577909270224
2008-12-15 00:00:00+00:00,0.0073018080667593965
2008-12-16 00:00:00+00:00,0.008327781479013991
2008-12-17 00:00:00+00:00,-0.0019035532994923776
2008-12-18 00:00:00+00:00,0.0
2008-12-19 00:00:00+00:00,-0.0037441163885322997
2008-12-22 00:00:00+00:00,0.00043773254541475587
2008-12-23 00:00:00+00:00,0.005675616677581319
2008-12-24 00:00:00+00:00,0.0013721764830061378
2008-12-26 00:00:00+00:00,0.0059673366834170904
2008-12-29 00:00:00+00:00,-0.007580351728320185
2008-12-30 00:00:00+00:00,0.0011647606946209401
2008-12-31 00:00:00+00:00,0.0045215562565720235
2009-01-02 00:00:00+00:00,-8.333333333333333e-05
2009-01-05 00:00:00+00:00,0.0
2009-01-06 00:00:00+00:00,0.0
2009-01-07 00:00:00+00:00,0.0
2009-01-08 00:00:00+00:00,0.0
2009-01-09 00:00:00+00:00,0.0
2009-01-12 00:00:00+00:00,0.0
2009-01-13 00:00:00+00:00,0.0
2009-01-14 00:00:00+00:00,0.0
2009-01-15 00:00:00+00:00,0.0
2009-01-16 00:00:00+00:00,0.0
2009-01-20 00:00:00+00:00,0.0
2009-01-21 00:00:00+00:00,0.0
2009-01-22 00:00:00+00:00,0.0
2009-01-23 00:00:00+00:00,0.0
2009-01-26 00:00:00+00:00,0.0
2009-01-27 00:00:00+00:00,0.0
2009-01-28 00:00:00+00:00,0.0
2009-01-29 00:00:00+00:00,0.0
2009-01-30 00:00:00+00:00,0.0
2009-02-02 00:00:00+00:00,-0.026726710972117852
2009-02-03 00:00:00+00:00,-0.005480904237404271
2009-02-04 00:00:00+00:00,-0.0026747025683685846
2009-02-05 00:00:00+00:00,0.019964146929297672
2009-02-06 00:00:00+00:00,0.001314684532493282
2009-02-09 00:00:00+00:00,-0.0031731931930716693
2009-02-10 00:00:00+00:00,-0.016403231312817564
2009-02-11 00:00:00+00:00,-0.011557406996502057
2009-02-12 00:00:00+00:00,-0.011042132744518372
2009-02-13 00:00:00+00:00,0.010962994275689936
2009-02-17 00:00:00+00:00,-0.041608692007462214
2009-02-18 00:00:00+00:00,-0.009888988815482964
2009-02-19 00:00:00+00:00,0.033112731202433535
2009-02-20 00:00:00+00:00,-0.008919819264031254
2009-02-23 00:00:00+00:00,-0.002412077809303341
2009-02-24 00:00:00+00:00,0.014001285838576258
2009-02-25 00:00:00+00:00,0.018565346694615566
2009-02-26 00:00:00+00:00,0.015798607208269862
2009-02-27 00:00:00+00:00,-0.009500240244445401
2009-03-02 00:00:00+00:00,-0.0003333333333333333
2009-03-03 00:00:00+00:00,0.0
2009-03-04 00:00:00+00:00,0.0
2009-03-05 00:00:00+00:00,0.0
2009-03-06 00:00:00+00:00,0.0
2009-03-09 00:00:00+00:00,0.0
2009-03-10 00:00:00+00:00,0.0
2009-03-11 00:00:00+00:00,0.0
2009-03-12 00:00:00+00:00,0.0
2009-03-13 00:00:00+00:00,0.0
2009-03-16 00:00:00+00:00,0.0
2009-03-17 00:00:00+00:00,0.0
2009-03-18 00:00:00+00:00,0.0
2009-03-19 00:00:00+00:00,0.0
2009-03-20 00:00:00+00:00,0.0
2009-03-23 00:00:00+00:00,0.0
2009-03-24 00:00:00+00:00,0.0
2009-03-25 00:00:00+00:00,0.0
2009-03-26 00:00:00+00:00,0.0
2009-03-27 00:00:00+00:00,0.0
2009-03-30 00:00:00+00:00,0.0
2009-03-31 00:00:00+00:00,0.0
2009-04-01 00:00:00+00:00,0.0
2009-04-02 00:00:00+00:00,0.0
2009-04-03 00:00:00+00:00,0.0
2009-04-06 00:00:00+00:00,0.0
2009-04-07 00:00:00+00:00,0.0
2009-04-08 00:00:00+00:00,0.0
2009-04-09 00:00:00+00:00,0.0
2009-04-13 00:00:00+00:00,0.0
2009-04-14 00:00:00+00:00,0.0
2009-04-15 00:00:00+00:00,0.0
2009-04-16 00:00:00+00:00,0.0
2009-04-17 00:00:00+00:00,0.0
2009-04-20 00:00:00+00:00,0.0
2009-04-21 00:00:00+00:00,0.0
2009-04-22 00:00:00+00:00,0.0
2009-04-23 00:00:00+00:00,0.0
2009-04-24 00:00:00+00:00,0.0
2009-04-27 00:00:00+00:00,0.0
2009-04-28 00:00:00+00:00,0.0
2009-04-29 00:00:00+00:00,0.0
2009-04-30 00:00:00+00:00,0.0
2009-05-01 00:00:00+00:00,0.014530610049808285
2009-05-04 00:00:00+00:00,-0.008992511302067166
2009-05-05 00:00:00+00:00,0.001137885341283932
2009-05-06 00:00:00+00:00,0.0028646976793940495
2009-05-07 00:00:00+00:00,0.005086641992483505
2009-05-08 00:00:00+00:00,0.010219191967184571
2009-05-11 00:00:00+00:00,-0.00020128824476650653
2009-05-12 00:00:00+00:00,0.0029925973140918494
2009-05-13 00:00:00+00:00,-0.001072961373390561
2009-05-14 00:00:00+00:00,0.001586533387221737
2009-05-15 00:00:00+00:00,-0.002826966432716682
2009-05-18 00:00:00+00:00,0.005449427079145493
2009-05-19 00:00:00+00:00,0.0011865744326021166
2009-05-20 00:00:00+00:00,0.0026456372107172
2009-05-21 00:00:00+00:00,-0.0019674719164001022
2009-05-22 00:00:00+00:00,0.007792340899577698
2009-05-26 00:00:00+00:00,-0.001201326550376099
2009-05-27 00:00:00+00:00,0.0031597580552688758
2009-05-28 00:00:00+00:00,0.0023410483319859323
2009-05-29 00:00:00+00:00,0.004699750071094466
2009-06-01 00:00:00+00:00,0.018186123117381804
2009-06-02 00:00:00+00:00,0.0007082788372473521
2009-06-03 00:00:00+00:00,-0.009237776776374013
2009-06-04 00:00:00+00:00,0.011140031155700095
2009-06-05 00:00:00+00:00,-0.0019083399237518708
2009-06-08 00:00:00+00:00,0.000744847077605415
2009-06-09 00:00:00+00:00,0.005230164729635925
2009-06-10 00:00:00+00:00,0.002640155746909567
2009-06-11 00:00:00+00:00,0.004700654020768691
2009-06-12 00:00:00+00:00,-0.004258009217510257
2009-06-15 00:00:00+00:00,-0.008476419790393356
2009-06-16 00:00:00+00:00,0.0014546500540865148
2009-06-17 00:00:00+00:00,0.004164040229365562
2009-06-18 00:00:00+00:00,-0.0012897300685823694
2009-06-19 00:00:00+00:00,-0.009335313242778826
2009-06-22 00:00:00+00:00,-0.009409764780875943
2009-06-23 00:00:00+00:00,0.007984183593096272
2009-06-24 00:00:00+00:00,-0.0020630729285615232
2009-06-25 00:00:00+00:00,0.00521011085322783
2009-06-26 00:00:00+00:00,-0.003619321217833149
2009-06-29 00:00:00+00:00,0.007067178428823502
2009-06-30 00:00:00+00:00,-0.004577704372840626
2009-07-01 00:00:00+00:00,-0.001879991850040757
2009-07-02 00:00:00+00:00,-0.001975308641975315
2009-07-06 00:00:00+00:00,-0.0032483758120939545
2009-07-07 00:00:00+00:00,-0.0022935779816513806
2009-07-08 00:00:00+00:00,0.0016365202411714093
2009-07-09 00:00:00+00:00,0.0019617877857386703
2009-07-10 00:00:00+00:00,-0.0008430281571404537
2009-07-13 00:00:00+00:00,0.00813421453990848
2009-07-14 00:00:00+00:00,-0.00452415576021975
2009-07-15 00:00:00+00:00,0.010961634280019911
2009-07-16 00:00:00+00:00,-0.0004675081813931836
2009-07-17 00:00:00+00:00,0.0026566651039224842
2009-07-20 00:00:00+00:00,0.00015382248884787675
2009-07-21 00:00:00+00:00,-0.002305209774089434
2009-07-22 00:00:00+00:00,-0.003973819541841986
2009-07-23 00:00:00+00:00,0.0031130268199233884
2009-07-24 00:00:00+00:00,-0.004858172700203722
2009-07-27 00:00:00+00:00,0.001372074253430185
2009-07-28 00:00:00+00:00,-0.0013608709574127371
2009-07-29 00:00:00+00:00,-0.0015334947538337418
2009-07-30 00:00:00+00:00,0.0015477354187031591
2009-07-31 00:00:00+00:00,0.0038740920096852483
2009-08-03 00:00:00+00:00,-8.333333333333333e-05
2009-08-04 00:00:00+00:00,0.0
2009-08-05 00:00:00+00:00,0.0
2009-08-06 00:00:00+00:00,0.0
2009-08-07 00:00:00+00:00,0.0
2009-08-10 00:00:00+00:00,0.0
2009-08-11 00:00:00+00:00,0.0
2009-08-12 00:00:00+00:00,0.0
2009-08-13 00:00:00+00:00,0.0
2009-08-14 00:00:00+00:00,0.0
2009-08-17 00:00:00+00:00,0.0
2009-08-18 00:00:00+00:00,0.0
2009-08-19 00:00:00+00:00,0.0
2009-08-20 00:00:00+00:00,0.0
2009-08-21 00:00:00+00:00,0.0
2009-08-24 00:00:00+00:00,0.0
2009-08-25 00:00:00+00:00,0.0
2009-08-26 00:00:00+00:00,0.0
2009-08-27 00:00:00+00:00,0.0
2009-08-28 00:00:00+00:00,0.0
2009-08-31 00:00:00+00:00,0.0
2009-09-01 00:00:00+00:00,-0.008816952133606032
2009-09-02 00:00:00+00:00,-0.006262565360156569
2009-09-03 00:00:00+00:00,-0.012707183775944486
2009-09-04 00:00:00+00:00,0.014619885542599704
2009-09-08 00:00:00+00:00,0.004826490612137098
2009-09-09 00:00:00+00:00,0.0013062626172369862
2009-09-10 00:00:00+00:00,0.025156123857201895
2009-09-11 00:00:00+00:00,-0.015151515151515155
2009-09-14 00:00:00+00:00,0.018975218966519915
2009-09-15 00:00:00+00:00,0.0011626732578280765
2009-09-16 00:00:00+00:00,0.02208835673031125
2009-09-17 00:00:00+00:00,-0.013386526885742489
2009-09-18 00:00:00+00:00,0.01542318183824957
2009-09-21 00:00:00+00:00,-0.008911246467396789
2009-09-22 00:00:00+00:00,0.001538030974991759
2009-09-23 00:00:00+00:00,0.011591388647633316
2009-09-24 00:00:00+00:00,0.004101901174096219
2009-09-25 00:00:00+00:00,0.0012642213218914862
2009-09-28 00:00:00+00:00,-0.010664988822047267
2009-09-29 00:00:00+00:00,0.05116175045002306
2009-09-30 00:00:00+00:00,-0.0011623904236361577
2009-10-01 00:00:00+00:00,-8.333333333333333e-05
2009-10-02 00:00:00+00:00,0.0
2009-10-05 00:00:00+00:00,0.0
2009-10-06 00:00:00+00:00,0.0
2009-10-07 00:00:00+00:00,0.0
2009-10-08 00:00:00+00:00,0.0
2009-10-09 00:00:00+00:00,0.0
2009-10-12 00:00:00+00:00,0.0
2009-10-13 00:00:00+00:00,0.0
2009-10-14 00:00:00+00:00,0.0
2009-10-15 00:00:00+00:00,0.0
2009-10-16 00:00:00+00:00,0.0
2009-10-19 00:00:00+00:00,0.0
2009-10-20 00:00:00+00:00,0.0
2009-10-21 00:00:00+00:00,0.0
2009-10-22 00:00:00+00:00,0.0
2009-10-23 00:00:00+00:00,0.0
2009-10-26 00:00:00+00:00,0.0
2009-10-27 00:00:00+00:00,0.0
2009-10-28 00:00:00+00:00,0.0
2009-10-29 00:00:00+00:00,0.0
2009-10-30 00:00:00+00:00,0.0
2009-11-02 00:00:00+00:00,0.0
2009-11-03 00:00:00+00:00,0.0
2009-11-04 00:00:00+00:00,0.0
2009-11-05 00:00:00+00:00,0.0
2009-11-06 00:00:00+00:00,0.0
2009-11-09 00:00:00+00:00,0.0
2009-11-10 00:00:00+00:00,0.0
2009-11-11 00:00:00+00:00,0.0
2009-11-12 00:00:00+00:00,0.0
2009-11-13 00:00:00+00:00,0.0
2009-11-16 00:00:00+00:00,0.0
2009-11-17 00:00:00+00:00,0.0
2009-11-18 00:00:00+00:00,0.0
2009-11-19 00:00:00+00:00,0.0
2009-11-20 00:00:00+00:00,0.0
2009-11-23 00:00:00+00:00,0.0
2009-11-24 00:00:00+00:00,0.0
2009-11-25 00:00:00+00:00,0.0
2009-11-27 00:00:00+00:00,0.0
2009-11-30 00:00:00+00:00,0.0
2009-12-01 00:00:00+00:00,-0.0015652901682825884
2009-12-02 00:00:00+00:00,-0.0073467440667799675
2009-12-03 00:00:00+00:00,-0.0006699467622222803
2009-12-04 00:00:00+00:00,-0.005611864269863672
2009-12-07 00:00:00+00:00,-0.000631699785478612
2009-12-08 00:00:00+00:00,-0.001085518373653967
2009-12-09 00:00:00+00:00,-0.0031510472023047274
2009-12-10 00:00:00+00:00,0.003946239158617082
2009-12-11 00:00:00+00:00,0.0065998039674965234
2009-12-14 00:00:00+00:00,0.004398089972354875
2009-12-15 00:00:00+00:00,0.00659013605442175
2009-12-16 00:00:00+00:00,0.0018356448502117777
2009-12-17 00:00:00+00:00,-0.011281905574253126
2009-12-18 00:00:00+00:00,-0.0013159278410650268
2009-12-21 00:00:00+00:00,-0.0008687909345139004
2009-12-22 00:00:00+00:00,-0.0021858349983350047
2009-12-23 00:00:00+00:00,0.004231684955614101
2009-12-24 00:00:00+00:00,0.001252860525125965
2009-12-28 00:00:00+00:00,0.007979101749977402
2009-12-29 00:00:00+00:00,0.0018583669731629207
2009-12-30 00:00:00+00:00,-0.001579949912902038
2009-12-31 00:00:00+00:00,0.0008650420251774538
2010-01-04 00:00:00+00:00,-0.00016666666666666666
2010-01-05 00:00:00+00:00,0.0
2010-01-06 00:00:00+00:00,0.0
2010-01-07 00:00:00+00:00,0.0
2010-01-08 00:00:00+00:00,0.0
2010-01-11 00:00:00+00:00,0.0
2010-01-12 00:00:00+00:00,0.0
2010-01-13 00:00:00+00:00,0.0
2010-01-14 00:00:00+00:00,0.0
2010-01-15 00:00:00+00:00,0.0
2010-01-19 00:00:00+00:00,0.0
2010-01-20 00:00:00+00:00,0.0
2010-01-21 00:00:00+00:00,0.0
2010-01-22 00:00:00+00:00,0.0
2010-01-25 00:00:00+00:00,0.0
2010-01-26 00:00:00+00:00,0.0
2010-01-27 00:00:00+00:00,0.0
2010-01-28 00:00:00+00:00,0.0
2010-01-29 00:00:00+00:00,0.0
2010-02-01 00:00:00+00:00,0.0025796414763309588
2010-02-02 00:00:00+00:00,0.009155288146045121
2010-02-03 00:00:00+00:00,-0.003690963649179442
2010-02-04 00:00:00+00:00,-0.007212534393638762
2010-02-05 00:00:00+00:00,-0.004534700358750124
2010-02-08 00:00:00+00:00,0.0045579750806772346
2010-02-09 00:00:00+00:00,0.0034156056461951594
2010-02-10 00:00:00+00:00,0.004083714566163151
2010-02-11 00:00:00+00:00,0.002677550032355073
2010-02-12 00:00:00+00:00,-0.002192571924926112
2010-02-16 00:00:00+00:00,0.010090642791110974
2010-02-17 00:00:00+00:00,-0.0017241597508934614
2010-02-18 00:00:00+00:00,0.003115532608137036
2010-02-19 00:00:00+00:00,0.0010536515510215874
2010-02-22 00:00:00+00:00,0.0036409682385881714
2010-02-23 00:00:00+00:00,-0.004262996102527672
2010-02-24 00:00:00+00:00,0.0029342660697884897
2010-02-25 00:00:00+00:00,-0.006254506256699691
2010-02-26 00:00:00+00:00,0.004858562172707637
2010-03-01 00:00:00+00:00,-0.00016666666666666666
2010-03-02 00:00:00+00:00,0.0
2010-03-03 00:00:00+00:00,0.0
2010-03-04 00:00:00+00:00,0.0
2010-03-05 00:00:00+00:00,0.0
2010-03-08 00:00:00+00:00,0.0
2010-03-09 00:00:00+00:00,0.0
2010-03-10 00:00:00+00:00,0.0
2010-03-11 00:00:00+00:00,0.0
2010-03-12 00:00:00+00:00,0.0
2010-03-15 00:00:00+00:00,0.0
2010-03-16 00:00:00+00:00,0.0
2010-03-17 00:00:00+00:00,0.0
2010-03-18 00:00:00+00:00,0.0
2010-03-19 00:00:00+00:00,0.0
2010-03-22 00:00:00+00:00,0.0
2010-03-23 00:00:00+00:00,0.0
2010-03-24 00:00:00+00:00,0.0
2010-03-25 00:00:00+00:00,0.0
2010-03-26 00:00:00+00:00,0.0
2010-03-29 00:00:00+00:00,0.0
2010-03-30 00:00:00+00:00,0.0
2010-03-31 00:00:00+00:00,0.0
2010-04-01 00:00:00+00:00,0.00015821256038647818
2010-04-05 00:00:00+00:00,-0.0006047411707789108
2010-04-06 00:00:00+00:00,-0.0003615328994938475
2010-04-07 00:00:00+00:00,-0.00481000481000482
2010-04-08 00:00:00+00:00,0.0038569424964936907
2010-04-09 00:00:00+00:00,0.0011964584828906462
2010-04-12 00:00:00+00:00,-0.0012051096649795163
2010-04-13 00:00:00+00:00,-0.0020339794209141004
2010-04-14 00:00:00+00:00,-0.002600472813238756
2010-04-15 00:00:00+00:00,-0.002444134078212275
2010-04-16 00:00:00+00:00,-0.00034411562284926883
2010-04-19 00:00:00+00:00,0.007440476190476182
2010-04-20 00:00:00+00:00,-0.0037143541816438974
2010-04-21 00:00:00+00:00,-0.0017580872011251727
2010-04-22 00:00:00+00:00,-0.0013917884481558691
2010-04-23 00:00:00+00:00,0.004255808603634688
2010-04-26 00:00:00+00:00,0.00035410764872521405
2010-04-27 00:00:00+00:00,0.0022474568251715232
2010-04-28 00:00:00+00:00,-0.004556354916067132
2010-04-29 00:00:00+00:00,-0.0016339869281045694
2010-04-30 00:00:00+00:00,-0.0026583448913545986
2010-05-03 00:00:00+00:00,-0.0024417859655374756
2010-05-04 00:00:00+00:00,-0.0046184861477718275
2010-05-05 00:00:00+00:00,-0.002963771864700926
2010-05-06 00:00:00+00:00,-0.007550775197396498
2010-05-07 00:00:00+00:00,-0.0029738918142871067
2010-05-10 00:00:00+00:00,-0.002963283403460618
2010-05-11 00:00:00+00:00,0.002597792135491698
2010-05-12 00:00:00+00:00,-0.0010143207852495637
2010-05-13 00:00:00+00:00,-0.009164262903137117
2010-05-14 00:00:00+00:00,-0.013337763296603336
2010-05-17 00:00:00+00:00,-0.0019336318651818618
2010-05-18 00:00:00+00:00,-0.00028200220710581736
2010-05-19 00:00:00+00:00,0.001407376798443068
2010-05-20 00:00:00+00:00,-0.0029834180746694714
2010-05-21 00:00:00+00:00,0.008995888528425883
2010-05-24 00:00:00+00:00,-0.0002811143022058611
2010-05-25 00:00:00+00:00,-0.008993679654277404
2010-05-26 00:00:00+00:00,0.010460639765222934
2010-05-27 00:00:00+00:00,0.010036037557967337
2010-05-28 00:00:00+00:00,-0.011222857361345224
2010-06-01 00:00:00+00:00,-0.005312020852862402
2010-06-02 00:00:00+00:00,0.0037351478492946657
2010-06-03 00:00:00+00:00,0.010783089935515317
2010-06-04 00:00:00+00:00,-0.017068551839373208
2010-06-07 00:00:00+00:00,0.0007392703857418045
2010-06-08 00:00:00+00:00,0.0003160767362040221
2010-06-09 00:00:00+00:00,0.0115277565227437
2010-06-10 00:00:00+00:00,0.00288743320599207
2010-06-11 00:00:00+00:00,-0.0040030988638742136
2010-06-14 00:00:00+00:00,0.0056638454037533465
2010-06-15 00:00:00+00:00,0.007192286965561827
2010-06-16 00:00:00+00:00,0.006381304387893305
2010-06-17 00:00:00+00:00,5.720350465304703e-05
2010-06-18 00:00:00+00:00,0.0009862598844387893
2010-06-21 00:00:00+00:00,0.0031031554061243805
2010-06-22 00:00:00+00:00,-0.003480154491452632
2010-06-23 00:00:00+00:00,-0.006661268565497683
2010-06-24 00:00:00+00:00,-0.0009881221738673451
2010-06-25 00:00:00+00:00,0.009836696438788928
2010-06-28 00:00:00+00:00,-0.003128846001190603
2010-06-29 00:00:00+00:00,-0.012005230336871195
2010-06-30 00:00:00+00:00,-0.003725674419402284
2010-07-01 00:00:00+00:00,0.006570019723865875
2010-07-02 00:00:00+00:00,0.0012913223140496033
2010-07-06 00:00:00+00:00,0.0017085255424568548
2010-07-07 00:00:00+00:00,0.007779468966683578
2010-07-08 00:00:00+00:00,0.005897560187429299
2010-07-09 00:00:00+00:00,-0.003277153558052433
2010-07-12 00:00:00+00:00,-0.0007163323782234943
2010-07-13 00:00:00+00:00,0.004636290967226212
2010-07-14 00:00:00+00:00,0.003888629646912426
2010-07-15 00:00:00+00:00,0.01459188326493388
2010-07-16 00:00:00+00:00,-0.002515723270440251
2010-07-19 00:00:00+00:00,-0.001419043564637438
2010-07-20 00:00:00+00:00,-0.0015027908973808493
2010-07-21 00:00:00+00:00,0.0032495667244367326
2010-07-22 00:00:00+00:00,0.0023374415639609105
2010-07-23 00:00:00+00:00,-6.98519139424499e-05
2010-07-26 00:00:00+00:00,-0.0018867924528301883
2010-07-27 00:00:00+00:00,0.0015549901046084298
2010-07-28 00:00:00+00:00,0.005742296918767523
2010-07-29 00:00:00+00:00,0.0032493907392363943
2010-07-30 00:00:00+00:00,0.009030544488711803
2010-08-02 00:00:00+00:00,-8.333333333333333e-05
2010-08-03 00:00:00+00:00,0.0
2010-08-04 00:00:00+00:00,0.0
2010-08-05 00:00:00+00:00,0.0
2010-08-06 00:00:00+00:00,0.0
2010-08-09 00:00:00+00:00,0.0
2010-08-10 00:00:00+00:00,0.0
2010-08-11 00:00:00+00:00,0.0
2010-08-12 00:00:00+00:00,0.0
2010-08-13 00:00:00+00:00,0.0
2010-08-16 00:00:00+00:00,0.0
2010-08-17 00:00:00+00:00,0.0
2010-08-18 00:00:00+00:00,0.0
2010-08-19 00:00:00+00:00,0.0
2010-08-20 00:00:00+00:00,0.0
2010-08-23 00:00:00+00:00,0.0
2010-08-24 00:00:00+00:00,0.0
2010-08-25 00:00:00+00:00,0.0
2010-08-26 00:00:00+00:00,0.0
2010-08-27 00:00:00+00:00,0.0
2010-08-30 00:00:00+00:00,0.0
2010-08-31 00:00:00+00:00,0.0
2010-09-01 00:00:00+00:00,-0.002441819576947807
2010-09-02 00:00:00+00:00,-0.0004873363528794342
2010-09-03 00:00:00+00:00,0.008353326552609674
2010-09-07 00:00:00+00:00,-0.0036811329267042447
2010-09-08 00:00:00+00:00,-0.0016441721543068257
2010-09-09 00:00:00+00:00,-0.0020101383117434404
2010-09-10 00:00:00+00:00,0.005086695548977671
2010-09-13 00:00:00+00:00,0.0023607205861482608
2010-09-14 00:00:00+00:00,0.001185039639662211
2010-09-15 00:00:00+00:00,0.0012186840168380009
2010-09-16 00:00:00+00:00,0.0027951570371816947
2010-09-17 00:00:00+00:00,-0.0015591511515563223
2010-09-20 00:00:00+00:00,-0.008366473356448393
2010-09-21 00:00:00+00:00,0.004229891983866732
2010-09-22 00:00:00+00:00,0.001998816485036007
2010-09-23 00:00:00+00:00,0.0022272639194226285
2010-09-24 00:00:00+00:00,-0.005722817019586268
2010-09-27 00:00:00+00:00,-0.0034784887387102428
2010-09-28 00:00:00+00:00,0.001622804444582478
2010-09-29 00:00:00+00:00,0.005429589239842603
2010-09-30 00:00:00+00:00,-0.0037859631749797376
2010-10-01 00:00:00+00:00,-0.0032283078551184246
2010-10-04 00:00:00+00:00,-0.0030725983016710217
2010-10-05 00:00:00+00:00,0.0007155009584614384
2010-10-06 00:00:00+00:00,0.005432361653952703
2010-10-07 00:00:00+00:00,-0.010694260712720411
2010-10-08 00:00:00+00:00,0.0015666721464926794
2010-10-11 00:00:00+00:00,-0.0022824774948796422
2010-10-12 00:00:00+00:00,0.0012959306387554381
2010-10-13 00:00:00+00:00,0.003077071352591535
2010-10-14 00:00:00+00:00,-0.001758659509636995
2010-10-15 00:00:00+00:00,-0.005560111970455306
2010-10-18 00:00:00+00:00,-0.0049033516750394135
2010-10-19 00:00:00+00:00,0.003983290454818489
2010-10-20 00:00:00+00:00,0.0012335146979544815
2010-10-21 00:00:00+00:00,-0.008053122452472694
2010-10-22 00:00:00+00:00,-0.0017814733286442377
2010-10-25 00:00:00+00:00,-0.0007503053634901891
2010-10-26 00:00:00+00:00,0.0018591186950790797
2010-10-27 00:00:00+00:00,-0.0030809001464537356
2010-10-28 00:00:00+00:00,0.03027541714982277
2010-10-29 00:00:00+00:00,0.006341045326312596
2010-11-01 00:00:00+00:00,-0.0002686242523110374
2010-11-02 00:00:00+00:00,-0.00020403999183839688
2010-11-03 00:00:00+00:00,0.0005107252298263513
2010-11-04 00:00:00+00:00,0.005057705363204342
2010-11-05 00:00:00+00:00,0.0011530605521512896
2010-11-08 00:00:00+00:00,-0.0011778563015312216
2010-11-09 00:00:00+00:00,0.00721629102412021
2010-11-10 00:00:00+00:00,-0.0012317604699640012
2010-11-11 00:00:00+00:00,0.002640957108311063
2010-11-12 00:00:00+00:00,-0.008425734511056826
2010-11-15 00:00:00+00:00,0.003101082079704424
2010-11-16 00:00:00+00:00,-0.008647493198600864
2010-11-17 00:00:00+00:00,-0.0020154403224704556
2010-11-18 00:00:00+00:00,0.005117565698478543
2010-11-19 00:00:00+00:00,-0.005434782608695657
2010-11-22 00:00:00+00:00,0.0027743098904147536
2010-11-23 00:00:00+00:00,0.002387774594078314
2010-11-24 00:00:00+00:00,0.002152273338714002
2010-11-26 00:00:00+00:00,-0.0021912350597609502
2010-11-29 00:00:00+00:00,-0.0004709998654286081
2010-11-30 00:00:00+00:00,0.0010796221322537287
2010-12-01 00:00:00+00:00,0.012119657503402704
2010-12-02 00:00:00+00:00,-0.0037449484934388155
2010-12-03 00:00:00+00:00,0.008294695960293566
2010-12-06 00:00:00+00:00,-0.0030714157877762363
2010-12-07 00:00:00+00:00,-0.002344406281999741
2010-12-08 00:00:00+00:00,0.005092113088336903
2010-12-09 00:00:00+00:00,-0.0016412981718686437
2010-12-10 00:00:00+00:00,-0.0011054753544024
2010-12-13 00:00:00+00:00,0.00832456122824195
2010-12-14 00:00:00+00:00,-0.0010490306726358607
2010-12-15 00:00:00+00:00,0.0028928469737506584
2010-12-16 00:00:00+00:00,-3.701967317844745e-05
2010-12-17 00:00:00+00:00,0.003813858673225145
2010-12-20 00:00:00+00:00,0.0029556435640369174
2010-12-21 00:00:00+00:00,0.0021584308281992204
2010-12-22 00:00:00+00:00,0.0021821640416143095
2010-12-23 00:00:00+00:00,0.003971060207476358
2010-12-27 00:00:00+00:00,0.0032416146004934734
2010-12-28 00:00:00+00:00,0.0025009596167806882
2010-12-29 00:00:00+00:00,-0.0009806123327399015
2010-12-30 00:00:00+00:00,-0.002136752136752129
2010-12-31 00:00:00+00:00,0.0069031139675356235
2011-01-03 00:00:00+00:00,-0.002610717658168069
2011-01-04 00:00:00+00:00,0.003362300848334369
2011-01-05 00:00:00+00:00,-0.0040122479146869425
2011-01-06 00:00:00+00:00,0.003969481389833995
2011-01-07 00:00:00+00:00,0.003168567807351086
2011-01-10 00:00:00+00:00,0.0014534883720930258
2011-01-11 00:00:00+00:00,0.0016835016835016758
2011-01-12 00:00:00+00:00,-0.0024138687733157673
2011-01-13 00:00:00+00:00,-0.0028120268224097003
2011-01-14 00:00:00+00:00,0.002180387151669849
2011-01-18 00:00:00+00:00,-0.004310809354456305
2011-01-19 00:00:00+00:00,-0.0008404244143292253
2011-01-20 00:00:00+00:00,-0.00130657468380894
2011-01-21 00:00:00+00:00,-0.00435594275046669
2011-01-24 00:00:00+00:00,-0.002173034162118448
2011-01-25 00:00:00+00:00,-0.0005986231667165498
2011-01-26 00:00:00+00:00,-0.0036285913112635475
2011-01-27 00:00:00+00:00,0.0019945514691574275
2011-01-28 00:00:00+00:00,0.004037419990152631
2011-01-31 00:00:00+00:00,-0.003027550711474425
2011-02-01 00:00:00+00:00,0.0016909614926212677
2011-02-02 00:00:00+00:00,0.0016739837328391867
2011-02-03 00:00:00+00:00,-0.00324904035145455
2011-02-04 00:00:00+00:00,0.0010133276148770831
2011-02-07 00:00:00+00:00,-0.004869174660390866
2011-02-08 00:00:00+00:00,-0.00013506221199588442
2011-02-09 00:00:00+00:00,0.007504269220043861
2011-02-10 00:00:00+00:00,-0.001909700368265099
2011-02-11 00:00:00+00:00,-0.0022782780625102226
2011-02-14 00:00:00+00:00,-0.0055951127442057285
2011-02-15 00:00:00+00:00,-0.0063493628648347835
2011-02-16 00:00:00+00:00,0.00108065171878761
2011-02-17 00:00:00+00:00,0.012754513870640267
2011-02-18 00:00:00+00:00,-0.00534161624743031
2011-02-22 00:00:00+00:00,-0.0013231867023301893
2011-02-23 00:00:00+00:00,0.01377464322498952
2011-02-24 00:00:00+00:00,-0.002999971469399528
2011-02-25 00:00:00+00:00,0.01338166291298104
2011-02-28 00:00:00+00:00,-9.860169279292874e-05
2011-03-01 00:00:00+00:00,-0.00025
2011-03-02 00:00:00+00:00,0.0
2011-03-03 00:00:00+00:00,0.0
2011-03-04 00:00:00+00:00,0.0
2011-03-07 00:00:00+00:00,0.0
2011-03-08 00:00:00+00:00,0.0
2011-03-09 00:00:00+00:00,0.0
2011-03-10 00:00:00+00:00,0.0
2011-03-11 00:00:00+00:00,0.0
2011-03-14 00:00:00+00:00,0.0
2011-03-15 00:00:00+00:00,0.0
2011-03-16 00:00:00+00:00,0.0
2011-03-17 00:00:00+00:00,0.0
2011-03-18 00:00:00+00:00,0.0
2011-03-21 00:00:00+00:00,0.0
2011-03-22 00:00:00+00:00,0.0
2011-03-23 00:00:00+00:00,0.0
2011-03-24 00:00:00+00:00,0.0
2011-03-25 00:00:00+00:00,0.0
2011-03-28 00:00:00+00:00,0.0
2011-03-29 00:00:00+00:00,0.0
2011-03-30 00:00:00+00:00,0.0
2011-03-31 00:00:00+00:00,0.0
2011-04-01 00:00:00+00:00,-0.002033342197009985
2011-04-04 00:00:00+00:00,-0.0011659192825112148
2011-04-05 00:00:00+00:00,-0.0012945568400770657
2011-04-06 00:00:00+00:00,0.0003944414102797407
2011-04-07 00:00:00+00:00,-0.0015740404407313204
2011-04-08 00:00:00+00:00,0.003514240312920173
2011-04-11 00:00:00+00:00,-0.0028431196504459244
2011-04-12 00:00:00+00:00,-0.004719279015954203
2011-04-13 00:00:00+00:00,0.0004700131603685061
2011-04-14 00:00:00+00:00,-0.0003124609423822052
2011-04-15 00:00:00+00:00,9.391435011270784e-05
2011-04-18 00:00:00+00:00,0.0015643576747387624
2011-04-19 00:00:00+00:00,-0.00027896596615212266
2011-04-20 00:00:00+00:00,0.0019560357675111697
2011-04-21 00:00:00+00:00,0.002792610323451794
2011-04-25 00:00:00+00:00,0.0010865628395508864
2011-04-26 00:00:00+00:00,-0.0008096437567470249
2011-04-27 00:00:00+00:00,-0.0005725305851865259
2011-04-28 00:00:00+00:00,-0.0033563134978229305
2011-04-29 00:00:00+00:00,0.0052459421094858865
2011-05-02 00:00:00+00:00,-0.007447539170716138
2011-05-03 00:00:00+00:00,-0.002460524678026284
2011-05-04 00:00:00+00:00,-0.0025883446827888457
2011-05-05 00:00:00+00:00,-0.009093367562234148
2011-05-06 00:00:00+00:00,-0.00479868626632964
2011-05-09 00:00:00+00:00,0.013303429335938532
2011-05-10 00:00:00+00:00,0.002495131607267183
2011-05-11 00:00:00+00:00,-0.017733855331292493
2011-05-12 00:00:00+00:00,-0.00312543141227121
2011-05-13 00:00:00+00:00,-0.001621122527159513
2011-05-16 00:00:00+00:00,0.01423926751646265
2011-05-17 00:00:00+00:00,0.011659208646922973
2011-05-18 00:00:00+00:00,0.01838828807381576
2011-05-19 00:00:00+00:00,-0.001353436321559098
2011-05-20 00:00:00+00:00,0.001376947140481588
2011-05-23 00:00:00+00:00,-0.0019302243225950606
2011-05-24 00:00:00+00:00,-0.009412302781457252
2011-05-25 00:00:00+00:00,0.005625894341297122
2011-05-26 00:00:00+00:00,0.0044962414504176405
2011-05-27 00:00:00+00:00,0.003980605548576895
2011-05-31 00:00:00+00:00,-0.010041326891348085
2011-06-01 00:00:00+00:00,-0.00568193983253106
2011-06-02 00:00:00+00:00,0.0046274517275570375
2011-06-03 00:00:00+00:00,0.0012904638534699993
2011-06-06 00:00:00+00:00,-0.007837172098182188
2011-06-07 00:00:00+00:00,0.004721926073649111
2011-06-08 00:00:00+00:00,0.004576519970295068
2011-06-09 00:00:00+00:00,0.003422935483135159
2011-06-10 00:00:00+00:00,-0.006830855444439528
2011-06-13 00:00:00+00:00,-0.003843445292036932
2011-06-14 00:00:00+00:00,0.0028411358610881954
2011-06-15 00:00:00+00:00,-0.015166256689811142
2011-06-16 00:00:00+00:00,-0.00082504052333419
2011-06-17 00:00:00+00:00,-0.006702431063343875
2011-06-20 00:00:00+00:00,-0.0020741401130271635
2011-06-21 00:00:00+00:00,-0.0005151829928594274
2011-06-22 00:00:00+00:00,0.005043446742209504
2011-06-23 00:00:00+00:00,-0.01900388308704818
2011-06-24 00:00:00+00:00,-0.0013087792212331435
2011-06-27 00:00:00+00:00,0.0010784586066619473
2011-06-28 00:00:00+00:00,0.007984127654985202
2011-06-29 00:00:00+00:00,0.009385353636054269
2011-06-30 00:00:00+00:00,-0.0016410637096650098
2011-07-01 00:00:00+00:00,-0.00040458885563630426
2011-07-05 00:00:00+00:00,0.00834046193327631
2011-07-06 00:00:00+00:00,-0.0006788866259334614
2011-07-07 00:00:00+00:00,0.0036128152692569784
2011-07-08 00:00:00+00:00,0.006938884440886047
2011-07-11 00:00:00+00:00,-0.0037150909556751266
2011-07-12 00:00:00+00:00,0.007009958071278835
2011-07-13 00:00:00+00:00,0.009870489123601148
2011-07-14 00:00:00+00:00,-0.0025522317188983825
2011-07-15 00:00:00+00:00,0.0008438818565400888
2011-07-18 00:00:00+00:00,-0.0012594458438287177
2011-07-19 00:00:00+00:00,0.0009668842156151936
2011-07-20 00:00:00+00:00,0.0008411439557798698
2011-07-21 00:00:00+00:00,-0.004722620755619318
2011-07-22 00:00:00+00:00,0.003691399040236261
2011-07-25 00:00:00+00:00,-0.0009028530155290777
2011-07-26 00:00:00+00:00,0.0013313967562333569
2011-07-27 00:00:00+00:00,0.0025816522574447776
2011-07-28 00:00:00+00:00,-0.0027196405344684926
2011-07-29 00:00:00+00:00,-0.004988580358216125
2011-08-01 00:00:00+00:00,-8.333333333333333e-05
2011-08-02 00:00:00+00:00,0.0
2011-08-03 00:00:00+00:00,0.0
2011-08-04 00:00:00+00:00,0.0
2011-08-05 00:00:00+00:00,0.0
2011-08-08 00:00:00+00:00,0.0
2011-08-09 00:00:00+00:00,0.0
2011-08-10 00:00:00+00:00,0.0
2011-08-11 00:00:00+00:00,0.0
2011-08-12 00:00:00+00:00,0.0
2011-08-15 00:00:00+00:00,0.0
2011-08-16 00:00:00+00:00,0.0
2011-08-17 00:00:00+00:00,0.0
2011-08-18 00:00:00+00:00,0.0
2011-08-19 00:00:00+00:00,0.0
2011-08-22 00:00:00+00:00,0.0
2011-08-23 00:00:00+00:00,0.0
2011-08-24 00:00:00+00:00,0.0
2011-08-25 00:00:00+00:00,0.0
2011-08-26 00:00:00+00:00,0.0
2011-08-29 00:00:00+00:00,0.0
2011-08-30 00:00:00+00:00,0.0
2011-08-31 00:00:00+00:00,0.0
2011-09-01 00:00:00+00:00,-0.000247768055453947
2011-09-02 00:00:00+00:00,-0.007325111248262295
2011-09-06 00:00:00+00:00,0.002840908449502355
2011-09-07 00:00:00+00:00,8.464929230104593e-05
2011-09-08 00:00:00+00:00,0.0016920457390909118
2011-09-09 00:00:00+00:00,-0.0027219454316983653
2011-09-12 00:00:00+00:00,-0.001277138002643008
2011-09-13 00:00:00+00:00,0.004075505312888546
2011-09-14 00:00:00+00:00,0.0024706873943065957
2011-09-15 00:00:00+00:00,-0.006643559131093065
2011-09-16 00:00:00+00:00,-0.002965446336115729
2011-09-19 00:00:00+00:00,0.0008751194909597526
2011-09-20 00:00:00+00:00,-0.0013493470419346416
2011-09-21 00:00:00+00:00,-0.0029840300359693095
2011-09-22 00:00:00+00:00,-0.0011170730670059248
2011-09-23 00:00:00+00:00,-0.00017993470912974763
2011-09-26 00:00:00+00:00,0.0036476668552670732
2011-09-27 00:00:00+00:00,0.0019830705580713426
2011-09-28 00:00:00+00:00,-0.0029614076087072783
2011-09-29 00:00:00+00:00,-0.0005320601100649395
2011-09-30 00:00:00+00:00,-0.003602886313447869
2011-10-03 00:00:00+00:00,-0.002227668114911078
2011-10-04 00:00:00+00:00,0.0009676485047127962
2011-10-05 00:00:00+00:00,-0.0031152683703218513
2011-10-06 00:00:00+00:00,0.0013071949986860343
2011-10-07 00:00:00+00:00,-0.005419682294988848
2011-10-10 00:00:00+00:00,0.002872735023463783
2011-10-11 00:00:00+00:00,0.0035300786042940326
2011-10-12 00:00:00+00:00,-0.0058536069898667
2011-10-13 00:00:00+00:00,0.0020062967377109477
2011-10-14 00:00:00+00:00,0.008118577111217069
2011-10-17 00:00:00+00:00,-0.0006751329834381314
2011-10-18 00:00:00+00:00,-0.006100867307927323
2011-10-19 00:00:00+00:00,0.0015479872698480242
2011-10-20 00:00:00+00:00,0.002044996709167579
2011-10-21 00:00:00+00:00,-4.592129971531245e-05
2011-10-24 00:00:00+00:00,-0.001148151800478577
2011-10-25 00:00:00+00:00,0.002497220655110377
2011-10-26 00:00:00+00:00,-0.0030982357546528077
2011-10-27 00:00:00+00:00,-0.0030640662172310242
2011-10-28 00:00:00+00:00,0.01887060990527282
2011-10-31 00:00:00+00:00,0.0004673259287643061
2011-11-01 00:00:00+00:00,-0.0022715665976535586
2011-11-02 00:00:00+00:00,0.00017473963793945835
2011-11-03 00:00:00+00:00,0.0035958664990923075
2011-11-04 00:00:00+00:00,-0.0009226983801517245
2011-11-07 00:00:00+00:00,-0.0027835051546391725
2011-11-08 00:00:00+00:00,0.00041937513105472224
2011-11-09 00:00:00+00:00,-0.002719096423342393
2011-11-10 00:00:00+00:00,-0.0025161244595648205
2011-11-11 00:00:00+00:00,0.0011514104778353647
2011-11-14 00:00:00+00:00,0.0008576329331046276
2011-11-15 00:00:00+00:00,0.0040173492605233285
2011-11-16 00:00:00+00:00,-0.001735749496632651
2011-11-17 00:00:00+00:00,-0.0027362660492527926
2011-11-18 00:00:00+00:00,0.0
2011-11-21 00:00:00+00:00,-0.0028889364433982525
2011-11-22 00:00:00+00:00,0.0007259001161440033
2011-11-23 00:00:00+00:00,-0.004408788667244867
2011-11-25 00:00:00+00:00,-0.0023756495916852174
2011-11-28 00:00:00+00:00,0.0021840638650399238
2011-11-29 00:00:00+00:00,0.0005947071067499143
2011-11-30 00:00:00+00:00,0.0009259259259259226
2011-12-01 00:00:00+00:00,-0.002363956497934407
2011-12-02 00:00:00+00:00,-0.0011668011918709584
2011-12-05 00:00:00+00:00,-0.003170158887788617
2011-12-06 00:00:00+00:00,0.001917109669422823
2011-12-07 00:00:00+00:00,-0.0006329988792279824
2011-12-08 00:00:00+00:00,0.0024394489349109554
2011-12-09 00:00:00+00:00,-0.0050239458225764255
2011-12-12 00:00:00+00:00,0.000752785305630832
2011-12-13 00:00:00+00:00,0.001828191588488385
2011-12-14 00:00:00+00:00,-0.005163918227559035
2011-12-15 00:00:00+00:00,0.0014929467084639676
2011-12-16 00:00:00+00:00,0.00388733731990117
2011-12-19 00:00:00+00:00,0.0061782459762089355
2011-12-20 00:00:00+00:00,0.002763277855582243
2011-12-21 00:00:00+00:00,0.00395547888104153
2011-12-22 00:00:00+00:00,0.0014982234371563317
2011-12-23 00:00:00+00:00,0.0006473610768818286
2011-12-27 00:00:00+00:00,0.008965771821550967
2011-12-28 00:00:00+00:00,0.00222615411416834
2011-12-29 00:00:00+00:00,-0.002662551283310647
2011-12-30 00:00:00+00:00,0.0037643403178793475
2012-01-03 00:00:00+00:00,-0.00016666666666666666
2012-01-04 00:00:00+00:00,0.0
2012-01-05 00:00:00+00:00,0.0
2012-01-06 00:00:00+00:00,0.0
2012-01-09 00:00:00+00:00,0.0
2012-01-10 00:00:00+00:00,0.0
2012-01-11 00:00:00+00:00,0.0
2012-01-12 00:00:00+00:00,0.0
2012-01-13 00:00:00+00:00,0.0
2012-01-17 00:00:00+00:00,0.0
2012-01-18 00:00:00+00:00,0.0
2012-01-19 00:00:00+00:00,0.0
2012-01-20 00:00:00+00:00,0.0
2012-01-23 00:00:00+00:00,0.0
2012-01-24 00:00:00+00:00,0.0
2012-01-25 00:00:00+00:00,0.0
2012-01-26 00:00:00+00:00,0.0
2012-01-27 00:00:00+00:00,0.0
2012-01-30 00:00:00+00:00,0.0
2012-01-31 00:00:00+00:00,0.0
2012-02-01 00:00:00+00:00,0.0013189146367523865
2012-02-02 00:00:00+00:00,-0.001634733259748944
2012-02-03 00:00:00+00:00,0.005071346215880493
2012-02-06 00:00:00+00:00,-0.001581243063025872
2012-02-07 00:00:00+00:00,0.0019271438797745695
2012-02-08 00:00:00+00:00,0.0005053060697774633
2012-02-09 00:00:00+00:00,-6.012257543406652e-05
2012-02-10 00:00:00+00:00,-0.003123082400837973
2012-02-13 00:00:00+00:00,0.00894731744567645
2012-02-14 00:00:00+00:00,-0.0014451484529889866
2012-02-15 00:00:00+00:00,0.0008404344389750795
2012-02-16 00:00:00+00:00,0.0029302918764858204
2012-02-17 00:00:00+00:00,0.004180984123658971
2012-02-21 00:00:00+00:00,0.001476155680822377
2012-02-22 00:00:00+00:00,0.003173439967053511
2012-02-23 00:00:00+00:00,0.0033466112004690105
2012-02-24 00:00:00+00:00,0.003618028880860824
2012-02-27 00:00:00+00:00,0.0010603206030274093
2012-02-28 00:00:00+00:00,0.0007230242734443577
2012-02-29 00:00:00+00:00,0.0026319333504519387
2012-03-01 00:00:00+00:00,0.0025885349897440033
2012-03-02 00:00:00+00:00,-0.0032769806775272596
2012-03-05 00:00:00+00:00,3.1246911954219136e-05
2012-03-06 00:00:00+00:00,-0.0031546792999677846
2012-03-07 00:00:00+00:00,0.0023241113601129384
2012-03-08 00:00:00+00:00,0.0006593791673841221
2012-03-09 00:00:00+00:00,0.0012822913628831958
2012-03-12 00:00:00+00:00,-0.001644949057927262
2012-03-13 00:00:00+00:00,0.0005799052713373701
2012-03-14 00:00:00+00:00,-0.0019991859405221746
2012-03-15 00:00:00+00:00,-0.0005058643869517709
2012-03-16 00:00:00+00:00,0.003091994001393742
2012-03-19 00:00:00+00:00,0.001603460369240084
2012-03-20 00:00:00+00:00,-0.0038239673906957
2012-03-21 00:00:00+00:00,0.002619695141118631
2012-03-22 00:00:00+00:00,-0.002983123938084901
2012-03-23 00:00:00+00:00,0.0024046895973367137
2012-03-26 00:00:00+00:00,0.0002495181507172391
2012-03-27 00:00:00+00:00,0.0004671634980526103
2012-03-28 00:00:00+00:00,-0.002981456157318633
2012-03-29 00:00:00+00:00,-0.004158373322331839
2012-03-30 00:00:00+00:00,0.00038917731500931474
2012-04-02 00:00:00+00:00,0.001971608458066043
2012-04-03 00:00:00+00:00,-0.0004984752521698388
2012-04-04 00:00:00+00:00,0.00032351038174223873
2012-04-05 00:00:00+00:00,0.001702477398144886
2012-04-09 00:00:00+00:00,-0.00034867503486749973
2012-04-10 00:00:00+00:00,-0.0005823433496389511
2012-04-11 00:00:00+00:00,-0.0004675081813931836
2012-04-12 00:00:00+00:00,0.002226910454758572
2012-04-13 00:00:00+00:00,-0.0004915567892667116
2012-04-16 00:00:00+00:00,-0.0019430427469404412
2012-04-17 00:00:00+00:00,0.0006748826291079757
2012-04-18 00:00:00+00:00,-0.002104155707522352
2012-04-19 00:00:00+00:00,0.0009471378677558724
2012-04-20 00:00:00+00:00,0.00364942021307905
2012-04-23 00:00:00+00:00,-0.0010944070042048226
2012-04-24 00:00:00+00:00,0.0027830927117759767
2012-04-25 00:00:00+00:00,0.0013972055888223551
2012-04-26 00:00:00+00:00,0.0008765976699468547
2012-04-27 00:00:00+00:00,0.0017440225035161663
2012-04-30 00:00:00+00:00,0.0006959523411836921
2012-05-01 00:00:00+00:00,-0.0039784276054750005
2012-05-02 00:00:00+00:00,-0.011455711986215977
2012-05-03 00:00:00+00:00,0.002549004959012631
2012-05-04 00:00:00+00:00,0.0017122738804493665
2012-05-07 00:00:00+00:00,0.0013822161884597208
2012-05-08 00:00:00+00:00,0.001006640312120536
2012-05-09 00:00:00+00:00,-0.011051383896211481
2012-05-10 00:00:00+00:00,-0.0031069569625261084
2012-05-11 00:00:00+00:00,-0.005223395894465595
2012-05-14 00:00:00+00:00,0.001405876564037678
2012-05-15 00:00:00+00:00,5.053100259013376e-05
2012-05-16 00:00:00+00:00,0.014633943188211205
2012-05-17 00:00:00+00:00,0.006301685499652783
2012-05-18 00:00:00+00:00,0.01230209045990116
2012-05-21 00:00:00+00:00,0.0014419151046784298
2012-05-22 00:00:00+00:00,-0.013858407834266838
2012-05-23 00:00:00+00:00,-0.003048001984148803
2012-05-24 00:00:00+00:00,-0.007530265786169703
2012-05-25 00:00:00+00:00,0.004273504273504258
2012-05-29 00:00:00+00:00,-0.010308151998915382
2012-05-30 00:00:00+00:00,-0.0016502135938755527
2012-05-31 00:00:00+00:00,-0.0038154058384324094
2012-06-01 00:00:00+00:00,-0.004626986522702825
2012-06-04 00:00:00+00:00,-0.0005903531171207084
2012-06-05 00:00:00+00:00,0.0016066836571643204
2012-06-06 00:00:00+00:00,0.006949866550569542
2012-06-07 00:00:00+00:00,0.004732575756112356
2012-06-08 00:00:00+00:00,0.00010820801792436419
2012-06-11 00:00:00+00:00,-0.002445663866377882
2012-06-12 00:00:00+00:00,0.0003011153446311384
2012-06-13 00:00:00+00:00,-0.0037807726423793966
2012-06-14 00:00:00+00:00,-0.0015544772590473932
2012-06-15 00:00:00+00:00,-1.6456924643915016e-05
2012-06-18 00:00:00+00:00,-0.000814443570011647
2012-06-19 00:00:00+00:00,0.007067735302720571
2012-06-20 00:00:00+00:00,-0.001534831606962106
2012-06-21 00:00:00+00:00,-0.00492191556260646
2012-06-22 00:00:00+00:00,0.001017832873754676
2012-06-25 00:00:00+00:00,0.004937355128168249
2012-06-26 00:00:00+00:00,0.0011458304705133833
2012-06-27 00:00:00+00:00,0.0011692901290350313
2012-06-28 00:00:00+00:00,-0.0032525050897899144
2012-06-29 00:00:00+00:00,0.014726216881378724
2012-07-02 00:00:00+00:00,0.0032457149300857135
2012-07-03 00:00:00+00:00,0.006129887342610996
2012-07-05 00:00:00+00:00,0.008575689783743493
2012-07-06 00:00:00+00:00,-0.006332320162107404
2012-07-09 00:00:00+00:00,0.004107424960505535
2012-07-10 00:00:00+00:00,-0.0012334258402713627
2012-07-11 00:00:00+00:00,0.0006213109661385625
2012-07-12 00:00:00+00:00,0.0051583617043227115
2012-07-13 00:00:00+00:00,0.0018512959071349902
2012-07-16 00:00:00+00:00,0.008412509897070467
2012-07-17 00:00:00+00:00,9.421518748823723e-05
2012-07-18 00:00:00+00:00,0.0034369114877589313
2012-07-19 00:00:00+00:00,0.005858474028969477
2012-07-20 00:00:00+00:00,0.0014705882352941124
2012-07-23 00:00:00+00:00,-0.00538916865447477
2012-07-24 00:00:00+00:00,-0.006208344745731767
2012-07-25 00:00:00+00:00,0.004646752015173061
2012-07-26 00:00:00+00:00,-0.003551988190792517
2012-07-27 00:00:00+00:00,0.002639517345399689
2012-07-30 00:00:00+00:00,0.0030623608017817197
2012-07-31 00:00:00+00:00,-0.004784034991798802
2012-08-01 00:00:00+00:00,-8.333333333333333e-05
2012-08-02 00:00:00+00:00,0.0
2012-08-03 00:00:00+00:00,0.0
2012-08-06 00:00:00+00:00,0.0
2012-08-07 00:00:00+00:00,0.0
2012-08-08 00:00:00+00:00,0.0
2012-08-09 00:00:00+00:00,0.0
2012-08-10 00:00:00+00:00,0.0
2012-08-13 00:00:00+00:00,0.0
2012-08-14 00:00:00+00:00,0.0
2012-08-15 00:00:00+00:00,0.0
2012-08-16 00:00:00+00:00,0.0
2012-08-17 00:00:00+00:00,0.0
2012-08-20 00:00:00+00:00,0.0
2012-08-21 00:00:00+00:00,0.0
2012-08-22 00:00:00+00:00,0.0
2012-08-23 00:00:00+00:00,0.0
2012-08-24 00:00:00+00:00,0.0
2012-08-27 00:00:00+00:00,0.0
2012-08-28 00:00:00+00:00,0.0
2012-08-29 00:00:00+00:00,0.0
2012-08-30 00:00:00+00:00,0.0
2012-08-31 00:00:00+00:00,0.0
2012-09-04 00:00:00+00:00,0.0031916497719407058
2012-09-05 00:00:00+00:00,-0.0034454574495528427
2012-09-06 00:00:00+00:00,-0.0011329787052549352
2012-09-07 00:00:00+00:00,-0.005643617934344647
2012-09-10 00:00:00+00:00,0.008078555694223147
2012-09-11 00:00:00+00:00,0.010668567119336947
2012-09-12 00:00:00+00:00,0.003954983195156266
2012-09-13 00:00:00+00:00,-0.0014147362714006146
2012-09-14 00:00:00+00:00,-0.005158592059104146
2012-09-17 00:00:00+00:00,-0.004417265069200112
2012-09-18 00:00:00+00:00,-0.005351949233458608
2012-09-19 00:00:00+00:00,-0.0006611322260153077
2012-09-20 00:00:00+00:00,0.002111986866319045
2012-09-21 00:00:00+00:00,0.00524371715457946
2012-09-24 00:00:00+00:00,-0.002772969233590457
2012-09-25 00:00:00+00:00,0.005111040705120658
2012-09-26 00:00:00+00:00,0.005642953503892841
2012-09-27 00:00:00+00:00,0.015106402539156552
2012-09-28 00:00:00+00:00,0.0011626732578280765
2012-10-01 00:00:00+00:00,0.008032132984332585
2012-10-02 00:00:00+00:00,0.0024425229673137685
2012-10-03 00:00:00+00:00,-0.0064193298346818155
2012-10-04 00:00:00+00:00,0.0005400057950813626
2012-10-05 00:00:00+00:00,-0.0004893320982606493
2012-10-08 00:00:00+00:00,0.00034355163377108866
2012-10-09 00:00:00+00:00,0.003134483744391107
2012-10-10 00:00:00+00:00,0.0003845734537818076
2012-10-11 00:00:00+00:00,0.006187059494505043
2012-10-12 00:00:00+00:00,0.0003237129719108796
2012-10-15 00:00:00+00:00,-0.005769408191968047
2012-10-16 00:00:00+00:00,-0.0023427052943970073
2012-10-17 00:00:00+00:00,0.0016002323742922244
2012-10-18 00:00:00+00:00,0.005619589991046133
2012-10-19 00:00:00+00:00,0.0013939322879694311
2012-10-22 00:00:00+00:00,-0.007602994911671749
2012-10-23 00:00:00+00:00,0.004007347694300481
2012-10-24 00:00:00+00:00,-0.00400754531273693
2012-10-25 00:00:00+00:00,-0.0007729484156417572
2012-10-26 00:00:00+00:00,-0.0016501611211551432
2012-10-31 00:00:00+00:00,0.014313716112948885
2012-11-01 00:00:00+00:00,-8.333333333333333e-05
2012-11-02 00:00:00+00:00,0.0
2012-11-05 00:00:00+00:00,0.0
2012-11-06 00:00:00+00:00,0.0
2012-11-07 00:00:00+00:00,0.0
2012-11-08 00:00:00+00:00,0.0
2012-11-09 00:00:00+00:00,0.0
2012-11-12 00:00:00+00:00,0.0
2012-11-13 00:00:00+00:00,0.0
2012-11-14 00:00:00+00:00,0.0
2012-11-15 00:00:00+00:00,0.0
2012-11-16 00:00:00+00:00,0.0
2012-11-19 00:00:00+00:00,0.0
2012-11-20 00:00:00+00:00,0.0
2012-11-21 00:00:00+00:00,0.0
2012-11-23 00:00:00+00:00,0.0
2012-11-26 00:00:00+00:00,0.0
2012-11-27 00:00:00+00:00,0.0
2012-11-28 00:00:00+00:00,0.0
2012-11-29 00:00:00+00:00,0.0
2012-11-30 00:00:00+00:00,0.0
2012-12-03 00:00:00+00:00,0.0011678690262557727
2012-12-04 00:00:00+00:00,-0.0010484616648020657
2012-12-05 00:00:00+00:00,0.004971980921396871
2012-12-06 00:00:00+00:00,0.0007287356942217345
2012-12-07 00:00:00+00:00,-0.005664041928858295
2012-12-10 00:00:00+00:00,-0.003351968009108345
2012-12-11 00:00:00+00:00,-0.006287898533619976
2012-12-12 00:00:00+00:00,-0.0028533760255636067
2012-12-13 00:00:00+00:00,-0.002050317307853507
2012-12-14 00:00:00+00:00,0.005403531623047186
2012-12-17 00:00:00+00:00,0.002701756046726474
2012-12-18 00:00:00+00:00,-0.003619965723604031
2012-12-19 00:00:00+00:00,-0.008362081848537557
2012-12-20 00:00:00+00:00,-0.007971927674850091
2012-12-21 00:00:00+00:00,0.004235140108183377
2012-12-24 00:00:00+00:00,0.0019508552156420518
2012-12-26 00:00:00+00:00,-0.008410589751665937
2012-12-27 00:00:00+00:00,-0.001577657661512466
2012-12-28 00:00:00+00:00,0.002622122157025804
2012-12-31 00:00:00+00:00,0.0002456732822650095
2013-01-02 00:00:00+00:00,-0.00025
2013-01-03 00:00:00+00:00,0.0
2013-01-04 00:00:00+00:00,0.0
2013-01-07 00:00:00+00:00,0.0
2013-01-08 00:00:00+00:00,0.0
2013-01-09 00:00:00+00:00,0.0
2013-01-10 00:00:00+00:00,0.0
2013-01-11 00:00:00+00:00,0.0
2013-01-14 00:00:00+00:00,0.0
2013-01-15 00:00:00+00:00,0.0
2013-01-16 00:00:00+00:00,0.0
2013-01-17 00:00:00+00:00,0.0
2013-01-18 00:00:00+00:00,0.0
2013-01-22 00:00:00+00:00,0.0
2013-01-23 00:00:00+00:00,0.0
2013-01-24 00:00:00+00:00,0.0
2013-01-25 00:00:00+00:00,0.0
2013-01-28 00:00:00+00:00,0.0
2013-01-29 00:00:00+00:00,0.0
2013-01-30 00:00:00+00:00,0.0
2013-01-31 00:00:00+00:00,0.0
2013-02-01 00:00:00+00:00,0.0014252505513954183
2013-02-04 00:00:00+00:00,-0.001832551893813261
2013-02-05 00:00:00+00:00,0.002349542502395885
2013-02-06 00:00:00+00:00,-0.0026993349246606973
2013-02-07 00:00:00+00:00,-0.0034405354075649113
2013-02-08 00:00:00+00:00,-0.0024147946337280675
2013-02-11 00:00:00+00:00,-0.002070543722351048
2013-02-12 00:00:00+00:00,-0.0016086871628787636
2013-02-13 00:00:00+00:00,-0.0016663153518491902
2013-02-14 00:00:00+00:00,3.7754808148531254e-06
2013-02-15 00:00:00+00:00,-0.0014475149509818686
2013-02-19 00:00:00+00:00,0.004361789347067787
2013-02-20 00:00:00+00:00,-0.002391177485219054
2013-02-21 00:00:00+00:00,-0.007816061910808692
2013-02-22 00:00:00+00:00,-0.0021111034371134783
2013-02-25 00:00:00+00:00,-0.000676172746533606
2013-02-26 00:00:00+00:00,-0.0021115939031929325
2013-02-27 00:00:00+00:00,1.2292148141505475e-05
2013-02-28 00:00:00+00:00,0.0020962700660894598
2013-03-01 00:00:00+00:00,-0.0003333333333333333
2013-03-04 00:00:00+00:00,0.0
2013-03-05 00:00:00+00:00,0.0
2013-03-06 00:00:00+00:00,0.0
2013-03-07 00:00:00+00:00,0.0
2013-03-08 00:00:00+00:00,0.0
2013-03-11 00:00:00+00:00,0.0
2013-03-12 00:00:00+00:00,0.0
2013-03-13 00:00:00+00:00,0.0
2013-03-14 00:00:00+00:00,0.0
2013-03-15 00:00:00+00:00,0.0
2013-03-18 00:00:00+00:00,0.0
2013-03-19 00:00:00+00:00,0.0
2013-03-20 00:00:00+00:00,0.0
2013-03-21 00:00:00+00:00,0.0
2013-03-22 00:00:00+00:00,0.0
2013-03-25 00:00:00+00:00,0.0
2013-03-26 00:00:00+00:00,0.0
2013-03-27 00:00:00+00:00,0.0
2013-03-28 00:00:00+00:00,0.0
2013-04-01 00:00:00+00:00,-0.0017443643590199878
2013-04-02 00:00:00+00:00,0.00038947809934686273
2013-04-03 00:00:00+00:00,-0.0016439502630320457
2013-04-04 00:00:00+00:00,-0.0009961963412425203
2013-04-05 00:00:00+00:00,-0.0012451409135082654
2013-04-08 00:00:00+00:00,0.0019888623707239317
2013-04-09 00:00:00+00:00,0.002116594097726169
2013-04-10 00:00:00+00:00,-0.00032843664158604957
2013-04-11 00:00:00+00:00,0.0011069227547418161
2013-04-12 00:00:00+00:00,0.0013076557299096514
2013-04-15 00:00:00+00:00,-0.002123142250530785
2013-04-16 00:00:00+00:00,0.0019713261648745353
2013-04-17 00:00:00+00:00,0.0012693352225764398
2013-04-18 00:00:00+00:00,0.0009667779926173143
2013-04-19 00:00:00+00:00,-0.0002621461027612811
2013-04-22 00:00:00+00:00,-0.0012836221483167134
2013-04-23 00:00:00+00:00,0.000293996589639578
2013-04-24 00:00:00+00:00,-0.001848917062863183
2013-04-25 00:00:00+00:00,0.0023148148148148064
2013-04-26 00:00:00+00:00,0.0008488467392577063
2013-04-29 00:00:00+00:00,0.004776049857300957
2013-04-30 00:00:00+00:00,-0.00045297548270199306
2013-05-01 00:00:00+00:00,-0.002764519108647963
2013-05-02 00:00:00+00:00,0.0019352568613652346
2013-05-03 00:00:00+00:00,-0.0017391304347826133
2013-05-06 00:00:00+00:00,-0.004276508494434672
2013-05-07 00:00:00+00:00,0.001563251563251581
2013-05-08 00:00:00+00:00,-0.0006552299261377199
2013-05-09 00:00:00+00:00,0.004664513814137053
2013-05-10 00:00:00+00:00,-0.004537521815008734
2013-05-13 00:00:00+00:00,0.0011362277239564584
2013-05-14 00:00:00+00:00,0.0
2013-05-15 00:00:00+00:00,-0.0018412924685198468
2013-05-16 00:00:00+00:00,-0.0014414414414414451
2013-05-17 00:00:00+00:00,-0.0010905125408942247
2013-05-20 00:00:00+00:00,0.0004878643737041092
2013-05-21 00:00:00+00:00,-0.0011552961206372316
2013-05-22 00:00:00+00:00,0.0019593436198873286
2013-05-23 00:00:00+00:00,0.003570564028080351
2013-05-24 00:00:00+00:00,-0.001362720701504912
2013-05-28 00:00:00+00:00,-0.00089605734767025
2013-05-29 00:00:00+00:00,0.002162162162162177
2013-05-30 00:00:00+00:00,-0.0009486540969998828
2013-05-31 00:00:00+00:00,0.001610017889087656
2013-06-03 00:00:00+00:00,0.004686620025907593
2013-06-04 00:00:00+00:00,0.0014450731753685349
2013-06-05 00:00:00+00:00,-0.00019834773161290598
2013-06-06 00:00:00+00:00,0.00041715117996439976
2013-06-07 00:00:00+00:00,0.0013686712530404839
2013-06-10 00:00:00+00:00,-0.002335200922342702
2013-06-11 00:00:00+00:00,0.001649633288117014
2013-06-12 00:00:00+00:00,0.0022259356151956844
2013-06-13 00:00:00+00:00,-0.0007490564347289821
2013-06-14 00:00:00+00:00,0.0019767887277945353
2013-06-17 00:00:00+00:00,-0.0011091532543178184
2013-06-18 00:00:00+00:00,0.0004511639604913298
2013-06-19 00:00:00+00:00,0.0019591918909701946
2013-06-20 00:00:00+00:00,-0.008414322421790632
2013-06-21 00:00:00+00:00,-0.0021035849072236212
2013-06-24 00:00:00+00:00,0.002713924957198355
2013-06-25 00:00:00+00:00,0.001676556987679989
2013-06-26 00:00:00+00:00,0.0007443789504981517
2013-06-27 00:00:00+00:00,0.003597525911726314
2013-06-28 00:00:00+00:00,0.0011683528494755662
2013-07-01 00:00:00+00:00,-0.0009567591878694436
2013-07-02 00:00:00+00:00,0.0009678668215253501
2013-07-03 00:00:00+00:00,0.0021170130869900086
2013-07-05 00:00:00+00:00,-0.0004434308881287226
2013-07-08 00:00:00+00:00,0.0010162601626016268
2013-07-09 00:00:00+00:00,0.003914141414141406
2013-07-10 00:00:00+00:00,-0.0008635578583765142
2013-07-11 00:00:00+00:00,0.0017981150793650775
2013-07-12 00:00:00+00:00,-0.0009201324990798694
2013-07-15 00:00:00+00:00,-0.0014803849000740166
2013-07-16 00:00:00+00:00,0.0
2013-07-17 00:00:00+00:00,-0.0011202389843166607
2013-07-18 00:00:00+00:00,-0.0011278195488721812
2013-07-19 00:00:00+00:00,0.0010093363613424091
2013-07-22 00:00:00+00:00,-0.0011913719588663163
2013-07-23 00:00:00+00:00,-0.001515725653656689
2013-07-24 00:00:00+00:00,-0.00012746972594009548
2013-07-25 00:00:00+00:00,-0.0010205383339711622
2013-07-26 00:00:00+00:00,0.0002567064561673771
2013-07-29 00:00:00+00:00,0.0003203895937459918
2013-07-30 00:00:00+00:00,0.0009593246354566338
2013-07-31 00:00:00+00:00,0.002289202594429625
2013-08-01 00:00:00+00:00,-8.333333333333333e-05
2013-08-02 00:00:00+00:00,0.0
2013-08-05 00:00:00+00:00,0.0
2013-08-06 00:00:00+00:00,0.0
2013-08-07 00:00:00+00:00,0.0
2013-08-08 00:00:00+00:00,0.0
2013-08-09 00:00:00+00:00,0.0
2013-08-12 00:00:00+00:00,0.0
2013-08-13 00:00:00+00:00,0.0
2013-08-14 00:00:00+00:00,0.0
2013-08-15 00:00:00+00:00,0.0
2013-08-16 00:00:00+00:00,0.0
2013-08-19 00:00:00+00:00,0.0
2013-08-20 00:00:00+00:00,0.0
2013-08-21 00:00:00+00:00,0.0
2013-08-22 00:00:00+00:00,0.0
2013-08-23 00:00:00+00:00,0.0
2013-08-26 00:00:00+00:00,0.0
2013-08-27 00:00:00+00:00,0.0
2013-08-28 00:00:00+00:00,0.0
2013-08-29 00:00:00+00:00,0.0
2013-08-30 00:00:00+00:00,0.0
2013-09-03 00:00:00+00:00,0.0038727216606414074
2013-09-04 00:00:00+00:00,0.0007728768356637753
2013-09-05 00:00:00+00:00,-0.004887321815616666
2013-09-06 00:00:00+00:00,-0.002097905626747313
2013-09-09 00:00:00+00:00,0.0035410787673079516
2013-09-10 00:00:00+00:00,-0.0009708695485972455
2013-09-11 00:00:00+00:00,-0.0007905597953644834
2013-09-12 00:00:00+00:00,0.003317451683418793
2013-09-13 00:00:00+00:00,0.0017866975540403358
2013-09-16 00:00:00+00:00,0.002764929269371885
2013-09-17 00:00:00+00:00,0.000312108508987922
2013-09-18 00:00:00+00:00,-0.001424113369342931
2013-09-19 00:00:00+00:00,0.00031420995470647173
2013-09-20 00:00:00+00:00,-0.0014784942704661832
2013-09-23 00:00:00+00:00,-0.0038423305899785336
2013-09-24 00:00:00+00:00,-0.005089760094117749
2013-09-25 00:00:00+00:00,4.7724679804258166e-05
2013-09-26 00:00:00+00:00,0.0002385664652474473
2013-09-27 00:00:00+00:00,0.004335814872307793
2013-09-30 00:00:00+00:00,-0.0013467095744822966
2013-10-01 00:00:00+00:00,0.002294008688348207
2013-10-02 00:00:00+00:00,-0.003094112536433047
2013-10-03 00:00:00+00:00,-0.0020233381405213393
2013-10-04 00:00:00+00:00,0.0003334271381072081
2013-10-07 00:00:00+00:00,0.005847114711341916
2013-10-08 00:00:00+00:00,0.003995597172850991
2013-10-09 00:00:00+00:00,-0.001659498497180223
2013-10-10 00:00:00+00:00,0.001993302072999599
2013-10-11 00:00:00+00:00,0.002372637326132576
2013-10-14 00:00:00+00:00,0.0019420864269027818
2013-10-15 00:00:00+00:00,-0.001308899298169334
2013-10-16 00:00:00+00:00,-0.0009234788328334649
2013-10-17 00:00:00+00:00,-0.0005306484369550686
2013-10-18 00:00:00+00:00,0.0003105301011126678
2013-10-21 00:00:00+00:00,-0.004250795150888645
2013-10-22 00:00:00+00:00,-0.0039531031259375515
2013-10-23 00:00:00+00:00,0.0017685873332248987
2013-10-24 00:00:00+00:00,0.00046053194156788396
2013-10-25 00:00:00+00:00,0.0035822572688267718
2013-10-28 00:00:00+00:00,-0.006204478500361932
2013-10-29 00:00:00+00:00,-0.003362287596312963
2013-10-30 00:00:00+00:00,0.005862163153077674
2013-10-31 00:00:00+00:00,-0.0017955707710228808
2013-11-01 00:00:00+00:00,-8.333333333333333e-05
2013-11-04 00:00:00+00:00,0.0
2013-11-05 00:00:00+00:00,0.0
2013-11-06 00:00:00+00:00,0.0
2013-11-07 00:00:00+00:00,0.0
2013-11-08 00:00:00+00:00,0.0
2013-11-11 00:00:00+00:00,0.0
2013-11-12 00:00:00+00:00,0.0
2013-11-13 00:00:00+00:00,0.0
2013-11-14 00:00:00+00:00,0.0
2013-11-15 00:00:00+00:00,0.0
2013-11-18 00:00:00+00:00,0.0
2013-11-19 00:00:00+00:00,0.0
2013-11-20 00:00:00+00:00,0.0
2013-11-21 00:00:00+00:00,0.0
2013-11-22 00:00:00+00:00,0.0
2013-11-25 00:00:00+00:00,0.0
2013-11-26 00:00:00+00:00,0.0
2013-11-27 00:00:00+00:00,0.0
2013-11-29 00:00:00+00:00,0.0
2013-12-02 00:00:00+00:00,-0.0015666942501624812
2013-12-03 00:00:00+00:00,0.0020116655933896848
2013-12-04 00:00:00+00:00,0.0026136002827382336
2013-12-05 00:00:00+00:00,-0.0012652047374156112
2013-12-06 00:00:00+00:00,0.00017905002624337324
2013-12-09 00:00:00+00:00,0.004063599472371893
2013-12-10 00:00:00+00:00,-0.001071124257143637
2013-12-11 00:00:00+00:00,0.0021780976508773233
2013-12-12 00:00:00+00:00,-0.003670581004140786
2013-12-13 00:00:00+00:00,-0.0025440074705068887
2013-12-16 00:00:00+00:00,0.0023768523556911094
2013-12-17 00:00:00+00:00,0.002468362974698879
2013-12-18 00:00:00+00:00,-0.0034684584050022056
2013-12-19 00:00:00+00:00,0.0025345062496297715
2013-12-20 00:00:00+00:00,0.00257181250895296
2013-12-23 00:00:00+00:00,-0.0009222561183636624
2013-12-24 00:00:00+00:00,0.0007545884343121607
2013-12-26 00:00:00+00:00,-0.005038971207573573
2013-12-27 00:00:00+00:00,0.0021001329608576107
2013-12-30 00:00:00+00:00,-0.001966263553907073
2013-12-31 00:00:00+00:00,-0.0025666033571172062
2014-01-02 00:00:00+00:00,-0.00016666666666666666
2014-01-03 00:00:00+00:00,0.0
2014-01-06 00:00:00+00:00,0.0
2014-01-07 00:00:00+00:00,0.0
2014-01-08 00:00:00+00:00,0.0
2014-01-09 00:00:00+00:00,0.0
2014-01-10 00:00:00+00:00,0.0
2014-01-13 00:00:00+00:00,0.0
2014-01-14 00:00:00+00:00,0.0
2014-01-15 00:00:00+00:00,0.0
2014-01-16 00:00:00+00:00,0.0
2014-01-17 00:00:00+00:00,0.0
2014-01-21 00:00:00+00:00,0.0
2014-01-22 00:00:00+00:00,0.0
2014-01-23 00:00:00+00:00,0.0
2014-01-24 00:00:00+00:00,0.0
2014-01-27 00:00:00+00:00,0.0
2014-01-28 00:00:00+00:00,0.0
2014-01-29 00:00:00+00:00,0.0
2014-01-30 00:00:00+00:00,0.0
2014-01-31 00:00:00+00:00,0.0
2014-02-03 00:00:00+00:00,-9.081264293726377e-05
2014-02-04 00:00:00+00:00,0.006251402963038055
2014-02-05 00:00:00+00:00,0.001272479142319834
2014-02-06 00:00:00+00:00,0.001896201900486801
2014-02-07 00:00:00+00:00,0.004668202692555931
2014-02-10 00:00:00+00:00,-0.0009196268877911066
2014-02-11 00:00:00+00:00,0.00039887708381915643
2014-02-12 00:00:00+00:00,-0.0013163451088392861
2014-02-13 00:00:00+00:00,0.0028331731157490805
2014-02-14 00:00:00+00:00,0.0008772671704694313
2014-02-18 00:00:00+00:00,0.008058592646829177
2014-02-19 00:00:00+00:00,0.0021810946006513565
2014-02-20 00:00:00+00:00,0.0005977229548555322
2014-02-21 00:00:00+00:00,-0.0006377880172867001
2014-02-24 00:00:00+00:00,0.002374227527856228
2014-02-25 00:00:00+00:00,0.0014666863369833063
2014-02-26 00:00:00+00:00,0.0021353147214907
2014-02-27 00:00:00+00:00,-0.004681372350432736
2014-02-28 00:00:00+00:00,0.006325223088501067
2014-03-03 00:00:00+00:00,0.003618630656379333
2014-03-04 00:00:00+00:00,-0.002525728119264048
2014-03-05 00:00:00+00:00,-0.0030323637044710377
2014-03-06 00:00:00+00:00,0.00018071400305656274
2014-03-07 00:00:00+00:00,0.0016738944088566428
2014-03-10 00:00:00+00:00,-0.0023721307896465427
2014-03-11 00:00:00+00:00,-0.001796551848758728
2014-03-12 00:00:00+00:00,-0.0033989818728085335
2014-03-13 00:00:00+00:00,0.00035717775461907575
2014-03-14 00:00:00+00:00,0.001171083609724103
2014-03-17 00:00:00+00:00,-0.0013651490942681772
2014-03-18 00:00:00+00:00,0.0027528464636756103
2014-03-19 00:00:00+00:00,0.0011200364741697313
2014-03-20 00:00:00+00:00,-0.0015608953799001735
2014-03-21 00:00:00+00:00,5.028458749001263e-05
2014-03-24 00:00:00+00:00,0.0002345991536583103
2014-03-25 00:00:00+00:00,-0.0006860710157229147
2014-03-26 00:00:00+00:00,0.0017978957362769405
2014-03-27 00:00:00+00:00,0.001695585845690258
2014-03-28 00:00:00+00:00,0.000641784153417942
2014-03-31 00:00:00+00:00,-0.0001475301457516768
2014-04-01 00:00:00+00:00,0.002167122040072874
2014-04-02 00:00:00+00:00,-0.00249803525317166
2014-04-03 00:00:00+00:00,0.0014817347694762542
2014-04-04 00:00:00+00:00,-0.0001694628029147623
2014-04-07 00:00:00+00:00,-0.0010743567995476302
2014-04-08 00:00:00+00:00,0.002077286437880595
2014-04-09 00:00:00+00:00,0.0014333895446880425
2014-04-10 00:00:00+00:00,-0.0014490330490999348
2014-04-11 00:00:00+00:00,-0.002164502164502165
2014-04-14 00:00:00+00:00,0.0015094554568238678
2014-04-15 00:00:00+00:00,0.002822466836014688
2014-04-16 00:00:00+00:00,0.0019428254232584097
2014-04-17 00:00:00+00:00,-0.0005212620027434759
2014-04-21 00:00:00+00:00,-0.0016787758696609385
2014-04-22 00:00:00+00:00,-0.0021128718376424716
2014-04-23 00:00:00+00:00,-0.0012671059300557452
2014-04-24 00:00:00+00:00,0.0003972307343093802
2014-04-25 00:00:00+00:00,0.0029438405797101623
2014-04-28 00:00:00+00:00,0.001140409434801944
2014-04-29 00:00:00+00:00,0.00174042764793636
2014-04-30 00:00:00+00:00,0.0007381889763779699
2014-05-01 00:00:00+00:00,-0.003497662459093035
2014-05-02 00:00:00+00:00,0.002146690518783541
2014-05-05 00:00:00+00:00,0.003179088661250458
2014-05-06 00:00:00+00:00,0.0024263431542460947
2014-05-07 00:00:00+00:00,-0.0004555289830315464
2014-05-08 00:00:00+00:00,-0.0006851661527920531
2014-05-09 00:00:00+00:00,-0.0029239766081871434
2014-05-12 00:00:00+00:00,-0.001984126984126977
2014-05-13 00:00:00+00:00,-0.0012993149066855743
2014-05-14 00:00:00+00:00,-0.004523809523809522
2014-05-15 00:00:00+00:00,-0.0006730298580518804
2014-05-16 00:00:00+00:00,-0.0009829217348568675
2014-05-19 00:00:00+00:00,6.179705846002617e-05
2014-05-20 00:00:00+00:00,-0.000988386459105502
2014-05-21 00:00:00+00:00,-0.001553566989808593
2014-05-22 00:00:00+00:00,-0.0012545477355413448
2014-05-23 00:00:00+00:00,-0.001706484641638232
2014-05-27 00:00:00+00:00,-0.0029374201787994805
2014-05-28 00:00:00+00:00,-0.0005850234009360429
2014-05-29 00:00:00+00:00,-0.0016307893020221878
2014-05-30 00:00:00+00:00,-0.001383399209486158
2014-06-02 00:00:00+00:00,0.00013742267805752506
2014-06-03 00:00:00+00:00,-0.002804316877996667
2014-06-04 00:00:00+00:00,-0.0008887315271579415
2014-06-05 00:00:00+00:00,-0.0006241136543400267
2014-06-06 00:00:00+00:00,-0.0008913479396056948
2014-06-09 00:00:00+00:00,0.0011609536277870092
2014-06-10 00:00:00+00:00,0.00021985263408439798
2014-06-11 00:00:00+00:00,-0.0007700014333955063
2014-06-12 00:00:00+00:00,0.0013899912541846344
2014-06-13 00:00:00+00:00,0.0011417523578463409
2014-06-16 00:00:00+00:00,0.00010700264479727528
2014-06-17 00:00:00+00:00,-0.0016373788243952967
2014-06-18 00:00:00+00:00,0.002501830309841191
2014-06-19 00:00:00+00:00,0.0020641953122947734
2014-06-20 00:00:00+00:00,-0.0006520777477103482
2014-06-23 00:00:00+00:00,4.3516066227637044e-05
2014-06-24 00:00:00+00:00,-0.0008213918089681933
2014-06-25 00:00:00+00:00,-0.0003812933932981395
2014-06-26 00:00:00+00:00,0.0016214707885768287
2014-06-27 00:00:00+00:00,-0.0014757812818431693
2014-06-30 00:00:00+00:00,-0.005156290685477201
2014-07-01 00:00:00+00:00,-0.0018563744701103147
2014-07-02 00:00:00+00:00,-0.0007651583718143822
2014-07-03 00:00:00+00:00,0.0011843303701721635
2014-07-07 00:00:00+00:00,-0.007597693597972392
2014-07-08 00:00:00+00:00,-0.00013282209546777723
2014-07-09 00:00:00+00:00,-0.0035467727817045285
2014-07-10 00:00:00+00:00,0.00019323378966727245
2014-07-11 00:00:00+00:00,-0.010231604087618435
2014-07-14 00:00:00+00:00,0.011464600788644677
2014-07-15 00:00:00+00:00,-0.005207079717671648
2014-07-16 00:00:00+00:00,0.0021449734623411785
2014-07-17 00:00:00+00:00,0.007227161875363245
2014-07-18 00:00:00+00:00,-0.005695343380487328
2014-07-21 00:00:00+00:00,0.0016549240141214652
2014-07-22 00:00:00+00:00,-0.0020004559062783605
2014-07-23 00:00:00+00:00,-8.89280122557028e-05
2014-07-24 00:00:00+00:00,-0.0023250989442692065
2014-07-25 00:00:00+00:00,0.0029483334844309095
2014-07-28 00:00:00+00:00,-0.001692481908162883
2014-07-29 00:00:00+00:00,-0.005744662162193658
2014-07-30 00:00:00+00:00,0.0011682516894762256
2014-07-31 00:00:00+00:00,-0.0025422562890817235
2014-08-01 00:00:00+00:00,-0.00016666666666666666
2014-08-04 00:00:00+00:00,0.0
2014-08-05 00:00:00+00:00,0.0
2014-08-06 00:00:00+00:00,0.0
2014-08-07 00:00:00+00:00,0.0
2014-08-08 00:00:00+00:00,0.0
2014-08-11 00:00:00+00:00,0.0
2014-08-12 00:00:00+00:00,0.0
2014-08-13 00:00:00+00:00,0.0
2014-08-14 00:00:00+00:00,0.0
2014-08-15 00:00:00+00:00,0.0
2014-08-18 00:00:00+00:00,0.0
2014-08-19 00:00:00+00:00,0.0
2014-08-20 00:00:00+00:00,0.0
2014-08-21 00:00:00+00:00,0.0
2014-08-22 00:00:00+00:00,0.0
2014-08-25 00:00:00+00:00,0.0
2014-08-26 00:00:00+00:00,0.0
2014-08-27 00:00:00+00:00,0.0
2014-08-28 00:00:00+00:00,0.0
2014-08-29 00:00:00+00:00,0.0
2014-09-02 00:00:00+00:00,-0.007258403027999988
2014-09-03 00:00:00+00:00,-0.0018423401924947032
2014-09-04 00:00:00+00:00,-0.0012130612068500524
2014-09-05 00:00:00+00:00,-0.0011346784869174877
2014-09-08 00:00:00+00:00,0.0036470667485071586
2014-09-09 00:00:00+00:00,0.00464396465745905
2014-09-10 00:00:00+00:00,-0.001255018893655202
2014-09-11 00:00:00+00:00,-0.005521836203340698
2014-09-12 00:00:00+00:00,0.001482263436962783
2014-09-15 00:00:00+00:00,0.0031976440923572325
2014-09-16 00:00:00+00:00,0.0027134694892854876
2014-09-17 00:00:00+00:00,0.0007509439466267068
2014-09-18 00:00:00+00:00,-0.004277760832281448
2014-09-19 00:00:00+00:00,-0.0031116875976019602
2014-09-22 00:00:00+00:00,0.0005646777780373702
2014-09-23 00:00:00+00:00,-0.0014718580404139054
2014-09-24 00:00:00+00:00,0.004149197632341894
2014-09-25 00:00:00+00:00,0.0025568883735920993
2014-09-26 00:00:00+00:00,0.0005456229156260983
2014-09-29 00:00:00+00:00,0.0071117737307128115
2014-09-30 00:00:00+00:00,-0.0013240247920131565
2014-10-01 00:00:00+00:00,-0.003963441480067423
2014-10-02 00:00:00+00:00,-0.003769982891702846
2014-10-03 00:00:00+00:00,0.004535440601120433
2014-10-06 00:00:00+00:00,-0.005818273138004426
2014-10-07 00:00:00+00:00,0.0025226618449597873
2014-10-08 00:00:00+00:00,-0.004296183878786886
2014-10-09 00:00:00+00:00,-0.00043233853929008914
2014-10-10 00:00:00+00:00,0.0006068460711171249
2014-10-13 00:00:00+00:00,0.0024617743058496693
2014-10-14 00:00:00+00:00,-0.004256039643239099
2014-10-15 00:00:00+00:00,-0.0006988134385440732
2014-10-16 00:00:00+00:00,-0.00017543633999034247
2014-10-17 00:00:00+00:00,-0.0013171747172296595
2014-10-20 00:00:00+00:00,-0.0042485375864945345
2014-10-21 00:00:00+00:00,0.0018619386249523935
2014-10-22 00:00:00+00:00,-0.002335401340943362
2014-10-23 00:00:00+00:00,-0.001685339422531388
2014-10-24 00:00:00+00:00,4.601175807768716e-05
2014-10-27 00:00:00+00:00,-0.002852139084571344
2014-10-28 00:00:00+00:00,0.004118684733808682
2014-10-29 00:00:00+00:00,0.0036082944054612134
2014-10-30 00:00:00+00:00,0.004425964730293774
2014-10-31 00:00:00+00:00,0.0020033100332691456
2014-11-03 00:00:00+00:00,-8.333333333333333e-05
2014-11-04 00:00:00+00:00,0.0
2014-11-05 00:00:00+00:00,0.0
2014-11-06 00:00:00+00:00,0.0
2014-11-07 00:00:00+00:00,0.0
2014-11-10 00:00:00+00:00,0.0
2014-11-11 00:00:00+00:00,0.0
2014-11-12 00:00:00+00:00,0.0
2014-11-13 00:00:00+00:00,0.0
2014-11-14 00:00:00+00:00,0.0
2014-11-17 00:00:00+00:00,0.0
2014-11-18 00:00:00+00:00,0.0
2014-11-19 00:00:00+00:00,0.0
2014-11-20 00:00:00+00:00,0.0
2014-11-21 00:00:00+00:00,0.0
2014-11-24 00:00:00+00:00,0.0
2014-11-25 00:00:00+00:00,0.0
2014-11-26 00:00:00+00:00,0.0
2014-11-28 00:00:00+00:00,0.0
2014-12-01 00:00:00+00:00,-0.0001135140043622324
2014-12-02 00:00:00+00:00,-0.0069223227328055
2014-12-03 00:00:00+00:00,0.0008716514936952431
2014-12-04 00:00:00+00:00,0.005322082005090803
2014-12-05 00:00:00+00:00,0.006643781956127321
2014-12-08 00:00:00+00:00,-0.0005007054892376037
2014-12-09 00:00:00+00:00,0.003306499583614212
2014-12-10 00:00:00+00:00,-0.002957632923180853
2014-12-11 00:00:00+00:00,0.004923335613315075
2014-12-12 00:00:00+00:00,0.0034704924216797384
2014-12-15 00:00:00+00:00,0.003919082048296829
2014-12-16 00:00:00+00:00,-0.0035853277387345077
2014-12-17 00:00:00+00:00,0.001493585069423542
2014-12-18 00:00:00+00:00,0.002420957876863361
2014-12-19 00:00:00+00:00,-0.0009273951831870001
2014-12-22 00:00:00+00:00,0.0017609480082021456
2014-12-23 00:00:00+00:00,0.0009508784441382885
2014-12-24 00:00:00+00:00,-0.00408085992043831
2014-12-26 00:00:00+00:00,0.005898897400730426
2014-12-29 00:00:00+00:00,-0.0017185736967616678
2014-12-30 00:00:00+00:00,-0.0031636718002596154
2014-12-31 00:00:00+00:00,-0.006866210555625196
2015-01-02 00:00:00+00:00,-0.00016666666666666666
2015-01-05 00:00:00+00:00,0.0
2015-01-06 00:00:00+00:00,0.0
2015-01-07 00:00:00+00:00,0.0
2015-01-08 00:00:00+00:00,0.0
2015-01-09 00:00:00+00:00,0.0
2015-01-12 00:00:00+00:00,0.0
2015-01-13 00:00:00+00:00,0.0
2015-01-14 00:00:00+00:00,0.0
2015-01-15 00:00:00+00:00,0.0
2015-01-16 00:00:00+00:00,0.0
2015-01-20 00:00:00+00:00,0.0
2015-01-21 00:00:00+00:00,0.0
2015-01-22 00:00:00+00:00,0.0
2015-01-23 00:00:00+00:00,0.0
2015-01-26 00:00:00+00:00,0.0
2015-01-27 00:00:00+00:00,0.0
2015-01-28 00:00:00+00:00,0.0
2015-01-29 00:00:00+00:00,0.0
2015-01-30 00:00:00+00:00,0.0
2015-02-02 00:00:00+00:00,0.00397231484732503
2015-02-03 00:00:00+00:00,0.023689497614385283
2015-02-04 00:00:00+00:00,-0.01795683074380263
2015-02-05 00:00:00+00:00,0.009329755539389046
2015-02-06 00:00:00+00:00,0.0028949400845580584
2015-02-09 00:00:00+00:00,0.007004837324604958
2015-02-10 00:00:00+00:00,-0.01195704582875512
2015-02-11 00:00:00+00:00,-0.003393268495210118
2015-02-12 00:00:00+00:00,0.00792222415574704
2015-02-13 00:00:00+00:00,0.008102695715401415
2015-02-17 00:00:00+00:00,0.006239262534144122
2015-02-18 00:00:00+00:00,-0.008772828010269499
2015-02-19 00:00:00+00:00,0.0013981201461310915
2015-02-20 00:00:00+00:00,-0.0059194035463925685
2015-02-23 00:00:00+00:00,-0.005758654378199371
2015-02-24 00:00:00+00:00,0.0016707309765241112
2015-02-25 00:00:00+00:00,0.0036573157808685304
2015-02-26 00:00:00+00:00,-0.0046448809741922075
2015-02-27 00:00:00+00:00,0.008573667147680411
2015-03-02 00:00:00+00:00,-0.000736060338556943
2015-03-03 00:00:00+00:00,0.0031256311834179464
2015-03-04 00:00:00+00:00,0.0033320081564448545
2015-03-05 00:00:00+00:00,-0.0024904601720821167
2015-03-06 00:00:00+00:00,-0.003775931669320646
2015-03-09 00:00:00+00:00,0.0013102176471486704
2015-03-10 00:00:00+00:00,-0.005699996948242192
2015-03-11 00:00:00+00:00,-0.0004141738948951016
2015-03-12 00:00:00+00:00,-0.003875160800147233
2015-03-13 00:00:00+00:00,-0.007828548070523928
2015-03-16 00:00:00+00:00,-0.0035682392254156774
2015-03-17 00:00:00+00:00,-0.0015952672949673397
2015-03-18 00:00:00+00:00,0.004601935834555296
2015-03-19 00:00:00+00:00,-0.0026123330546765078
2015-03-20 00:00:00+00:00,0.006672741025496383
2015-03-23 00:00:00+00:00,0.006306501516645283
2015-03-24 00:00:00+00:00,0.00021073957720078398
2015-03-25 00:00:00+00:00,0.005963659661117929
2015-03-26 00:00:00+00:00,0.007518801266697609
2015-03-27 00:00:00+00:00,-0.008296070251151921
2015-03-30 00:00:00+00:00,-0.0006479729583986164
2015-03-31 00:00:00+00:00,-0.0036976233370451155
2015-04-01 00:00:00+00:00,0.0026589177155578367
2015-04-02 00:00:00+00:00,-0.0006314725940894106
2015-04-06 00:00:00+00:00,-0.0012677484787018318
2015-04-07 00:00:00+00:00,-0.0012774655084312747
2015-04-08 00:00:00+00:00,8.582217645040449e-05
2015-04-09 00:00:00+00:00,-0.003088008234688633
2015-04-10 00:00:00+00:00,-0.00034958923265164066
2015-04-13 00:00:00+00:00,-0.0004816955684007751
2015-04-14 00:00:00+00:00,0.002020202020202033
2015-04-15 00:00:00+00:00,0.000824438080361034
2015-04-16 00:00:00+00:00,0.00017271157167531026
2015-04-17 00:00:00+00:00,0.0004744651483781966
2015-04-20 00:00:00+00:00,0.0015053763440860215
2015-04-21 00:00:00+00:00,-0.00038363171355498826
2015-04-22 00:00:00+00:00,-0.0008117576689737708
2015-04-23 00:00:00+00:00,0.0013309290743603133
2015-04-24 00:00:00+00:00,-0.0014481642388619043
2015-04-27 00:00:00+00:00,0.0005585632035747985
2015-04-28 00:00:00+00:00,0.0007708119218910643
2015-04-29 00:00:00+00:00,0.0018755328218243994
2015-04-30 00:00:00+00:00,-0.0016860563142808889
2015-05-01 00:00:00+00:00,-8.333333333333333e-05
2015-05-04 00:00:00+00:00,0.0
2015-05-05 00:00:00+00:00,0.0
2015-05-06 00:00:00+00:00,0.0
2015-05-07 00:00:00+00:00,0.0
2015-05-08 00:00:00+00:00,0.0
2015-05-11 00:00:00+00:00,0.0
2015-05-12 00:00:00+00:00,0.0
2015-05-13 00:00:00+00:00,0.0
2015-05-14 00:00:00+00:00,0.0
2015-05-15 00:00:00+00:00,0.0
2015-05-18 00:00:00+00:00,0.0
2015-05-19 00:00:00+00:00,0.0
2015-05-20 00:00:00+00:00,0.0
2015-05-21 00:00:00+00:00,0.0
2015-05-22 00:00:00+00:00,0.0
2015-05-26 00:00:00+00:00,0.0
2015-05-27 00:00:00+00:00,0.0
2015-05-28 00:00:00+00:00,0.0
2015-05-29 00:00:00+00:00,0.0
2015-06-01 00:00:00+00:00,-0.004057610875819573
2015-06-02 00:00:00+00:00,0.004307271570910745
2015-06-03 00:00:00+00:00,-0.005574757075596515
2015-06-04 00:00:00+00:00,-0.0022151623322734424
2015-06-05 00:00:00+00:00,0.0007822190229444341
2015-06-08 00:00:00+00:00,-0.00016411416180397076
2015-06-09 00:00:00+00:00,0.00694964690744082
2015-06-10 00:00:00+00:00,0.002082892630985544
2015-06-11 00:00:00+00:00,-0.003800230142428288
2015-06-12 00:00:00+00:00,-0.0027589824396008393
2015-06-15 00:00:00+00:00,-0.0020663013583990066
2015-06-16 00:00:00+00:00,0.004811206885821669
2015-06-17 00:00:00+00:00,0.004203455953311322
2015-06-18 00:00:00+00:00,0.0019762364546353677
2015-06-19 00:00:00+00:00,-0.005268589983827935
2015-06-22 00:00:00+00:00,0.0033111997343575617
2015-06-23 00:00:00+00:00,0.0033898173747892906
2015-06-24 00:00:00+00:00,-0.004031377136442971
2015-06-25 00:00:00+00:00,0.0019147110892584474
2015-06-26 00:00:00+00:00,0.0003363380584466835
2015-06-29 00:00:00+00:00,-0.002260979451039369
2015-06-30 00:00:00+00:00,0.01347336975155955
2015-07-01 00:00:00+00:00,-0.007637827029957976
2015-07-02 00:00:00+00:00,-0.0004964539007092187
2015-07-06 00:00:00+00:00,0.0007824726134585402
2015-07-07 00:00:00+00:00,-0.002548853016142734
2015-07-08 00:00:00+00:00,-0.0020851308599367235
2015-07-09 00:00:00+00:00,0.0
2015-07-10 00:00:00+00:00,0.0026940439784476355
2015-07-13 00:00:00+00:00,0.0015047291487532144
2015-07-14 00:00:00+00:00,-0.000923164323249533
2015-07-15 00:00:00+00:00,-0.004784347329334471
2015-07-16 00:00:00+00:00,-0.0013233348037053339
2015-07-17 00:00:00+00:00,-0.0024455313472654576
2015-07-20 00:00:00+00:00,-0.006392900120336942
2015-07-21 00:00:00+00:00,-0.0025027373689973467
2015-07-22 00:00:00+00:00,-0.0025408924884865827
2015-07-23 00:00:00+00:00,0.0015320109659732184
2015-07-24 00:00:00+00:00,-0.0031160115052732418
2015-07-27 00:00:00+00:00,-0.0030125386744829785
2015-07-28 00:00:00+00:00,0.002736318407960181
2015-07-29 00:00:00+00:00,-0.004731603850546587
2015-07-30 00:00:00+00:00,8.396305625524292e-05
2015-07-31 00:00:00+00:00,0.0009231285666330875
2015-08-03 00:00:00+00:00,-8.333333333333333e-05
2015-08-04 00:00:00+00:00,0.0
2015-08-05 00:00:00+00:00,0.0
2015-08-06 00:00:00+00:00,0.0
2015-08-07 00:00:00+00:00,0.0
2015-08-10 00:00:00+00:00,0.0
2015-08-11 00:00:00+00:00,0.0
2015-08-12 00:00:00+00:00,0.0
2015-08-13 00:00:00+00:00,0.0
2015-08-14 00:00:00+00:00,0.0
2015-08-17 00:00:00+00:00,0.0
2015-08-18 00:00:00+00:00,0.0
2015-08-19 00:00:00+00:00,0.0
2015-08-20 00:00:00+00:00,0.0
2015-08-21 00:00:00+00:00,0.0
2015-08-24 00:00:00+00:00,0.0
2015-08-25 00:00:00+00:00,0.0
2015-08-26 00:00:00+00:00,0.0
2015-08-27 00:00:00+00:00,0.0
2015-08-28 00:00:00+00:00,0.0
2015-08-31 00:00:00+00:00,0.0
2015-09-01 00:00:00+00:00,0.0030067739259468556
2015-09-02 00:00:00+00:00,-0.00314248289624273
2015-09-03 00:00:00+00:00,0.0056007799992021465
2015-09-04 00:00:00+00:00,-0.0038077222331244034
2015-09-08 00:00:00+00:00,0.0008877760895485238
2015-09-09 00:00:00+00:00,-0.0021316712357666114
2015-09-10 00:00:00+00:00,0.001681416626441316
2015-09-11 00:00:00+00:00,8.795848120080052e-06
2015-09-14 00:00:00+00:00,0.00496146647781979
2015-09-15 00:00:00+00:00,-0.0029929307875678304
2015-09-16 00:00:00+00:00,-0.0038263540381698693
2015-09-17 00:00:00+00:00,1.5315837924338217e-05
2015-09-18 00:00:00+00:00,0.0002966826275742074
2015-09-21 00:00:00+00:00,-0.003392597374226998
2015-09-22 00:00:00+00:00,0.0026420925366470263
2015-09-23 00:00:00+00:00,-0.0009042006351524338
2015-09-24 00:00:00+00:00,0.0006072111945967239
2015-09-25 00:00:00+00:00,-0.005817054394960644
2015-09-28 00:00:00+00:00,0.002277800346695243
2015-09-29 00:00:00+00:00,6.992328312886253e-05
2015-09-30 00:00:00+00:00,-0.005456625894339687
2015-10-01 00:00:00+00:00,-0.006092303502010704
2015-10-02 00:00:00+00:00,0.0012330378693879243
2015-10-05 00:00:00+00:00,-6.79945281427859e-05
2015-10-06 00:00:00+00:00,0.0013605428936911042
2015-10-07 00:00:00+00:00,0.00026990205501046616
2015-10-08 00:00:00+00:00,0.001616810135417368
2015-10-09 00:00:00+00:00,0.00026689265211029173
2015-10-12 00:00:00+00:00,0.0021982408165413707
2015-10-13 00:00:00+00:00,-0.0024326218302439155
2015-10-14 00:00:00+00:00,0.001334399631357915
2015-10-15 00:00:00+00:00,-0.0043023445662449715
2015-10-16 00:00:00+00:00,-0.001562712410893526
2015-10-19 00:00:00+00:00,0.0008230346484979407
2015-10-20 00:00:00+00:00,0.002320513208539469
2015-10-21 00:00:00+00:00,-0.004846528315206562
2015-10-22 00:00:00+00:00,-0.0012479288378076288
2015-10-23 00:00:00+00:00,-0.006985184972754225
2015-10-26 00:00:00+00:00,-0.01633129015773832
2015-10-27 00:00:00+00:00,0.002424827906767013
2015-10-28 00:00:00+00:00,-0.004700447342544581
2015-10-29 00:00:00+00:00,0.018363664367309258
2015-10-30 00:00:00+00:00,0.004726047154413826
2015-11-02 00:00:00+00:00,-8.333333333333333e-05
2015-11-03 00:00:00+00:00,0.0
2015-11-04 00:00:00+00:00,0.0
2015-11-05 00:00:00+00:00,0.0
2015-11-06 00:00:00+00:00,0.0
2015-11-09 00:00:00+00:00,0.0
2015-11-10 00:00:00+00:00,0.0
2015-11-11 00:00:00+00:00,0.0
2015-11-12 00:00:00+00:00,0.0
2015-11-13 00:00:00+00:00,0.0
2015-11-16 00:00:00+00:00,0.0
2015-11-17 00:00:00+00:00,0.0
2015-11-18 00:00:00+00:00,0.0
2015-11-19 00:00:00+00:00,0.0
2015-11-20 00:00:00+00:00,0.0
2015-11-23 00:00:00+00:00,0.0
2015-11-24 00:00:00+00:00,0.0
2015-11-25 00:00:00+00:00,0.0
2015-11-27 00:00:00+00:00,0.0
2015-11-30 00:00:00+00:00,0.0
2015-12-01 00:00:00+00:00,0.0023073017896848014
2015-12-02 00:00:00+00:00,-0.0008001262429917129
2015-12-03 00:00:00+00:00,0.0038423884651819598
2015-12-04 00:00:00+00:00,0.004279336466802933
2015-12-07 00:00:00+00:00,-0.007802022446639726
2015-12-08 00:00:00+00:00,-0.00036058405517428826
2015-12-09 00:00:00+00:00,0.0007882882882882895
2015-12-10 00:00:00+00:00,0.0027509588374408827
2015-12-11 00:00:00+00:00,-0.003300908091634284
2015-12-14 00:00:00+00:00,0.00457966140659712
2015-12-15 00:00:00+00:00,-0.003299113713148079
2015-12-16 00:00:00+00:00,-0.004226299739756911
2015-12-17 00:00:00+00:00,0.004830329933072678
2015-12-18 00:00:00+00:00,0.0030094713689383283
2015-12-21 00:00:00+00:00,-0.001299388256911893
2015-12-22 00:00:00+00:00,-0.0036981845098956003
2015-12-23 00:00:00+00:00,-0.001000244494928415
2015-12-24 00:00:00+00:00,-0.0016846136849844777
2015-12-28 00:00:00+00:00,-0.0035521890864808796
2015-12-29 00:00:00+00:00,0.0016559119124248307
2015-12-30 00:00:00+00:00,-0.0005555555555555498
2015-12-31 00:00:00+00:00,-0.0009251246270203979
2016-01-04 00:00:00+00:00,0.003916666666666669
2016-01-05 00:00:00+00:00,-0.0010911074740862132
2016-01-06 00:00:00+00:00,-0.0005420054200541886
2016-01-07 00:00:00+00:00,-0.0020709526382135892
2016-01-08 00:00:00+00:00,-0.0035574528637495697
2016-01-11 00:00:00+00:00,0.0033089515848136464
2016-01-12 00:00:00+00:00,-0.004353233830845774
2016-01-13 00:00:00+00:00,0.001125541125541122
2016-01-14 00:00:00+00:00,0.0032252440725244096
2016-01-15 00:00:00+00:00,-0.001777777777777767
2016-01-19 00:00:00+00:00,-0.00026385224274405594
2016-01-20 00:00:00+00:00,0.0010537407797681826
2016-01-21 00:00:00+00:00,-0.001237186284906322
2016-01-22 00:00:00+00:00,-0.000175438596491236
2016-01-25 00:00:00+00:00,-0.002103049421661396
2016-01-26 00:00:00+00:00,-0.001124956732433365
2016-01-27 00:00:00+00:00,0.0028365136668385693
2016-01-28 00:00:00+00:00,0.001486533753060515
2016-01-29 00:00:00+00:00,-0.002470442915122624
2016-02-01 00:00:00+00:00,-0.013888886900849818
2016-02-02 00:00:00+00:00,-0.011685882765599969
2016-02-03 00:00:00+00:00,0.022090859909893977
2016-02-04 00:00:00+00:00,-0.0041485873973569985
2016-02-05 00:00:00+00:00,-0.010255317079735296
2016-02-08 00:00:00+00:00,-0.011013105243932897
2016-02-09 00:00:00+00:00,-0.021642159054925166
2016-02-10 00:00:00+00:00,-0.0034622578839459033
2016-02-11 00:00:00+00:00,-0.004636287726027552
2016-02-12 00:00:00+00:00,0.03505642772566101
2016-02-16 00:00:00+00:00,-0.005546385820239437
2016-02-17 00:00:00+00:00,0.021652997321671953
2016-02-18 00:00:00+00:00,-0.002048434602551589
2016-02-19 00:00:00+00:00,-0.014698032962961497
2016-02-22 00:00:00+00:00,0.01659088943906069
2016-02-23 00:00:00+00:00,-0.007865148950350861
2016-02-24 00:00:00+00:00,0.006175083238214011
2016-02-25 00:00:00+00:00,0.002834920549735942
2016-02-26 00:00:00+00:00,-0.005634822247553925
2016-02-29 00:00:00+00:00,0.008003871166504748
2016-03-01 00:00:00+00:00,-0.0003333333333333333
2016-03-02 00:00:00+00:00,0.0
2016-03-03 00:00:00+00:00,0.0
2016-03-04 00:00:00+00:00,0.0
2016-03-07 00:00:00+00:00,0.0
2016-03-08 00:00:00+00:00,0.0
2016-03-09 00:00:00+00:00,0.0
2016-03-10 00:00:00+00:00,0.0
2016-03-11 00:00:00+00:00,0.0
2016-03-14 00:00:00+00:00,0.0
2016-03-15 00:00:00+00:00,0.0
2016-03-16 00:00:00+00:00,0.0
2016-03-17 00:00:00+00:00,0.0
2016-03-18 00:00:00+00:00,0.0
2016-03-21 00:00:00+00:00,0.0
2016-03-22 00:00:00+00:00,0.0
2016-03-23 00:00:00+00:00,0.0
2016-03-24 00:00:00+00:00,0.0
2016-03-28 00:00:00+00:00,0.0
2016-03-29 00:00:00+00:00,0.0
2016-03-30 00:00:00+00:00,0.0
2016-03-31 00:00:00+00:00,0.0
2016-04-01 00:00:00+00:00,0.0012891618629334762
2016-04-04 00:00:00+00:00,-0.0008621472002904121
2016-04-05 00:00:00+00:00,-0.0015964240102171086
2016-04-06 00:00:00+00:00,0.0005986920880537797
2016-04-07 00:00:00+00:00,-0.0006424375917767899
2016-04-08 00:00:00+00:00,0.002257232356734843
2016-04-11 00:00:00+00:00,0.002090719025543142
2016-04-12 00:00:00+00:00,0.001436394649429943
2016-04-13 00:00:00+00:00,0.003471295060080111
2016-04-14 00:00:00+00:00,-0.0013514691777835965
2016-04-15 00:00:00+00:00,0.0014064697609001233
2016-04-18 00:00:00+00:00,-0.0003050906555090623
2016-04-19 00:00:00+00:00,0.005458038599248982
2016-04-20 00:00:00+00:00,0.0041011330965669
2016-04-21 00:00:00+00:00,0.0014855162168853815
2016-04-22 00:00:00+00:00,-0.005194274028629856
2016-04-25 00:00:00+00:00,0.0021529888551165
2016-04-26 00:00:00+00:00,0.0030007501875469003
2016-04-27 00:00:00+00:00,0.0002046999099320305
2016-04-28 00:00:00+00:00,-0.0001635590448151869
2016-04-29 00:00:00+00:00,0.0004911591355599338
2016-05-02 00:00:00+00:00,-8.333333333333333e-05
2016-05-03 00:00:00+00:00,0.0
2016-05-04 00:00:00+00:00,0.0
2016-05-05 00:00:00+00:00,0.0
2016-05-06 00:00:00+00:00,0.0
2016-05-09 00:00:00+00:00,0.0
2016-05-10 00:00:00+00:00,0.0
2016-05-11 00:00:00+00:00,0.0
2016-05-12 00:00:00+00:00,0.0
2016-05-13 00:00:00+00:00,0.0
2016-05-16 00:00:00+00:00,0.0
2016-05-17 00:00:00+00:00,0.0
2016-05-18 00:00:00+00:00,0.0
2016-05-19 00:00:00+00:00,0.0
2016-05-20 00:00:00+00:00,0.0
2016-05-23 00:00:00+00:00,0.0
2016-05-24 00:00:00+00:00,0.0
2016-05-25 00:00:00+00:00,0.0
2016-05-26 00:00:00+00:00,0.0
2016-05-27 00:00:00+00:00,0.0
2016-05-31 00:00:00+00:00,0.0
2016-06-01 00:00:00+00:00,0.0032730431099972273
2016-06-02 00:00:00+00:00,0.007844761271989667
2016-06-03 00:00:00+00:00,-0.004070866614266607
2016-06-06 00:00:00+00:00,0.002600193198850853
2016-06-07 00:00:00+00:00,0.0046971305457514925
2016-06-08 00:00:00+00:00,0.008465891464000933
2016-06-09 00:00:00+00:00,-0.002295825613893539
2016-06-10 00:00:00+00:00,-0.003463140572346812
2016-06-13 00:00:00+00:00,-0.0014733464562018774
2016-06-14 00:00:00+00:00,-0.0013043107324595498
2016-06-15 00:00:00+00:00,-0.00460920347755032
2016-06-16 00:00:00+00:00,-0.009291411144168482
2016-06-17 00:00:00+00:00,0.010560030715215458
2016-06-20 00:00:00+00:00,0.0028406583259929135
2016-06-21 00:00:00+00:00,-0.0026615113659612666
2016-06-22 00:00:00+00:00,-0.0006826249819202508
2016-06-23 00:00:00+00:00,-0.0001548062477985299
2016-06-24 00:00:00+00:00,-0.010343862780888427
2016-06-27 00:00:00+00:00,0.001544026227018787
2016-06-28 00:00:00+00:00,0.007460460399185316
2016-06-29 00:00:00+00:00,0.0062003507413662855
2016-06-30 00:00:00+00:00,-0.0008622386043501407
2016-07-01 00:00:00+00:00,-0.006047101449275366
2016-07-05 00:00:00+00:00,0.0013013013013013126
2016-07-06 00:00:00+00:00,-0.0014898688915375526
2016-07-07 00:00:00+00:00,-0.0015033072760072077
2016-07-08 00:00:00+00:00,0.0035396440129449682
2016-07-11 00:00:00+00:00,-0.0017825311942959072
2016-07-12 00:00:00+00:00,0.003103103103103096
2016-07-13 00:00:00+00:00,0.0008844339622641565
2016-07-14 00:00:00+00:00,-0.0017595307917888472
2016-07-15 00:00:00+00:00,0.0011855364552459946
2016-07-18 00:00:00+00:00,0.0018638414753776589
2016-07-19 00:00:00+00:00,-0.004462553356616217
2016-07-20 00:00:00+00:00,-0.0019936204146730474
2016-07-21 00:00:00+00:00,0.0019168684422921818
2016-07-22 00:00:00+00:00,0.0029922202274087484
2016-07-25 00:00:00+00:00,0.0014697236919459047
2016-07-26 00:00:00+00:00,-0.00543900543900544
2016-07-27 00:00:00+00:00,-0.00010040160642569665
2016-07-28 00:00:00+00:00,-0.0018083182640144708
2016-07-29 00:00:00+00:00,-0.0010156408693885823
2016-08-01 00:00:00+00:00,-0.0025308284933366156
2016-08-02 00:00:00+00:00,0.00014573815022637474
2016-08-03 00:00:00+00:00,0.0037728463572091657
2016-08-04 00:00:00+00:00,0.0049708652501733175
2016-08-05 00:00:00+00:00,-0.0011187278348170349
2016-08-08 00:00:00+00:00,0.003366236725747207
2016-08-09 00:00:00+00:00,-0.0016001779444365463
2016-08-10 00:00:00+00:00,-0.0015405443409959492
2016-08-11 00:00:00+00:00,0.008406647858773392
2016-08-12 00:00:00+00:00,0.0028521914100619883
2016-08-15 00:00:00+00:00,0.004886655682305359
2016-08-16 00:00:00+00:00,0.0013104333764736298
2016-08-17 00:00:00+00:00,0.0031820958792482257
2016-08-18 00:00:00+00:00,0.00411854541505452
2016-08-19 00:00:00+00:00,-0.0006989939965182008
2016-08-22 00:00:00+00:00,-0.003641311838738929
2016-08-23 00:00:00+00:00,0.0017267595954829258
2016-08-24 00:00:00+00:00,-0.0006103741296939653
2016-08-25 00:00:00+00:00,0.0014591579445959086
2016-08-26 00:00:00+00:00,-0.0013471134026996436
2016-08-29 00:00:00+00:00,-0.0012245121007672573
2016-08-30 00:00:00+00:00,-0.001693356944184543
2016-08-31 00:00:00+00:00,-0.006899595998999826
2016-09-01 00:00:00+00:00,-0.0055607455364259095
2016-09-02 00:00:00+00:00,-0.0016510253736530995
2016-09-06 00:00:00+00:00,-0.005466582789004285
2016-09-07 00:00:00+00:00,-0.005508777918295922
2016-09-08 00:00:00+00:00,0.008054640328531315
2016-09-09 00:00:00+00:00,-0.0014166289724526677
2016-09-12 00:00:00+00:00,0.009162204961422097
2016-09-13 00:00:00+00:00,0.002407917844452582
2016-09-14 00:00:00+00:00,-0.0017913625292609314
2016-09-15 00:00:00+00:00,0.005878786511602618
2016-09-16 00:00:00+00:00,-0.0015221094402416333
2016-09-19 00:00:00+00:00,-0.0019129566997755179
2016-09-20 00:00:00+00:00,0.0034626926816140324
2016-09-21 00:00:00+00:00,0.002946581454772464
2016-09-22 00:00:00+00:00,-0.003823666531777662
2016-09-23 00:00:00+00:00,0.001718615804479036
2016-09-26 00:00:00+00:00,0.004070440189793134
2016-09-27 00:00:00+00:00,-0.0013339285681760276
2016-09-28 00:00:00+00:00,-0.0012228693951848817
2016-09-29 00:00:00+00:00,-0.00044207545246555124
2016-09-30 00:00:00+00:00,-0.003642976227741105
2016-10-03 00:00:00+00:00,0.0008916723420299791
2016-10-04 00:00:00+00:00,0.0023377744331930885
2016-10-05 00:00:00+00:00,0.004329729142603951
2016-10-06 00:00:00+00:00,0.00043845970145695023
2016-10-07 00:00:00+00:00,0.007871436112097025
2016-10-11 00:00:00+00:00,0.0022966859420081214
2016-10-12 00:00:00+00:00,-0.0013901735405411988
2016-10-13 00:00:00+00:00,0.006801663572424324
2016-10-14 00:00:00+00:00,-0.002793574425582035
2016-10-17 00:00:00+00:00,-0.0020801687834147336
2016-10-18 00:00:00+00:00,0.0009761638744107218
2016-10-19 00:00:00+00:00,-0.004750226520787326
2016-10-20 00:00:00+00:00,-0.0015247131004763603
2016-10-21 00:00:00+00:00,-0.007853125351773663
2016-10-24 00:00:00+00:00,-0.009021045730058444
2016-10-25 00:00:00+00:00,-0.003355714024039761
2016-10-26 00:00:00+00:00,-0.0025835126128215995
2016-10-27 00:00:00+00:00,0.0020139138908783862
2016-10-28 00:00:00+00:00,0.020561992742322066
2016-10-31 00:00:00+00:00,-0.004240472125604891
2016-11-01 00:00:00+00:00,-8.333333333333333e-05
2016-11-02 00:00:00+00:00,0.0
2016-11-03 00:00:00+00:00,0.0
2016-11-04 00:00:00+00:00,0.0
2016-11-07 00:00:00+00:00,0.0
2016-11-08 00:00:00+00:00,0.0
2016-11-09 00:00:00+00:00,0.0
2016-11-10 00:00:00+00:00,0.0
2016-11-14 00:00:00+00:00,0.0
2016-11-15 00:00:00+00:00,0.0
2016-11-16 00:00:00+00:00,0.0
2016-11-17 00:00:00+00:00,0.0
2016-11-18 00:00:00+00:00,0.0
2016-11-21 00:00:00+00:00,0.0
2016-11-22 00:00:00+00:00,0.0
2016-11-23 00:00:00+00:00,0.0
2016-11-25 00:00:00+00:00,0.0
2016-11-28 00:00:00+00:00,0.0
2016-11-29 00:00:00+00:00,0.0
2016-11-30 00:00:00+00:00,0.0
2016-12-01 00:00:00+00:00,-0.0030449506448465002
2016-12-02 00:00:00+00:00,0.002524555367053982
2016-12-05 00:00:00+00:00,0.008521221951878877
2016-12-06 00:00:00+00:00,0.001394112884927708
2016-12-07 00:00:00+00:00,-3.857812256763404e-05
2016-12-08 00:00:00+00:00,-0.005397437135292227
2016-12-09 00:00:00+00:00,0.004589995096324221
2016-12-12 00:00:00+00:00,-9.855022928593549e-05
2016-12-13 00:00:00+00:00,0.0003377890016904398
2016-12-14 00:00:00+00:00,-0.0027943033654174347
2016-12-15 00:00:00+00:00,0.003105352359083713
2016-12-16 00:00:00+00:00,0.0011383869650177605
2016-12-19 00:00:00+00:00,-0.0038550801890184965
2016-12-20 00:00:00+00:00,-0.004066757910861288
2016-12-21 00:00:00+00:00,-0.0011788573941127385
2016-12-22 00:00:00+00:00,-0.0020279778164059197
2016-12-23 00:00:00+00:00,-0.0016416786204614953
2016-12-27 00:00:00+00:00,0.008798305827832326
2016-12-28 00:00:00+00:00,-0.004482966617971762
2016-12-29 00:00:00+00:00,0.00013845285647554972
2016-12-30 00:00:00+00:00,-4.9161169729491135e-05
2017-01-03 00:00:00+00:00,0.0003627450980392135
2017-01-04 00:00:00+00:00,-0.004920049200492012
2017-01-05 00:00:00+00:00,-0.0030864197530864335
2017-01-06 00:00:00+00:00,0.0011730205278592438
2017-01-09 00:00:00+00:00,-0.0015751132112620616
2017-01-10 00:00:00+00:00,0.00019504583577140133
2017-01-11 00:00:00+00:00,0.003124389767623507
2017-01-12 00:00:00+00:00,-0.002985074626865665
2017-01-13 00:00:00+00:00,9.775171065494007e-05
2017-01-17 00:00:00+00:00,-0.002934272300469498
2017-01-18 00:00:00+00:00,0.0009611687812379939
2017-01-19 00:00:00+00:00,0.0029002320185614883
2017-01-20 00:00:00+00:00,-0.0018693427784336838
2017-01-23 00:00:00+00:00,-0.0019459038723487199
2017-01-24 00:00:00+00:00,0.0025004808617041796
2017-01-25 00:00:00+00:00,0.0008787346221441061
2017-01-26 00:00:00+00:00,-0.0009815469179426846
2017-01-27 00:00:00+00:00,0.0025370804059328678
2017-01-30 00:00:00+00:00,0.0025762980578676133
2017-01-31 00:00:00+00:00,-0.0027173913043478195
2017-02-01 00:00:00+00:00,0.015333448949339032
2017-02-02 00:00:00+00:00,-0.003521057844506699
2017-02-03 00:00:00+00:00,-0.0004226722052670939
2017-02-06 00:00:00+00:00,-0.004755574378465595
2017-02-07 00:00:00+00:00,-0.0007139127295810641
2017-02-08 00:00:00+00:00,0.005546276158554334
2017-02-09 00:00:00+00:00,0.0008013227922476305
2017-02-10 00:00:00+00:00,0.008785677019455724
2017-02-13 00:00:00+00:00,-0.007042128319955357
2017-02-14 00:00:00+00:00,-5.059915533843018e-05
2017-02-15 00:00:00+00:00,0.003530370369767203
2017-02-16 00:00:00+00:00,-0.004417131927639631
2017-02-17 00:00:00+00:00,-0.0032673353292962948
2017-02-21 00:00:00+00:00,0.002124925974784124
2017-02-22 00:00:00+00:00,-0.002536513748398343
2017-02-23 00:00:00+00:00,0.0011421758536010647
2017-02-24 00:00:00+00:00,-0.0034022700163538287
2017-02-27 00:00:00+00:00,-0.001993746662910134
2017-02-28 00:00:00+00:00,0.0032506011551596083
2017-03-01 00:00:00+00:00,-0.0008054418813561076
2017-03-02 00:00:00+00:00,-0.003777327324305431
2017-03-03 00:00:00+00:00,0.002280939024108456
2017-03-06 00:00:00+00:00,-0.0004062787163314022
2017-03-07 00:00:00+00:00,-0.00018797422440645453
2017-03-08 00:00:00+00:00,-0.00897001832643568
2017-03-09 00:00:00+00:00,-0.0033147706983495855
2017-03-10 00:00:00+00:00,-0.0026717976203967466
2017-03-13 00:00:00+00:00,-0.00030934264615578577
2017-03-14 00:00:00+00:00,-0.002341598773201799
2017-03-15 00:00:00+00:00,0.003981556861157605
2017-03-16 00:00:00+00:00,-0.0003752237992135828
2017-03-17 00:00:00+00:00,0.00010255992922007332
2017-03-20 00:00:00+00:00,-0.0019133441731840246
2017-03-21 00:00:00+00:00,-0.0030416184357727007
2017-03-22 00:00:00+00:00,0.002464444306024475
2017-03-23 00:00:00+00:00,-0.001179573085304956
2017-03-24 00:00:00+00:00,0.0009433978107796781
2017-03-27 00:00:00+00:00,-0.0008338603028261541
2017-03-28 00:00:00+00:00,0.002234790822635927
2017-03-29 00:00:00+00:00,0.003928052562959546
2017-03-30 00:00:00+00:00,0.0028277121829435683
2017-03-31 00:00:00+00:00,0.0008275405745659103
2017-04-03 00:00:00+00:00,-0.0037981529032835395
2017-04-04 00:00:00+00:00,0.005612821096699768
2017-04-05 00:00:00+00:00,0.0027194860349863954
2017-04-06 00:00:00+00:00,0.0022837485645170554
2017-04-07 00:00:00+00:00,0.003430991174236249
2017-04-10 00:00:00+00:00,0.004570124969134004
2017-04-11 00:00:00+00:00,0.0008962077343360001
2017-04-12 00:00:00+00:00,0.0007445363168215128
2017-04-13 00:00:00+00:00,0.0013303326111879787
2017-04-17 00:00:00+00:00,-0.0037307635119357974
2017-04-18 00:00:00+00:00,-0.0031500833531381183
2017-04-19 00:00:00+00:00,-0.009688000647723256
2017-04-20 00:00:00+00:00,-0.0014285517139347261
2017-04-21 00:00:00+00:00,-0.004109159706138546
2017-04-24 00:00:00+00:00,-0.0006509592414220926
2017-04-25 00:00:00+00:00,0.00021694259169232244
2017-04-26 00:00:00+00:00,-0.002242898640476998
2017-04-27 00:00:00+00:00,-0.005382749360713886
2017-04-28 00:00:00+00:00,0.0007832654682812246
2017-05-01 00:00:00+00:00,-0.00025
2017-05-02 00:00:00+00:00,0.0
2017-05-03 00:00:00+00:00,0.0
2017-05-04 00:00:00+00:00,0.0
2017-05-05 00:00:00+00:00,0.0
2017-05-08 00:00:00+00:00,0.0
2017-05-09 00:00:00+00:00,0.0
2017-05-10 00:00:00+00:00,0.0
2017-05-11 00:00:00+00:00,0.0
2017-05-12 00:00:00+00:00,0.0
2017-05-15 00:00:00+00:00,0.0
2017-05-16 00:00:00+00:00,0.0
2017-05-17 00:00:00+00:00,0.0
2017-05-18 00:00:00+00:00,0.0
2017-05-19 00:00:00+00:00,0.0
2017-05-22 00:00:00+00:00,0.0
2017-05-23 00:00:00+00:00,0.0
2017-05-24 00:00:00+00:00,0.0
2017-05-25 00:00:00+00:00,0.0
2017-05-26 00:00:00+00:00,0.0
2017-05-30 00:00:00+00:00,0.0
2017-05-31 00:00:00+00:00,0.0
2017-06-01 00:00:00+00:00,-0.0023448335464043195
2017-06-02 00:00:00+00:00,-0.00023137282181984187
2017-06-05 00:00:00+00:00,-0.002726646444098202
2017-06-06 00:00:00+00:00,0.00105919333638634
2017-06-07 00:00:00+00:00,-0.004375193129484367
2017-06-08 00:00:00+00:00,0.002016112568306583
2017-06-09 00:00:00+00:00,0.001664807708051478
2017-06-12 00:00:00+00:00,-0.0024899053344994053
2017-06-13 00:00:00+00:00,0.002831169409438135
2017-06-14 00:00:00+00:00,-0.004451243720200911
2017-06-15 00:00:00+00:00,0.0010566471902719123
2017-06-16 00:00:00+00:00,0.0022187368245671912
2017-06-19 00:00:00+00:00,-0.0020789117710799943
2017-06-20 00:00:00+00:00,-0.003690712432008654
2017-06-21 00:00:00+00:00,-0.0052132481618329205
2017-06-22 00:00:00+00:00,-0.0018453276680644446
2017-06-23 00:00:00+00:00,0.00010433616581539962
2017-06-26 00:00:00+00:00,0.0014473729347230417
2017-06-27 00:00:00+00:00,0.004872431922034496
2017-06-28 00:00:00+00:00,0.0027783233362697795
2017-06-29 00:00:00+00:00,0.0017855038702769461
2017-06-30 00:00:00+00:00,0.008270019677850052
2017-07-03 00:00:00+00:00,0.008148564905414204
2017-07-05 00:00:00+00:00,0.0007762769756249158
2017-07-06 00:00:00+00:00,-0.0062586926286509
2017-07-07 00:00:00+00:00,-0.0012042389210019284
2017-07-10 00:00:00+00:00,0.004932880478732008
2017-07-11 00:00:00+00:00,0.0015708451146716853
2017-07-12 00:00:00+00:00,-0.004046062869592285
2017-07-13 00:00:00+00:00,-0.008612440191387552
2017-07-14 00:00:00+00:00,-0.0002522704339051514
2017-07-17 00:00:00+00:00,0.003789792824658929
2017-07-18 00:00:00+00:00,-0.0007411067193675939
2017-07-19 00:00:00+00:00,-0.0002481389578163721
2017-07-20 00:00:00+00:00,0.0009111994698475974
2017-07-21 00:00:00+00:00,-0.002142033283901797
2017-07-24 00:00:00+00:00,-0.003505257886830241
2017-07-25 00:00:00+00:00,-0.005029838022165389
2017-07-26 00:00:00+00:00,0.0013185654008438887
2017-07-27 00:00:00+00:00,0.0006977149834292613
2017-07-28 00:00:00+00:00,0.0004342539517109648
2017-07-31 00:00:00+00:00,-0.0022522522522522475
2017-08-01 00:00:00+00:00,-0.0012361512689028258
2017-08-02 00:00:00+00:00,0.0017770510479373132
2017-08-03 00:00:00+00:00,-0.0019994337534811613
2017-08-04 00:00:00+00:00,0.0009864279328983074
2017-08-07 00:00:00+00:00,-0.0008896467557648797
2017-08-08 00:00:00+00:00,-0.0010773642237436782
2017-08-09 00:00:00+00:00,0.002465429403202342
2017-08-10 00:00:00+00:00,-0.0022177940847832494
2017-08-11 00:00:00+00:00,0.0003371616520767562
2017-08-14 00:00:00+00:00,-0.0029466971032250378
2017-08-15 00:00:00+00:00,-0.0006331671020672706
2017-08-16 00:00:00+00:00,-0.0026256574577065797
2017-08-17 00:00:00+00:00,0.0008045466311461894
2017-08-18 00:00:00+00:00,0.004045505093974129
2017-08-21 00:00:00+00:00,-0.0050604727468016395
2017-08-22 00:00:00+00:00,0.0021215186650319997
2017-08-23 00:00:00+00:00,0.0034774620497989295
2017-08-24 00:00:00+00:00,-0.00034884348130163423
2017-08-25 00:00:00+00:00,0.00013366001041041167
2017-08-28 00:00:00+00:00,0.001325278372387236
2017-08-29 00:00:00+00:00,0.0030883093539340782
2017-08-30 00:00:00+00:00,0.000830576059401696
2017-08-31 00:00:00+00:00,0.008334335171873245
2017-09-01 00:00:00+00:00,0.000371148289305262
2017-09-05 00:00:00+00:00,-0.008593484461537737
2017-09-06 00:00:00+00:00,0.0008761345001355725
2017-09-07 00:00:00+00:00,-0.0008395571401334696
2017-09-08 00:00:00+00:00,-0.003919848290163766
2017-09-11 00:00:00+00:00,0.003765135359621752
2017-09-12 00:00:00+00:00,0.004714289657117454
2017-09-13 00:00:00+00:00,0.0016211848181970634
2017-09-14 00:00:00+00:00,-0.0018381163177102477
2017-09-15 00:00:00+00:00,-0.0027557505401395086
2017-09-18 00:00:00+00:00,0.006896027901973559
2017-09-19 00:00:00+00:00,-0.0008839553443405293
2017-09-20 00:00:00+00:00,-0.0022715613899913127
2017-09-21 00:00:00+00:00,-0.00810128555877071
2017-09-22 00:00:00+00:00,-0.0015823343848245797
2017-09-25 00:00:00+00:00,-5.168686555393886e-05
2017-09-26 00:00:00+00:00,0.0012728082871092392
2017-09-27 00:00:00+00:00,0.0028525765968605192
2017-09-28 00:00:00+00:00,0.003445505430841322
2017-09-29 00:00:00+00:00,-0.0020723134578814655
2017-10-02 00:00:00+00:00,-0.005127124544517701
2017-10-03 00:00:00+00:00,-0.0012002691611770107
2017-10-04 00:00:00+00:00,0.0025906779844804273
2017-10-05 00:00:00+00:00,-0.0009637165314519783
2017-10-06 00:00:00+00:00,-0.003421152879539794
2017-10-09 00:00:00+00:00,-0.0017464182250065221
2017-10-10 00:00:00+00:00,0.003412171365482071
2017-10-11 00:00:00+00:00,-0.000115305744128343
2017-10-12 00:00:00+00:00,0.005769017258787608
2017-10-13 00:00:00+00:00,0.0006133555080951961
2017-10-16 00:00:00+00:00,-0.0029999944898817335
2017-10-17 00:00:00+00:00,0.0009051704835758937
2017-10-18 00:00:00+00:00,-0.006076964074402483
2017-10-19 00:00:00+00:00,0.0011095430026683375
2017-10-20 00:00:00+00:00,0.00243648083764895
2017-10-23 00:00:00+00:00,0.0043453388335641385
2017-10-24 00:00:00+00:00,-0.000947284091353251
2017-10-25 00:00:00+00:00,-0.0030822723145308055
2017-10-26 00:00:00+00:00,-0.0016558071452011194
2017-10-27 00:00:00+00:00,-0.007958477879747775
2017-10-30 00:00:00+00:00,0.012960270069098351
2017-10-31 00:00:00+00:00,-0.0039334777349260275
2017-11-01 00:00:00+00:00,-8.333333333333333e-05
2017-11-02 00:00:00+00:00,0.0
2017-11-03 00:00:00+00:00,0.0
2017-11-06 00:00:00+00:00,0.0
2017-11-07 00:00:00+00:00,0.0
2017-11-08 00:00:00+00:00,0.0
2017-11-09 00:00:00+00:00,0.0
2017-11-10 00:00:00+00:00,0.0
2017-11-13 00:00:00+00:00,0.0
2017-11-14 00:00:00+00:00,0.0
2017-11-15 00:00:00+00:00,0.0
2017-11-16 00:00:00+00:00,0.0
2017-11-17 00:00:00+00:00,0.0
2017-11-20 00:00:00+00:00,0.0
2017-11-21 00:00:00+00:00,0.0
2017-11-22 00:00:00+00:00,0.0
2017-11-24 00:00:00+00:00,0.0
2017-11-27 00:00:00+00:00,0.0
2017-11-28 00:00:00+00:00,0.0
2017-11-29 00:00:00+00:00,0.0
2017-11-30 00:00:00+00:00,0.0
2017-12-01 00:00:00+00:00,0.002733537121241784
2017-12-04 00:00:00+00:00,-0.0018256412612794315
2017-12-05 00:00:00+00:00,0.001791899926472921
2017-12-06 00:00:00+00:00,-0.0011955345469810141
2017-12-07 00:00:00+00:00,-0.0020323929875720737
2017-12-08 00:00:00+00:00,0.00023698195651309745
2017-12-11 00:00:00+00:00,-0.002936533289749336
2017-12-12 00:00:00+00:00,-0.001516509193198956
2017-12-13 00:00:00+00:00,0.0010942318205818442
2017-12-14 00:00:00+00:00,-0.0022047437306035493
2017-12-15 00:00:00+00:00,0.00549009778491416
2017-12-18 00:00:00+00:00,-0.0012305895784793797
2017-12-19 00:00:00+00:00,-0.0007132177698251178
2017-12-20 00:00:00+00:00,0.000490653502302781
2017-12-21 00:00:00+00:00,3.723537559519041e-05
2017-12-22 00:00:00+00:00,0.0004876241917863473
2017-12-26 00:00:00+00:00,0.0020665407032409338
2017-12-27 00:00:00+00:00,-0.0001790725427580815
2017-12-28 00:00:00+00:00,-0.0025251796831806854
2017-12-29 00:00:00+00:00,0.0004655058214980875
2018-01-02 00:00:00+00:00,-0.00016666666666666666
2018-01-03 00:00:00+00:00,0.0
2018-01-04 00:00:00+00:00,0.0
2018-01-05 00:00:00+00:00,0.0
2018-01-08 00:00:00+00:00,0.0
2018-01-09 00:00:00+00:00,0.0
2018-01-10 00:00:00+00:00,0.0
2018-01-11 00:00:00+00:00,0.0
2018-01-12 00:00:00+00:00,0.0
2018-01-16 00:00:00+00:00,0.0
2018-01-17 00:00:00+00:00,0.0
2018-01-18 00:00:00+00:00,0.0
2018-01-19 00:00:00+00:00,0.0
2018-01-22 00:00:00+00:00,0.0
2018-01-23 00:00:00+00:00,0.0
2018-01-24 00:00:00+00:00,0.0
2018-01-25 00:00:00+00:00,0.0
2018-01-26 00:00:00+00:00,0.0
2018-01-29 00:00:00+00:00,0.0
2018-01-30 00:00:00+00:00,0.0
2018-01-31 00:00:00+00:00,0.0
2018-02-01 00:00:00+00:00,0.002445225724846382
2018-02-02 00:00:00+00:00,-0.0050012748466074135
2018-02-05 00:00:00+00:00,-0.008862237957931748
2018-02-06 00:00:00+00:00,0.00022088547264320635
2018-02-07 00:00:00+00:00,-0.008470576287009441
2018-02-08 00:00:00+00:00,-0.0015557392589741945
2018-02-09 00:00:00+00:00,-0.013567744901536468
2018-02-12 00:00:00+00:00,0.004278995318491888
2018-02-13 00:00:00+00:00,0.0010878458806357998
2018-02-14 00:00:00+00:00,0.009413305528144603
2018-02-15 00:00:00+00:00,0.004045810559832811
2018-02-16 00:00:00+00:00,0.0020194773474896954
2018-02-20 00:00:00+00:00,0.0020125169921160757
2018-02-21 00:00:00+00:00,0.0011776681245424525
2018-02-22 00:00:00+00:00,0.004797977856034438
2018-02-23 00:00:00+00:00,0.0039555775393746995
2018-02-26 00:00:00+00:00,0.0030427221905337896
2018-02-27 00:00:00+00:00,-0.0027600651512807257
2018-02-28 00:00:00+00:00,-0.004894702248506151
2018-03-01 00:00:00+00:00,-0.0003333333333333333
2018-03-02 00:00:00+00:00,0.0
2018-03-05 00:00:00+00:00,0.0
2018-03-06 00:00:00+00:00,0.0
2018-03-07 00:00:00+00:00,0.0
2018-03-08 00:00:00+00:00,0.0
2018-03-09 00:00:00+00:00,0.0
2018-03-12 00:00:00+00:00,0.0
2018-03-13 00:00:00+00:00,0.0
2018-03-14 00:00:00+00:00,0.0
2018-03-15 00:00:00+00:00,0.0
2018-03-16 00:00:00+00:00,0.0
2018-03-19 00:00:00+00:00,0.0
2018-03-20 00:00:00+00:00,0.0
2018-03-21 00:00:00+00:00,0.0
2018-03-22 00:00:00+00:00,0.0
2018-03-23 00:00:00+00:00,0.0
2018-03-26 00:00:00+00:00,0.0
2018-03-27 00:00:00+00:00,0.0
2018-03-28 00:00:00+00:00,0.0
2018-03-29 00:00:00+00:00,0.0
2018-04-02 00:00:00+00:00,-0.005602718614758473
2018-04-03 00:00:00+00:00,0.0016480434928480094
2018-04-04 00:00:00+00:00,-0.005131551197516626
2018-04-05 00:00:00+00:00,0.0025591776912537445
2018-04-06 00:00:00+00:00,-0.0011728213295913448
2018-04-09 00:00:00+00:00,0.005439262641980432
2018-04-10 00:00:00+00:00,0.006170565628008218
2018-04-11 00:00:00+00:00,0.0018948896415907355
2018-04-12 00:00:00+00:00,0.0013591159561236097
2018-04-13 00:00:00+00:00,0.0002904049943485514
2018-04-16 00:00:00+00:00,-0.004309382717744503
2018-04-17 00:00:00+00:00,-0.00042285620046605965
2018-04-18 00:00:00+00:00,0.0020774975323318103
2018-04-19 00:00:00+00:00,0.0007386245899952589
2018-04-20 00:00:00+00:00,-0.00029124587208621345
2018-04-23 00:00:00+00:00,0.00010917215066819086
2018-04-24 00:00:00+00:00,-0.0007904676843038896
2018-04-25 00:00:00+00:00,0.0015139705710455567
2018-04-26 00:00:00+00:00,0.0019537753453970166
2018-04-27 00:00:00+00:00,0.0020539850288470904
2018-04-30 00:00:00+00:00,0.00012223449794462882
2018-05-01 00:00:00+00:00,-0.00016666666666666666
2018-05-02 00:00:00+00:00,0.0
2018-05-03 00:00:00+00:00,0.0
2018-05-04 00:00:00+00:00,0.0
2018-05-07 00:00:00+00:00,0.0
2018-05-08 00:00:00+00:00,0.0
2018-05-09 00:00:00+00:00,0.0
2018-05-10 00:00:00+00:00,0.0
2018-05-11 00:00:00+00:00,0.0
2018-05-14 00:00:00+00:00,0.0
2018-05-15 00:00:00+00:00,0.0
2018-05-16 00:00:00+00:00,0.0
2018-05-17 00:00:00+00:00,0.0
2018-05-18 00:00:00+00:00,0.0
2018-05-21 00:00:00+00:00,0.0
2018-05-22 00:00:00+00:00,0.0
2018-05-23 00:00:00+00:00,0.0
2018-05-24 00:00:00+00:00,0.0
2018-05-25 00:00:00+00:00,0.0
2018-05-29 00:00:00+00:00,0.0
2018-05-30 00:00:00+00:00,0.0
2018-05-31 00:00:00+00:00,0.0
2018-06-01 00:00:00+00:00,0.0003666748486336099
2018-06-04 00:00:00+00:00,-0.003182374541003674
2018-06-05 00:00:00+00:00,-8.318775476249632e-05
2018-06-06 00:00:00+00:00,-0.0011652101539741944
2018-06-07 00:00:00+00:00,-0.0033526108456960837
2018-06-08 00:00:00+00:00,-0.000855358823026268
2018-06-11 00:00:00+00:00,-0.0026652910325853374
2018-06-12 00:00:00+00:00,4.368719965049579e-05
2018-06-13 00:00:00+00:00,-0.0031446540880503138
2018-06-14 00:00:00+00:00,-0.0015580484330484274
2018-06-15 00:00:00+00:00,-0.003909409544351575
2018-06-18 00:00:00+00:00,0.0005521811154058549
2018-06-19 00:00:00+00:00,-0.003577325261419924
2018-06-20 00:00:00+00:00,9.373828271467635e-05
2018-06-21 00:00:00+00:00,-0.0016863406408094508
2018-06-22 00:00:00+00:00,0.0026500094643195173
2018-06-25 00:00:00+00:00,-0.0037264766163592382
2018-06-26 00:00:00+00:00,-0.00138174194777968
2018-06-27 00:00:00+00:00,4.804458537521761e-05
2018-06-28 00:00:00+00:00,-0.0012007684918347767
2018-06-29 00:00:00+00:00,-0.0005321722302854363
2018-07-02 00:00:00+00:00,-8.333333333333333e-05
2018-07-03 00:00:00+00:00,0.0
2018-07-05 00:00:00+00:00,0.0
2018-07-06 00:00:00+00:00,0.0
2018-07-09 00:00:00+00:00,0.0
2018-07-10 00:00:00+00:00,0.0
2018-07-11 00:00:00+00:00,0.0
2018-07-12 00:00:00+00:00,0.0
2018-07-13 00:00:00+00:00,0.0
2018-07-16 00:00:00+00:00,0.0
2018-07-17 00:00:00+00:00,0.0
2018-07-18 00:00:00+00:00,0.0
2018-07-19 00:00:00+00:00,0.0
2018-07-20 00:00:00+00:00,0.0
2018-07-23 00:00:00+00:00,0.0
2018-07-24 00:00:00+00:00,0.0
2018-07-25 00:00:00+00:00,0.0
2018-07-26 00:00:00+00:00,0.0
2018-07-27 00:00:00+00:00,0.0
2018-07-30 00:00:00+00:00,0.0
2018-07-31 00:00:00+00:00,0.0
2018-08-01 00:00:00+00:00,-0.0027804674158863245
2018-08-02 00:00:00+00:00,0.0027335420907395047
2018-08-03 00:00:00+00:00,-0.000383086185705613
2018-08-06 00:00:00+00:00,0.0009716920201497576
2018-08-07 00:00:00+00:00,0.0023216267547097784
2018-08-08 00:00:00+00:00,-0.004103087189503621
2018-08-09 00:00:00+00:00,-0.0002993426369580776
2018-08-10 00:00:00+00:00,0.002193904662601979
2018-08-13 00:00:00+00:00,-0.00021029833392612513
2018-08-14 00:00:00+00:00,-0.0006473300318441769
2018-08-15 00:00:00+00:00,-0.0029987032039467953
2018-08-16 00:00:00+00:00,0.00047838069408656647
2018-08-17 00:00:00+00:00,0.00014310725154960863
2018-08-20 00:00:00+00:00,0.00123915462727886
2018-08-21 00:00:00+00:00,0.0007726966481388005
2018-08-22 00:00:00+00:00,0.003508186348212372
2018-08-23 00:00:00+00:00,0.0005457505549044301
2018-08-24 00:00:00+00:00,0.0020532558756084875
2018-08-27 00:00:00+00:00,0.0009611662005548267
2018-08-28 00:00:00+00:00,-0.00026336664670247495
2018-08-29 00:00:00+00:00,0.0023137656306085512
2018-08-30 00:00:00+00:00,0.00046088303736683634
2018-08-31 00:00:00+00:00,-0.0005189083045901339
2018-09-04 00:00:00+00:00,-0.0053654171489626494
2018-09-05 00:00:00+00:00,-0.00035099721830911257
2018-09-06 00:00:00+00:00,-0.0016238690962488977
2018-09-07 00:00:00+00:00,-0.0008178639146119531
2018-09-10 00:00:00+00:00,0.001380587776568206
2018-09-11 00:00:00+00:00,0.004076013656597284
2018-09-12 00:00:00+00:00,-0.0017189830459154452
2018-09-13 00:00:00+00:00,0.0005495654401215798
2018-09-14 00:00:00+00:00,-0.0027050112250563787
2018-09-17 00:00:00+00:00,0.0024252183060159416
2018-09-18 00:00:00+00:00,0.008970792492014507
2018-09-19 00:00:00+00:00,-0.004696624631815083
2018-09-20 00:00:00+00:00,-0.0001689657491624379
2018-09-21 00:00:00+00:00,0.000644061858411223
2018-09-24 00:00:00+00:00,0.0046445450757487405
2018-09-25 00:00:00+00:00,0.0014725240954533607
2018-09-26 00:00:00+00:00,-0.004136250571330454
2018-09-27 00:00:00+00:00,0.0009505405856828537
2018-09-28 00:00:00+00:00,-0.0007659545052955961
2018-10-01 00:00:00+00:00,0.004681749059786901
2018-10-02 00:00:00+00:00,0.0038784629353518043
2018-10-03 00:00:00+00:00,0.0033691372886921847
2018-10-04 00:00:00+00:00,-0.003353976100961146
2018-10-05 00:00:00+00:00,-0.0011585084071489282
2018-10-08 00:00:00+00:00,0.006575462770124588
2018-10-09 00:00:00+00:00,-5.101150561224547e-05
2018-10-10 00:00:00+00:00,0.0009185490553034932
2018-10-11 00:00:00+00:00,-0.0031465711404805767
2018-10-12 00:00:00+00:00,-0.003155383431772888
2018-10-15 00:00:00+00:00,0.004270805088224046
2018-10-16 00:00:00+00:00,-0.0001542268602470568
2018-10-17 00:00:00+00:00,0.004167945311092805
2018-10-18 00:00:00+00:00,-0.006124497061861985
2018-10-19 00:00:00+00:00,0.002710029524739384
2018-10-22 00:00:00+00:00,-0.005743589156713247
2018-10-23 00:00:00+00:00,0.003930310254647962
2018-10-24 00:00:00+00:00,-0.002386882801181859
2018-10-25 00:00:00+00:00,0.001895136587142095
2018-10-26 00:00:00+00:00,-0.0008848615689218686
2018-10-29 00:00:00+00:00,0.0
2018-10-30 00:00:00+00:00,0.00010466214003224117
2018-10-31 00:00:00+00:00,0.0038698818587452237
2018-11-01 00:00:00+00:00,-8.333333333333333e-05
2018-11-02 00:00:00+00:00,0.0
2018-11-05 00:00:00+00:00,0.0
2018-11-06 00:00:00+00:00,0.0
2018-11-07 00:00:00+00:00,0.0
2018-11-08 00:00:00+00:00,0.0
2018-11-09 00:00:00+00:00,0.0
2018-11-12 00:00:00+00:00,0.0
2018-11-13 00:00:00+00:00,0.0
2018-11-14 00:00:00+00:00,0.0
2018-11-15 00:00:00+00:00,0.0
2018-11-16 00:00:00+00:00,0.0
2018-11-19 00:00:00+00:00,0.0
2018-11-20 00:00:00+00:00,0.0
2018-11-21 00:00:00+00:00,0.0
2018-11-23 00:00:00+00:00,0.0
2018-11-26 00:00:00+00:00,0.0
2018-11-27 00:00:00+00:00,0.0
2018-11-28 00:00:00+00:00,0.0
2018-11-29 00:00:00+00:00,0.0
2018-11-30 00:00:00+00:00,0.0
2018-12-03 00:00:00+00:00,0.004042395569323898
2018-12-04 00:00:00+00:00,0.0024508587577867225
2018-12-06 00:00:00+00:00,-0.0014133009644185512
2018-12-07 00:00:00+00:00,0.0022246261583721188
2018-12-10 00:00:00+00:00,-0.0011612033811218743
2018-12-11 00:00:00+00:00,0.001295804029052864
2018-12-12 00:00:00+00:00,0.001466302367941726
2018-12-13 00:00:00+00:00,-0.002687298377389365
2018-12-14 00:00:00+00:00,-0.0006395980172950733
2018-12-17 00:00:00+00:00,0.0007866000370164716
2018-12-18 00:00:00+00:00,0.0005526388505111927
2018-12-19 00:00:00+00:00,0.0007889678638522413
2018-12-20 00:00:00+00:00,-0.004041512042494366
2018-12-21 00:00:00+00:00,-0.00018867605641503804
2018-12-24 00:00:00+00:00,-0.0004715338390151961
2018-12-26 00:00:00+00:00,-0.004624957451289842
2018-12-27 00:00:00+00:00,0.0003665894224131513
2018-12-28 00:00:00+00:00,0.003082168629903181
2018-12-31 00:00:00+00:00,-0.0002691273022420263
2019-01-02 00:00:00+00:00,-0.00016666666666666666
2019-01-03 00:00:00+00:00,0.0
2019-01-04 00:00:00+00:00,0.0
2019-01-07 00:00:00+00:00,0.0
2019-01-08 00:00:00+00:00,0.0
2019-01-09 00:00:00+00:00,0.0
2019-01-10 00:00:00+00:00,0.0
2019-01-11 00:00:00+00:00,0.0
2019-01-14 00:00:00+00:00,0.0
2019-01-15 00:00:00+00:00,0.0
2019-01-16 00:00:00+00:00,0.0
2019-01-17 00:00:00+00:00,0.0
2019-01-18 00:00:00+00:00,0.0
2019-01-22 00:00:00+00:00,0.0
2019-01-23 00:00:00+00:00,0.0
2019-01-24 00:00:00+00:00,0.0
2019-01-25 00:00:00+00:00,0.0
2019-01-28 00:00:00+00:00,0.0
2019-01-29 00:00:00+00:00,0.0
2019-01-30 00:00:00+00:00,0.0
2019-01-31 00:00:00+00:00,0.0
2019-02-01 00:00:00+00:00,0.008458577192269648
2019-02-04 00:00:00+00:00,-0.001996223506203931
2019-02-05 00:00:00+00:00,-0.0026375785626482347
2019-02-06 00:00:00+00:00,0.0023216196676939154
2019-02-07 00:00:00+00:00,-0.008319388692639096
2019-02-08 00:00:00+00:00,0.00018696638258638054
2019-02-11 00:00:00+00:00,-0.004802845536127827
2019-02-12 00:00:00+00:00,0.008276670952299853
2019-02-13 00:00:00+00:00,0.005311120235884647
2019-02-14 00:00:00+00:00,0.00027236726649846645
2019-02-15 00:00:00+00:00,0.008469183299757987
2019-02-19 00:00:00+00:00,-0.004084438754207904
2019-02-20 00:00:00+00:00,0.005221174574726188
2019-02-21 00:00:00+00:00,0.005308541307346407
2019-02-22 00:00:00+00:00,0.00020403063601663143
2019-02-25 00:00:00+00:00,-0.011652343005859468
2019-02-26 00:00:00+00:00,-0.0012968480012201338
2019-02-27 00:00:00+00:00,0.005067005963754773
2019-02-28 00:00:00+00:00,-0.0009324177357227977
2019-03-01 00:00:00+00:00,-0.004386088644264717
2019-03-04 00:00:00+00:00,0.0023596204490108352
2019-03-05 00:00:00+00:00,-8.835123760377502e-05
2019-03-06 00:00:00+00:00,-0.0010018863281842278
2019-03-07 00:00:00+00:00,0.0013043952838708295
2019-03-08 00:00:00+00:00,-0.0017354987474314334
2019-03-11 00:00:00+00:00,0.002140185555620714
2019-03-12 00:00:00+00:00,0.0002347772937364434
2019-03-13 00:00:00+00:00,0.004073616481316988
2019-03-14 00:00:00+00:00,0.0010012653018134365
2019-03-15 00:00:00+00:00,-0.00025592945359339164
2019-03-18 00:00:00+00:00,0.0016233757415284877
2019-03-19 00:00:00+00:00,-0.00016923724582860547
2019-03-20 00:00:00+00:00,0.002258747157663832
2019-03-21 00:00:00+00:00,0.0004178441879521729
2019-03-22 00:00:00+00:00,-0.0026119779756668864
2019-03-25 00:00:00+00:00,-0.0006210513134925117
2019-03-26 00:00:00+00:00,0.0031735207347151073
2019-03-27 00:00:00+00:00,-0.0014736925576680306
2019-03-28 00:00:00+00:00,-0.0003085917371769183
2019-03-29 00:00:00+00:00,0.00236087735636629
2019-04-01 00:00:00+00:00,0.007213694816356456
2019-04-02 00:00:00+00:00,0.005260229701156915
2019-04-03 00:00:00+00:00,-0.0007253036574478658
2019-04-04 00:00:00+00:00,0.0010247129417542502
2019-04-05 00:00:00+00:00,0.0036518120868475053
2019-04-08 00:00:00+00:00,0.004640869477081015
2019-04-09 00:00:00+00:00,-0.0020754176088930154
2019-04-10 00:00:00+00:00,0.005724036711205398
2019-04-11 00:00:00+00:00,-0.0055328609302876895
2019-04-12 00:00:00+00:00,0.0010948021115506634
2019-04-15 00:00:00+00:00,-0.0014073660290990588
2019-04-16 00:00:00+00:00,0.001429595444655226
2019-04-17 00:00:00+00:00,-0.0034843872081189256
2019-04-18 00:00:00+00:00,0.001048693922565976
2019-04-22 00:00:00+00:00,0.00642848152666825
2019-04-23 00:00:00+00:00,-0.00021954771928633932
2019-04-24 00:00:00+00:00,-0.003854509321990514
2019-04-25 00:00:00+00:00,-0.0009881965140493736
2019-04-26 00:00:00+00:00,-0.00967408167364664
2019-04-29 00:00:00+00:00,-0.00039287391562988394
2019-04-30 00:00:00+00:00,0.001980118893113632
2019-05-01 00:00:00+00:00,-0.00025
2019-05-02 00:00:00+00:00,0.0
2019-05-03 00:00:00+00:00,0.0
2019-05-06 00:00:00+00:00,0.0
2019-05-07 00:00:00+00:00,0.0
2019-05-08 00:00:00+00:00,0.0
2019-05-09 00:00:00+00:00,0.0
2019-05-10 00:00:00+00:00,0.0
2019-05-13 00:00:00+00:00,0.0
2019-05-14 00:00:00+00:00,0.0
2019-05-15 00:00:00+00:00,0.0
2019-05-16 00:00:00+00:00,0.0
2019-05-17 00:00:00+00:00,0.0
2019-05-20 00:00:00+00:00,0.0
2019-05-21 00:00:00+00:00,0.0
2019-05-22 00:00:00+00:00,0.0
2019-05-23 00:00:00+00:00,0.0
2019-05-24 00:00:00+00:00,0.0
2019-05-28 00:00:00+00:00,0.0
2019-05-29 00:00:00+00:00,0.0
2019-05-30 00:00:00+00:00,0.0
2019-05-31 00:00:00+00:00,0.0
2019-06-03 00:00:00+00:00,0.000154015949871846
2019-06-04 00:00:00+00:00,0.0005214258627227834
2019-06-05 00:00:00+00:00,-0.0022682166146866982
2019-06-06 00:00:00+00:00,-0.00019162594615311038
2019-06-07 00:00:00+00:00,-0.0023980815347721856
2019-06-10 00:00:00+00:00,0.0004379562043795489
2019-06-11 00:00:00+00:00,0.00014560279557366643
2019-06-12 00:00:00+00:00,0.003636892638929301
2019-06-13 00:00:00+00:00,0.0018982536066818692
2019-06-14 00:00:00+00:00,0.0016422672672672758
2019-06-17 00:00:00+00:00,0.0029737013288727945
2019-06-18 00:00:00+00:00,0.0001369487811558508
2019-06-19 00:00:00+00:00,-0.0018700966976828992
2019-06-20 00:00:00+00:00,0.0022603561214133983
2019-06-21 00:00:00+00:00,-0.0023211359912616025
2019-06-24 00:00:00+00:00,0.0011538816578971673
2019-06-25 00:00:00+00:00,-0.0010084341767510052
2019-06-26 00:00:00+00:00,-0.0017063272458955892
2019-06-27 00:00:00+00:00,-0.001211443481502187
2019-06-28 00:00:00+00:00,0.002252886510842026
2019-07-01 00:00:00+00:00,-0.004585858585858582
2019-07-02 00:00:00+00:00,-0.0034046692607003952
2019-07-03 00:00:00+00:00,0.004799735187024182
2019-07-05 00:00:00+00:00,0.00040218790218789674
2019-07-08 00:00:00+00:00,-0.0008024394158241039
2019-07-09 00:00:00+00:00,-0.002257700370907926
2019-07-10 00:00:00+00:00,0.0006539153179663248
2019-07-11 00:00:00+00:00,0.007979156489171135
2019-07-12 00:00:00+00:00,0.0
2019-07-15 00:00:00+00:00,-0.008857808857808864
2019-07-16 00:00:00+00:00,-8.206138191367099e-05
2019-07-17 00:00:00+00:00,-0.0006568144499179047
2019-07-18 00:00:00+00:00,-0.003956478733926812
2019-07-19 00:00:00+00:00,0.0030395136778115597
2019-07-22 00:00:00+00:00,-0.005058043117744604
2019-07-23 00:00:00+00:00,0.0
2019-07-24 00:00:00+00:00,0.003591585428424822
2019-07-25 00:00:00+00:00,0.0005859701992298645
2019-07-26 00:00:00+00:00,-0.0011678345011678266
2019-07-29 00:00:00+00:00,0.0025201612903225827
2019-07-30 00:00:00+00:00,-0.0020688513737173175
2019-07-31 00:00:00+00:00,-0.003351768057650417
2019-08-01 00:00:00+00:00,-0.005674857396431578
2019-08-02 00:00:00+00:00,0.002715588117898774
2019-08-05 00:00:00+00:00,-0.004814305350053412
2019-08-06 00:00:00+00:00,-0.000563192900020141
2019-08-07 00:00:00+00:00,-0.006665892219814247
2019-08-08 00:00:00+00:00,-0.0009664682539409775
2019-08-09 00:00:00+00:00,0.0012597637759118223
2019-08-12 00:00:00+00:00,0.002133868386254604
2019-08-13 00:00:00+00:00,0.004567771849124639
2019-08-14 00:00:00+00:00,-0.0008805585679371912
2019-08-15 00:00:00+00:00,-0.0024024108803324578
2019-08-16 00:00:00+00:00,-0.0016035197351923491
2019-08-19 00:00:00+00:00,0.004412712589240771
2019-08-20 00:00:00+00:00,0.0015859935658354418
2019-08-21 00:00:00+00:00,-0.0006554690082304729
2019-08-22 00:00:00+00:00,-0.0005641925364811562
2019-08-23 00:00:00+00:00,0.00015622408230867935
2019-08-26 00:00:00+00:00,-0.004204997888985854
2019-08-27 00:00:00+00:00,0.0036492777717038365
2019-08-28 00:00:00+00:00,0.0019413839946387235
2019-08-29 00:00:00+00:00,0.0004864781388084215
2019-08-30 00:00:00+00:00,-0.003346985122302914
2019-09-03 00:00:00+00:00,0.005255148821155075
2019-09-04 00:00:00+00:00,0.004981729072593569
2019-09-05 00:00:00+00:00,0.0017821054890645818
2019-09-06 00:00:00+00:00,0.005106876552606628
2019-09-09 00:00:00+00:00,0.005942840866204483
2019-09-10 00:00:00+00:00,-0.0031330309241394683
2019-09-11 00:00:00+00:00,-0.0007904477586243575
2019-09-12 00:00:00+00:00,-0.004222870034761664
2019-09-13 00:00:00+00:00,0.0022597023508101888
2019-09-16 00:00:00+00:00,0.0013991124449239663
2019-09-17 00:00:00+00:00,0.00034925053361419445
2019-09-18 00:00:00+00:00,-0.00100412449925689
2019-09-19 00:00:00+00:00,-0.007054108238110849
2019-09-20 00:00:00+00:00,0.0016503409637214268
2019-09-23 00:00:00+00:00,-0.002301241453321945
2019-09-24 00:00:00+00:00,-0.0019096973921561102
2019-09-25 00:00:00+00:00,0.0008652976653205265
2019-09-26 00:00:00+00:00,-0.004788829747510455
2019-09-27 00:00:00+00:00,-0.000615740262450019
2019-09-30 00:00:00+00:00,-0.009471607415311315
2019-10-01 00:00:00+00:00,-0.0034452741684136974
2019-10-02 00:00:00+00:00,-0.002628121877043828
2019-10-03 00:00:00+00:00,0.006082184982331521
2019-10-04 00:00:00+00:00,0.00164591397917709
2019-10-07 00:00:00+00:00,-0.0034722239820910343
2019-10-08 00:00:00+00:00,-0.0010855309494511856
2019-10-09 00:00:00+00:00,-0.003933576392449197
2019-10-10 00:00:00+00:00,-0.001193675966663384
2019-10-11 00:00:00+00:00,-0.00030056722411612535
2019-10-14 00:00:00+00:00,0.0049683818984659345
2019-10-15 00:00:00+00:00,0.0043128666666039095
2019-10-16 00:00:00+00:00,-0.00256519976891371
2019-10-17 00:00:00+00:00,0.0010855482036545479
2019-10-18 00:00:00+00:00,0.00014379170075033235
2019-10-21 00:00:00+00:00,-0.005890806000406608
2019-10-22 00:00:00+00:00,0.0025320345237501707
2019-10-23 00:00:00+00:00,0.0007335673515149003
2019-10-24 00:00:00+00:00,0.002483195948374835
2019-10-25 00:00:00+00:00,-0.0011514128188213624
2019-10-28 00:00:00+00:00,0.01057972100671937
2019-10-29 00:00:00+00:00,0.010288891956034291
2019-10-30 00:00:00+00:00,0.00603260847778068
2019-10-31 00:00:00+00:00,-0.003592226437936034
2019-11-01 00:00:00+00:00,-8.333333333333333e-05
2019-11-04 00:00:00+00:00,0.0
2019-11-05 00:00:00+00:00,0.0
2019-11-06 00:00:00+00:00,0.0
2019-11-07 00:00:00+00:00,0.0
2019-11-08 00:00:00+00:00,0.0
2019-11-11 00:00:00+00:00,0.0
2019-11-12 00:00:00+00:00,0.0
2019-11-13 00:00:00+00:00,0.0
2019-11-14 00:00:00+00:00,0.0
2019-11-15 00:00:00+00:00,0.0
2019-11-18 00:00:00+00:00,0.0
2019-11-19 00:00:00+00:00,0.0
2019-11-20 00:00:00+00:00,0.0
2019-11-21 00:00:00+00:00,0.0
2019-11-22 00:00:00+00:00,0.0
2019-11-25 00:00:00+00:00,0.0
2019-11-26 00:00:00+00:00,0.0
2019-11-27 00:00:00+00:00,0.0
2019-11-29 00:00:00+00:00,0.0
2019-12-02 00:00:00+00:00,0.0009267676767676831
2019-12-03 00:00:00+00:00,-0.0006693440428380271
2019-12-04 00:00:00+00:00,-0.0014560931899641656
2019-12-05 00:00:00+00:00,-0.0014689265536723117
2019-12-06 00:00:00+00:00,0.00045599635202919764
2019-12-09 00:00:00+00:00,-0.0003410641200545794
2019-12-10 00:00:00+00:00,-0.0011392116655274582
2019-12-11 00:00:00+00:00,-0.0025235145675613726
2019-12-12 00:00:00+00:00,0.004309340787328216
2019-12-13 00:00:00+00:00,-0.0003405994550408723
2019-12-16 00:00:00+00:00,0.00989761092150169
2019-12-17 00:00:00+00:00,0.0008591065292096189
2019-12-18 00:00:00+00:00,-0.0012820512820512775
2019-12-19 00:00:00+00:00,-0.00021533161068045442
2019-12-20 00:00:00+00:00,0.0005390254420008695
2019-12-23 00:00:00+00:00,0.00042983021706425684
2019-12-24 00:00:00+00:00,-0.0005359056806002089
2019-12-26 00:00:00+00:00,0.0004301075268817363
2019-12-27 00:00:00+00:00,0.0006435006435006422
2019-12-30 00:00:00+00:00,-0.0007478632478632452
2019-12-31 00:00:00+00:00,-0.00021463833440652871
2020-01-02 00:00:00+00:00,-8.333333333333333e-05
2020-01-03 00:00:00+00:00,0.0
2020-01-06 00:00:00+00:00,0.0
2020-01-07 00:00:00+00:00,0.0
2020-01-08 00:00:00+00:00,0.0
2020-01-09 00:00:00+00:00,0.0
2020-01-10 00:00:00+00:00,0.0
2020-01-13 00:00:00+00:00,0.0
2020-01-14 00:00:00+00:00,0.0
2020-01-15 00:00:00+00:00,0.0
2020-01-16 00:00:00+00:00,0.0
2020-01-17 00:00:00+00:00,0.0
2020-01-21 00:00:00+00:00,0.0
2020-01-22 00:00:00+00:00,0.0
2020-01-23 00:00:00+00:00,0.0
2020-01-24 00:00:00+00:00,0.0
2020-01-27 00:00:00+00:00,0.0
2020-01-28 00:00:00+00:00,0.0
2020-01-29 00:00:00+00:00,0.0
2020-01-30 00:00:00+00:00,0.0
2020-01-31 00:00:00+00:00,0.0
2020-02-03 00:00:00+00:00,-0.01003468544839653
2020-02-04 00:00:00+00:00,0.0009859960527552705
2020-02-05 00:00:00+00:00,0.009741975351941044
2020-02-06 00:00:00+00:00,0.0022154599305071834
2020-02-07 00:00:00+00:00,-0.0022156250995495523
2020-02-10 00:00:00+00:00,-0.00594327666137695
2020-02-11 00:00:00+00:00,0.0019328081978686187
2020-02-12 00:00:00+00:00,0.012011603382364363
2020-02-13 00:00:00+00:00,0.0004689163283442266
2020-02-14 00:00:00+00:00,0.0025639809976381414
2020-02-18 00:00:00+00:00,-0.0004954653015875983
2020-02-19 00:00:00+00:00,0.007244818091138472
2020-02-20 00:00:00+00:00,-0.0010778043567068831
2020-02-21 00:00:00+00:00,-0.0034001231835385504
2020-02-24 00:00:00+00:00,-0.01848295228539326
2020-02-25 00:00:00+00:00,-0.008558862423398594
2020-02-26 00:00:00+00:00,-0.011765931664685461
2020-02-27 00:00:00+00:00,-0.00844879199263058
2020-02-28 00:00:00+00:00,-0.007692608984259627
2020-03-02 00:00:00+00:00,0.007159896310285915
2020-03-03 00:00:00+00:00,0.0015329779150651626
2020-03-04 00:00:00+00:00,-0.0014130335003941044
2020-03-05 00:00:00+00:00,-0.0031352332776867033
2020-03-06 00:00:00+00:00,-0.016775608543924292
2020-03-09 00:00:00+00:00,-0.04098029682929155
2020-03-10 00:00:00+00:00,0.01729308029051583
2020-03-11 00:00:00+00:00,-0.006693835097020169
2020-03-12 00:00:00+00:00,-0.007479278162415504
2020-03-13 00:00:00+00:00,0.0012169287949012064
2020-03-16 00:00:00+00:00,-0.01591553116404132
2020-03-17 00:00:00+00:00,-0.010162601355861223
2020-03-18 00:00:00+00:00,-0.04069263906883076
2020-03-19 00:00:00+00:00,0.039682525562949524
2020-03-20 00:00:00+00:00,-0.018437741766718658
2020-03-23 00:00:00+00:00,0.006910390046979353
2020-03-24 00:00:00+00:00,0.004637554234781996
2020-03-25 00:00:00+00:00,0.0033319418135540806
2020-03-26 00:00:00+00:00,-0.012862388779857365
2020-03-27 00:00:00+00:00,-0.008038349072194473
2020-03-30 00:00:00+00:00,-0.011002634907671819
2020-03-31 00:00:00+00:00,0.0032354354296192747
2020-04-01 00:00:00+00:00,-0.01906471584240989
2020-04-02 00:00:00+00:00,0.05156675694941829
2020-04-03 00:00:00+00:00,0.03165082135581313
2020-04-06 00:00:00+00:00,-0.016923456157396006
2020-04-07 00:00:00+00:00,-0.018703826977256605
2020-04-08 00:00:00+00:00,0.007523836206871322
2020-04-09 00:00:00+00:00,-0.02000497588537823
2020-04-13 00:00:00+00:00,-0.0005783820992820894
2020-04-14 00:00:00+00:00,-0.026965558884749625
2020-04-15 00:00:00+00:00,-0.008339013848598512
2020-04-16 00:00:00+00:00,0.00488844103086324
2020-04-17 00:00:00+00:00,-0.01250585506417018
2020-04-20 00:00:00+00:00,-0.013139581854667052
2020-04-21 00:00:00+00:00,-0.10469993803304131
2020-04-22 00:00:00+00:00,0.0645360438170606
2020-04-23 00:00:00+00:00,0.03457147663587863
2020-04-24 00:00:00+00:00,-0.016868522855664963
2020-04-27 00:00:00+00:00,-0.05093480932305781
2020-04-28 00:00:00+00:00,-0.0007711490510831636
2020-04-29 00:00:00+00:00,0.05472759691942437
2020-04-30 00:00:00+00:00,0.054514977621318066
2020-05-01 00:00:00+00:00,-0.002928897278590525
2020-05-04 00:00:00+00:00,0.0008788750399488787
2020-05-05 00:00:00+00:00,0.00039739310125574967
2020-05-06 00:00:00+00:00,-0.00023786869647955214
2020-05-07 00:00:00+00:00,0.0013498491345084924
2020-05-08 00:00:00+00:00,0.00015752993068681348
2020-05-11 00:00:00+00:00,-0.0014951211835064573
2020-05-12 00:00:00+00:00,-0.0009528346831824686
2020-05-13 00:00:00+00:00,-0.003593675131768096
2020-05-14 00:00:00+00:00,0.0
2020-05-15 00:00:00+00:00,-0.0033463924257264113
2020-05-18 00:00:00+00:00,-0.0010827919373646577
2020-05-19 00:00:00+00:00,0.0005868544600939144
2020-05-20 00:00:00+00:00,0.005012531328320802
2020-05-21 00:00:00+00:00,0.0007299270072992728
2020-05-22 00:00:00+00:00,-0.002341731266149875
2020-05-26 00:00:00+00:00,-0.0006552006552006568
2020-05-27 00:00:00+00:00,-0.0007400098667982302
2020-05-28 00:00:00+00:00,0.0033036009250082543
2020-05-29 00:00:00+00:00,0.002024619371558141
2020-06-01 00:00:00+00:00,0.01049110366942002
2020-06-02 00:00:00+00:00,0.018646048940853567
2020-06-03 00:00:00+00:00,-0.0006517499495515095
2020-06-04 00:00:00+00:00,0.004015818246854337
2020-06-05 00:00:00+00:00,0.021404383476792667
2020-06-08 00:00:00+00:00,-0.010551506444520964
2020-06-09 00:00:00+00:00,0.00794849193354415
2020-06-10 00:00:00+00:00,0.005900632631205068
2020-06-11 00:00:00+00:00,-0.025701532120489978
2020-06-12 00:00:00+00:00,0.002696168685009548
2020-06-15 00:00:00+00:00,0.008909594439732807
2020-06-16 00:00:00+00:00,0.011899376442668197
2020-06-17 00:00:00+00:00,-0.0010350655889085718
2020-06-18 00:00:00+00:00,0.006539156288235944
2020-06-19 00:00:00+00:00,0.006352953496608138
2020-06-22 00:00:00+00:00,0.00391998755187097
2020-06-23 00:00:00+00:00,-0.0027421002837971957
2020-06-24 00:00:00+00:00,-0.01778465016812697
2020-06-25 00:00:00+00:00,0.003521282943467448
2020-06-26 00:00:00+00:00,-0.004588435091524364
2020-06-29 00:00:00+00:00,0.009796717294862126
2020-06-30 00:00:00+00:00,0.003425163268066041
2020-07-01 00:00:00+00:00,-0.00025
2020-07-02 00:00:00+00:00,0.0
2020-07-06 00:00:00+00:00,0.0
2020-07-07 00:00:00+00:00,0.0
2020-07-08 00:00:00+00:00,0.0
2020-07-09 00:00:00+00:00,0.0
2020-07-10 00:00:00+00:00,0.0
2020-07-13 00:00:00+00:00,0.0
2020-07-14 00:00:00+00:00,0.0
2020-07-15 00:00:00+00:00,0.0
2020-07-16 00:00:00+00:00,0.0
2020-07-17 00:00:00+00:00,0.0
2020-07-20 00:00:00+00:00,0.0
2020-07-21 00:00:00+00:00,0.0
2020-07-22 00:00:00+00:00,0.0
2020-07-23 00:00:00+00:00,0.0
2020-07-24 00:00:00+00:00,0.0
2020-07-27 00:00:00+00:00,0.0
2020-07-28 00:00:00+00:00,0.0
2020-07-29 00:00:00+00:00,0.0
2020-07-30 00:00:00+00:00,0.0
2020-07-31 00:00:00+00:00,0.0
2020-08-03 00:00:00+00:00,0.0030924485766499754
2020-08-04 00:00:00+00:00,0.004903823291170302
2020-08-05 00:00:00+00:00,0.0009525251621126754
2020-08-06 00:00:00+00:00,-0.0015055467539117535
2020-08-07 00:00:00+00:00,-0.002013373317356071
2020-08-10 00:00:00+00:00,0.0011256152033723614
2020-08-11 00:00:00+00:00,-8.310571116868876e-05
2020-08-12 00:00:00+00:00,0.0001573321739641127
2020-08-13 00:00:00+00:00,-0.005667018261950188
2020-08-14 00:00:00+00:00,0.0005004350283088026
2020-08-17 00:00:00+00:00,-0.001336779482178141
2020-08-18 00:00:00+00:00,0.002956317313179746
2020-08-19 00:00:00+00:00,-0.0013343671925545864
2020-08-20 00:00:00+00:00,0.0011622850341430437
2020-08-21 00:00:00+00:00,-0.004758389736510492
2020-08-24 00:00:00+00:00,0.005648609428098213
2020-08-25 00:00:00+00:00,-0.0009234337103803205
2020-08-26 00:00:00+00:00,-0.0030856738656216405
2020-08-27 00:00:00+00:00,-0.0077699542082643545
2020-08-28 00:00:00+00:00,-0.001599051794415514
2020-08-31 00:00:00+00:00,-0.0028859905761764817
2020-09-01 00:00:00+00:00,-0.006777259794047447
2020-09-02 00:00:00+00:00,-0.0027041214996953444
2020-09-03 00:00:00+00:00,6.703724163329797e-05
2020-09-04 00:00:00+00:00,0.006768534448241362
2020-09-08 00:00:00+00:00,-0.012107158646648481
2020-09-09 00:00:00+00:00,0.00041665300726945187
2020-09-10 00:00:00+00:00,-0.005749511511095891
2020-09-11 00:00:00+00:00,-0.0038742934339200397
2020-09-14 00:00:00+00:00,0.0030115975032142988
2020-09-15 00:00:00+00:00,0.0037518071475070762
2020-09-16 00:00:00+00:00,-0.0067033607867988025
2020-09-17 00:00:00+00:00,-0.016541678327302058
2020-09-18 00:00:00+00:00,0.000489719376358333
2020-09-21 00:00:00+00:00,-0.017333988363513037
2020-09-22 00:00:00+00:00,-9.083076378309703e-05
2020-09-23 00:00:00+00:00,0.026444930020441716
2020-09-24 00:00:00+00:00,0.009647051493326822
2020-09-25 00:00:00+00:00,-0.008081255345990652
2020-09-28 00:00:00+00:00,-0.0029608749787477886
2020-09-29 00:00:00+00:00,0.03649056185116002
2020-09-30 00:00:00+00:00,-0.0022126875482605204
2020-10-01 00:00:00+00:00,0.0
2020-10-02 00:00:00+00:00,-0.0058699372375107615
2020-10-05 00:00:00+00:00,0.012100085343682157
2020-10-06 00:00:00+00:00,-0.00605481378354176
2020-10-07 00:00:00+00:00,0.005687828460227824
2020-10-08 00:00:00+00:00,0.001343063909964748
2020-10-09 00:00:00+00:00,0.007232574517299195
2020-10-12 00:00:00+00:00,0.008512714831511873
2020-10-13 00:00:00+00:00,-0.0015041086723067327
2020-10-14 00:00:00+00:00,-0.012784594257232735
2020-10-15 00:00:00+00:00,0.008788580027076867
2020-10-16 00:00:00+00:00,-0.00012012572920999665
2020-10-19 00:00:00+00:00,0.001322278781792548
2020-10-20 00:00:00+00:00,0.007036376105938028
2020-10-21 00:00:00+00:00,0.006293620040189851
2020-10-22 00:00:00+00:00,-0.0008821277105982757
2020-10-23 00:00:00+00:00,-0.001995344957144392
2020-10-26 00:00:00+00:00,0.0029731837809774024
2020-10-27 00:00:00+00:00,-0.000275566365686856
2020-10-28 00:00:00+00:00,-0.0012697361985470519
2020-10-29 00:00:00+00:00,0.01696707062274916
2020-10-30 00:00:00+00:00,0.0026759553366878146
2020-11-02 00:00:00+00:00,-8.333333333333333e-05
2020-11-03 00:00:00+00:00,0.0
2020-11-04 00:00:00+00:00,0.0
2020-11-05 00:00:00+00:00,0.0
2020-11-06 00:00:00+00:00,0.0
2020-11-09 00:00:00+00:00,0.0
2020-11-10 00:00:00+00:00,0.0
2020-11-11 00:00:00+00:00,0.0
2020-11-12 00:00:00+00:00,0.0
2020-11-13 00:00:00+00:00,0.0
2020-11-16 00:00:00+00:00,0.0
2020-11-17 00:00:00+00:00,0.0
2020-11-18 00:00:00+00:00,0.0
2020-11-19 00:00:00+00:00,0.0
2020-11-20 00:00:00+00:00,0.0
2020-11-23 00:00:00+00:00,0.0
2020-11-24 00:00:00+00:00,0.0
2020-11-25 00:00:00+00:00,0.0
2020-11-27 00:00:00+00:00,0.0
2020-11-30 00:00:00+00:00,0.0
2020-12-01 00:00:00+00:00,-0.003079089916475171
2020-12-02 00:00:00+00:00,0.0004169783413339734
2020-12-03 00:00:00+00:00,0.003596597993129206
2020-12-04 00:00:00+00:00,-0.0029186087689108313
2020-12-07 00:00:00+00:00,0.00035431671859416825
2020-12-08 00:00:00+00:00,-0.00282751437827435
2020-12-09 00:00:00+00:00,0.0038530816193651876
2020-12-10 00:00:00+00:00,-0.0015183723437113272
2020-12-11 00:00:00+00:00,0.0027068662549138605
2020-12-14 00:00:00+00:00,-0.0006717043221384777
2020-12-15 00:00:00+00:00,0.004288481954847026
2020-12-16 00:00:00+00:00,0.000910601172797639
2020-12-17 00:00:00+00:00,0.004511902430122819
2020-12-18 00:00:00+00:00,0.004528239089419942
2020-12-21 00:00:00+00:00,0.004128610460577701
2020-12-22 00:00:00+00:00,0.0018619865455276792
2020-12-23 00:00:00+00:00,0.0029459587492332755
2020-12-24 00:00:00+00:00,0.0020263595487447863
2020-12-28 00:00:00+00:00,0.0009442733920809741
2020-12-29 00:00:00+00:00,0.008812640069793765
2020-12-30 00:00:00+00:00,0.004101423492456827
2020-12-31 00:00:00+00:00,0.0048069640512409615
2021-01-04 00:00:00+00:00,-0.003006994534934165
2021-01-05 00:00:00+00:00,-0.007813496634196726
2021-01-06 00:00:00+00:00,-0.0008635688309550638
2021-01-07 00:00:00+00:00,-0.0007977424558575825
2021-01-08 00:00:00+00:00,0.0017711031449934391
2021-01-11 00:00:00+00:00,-0.0029012302781111403
2021-01-12 00:00:00+00:00,-0.0003640360397704582
2021-01-13 00:00:00+00:00,0.0015740418143864545
2021-01-14 00:00:00+00:00,0.0037281572400401823
2021-01-15 00:00:00+00:00,-0.004438616037027554
2021-01-19 00:00:00+00:00,0.011630738371686173
2021-01-20 00:00:00+00:00,0.00045823314165579127
2021-01-21 00:00:00+00:00,0.003150853132842616
2021-01-22 00:00:00+00:00,0.0030108282491917993
2021-01-25 00:00:00+00:00,-0.010629592026773566
2021-01-26 00:00:00+00:00,-0.0034588714359117994
2021-01-27 00:00:00+00:00,-0.006526110411085639
2021-01-28 00:00:00+00:00,0.005797098820210992
2021-01-29 00:00:00+00:00,0.006256265125275051
2021-02-01 00:00:00+00:00,0.004084705265413527
2021-02-02 00:00:00+00:00,0.0005876059466956016
2021-02-03 00:00:00+00:00,0.007622860005294366
2021-02-04 00:00:00+00:00,0.001164156614677762
2021-02-05 00:00:00+00:00,0.0006849026097557517
2021-02-08 00:00:00+00:00,0.010478172072509893
2021-02-09 00:00:00+00:00,0.0005853516741531712
2021-02-10 00:00:00+00:00,-0.01128041389333408
2021-02-11 00:00:00+00:00,0.002438847256375165
2021-02-12 00:00:00+00:00,0.003375201427143167
2021-02-16 00:00:00+00:00,0.007350631757740496
2021-02-17 00:00:00+00:00,0.003131245286848975
2021-02-18 00:00:00+00:00,-0.003572819200520253
2021-02-19 00:00:00+00:00,-0.005523969530958499
2021-02-22 00:00:00+00:00,0.009650168516784758
2021-02-23 00:00:00+00:00,0.003999611302737294
2021-02-24 00:00:00+00:00,0.007948428877617115
2021-02-25 00:00:00+00:00,-0.002601682397343226
2021-02-26 00:00:00+00:00,-0.005189142843450807
2021-03-01 00:00:00+00:00,-0.00025
2021-03-02 00:00:00+00:00,0.0
2021-03-03 00:00:00+00:00,0.0
2021-03-04 00:00:00+00:00,0.0
2021-03-05 00:00:00+00:00,0.0
2021-03-08 00:00:00+00:00,0.0
2021-03-09 00:00:00+00:00,0.0
2021-03-10 00:00:00+00:00,0.0
2021-03-11 00:00:00+00:00,0.0
2021-03-12 00:00:00+00:00,0.0
2021-03-15 00:00:00+00:00,0.0
2021-03-16 00:00:00+00:00,0.0
2021-03-17 00:00:00+00:00,0.0
2021-03-18 00:00:00+00:00,0.0
2021-03-19 00:00:00+00:00,0.0
2021-03-22 00:00:00+00:00,0.0
2021-03-23 00:00:00+00:00,0.0
2021-03-24 00:00:00+00:00,0.0
2021-03-25 00:00:00+00:00,0.0
2021-03-26 00:00:00+00:00,0.0
2021-03-29 00:00:00+00:00,0.0
2021-03-30 00:00:00+00:00,0.0
2021-03-31 00:00:00+00:00,0.0
2021-04-01 00:00:00+00:00,-0.002216677996679924
2021-04-05 00:00:00+00:00,-0.006805935383347543
2021-04-06 00:00:00+00:00,-0.00294275341383247
2021-04-07 00:00:00+00:00,0.0031683547590415917
2021-04-08 00:00:00+00:00,0.0009012845679740403
2021-04-09 00:00:00+00:00,-0.0011782820302271846
2021-04-12 00:00:00+00:00,-0.00018533222763080382
2021-04-13 00:00:00+00:00,0.0046790435118157685
2021-04-14 00:00:00+00:00,0.002395285166744476
2021-04-15 00:00:00+00:00,0.0035216479814831705
2021-04-16 00:00:00+00:00,0.0031422237549822243
2021-04-19 00:00:00+00:00,0.006209761229511149
2021-04-20 00:00:00+00:00,0.0012240894507848006
2021-04-21 00:00:00+00:00,0.000719814055050986
2021-04-22 00:00:00+00:00,0.007536331576805184
2021-04-23 00:00:00+00:00,-0.00044537710500003314
2021-04-26 00:00:00+00:00,0.006829098536695333
2021-04-27 00:00:00+00:00,0.002913353900363828
2021-04-28 00:00:00+00:00,0.003876947826075098
2021-04-29 00:00:00+00:00,-0.002429344145114272
2021-04-30 00:00:00+00:00,0.0042244973076713075
2021-05-03 00:00:00+00:00,-0.0040659371492704766
2021-05-04 00:00:00+00:00,0.002641856191132552
2021-05-05 00:00:00+00:00,0.004240162822252369
2021-05-06 00:00:00+00:00,0.001874517587385586
2021-05-07 00:00:00+00:00,0.0020172282193872126
2021-05-10 00:00:00+00:00,-0.006679594914889027
2021-05-11 00:00:00+00:00,0.003872053872053878
2021-05-12 00:00:00+00:00,-0.001096852034660515
2021-05-13 00:00:00+00:00,-0.006238268742409181
2021-05-14 00:00:00+00:00,0.00017205781142463442
2021-05-17 00:00:00+00:00,-0.006302280279592065
2021-05-18 00:00:00+00:00,-0.0004168155293557222
2021-05-19 00:00:00+00:00,-0.004477077363896853
2021-05-20 00:00:00+00:00,-0.0009814746656851927
2021-05-21 00:00:00+00:00,-0.00024682216463038176
2021-05-24 00:00:00+00:00,-0.002966258806080831
2021-05-25 00:00:00+00:00,-0.0014470869510507058
2021-05-26 00:00:00+00:00,-0.002030972328002034
2021-05-27 00:00:00+00:00,0.007131842713955283
2021-05-28 00:00:00+00:00,-0.003142329020332716
2021-06-01 00:00:00+00:00,0.0073461323782812995
2021-06-02 00:00:00+00:00,0.007102937694762408
2021-06-03 00:00:00+00:00,-0.0018888949460295623
2021-06-04 00:00:00+00:00,0.007116679807591378
2021-06-07 00:00:00+00:00,-0.003744728428638081
2021-06-08 00:00:00+00:00,0.00561211963116422
2021-06-09 00:00:00+00:00,-0.00248949192866064
2021-06-10 00:00:00+00:00,-9.926983327437e-05
2021-06-11 00:00:00+00:00,-0.004127045421177644
2021-06-14 00:00:00+00:00,-0.00479077887202021
2021-06-15 00:00:00+00:00,0.002235154090739562
2021-06-16 00:00:00+00:00,-0.0025943574954213435
2021-06-17 00:00:00+00:00,-0.01912772054984287
2021-06-18 00:00:00+00:00,0.011840102653992674
2021-06-21 00:00:00+00:00,0.009643155884564325
2021-06-22 00:00:00+00:00,-0.001875778240641927
2021-06-23 00:00:00+00:00,-0.00043892136234406154
2021-06-24 00:00:00+00:00,-0.0009290597933468795
2021-06-25 00:00:00+00:00,-0.004340759312866427
2021-06-28 00:00:00+00:00,-0.0015620439302333295
2021-06-29 00:00:00+00:00,0.0007888978646418316
2021-06-30 00:00:00+00:00,0.012715213089694661
2021-07-01 00:00:00+00:00,-0.0035599404318689496
2021-07-02 00:00:00+00:00,-0.0032270311313591553
2021-07-06 00:00:00+00:00,-0.0066460188411407994
2021-07-07 00:00:00+00:00,-0.0014112903225806384
2021-07-08 00:00:00+00:00,-0.0006777822963264235
2021-07-09 00:00:00+00:00,-0.0010208248264597837
2021-07-12 00:00:00+00:00,0.007258285401259945
2021-07-13 00:00:00+00:00,-0.0016404199475065586
2021-07-14 00:00:00+00:00,0.004307488402915838
2021-07-15 00:00:00+00:00,0.006976744186046509
2021-07-16 00:00:00+00:00,0.0050843253968253874
2021-07-19 00:00:00+00:00,0.001263537906137202
2021-07-20 00:00:00+00:00,0.0006568732831720991
2021-07-21 00:00:00+00:00,0.002438734237449447
2021-07-22 00:00:00+00:00,-0.004338140461953336
2021-07-23 00:00:00+00:00,-0.0019862766341639526
2021-07-26 00:00:00+00:00,-0.001705653021442488
2021-07-27 00:00:00+00:00,-0.0006154603643525417
2021-07-28 00:00:00+00:00,0.0035211267605633756
2021-07-29 00:00:00+00:00,0.003992740471869334
2021-07-30 00:00:00+00:00,-0.0003544842254519601
2021-08-02 00:00:00+00:00,-0.004986167805173043
2021-08-03 00:00:00+00:00,-0.0007335183855138686
2021-08-04 00:00:00+00:00,-0.004099258253307332
2021-08-05 00:00:00+00:00,0.002563355091907045
2021-08-06 00:00:00+00:00,-0.0017014777423910998
2021-08-09 00:00:00+00:00,-0.0033901111518165696
2021-08-10 00:00:00+00:00,0.0031095445112627367
2021-08-11 00:00:00+00:00,0.0020510813898451845
2021-08-12 00:00:00+00:00,-0.00015037497506801648
2021-08-13 00:00:00+00:00,-0.0020596688241703203
2021-08-16 00:00:00+00:00,-0.0023741843504207494
2021-08-17 00:00:00+00:00,-0.0009927026432766661
2021-08-18 00:00:00+00:00,-0.0012196494731902725
2021-08-19 00:00:00+00:00,-0.004304370445138853
2021-08-20 00:00:00+00:00,-0.0051464327815499145
2021-08-23 00:00:00+00:00,0.008463472117633503
2021-08-24 00:00:00+00:00,0.005128597518263667
2021-08-25 00:00:00+00:00,0.004144889304787106
2021-08-26 00:00:00+00:00,-0.0027539172235901037
2021-08-27 00:00:00+00:00,0.002080134981784794
2021-08-30 00:00:00+00:00,0.0024574905732422563
2021-08-31 00:00:00+00:00,-0.0007241970254062516
2021-09-01 00:00:00+00:00,0.008895854236493658
2021-09-02 00:00:00+00:00,0.0009389680093051522
2021-09-03 00:00:00+00:00,0.002549741518836172
2021-09-07 00:00:00+00:00,-0.005093380612264867
2021-09-08 00:00:00+00:00,0.01262405891291285
2021-09-09 00:00:00+00:00,0.003968257433841771
2021-09-10 00:00:00+00:00,-0.003080896197295642
2021-09-13 00:00:00+00:00,0.009889284879804634
2021-09-14 00:00:00+00:00,0.0009239878475650146
2021-09-15 00:00:00+00:00,0.006337129295387026
2021-09-16 00:00:00+00:00,-0.0038156287889704412
2021-09-17 00:00:00+00:00,-0.007185255152418375
2021-09-20 00:00:00+00:00,-0.003917723967049758
2021-09-21 00:00:00+00:00,-0.0060180642044397135
2021-09-22 00:00:00+00:00,0.0
2021-09-23 00:00:00+00:00,0.00593132188427925
2021-09-24 00:00:00+00:00,0.005493034561367923
2021-09-27 00:00:00+00:00,0.018352788568202993
2021-09-28 00:00:00+00:00,0.003943224453841357
2021-09-29 00:00:00+00:00,-0.010386344764172698
2021-09-30 00:00:00+00:00,0.01186780626998903
2021-10-01 00:00:00+00:00,-0.005653465332153948
2021-10-04 00:00:00+00:00,0.004129361351050927
2021-10-05 00:00:00+00:00,0.014780476846927718
2021-10-06 00:00:00+00:00,-0.018447711251402082
2021-10-07 00:00:00+00:00,0.0006067209928794318
2021-10-08 00:00:00+00:00,-0.004380505817360288
2021-10-11 00:00:00+00:00,-0.005803384413814819
2021-10-12 00:00:00+00:00,0.001705794616278511
2021-10-13 00:00:00+00:00,-0.0006961182738892311
2021-10-14 00:00:00+00:00,0.004356187358108499
2021-10-15 00:00:00+00:00,-0.005215170996889266
2021-10-18 00:00:00+00:00,-0.01075075733129216
2021-10-19 00:00:00+00:00,0.0025251699184639835
2021-10-20 00:00:00+00:00,0.0055149214810048895
2021-10-21 00:00:00+00:00,-0.003936558143705082
2021-10-22 00:00:00+00:00,0.007176890952135065
2021-10-25 00:00:00+00:00,0.019507560894044335
2021-10-26 00:00:00+00:00,0.001251716524966473
2021-10-27 00:00:00+00:00,0.013283713617129322
2021-10-28 00:00:00+00:00,-0.009641700706514303
2021-10-29 00:00:00+00:00,-0.008632824485295693
2021-11-01 00:00:00+00:00,-0.00016666666666666666
2021-11-02 00:00:00+00:00,0.0
2021-11-03 00:00:00+00:00,0.0
2021-11-04 00:00:00+00:00,0.0
2021-11-05 00:00:00+00:00,0.0
2021-11-08 00:00:00+00:00,0.0
2021-11-09 00:00:00+00:00,0.0
2021-11-10 00:00:00+00:00,0.0
2021-11-11 00:00:00+00:00,0.0
2021-11-12 00:00:00+00:00,0.0
2021-11-15 00:00:00+00:00,0.0
2021-11-16 00:00:00+00:00,0.0
2021-11-17 00:00:00+00:00,0.0
2021-11-18 00:00:00+00:00,0.0
2021-11-19 00:00:00+00:00,0.0
2021-11-22 00:00:00+00:00,0.0
2021-11-23 00:00:00+00:00,0.0
2021-11-24 00:00:00+00:00,0.0
2021-11-26 00:00:00+00:00,0.0
2021-11-29 00:00:00+00:00,0.0
2021-11-30 00:00:00+00:00,0.0
2021-12-01 00:00:00+00:00,0.0037490065185898647
2021-12-02 00:00:00+00:00,0.009622420855771325
2021-12-03 00:00:00+00:00,0.003200640694498435
2021-12-06 00:00:00+00:00,-0.0009428271001572138
2021-12-07 00:00:00+00:00,-0.00023032151346678398
2021-12-08 00:00:00+00:00,-0.0006616231413058375
2021-12-09 00:00:00+00:00,-0.002207381241982091
2021-12-10 00:00:00+00:00,0.002259866138869674
2021-12-13 00:00:00+00:00,-0.0035800040678038805
2021-12-14 00:00:00+00:00,0.0033603315598226264
2021-12-15 00:00:00+00:00,-0.006711556805190773
2021-12-16 00:00:00+00:00,0.0067087889763713555
2021-12-17 00:00:00+00:00,0.0025810806488842557
2021-12-20 00:00:00+00:00,0.0008670217985564296
2021-12-21 00:00:00+00:00,0.008629631994385711
2021-12-22 00:00:00+00:00,0.006956905782662429
2021-12-23 00:00:00+00:00,0.0014602457668059232
2021-12-27 00:00:00+00:00,0.004093546844338436
2021-12-28 00:00:00+00:00,-0.0073582681084270645
2021-12-29 00:00:00+00:00,0.0007735641900862844
2021-12-30 00:00:00+00:00,-0.00783987814928368
2021-12-31 00:00:00+00:00,-0.0025671835128472744
2022-01-03 00:00:00+00:00,-0.0041313689773155495
2022-01-04 00:00:00+00:00,0.004281347668028845
2022-01-05 00:00:00+00:00,-0.0073984378761704495
2022-01-06 00:00:00+00:00,0.00300532087382314
2022-01-07 00:00:00+00:00,-0.004547037956691905
2022-01-10 00:00:00+00:00,-0.0069373557803985575
2022-01-11 00:00:00+00:00,-0.006946150055280283
2022-01-12 00:00:00+00:00,-0.023848740537558217
2022-01-13 00:00:00+00:00,0.02014274615340385
2022-01-14 00:00:00+00:00,0.00031225203118299494
2022-01-18 00:00:00+00:00,-0.0008212071028372847
2022-01-19 00:00:00+00:00,0.009806204976667305
2022-01-20 00:00:00+00:00,0.009468290901806953
2022-01-21 00:00:00+00:00,-0.008635806782876787
2022-01-24 00:00:00+00:00,-0.0011669532975830583
2022-01-25 00:00:00+00:00,-0.0010760708222980289
2022-01-26 00:00:00+00:00,-0.009211282942167257
2022-01-27 00:00:00+00:00,-0.07746862828802004
2022-01-28 00:00:00+00:00,0.04325618414931348
2022-01-31 00:00:00+00:00,-0.00844291645492179
2022-02-01 00:00:00+00:00,0.005169320630955052
2022-02-02 00:00:00+00:00,0.00040748245795979576
2022-02-03 00:00:00+00:00,0.0063978284857569845
2022-02-04 00:00:00+00:00,0.007867750555541711
2022-02-07 00:00:00+00:00,0.0040632194968935696
2022-02-08 00:00:00+00:00,-0.009373282383422906
2022-02-09 00:00:00+00:00,0.009044869194315722
2022-02-10 00:00:00+00:00,-0.0028863004705244793
2022-02-11 00:00:00+00:00,0.014233800364372863
2022-02-14 00:00:00+00:00,0.006986549984191903
2022-02-15 00:00:00+00:00,-0.018177171693055178
2022-02-16 00:00:00+00:00,0.009007495702093174
2022-02-17 00:00:00+00:00,-0.006294436131796477
2022-02-18 00:00:00+00:00,0.0005498816072036319
2022-02-22 00:00:00+00:00,0.01328609508110967
2022-02-23 00:00:00+00:00,0.006464257679974919
2022-02-24 00:00:00+00:00,0.006671946042761832
2022-02-25 00:00:00+00:00,-0.020578256735627888
2022-02-28 00:00:00+00:00,0.03236459332695155
2022-03-01 00:00:00+00:00,-0.0003333333333333333
2022-03-02 00:00:00+00:00,0.0
2022-03-03 00:00:00+00:00,0.0
2022-03-04 00:00:00+00:00,0.0
2022-03-07 00:00:00+00:00,0.0
2022-03-08 00:00:00+00:00,0.0
2022-03-09 00:00:00+00:00,0.0
2022-03-10 00:00:00+00:00,0.0
2022-03-11 00:00:00+00:00,0.0
2022-03-14 00:00:00+00:00,0.0
2022-03-15 00:00:00+00:00,0.0
2022-03-16 00:00:00+00:00,0.0
2022-03-17 00:00:00+00:00,0.0
2022-03-18 00:00:00+00:00,0.0
2022-03-21 00:00:00+00:00,0.0
2022-03-22 00:00:00+00:00,0.0
2022-03-23 00:00:00+00:00,0.0
2022-03-24 00:00:00+00:00,0.0
2022-03-25 00:00:00+00:00,0.0
2022-03-28 00:00:00+00:00,0.0
2022-03-29 00:00:00+00:00,0.0
2022-03-30 00:00:00+00:00,0.0
2022-03-31 00:00:00+00:00,0.0
2022-04-01 00:00:00+00:00,-0.0032807143917760275
2022-04-04 00:00:00+00:00,0.008552775104554303
2022-04-05 00:00:00+00:00,0.010197528285305013
2022-04-06 00:00:00+00:00,-0.010624457887399517
2022-04-07 00:00:00+00:00,0.011451908311247927
2022-04-08 00:00:00+00:00,0.006153295975052579
2022-04-11 00:00:00+00:00,-0.000374281076900111
2022-04-12 00:00:00+00:00,0.013592162836825369
2022-04-13 00:00:00+00:00,0.014530011597127005
2022-04-14 00:00:00+00:00,0.012155439390851544
2022-04-18 00:00:00+00:00,0.017055577111137216
2022-04-19 00:00:00+00:00,-0.022257615463927682
2022-04-20 00:00:00+00:00,-0.0023049731008942627
2022-04-21 00:00:00+00:00,0.0023105815124673614
2022-04-22 00:00:00+00:00,-0.0159701676071551
2022-04-25 00:00:00+00:00,-0.0035345478442818097
2022-04-26 00:00:00+00:00,0.010039319241827402
2022-04-27 00:00:00+00:00,0.012747329746409944
2022-04-28 00:00:00+00:00,-0.005166501053748828
2022-04-29 00:00:00+00:00,0.007725073172366999
2022-05-02 00:00:00+00:00,-0.00025
2022-05-03 00:00:00+00:00,0.0
2022-05-04 00:00:00+00:00,0.0
2022-05-05 00:00:00+00:00,0.0
2022-05-06 00:00:00+00:00,0.0
2022-05-09 00:00:00+00:00,0.0
2022-05-10 00:00:00+00:00,0.0
2022-05-11 00:00:00+00:00,0.0
2022-05-12 00:00:00+00:00,0.0
2022-05-13 00:00:00+00:00,0.0
2022-05-16 00:00:00+00:00,0.0
2022-05-17 00:00:00+00:00,0.0
2022-05-18 00:00:00+00:00,0.0
2022-05-19 00:00:00+00:00,0.0
2022-05-20 00:00:00+00:00,0.0
2022-05-23 00:00:00+00:00,0.0
2022-05-24 00:00:00+00:00,0.0
2022-05-25 00:00:00+00:00,0.0
2022-05-26 00:00:00+00:00,0.0
2022-05-27 00:00:00+00:00,0.0
2022-05-31 00:00:00+00:00,0.0
2022-06-01 00:00:00+00:00,0.0034354667672554145
2022-06-02 00:00:00+00:00,0.00879232981961316
2022-06-03 00:00:00+00:00,0.0026636679580750444
2022-06-06 00:00:00+00:00,0.002735721056874233
2022-06-07 00:00:00+00:00,0.0026143896744562816
2022-06-08 00:00:00+00:00,0.004658634299020489
2022-06-09 00:00:00+00:00,0.005412469854253921
2022-06-10 00:00:00+00:00,-0.004766557246622005
2022-06-13 00:00:00+00:00,-0.006448637931509978
2022-06-14 00:00:00+00:00,0.0006685418429140202
2022-06-15 00:00:00+00:00,0.00026425001964576884
2022-06-16 00:00:00+00:00,0.005735978987753908
2022-06-17 00:00:00+00:00,-0.020552906790012388
2022-06-21 00:00:00+00:00,0.0003160677379799486
2022-06-22 00:00:00+00:00,-0.007752075919398101
2022-06-23 00:00:00+00:00,-0.011537452079678304
2022-06-24 00:00:00+00:00,0.008145849277903738
2022-06-27 00:00:00+00:00,-5.815723525592897e-06
2022-06-28 00:00:00+00:00,0.005516469091564465
2022-06-29 00:00:00+00:00,-0.008358198882089626
2022-06-30 00:00:00+00:00,-0.011746806766146181
2022-07-01 00:00:00+00:00,-0.007527577937649872
2022-07-05 00:00:00+00:00,-0.007518796992481203
2022-07-06 00:00:00+00:00,-0.00031496062992125706
2022-07-07 00:00:00+00:00,0.006784474597664883
2022-07-08 00:00:00+00:00,0.01106731352334748
2022-07-11 00:00:00+00:00,-0.0067292199791489
2022-07-12 00:00:00+00:00,-0.008345679012345675
2022-07-13 00:00:00+00:00,-0.0006758161779995923
2022-07-14 00:00:00+00:00,-0.0008351602463722758
2022-07-15 00:00:00+00:00,-0.0036722274682614575
2022-07-18 00:00:00+00:00,0.007724493080141633
2022-07-19 00:00:00+00:00,-0.0001025325540859138
2022-07-20 00:00:00+00:00,0.0014876372217092295
2022-07-21 00:00:00+00:00,-0.0026947325605043795
2022-07-22 00:00:00+00:00,-0.009767441860465112
2022-07-25 00:00:00+00:00,0.0024154589371980784
2022-07-26 00:00:00+00:00,0.0073051948051947955
2022-07-27 00:00:00+00:00,-0.00279937791601866
2022-07-28 00:00:00+00:00,0.005641674575556273
2022-07-29 00:00:00+00:00,-0.0018869849041207587
2022-08-01 00:00:00+00:00,-0.004390183224303299
2022-08-02 00:00:00+00:00,-0.000274043269449594
2022-08-03 00:00:00+00:00,0.0028908893996657525
2022-08-04 00:00:00+00:00,-0.009884996252925899
2022-08-05 00:00:00+00:00,-0.006032172196239286
2022-08-08 00:00:00+00:00,-0.002397457535409301
2022-08-09 00:00:00+00:00,0.0005204727728062393
2022-08-10 00:00:00+00:00,0.004267396618611419
2022-08-11 00:00:00+00:00,0.0015539654787061208
2022-08-12 00:00:00+00:00,0.005541070784902032
2022-08-15 00:00:00+00:00,0.013826070962957626
2022-08-16 00:00:00+00:00,0.006367378375691105
2022-08-17 00:00:00+00:00,0.004163758833997
2022-08-18 00:00:00+00:00,-0.0007995705094585581
2022-08-19 00:00:00+00:00,0.003072086075574132
2022-08-22 00:00:00+00:00,-0.0008726646958496414
2022-08-23 00:00:00+00:00,-0.001438829536531812
2022-08-24 00:00:00+00:00,0.008069469447744967
2022-08-25 00:00:00+00:00,-0.001781053219845341
2022-08-26 00:00:00+00:00,-0.003194000217369227
2022-08-29 00:00:00+00:00,0.0032566235049603653
2022-08-30 00:00:00+00:00,-0.0015938180662981023
2022-08-31 00:00:00+00:00,-0.0038346864389524056
2022-09-01 00:00:00+00:00,0.0022152173227048084
2022-09-02 00:00:00+00:00,-0.008565461524513557
2022-09-06 00:00:00+00:00,-0.012159491912094514
2022-09-07 00:00:00+00:00,-0.00620013163710061
2022-09-08 00:00:00+00:00,0.001551473989471493
2022-09-09 00:00:00+00:00,0.001705619111753894
2022-09-12 00:00:00+00:00,0.005273465659424695
2022-09-13 00:00:00+00:00,0.0007071726431917187
2022-09-14 00:00:00+00:00,0.016698854900140482
2022-09-15 00:00:00+00:00,-0.014446637665090595
2022-09-16 00:00:00+00:00,-0.011212565983761486
2022-09-19 00:00:00+00:00,-0.00025760097925631165
2022-09-20 00:00:00+00:00,-0.0007524907135059525
2022-09-21 00:00:00+00:00,0.0013390306630329065
2022-09-22 00:00:00+00:00,-0.014783382560738412
2022-09-23 00:00:00+00:00,-0.006136270938922975
2022-09-26 00:00:00+00:00,0.0018306924553533146
2022-09-27 00:00:00+00:00,-0.00608430777675852
2022-09-28 00:00:00+00:00,0.005437778952604333
2022-09-29 00:00:00+00:00,0.0001456038132161182
2022-09-30 00:00:00+00:00,-0.002618569424259254
2022-10-03 00:00:00+00:00,-0.006575184408766226
2022-10-04 00:00:00+00:00,0.010004755726041535
2022-10-05 00:00:00+00:00,0.0025110961314647553
2022-10-06 00:00:00+00:00,-0.0010610419980895218
2022-10-07 00:00:00+00:00,-0.003442587872542054
2022-10-10 00:00:00+00:00,-0.004071707659953294
2022-10-11 00:00:00+00:00,0.002916777895753101
2022-10-12 00:00:00+00:00,-0.004068128335893076
2022-10-13 00:00:00+00:00,0.009067790165103616
2022-10-14 00:00:00+00:00,-0.009031511803432016
2022-10-17 00:00:00+00:00,-0.0132360210733235
2022-10-18 00:00:00+00:00,-0.007666344198161589
2022-10-19 00:00:00+00:00,-0.008883067514216395
2022-10-20 00:00:00+00:00,-0.0017604936039247916
2022-10-21 00:00:00+00:00,-0.01235042218638745
2022-10-24 00:00:00+00:00,0.007396301344347693
2022-10-25 00:00:00+00:00,0.014433437653627255
2022-10-26 00:00:00+00:00,-0.0005114321902408014
2022-10-27 00:00:00+00:00,-0.013155723620857096
2022-10-28 00:00:00+00:00,0.01563819831168787
2022-10-31 00:00:00+00:00,0.022307012572401197
2022-11-01 00:00:00+00:00,-0.00016666666666666666
2022-11-02 00:00:00+00:00,0.0
2022-11-03 00:00:00+00:00,0.0
2022-11-04 00:00:00+00:00,0.0
2022-11-07 00:00:00+00:00,0.0
2022-11-08 00:00:00+00:00,0.0
2022-11-09 00:00:00+00:00,0.0
2022-11-10 00:00:00+00:00,0.0
2022-11-11 00:00:00+00:00,0.0
2022-11-14 00:00:00+00:00,0.0
2022-11-15 00:00:00+00:00,0.0
2022-11-16 00:00:00+00:00,0.0
2022-11-17 00:00:00+00:00,0.0
2022-11-18 00:00:00+00:00,0.0
2022-11-21 00:00:00+00:00,0.0
2022-11-22 00:00:00+00:00,0.0
2022-11-23 00:00:00+00:00,0.0
2022-11-25 00:00:00+00:00,0.0
2022-11-28 00:00:00+00:00,0.0
2022-11-29 00:00:00+00:00,0.0
2022-11-30 00:00:00+00:00,0.0
2022-12-01 00:00:00+00:00,-0.010533858799963575
2022-12-02 00:00:00+00:00,-0.007548841852326885
2022-12-05 00:00:00+00:00,-0.006644237009970262
2022-12-06 00:00:00+00:00,-0.0011912188447449341
2022-12-07 00:00:00+00:00,0.0076259686063390175
2022-12-08 00:00:00+00:00,0.0021113748487229427
2022-12-09 00:00:00+00:00,-0.0022015524930687294
2022-12-12 00:00:00+00:00,0.0038302633685621994
2022-12-13 00:00:00+00:00,0.0018801605169730578
2022-12-14 00:00:00+00:00,-0.0010625454249624982
2022-12-15 00:00:00+00:00,0.009435001323651826
2022-12-16 00:00:00+00:00,-0.0002176624438015028
2022-12-19 00:00:00+00:00,-0.004741328306659853
2022-12-20 00:00:00+00:00,0.003693673943177174
2022-12-21 00:00:00+00:00,0.006732739786659262
2022-12-22 00:00:00+00:00,-0.003125492427721273
2022-12-23 00:00:00+00:00,0.005734836730113064
2022-12-27 00:00:00+00:00,0.00217040245654639
2022-12-28 00:00:00+00:00,0.007069869598869866
2022-12-29 00:00:00+00:00,-0.0029844982548100822
2022-12-30 00:00:00+00:00,0.004790591181224621
2023-01-03 00:00:00+00:00,-0.00025
2023-01-04 00:00:00+00:00,0.0
2023-01-05 00:00:00+00:00,0.0
2023-01-06 00:00:00+00:00,0.0
2023-01-09 00:00:00+00:00,0.0
2023-01-10 00:00:00+00:00,0.0
2023-01-11 00:00:00+00:00,0.0
2023-01-12 00:00:00+00:00,0.0
2023-01-13 00:00:00+00:00,0.0
2023-01-17 00:00:00+00:00,0.0
2023-01-18 00:00:00+00:00,0.0
2023-01-19 00:00:00+00:00,0.0
2023-01-20 00:00:00+00:00,0.0
2023-01-23 00:00:00+00:00,0.0
2023-01-24 00:00:00+00:00,0.0
2023-01-25 00:00:00+00:00,0.0
2023-01-26 00:00:00+00:00,0.0
2023-01-27 00:00:00+00:00,0.0
2023-01-30 00:00:00+00:00,0.0
2023-01-31 00:00:00+00:00,0.0
2023-02-01 00:00:00+00:00,-0.019257408689264434
2023-02-02 00:00:00+00:00,-0.0041007792611317435
2023-02-03 00:00:00+00:00,-0.012143179756460305
2023-02-06 00:00:00+00:00,0.0004382493697168699
2023-02-07 00:00:00+00:00,0.013098252354201366
2023-02-08 00:00:00+00:00,0.0038443270004787275
2023-02-09 00:00:00+00:00,-0.007316760293413326
2023-02-10 00:00:00+00:00,0.011430107873140952
2023-02-13 00:00:00+00:00,0.004398472953535386
2023-02-14 00:00:00+00:00,-0.0015092094761865646
2023-02-15 00:00:00+00:00,-0.009155249452630557
2023-02-16 00:00:00+00:00,-0.0021605274615993744
2023-02-17 00:00:00+00:00,-0.00990442349745831
2023-02-21 00:00:00+00:00,0.00753350167842252
2023-02-22 00:00:00+00:00,-0.012026319906408326
2023-02-23 00:00:00+00:00,-0.0011343368661115292
2023-02-24 00:00:00+00:00,0.004320264047333433
2023-02-27 00:00:00+00:00,-0.003021724134805004
2023-02-28 00:00:00+00:00,-0.003399912475863187
2023-03-01 00:00:00+00:00,-0.0003333333333333333
2023-03-02 00:00:00+00:00,0.0
2023-03-03 00:00:00+00:00,0.0
2023-03-06 00:00:00+00:00,0.0
2023-03-07 00:00:00+00:00,0.0
2023-03-08 00:00:00+00:00,0.0
2023-03-09 00:00:00+00:00,0.0
2023-03-10 00:00:00+00:00,0.0
2023-03-13 00:00:00+00:00,0.0
2023-03-14 00:00:00+00:00,0.0
2023-03-15 00:00:00+00:00,0.0
2023-03-16 00:00:00+00:00,0.0
2023-03-17 00:00:00+00:00,0.0
2023-03-20 00:00:00+00:00,0.0
2023-03-21 00:00:00+00:00,0.0
2023-03-22 00:00:00+00:00,0.0
2023-03-23 00:00:00+00:00,0.0
2023-03-24 00:00:00+00:00,0.0
2023-03-27 00:00:00+00:00,0.0
2023-03-28 00:00:00+00:00,0.0
2023-03-29 00:00:00+00:00,0.0
2023-03-30 00:00:00+00:00,0.0
2023-03-31 00:00:00+00:00,0.0
2023-04-03 00:00:00+00:00,0.003088655482681122
2023-04-04 00:00:00+00:00,0.0008235532251027465
2023-04-05 00:00:00+00:00,0.0029574205373209725
2023-04-06 00:00:00+00:00,-0.012991412891146727
2023-04-10 00:00:00+00:00,0.01077436564733436
2023-04-11 00:00:00+00:00,0.005936256855354889
2023-04-12 00:00:00+00:00,-0.0027748455174710918
2023-04-13 00:00:00+00:00,-0.009410247165749619
2023-04-14 00:00:00+00:00,0.009560326223274646
2023-04-17 00:00:00+00:00,0.011112576114215159
2023-04-18 00:00:00+00:00,0.0069757089098736085
2023-04-19 00:00:00+00:00,-0.015046415319408719
2023-04-20 00:00:00+00:00,-0.002907647831000522
2023-04-21 00:00:00+00:00,-0.0014931622520491514
2023-04-24 00:00:00+00:00,0.002840068737886318
2023-04-25 00:00:00+00:00,-0.0033581668670240035
2023-04-26 00:00:00+00:00,-0.02078325839437924
2023-04-27 00:00:00+00:00,0.01869546594343713
2023-04-28 00:00:00+00:00,0.010439997101810167
2023-05-01 00:00:00+00:00,-0.00025
2023-05-02 00:00:00+00:00,0.0
2023-05-03 00:00:00+00:00,0.0
2023-05-04 00:00:00+00:00,0.0
2023-05-05 00:00:00+00:00,0.0
2023-05-08 00:00:00+00:00,0.0
2023-05-09 00:00:00+00:00,0.0
2023-05-10 00:00:00+00:00,0.0
2023-05-11 00:00:00+00:00,0.0
2023-05-12 00:00:00+00:00,0.0
2023-05-15 00:00:00+00:00,0.0
2023-05-16 00:00:00+00:00,0.0
2023-05-17 00:00:00+00:00,0.0
2023-05-18 00:00:00+00:00,0.0
2023-05-19 00:00:00+00:00,0.0
2023-05-22 00:00:00+00:00,0.0
2023-05-23 00:00:00+00:00,0.0
2023-05-24 00:00:00+00:00,0.0
2023-05-25 00:00:00+00:00,0.0
2023-05-26 00:00:00+00:00,0.0
2023-05-30 00:00:00+00:00,0.0
2023-05-31 00:00:00+00:00,0.0
2023-06-01 00:00:00+00:00,0.012548939195539982
2023-06-02 00:00:00+00:00,0.009821036953147583
2023-06-05 00:00:00+00:00,0.002101172219133011
2023-06-06 00:00:00+00:00,-0.0012258649803955821
2023-06-07 00:00:00+00:00,0.0051522501809768695
2023-06-08 00:00:00+00:00,-0.0033758852144299225
2023-06-09 00:00:00+00:00,-0.0017844843722626584
2023-06-12 00:00:00+00:00,-0.012560855841966423
2023-06-13 00:00:00+00:00,0.015164736978595994
2023-06-14 00:00:00+00:00,-0.0067011210304644036
2023-06-15 00:00:00+00:00,0.01915639241182961
2023-06-16 00:00:00+00:00,0.012027198630358985
2023-06-20 00:00:00+00:00,-0.006714904769905993
2023-06-21 00:00:00+00:00,0.015008714448764466
2023-06-22 00:00:00+00:00,-0.014922808991420528
2023-06-23 00:00:00+00:00,-0.0054534720084861155
2023-06-26 00:00:00+00:00,0.005656256101893242
2023-06-27 00:00:00+00:00,-0.009581246017788017
2023-06-28 00:00:00+00:00,0.00020872993151656825
2023-06-29 00:00:00+00:00,0.005010783698174204
2023-06-30 00:00:00+00:00,0.012454696951155973
2023-07-03 00:00:00+00:00,-0.0023634577603143425
2023-07-05 00:00:00+00:00,0.008883585255900309
2023-07-06 00:00:00+00:00,-0.003776435045317217
2023-07-07 00:00:00+00:00,-0.0019319938176197888
2023-07-10 00:00:00+00:00,-0.0008470158978368484
2023-07-11 00:00:00+00:00,0.003470857891290128
2023-07-12 00:00:00+00:00,-0.0072491660251475425
2023-07-13 00:00:00+00:00,0.0016767270288396974
2023-07-14 00:00:00+00:00,0.0037184594953519148
2023-07-17 00:00:00+00:00,0.0031826448428163103
2023-07-18 00:00:00+00:00,0.004333970681963025
2023-07-19 00:00:00+00:00,0.014163250093179276
2023-07-20 00:00:00+00:00,-0.00017176228100309238
2023-07-21 00:00:00+00:00,-0.0067629527739569055
2023-07-24 00:00:00+00:00,0.014336917562724
2023-07-25 00:00:00+00:00,0.0006050605060506179
2023-07-26 00:00:00+00:00,-0.008823851803134941
2023-07-27 00:00:00+00:00,-0.001678240740740744
2023-07-28 00:00:00+00:00,-0.001987606687711918
2023-07-31 00:00:00+00:00,-0.009111347769494738
2023-08-01 00:00:00+00:00,0.0014457702217209232
2023-08-02 00:00:00+00:00,0.0009055167675376212
2023-08-03 00:00:00+00:00,0.004033167353111636
2023-08-04 00:00:00+00:00,-0.0024673050484071792
2023-08-07 00:00:00+00:00,0.0008631482436218625
2023-08-08 00:00:00+00:00,0.0020480945133180364
2023-08-09 00:00:00+00:00,0.006382523036025785
2023-08-10 00:00:00+00:00,-0.0005204228378044018
2023-08-11 00:00:00+00:00,-0.00041189477379327544
2023-08-14 00:00:00+00:00,-0.0005535038240923607
2023-08-15 00:00:00+00:00,0.004863450448336488
2023-08-16 00:00:00+00:00,-0.0018392567186901372
2023-08-17 00:00:00+00:00,0.003772248668794183
2023-08-18 00:00:00+00:00,0.00030840959755751296
2023-08-21 00:00:00+00:00,-0.003181206333121892
2023-08-22 00:00:00+00:00,0.0034593419731355395
2023-08-23 00:00:00+00:00,-0.0015016075146339625
2023-08-24 00:00:00+00:00,0.0006878727839475518
2023-08-25 00:00:00+00:00,0.006117490257369333
2023-08-28 00:00:00+00:00,-0.006950296050937554
2023-08-29 00:00:00+00:00,0.0018844859035518355
2023-08-30 00:00:00+00:00,-0.005793130459920248
2023-08-31 00:00:00+00:00,0.005061791685740835
2023-09-01 00:00:00+00:00,-0.0021137233930507517
2023-09-05 00:00:00+00:00,-0.009562317499387147
2023-09-06 00:00:00+00:00,-0.0021730347950656608
2023-09-07 00:00:00+00:00,0.0018564872440046858
2023-09-08 00:00:00+00:00,0.00044081089511655014
2023-09-11 00:00:00+00:00,-0.003113480969666978
2023-09-12 00:00:00+00:00,0.009901280686889963
2023-09-13 00:00:00+00:00,-0.001224918773302941
2023-09-14 00:00:00+00:00,0.001301918586454509
2023-09-15 00:00:00+00:00,0.006854011820753607
2023-09-18 00:00:00+00:00,0.0017092870863068361
2023-09-19 00:00:00+00:00,0.005287693332056753
2023-09-20 00:00:00+00:00,-0.005374275747463186
2023-09-21 00:00:00+00:00,-0.011181036710032713
2023-09-22 00:00:00+00:00,0.0028096906575030647
2023-09-25 00:00:00+00:00,0.0028586375410554568
2023-09-26 00:00:00+00:00,0.00107363649986462
2023-09-27 00:00:00+00:00,0.004088939162115316
2023-09-28 00:00:00+00:00,0.01069843080872814
2023-09-29 00:00:00+00:00,-0.011632633214483655
2023-10-02 00:00:00+00:00,-0.0010358948200096343
2023-10-03 00:00:00+00:00,0.005970454445968536
2023-10-04 00:00:00+00:00,0.0002218924952836857
2023-10-05 00:00:00+00:00,0.015422489360112663
2023-10-06 00:00:00+00:00,0.007212000986466885
2023-10-09 00:00:00+00:00,0.0006270119107799252
2023-10-10 00:00:00+00:00,-0.0006425161364459105
2023-10-11 00:00:00+00:00,0.0006118253488004433
2023-10-12 00:00:00+00:00,0.0011035763636556193
2023-10-13 00:00:00+00:00,-0.0063068360930080645
2023-10-16 00:00:00+00:00,-0.007639160278684128
2023-10-17 00:00:00+00:00,-0.0019483686963565616
2023-10-18 00:00:00+00:00,-0.00022249818034519864
2023-10-19 00:00:00+00:00,-0.000995419383590157
2023-10-20 00:00:00+00:00,-0.006404397479122932
2023-10-23 00:00:00+00:00,-0.00021362274385583468
2023-10-24 00:00:00+00:00,0.00043845063341981395
2023-10-25 00:00:00+00:00,0.0008104070402712438
2023-10-26 00:00:00+00:00,0.01103526422102143
2023-10-27 00:00:00+00:00,-0.002071172194843836
2023-10-30 00:00:00+00:00,0.009036372923624117
2023-10-31 00:00:00+00:00,0.011262156573227785
2023-11-01 00:00:00+00:00,0.00030037555037555174
2023-11-02 00:00:00+00:00,0.0016456921587609066
2023-11-03 00:00:00+00:00,0.0030035787321063268
2023-11-06 00:00:00+00:00,0.0016321406151914575
2023-11-07 00:00:00+00:00,0.0010257366654233453
2023-11-08 00:00:00+00:00,3.089280197713743e-05
2023-11-09 00:00:00+00:00,-0.002625401531999009
2023-11-10 00:00:00+00:00,0.0007217724220172084
2023-11-13 00:00:00+00:00,0.004311961004874372
2023-11-14 00:00:00+00:00,9.137426900585055e-05
2023-11-15 00:00:00+00:00,0.001978691019786908
2023-11-16 00:00:00+00:00,-0.0029783393501805104
2023-11-17 00:00:00+00:00,-0.00245052992709673
2023-11-20 00:00:00+00:00,0.0033575825405707986
2023-11-21 00:00:00+00:00,0.0012189918937038913
2023-11-22 00:00:00+00:00,-0.0025110425364554914
2023-11-23 00:00:00+00:00,0.0
2023-11-24 00:00:00+00:00,-0.0031637793340705267
2023-11-27 00:00:00+00:00,-0.00012524265764920123
2023-11-28 00:00:00+00:00,0.002099392116312604
2023-11-29 00:00:00+00:00,6.188884762966158e-05
2023-11-30 00:00:00+00:00,-0.0005258599356594932
2023-12-01 00:00:00+00:00,0.0005955629151717843
2023-12-04 00:00:00+00:00,0.0015325167662222734
2023-12-05 00:00:00+00:00,0.009885798182635316
2023-12-06 00:00:00+00:00,-0.003953156969568198
2023-12-07 00:00:00+00:00,0.006120119392841664
2023-12-08 00:00:00+00:00,-0.004803175210747523
2023-12-11 00:00:00+00:00,-0.004225025097528756
2023-12-12 00:00:00+00:00,0.0036354035741542976
2023-12-13 00:00:00+00:00,-0.010090020786031901
2023-12-14 00:00:00+00:00,0.0033203658343018785
2023-12-15 00:00:00+00:00,0.019691084995761405
2023-12-18 00:00:00+00:00,-0.00388995398725156
2023-12-19 00:00:00+00:00,-0.0017529115276264844
2023-12-20 00:00:00+00:00,-0.005009608222431294
2023-12-21 00:00:00+00:00,0.0002573932574943909
2023-12-22 00:00:00+00:00,0.0015179672719890513
2023-12-26 00:00:00+00:00,0.009694778237529362
2023-12-27 00:00:00+00:00,-0.004328072788017186
2023-12-28 00:00:00+00:00,3.135075198520032e-05
2023-12-29 00:00:00+00:00,-0.003478373980194423
2024-01-02 00:00:00+00:00,-0.00025
2024-01-03 00:00:00+00:00,0.0
2024-01-04 00:00:00+00:00,0.0
2024-01-05 00:00:00+00:00,0.0
2024-01-08 00:00:00+00:00,0.0
2024-01-09 00:00:00+00:00,0.0
2024-01-10 00:00:00+00:00,0.0
2024-01-11 00:00:00+00:00,0.0
2024-01-12 00:00:00+00:00,0.0
2024-01-16 00:00:00+00:00,0.0
2024-01-17 00:00:00+00:00,0.0
2024-01-18 00:00:00+00:00,0.0
2024-01-19 00:00:00+00:00,0.0
2024-01-22 00:00:00+00:00,0.0
2024-01-23 00:00:00+00:00,0.0
2024-01-24 00:00:00+00:00,0.0
2024-01-25 00:00:00+00:00,0.0
2024-01-26 00:00:00+00:00,0.0
2024-01-29 00:00:00+00:00,0.0
2024-01-30 00:00:00+00:00,0.0
2024-01-31 00:00:00+00:00,0.0
2024-02-01 00:00:00+00:00,-0.013412608091592096
2024-02-02 00:00:00+00:00,-0.010446815074173943
2024-02-05 00:00:00+00:00,0.006299879679794654
2024-02-06 00:00:00+00:00,0.0012556448189270926
2024-02-07 00:00:00+00:00,0.0024876955091259014
2024-02-08 00:00:00+00:00,0.010048068172250216
2024-02-09 00:00:00+00:00,0.0025561482188282505
2024-02-12 00:00:00+00:00,-0.0004135885356638669
2024-02-13 00:00:00+00:00,-0.00014071350680252193
2024-02-14 00:00:00+00:00,-0.012298460651912924
2024-02-15 00:00:00+00:00,0.0001011583984815525
2024-02-16 00:00:00+00:00,0.0024036785408076784
2024-02-20 00:00:00+00:00,-0.004725377289935401
2024-02-21 00:00:00+00:00,-0.007844766779468918
2024-02-22 00:00:00+00:00,0.0004866077335347421
2024-02-23 00:00:00+00:00,-0.012975348055240955
2024-02-26 00:00:00+00:00,0.01036251665162328
2024-02-27 00:00:00+00:00,0.0015788502779386002
2024-02-28 00:00:00+00:00,-0.003573866081416188
2024-02-29 00:00:00+00:00,0.00116777208781695
2024-03-01 00:00:00+00:00,-0.0003333333333333333
2024-03-04 00:00:00+00:00,0.0
2024-03-05 00:00:00+00:00,0.0
2024-03-06 00:00:00+00:00,0.0
2024-03-07 00:00:00+00:00,0.0
2024-03-08 00:00:00+00:00,0.0
2024-03-11 00:00:00+00:00,0.0
2024-03-12 00:00:00+00:00,0.0
2024-03-13 00:00:00+00:00,0.0
2024-03-14 00:00:00+00:00,0.0
2024-03-15 00:00:00+00:00,0.0
2024-03-18 00:00:00+00:00,0.0
2024-03-19 00:00:00+00:00,0.0
2024-03-20 00:00:00+00:00,0.0
2024-03-21 00:00:00+00:00,0.0
2024-03-22 00:00:00+00:00,0.0
2024-03-25 00:00:00+00:00,0.0
2024-03-26 00:00:00+00:00,0.0
2024-03-27 00:00:00+00:00,0.0
2024-03-28 00:00:00+00:00,0.0
2024-04-01 00:00:00+00:00,0.007023465917291998
2024-04-02 00:00:00+00:00,0.003483677899494497
2024-04-03 00:00:00+00:00,-0.0001604421378538965
2024-04-04 00:00:00+00:00,-0.004119674441653897
2024-04-05 00:00:00+00:00,0.0023555966280955163
2024-04-08 00:00:00+00:00,0.0040961084639262735
2024-04-09 00:00:00+00:00,-0.0007707207207608793
2024-04-10 00:00:00+00:00,0.0016902156536780508
2024-04-11 00:00:00+00:00,-0.013786086788824516
2024-04-12 00:00:00+00:00,0.003942130641781616
2024-04-15 00:00:00+00:00,-0.01016115908920523
2024-04-16 00:00:00+00:00,0.0020368157341505615
2024-04-17 00:00:00+00:00,-0.006482744697758446
2024-04-18 00:00:00+00:00,0.0022503548816694323
2024-04-19 00:00:00+00:00,0.00273945380512632
2024-04-22 00:00:00+00:00,0.0046497762062674974
2024-04-23 00:00:00+00:00,0.00391327656188826
2024-04-24 00:00:00+00:00,-0.015938514334200755
2024-04-25 00:00:00+00:00,-0.0004473411564993775
2024-04-26 00:00:00+00:00,-0.002349445340379415
2024-04-29 00:00:00+00:00,0.040712164934273445
2024-04-30 00:00:00+00:00,-0.006803550202376015
2024-05-01 00:00:00+00:00,-0.00025
2024-05-02 00:00:00+00:00,0.0
2024-05-03 00:00:00+00:00,0.0
2024-05-06 00:00:00+00:00,0.0
2024-05-07 00:00:00+00:00,0.0
2024-05-08 00:00:00+00:00,0.0
2024-05-09 00:00:00+00:00,0.0
2024-05-10 00:00:00+00:00,0.0
2024-05-13 00:00:00+00:00,0.0
2024-05-14 00:00:00+00:00,0.0
2024-05-15 00:00:00+00:00,0.0
2024-05-16 00:00:00+00:00,0.0
2024-05-17 00:00:00+00:00,0.0
2024-05-20 00:00:00+00:00,0.0
2024-05-21 00:00:00+00:00,0.0
2024-05-22 00:00:00+00:00,0.0
2024-05-23 00:00:00+00:00,0.0
2024-05-24 00:00:00+00:00,0.0
2024-05-28 00:00:00+00:00,0.0
2024-05-29 00:00:00+00:00,0.0
2024-05-30 00:00:00+00:00,0.0
2024-05-31 00:00:00+00:00,0.0
2024-06-03 00:00:00+00:00,-0.013834486359129566
2024-06-04 00:00:00+00:00,-0.003699702789046096
2024-06-05 00:00:00+00:00,0.002726606975245978
2024-06-06 00:00:00+00:00,0.01064321629579153
2024-06-07 00:00:00+00:00,-0.0033431589566544537
2024-06-10 00:00:00+00:00,0.010613494940174087
2024-06-11 00:00:00+00:00,-0.000639120424429799
2024-06-12 00:00:00+00:00,0.0025198370823791465
2024-06-13 00:00:00+00:00,0.005130097589952087
2024-06-14 00:00:00+00:00,-0.0028122528614952973
2024-06-17 00:00:00+00:00,0.0016888454084377966
2024-06-18 00:00:00+00:00,0.007483359026688026
2024-06-20 00:00:00+00:00,-0.0011912853222822797
2024-06-21 00:00:00+00:00,-0.004342000557657858
2024-06-24 00:00:00+00:00,0.005976511272775616
2024-06-25 00:00:00+00:00,-0.004128358385513989
2024-06-26 00:00:00+00:00,0.001939013825334235
2024-06-27 00:00:00+00:00,0.0008888621791075155
2024-06-28 00:00:00+00:00,-0.002669342941936973
2024-07-01 00:00:00+00:00,0.003906329678463558
2024-07-02 00:00:00+00:00,-0.0038384334626044474
2024-07-03 00:00:00+00:00,-0.0026996584309086913
2024-07-05 00:00:00+00:00,0.0021339802129622196
2024-07-08 00:00:00+00:00,0.0006751376456627378
2024-07-09 00:00:00+00:00,-0.0015184028463972599
2024-07-10 00:00:00+00:00,-0.004481815839991002
2024-07-11 00:00:00+00:00,0.0018499549334000847
2024-07-12 00:00:00+00:00,-0.0021206565607419514
2024-07-15 00:00:00+00:00,0.0022544919454770924
2024-07-16 00:00:00+00:00,-0.002788447858870391
2024-07-17 00:00:00+00:00,0.0017216109259484318
2024-07-18 00:00:00+00:00,0.0015903482021450237
2024-07-19 00:00:00+00:00,0.002654846127559766
2024-07-22 00:00:00+00:00,-0.0025491713313253355
2024-07-23 00:00:00+00:00,-0.002533629756949355
2024-07-24 00:00:00+00:00,0.0007874837997201937
2024-07-25 00:00:00+00:00,-0.003747195982212773
2024-07-26 00:00:00+00:00,0.0003043034171298555
2024-07-29 00:00:00+00:00,0.0016484421056964052
2024-07-30 00:00:00+00:00,0.0009574617658882159
2024-07-31 00:00:00+00:00,0.003606062279603676
2024-08-01 00:00:00+00:00,9.209394636781431e-05
2024-08-02 00:00:00+00:00,-0.007270249202118884
2024-08-05 00:00:00+00:00,-0.003859481708776165
2024-08-06 00:00:00+00:00,0.0023107446126871727
2024-08-07 00:00:00+00:00,0.005678170049419654
2024-08-08 00:00:00+00:00,0.0018709153906457294
2024-08-09 00:00:00+00:00,-0.004291739701348625
2024-08-12 00:00:00+00:00,0.007352486940158516
2024-08-13 00:00:00+00:00,0.0025897259926683236
2024-08-14 00:00:00+00:00,9.389448786691523e-05
2024-08-15 00:00:00+00:00,0.005488291423818569
2024-08-16 00:00:00+00:00,-0.0012150925782702937
2024-08-19 00:00:00+00:00,-0.007773383837750465
2024-08-20 00:00:00+00:00,-0.00019637651125285296
2024-08-21 00:00:00+00:00,-0.0019952974188834904
2024-08-22 00:00:00+00:00,0.004786629821717939
2024-08-23 00:00:00+00:00,0.0007619948835542179
2024-08-26 00:00:00+00:00,0.0021436658492921534
2024-08-27 00:00:00+00:00,-0.0057325488087612095
2024-08-28 00:00:00+00:00,-0.002612273619643834
2024-08-29 00:00:00+00:00,0.0014530777697284352
2024-08-30 00:00:00+00:00,-0.0037836392675799635
2024-09-03 00:00:00+00:00,0.009181564181270075
2024-09-04 00:00:00+00:00,-0.0018918719947143559
2024-09-05 00:00:00+00:00,0.006843409773635475
2024-09-06 00:00:00+00:00,0.002391125234547042
2024-09-09 00:00:00+00:00,-0.008825632226321508
2024-09-10 00:00:00+00:00,0.009487004887615447
2024-09-11 00:00:00+00:00,0.003945297560599211
2024-09-12 00:00:00+00:00,0.004167136204627885
2024-09-13 00:00:00+00:00,-0.00043626652979522607
2024-09-16 00:00:00+00:00,0.004034022456656591
2024-09-17 00:00:00+00:00,-0.004482655390970869
2024-09-18 00:00:00+00:00,-0.004193995783741096
2024-09-19 00:00:00+00:00,0.001826308779011964
2024-09-20 00:00:00+00:00,0.007194265833398624
2024-09-23 00:00:00+00:00,0.011873464353911012
2024-09-24 00:00:00+00:00,-0.00572324311306734
2024-09-25 00:00:00+00:00,0.007103638797886706
2024-09-26 00:00:00+00:00,-0.002762348429824424
2024-09-27 00:00:00+00:00,0.015263504295013015
2024-09-30 00:00:00+00:00,0.003723861962952435
2024-10-01 00:00:00+00:00,-0.00012187727740824609
2024-10-02 00:00:00+00:00,0.0007842454447311019
2024-10-03 00:00:00+00:00,0.0032132464449716736
2024-10-04 00:00:00+00:00,-0.007871668958683334
2024-10-07 00:00:00+00:00,-0.005816455169367278
2024-10-08 00:00:00+00:00,-0.0028430177528565577
2024-10-09 00:00:00+00:00,-0.004352730042429327
2024-10-10 00:00:00+00:00,-4.986581854421457e-05
2024-10-11 00:00:00+00:00,-0.0037743079067807748
2024-10-14 00:00:00+00:00,-0.011745217201721742
2024-10-15 00:00:00+00:00,-0.002590421297171963
2024-10-16 00:00:00+00:00,-0.00728652257436781
2024-10-17 00:00:00+00:00,-0.0005847141082756154
2024-10-18 00:00:00+00:00,-0.007139628547393528
2024-10-21 00:00:00+00:00,0.00594177850618427
2024-10-22 00:00:00+00:00,0.002776920416399135
2024-10-23 00:00:00+00:00,0.0032360771723357975
2024-10-24 00:00:00+00:00,0.013804000369166883
2024-10-25 00:00:00+00:00,3.989315615388067e-05
2024-10-28 00:00:00+00:00,-0.018147282358873824
2024-10-29 00:00:00+00:00,0.0038879899884238416
2024-10-30 00:00:00+00:00,0.034544073450043046
2024-10-31 00:00:00+00:00,-0.008388125820017151
2024-11-01 00:00:00+00:00,-0.00025
2024-11-04 00:00:00+00:00,0.0008057675996607412
2024-11-05 00:00:00+00:00,0.001097324217101366
2024-11-06 00:00:00+00:00,0.00012578616352202734
2024-11-07 00:00:00+00:00,0.0035193564605329186
2024-11-08 00:00:00+00:00,0.00020515345478418673
2024-11-11 00:00:00+00:00,-0.0008196049504139065
2024-11-12 00:00:00+00:00,-0.0013590313812700816
2024-11-13 00:00:00+00:00,0.00012456402590932392
2024-11-14 00:00:00+00:00,-0.0030702846236826766
2024-11-15 00:00:00+00:00,0.0021557189956885603
2024-11-18 00:00:00+00:00,0.0018778167250876146
2024-11-19 00:00:00+00:00,-0.0018568952711067177
2024-11-20 00:00:00+00:00,-0.0013353363378400909
2024-11-21 00:00:00+00:00,-0.002145381120646143
2024-11-22 00:00:00+00:00,0.0009801414812920701
2024-11-25 00:00:00+00:00,0.00038129130655821053
2024-11-26 00:00:00+00:00,-0.0003804209992391653
2024-11-27 00:00:00+00:00,0.0008896797153024789
2024-11-29 00:00:00+00:00,0.00012642225031604207
2024-12-02 00:00:00+00:00,0.0013524644285172192
2024-12-03 00:00:00+00:00,0.00037622012271511707
2024-12-04 00:00:00+00:00,-0.0014485092289558224
2024-12-05 00:00:00+00:00,0.006182105312235878
2024-12-06 00:00:00+00:00,0.00036527078460898044
2024-12-09 00:00:00+00:00,0.0002445412192491614
2024-12-10 00:00:00+00:00,0.003526769936104679
2024-12-11 00:00:00+00:00,-0.0003589804904544451
2024-12-12 00:00:00+00:00,-0.0037929877868821955
2024-12-13 00:00:00+00:00,-0.00572051694027779
2024-12-16 00:00:00+00:00,0.012198964707967441
2024-12-17 00:00:00+00:00,-0.0029679879644981715
2024-12-18 00:00:00+00:00,-0.007761377689532462
2024-12-19 00:00:00+00:00,0.000763735130874817
2024-12-20 00:00:00+00:00,0.0040700963048172865
2024-12-23 00:00:00+00:00,0.002050300461765575
2024-12-24 00:00:00+00:00,-0.0005053939639688143
2024-12-26 00:00:00+00:00,0.006077826838803387
2024-12-27 00:00:00+00:00,0.00043669279843651853
2024-12-30 00:00:00+00:00,0.00023139776121163425
2024-12-31 00:00:00+00:00,0.006049267337116785
2025-01-02 00:00:00+00:00,-0.0015719877783732326
2025-01-03 00:00:00+00:00,0.013934425642165127
2025-01-06 00:00:00+00:00,-0.015802019037090366
2025-01-07 00:00:00+00:00,0.01012164368922717
2025-01-08 00:00:00+00:00,-0.009761290619008581
2025-01-09 00:00:00+00:00,-0.0022824774948796422
2025-01-10 00:00:00+00:00,-0.01296947260835061
2025-01-13 00:00:00+00:00,0.002297988870492651
2025-01-14 00:00:00+00:00,-0.0014404304253297084
2025-01-15 00:00:00+00:00,-0.00483031963351795
2025-01-16 00:00:00+00:00,-0.007143428281888334
2025-01-17 00:00:00+00:00,0.012134020286446463
2025-01-21 00:00:00+00:00,0.008105366197575495
2025-01-22 00:00:00+00:00,-0.009052182903187544
2025-01-23 00:00:00+00:00,0.0006313175403904747
2025-01-24 00:00:00+00:00,-0.003464301586554308
2025-01-27 00:00:00+00:00,0.0136578067945487
2025-01-28 00:00:00+00:00,0.010188444186256177
2025-01-29 00:00:00+00:00,-0.0030730879913851332
2025-01-30 00:00:00+00:00,0.023008021812657854
2025-01-31 00:00:00+00:00,0.0001640969832863437
2025-02-03 00:00:00+00:00,0.00227795746684419
2025-02-04 00:00:00+00:00,-0.0006631966396135054
2025-02-05 00:00:00+00:00,-0.009747037781894508
2025-02-06 00:00:00+00:00,0.0005310591195638962
2025-02-07 00:00:00+00:00,0.0014714784159417702
2025-02-10 00:00:00+00:00,0.004476745970562615
2025-02-11 00:00:00+00:00,0.005683476869628093
2025-02-12 00:00:00+00:00,-0.011097301298797583
2025-02-13 00:00:00+00:00,-4.625280569805118e-05
2025-02-14 00:00:00+00:00,0.0005766784410454009
2025-02-18 00:00:00+00:00,0.0015821237473470269
2025-02-19 00:00:00+00:00,0.0009303771455160257
2025-02-20 00:00:00+00:00,0.0061413585168835026
2025-02-21 00:00:00+00:00,-0.01067373183491684
2025-02-24 00:00:00+00:00,-0.000733458445784485
2025-02-25 00:00:00+00:00,-0.006921405962981464
2025-02-26 00:00:00+00:00,-0.005047863806467767
2025-02-27 00:00:00+00:00,0.007585653462318043
2025-02-28 00:00:00+00:00,-0.00608316041435016
2025-03-03 00:00:00+00:00,-0.00025
2025-03-04 00:00:00+00:00,0.0
2025-03-05 00:00:00+00:00,0.0
2025-03-06 00:00:00+00:00,0.0
2025-03-07 00:00:00+00:00,0.0
2025-03-10 00:00:00+00:00,0.0
2025-03-11 00:00:00+00:00,0.0
2025-03-12 00:00:00+00:00,0.0
2025-03-13 00:00:00+00:00,0.0
2025-03-14 00:00:00+00:00,0.0
2025-03-17 00:00:00+00:00,0.0
2025-03-18 00:00:00+00:00,0.0
2025-03-19 00:00:00+00:00,0.0
2025-03-20 00:00:00+00:00,0.0
2025-03-21 00:00:00+00:00,0.0
2025-03-24 00:00:00+00:00,0.0
2025-03-25 00:00:00+00:00,0.0
2025-03-26 00:00:00+00:00,0.0
2025-03-27 00:00:00+00:00,0.0
2025-03-28 00:00:00+00:00,0.0
2025-03-31 00:00:00+00:00,0.0
2025-04-01 00:00:00+00:00,-0.004497884706477079
2025-04-02 00:00:00+00:00,0.004815444106738065
2025-04-03 00:00:00+00:00,-0.010565685291694844
2025-04-04 00:00:00+00:00,-0.030155552390103438
2025-04-07 00:00:00+00:00,-0.010350240789483156
2025-04-08 00:00:00+00:00,-0.010086061035735873
2025-04-09 00:00:00+00:00,0.02798947279615201
2025-04-10 00:00:00+00:00,-0.014732409538239954
2025-04-11 00:00:00+00:00,0.004788997905618098
2025-04-14 00:00:00+00:00,-0.009623943392353135
2025-04-15 00:00:00+00:00,-0.0012611606375132662
2025-04-16 00:00:00+00:00,-0.0005649384046678692
2025-04-17 00:00:00+00:00,0.005432486441181772
2025-04-21 00:00:00+00:00,-0.017010117720190083
2025-04-22 00:00:00+00:00,0.0036428790058142257
2025-04-23 00:00:00+00:00,-0.0036100744396363833
2025-04-24 00:00:00+00:00,-0.0016393349472468661
2025-04-25 00:00:00+00:00,0.0004942740990702872
2025-04-28 00:00:00+00:00,0.011014012361417469
2025-04-29 00:00:00+00:00,0.0052355534314532295
2025-04-30 00:00:00+00:00,-0.010050187976508121
2025-05-01 00:00:00+00:00,0.0003976608187134341
2025-05-02 00:00:00+00:00,0.00363901018922852
2025-05-05 00:00:00+00:00,-0.003877809433364983
2025-05-06 00:00:00+00:00,0.0015394587587100883
2025-05-07 00:00:00+00:00,-0.00032113037893385005
2025-05-08 00:00:00+00:00,-0.0016087516087516054
2025-05-09 00:00:00+00:00,-0.002436647173489274
2025-05-12 00:00:00+00:00,-0.00214309264754368
2025-05-13 00:00:00+00:00,0.0008350033400133701
2025-05-14 00:00:00+00:00,0.002409438351611818
2025-05-15 00:00:00+00:00,0.007862407862407845
2025-05-16 00:00:00+00:00,-0.0024245268262161703
2025-05-19 00:00:00+00:00,0.0012698412698412727
2025-05-20 00:00:00+00:00,0.005356017643352251
2025-05-21 00:00:00+00:00,0.0009920634920634885
2025-05-22 00:00:00+00:00,-0.001441359429525113
2025-05-23 00:00:00+00:00,-0.0006121824303642424
2025-05-27 00:00:00+00:00,-0.0043010752688171965
2025-05-28 00:00:00+00:00,0.0005518763796909335
2025-05-29 00:00:00+00:00,0.0011786892975011638
2025-05-30 00:00:00+00:00,0.0
2025-06-02 00:00:00+00:00,0.005345487306199787
2025-06-03 00:00:00+00:00,0.008057911522753073
2025-06-04 00:00:00+00:00,-0.0031564942001978125
2025-06-05 00:00:00+00:00,0.0044199788115642695
2025-06-06 00:00:00+00:00,0.006504791660391751
2025-06-09 00:00:00+00:00,0.0032899700069890328
2025-06-10 00:00:00+00:00,-0.0008878588787720001
2025-06-11 00:00:00+00:00,0.011945708337087338
2025-06-12 00:00:00+00:00,-0.0028324797858516972
2025-06-13 00:00:00+00:00,0.029443553844219886
2025-06-16 00:00:00+00:00,-0.0003184784551863258
2025-06-17 00:00:00+00:00,0.015577024057336334
2025-06-18 00:00:00+00:00,0.002667314910411056
2025-06-20 00:00:00+00:00,-0.000959935596624865
2025-06-23 00:00:00+00:00,-0.027440914695209744
2025-06-24 00:00:00+00:00,-0.01746179375971942
2025-06-25 00:00:00+00:00,-0.0011750612289382345
2025-06-26 00:00:00+00:00,0.0050382935398069475
2025-06-27 00:00:00+00:00,-0.002205621529608126
2025-06-30 00:00:00+00:00,0.0011778589580355157
2025-07-01 00:00:00+00:00,0.002296091448414824
2025-07-02 00:00:00+00:00,-0.0020419893460996335
2025-07-03 00:00:00+00:00,-0.004258902357445082
2025-07-04 00:00:00+00:00,0.0
2025-07-07 00:00:00+00:00,0.006646045676803343
2025-07-08 00:00:00+00:00,0.005006153409045236
2025-07-09 00:00:00+00:00,0.0012676415803896854
2025-07-10 00:00:00+00:00,0.0043831358296968865
2025-07-11 00:00:00+00:00,0.0002610053905115113
2025-07-14 00:00:00+00:00,-0.004950683300235292
2025-07-15 00:00:00+00:00,0.006226426105988706
2025-07-16 00:00:00+00:00,-0.0037534866638061493
2025-07-17 00:00:00+00:00,-0.0023654007293270234
2025-07-18 00:00:00+00:00,0.00026852902447789995
2025-07-21 00:00:00+00:00,0.002785165535032682
2025-07-22 00:00:00+00:00,0.004865921746882847
2025-07-23 00:00:00+00:00,-0.0016742767865127552
2025-07-24 00:00:00+00:00,-0.0008023367278781428
2025-07-25 00:00:00+00:00,0.0008458958372143573
2025-07-28 00:00:00+00:00,0.0041449958445889945
2025-07-29 00:00:00+00:00,0.0003765630129423472
2025-07-30 00:00:00+00:00,-0.0005814092066629049
2025-07-31 00:00:00+00:00,-8.302740712142409e-05
2025-08-01 00:00:00+00:00,-0.007168097012601987
2025-08-04 00:00:00+00:00,2.6271048462755964e-05
2025-08-05 00:00:00+00:00,-0.0048469665669792494
2025-08-06 00:00:00+00:00,0.0022232359754136843
2025-08-07 00:00:00+00:00,-0.0014821212919459887
2025-08-08 00:00:00+00:00,0.0017766265061276616
2025-08-11 00:00:00+00:00,-0.003066556074519555
2025-08-12 00:00:00+00:00,-0.007159570949650806
2025-08-13 00:00:00+00:00,-0.002032146783328063
2025-08-14 00:00:00+00:00,0.0018258054822280674
2025-08-15 00:00:00+00:00,-0.002980938758396963
2025-08-18 00:00:00+00:00,0.001390628694060425
2025-08-19 00:00:00+00:00,0.002068882431000729
2025-08-20 00:00:00+00:00,0.00178101212599413
2025-08-21 00:00:00+00:00,0.0001246396308013007
2025-08-22 00:00:00+00:00,-0.0015407995901254856
2025-08-25 00:00:00+00:00,0.004613833334596454
2025-08-26 00:00:00+00:00,-0.005285041662022372
2025-08-27 00:00:00+00:00,0.0013246527823231324
2025-08-28 00:00:00+00:00,0.0008906236233524231
2025-08-29 00:00:00+00:00,-0.004487674207289183
2025-09-02 00:00:00+00:00,-0.0012747462696709637
2025-09-03 00:00:00+00:00,0.0001224301265049985
2025-09-04 00:00:00+00:00,-3.475294118828376e-05
2025-09-05 00:00:00+00:00,-0.001824460957162118
2025-09-08 00:00:00+00:00,0.00379358382891067
2025-09-09 00:00:00+00:00,-0.00010978526057756999
2025-09-10 00:00:00+00:00,-0.006619178082640842
2025-09-11 00:00:00+00:00,-0.0025336465214486625
2025-09-12 00:00:00+00:00,0.0003976351650771074
2025-09-15 00:00:00+00:00,0.013069942501490479
2025-09-16 00:00:00+00:00,0.006143370435081952
2025-09-17 00:00:00+00:00,-0.001955767227214189
2025-09-18 00:00:00+00:00,-0.009917943673755055
2025-09-19 00:00:00+00:00,-0.0034484838182020448
2025-09-22 00:00:00+00:00,-0.008480232651584502
2025-09-23 00:00:00+00:00,0.005973228588266544
2025-09-24 00:00:00+00:00,-2.810804067301015e-05
2025-09-25 00:00:00+00:00,0.00508868852863172
2025-09-26 00:00:00+00:00,-0.006252907989917695
2025-09-29 00:00:00+00:00,0.02531665371088765
2025-09-30 00:00:00+00:00,-0.0018528969844108603
2025-10-01 00:00:00+00:00,0.008963899341868125
2025-10-02 00:00:00+00:00,0.00047060646484348156
2025-10-03 00:00:00+00:00,-0.006800475700160309
2025-10-06 00:00:00+00:00,0.0027485189069472353
2025-10-07 00:00:00+00:00,0.006209929786451221
2025-10-08 00:00:00+00:00,-0.006968244690635597
2025-10-09 00:00:00+00:00,-0.00468135730265549
2025-10-10 00:00:00+00:00,-0.010402446056486825
2025-10-13 00:00:00+00:00,-0.0002640707971871362
2025-10-14 00:00:00+00:00,-0.003897807413471917
2025-10-15 00:00:00+00:00,0.0008528106158623983
2025-10-16 00:00:00+00:00,-0.002310748495721918
2025-10-17 00:00:00+00:00,0.004267335674183211
2025-10-20 00:00:00+00:00,0.021849503306381836
2025-10-21 00:00:00+00:00,0.0023996142798128894
2025-10-22 00:00:00+00:00,0.00013904356537478924
2025-10-23 00:00:00+00:00,-0.0031507151345508597
2025-10-24 00:00:00+00:00,-0.003843318809564714
2025-10-27 00:00:00+00:00,0.00912704053164189
2025-10-28 00:00:00+00:00,-0.003433513656070919
2025-10-29 00:00:00+00:00,0.002316193809491144
2025-10-30 00:00:00+00:00,0.027193407763832868
2025-10-31 00:00:00+00:00,0.007562070140939754
2025-11-03 00:00:00+00:00,0.0027809918920966943
2025-11-04 00:00:00+00:00,-0.0017116915978268956
2025-11-05 00:00:00+00:00,0.0017294533423565608
2025-11-06 00:00:00+00:00,-0.00416759693383939
2025-11-07 00:00:00+00:00,0.0015266010228226858
2025-11-10 00:00:00+00:00,0.002155661447696855
2025-11-11 00:00:00+00:00,-0.0004106929510155344
2025-11-12 00:00:00+00:00,0.0010854105846245983
2025-11-13 00:00:00+00:00,0.0017105458872527235
2025-11-14 00:00:00+00:00,-0.0028342167255594832
2025-11-17 00:00:00+00:00,0.00666516887590803
2025-11-18 00:00:00+00:00,-0.0005400734499892053
2025-11-19 00:00:00+00:00,-0.0024924143909839658
2025-11-20 00:00:00+00:00,-0.0020168683535020104
2025-11-21 00:00:00+00:00,0.00037119524870081
2025-11-24 00:00:00+00:00,-0.00025925925925925536
2025-11-25 00:00:00+00:00,0.00022256843979525282
2025-11-26 00:00:00+00:00,0.0010002222716159284
2025-11-28 00:00:00+00:00,0.0009206068640447891
2025-12-01 00:00:00+00:00,-0.002882759245814788
2025-12-02 00:00:00+00:00,0.0038991302779142934
2025-12-03 00:00:00+00:00,-0.0038069934702215273
2025-12-04 00:00:00+00:00,0.003981504242949333
2025-12-05 00:00:00+00:00,-0.003580467777058449
2025-12-08 00:00:00+00:00,-0.0023900671896278274
2025-12-09 00:00:00+00:00,0.0008064578356681471
2025-12-10 00:00:00+00:00,-0.0032096936738696034
2025-12-11 00:00:00+00:00,0.0015549314975659885
2025-12-12 00:00:00+00:00,-0.00398892083404793
2025-12-15 00:00:00+00:00,-0.0018748714915188256
2025-12-16 00:00:00+00:00,-0.006231916688100968
2025-12-17 00:00:00+00:00,-0.0002415495969725716
2025-12-18 00:00:00+00:00,0.0010623025711167797
2025-12-19 00:00:00+00:00,-9.989604277521607e-05
2025-12-22 00:00:00+00:00,0.0037360382899790006
2025-12-23 00:00:00+00:00,0.0003944734486974559
2025-12-24 00:00:00+00:00,0.004697227090178982
2025-12-26 00:00:00+00:00,-0.001953387505652622
2025-12-29 00:00:00+00:00,-0.006253272281911285
2025-12-30 00:00:00+00:00,-0.0019066192511881979
2025-12-31 00:00:00+00:00,-0.0038272407061297566
2026-01-02 00:00:00+00:00,0.0027413671638463573
2026-01-05 00:00:00+00:00,0.004376268095122112
2026-01-06 00:00:00+00:00,0.008184317209817308
2026-01-07 00:00:00+00:00,-0.008706477398843263
2026-01-08 00:00:00+00:00,0.0055791975094626745
2026-01-09 00:00:00+00:00,0.0116427037454786
2026-01-12 00:00:00+00:00,-0.012622279179863138
2026-01-13 00:00:00+00:00,-0.0004889014715091511
2026-01-14 00:00:00+00:00,0.014575413504691603
2026-01-15 00:00:00+00:00,-0.000427357677093824
2026-01-16 00:00:00+00:00,0.00133205963340501
2026-01-20 00:00:00+00:00,-0.0431840239827224
2026-01-21 00:00:00+00:00,-0.04129340154777409
2026-01-22 00:00:00+00:00,-0.005811968420305809
2026-01-23 00:00:00+00:00,-0.007598282642724441
2026-01-26 00:00:00+00:00,-0.04818325648646922
2026-01-27 00:00:00+00:00,-0.003774504929677976
2026-01-28 00:00:00+00:00,-0.012127313829911834
2026-01-29 00:00:00+00:00,0.07913315543344432
2026-01-30 00:00:00+00:00,-0.01854688236469041
2026-02-02 00:00:00+00:00,-0.008722863380551624
2026-02-03 00:00:00+00:00,0.0037344389229846398
2026-02-04 00:00:00+00:00,0.00923304453688963
2026-02-05 00:00:00+00:00,-0.0016815865004460306
2026-02-06 00:00:00+00:00,0.0011342137832393018
2026-02-09 00:00:00+00:00,0.0014518202365140418
2026-02-10 00:00:00+00:00,0.000727228990837862
2026-02-11 00:00:00+00:00,0.001968595246301256
2026-02-12 00:00:00+00:00,-0.0026513027409861643
2026-02-13 00:00:00+00:00,-0.0004902376116289002
2026-02-17 00:00:00+00:00,-0.0013369641750729522
2026-02-18 00:00:00+00:00,0.007573983001813611
2026-02-19 00:00:00+00:00,0.004272993804260864
2026-02-20 00:00:00+00:00,-0.0006116060050141795
2026-02-23 00:00:00+00:00,-0.0006770285336042032
2026-02-24 00:00:00+00:00,-0.0009377098810863238
2026-02-25 00:00:00+00:00,0.0007465106834913157
2026-02-26 00:00:00+00:00,-0.0006075764754197761
2026-02-27 00:00:00+00:00,0.006005584306449781
2026-03-02 00:00:00+00:00,-0.00016666666666666666
2026-03-03 00:00:00+00:00,0.0
2026-03-04 00:00:00+00:00,0.0
2026-03-05 00:00:00+00:00,0.0
2026-03-06 00:00:00+00:00,0.0
2026-03-09 00:00:00+00:00,0.0
2026-03-10 00:00:00+00:00,0.0
2026-03-11 00:00:00+00:00,0.0
2026-03-12 00:00:00+00:00,0.0
2026-03-13 00:00:00+00:00,0.0
2026-03-16 00:00:00+00:00,0.0
2026-03-17 00:00:00+00:00,0.0
2026-03-18 00:00:00+00:00,0.0
2026-03-19 00:00:00+00:00,0.0
2026-03-20 00:00:00+00:00,0.0
2026-03-23 00:00:00+00:00,0.0
2026-03-24 00:00:00+00:00,0.0
2026-03-25 00:00:00+00:00,0.0
2026-03-26 00:00:00+00:00,0.0
2026-03-27 00:00:00+00:00,0.0
2026-03-30 00:00:00+00:00,0.0
2026-03-31 00:00:00+00:00,0.0
2026-04-01 00:00:00+00:00,-0.004278848038569612
2026-04-02 00:00:00+00:00,-0.0018364979675716446
2026-04-06 00:00:00+00:00,0.0011203205738213502
2026-04-07 00:00:00+00:00,0.0022839496302645883
2026-04-08 00:00:00+00:00,-0.00793890121200728
2026-04-09 00:00:00+00:00,-0.0028378084015103964
2026-04-10 00:00:00+00:00,0.00012853564312270693
2026-04-13 00:00:00+00:00,-0.0032354186267024576
2026-04-14 00:00:00+00:00,-0.002385881690948425
2026-04-15 00:00:00+00:00,0.0020007310469517163
2026-04-16 00:00:00+00:00,0.0018985659799356698
2026-04-17 00:00:00+00:00,0.0022012877412048715
2026-04-20 00:00:00+00:00,0.0007207419899921685
2026-04-21 00:00:00+00:00,0.0017468386077970815
2026-04-22 00:00:00+00:00,0.0001258740414267212
2026-04-23 00:00:00+00:00,-0.007292606831418543
2026-04-24 00:00:00+00:00,-0.005227259697999365
2026-04-27 00:00:00+00:00,0.003716992626782119
2026-04-28 00:00:00+00:00,-1.3445298201538282e-05
2026-04-29 00:00:00+00:00,0.007045703147210017
2026-04-30 00:00:00+00:00,0.007520472509677782
2026-05-01 00:00:00+00:00,-4.959919839678229e-05
2026-05-04 00:00:00+00:00,0.001334400854016556
2026-05-05 00:00:00+00:00,-0.0034418850939899417
2026-05-06 00:00:00+00:00,-0.0028386050283860467
2026-05-07 00:00:00+00:00,-0.001168866886688676
2026-05-08 00:00:00+00:00,0.0015925772053732024
2026-05-11 00:00:00+00:00,0.00404663923182443
2026-05-12 00:00:00+00:00,0.011450381679389313
2026-05-13 00:00:00+00:00,0.0
2026-05-14 00:00:00+00:00,-0.004511278195488725
2026-05-15 00:00:00+00:00,-0.002897990726429674
2026-05-18 00:00:00+00:00,0.007537029754882685
2026-05-19 00:00:00+00:00,0.0006897416603962961
2026-05-20 00:00:00+00:00,-0.0016860247283626746
2026-05-21 00:00:00+00:00,-0.0032803431743628577
2026-05-22 00:00:00+00:00,-0.0003217503217503211
2026-05-26 00:00:00+00:00,-0.0027724049000644735
2026-05-27 00:00:00+00:00,-0.003409388932599011
2026-05-28 00:00:00+00:00,0.0004016064257028236
2026-05-29 00:00:00+00:00,-0.003605769230769236
2026-06-01 00:00:00+00:00,0.012792176167886768
2026-06-02 00:00:00+00:00,0.0034212873208434207
2026-06-03 00:00:00+00:00,0.009140337604273796
2026-06-04 00:00:00+00:00,-0.016260121650632342
2026-06-05 00:00:00+00:00,-0.009578472543951333
2026-06-08 00:00:00+00:00,0.0011252454198199722
2026-06-09 00:00:00+00:00,-0.008647652134831282
2026-06-10 00:00:00+00:00,0.008173908325783389
2026-06-11 00:00:00+00:00,-0.010072583289988704
2026-06-12 00:00:00+00:00,-0.01075866836036617
2026-06-15 00:00:00+00:00,-0.013999905782092868
2026-06-16 00:00:00+00:00,-0.013013451988119169
2026-06-17 00:00:00+00:00,0.0031994995371683967
2026-06-18 00:00:00+00:00,-0.005285419221083812
2026-06-22 00:00:00+00:00,-0.006734701682632978
2026-06-23 00:00:00+00:00,-8.584749983707004e-05
2026-06-24 00:00:00+00:00,-0.006623506857476498
2026-06-25 00:00:00+00:00,0.012963993776616573
2026-06-26 00:00:00+00:00,-0.010966472032306421
2026-06-29 00:00:00+00:00,0.007485433268347903
2026-06-30 00:00:00+00:00,-0.002487448987418465
2026-07-01 00:00:00+00:00,-0.0020205352684430538
2026-07-02 00:00:00+00:00,-0.002819739041888295
2026-07-06 00:00:00+00:00,-0.009238507311976655
2026-07-07 00:00:00+00:00,-0.0018120363226964418
2026-07-08 00:00:00+00:00,0.0004955225468768108
2026-07-09 00:00:00+00:00,0.008077063375896198
2026-07-10 00:00:00+00:00,-0.0007022813327805335
2026-07-13 00:00:00+00:00,-0.0019895594404100714
2026-07-14 00:00:00+00:00,0.001924704096796163
2026-07-15 00:00:00+00:00,0.0076181137968326365
2026-07-16 00:00:00+00:00,0.0025631900634657625
2026-07-17 00:00:00+00:00,-0.0005758026908612526
2026-07-20 00:00:00+00:00,-0.006890950991972603
2026-07-21 00:00:00+00:00,0.00066770945242924
2026-07-22 00:00:00+00:00,0.0015713985947832057
2026-07-23 00:00:00+00:00,-0.003573249434927872
2026-07-24 00:00:00+00:00,-0.005872581796732871
2026-07-27 00:00:00+00:00,0.005337852757930639
2026-07-28 00:00:00+00:00,-0.0023416943511194903
2026-07-29 00:00:00+00:00,0.007688505687259316
2026-07-30 00:00:00+00:00,0.0020061528113710647
2026-07-31 00:00:00+00:00,-0.0034786684018292546
2026-08-03 00:00:00+00:00,0.0002955062571103526
2026-08-04 00:00:00+00:00,0.0019607843137254832
2026-08-05 00:00:00+00:00,0.0005050505050505083
2026-08-06 00:00:00+00:00,-0.0008322477927341272
2026-08-07 00:00:00+00:00,0.00010801468999784476
2026-08-10 00:00:00+00:00,-0.00018014123072488766
2026-08-11 00:00:00+00:00,0.001475563233282943
2026-08-12 00:00:00+00:00,-0.0025054466230936727
2026-08-13 00:00:00+00:00,-0.000500822780281888
2026-08-14 00:00:00+00:00,-0.0007846494043797595
2026-08-17 00:00:00+00:00,-0.003869364572239964
2026-08-18 00:00:00+00:00,3.4693311129615115e-05
2026-08-19 00:00:00+00:00,-0.0029842459573877394
2026-08-20 00:00:00+00:00,0.00020454080589077384
2026-08-21 00:00:00+00:00,-0.0005802443852822581
2026-08-24 00:00:00+00:00,0.0012244897959183634
2026-08-25 00:00:00+00:00,-0.0016447368421052728
2026-08-26 00:00:00+00:00,-0.003562703583061877
2026-08-27 00:00:00+00:00,-0.0002989834562487544
2026-08-28 00:00:00+00:00,-0.0026197108369810187
2026-08-31 00:00:00+00:00,0.00013059092393078822
2026-09-01 00:00:00+00:00,-0.00035801139193929627
2026-09-02 00:00:00+00:00,0.000966503622988927
2026-09-03 00:00:00+00:00,-0.006564890265697454
2026-09-04 00:00:00+00:00,-0.0009816805783250757
2026-09-08 00:00:00+00:00,1.1716016503238169e-05
2026-09-09 00:00:00+00:00,-0.00970906343180929
2026-09-10 00:00:00+00:00,0.0035206729624764526
2026-09-11 00:00:00+00:00,-0.00392110134755234
2026-09-14 00:00:00+00:00,0.003826670007277766
2026-09-15 00:00:00+00:00,0.006392028955915951
2026-09-16 00:00:00+00:00,-0.0010839577537473852
2026-09-17 00:00:00+00:00,-0.0002787844345175835
2026-09-18 00:00:00+00:00,-0.0022910098423522167
2026-09-21 00:00:00+00:00,-0.0014330030116890824
2026-09-22 00:00:00+00:00,0.005402447968876826
2026-09-23 00:00:00+00:00,0.0012270348312010495
2026-09-24 00:00:00+00:00,0.014753544388133272
2026-09-25 00:00:00+00:00,-0.005989660197106302
2026-09-28 00:00:00+00:00,-0.013657540692329606
2026-09-29 00:00:00+00:00,0.0023667071033423026
