Date,ret
2001-01-02 00:00:00+00:00,0.0
2001-01-03 00:00:00+00:00,0.0
2001-01-04 00:00:00+00:00,0.0
2001-01-05 00:00:00+00:00,0.0
2001-01-08 00:00:00+00:00,0.0
2001-01-09 00:00:00+00:00,0.0
2001-01-10 00:00:00+00:00,0.0
2001-01-11 00:00:00+00:00,0.0
2001-01-12 00:00:00+00:00,0.0
2001-01-16 00:00:00+00:00,0.0
2001-01-17 00:00:00+00:00,0.0
2001-01-18 00:00:00+00:00,0.0
2001-01-19 00:00:00+00:00,0.0
2001-01-22 00:00:00+00:00,0.0
2001-01-23 00:00:00+00:00,0.0
2001-01-24 00:00:00+00:00,0.0
2001-01-25 00:00:00+00:00,0.0
2001-01-26 00:00:00+00:00,0.0
2001-01-29 00:00:00+00:00,0.0
2001-01-30 00:00:00+00:00,0.0
2001-01-31 00:00:00+00:00,0.0
2001-02-01 00:00:00+00:00,0.0
2001-02-02 00:00:00+00:00,0.0
2001-02-05 00:00:00+00:00,0.0
2001-02-06 00:00:00+00:00,0.0
2001-02-07 00:00:00+00:00,0.0
2001-02-08 00:00:00+00:00,0.0
2001-02-09 00:00:00+00:00,0.0
2001-02-12 00:00:00+00:00,0.0
2001-02-13 00:00:00+00:00,0.0
2001-02-14 00:00:00+00:00,0.0
2001-02-15 00:00:00+00:00,0.0
2001-02-16 00:00:00+00:00,0.0
2001-02-20 00:00:00+00:00,0.0
2001-02-21 00:00:00+00:00,0.0
2001-02-22 00:00:00+00:00,0.0
2001-02-23 00:00:00+00:00,0.0
2001-02-26 00:00:00+00:00,0.0
2001-02-27 00:00:00+00:00,0.0
2001-02-28 00:00:00+00:00,0.0
2001-03-01 00:00:00+00:00,0.0
2001-03-02 00:00:00+00:00,0.0
2001-03-05 00:00:00+00:00,0.0
2001-03-06 00:00:00+00:00,0.0
2001-03-07 00:00:00+00:00,0.0
2001-03-08 00:00:00+00:00,0.0
2001-03-09 00:00:00+00:00,0.0
2001-03-12 00:00:00+00:00,0.0
2001-03-13 00:00:00+00:00,0.0
2001-03-14 00:00:00+00:00,0.0
2001-03-15 00:00:00+00:00,0.0
2001-03-16 00:00:00+00:00,0.0
2001-03-19 00:00:00+00:00,0.0
2001-03-20 00:00:00+00:00,0.0
2001-03-21 00:00:00+00:00,0.0
2001-03-22 00:00:00+00:00,0.0
2001-03-23 00:00:00+00:00,0.0
2001-03-26 00:00:00+00:00,0.0
2001-03-27 00:00:00+00:00,0.0
2001-03-28 00:00:00+00:00,0.0
2001-03-29 00:00:00+00:00,0.0
2001-03-30 00:00:00+00:00,0.0
2001-04-02 00:00:00+00:00,0.0
2001-04-03 00:00:00+00:00,0.0
2001-04-04 00:00:00+00:00,0.0
2001-04-05 00:00:00+00:00,0.0
2001-04-06 00:00:00+00:00,0.0
2001-04-09 00:00:00+00:00,0.0
2001-04-10 00:00:00+00:00,0.0
2001-04-11 00:00:00+00:00,0.0
2001-04-12 00:00:00+00:00,0.0
2001-04-16 00:00:00+00:00,0.0
2001-04-17 00:00:00+00:00,0.0
2001-04-18 00:00:00+00:00,0.0
2001-04-19 00:00:00+00:00,0.0
2001-04-20 00:00:00+00:00,0.0
2001-04-23 00:00:00+00:00,0.0
2001-04-24 00:00:00+00:00,0.0
2001-04-25 00:00:00+00:00,0.0
2001-04-26 00:00:00+00:00,0.0
2001-04-27 00:00:00+00:00,0.0
2001-04-30 00:00:00+00:00,0.0
2001-05-01 00:00:00+00:00,0.0
2001-05-02 00:00:00+00:00,0.0
2001-05-03 00:00:00+00:00,0.0
2001-05-04 00:00:00+00:00,0.0
2001-05-07 00:00:00+00:00,0.0
2001-05-08 00:00:00+00:00,0.0
2001-05-09 00:00:00+00:00,0.0
2001-05-10 00:00:00+00:00,0.0
2001-05-11 00:00:00+00:00,0.0
2001-05-14 00:00:00+00:00,0.0
2001-05-15 00:00:00+00:00,0.0
2001-05-16 00:00:00+00:00,0.0
2001-05-17 00:00:00+00:00,0.0
2001-05-18 00:00:00+00:00,0.0
2001-05-21 00:00:00+00:00,0.0
2001-05-22 00:00:00+00:00,0.0
2001-05-23 00:00:00+00:00,0.0
2001-05-24 00:00:00+00:00,0.0
2001-05-25 00:00:00+00:00,0.0
2001-05-29 00:00:00+00:00,0.0
2001-05-30 00:00:00+00:00,0.0
2001-05-31 00:00:00+00:00,0.0
2001-06-01 00:00:00+00:00,0.0
2001-06-04 00:00:00+00:00,0.0
2001-06-05 00:00:00+00:00,0.0
2001-06-06 00:00:00+00:00,0.0
2001-06-07 00:00:00+00:00,0.0
2001-06-08 00:00:00+00:00,0.0
2001-06-11 00:00:00+00:00,0.0
2001-06-12 00:00:00+00:00,0.0
2001-06-13 00:00:00+00:00,0.0
2001-06-14 00:00:00+00:00,0.0
2001-06-15 00:00:00+00:00,0.0
2001-06-18 00:00:00+00:00,0.0
2001-06-19 00:00:00+00:00,0.0
2001-06-20 00:00:00+00:00,0.0
2001-06-21 00:00:00+00:00,0.0
2001-06-22 00:00:00+00:00,0.0
2001-06-25 00:00:00+00:00,0.0
2001-06-26 00:00:00+00:00,0.0
2001-06-27 00:00:00+00:00,0.0
2001-06-28 00:00:00+00:00,0.0
2001-06-29 00:00:00+00:00,0.0
2001-07-02 00:00:00+00:00,0.0
2001-07-03 00:00:00+00:00,0.0
2001-07-05 00:00:00+00:00,0.0
2001-07-06 00:00:00+00:00,0.0
2001-07-09 00:00:00+00:00,0.0
2001-07-10 00:00:00+00:00,0.0
2001-07-11 00:00:00+00:00,0.0
2001-07-12 00:00:00+00:00,0.0
2001-07-13 00:00:00+00:00,0.0
2001-07-16 00:00:00+00:00,0.0
2001-07-17 00:00:00+00:00,0.0
2001-07-18 00:00:00+00:00,0.0
2001-07-19 00:00:00+00:00,0.0
2001-07-20 00:00:00+00:00,0.0
2001-07-23 00:00:00+00:00,0.0
2001-07-24 00:00:00+00:00,0.0
2001-07-25 00:00:00+00:00,0.0
2001-07-26 00:00:00+00:00,0.0
2001-07-27 00:00:00+00:00,0.0
2001-07-30 00:00:00+00:00,0.0
2001-07-31 00:00:00+00:00,0.0
2001-08-01 00:00:00+00:00,0.0
2001-08-02 00:00:00+00:00,0.0
2001-08-03 00:00:00+00:00,0.0
2001-08-06 00:00:00+00:00,0.0
2001-08-07 00:00:00+00:00,0.0
2001-08-08 00:00:00+00:00,0.0
2001-08-09 00:00:00+00:00,0.0
2001-08-10 00:00:00+00:00,0.0
2001-08-13 00:00:00+00:00,0.0
2001-08-14 00:00:00+00:00,0.0
2001-08-15 00:00:00+00:00,0.0
2001-08-16 00:00:00+00:00,0.0
2001-08-17 00:00:00+00:00,0.0
2001-08-20 00:00:00+00:00,0.0
2001-08-21 00:00:00+00:00,0.0
2001-08-22 00:00:00+00:00,0.0
2001-08-23 00:00:00+00:00,0.0
2001-08-24 00:00:00+00:00,0.0
2001-08-27 00:00:00+00:00,0.0
2001-08-28 00:00:00+00:00,0.0
2001-08-29 00:00:00+00:00,0.0
2001-08-30 00:00:00+00:00,0.0
2001-08-31 00:00:00+00:00,0.0
2001-09-04 00:00:00+00:00,0.0
2001-09-05 00:00:00+00:00,0.0
2001-09-06 00:00:00+00:00,0.0
2001-09-07 00:00:00+00:00,0.0
2001-09-10 00:00:00+00:00,0.0
2001-09-17 00:00:00+00:00,0.0
2001-09-18 00:00:00+00:00,0.0
2001-09-19 00:00:00+00:00,0.0
2001-09-20 00:00:00+00:00,0.0
2001-09-21 00:00:00+00:00,0.0
2001-09-24 00:00:00+00:00,0.0
2001-09-25 00:00:00+00:00,0.0
2001-09-26 00:00:00+00:00,0.0
2001-09-27 00:00:00+00:00,0.0
2001-09-28 00:00:00+00:00,0.0
2001-10-01 00:00:00+00:00,0.0
2001-10-02 00:00:00+00:00,0.0
2001-10-03 00:00:00+00:00,0.0
2001-10-04 00:00:00+00:00,0.0
2001-10-05 00:00:00+00:00,0.0
2001-10-08 00:00:00+00:00,0.0
2001-10-09 00:00:00+00:00,0.0
2001-10-10 00:00:00+00:00,0.0
2001-10-11 00:00:00+00:00,0.0
2001-10-12 00:00:00+00:00,0.0
2001-10-15 00:00:00+00:00,0.0
2001-10-16 00:00:00+00:00,0.0
2001-10-17 00:00:00+00:00,0.0
2001-10-18 00:00:00+00:00,0.0
2001-10-19 00:00:00+00:00,0.0
2001-10-22 00:00:00+00:00,0.0
2001-10-23 00:00:00+00:00,0.0
2001-10-24 00:00:00+00:00,0.0
2001-10-25 00:00:00+00:00,0.0
2001-10-26 00:00:00+00:00,0.0
2001-10-29 00:00:00+00:00,0.0
2001-10-30 00:00:00+00:00,0.0
2001-10-31 00:00:00+00:00,0.0
2001-11-01 00:00:00+00:00,0.0
2001-11-02 00:00:00+00:00,0.0
2001-11-05 00:00:00+00:00,0.0
2001-11-06 00:00:00+00:00,0.0
2001-11-07 00:00:00+00:00,0.0
2001-11-08 00:00:00+00:00,0.0
2001-11-09 00:00:00+00:00,0.0
2001-11-12 00:00:00+00:00,0.0
2001-11-13 00:00:00+00:00,0.0
2001-11-14 00:00:00+00:00,0.0
2001-11-15 00:00:00+00:00,0.0
2001-11-16 00:00:00+00:00,0.0
2001-11-19 00:00:00+00:00,0.0
2001-11-20 00:00:00+00:00,0.0
2001-11-21 00:00:00+00:00,0.0
2001-11-23 00:00:00+00:00,0.0
2001-11-26 00:00:00+00:00,0.0
2001-11-27 00:00:00+00:00,0.0
2001-11-28 00:00:00+00:00,0.0
2001-11-29 00:00:00+00:00,0.0
2001-11-30 00:00:00+00:00,0.0
2001-12-03 00:00:00+00:00,0.0
2001-12-04 00:00:00+00:00,0.0
2001-12-05 00:00:00+00:00,0.0
2001-12-06 00:00:00+00:00,0.0
2001-12-07 00:00:00+00:00,0.0
2001-12-10 00:00:00+00:00,0.0
2001-12-11 00:00:00+00:00,0.0
2001-12-12 00:00:00+00:00,0.0
2001-12-13 00:00:00+00:00,0.0
2001-12-14 00:00:00+00:00,0.0
2001-12-17 00:00:00+00:00,0.0
2001-12-18 00:00:00+00:00,0.0
2001-12-19 00:00:00+00:00,0.0
2001-12-20 00:00:00+00:00,0.0
2001-12-21 00:00:00+00:00,0.0
2001-12-24 00:00:00+00:00,0.0
2001-12-26 00:00:00+00:00,0.0
2001-12-27 00:00:00+00:00,0.0
2001-12-28 00:00:00+00:00,0.0
2001-12-31 00:00:00+00:00,0.0
2002-01-02 00:00:00+00:00,0.0
2002-01-03 00:00:00+00:00,0.0
2002-01-04 00:00:00+00:00,0.0
2002-01-07 00:00:00+00:00,0.0
2002-01-08 00:00:00+00:00,0.0
2002-01-09 00:00:00+00:00,0.0
2002-01-10 00:00:00+00:00,0.0
2002-01-11 00:00:00+00:00,0.0
2002-01-14 00:00:00+00:00,0.0
2002-01-15 00:00:00+00:00,0.0
2002-01-16 00:00:00+00:00,0.0
2002-01-17 00:00:00+00:00,0.0
2002-01-18 00:00:00+00:00,0.0
2002-01-22 00:00:00+00:00,0.0
2002-01-23 00:00:00+00:00,0.0
2002-01-24 00:00:00+00:00,0.0
2002-01-25 00:00:00+00:00,0.0
2002-01-28 00:00:00+00:00,0.0
2002-01-29 00:00:00+00:00,0.0
2002-01-30 00:00:00+00:00,0.0
2002-01-31 00:00:00+00:00,0.0
2002-02-01 00:00:00+00:00,0.0
2002-02-04 00:00:00+00:00,0.0
2002-02-05 00:00:00+00:00,0.0
2002-02-06 00:00:00+00:00,0.0
2002-02-07 00:00:00+00:00,0.0
2002-02-08 00:00:00+00:00,0.0
2002-02-11 00:00:00+00:00,0.0
2002-02-12 00:00:00+00:00,0.0
2002-02-13 00:00:00+00:00,0.0
2002-02-14 00:00:00+00:00,0.0
2002-02-15 00:00:00+00:00,0.0
2002-02-19 00:00:00+00:00,0.0
2002-02-20 00:00:00+00:00,0.0
2002-02-21 00:00:00+00:00,0.0
2002-02-22 00:00:00+00:00,0.0
2002-02-25 00:00:00+00:00,0.0
2002-02-26 00:00:00+00:00,0.0
2002-02-27 00:00:00+00:00,0.0
2002-02-28 00:00:00+00:00,0.0
2002-03-01 00:00:00+00:00,0.0
2002-03-04 00:00:00+00:00,0.0
2002-03-05 00:00:00+00:00,0.0
2002-03-06 00:00:00+00:00,0.0
2002-03-07 00:00:00+00:00,0.0
2002-03-08 00:00:00+00:00,0.0
2002-03-11 00:00:00+00:00,0.0
2002-03-12 00:00:00+00:00,0.0
2002-03-13 00:00:00+00:00,0.0
2002-03-14 00:00:00+00:00,0.0
2002-03-15 00:00:00+00:00,0.0
2002-03-18 00:00:00+00:00,0.0
2002-03-19 00:00:00+00:00,0.0
2002-03-20 00:00:00+00:00,0.0
2002-03-21 00:00:00+00:00,0.0
2002-03-22 00:00:00+00:00,0.0
2002-03-25 00:00:00+00:00,0.0
2002-03-26 00:00:00+00:00,0.0
2002-03-27 00:00:00+00:00,0.0
2002-03-28 00:00:00+00:00,0.0
2002-04-01 00:00:00+00:00,0.0
2002-04-02 00:00:00+00:00,0.0
2002-04-03 00:00:00+00:00,0.0
2002-04-04 00:00:00+00:00,0.0
2002-04-05 00:00:00+00:00,0.0
2002-04-08 00:00:00+00:00,0.0
2002-04-09 00:00:00+00:00,0.0
2002-04-10 00:00:00+00:00,0.0
2002-04-11 00:00:00+00:00,0.0
2002-04-12 00:00:00+00:00,0.0
2002-04-15 00:00:00+00:00,0.0
2002-04-16 00:00:00+00:00,0.0
2002-04-17 00:00:00+00:00,0.0
2002-04-18 00:00:00+00:00,0.0
2002-04-19 00:00:00+00:00,0.0
2002-04-22 00:00:00+00:00,0.0
2002-04-23 00:00:00+00:00,0.0
2002-04-24 00:00:00+00:00,0.0
2002-04-25 00:00:00+00:00,0.0
2002-04-26 00:00:00+00:00,0.0
2002-04-29 00:00:00+00:00,0.0
2002-04-30 00:00:00+00:00,0.0
2002-05-01 00:00:00+00:00,0.0
2002-05-02 00:00:00+00:00,0.0
2002-05-03 00:00:00+00:00,0.0
2002-05-06 00:00:00+00:00,0.0
2002-05-07 00:00:00+00:00,0.0
2002-05-08 00:00:00+00:00,0.0
2002-05-09 00:00:00+00:00,0.0
2002-05-10 00:00:00+00:00,0.0
2002-05-13 00:00:00+00:00,0.0
2002-05-14 00:00:00+00:00,0.0
2002-05-15 00:00:00+00:00,0.0
2002-05-16 00:00:00+00:00,0.0
2002-05-17 00:00:00+00:00,0.0
2002-05-20 00:00:00+00:00,0.0
2002-05-21 00:00:00+00:00,0.0
2002-05-22 00:00:00+00:00,0.0
2002-05-23 00:00:00+00:00,0.0
2002-05-24 00:00:00+00:00,0.0
2002-05-28 00:00:00+00:00,0.0
2002-05-29 00:00:00+00:00,0.0
2002-05-30 00:00:00+00:00,0.0
2002-05-31 00:00:00+00:00,0.0
2002-06-03 00:00:00+00:00,0.0
2002-06-04 00:00:00+00:00,0.0
2002-06-05 00:00:00+00:00,0.0
2002-06-06 00:00:00+00:00,0.0
2002-06-07 00:00:00+00:00,0.0
2002-06-10 00:00:00+00:00,0.0
2002-06-11 00:00:00+00:00,0.0
2002-06-12 00:00:00+00:00,0.0
2002-06-13 00:00:00+00:00,0.0
2002-06-14 00:00:00+00:00,0.0
2002-06-17 00:00:00+00:00,0.0
2002-06-18 00:00:00+00:00,0.0
2002-06-19 00:00:00+00:00,0.0
2002-06-20 00:00:00+00:00,0.0
2002-06-21 00:00:00+00:00,0.0
2002-06-24 00:00:00+00:00,0.0
2002-06-25 00:00:00+00:00,0.0
2002-06-26 00:00:00+00:00,0.0
2002-06-27 00:00:00+00:00,0.0
2002-06-28 00:00:00+00:00,0.0
2002-07-01 00:00:00+00:00,0.0
2002-07-02 00:00:00+00:00,0.0
2002-07-03 00:00:00+00:00,0.0
2002-07-05 00:00:00+00:00,0.0
2002-07-08 00:00:00+00:00,0.0
2002-07-09 00:00:00+00:00,0.0
2002-07-10 00:00:00+00:00,0.0
2002-07-11 00:00:00+00:00,0.0
2002-07-12 00:00:00+00:00,0.0
2002-07-15 00:00:00+00:00,0.0
2002-07-16 00:00:00+00:00,0.0
2002-07-17 00:00:00+00:00,0.0
2002-07-18 00:00:00+00:00,0.0
2002-07-19 00:00:00+00:00,0.0
2002-07-22 00:00:00+00:00,0.0
2002-07-23 00:00:00+00:00,0.0
2002-07-24 00:00:00+00:00,0.0
2002-07-25 00:00:00+00:00,0.0
2002-07-26 00:00:00+00:00,0.0
2002-07-29 00:00:00+00:00,0.0
2002-07-30 00:00:00+00:00,0.0
2002-07-31 00:00:00+00:00,0.0
2002-08-01 00:00:00+00:00,0.0
2002-08-02 00:00:00+00:00,0.0
2002-08-05 00:00:00+00:00,0.0
2002-08-06 00:00:00+00:00,0.0
2002-08-07 00:00:00+00:00,0.0
2002-08-08 00:00:00+00:00,0.0
2002-08-09 00:00:00+00:00,0.0
2002-08-12 00:00:00+00:00,0.0
2002-08-13 00:00:00+00:00,0.0
2002-08-14 00:00:00+00:00,0.0
2002-08-15 00:00:00+00:00,0.0
2002-08-16 00:00:00+00:00,0.0
2002-08-19 00:00:00+00:00,0.0
2002-08-20 00:00:00+00:00,0.0
2002-08-21 00:00:00+00:00,0.0
2002-08-22 00:00:00+00:00,0.0
2002-08-23 00:00:00+00:00,0.0
2002-08-26 00:00:00+00:00,0.0
2002-08-27 00:00:00+00:00,0.0
2002-08-28 00:00:00+00:00,0.0
2002-08-29 00:00:00+00:00,0.0
2002-08-30 00:00:00+00:00,0.0
2002-09-03 00:00:00+00:00,0.0
2002-09-04 00:00:00+00:00,0.0
2002-09-05 00:00:00+00:00,0.0
2002-09-06 00:00:00+00:00,0.0
2002-09-09 00:00:00+00:00,0.0
2002-09-10 00:00:00+00:00,0.0
2002-09-11 00:00:00+00:00,0.0
2002-09-12 00:00:00+00:00,0.0
2002-09-13 00:00:00+00:00,0.0
2002-09-16 00:00:00+00:00,0.0
2002-09-17 00:00:00+00:00,0.0
2002-09-18 00:00:00+00:00,0.0
2002-09-19 00:00:00+00:00,0.0
2002-09-20 00:00:00+00:00,0.0
2002-09-23 00:00:00+00:00,0.0
2002-09-24 00:00:00+00:00,0.0
2002-09-25 00:00:00+00:00,0.0
2002-09-26 00:00:00+00:00,0.0
2002-09-27 00:00:00+00:00,0.0
2002-09-30 00:00:00+00:00,0.0
2002-10-01 00:00:00+00:00,0.0
2002-10-02 00:00:00+00:00,0.0
2002-10-03 00:00:00+00:00,0.0
2002-10-04 00:00:00+00:00,0.0
2002-10-07 00:00:00+00:00,0.0
2002-10-08 00:00:00+00:00,0.0
2002-10-09 00:00:00+00:00,0.0
2002-10-10 00:00:00+00:00,0.0
2002-10-11 00:00:00+00:00,0.0
2002-10-14 00:00:00+00:00,0.0
2002-10-15 00:00:00+00:00,0.0
2002-10-16 00:00:00+00:00,0.0
2002-10-17 00:00:00+00:00,0.0
2002-10-18 00:00:00+00:00,0.0
2002-10-21 00:00:00+00:00,0.0
2002-10-22 00:00:00+00:00,0.0
2002-10-23 00:00:00+00:00,0.0
2002-10-24 00:00:00+00:00,0.0
2002-10-25 00:00:00+00:00,0.0
2002-10-28 00:00:00+00:00,0.0
2002-10-29 00:00:00+00:00,0.0
2002-10-30 00:00:00+00:00,0.0
2002-10-31 00:00:00+00:00,0.0
2002-11-01 00:00:00+00:00,0.0
2002-11-04 00:00:00+00:00,0.0
2002-11-05 00:00:00+00:00,0.0
2002-11-06 00:00:00+00:00,0.0
2002-11-07 00:00:00+00:00,0.0
2002-11-08 00:00:00+00:00,0.0
2002-11-11 00:00:00+00:00,0.0
2002-11-12 00:00:00+00:00,0.0
2002-11-13 00:00:00+00:00,0.0
2002-11-14 00:00:00+00:00,0.0
2002-11-15 00:00:00+00:00,0.0
2002-11-18 00:00:00+00:00,0.0
2002-11-19 00:00:00+00:00,0.0
2002-11-20 00:00:00+00:00,0.0
2002-11-21 00:00:00+00:00,0.0
2002-11-22 00:00:00+00:00,0.0
2002-11-25 00:00:00+00:00,0.0
2002-11-26 00:00:00+00:00,0.0
2002-11-27 00:00:00+00:00,0.0
2002-11-29 00:00:00+00:00,0.0
2002-12-02 00:00:00+00:00,0.0
2002-12-03 00:00:00+00:00,0.0
2002-12-04 00:00:00+00:00,0.0
2002-12-05 00:00:00+00:00,0.0
2002-12-06 00:00:00+00:00,0.0
2002-12-09 00:00:00+00:00,0.0
2002-12-10 00:00:00+00:00,0.0
2002-12-11 00:00:00+00:00,0.0
2002-12-12 00:00:00+00:00,0.0
2002-12-13 00:00:00+00:00,0.0
2002-12-16 00:00:00+00:00,0.0
2002-12-17 00:00:00+00:00,0.0
2002-12-18 00:00:00+00:00,0.0
2002-12-19 00:00:00+00:00,0.0
2002-12-20 00:00:00+00:00,0.0
2002-12-23 00:00:00+00:00,0.0
2002-12-24 00:00:00+00:00,0.0
2002-12-26 00:00:00+00:00,0.0
2002-12-27 00:00:00+00:00,0.0
2002-12-30 00:00:00+00:00,0.0
2002-12-31 00:00:00+00:00,0.0
2003-01-02 00:00:00+00:00,0.0
2003-01-03 00:00:00+00:00,0.0
2003-01-06 00:00:00+00:00,0.0
2003-01-07 00:00:00+00:00,0.0
2003-01-08 00:00:00+00:00,0.0
2003-01-09 00:00:00+00:00,0.0
2003-01-10 00:00:00+00:00,0.0
2003-01-13 00:00:00+00:00,0.0
2003-01-14 00:00:00+00:00,0.0
2003-01-15 00:00:00+00:00,0.0
2003-01-16 00:00:00+00:00,0.0
2003-01-17 00:00:00+00:00,0.0
2003-01-21 00:00:00+00:00,0.0
2003-01-22 00:00:00+00:00,0.0
2003-01-23 00:00:00+00:00,0.0
2003-01-24 00:00:00+00:00,0.0
2003-01-27 00:00:00+00:00,0.0
2003-01-28 00:00:00+00:00,0.0
2003-01-29 00:00:00+00:00,0.0
2003-01-30 00:00:00+00:00,0.0
2003-01-31 00:00:00+00:00,0.0
2003-02-03 00:00:00+00:00,0.0
2003-02-04 00:00:00+00:00,0.0
2003-02-05 00:00:00+00:00,0.0
2003-02-06 00:00:00+00:00,0.0
2003-02-07 00:00:00+00:00,0.0
2003-02-10 00:00:00+00:00,0.0
2003-02-11 00:00:00+00:00,0.0
2003-02-12 00:00:00+00:00,0.0
2003-02-13 00:00:00+00:00,0.0
2003-02-14 00:00:00+00:00,0.0
2003-02-18 00:00:00+00:00,0.0
2003-02-19 00:00:00+00:00,0.0
2003-02-20 00:00:00+00:00,0.0
2003-02-21 00:00:00+00:00,0.0
2003-02-24 00:00:00+00:00,0.0
2003-02-25 00:00:00+00:00,0.0
2003-02-26 00:00:00+00:00,0.0
2003-02-27 00:00:00+00:00,0.0
2003-02-28 00:00:00+00:00,0.0
2003-03-03 00:00:00+00:00,0.0
2003-03-04 00:00:00+00:00,0.0
2003-03-05 00:00:00+00:00,0.0
2003-03-06 00:00:00+00:00,0.0
2003-03-07 00:00:00+00:00,0.0
2003-03-10 00:00:00+00:00,0.0
2003-03-11 00:00:00+00:00,0.0
2003-03-12 00:00:00+00:00,0.0
2003-03-13 00:00:00+00:00,0.0
2003-03-14 00:00:00+00:00,0.0
2003-03-17 00:00:00+00:00,0.0
2003-03-18 00:00:00+00:00,0.0
2003-03-19 00:00:00+00:00,0.0
2003-03-20 00:00:00+00:00,0.0
2003-03-21 00:00:00+00:00,0.0
2003-03-24 00:00:00+00:00,0.0
2003-03-25 00:00:00+00:00,0.0
2003-03-26 00:00:00+00:00,0.0
2003-03-27 00:00:00+00:00,0.0
2003-03-28 00:00:00+00:00,0.0
2003-03-31 00:00:00+00:00,0.0
2003-04-01 00:00:00+00:00,0.0
2003-04-02 00:00:00+00:00,0.0
2003-04-03 00:00:00+00:00,0.0
2003-04-04 00:00:00+00:00,0.0
2003-04-07 00:00:00+00:00,0.0
2003-04-08 00:00:00+00:00,0.0
2003-04-09 00:00:00+00:00,0.0
2003-04-10 00:00:00+00:00,0.0
2003-04-11 00:00:00+00:00,0.0
2003-04-14 00:00:00+00:00,0.0
2003-04-15 00:00:00+00:00,0.0
2003-04-16 00:00:00+00:00,0.0
2003-04-17 00:00:00+00:00,0.0
2003-04-21 00:00:00+00:00,0.0
2003-04-22 00:00:00+00:00,0.0
2003-04-23 00:00:00+00:00,0.0
2003-04-24 00:00:00+00:00,0.0
2003-04-25 00:00:00+00:00,0.0
2003-04-28 00:00:00+00:00,0.0
2003-04-29 00:00:00+00:00,0.0
2003-04-30 00:00:00+00:00,0.0
2003-05-01 00:00:00+00:00,0.0
2003-05-02 00:00:00+00:00,0.0
2003-05-05 00:00:00+00:00,0.0
2003-05-06 00:00:00+00:00,0.0
2003-05-07 00:00:00+00:00,0.0
2003-05-08 00:00:00+00:00,0.0
2003-05-09 00:00:00+00:00,0.0
2003-05-12 00:00:00+00:00,0.0
2003-05-13 00:00:00+00:00,0.0
2003-05-14 00:00:00+00:00,0.0
2003-05-15 00:00:00+00:00,0.0
2003-05-16 00:00:00+00:00,0.0
2003-05-19 00:00:00+00:00,0.0
2003-05-20 00:00:00+00:00,0.0
2003-05-21 00:00:00+00:00,0.0
2003-05-22 00:00:00+00:00,0.0
2003-05-23 00:00:00+00:00,0.0
2003-05-27 00:00:00+00:00,0.0
2003-05-28 00:00:00+00:00,0.0
2003-05-29 00:00:00+00:00,0.0
2003-05-30 00:00:00+00:00,0.0
2003-06-02 00:00:00+00:00,0.0
2003-06-03 00:00:00+00:00,0.0
2003-06-04 00:00:00+00:00,0.0
2003-06-05 00:00:00+00:00,0.0
2003-06-06 00:00:00+00:00,0.0
2003-06-09 00:00:00+00:00,0.0
2003-06-10 00:00:00+00:00,0.0
2003-06-11 00:00:00+00:00,0.0
2003-06-12 00:00:00+00:00,0.0
2003-06-13 00:00:00+00:00,0.0
2003-06-16 00:00:00+00:00,0.0
2003-06-17 00:00:00+00:00,0.0
2003-06-18 00:00:00+00:00,0.0
2003-06-19 00:00:00+00:00,0.0
2003-06-20 00:00:00+00:00,0.0
2003-06-23 00:00:00+00:00,0.0
2003-06-24 00:00:00+00:00,0.0
2003-06-25 00:00:00+00:00,0.0
2003-06-26 00:00:00+00:00,0.0
2003-06-27 00:00:00+00:00,0.0
2003-06-30 00:00:00+00:00,0.0
2003-07-01 00:00:00+00:00,0.0
2003-07-02 00:00:00+00:00,0.0
2003-07-03 00:00:00+00:00,0.0
2003-07-07 00:00:00+00:00,0.0
2003-07-08 00:00:00+00:00,0.0
2003-07-09 00:00:00+00:00,0.0
2003-07-10 00:00:00+00:00,0.0
2003-07-11 00:00:00+00:00,0.0
2003-07-14 00:00:00+00:00,0.0
2003-07-15 00:00:00+00:00,0.0
2003-07-16 00:00:00+00:00,0.0
2003-07-17 00:00:00+00:00,0.0
2003-07-18 00:00:00+00:00,0.0
2003-07-21 00:00:00+00:00,0.0
2003-07-22 00:00:00+00:00,0.0
2003-07-23 00:00:00+00:00,0.0
2003-07-24 00:00:00+00:00,0.0
2003-07-25 00:00:00+00:00,0.0
2003-07-28 00:00:00+00:00,0.0
2003-07-29 00:00:00+00:00,0.0
2003-07-30 00:00:00+00:00,0.0
2003-07-31 00:00:00+00:00,0.0
2003-08-01 00:00:00+00:00,0.0
2003-08-04 00:00:00+00:00,0.0
2003-08-05 00:00:00+00:00,0.0
2003-08-06 00:00:00+00:00,0.0
2003-08-07 00:00:00+00:00,0.0
2003-08-08 00:00:00+00:00,0.0
2003-08-11 00:00:00+00:00,0.0
2003-08-12 00:00:00+00:00,0.0
2003-08-13 00:00:00+00:00,0.0
2003-08-14 00:00:00+00:00,0.0
2003-08-15 00:00:00+00:00,0.0
2003-08-18 00:00:00+00:00,0.0
2003-08-19 00:00:00+00:00,0.0
2003-08-20 00:00:00+00:00,0.0
2003-08-21 00:00:00+00:00,0.0
2003-08-22 00:00:00+00:00,0.0
2003-08-25 00:00:00+00:00,0.0
2003-08-26 00:00:00+00:00,0.0
2003-08-27 00:00:00+00:00,0.0
2003-08-28 00:00:00+00:00,0.0
2003-08-29 00:00:00+00:00,0.0
2003-09-02 00:00:00+00:00,0.0
2003-09-03 00:00:00+00:00,0.0
2003-09-04 00:00:00+00:00,0.0
2003-09-05 00:00:00+00:00,0.0
2003-09-08 00:00:00+00:00,0.0
2003-09-09 00:00:00+00:00,0.0
2003-09-10 00:00:00+00:00,0.0
2003-09-11 00:00:00+00:00,0.0
2003-09-12 00:00:00+00:00,0.0
2003-09-15 00:00:00+00:00,0.0
2003-09-16 00:00:00+00:00,0.0
2003-09-17 00:00:00+00:00,0.0
2003-09-18 00:00:00+00:00,0.0
2003-09-19 00:00:00+00:00,0.0
2003-09-22 00:00:00+00:00,0.0
2003-09-23 00:00:00+00:00,0.0
2003-09-24 00:00:00+00:00,0.0
2003-09-25 00:00:00+00:00,0.0
2003-09-26 00:00:00+00:00,0.0
2003-09-29 00:00:00+00:00,0.0
2003-09-30 00:00:00+00:00,0.0
2003-10-01 00:00:00+00:00,0.0
2003-10-02 00:00:00+00:00,0.0
2003-10-03 00:00:00+00:00,0.0
2003-10-06 00:00:00+00:00,0.0
2003-10-07 00:00:00+00:00,0.0
2003-10-08 00:00:00+00:00,0.0
2003-10-09 00:00:00+00:00,0.0
2003-10-10 00:00:00+00:00,0.0
2003-10-13 00:00:00+00:00,0.0
2003-10-14 00:00:00+00:00,0.0
2003-10-15 00:00:00+00:00,0.0
2003-10-16 00:00:00+00:00,0.0
2003-10-17 00:00:00+00:00,0.0
2003-10-20 00:00:00+00:00,0.0
2003-10-21 00:00:00+00:00,0.0
2003-10-22 00:00:00+00:00,0.0
2003-10-23 00:00:00+00:00,0.0
2003-10-24 00:00:00+00:00,0.0
2003-10-27 00:00:00+00:00,0.0
2003-10-28 00:00:00+00:00,0.0
2003-10-29 00:00:00+00:00,0.0
2003-10-30 00:00:00+00:00,0.0
2003-10-31 00:00:00+00:00,0.0
2003-11-03 00:00:00+00:00,0.0
2003-11-04 00:00:00+00:00,0.0
2003-11-05 00:00:00+00:00,0.0
2003-11-06 00:00:00+00:00,0.0
2003-11-07 00:00:00+00:00,0.0
2003-11-10 00:00:00+00:00,0.0
2003-11-11 00:00:00+00:00,0.0
2003-11-12 00:00:00+00:00,0.0
2003-11-13 00:00:00+00:00,0.0
2003-11-14 00:00:00+00:00,0.0
2003-11-17 00:00:00+00:00,0.0
2003-11-18 00:00:00+00:00,0.0
2003-11-19 00:00:00+00:00,0.0
2003-11-20 00:00:00+00:00,0.0
2003-11-21 00:00:00+00:00,0.0
2003-11-24 00:00:00+00:00,0.0
2003-11-25 00:00:00+00:00,0.0
2003-11-26 00:00:00+00:00,0.0
2003-11-28 00:00:00+00:00,0.0
2003-12-01 00:00:00+00:00,0.0
2003-12-02 00:00:00+00:00,0.0
2003-12-03 00:00:00+00:00,0.0
2003-12-04 00:00:00+00:00,0.0
2003-12-05 00:00:00+00:00,0.0
2003-12-08 00:00:00+00:00,0.0
2003-12-09 00:00:00+00:00,0.0
2003-12-10 00:00:00+00:00,0.0
2003-12-11 00:00:00+00:00,0.0
2003-12-12 00:00:00+00:00,0.0
2003-12-15 00:00:00+00:00,0.0
2003-12-16 00:00:00+00:00,0.0
2003-12-17 00:00:00+00:00,0.0
2003-12-18 00:00:00+00:00,0.0
2003-12-19 00:00:00+00:00,0.0
2003-12-22 00:00:00+00:00,0.0
2003-12-23 00:00:00+00:00,0.0
2003-12-24 00:00:00+00:00,0.0
2003-12-26 00:00:00+00:00,0.0
2003-12-29 00:00:00+00:00,0.0
2003-12-30 00:00:00+00:00,0.0
2003-12-31 00:00:00+00:00,0.0
2004-01-02 00:00:00+00:00,0.0
2004-01-05 00:00:00+00:00,0.0
2004-01-06 00:00:00+00:00,0.0
2004-01-07 00:00:00+00:00,0.0
2004-01-08 00:00:00+00:00,0.0
2004-01-09 00:00:00+00:00,0.0
2004-01-12 00:00:00+00:00,0.0
2004-01-13 00:00:00+00:00,0.0
2004-01-14 00:00:00+00:00,0.0
2004-01-15 00:00:00+00:00,0.0
2004-01-16 00:00:00+00:00,0.0
2004-01-20 00:00:00+00:00,0.0
2004-01-21 00:00:00+00:00,0.0
2004-01-22 00:00:00+00:00,0.0
2004-01-23 00:00:00+00:00,0.0
2004-01-26 00:00:00+00:00,0.0
2004-01-27 00:00:00+00:00,0.0
2004-01-28 00:00:00+00:00,0.0
2004-01-29 00:00:00+00:00,0.0
2004-01-30 00:00:00+00:00,0.0
2004-02-02 00:00:00+00:00,0.0038176838036418363
2004-02-03 00:00:00+00:00,-0.001667550344015889
2004-02-04 00:00:00+00:00,-0.008172888071567352
2004-02-05 00:00:00+00:00,0.0029238353332954325
2004-02-06 00:00:00+00:00,0.011221443333818915
2004-02-09 00:00:00+00:00,0.0002621240180695761
2004-02-10 00:00:00+00:00,0.0032315448015216575
2004-02-11 00:00:00+00:00,0.01062285747966274
2004-02-12 00:00:00+00:00,-0.0036183189088910828
2004-02-13 00:00:00+00:00,-0.00449627245089701
2004-02-17 00:00:00+00:00,0.009033260789513609
2004-02-18 00:00:00+00:00,-0.004390529074017269
2004-02-19 00:00:00+00:00,-0.003717939575316964
2004-02-20 00:00:00+00:00,-0.003036979998377931
2004-02-23 00:00:00+00:00,-0.002524750001181575
2004-02-24 00:00:00+00:00,-0.0017450231807830674
2004-02-25 00:00:00+00:00,0.004196083567815201
2004-02-26 00:00:00+00:00,0.0006091183723053728
2004-02-27 00:00:00+00:00,0.0006959843062321891
2004-03-01 00:00:00+00:00,0.009911556472310235
2004-03-02 00:00:00+00:00,-0.005853682792089976
2004-03-03 00:00:00+00:00,0.0018185022879577684
2004-03-04 00:00:00+00:00,0.0025929450685666655
2004-03-05 00:00:00+00:00,0.003361772203208213
2004-03-08 00:00:00+00:00,-0.012200893535121549
2004-03-09 00:00:00+00:00,-0.00400153903801681
2004-03-10 00:00:00+00:00,-0.016768617036034383
2004-03-11 00:00:00+00:00,-0.01296825934794843
2004-03-12 00:00:00+00:00,0.01313864469989734
2004-03-15 00:00:00+00:00,-0.012257582646436505
2004-03-16 00:00:00+00:00,0.005305945253689881
2004-03-17 00:00:00+00:00,0.011181265273565666
2004-03-18 00:00:00+00:00,0.00026518929150309845
2004-03-19 00:00:00+00:00,-0.014333282455007978
2004-03-22 00:00:00+00:00,-0.012695481843822187
2004-03-23 00:00:00+00:00,-0.0017330724136193076
2004-03-24 00:00:00+00:00,0.0008225036839668576
2004-03-25 00:00:00+00:00,0.013235829251077469
2004-03-26 00:00:00+00:00,0.0002705714969883921
2004-03-29 00:00:00+00:00,0.014049738096674869
2004-03-30 00:00:00+00:00,0.003375227514995416
2004-03-31 00:00:00+00:00,0.0011513512863565722
2004-04-01 00:00:00+00:00,0.00601140866881722
2004-04-02 00:00:00+00:00,0.007558847099776056
2004-04-05 00:00:00+00:00,0.005495463842432491
2004-04-06 00:00:00+00:00,-0.003209671116565116
2004-04-07 00:00:00+00:00,-0.0023501837978381346
2004-04-08 00:00:00+00:00,-0.0022676492979586405
2004-04-12 00:00:00+00:00,0.003934352110674277
2004-04-13 00:00:00+00:00,-0.014022000527951661
2004-04-14 00:00:00+00:00,0.001589907241175359
2004-04-15 00:00:00+00:00,-0.003792319565587232
2004-04-16 00:00:00+00:00,0.007701865835264332
2004-04-19 00:00:00+00:00,0.0
2004-04-20 00:00:00+00:00,-0.016779165555094178
2004-04-21 00:00:00+00:00,0.006700865777489851
2004-04-22 00:00:00+00:00,0.014023730376238497
2004-04-23 00:00:00+00:00,0.0009628325089574563
2004-04-26 00:00:00+00:00,-0.0013989717990114947
2004-04-27 00:00:00+00:00,0.0008753554871654412
2004-04-28 00:00:00+00:00,-0.012948644028108913
2004-04-29 00:00:00+00:00,-0.008775127784826586
2004-04-30 00:00:00+00:00,-0.007779485278578635
2004-05-03 00:00:00+00:00,0.010724573449867325
2004-05-04 00:00:00+00:00,-0.0008025699482461235
2004-05-05 00:00:00+00:00,0.006425305769071521
2004-05-06 00:00:00+00:00,-0.00860094259757549
2004-05-07 00:00:00+00:00,-0.016546316621463997
2004-05-10 00:00:00+00:00,-0.010275639004359571
2004-05-11 00:00:00+00:00,0.008453309264633502
2004-05-12 00:00:00+00:00,0.006377722935269281
2004-05-13 00:00:00+00:00,-0.004164455392999478
2004-05-14 00:00:00+00:00,0.0004547445450278076
2004-05-17 00:00:00+00:00,-0.00854280083187231
2004-05-18 00:00:00+00:00,0.005041625964996355
2004-05-19 00:00:00+00:00,-0.003465724892076638
2004-05-20 00:00:00+00:00,0.003203133329147567
2004-05-21 00:00:00+00:00,0.0017330218101576644
2004-05-24 00:00:00+00:00,0.004189460389450783
2004-05-25 00:00:00+00:00,0.01432832174913412
2004-05-26 00:00:00+00:00,0.0034867877410886816
2004-05-27 00:00:00+00:00,0.005612971617612317
2004-05-28 00:00:00+00:00,-8.862825089239745e-05
2004-06-01 00:00:00+00:00,-0.001328929611405627
2004-06-02 00:00:00+00:00,0.0037258318828667925
2004-06-03 00:00:00+00:00,-0.009192393408673616
2004-06-04 00:00:00+00:00,0.007939619048225488
2004-06-07 00:00:00+00:00,0.015224534423524005
2004-06-08 00:00:00+00:00,0.0013941223256781488
2004-06-09 00:00:00+00:00,-0.009315118082363516
2004-06-10 00:00:00+00:00,0.004921233057907148
2004-06-14 00:00:00+00:00,-0.009882150087677455
2004-06-15 00:00:00+00:00,0.007065801682534234
2004-06-16 00:00:00+00:00,-0.00017516588006927236
2004-06-17 00:00:00+00:00,-0.0014912408784184539
2004-06-18 00:00:00+00:00,0.0018873641159524723
2004-06-21 00:00:00+00:00,-0.003785079665939106
2004-06-22 00:00:00+00:00,0.005035990466847551
2004-06-23 00:00:00+00:00,0.008613847342054948
2004-06-24 00:00:00+00:00,-0.003137724014623533
2004-06-25 00:00:00+00:00,-0.004807730872151583
2004-06-28 00:00:00+00:00,-0.0034251643995287795
2004-06-29 00:00:00+00:00,0.004141995742347859
2004-06-30 00:00:00+00:00,0.005355033764963935
2004-07-01 00:00:00+00:00,-0.013883095781143218
2004-07-02 00:00:00+00:00,-0.0005316396691545933
2004-07-06 00:00:00+00:00,-0.0087698619948261
2004-07-07 00:00:00+00:00,0.0029492534865485087
2004-07-08 00:00:00+00:00,-0.006950854348591995
2004-07-09 00:00:00+00:00,0.0026021722884450593
2004-07-12 00:00:00+00:00,0.000447471799729815
2004-07-13 00:00:00+00:00,0.0007161066536147676
2004-07-14 00:00:00+00:00,-0.0030396604685414275
2004-07-15 00:00:00+00:00,-0.006456281537688291
2004-07-16 00:00:00+00:00,-0.000812188920567225
2004-07-19 00:00:00+00:00,-0.004245235519040325
2004-07-20 00:00:00+00:00,0.01269959052138736
2004-07-21 00:00:00+00:00,-0.018452357530698182
2004-07-22 00:00:00+00:00,0.00273792629767855
2004-07-23 00:00:00+00:00,-0.008373291145899908
2004-07-26 00:00:00+00:00,-0.001927286082455515
2004-07-27 00:00:00+00:00,0.009379662330468719
2004-07-28 00:00:00+00:00,0.0030058997888513517
2004-07-29 00:00:00+00:00,0.004269486878182516
2004-07-30 00:00:00+00:00,0.0024414269152794876
2004-08-02 00:00:00+00:00,0.0020749601605993817
2004-08-03 00:00:00+00:00,-0.00774258012204232
2004-08-04 00:00:00+00:00,-9.054130588037612e-05
2004-08-05 00:00:00+00:00,-0.016334089785974282
2004-08-06 00:00:00+00:00,-0.014298598697755405
2004-08-09 00:00:00+00:00,0.0014037247385634277
2004-08-10 00:00:00+00:00,0.012896872399910553
2004-08-11 00:00:00+00:00,-0.002029987128175703
2004-08-12 00:00:00+00:00,-0.010909489245068404
2004-08-13 00:00:00+00:00,0.001962741259197154
2004-08-16 00:00:00+00:00,0.010355817859331928
2004-08-17 00:00:00+00:00,0.005632496744189419
2004-08-18 00:00:00+00:00,0.010283466973365352
2004-08-19 00:00:00+00:00,-0.002908316116240872
2004-08-20 00:00:00+00:00,0.007018822240436151
2004-08-23 00:00:00+00:00,-0.002534462534169779
2004-08-24 00:00:00+00:00,0.001361260882073001
2004-08-25 00:00:00+00:00,0.006796636095957265
2004-08-26 00:00:00+00:00,0.0
2004-08-27 00:00:00+00:00,0.0031504756013385204
2004-08-30 00:00:00+00:00,-0.008254921713933827
2004-08-31 00:00:00+00:00,0.005247085696069798
2004-09-01 00:00:00+00:00,0.001889888692905739
2004-09-02 00:00:00+00:00,0.011318354636901784
2004-09-03 00:00:00+00:00,-0.004085679562219058
2004-09-07 00:00:00+00:00,0.006600139124741666
2004-09-08 00:00:00+00:00,-0.002481321238518297
2004-09-09 00:00:00+00:00,-0.0008872698627874209
2004-09-10 00:00:00+00:00,0.00515591537866511
2004-09-13 00:00:00+00:00,0.003272581078274772
2004-09-14 00:00:00+00:00,0.002027581252902033
2004-09-15 00:00:00+00:00,-0.0075665501609135655
2004-09-16 00:00:00+00:00,0.0030142294324393415
2004-09-17 00:00:00+00:00,0.004251783952888832
2004-09-20 00:00:00+00:00,-0.0060102333158460475
2004-09-21 00:00:00+00:00,0.00435667386905636
2004-09-22 00:00:00+00:00,-0.01248216440026928
2004-09-23 00:00:00+00:00,-0.005378660064567664
2004-09-24 00:00:00+00:00,0.00459672350004503
2004-09-27 00:00:00+00:00,-0.006369853629353162
2004-09-28 00:00:00+00:00,0.004785404516225444
2004-09-29 00:00:00+00:00,0.005032255415676534
2004-09-30 00:00:00+00:00,-0.0007151044208710822
2004-10-01 00:00:00+00:00,0.016910800929013314
2004-10-04 00:00:00+00:00,0.0016726565923352865
2004-10-05 00:00:00+00:00,0.0005261529838964663
2004-10-06 00:00:00+00:00,0.0068482250221044705
2004-10-07 00:00:00+00:00,-0.01072496739861295
2004-10-08 00:00:00+00:00,-0.008285597958064272
2004-10-11 00:00:00+00:00,0.004088327196934083
2004-10-12 00:00:00+00:00,-0.0038946424400764235
2004-10-13 00:00:00+00:00,-0.008797714979410287
2004-10-14 00:00:00+00:00,-0.008069171347775295
2004-10-15 00:00:00+00:00,0.005603665383542955
2004-10-18 00:00:00+00:00,0.0037753584229298642
2004-10-19 00:00:00+00:00,-0.008417018049061697
2004-10-20 00:00:00+00:00,-0.0019867411689448167
2004-10-21 00:00:00+00:00,0.006514564058002437
2004-10-22 00:00:00+00:00,-0.011236931087815871
2004-10-25 00:00:00+00:00,-0.0011817716397652944
2004-10-26 00:00:00+00:00,0.015292314698234444
2004-10-27 00:00:00+00:00,0.012013334951304744
2004-10-28 00:00:00+00:00,0.0030121539521517082
2004-10-29 00:00:00+00:00,-0.00017674836873460276
2004-11-01 00:00:00+00:00,0.0027385704966729207
2004-11-02 00:00:00+00:00,0.00035259362598472066
2004-11-03 00:00:00+00:00,0.012593436063126573
2004-11-04 00:00:00+00:00,0.013654517937492505
2004-11-05 00:00:00+00:00,0.006263170160383247
2004-11-08 00:00:00+00:00,-0.0014492814316380276
2004-11-09 00:00:00+00:00,-0.001964212111890351
2004-11-10 00:00:00+00:00,0.000770168400188842
2004-11-11 00:00:00+00:00,0.007608751269931657
2004-11-12 00:00:00+00:00,0.007890972316375144
2004-11-15 00:00:00+00:00,0.0024564302617362532
2004-11-16 00:00:00+00:00,-0.007158726051014086
2004-11-17 00:00:00+00:00,0.00593838409639913
2004-11-18 00:00:00+00:00,0.001349060430838822
2004-11-19 00:00:00+00:00,-0.011116504430690344
2004-11-22 00:00:00+00:00,0.004768794130064258
2004-11-23 00:00:00+00:00,0.0015257136712478747
2004-11-24 00:00:00+00:00,0.0023699953004892027
2004-11-26 00:00:00+00:00,-0.0007601822206589892
2004-11-29 00:00:00+00:00,-0.004562542483655063
2004-11-30 00:00:00+00:00,0.0006788906947314821
2004-12-01 00:00:00+00:00,0.011366771511151619
2004-12-02 00:00:00+00:00,0.0008385304102667135
2004-12-03 00:00:00+00:00,-0.0006704340767182959
2004-12-06 00:00:00+00:00,-0.00033491668290952514
2004-12-07 00:00:00+00:00,-0.009311644121556495
2004-12-08 00:00:00+00:00,0.005842560501247762
2004-12-09 00:00:00+00:00,0.003535946327013262
2004-12-10 00:00:00+00:00,0.001006137515268346
2004-12-13 00:00:00+00:00,0.008715547561881865
2004-12-14 00:00:00+00:00,0.0034893435046325916
2004-12-15 00:00:00+00:00,0.0007449211996690686
2004-12-16 00:00:00+00:00,-0.000578930945832834
2004-12-17 00:00:00+00:00,-0.0066695279625370585
2004-12-20 00:00:00+00:00,0.0002506288259211953
2004-12-21 00:00:00+00:00,0.007700849400804621
2004-12-22 00:00:00+00:00,0.0024086496347341946
2004-12-23 00:00:00+00:00,0.0007455700431497903
2004-12-27 00:00:00+00:00,-0.0020696726600389903
2004-12-28 00:00:00+00:00,0.005476652233617596
2004-12-29 00:00:00+00:00,0.0014848931414772615
2004-12-30 00:00:00+00:00,-0.0018951365850742308
2004-12-31 00:00:00+00:00,-0.002146615725560297
2005-01-03 00:00:00+00:00,-0.004715552809361978
2005-01-04 00:00:00+00:00,-0.012219594089112551
2005-01-05 00:00:00+00:00,-0.006900348761354924
2005-01-06 00:00:00+00:00,0.005083979648329295
2005-01-07 00:00:00+00:00,-0.0014328768304083805
2005-01-10 00:00:00+00:00,0.004727699133786345
2005-01-11 00:00:00+00:00,-0.006890777593733355
2005-01-12 00:00:00+00:00,0.0033006832895883242
2005-01-13 00:00:00+00:00,-0.008012626257798194
2005-01-14 00:00:00+00:00,0.0052711198947048565
2005-01-18 00:00:00+00:00,0.010402602855548837
2005-01-19 00:00:00+00:00,-0.010463052848653898
2005-01-20 00:00:00+00:00,-0.006089730498624379
2005-01-21 00:00:00+00:00,-0.006128296595355409
2005-01-24 00:00:00+00:00,-0.001969268387045031
2005-01-25 00:00:00+00:00,0.002831114779039634
2005-01-26 00:00:00+00:00,0.0029946760130039607
2005-01-27 00:00:00+00:00,0.001705871677415427
2005-01-28 00:00:00+00:00,0.0
2005-01-31 00:00:00+00:00,0.006216798279871538
2005-02-01 00:00:00+00:00,0.006347508284040293
2005-02-02 00:00:00+00:00,0.003027243186915607
2005-02-03 00:00:00+00:00,-0.002599479533886062
2005-02-04 00:00:00+00:00,0.010676467522389821
2005-02-07 00:00:00+00:00,-0.0013305127305641706
2005-02-08 00:00:00+00:00,0.0011652894777682832
2005-02-09 00:00:00+00:00,-0.007487115078893658
2005-02-10 00:00:00+00:00,0.003604782664210271
2005-02-11 00:00:00+00:00,0.008601414621032255
2005-02-14 00:00:00+00:00,-0.0007450145825952381
2005-02-15 00:00:00+00:00,0.0037289773057609388
2005-02-16 00:00:00+00:00,0.0006603603825316995
2005-02-17 00:00:00+00:00,-0.008084894525216213
2005-02-18 00:00:00+00:00,0.001330701281932578
2005-02-22 00:00:00+00:00,-0.014868795771216026
2005-02-23 00:00:00+00:00,0.007167092692245358
2005-02-24 00:00:00+00:00,0.006614210736574977
2005-02-25 00:00:00+00:00,0.009896802180754172
2005-02-28 00:00:00+00:00,-0.006588501006108527
2005-03-01 00:00:00+00:00,0.004974124442469918
2005-03-02 00:00:00+00:00,-0.0004950720463061664
2005-03-03 00:00:00+00:00,0.0004126240701927131
2005-03-04 00:00:00+00:00,0.012456836575037489
2005-03-07 00:00:00+00:00,0.0004887442440713041
2005-03-08 00:00:00+00:00,-0.0037463164775246582
2005-03-09 00:00:00+00:00,-0.011117486963348577
2005-03-10 00:00:00+00:00,0.0022317228848198756
2005-03-11 00:00:00+00:00,-0.0070104681155802595
2005-03-14 00:00:00+00:00,0.006229555241051399
2005-03-15 00:00:00+00:00,-0.008254806797118541
2005-03-16 00:00:00+00:00,-0.008489659689976059
2005-03-17 00:00:00+00:00,0.002014508534042836
2005-03-18 00:00:00+00:00,-0.0029691083957222864
2005-03-21 00:00:00+00:00,-0.00371238940076013
2005-03-22 00:00:00+00:00,-0.01016042632491132
2005-03-23 00:00:00+00:00,0.0008553289669961384
2005-03-24 00:00:00+00:00,0.001196109108696497
2005-03-28 00:00:00+00:00,0.0014519291361425601
2005-03-29 00:00:00+00:00,-0.006649326010810586
2005-03-30 00:00:00+00:00,0.014159388238002446
2005-03-31 00:00:00+00:00,-0.001861419763436123
2005-04-01 00:00:00+00:00,-0.0044935797457741344
2005-04-04 00:00:00+00:00,0.001703611253968118
2005-04-05 00:00:00+00:00,0.004761019894676588
2005-04-06 00:00:00+00:00,0.003468514885458962
2005-04-07 00:00:00+00:00,0.0053965556403658965
2005-04-08 00:00:00+00:00,-0.010399230539506754
2005-04-11 00:00:00+00:00,0.0007623904231208734
2005-04-12 00:00:00+00:00,0.005165925922809844
2005-04-13 00:00:00+00:00,-0.011794256020304927
2005-04-14 00:00:00+00:00,-0.013043656955720295
2005-04-15 00:00:00+00:00,-0.013993118276046435
2005-04-18 00:00:00+00:00,0.0030660680849303734
2005-04-19 00:00:00+00:00,0.007947271672723355
2005-04-20 00:00:00+00:00,-0.013949800908594878
2005-04-21 00:00:00+00:00,0.019419418565335134
2005-04-22 00:00:00+00:00,-0.0037922822783162946
2005-04-25 00:00:00+00:00,0.006575835964296228
2005-04-26 00:00:00+00:00,-0.009714052338329449
2005-04-27 00:00:00+00:00,0.003906761474874454
2005-04-28 00:00:00+00:00,-0.012537881235918702
2005-04-29 00:00:00+00:00,0.013572626960375755
2005-05-02 00:00:00+00:00,0.005615264999579539
2005-05-03 00:00:00+00:00,0.0017185887125639177
2005-05-04 00:00:00+00:00,0.007718734930775906
2005-05-05 00:00:00+00:00,-0.00034024998813309004
2005-05-06 00:00:00+00:00,-0.003150666510437383
2005-05-09 00:00:00+00:00,0.006234852206714381
2005-05-10 00:00:00+00:00,-0.0103546631440401
2005-05-11 00:00:00+00:00,0.00548911917299133
2005-05-12 00:00:00+00:00,-0.011003533503569085
2005-05-13 00:00:00+00:00,-0.0019836866795517327
2005-05-16 00:00:00+00:00,0.009333428948733014
2005-05-17 00:00:00+00:00,0.006677778575797211
2005-05-18 00:00:00+00:00,0.010290817128521201
2005-05-19 00:00:00+00:00,0.004208886936026612
2005-05-20 00:00:00+00:00,-0.0014245297376616062
2005-05-23 00:00:00+00:00,0.005540189834815079
2005-05-24 00:00:00+00:00,-0.002337356618106967
2005-05-25 00:00:00+00:00,-0.0007533874089254988
2005-05-26 00:00:00+00:00,0.005359758900673528
2005-05-27 00:00:00+00:00,0.0016657719600319254
2005-05-31 00:00:00+00:00,-0.006402913633196894
2005-06-01 00:00:00+00:00,0.00853698467033781
2005-06-02 00:00:00+00:00,0.002157547335194243
2005-06-03 00:00:00+00:00,-0.0050517053712889615
2005-06-06 00:00:00+00:00,-0.0009159197508833428
2005-06-07 00:00:00+00:00,0.0007503751640680623
2005-06-08 00:00:00+00:00,-0.0018314861673310867
2005-06-09 00:00:00+00:00,0.004753445833936665
2005-06-10 00:00:00+00:00,-0.0023237768941776205
2005-06-13 00:00:00+00:00,0.0031615057138265623
2005-06-14 00:00:00+00:00,0.0023218488722360764
2005-06-15 00:00:00+00:00,0.0019031919592311652
2005-06-16 00:00:00+00:00,0.002560181467243794
2005-06-17 00:00:00+00:00,0.003705099075292262
2005-06-20 00:00:00+00:00,0.00032967894385627083
2005-06-21 00:00:00+00:00,0.0005763311842410523
2005-06-22 00:00:00+00:00,0.0008236362973192968
2005-06-23 00:00:00+00:00,-0.014066235346515299
2005-06-24 00:00:00+00:00,-0.0073420161976934795
2005-06-27 00:00:00+00:00,0.0014292104647088966
2005-06-28 00:00:00+00:00,0.00839239059969965
2005-06-29 00:00:00+00:00,-0.002663337798591292
2005-06-30 00:00:00+00:00,-0.005424513074760995
2005-07-01 00:00:00+00:00,0.002937032968308273
2005-07-05 00:00:00+00:00,0.008032208989650513
2005-07-06 00:00:00+00:00,-0.008382860670102521
2005-07-07 00:00:00+00:00,0.003933126126573816
2005-07-08 00:00:00+00:00,0.011421659810895823
2005-07-11 00:00:00+00:00,0.005110781961967792
2005-07-12 00:00:00+00:00,0.0026239639450718055
2005-07-13 00:00:00+00:00,0.001390499370283571
2005-07-14 00:00:00+00:00,0.003920561533527822
2005-07-15 00:00:00+00:00,-0.0005693422856910546
2005-07-18 00:00:00+00:00,-0.003988856394487206
2005-07-19 00:00:00+00:00,0.005476014164606191
2005-07-20 00:00:00+00:00,0.0034140040987427067
2005-07-21 00:00:00+00:00,-0.005832952015748183
2005-07-22 00:00:00+00:00,0.006681780392089998
2005-07-25 00:00:00+00:00,-0.002832741028523156
2005-07-26 00:00:00+00:00,0.0012176110797406103
2005-07-27 00:00:00+00:00,0.003648117404940754
2005-07-28 00:00:00+00:00,0.00630127272682679
2005-07-29 00:00:00+00:00,-0.006663069073960526
2005-08-01 00:00:00+00:00,-0.0007271923595547625
2005-08-02 00:00:00+00:00,0.005984650368080491
2005-08-03 00:00:00+00:00,0.002652830184244559
2005-08-04 00:00:00+00:00,-0.008017948779906359
2005-08-05 00:00:00+00:00,-0.006789558585983069
2005-08-08 00:00:00+00:00,-0.0018714273582364216
2005-08-09 00:00:00+00:00,0.006033260359045167
2005-08-10 00:00:00+00:00,-0.00048638260840883074
2005-08-11 00:00:00+00:00,0.003973191352710348
2005-08-12 00:00:00+00:00,-0.006138270516921063
2005-08-15 00:00:00+00:00,0.00617618159028388
2005-08-16 00:00:00+00:00,-0.013002900169120535
2005-08-17 00:00:00+00:00,-8.189250072643262e-05
2005-08-18 00:00:00+00:00,-8.153112133080231e-05
2005-08-19 00:00:00+00:00,0.002291524213312357
2005-08-22 00:00:00+00:00,0.0
2005-08-23 00:00:00+00:00,-0.0018781511023291397
2005-08-24 00:00:00+00:00,-0.008916823627085013
2005-08-25 00:00:00+00:00,0.003631547506117716
2005-08-26 00:00:00+00:00,-0.006825818622408386
2005-08-29 00:00:00+00:00,0.007700929782512578
2005-08-30 00:00:00+00:00,-0.005259080790078197
2005-08-31 00:00:00+00:00,0.012639586368509592
2005-09-01 00:00:00+00:00,-0.0007343488967290757
2005-09-02 00:00:00+00:00,-0.001796598269243388
2005-09-06 00:00:00+00:00,0.011695872011630692
2005-09-07 00:00:00+00:00,0.0016974821847548505
2005-09-08 00:00:00+00:00,-0.0033089867822939656
2005-09-09 00:00:00+00:00,0.008907254470494896
2005-09-12 00:00:00+00:00,-0.002006146683987242
2005-09-13 00:00:00+00:00,-0.005548814967186844
2005-09-14 00:00:00+00:00,-0.003639585383350852
2005-09-15 00:00:00+00:00,-0.00048681950340945246
2005-09-16 00:00:00+00:00,0.007110716076401902
2005-09-19 00:00:00+00:00,-0.0033196813018909754
2005-09-20 00:00:00+00:00,-0.008448653195130884
2005-09-21 00:00:00+00:00,-0.00934064986379668
2005-09-22 00:00:00+00:00,0.0035560977922726167
2005-09-23 00:00:00+00:00,0.0008244381404240997
2005-09-26 00:00:00+00:00,0.0011529306651065774
2005-09-27 00:00:00+00:00,-0.00024719308294074427
2005-09-28 00:00:00+00:00,0.0009876349868380707
2005-09-29 00:00:00+00:00,0.008136613231834566
2005-09-30 00:00:00+00:00,0.0030981277040607047
2005-10-03 00:00:00+00:00,-0.0035766237094450037
2005-10-04 00:00:00+00:00,-0.011255644924488495
2005-10-05 00:00:00+00:00,-0.01311705038271227
2005-10-06 00:00:00+00:00,-0.003594148312086931
2005-10-07 00:00:00+00:00,0.003439715872348481
2005-10-10 00:00:00+00:00,-0.008444039317455632
2005-10-11 00:00:00+00:00,-0.001433376505201145
2005-10-12 00:00:00+00:00,-0.00785271853164049
2005-10-13 00:00:00+00:00,-0.000596081187877795
2005-10-14 00:00:00+00:00,0.010559552036457198
2005-10-17 00:00:00+00:00,0.003707861362444609
2005-10-18 00:00:00+00:00,-0.01083026653614505
2005-10-19 00:00:00+00:00,0.016635250292859505
2005-10-20 00:00:00+00:00,-0.017615155884482148
2005-10-21 00:00:00+00:00,0.003908849032042028
2005-10-24 00:00:00+00:00,0.015491103762470537
2005-10-25 00:00:00+00:00,-0.0020005180512870924
2005-10-26 00:00:00+00:00,-0.0029228025645464673
2005-10-27 00:00:00+00:00,-0.010639701936383528
2005-10-28 00:00:00+00:00,0.01439473797486679
2005-10-31 00:00:00+00:00,0.0027545716907870776
2005-11-01 00:00:00+00:00,0.0029968088473857346
2005-11-02 00:00:00+00:00,0.01045707366798565
2005-11-03 00:00:00+00:00,0.004270912207361199
2005-11-04 00:00:00+00:00,-0.0013084818249877728
2005-11-07 00:00:00+00:00,0.0009827388437317897
2005-11-08 00:00:00+00:00,0.0
2005-11-09 00:00:00+00:00,0.0013093679214843945
2005-11-10 00:00:00+00:00,0.007761764212647737
2005-11-11 00:00:00+00:00,0.003404966915824925
2005-11-14 00:00:00+00:00,-0.0005657496961571917
2005-11-15 00:00:00+00:00,-0.0036374950685014174
2005-11-16 00:00:00+00:00,0.002028682672798432
2005-11-17 00:00:00+00:00,0.009312158469635623
2005-11-18 00:00:00+00:00,0.003931477549917517
2005-11-21 00:00:00+00:00,0.005034476229236473
2005-11-22 00:00:00+00:00,0.00429366178485191
2005-11-23 00:00:00+00:00,0.005780345795873165
2005-11-25 00:00:00+00:00,0.0007872448528061238
2005-11-28 00:00:00+00:00,-0.00707936603843784
2005-11-29 00:00:00+00:00,-0.0011091809651275764
2005-11-30 00:00:00+00:00,-0.005392836435529347
2005-12-01 00:00:00+00:00,0.01020629374125881
2005-12-02 00:00:00+00:00,0.0012633612338126543
2005-12-05 00:00:00+00:00,-0.002128867968697823
2005-12-06 00:00:00+00:00,0.0018959808620313545
2005-12-07 00:00:00+00:00,-0.005834782522705528
2005-12-08 00:00:00+00:00,-0.0006346478281828993
2005-12-09 00:00:00+00:00,0.0026192071159822916
2005-12-12 00:00:00+00:00,0.0009495560008030424
2005-12-13 00:00:00+00:00,0.00680148497789923
2005-12-14 00:00:00+00:00,0.003927302509948438
2005-12-15 00:00:00+00:00,-0.0028950557406647315
2005-12-16 00:00:00+00:00,-0.0032185412436936955
2005-12-19 00:00:00+00:00,-0.005144027843349774
2005-12-20 00:00:00+00:00,0.0009548783010839834
2005-12-21 00:00:00+00:00,0.0015894440238817253
2005-12-22 00:00:00+00:00,0.0052363290177595
2005-12-23 00:00:00+00:00,0.0005530920447673893
2005-12-27 00:00:00+00:00,-0.010176768599839958
2005-12-28 00:00:00+00:00,0.002231126923717852
2005-12-29 00:00:00+00:00,-0.004453028757527511
2005-12-30 00:00:00+00:00,-0.005431880401118527
2006-01-03 00:00:00+00:00,0.01758909365266481
2006-01-04 00:00:00+00:00,0.0047356788111054815
2006-01-05 00:00:00+00:00,0.0006278760700733077
2006-01-06 00:00:00+00:00,0.00832209488078317
2006-01-09 00:00:00+00:00,0.0025695156753464676
2006-01-10 00:00:00+00:00,0.0010092564769128565
2006-01-11 00:00:00+00:00,0.003180860673791752
2006-01-12 00:00:00+00:00,-0.003943850987104036
2006-01-13 00:00:00+00:00,-0.0009317104011621336
2006-01-17 00:00:00+00:00,-0.002720095075654183
2006-01-18 00:00:00+00:00,-0.003974315799706307
2006-01-19 00:00:00+00:00,0.0038331464164682583
2006-01-20 00:00:00+00:00,-0.01823670765797447
2006-01-23 00:00:00+00:00,0.003572364249583737
2006-01-24 00:00:00+00:00,0.0010281939231888693
2006-01-25 00:00:00+00:00,0.0008695905504727541
2006-01-26 00:00:00+00:00,0.005526248007197587
2006-01-27 00:00:00+00:00,0.009265032129826656
2006-01-30 00:00:00+00:00,-0.0007777073291919123
2006-01-31 00:00:00+00:00,-0.007318306710849987
2006-02-01 00:00:00+00:00,0.006979753412388989
2006-02-02 00:00:00+00:00,-0.011604891981452314
2006-02-03 00:00:00+00:00,-0.00496449823335976
2006-02-06 00:00:00+00:00,0.0026136736325228505
2006-02-07 00:00:00+00:00,-0.008846872172528886
2006-02-08 00:00:00+00:00,0.00908481734098876
2006-02-09 00:00:00+00:00,-0.0016584337288456652
2006-02-10 00:00:00+00:00,0.001819615331680069
2006-02-13 00:00:00+00:00,-0.0018163103455282048
2006-02-14 00:00:00+00:00,0.010600398163660874
2006-02-15 00:00:00+00:00,0.0035225012069064476
2006-02-16 00:00:00+00:00,0.00748822221882417
2006-02-17 00:00:00+00:00,-0.0027096421902870205
2006-02-21 00:00:00+00:00,-0.0024845703365665717
2006-02-22 00:00:00+00:00,0.006070644864934804
2006-02-23 00:00:00+00:00,-0.0014697732320329004
2006-02-24 00:00:00+00:00,0.0025564307098207006
2006-02-27 00:00:00+00:00,0.0003867989162056329
2006-02-28 00:00:00+00:00,-0.009501301478611168
2006-03-01 00:00:00+00:00,0.008890683266824517
2006-03-02 00:00:00+00:00,-7.757307344780084e-05
2006-03-03 00:00:00+00:00,-0.004638213652301326
2006-03-06 00:00:00+00:00,-0.004582145842167651
2006-03-07 00:00:00+00:00,-0.0015603388372898985
2006-03-08 00:00:00+00:00,0.0021097275945562988
2006-03-09 00:00:00+00:00,-0.0067067069675335045
2006-03-10 00:00:00+00:00,0.009499323331919385
2006-03-13 00:00:00+00:00,0.0018667248053001462
2006-03-14 00:00:00+00:00,0.010478827843134919
2006-03-15 00:00:00+00:00,0.004455245281055786
2006-03-16 00:00:00+00:00,0.002065139459521914
2006-03-17 00:00:00+00:00,0.0008348431092546349
2006-03-20 00:00:00+00:00,-0.0016068005083870185
2006-03-21 00:00:00+00:00,-0.006288415190743524
2006-03-22 00:00:00+00:00,0.0060959495229422345
2006-03-23 00:00:00+00:00,-0.0020709530749331018
2006-03-24 00:00:00+00:00,0.000768860903197055
2006-03-27 00:00:00+00:00,-0.0014592618266920931
2006-03-28 00:00:00+00:00,-0.006152839821124023
2006-03-29 00:00:00+00:00,0.006268373009876704
2006-03-30 00:00:00+00:00,-0.0017692884392354058
2006-03-31 00:00:00+00:00,0.00023128612349920807
2006-04-03 00:00:00+00:00,-0.0007700918607135288
2006-04-04 00:00:00+00:00,0.006397663383243657
2006-04-05 00:00:00+00:00,0.0034468872689248364
2006-04-06 00:00:00+00:00,-0.001068688831431075
2006-04-07 00:00:00+00:00,-0.010162896779932429
2006-04-10 00:00:00+00:00,0.0015442313824027831
2006-04-11 00:00:00+00:00,-0.008478595292272573
2006-04-12 00:00:00+00:00,0.0018656796867817516
2006-04-13 00:00:00+00:00,-0.0013189438016484312
2006-04-17 00:00:00+00:00,-0.00038831021616170247
2006-04-18 00:00:00+00:00,0.015855850853027764
2006-04-19 00:00:00+00:00,0.001912498381918315
2006-04-20 00:00:00+00:00,0.0013745974060479504
2006-04-21 00:00:00+00:00,0.00015271139720263172
2006-04-24 00:00:00+00:00,-0.00183022675829414
2006-04-25 00:00:00+00:00,-0.004124798196587287
2006-04-26 00:00:00+00:00,0.00023010459036543196
2006-04-27 00:00:00+00:00,0.00483142505599421
2006-04-28 00:00:00+00:00,0.0033577265303323944
2006-05-01 00:00:00+00:00,-0.008138593981415032
2006-05-02 00:00:00+00:00,0.007515474461969207
2006-05-03 00:00:00+00:00,-0.0037302133772575408
2006-05-04 00:00:00+00:00,0.003591273265297179
2006-05-05 00:00:00+00:00,0.008830434476362115
2006-05-08 00:00:00+00:00,-0.001207118979788091
2006-05-09 00:00:00+00:00,0.0019642848012635383
2006-05-10 00:00:00+00:00,-0.0005280247107534164
2006-05-11 00:00:00+00:00,-0.012070801396154573
2006-05-12 00:00:00+00:00,-0.013058124671282756
2006-05-15 00:00:00+00:00,0.00201144701517042
2006-05-16 00:00:00+00:00,-0.001467091279292454
2006-05-17 00:00:00+00:00,-0.019023678853278825
2006-05-18 00:00:00+00:00,-0.005045785344089504
2006-05-19 00:00:00+00:00,0.007051999585802049
2006-05-22 00:00:00+00:00,-0.007632132555068893
2006-05-23 00:00:00+00:00,-0.007611139560808944
2006-05-24 00:00:00+00:00,0.007989212993652295
2006-05-25 00:00:00+00:00,0.012364453830746358
2006-05-26 00:00:00+00:00,0.005088412734685743
2006-05-30 00:00:00+00:00,-0.017759551862324585
2006-05-31 00:00:00+00:00,0.011181571895352738
2006-06-01 00:00:00+00:00,0.009567939259664593
2006-06-02 00:00:00+00:00,0.002097324979885018
2006-06-05 00:00:00+00:00,-0.014573748452830881
2006-06-06 00:00:00+00:00,-0.002438509476464512
2006-06-07 00:00:00+00:00,-0.007491324803014621
2006-06-08 00:00:00+00:00,-0.0008741557702037772
2006-06-09 00:00:00+00:00,-0.0031811925510794037
2006-06-12 00:00:00+00:00,-0.010849227144574813
2006-06-13 00:00:00+00:00,-0.011613529331288341
2006-06-14 00:00:00+00:00,0.007751457975691212
2006-06-15 00:00:00+00:00,0.021214911982050833
2006-06-16 00:00:00+00:00,-0.0072873234631970485
2006-06-19 00:00:00+00:00,-0.007861763678513545
2006-06-20 00:00:00+00:00,0.0033956943096309367
2006-06-21 00:00:00+00:00,0.0074141808235879125
2006-06-22 00:00:00+00:00,-0.004399688385962497
2006-06-23 00:00:00+00:00,-0.00016098612253478972
2006-06-26 00:00:00+00:00,0.004419842719459721
2006-06-27 00:00:00+00:00,-0.008640483816192424
2006-06-28 00:00:00+00:00,0.006779038847122054
2006-06-29 00:00:00+00:00,0.02019991312436553
2006-06-30 00:00:00+00:00,7.906304648752638e-05
2006-07-03 00:00:00+00:00,0.004085266442663826
2006-07-05 00:00:00+00:00,-0.005711798093710696
2006-07-06 00:00:00+00:00,0.002912029181312281
2006-07-07 00:00:00+00:00,-0.006512998522255065
2006-07-10 00:00:00+00:00,0.0018959749811213733
2006-07-11 00:00:00+00:00,0.004414321746899708
2006-07-12 00:00:00+00:00,-0.010674345930818507
2006-07-13 00:00:00+00:00,-0.01626357791879307
2006-07-14 00:00:00+00:00,-0.0038706075311922827
2006-07-17 00:00:00+00:00,-0.001457665463942881
2006-07-18 00:00:00+00:00,0.00510788867815215
2006-07-19 00:00:00+00:00,0.013873961381852595
2006-07-20 00:00:00+00:00,-0.006841219452266567
2006-07-21 00:00:00+00:00,-0.007050180262804573
2006-07-24 00:00:00+00:00,0.01823313515198932
2006-07-25 00:00:00+00:00,0.0035654878004061086
2006-07-26 00:00:00+00:00,0.001342259873092333
2006-07-27 00:00:00+00:00,-0.0009459513595329039
2006-07-28 00:00:00+00:00,0.010022788137615812
2006-07-31 00:00:00+00:00,-0.0010159892297546547
2006-08-01 00:00:00+00:00,-0.0049277902784155
2006-08-02 00:00:00+00:00,0.006760158035396202
2006-08-03 00:00:00+00:00,0.002654670587745267
2006-08-04 00:00:00+00:00,-0.0017130586728401065
2006-08-07 00:00:00+00:00,-0.002340209130020643
2006-08-08 00:00:00+00:00,-0.0038309103861455807
2006-08-09 00:00:00+00:00,-0.0033753403623520972
2006-08-10 00:00:00+00:00,0.0030718851571625017
2006-08-11 00:00:00+00:00,-0.0028266889175774246
2006-08-14 00:00:00+00:00,0.000787552427763405
2006-08-15 00:00:00+00:00,0.011958144149277983
2006-08-16 00:00:00+00:00,0.00831817236864052
2006-08-17 00:00:00+00:00,0.0025443567730329963
2006-08-18 00:00:00+00:00,0.005075798902749451
2006-08-21 00:00:00+00:00,-0.004285127020691504
2006-08-22 00:00:00+00:00,-7.673120972351288e-05
2006-08-23 00:00:00+00:00,-0.0027666100589093245
2006-08-24 00:00:00+00:00,-0.0008476415764873124
2006-08-25 00:00:00+00:00,0.0012340333885048071
2006-08-28 00:00:00+00:00,0.004776038835245577
2006-08-29 00:00:00+00:00,0.0011500144768021858
2006-08-30 00:00:00+00:00,0.000613003057740702
2006-08-31 00:00:00+00:00,-0.0001531780126319271
2006-09-01 00:00:00+00:00,0.005970376650741738
2006-09-05 00:00:00+00:00,0.0019023922740433186
2006-09-06 00:00:00+00:00,-0.008809970327524619
2006-09-07 00:00:00+00:00,-0.004597238102572954
2006-09-08 00:00:00+00:00,0.002848198396969037
2006-09-11 00:00:00+00:00,0.0009982222081295067
2006-09-12 00:00:00+00:00,0.009814815144193467
2006-09-13 00:00:00+00:00,0.004024952896275247
2006-09-14 00:00:00+00:00,7.510058800663799e-05
2006-09-15 00:00:00+00:00,0.002347406271438812
2006-09-18 00:00:00+00:00,0.0013635439742931688
2006-09-19 00:00:00+00:00,-0.0024969259673059963
2006-09-20 00:00:00+00:00,0.005310374494450709
2006-09-21 00:00:00+00:00,-0.004829695072592344
2006-09-22 00:00:00+00:00,-0.003033083805045411
2006-09-25 00:00:00+00:00,0.007682524254384537
2006-09-26 00:00:00+00:00,0.008302799890428147
2006-09-27 00:00:00+00:00,0.001197751891569565
2006-09-28 00:00:00+00:00,-0.0003738034343211405
2006-09-29 00:00:00+00:00,-0.00082282313802029
2006-10-02 00:00:00+00:00,-0.003742758557043646
2006-10-03 00:00:00+00:00,0.0021037131056913516
2006-10-04 00:00:00+00:00,0.011697283679167336
2006-10-05 00:00:00+00:00,0.001927414076553724
2006-10-06 00:00:00+00:00,-0.0012574418847001168
2006-10-09 00:00:00+00:00,0.0005923290456268937
2006-10-10 00:00:00+00:00,0.0013325212353527682
2006-10-11 00:00:00+00:00,-0.001182462547968166
2006-10-12 00:00:00+00:00,0.00865932891727006
2006-10-13 00:00:00+00:00,0.0025681776275787715
2006-10-16 00:00:00+00:00,0.001536911099250915
2006-10-17 00:00:00+00:00,-0.003142156230074744
2006-10-18 00:00:00+00:00,0.0013193846923804653
2006-10-19 00:00:00+00:00,0.0016104654247492967
2006-10-20 00:00:00+00:00,0.0002194421571373173
2006-10-23 00:00:00+00:00,0.004603979341281095
2006-10-24 00:00:00+00:00,0.0029821637346203467
2006-10-25 00:00:00+00:00,0.0034090145952274664
2006-10-26 00:00:00+00:00,0.0031084180214162593
2006-10-27 00:00:00+00:00,-0.0062689672452345135
2006-10-30 00:00:00+00:00,-0.0007252404158023529
2006-10-31 00:00:00+00:00,-0.0001453927495460583
2006-11-01 00:00:00+00:00,-0.0067491359765141645
2006-11-02 00:00:00+00:00,-0.0005843222765555822
2006-11-03 00:00:00+00:00,-0.0017547957193789765
2006-11-06 00:00:00+00:00,0.011278430752228008
2006-11-07 00:00:00+00:00,0.0038383663492305153
2006-11-08 00:00:00+00:00,0.0021647343394541885
2006-11-09 00:00:00+00:00,-0.005255785825441173
2006-11-10 00:00:00+00:00,0.00043453298925122397
2006-11-13 00:00:00+00:00,0.002459533991574281
2006-11-14 00:00:00+00:00,0.007505162839742896
2006-11-15 00:00:00+00:00,0.0028648011853025235
2006-11-16 00:00:00+00:00,0.0025705002638514163
2006-11-17 00:00:00+00:00,0.00028538370124575607
2006-11-20 00:00:00+00:00,0.0005691948876149766
2006-11-21 00:00:00+00:00,0.000996855006985209
2006-11-22 00:00:00+00:00,0.0019903952774109612
2006-11-24 00:00:00+00:00,-0.004044443223592986
2006-11-27 00:00:00+00:00,-0.013751489220997892
2006-11-28 00:00:00+00:00,0.00433445795560683
2006-11-29 00:00:00+00:00,0.01043072161994707
2006-11-30 00:00:00+00:00,0.0004266659151084262
2006-12-01 00:00:00+00:00,-0.0022056654284285937
2006-12-04 00:00:00+00:00,0.0076307039506149366
2006-12-05 00:00:00+00:00,0.004317085098164197
2006-12-06 00:00:00+00:00,-0.000845430386375412
2006-12-07 00:00:00+00:00,-0.004372903541867257
2006-12-08 00:00:00+00:00,0.0018421339648806434
2006-12-11 00:00:00+00:00,0.00289941263682314
2006-12-12 00:00:00+00:00,-0.0007760640117507878
2006-12-13 00:00:00+00:00,0.0010584208748531942
2006-12-14 00:00:00+00:00,0.008810719179943138
2006-12-15 00:00:00+00:00,9.143698055735783e-05
2006-12-18 00:00:00+00:00,-0.0027399390486106956
2006-12-19 00:00:00+00:00,0.001902240654744869
2006-12-20 00:00:00+00:00,-0.0005625681342984468
2006-12-21 00:00:00+00:00,-0.0036583664753940814
2006-12-22 00:00:00+00:00,-0.006142883331935578
2006-12-26 00:00:00+00:00,0.005896319048769305
2006-12-27 00:00:00+00:00,0.006568995189292215
2006-12-28 00:00:00+00:00,-0.0021050308403017803
2006-12-29 00:00:00+00:00,-0.004148808972685658
2007-01-03 00:00:00+00:00,-0.001765512346076581
2007-01-04 00:00:00+00:00,0.0021224701725135464
2007-01-05 00:00:00+00:00,-0.007976390335420747
2007-01-08 00:00:00+00:00,0.004625077824519375
2007-01-09 00:00:00+00:00,-0.0008497758097617547
2007-01-10 00:00:00+00:00,0.003331371240714587
2007-01-11 00:00:00+00:00,0.004380540771750985
2007-01-12 00:00:00+00:00,0.007596797977961867
2007-01-16 00:00:00+00:00,-0.0019544335040246885
2007-01-17 00:00:00+00:00,0.0004198185569899149
2007-01-18 00:00:00+00:00,-0.0033563744121527517
2007-01-19 00:00:00+00:00,0.0019644913866201374
2007-01-22 00:00:00+00:00,-0.0030808193230482672
2007-01-23 00:00:00+00:00,0.0029500865600928794
2007-01-24 00:00:00+00:00,0.00805288103474977
2007-01-25 00:00:00+00:00,-0.011740552323096898
2007-01-26 00:00:00+00:00,-0.0009134168184927738
2007-01-29 00:00:00+00:00,-0.0005629243380752547
2007-01-30 00:00:00+00:00,0.0052094440400882736
2007-01-31 00:00:00+00:00,0.006723256475109407
2007-02-01 00:00:00+00:00,0.0059824024432326706
2007-02-02 00:00:00+00:00,0.0013831006562108339
2007-02-05 00:00:00+00:00,0.0002763286905229645
2007-02-06 00:00:00+00:00,0.00027602585583119676
2007-02-07 00:00:00+00:00,0.0022089561070925967
2007-02-08 00:00:00+00:00,-0.001308549789434621
2007-02-09 00:00:00+00:00,-0.007447655599639891
2007-02-12 00:00:00+00:00,-0.00340398613515569
2007-02-13 00:00:00+00:00,0.008434626536513168
2007-02-14 00:00:00+00:00,0.006567553365245615
2007-02-15 00:00:00+00:00,0.0013047301123103594
2007-02-16 00:00:00+00:00,-0.0004801979117466937
2007-02-20 00:00:00+00:00,0.0021274837810316694
2007-02-21 00:00:00+00:00,-0.0004110393995006012
2007-02-22 00:00:00+00:00,-0.0007537197918381366
2007-02-23 00:00:00+00:00,-0.0039073649082824735
2007-02-26 00:00:00+00:00,-0.0008946821319401055
2007-02-27 00:00:00+00:00,-0.03905737029391021
2007-02-28 00:00:00+00:00,0.010250759391727815
2007-03-01 00:00:00+00:00,-0.0029807496742181305
2007-03-02 00:00:00+00:00,-0.01309490555116366
2007-03-05 00:00:00+00:00,-0.009518982286480071
2007-03-06 00:00:00+00:00,0.01710966929687574
2007-03-07 00:00:00+00:00,-0.0010022532105098403
2007-03-08 00:00:00+00:00,0.008455332614395239
2007-03-09 00:00:00+00:00,0.0002837757655496098
2007-03-12 00:00:00+00:00,0.001492429717839805
2007-03-13 00:00:00+00:00,-0.019434649531731685
2007-03-14 00:00:00+00:00,0.007450624425261676
2007-03-15 00:00:00+00:00,0.0013637134904540549
2007-03-16 00:00:00+00:00,-0.0028001641315997805
2007-03-19 00:00:00+00:00,0.012055306597931859
2007-03-20 00:00:00+00:00,0.005492362041998433
2007-03-21 00:00:00+00:00,0.01645693527646075
2007-03-22 00:00:00+00:00,-0.0007670407529740686
2007-03-23 00:00:00+00:00,0.0014664843730327615
2007-03-26 00:00:00+00:00,-0.0013247098807115387
2007-03-27 00:00:00+00:00,-0.002374526659759235
2007-03-28 00:00:00+00:00,-0.007279917938132319
2007-03-29 00:00:00+00:00,0.0010576437341291989
2007-03-30 00:00:00+00:00,0.00021138198781467388
2007-04-02 00:00:00+00:00,0.0011268766446721479
2007-04-03 00:00:00+00:00,0.010762163196794683
2007-04-04 00:00:00+00:00,0.001113395803376438
2007-04-05 00:00:00+00:00,0.002711674352520621
2007-04-09 00:00:00+00:00,0.001386531747159081
2007-04-10 00:00:00+00:00,0.0011765430749681727
2007-04-11 00:00:00+00:00,-0.004079880478777942
2007-04-12 00:00:00+00:00,0.0044435297706284516
2007-04-13 00:00:00+00:00,0.004562499374069162
2007-04-16 00:00:00+00:00,0.009496723287907738
2007-04-17 00:00:00+00:00,0.0026585471727282872
2007-04-18 00:00:00+00:00,0.0012235518550636204
2007-04-19 00:00:00+00:00,-0.00027167497347602154
2007-04-20 00:00:00+00:00,0.00944114374505367
2007-04-23 00:00:00+00:00,-0.003767947664307103
2007-04-24 00:00:00+00:00,0.0004052277022132955
2007-04-25 00:00:00+00:00,0.009181734839863953
2007-04-26 00:00:00+00:00,0.0011370196487314743
2007-04-27 00:00:00+00:00,-0.0008015535522863937
2007-04-30 00:00:00+00:00,-0.008292666829310846
2007-05-01 00:00:00+00:00,0.002562167640836499
2007-05-02 00:00:00+00:00,0.005852207955055144
2007-05-03 00:00:00+00:00,0.0054173059213913355
2007-05-04 00:00:00+00:00,0.003790084126203519
2007-05-07 00:00:00+00:00,0.0001990630180248587
2007-05-08 00:00:00+00:00,-0.0013248983396699776
2007-05-09 00:00:00+00:00,0.0027196448492687875
2007-05-10 00:00:00+00:00,-0.010452300560389927
2007-05-11 00:00:00+00:00,0.008557083037094904
2007-05-14 00:00:00+00:00,-0.002186881110551764
2007-05-15 00:00:00+00:00,0.0002655017683113048
2007-05-16 00:00:00+00:00,0.006840444466115647
2007-05-17 00:00:00+00:00,-0.0019783952968024376
2007-05-18 00:00:00+00:00,0.008723663959021355
2007-05-21 00:00:00+00:00,-0.0005238036236733246
2007-05-22 00:00:00+00:00,-0.0007870098318030205
2007-05-23 00:00:00+00:00,0.00013135499466288003
2007-05-24 00:00:00+00:00,-0.009053086315478964
2007-05-25 00:00:00+00:00,0.004170752582194126
2007-05-29 00:00:00+00:00,0.003626342850577391
2007-05-30 00:00:00+00:00,0.008144404243272785
2007-05-31 00:00:00+00:00,-0.001042021086555045
2007-06-01 00:00:00+00:00,0.00495671691375299
2007-06-04 00:00:00+00:00,0.00013001050334993103
2007-06-05 00:00:00+00:00,-0.003958549076296114
2007-06-06 00:00:00+00:00,-0.010750026488822617
2007-06-07 00:00:00+00:00,-0.018045217532038027
2007-06-08 00:00:00+00:00,0.013011190303096276
2007-06-11 00:00:00+00:00,0.0017220628868115373
2007-06-12 00:00:00+00:00,-0.01090619984181207
2007-06-13 00:00:00+00:00,0.014968350208151238
2007-06-14 00:00:00+00:00,0.0063864206160646475
2007-06-15 00:00:00+00:00,0.005689654816111167
2007-06-18 00:00:00+00:00,-0.0011753822188790286
2007-06-19 00:00:00+00:00,0.0024850549095689622
2007-06-20 00:00:00+00:00,-0.013897661771763659
2007-06-21 00:00:00+00:00,0.005558128630361869
2007-06-22 00:00:00+00:00,-0.009409551197592902
2007-06-25 00:00:00+00:00,-0.00478195754795141
2007-06-26 00:00:00+00:00,-0.010278242599679799
2007-06-27 00:00:00+00:00,0.014228635780466625
2007-06-28 00:00:00+00:00,-0.0001326921513962187
2007-06-29 00:00:00+00:00,0.000332279276440417
2007-07-02 00:00:00+00:00,0.009040949713218671
2007-07-03 00:00:00+00:00,0.003622977406749106
2007-07-05 00:00:00+00:00,-0.0010500837774479743
2007-07-06 00:00:00+00:00,0.005257506041887794
2007-07-09 00:00:00+00:00,0.0007835761530805563
2007-07-10 00:00:00+00:00,-0.014239052691713883
2007-07-11 00:00:00+00:00,0.00709052627584672
2007-07-12 00:00:00+00:00,0.01579030184571284
2007-07-13 00:00:00+00:00,0.002979438983673477
2007-07-16 00:00:00+00:00,-0.00012915905825960916
2007-07-17 00:00:00+00:00,-0.0005169131256704818
2007-07-18 00:00:00+00:00,-0.0018091854306079291
2007-07-19 00:00:00+00:00,0.0038840230547338983
2007-07-20 00:00:00+00:00,-0.010124114777317339
2007-07-23 00:00:00+00:00,0.0030614372595434425
2007-07-24 00:00:00+00:00,-0.017340233012088757
2007-07-25 00:00:00+00:00,0.002048578780101673
2007-07-26 00:00:00+00:00,-0.023678861614130797
2007-07-27 00:00:00+00:00,-0.019659625423683935
2007-07-30 00:00:00+00:00,0.015642846352993622
2007-07-31 00:00:00+00:00,-0.011262971138875644
2007-08-01 00:00:00+00:00,0.004872350244134793
2007-08-02 00:00:00+00:00,0.007990127298211469
2007-08-03 00:00:00+00:00,-0.025745758194509305
2007-08-06 00:00:00+00:00,0.016759249824127354
2007-08-07 00:00:00+00:00,0.010670109302653996
2007-08-08 00:00:00+00:00,0.013940409733999237
2007-08-09 00:00:00+00:00,-0.029633421774165725
2007-08-10 00:00:00+00:00,-0.00467728955031832
2007-08-13 00:00:00+00:00,0.0035932194649797022
2007-08-14 00:00:00+00:00,-0.015285569134911303
2007-08-15 00:00:00+00:00,-0.013775222043934998
2007-08-16 00:00:00+00:00,0.007515086079280531
2007-08-17 00:00:00+00:00,0.018367455043470704
2007-08-20 00:00:00+00:00,-0.0004838078397706447
2007-08-21 00:00:00+00:00,0.0020056811761044457
2007-08-22 00:00:00+00:00,0.011867583929372927
2007-08-23 00:00:00+00:00,-0.0008871421339262664
2007-08-24 00:00:00+00:00,0.01235358780660234
2007-08-27 00:00:00+00:00,-0.009303417985330964
2007-08-28 00:00:00+00:00,-0.021980201352139517
2007-08-29 00:00:00+00:00,0.019621304402654527
2007-08-30 00:00:00+00:00,-0.0026615746411444707
2007-08-31 00:00:00+00:00,0.009853030526004725
2007-09-04 00:00:00+00:00,0.01009545616653984
2007-09-05 00:00:00+00:00,-0.008652757784622822
2007-09-06 00:00:00+00:00,0.0023002997934105096
2007-09-07 00:00:00+00:00,-0.013906825855650062
2007-09-10 00:00:00+00:00,-0.001916545083509802
2007-09-11 00:00:00+00:00,0.011660173913146998
2007-09-12 00:00:00+00:00,0.0025767032317958183
2007-09-13 00:00:00+00:00,0.007033009978491878
2007-09-14 00:00:00+00:00,-6.700993720953896e-05
2007-09-17 00:00:00+00:00,-0.005372517543393851
2007-09-18 00:00:00+00:00,0.029439535934731698
2007-09-19 00:00:00+00:00,0.0059029850496745695
2007-09-20 00:00:00+00:00,-0.007042211186701008
2007-09-21 00:00:00+00:00,0.0026983581717374694
2007-09-24 00:00:00+00:00,-0.0018418935091474298
2007-09-25 00:00:00+00:00,-0.0019781562362697347
2007-09-26 00:00:00+00:00,0.005284516873967027
2007-09-27 00:00:00+00:00,0.005913483963442934
2007-09-28 00:00:00+00:00,-0.0033313453194260267
2007-10-01 00:00:00+00:00,0.011272911632558724
2007-10-02 00:00:00+00:00,-0.0013614341932662866
2007-10-03 00:00:00+00:00,-0.002011168331314539
2007-10-04 00:00:00+00:00,0.0015602030159245217
2007-10-05 00:00:00+00:00,0.011881993365764343
2007-10-08 00:00:00+00:00,-0.005325566250509617
2007-10-09 00:00:00+00:00,0.009417601160297773
2007-10-10 00:00:00+00:00,-0.0016613211704553654
2007-10-11 00:00:00+00:00,-0.004801055307598778
2007-10-12 00:00:00+00:00,0.005532028558829172
2007-10-15 00:00:00+00:00,-0.008443906574070459
2007-10-16 00:00:00+00:00,-0.007934735427456152
2007-10-17 00:00:00+00:00,0.003055614014225494
2007-10-18 00:00:00+00:00,-0.003630386802929819
2007-10-19 00:00:00+00:00,-0.026156130305067693
2007-10-22 00:00:00+00:00,0.005812686690691349
2007-10-23 00:00:00+00:00,0.008104156219701064
2007-10-24 00:00:00+00:00,-0.0018448687063932212
2007-10-25 00:00:00+00:00,0.0023763377589351986
2007-10-26 00:00:00+00:00,0.011723418605740665
2007-10-29 00:00:00+00:00,0.003319217669495389
2007-10-30 00:00:00+00:00,-0.006941589430114803
2007-10-31 00:00:00+00:00,0.010387205313590941
2007-11-01 00:00:00+00:00,-0.02918224515185308
2007-11-02 00:00:00+00:00,-0.0011249154155247298
2007-11-05 00:00:00+00:00,-0.010636904607574715
2007-11-06 00:00:00+00:00,0.013154396449753136
2007-11-07 00:00:00+00:00,-0.031211145795566053
2007-11-08 00:00:00+00:00,0.00206246169110913
2007-11-09 00:00:00+00:00,-0.009774365887984526
2007-11-12 00:00:00+00:00,-0.009610666399279988
2007-11-13 00:00:00+00:00,0.031209479567484877
2007-11-14 00:00:00+00:00,-0.007248276164380951
2007-11-15 00:00:00+00:00,-0.014858631261790212
2007-11-16 00:00:00+00:00,0.0019503391104926937
2007-11-19 00:00:00+00:00,-0.02089254941864538
2007-11-20 00:00:00+00:00,0.0006625625186293949
2007-11-21 00:00:00+00:00,-0.01470221354505663
2007-11-23 00:00:00+00:00,0.016803347370639488
2007-11-26 00:00:00+00:00,-0.026308581285359733
2007-11-27 00:00:00+00:00,0.01493526696516212
2007-11-28 00:00:00+00:00,0.0342475364621917
2007-11-29 00:00:00+00:00,-0.00012872888094284107
2007-11-30 00:00:00+00:00,0.016170383230774688
2007-12-03 00:00:00+00:00,-0.007638549738870237
2007-12-04 00:00:00+00:00,-0.007697043402404402
2007-12-05 00:00:00+00:00,0.016289284058584874
2007-12-06 00:00:00+00:00,0.011575644164072196
2007-12-07 00:00:00+00:00,-0.0015086451662709166
2007-12-10 00:00:00+00:00,0.012594780336807387
2007-12-11 00:00:00+00:00,-0.028856123763222663
2007-12-12 00:00:00+00:00,0.002818017287911534
2007-12-13 00:00:00+00:00,0.003065054727412253
2007-12-14 00:00:00+00:00,-0.0151513557298939
2007-12-17 00:00:00+00:00,-0.01667786547314476
2007-12-18 00:00:00+00:00,0.006705274840524522
2007-12-19 00:00:00+00:00,-0.0014363323632384795
2007-12-20 00:00:00+00:00,0.002223449537476885
2007-12-21 00:00:00+00:00,0.01761672247557544
2007-12-24 00:00:00+00:00,0.01051563951582346
2007-12-26 00:00:00+00:00,-0.003045307545424758
2007-12-27 00:00:00+00:00,-0.010961476256972191
2007-12-28 00:00:00+00:00,-0.002847640592568146
2007-12-31 00:00:00+00:00,-0.008569451641947445
2008-01-02 00:00:00+00:00,-0.013226709404763448
2008-01-03 00:00:00+00:00,-0.0022565837858649074
2008-01-04 00:00:00+00:00,-0.02114912331024188
2008-01-07 00:00:00+00:00,0.006930464909517875
2008-01-08 00:00:00+00:00,-0.021322425777628995
2008-01-09 00:00:00+00:00,0.011583077813753118
2008-01-10 00:00:00+00:00,0.011041230501654287
2008-01-11 00:00:00+00:00,-0.010111791974601214
2008-01-14 00:00:00+00:00,0.00912566649046509
2008-01-15 00:00:00+00:00,-0.024429994256462084
2008-01-16 00:00:00+00:00,0.002075028685891489
2008-01-17 00:00:00+00:00,-0.030788039854620974
2008-01-18 00:00:00+00:00,-0.013817608008939941
2008-01-22 00:00:00+00:00,0.0
2008-01-23 00:00:00+00:00,0.03033371828150666
2008-01-24 00:00:00+00:00,0.00490712163189122
2008-01-25 00:00:00+00:00,-0.014369673280773987
2008-01-28 00:00:00+00:00,0.020807098134055346
2008-01-29 00:00:00+00:00,0.009566546645813911
2008-01-30 00:00:00+00:00,-0.005355965210484204
2008-01-31 00:00:00+00:00,0.01795075792656209
2008-02-01 00:00:00+00:00,0.015088227295690815
2008-02-04 00:00:00+00:00,-0.012609882486600887
2008-02-05 00:00:00+00:00,-0.02677349032244991
2008-02-06 00:00:00+00:00,-0.008052131952460018
2008-02-07 00:00:00+00:00,0.006613860698938545
2008-02-08 00:00:00+00:00,-0.006420877131022018
2008-02-11 00:00:00+00:00,0.005110102795963023
2008-02-12 00:00:00+00:00,0.009270994795452125
2008-02-13 00:00:00+00:00,0.01022295599147749
2008-02-14 00:00:00+00:00,-0.008799644656688699
2008-02-15 00:00:00+00:00,-0.000221717741319849
2008-02-19 00:00:00+00:00,0.002811855050413703
2008-02-20 00:00:00+00:00,0.002951585628469644
2008-02-21 00:00:00+00:00,-0.008314000912471808
2008-02-22 00:00:00+00:00,0.00615796442626193
2008-02-25 00:00:00+00:00,0.012608565045123532
2008-02-26 00:00:00+00:00,0.007500372188103288
2008-02-27 00:00:00+00:00,-0.001011862021693788
2008-02-28 00:00:00+00:00,-0.009767157199770837
2008-02-29 00:00:00+00:00,-0.022283792576943684
2008-03-03 00:00:00+00:00,-0.0031359857740221866
2008-03-04 00:00:00+00:00,-0.003996305588371274
2008-03-05 00:00:00+00:00,0.0031524628710768443
2008-03-06 00:00:00+00:00,-0.023853722203205585
2008-03-07 00:00:00+00:00,-0.004975249114494318
2008-03-10 00:00:00+00:00,-0.01617628429820306
2008-03-11 00:00:00+00:00,0.03916253671043779
2008-03-12 00:00:00+00:00,-0.008773886703766332
2008-03-13 00:00:00+00:00,0.00014450431443724376
2008-03-14 00:00:00+00:00,-0.02147388259686367
2008-03-17 00:00:00+00:00,-0.0069691537703490125
2008-03-18 00:00:00+00:00,0.0447963752139342
2008-03-19 00:00:00+00:00,-0.019008427960631735
2008-03-20 00:00:00+00:00,0.032342940109985285
2008-03-24 00:00:00+00:00,0.013688906260480582
2008-03-25 00:00:00+00:00,-0.0007431451254515942
2008-03-26 00:00:00+00:00,-0.014173505015770416
2008-03-27 00:00:00+00:00,-0.009822081846480368
2008-03-28 00:00:00+00:00,-0.010351075621602646
2008-03-31 00:00:00+00:00,0.005810839057571959
2008-04-01 00:00:00+00:00,0.04087233259362866
2008-04-02 00:00:00+00:00,-0.003191617146915404
2008-04-03 00:00:00+00:00,0.00264489638632992
2008-04-04 00:00:00+00:00,-0.0023600222899980983
2008-04-07 00:00:00+00:00,0.002504720265972482
2008-04-08 00:00:00+00:00,-0.00805094223632108
2008-04-09 00:00:00+00:00,-0.012314404300250548
2008-04-10 00:00:00+00:00,0.0026916995023025247
2008-04-11 00:00:00+00:00,-0.021195414391087297
2008-04-14 00:00:00+00:00,-0.008228485828588039
2008-04-15 00:00:00+00:00,0.00509485458863379
2008-04-16 00:00:00+00:00,0.02215770093794167
2008-04-17 00:00:00+00:00,0.0015582654596293377
2008-04-18 00:00:00+00:00,0.016410212626664977
2008-04-21 00:00:00+00:00,-0.006541992195338797
2008-04-22 00:00:00+00:00,-0.008265189247051663
2008-04-23 00:00:00+00:00,0.0008473067766519016
2008-04-24 00:00:00+00:00,0.013408197627000629
2008-04-25 00:00:00+00:00,0.010724631284257047
2008-04-28 00:00:00+00:00,-0.0019291987587686243
2008-04-29 00:00:00+00:00,-0.0031752713936906707
2008-04-30 00:00:00+00:00,-0.005678875375953907
2008-05-01 00:00:00+00:00,0.025212580541867258
2008-05-02 00:00:00+00:00,0.002037947279640795
2008-05-05 00:00:00+00:00,-0.006101644467594314
2008-05-06 00:00:00+00:00,0.006412105773398791
2008-05-07 00:00:00+00:00,-0.021960166858130403
2008-05-08 00:00:00+00:00,0.0015243572572130049
2008-05-09 00:00:00+00:00,-0.007196521122487698
2008-05-12 00:00:00+00:00,0.013242998684397156
2008-05-13 00:00:00+00:00,-0.002201226711444515
2008-05-14 00:00:00+00:00,0.006479695540332786
2008-05-15 00:00:00+00:00,0.009588856892160491
2008-05-16 00:00:00+00:00,-0.0031201606898959566
2008-05-19 00:00:00+00:00,0.0024495146405520973
2008-05-20 00:00:00+00:00,-0.01276295504719449
2008-05-21 00:00:00+00:00,-0.016916491413839996
2008-05-22 00:00:00+00:00,0.003917315905508811
2008-05-23 00:00:00+00:00,-0.015886577193957474
2008-05-27 00:00:00+00:00,0.007364058307298471
2008-05-28 00:00:00+00:00,0.0029514741197351757
2008-05-29 00:00:00+00:00,0.009109972617418638
2008-05-30 00:00:00+00:00,-0.0026387754101376837
2008-06-02 00:00:00+00:00,-0.01030500962598635
2008-06-03 00:00:00+00:00,-0.006754290994125611
2008-06-04 00:00:00+00:00,-0.0001412053456663065
2008-06-05 00:00:00+00:00,0.01615160018733186
2008-06-06 00:00:00+00:00,-0.034439472679766325
2008-06-09 00:00:00+00:00,-0.004331674110316319
2008-06-10 00:00:00+00:00,-0.0005802832623849064
2008-06-11 00:00:00+00:00,-0.02089674708132261
2008-06-12 00:00:00+00:00,0.004890969247723254
2008-06-13 00:00:00+00:00,0.014453960812132793
2008-06-16 00:00:00+00:00,0.0001453447499544236
2008-06-17 00:00:00+00:00,-0.01235598055847631
2008-06-18 00:00:00+00:00,-0.00956789813815151
2008-06-19 00:00:00+00:00,0.0035669006853644714
2008-06-20 00:00:00+00:00,-0.019250517864112027
2008-06-23 00:00:00+00:00,-0.006190332311668101
2008-06-24 00:00:00+00:00,0.002034373432012293
2008-06-25 00:00:00+00:00,0.006106893693518023
2008-06-26 00:00:00+00:00,-0.032777130158777035
2008-06-27 00:00:00+00:00,-0.004863259791872521
2008-06-30 00:00:00+00:00,-0.00047274975721756096
2008-07-01 00:00:00+00:00,0.004100897088918698
2008-07-02 00:00:00+00:00,-0.016494001375772505
2008-07-03 00:00:00+00:00,-0.0001597703151559049
2008-07-07 00:00:00+00:00,-0.012140695020432468
2008-07-08 00:00:00+00:00,0.02878406181186044
2008-07-09 00:00:00+00:00,-0.023892094445460477
2008-07-10 00:00:00+00:00,0.0027375638309161676
2008-07-11 00:00:00+00:00,-0.014774020104961316
2008-07-14 00:00:00+00:00,-0.01581091742532681
2008-07-15 00:00:00+00:00,-0.012918414045992921
2008-07-16 00:00:00+00:00,0.041946131843430434
2008-07-17 00:00:00+00:00,0.018840875003062862
2008-07-18 00:00:00+00:00,0.005373879077845034
2008-07-21 00:00:00+00:00,-0.004559225731106897
2008-07-22 00:00:00+00:00,0.02432088510551833
2008-07-23 00:00:00+00:00,0.009096858773011363
2008-07-24 00:00:00+00:00,-0.02872444291420284
2008-07-25 00:00:00+00:00,-0.0025170838522841077
2008-07-28 00:00:00+00:00,-0.02270873019102637
2008-07-29 00:00:00+00:00,0.03098223919349974
2008-07-30 00:00:00+00:00,0.016434627287360115
2008-07-31 00:00:00+00:00,-0.010471367443736779
2008-08-01 00:00:00+00:00,-0.004201413219816708
2008-08-04 00:00:00+00:00,-0.00484470962482797
2008-08-05 00:00:00+00:00,0.030464912006547218
2008-08-06 00:00:00+00:00,-0.0015240635134028402
2008-08-07 00:00:00+00:00,-0.021214664044565734
2008-08-08 00:00:00+00:00,0.02759995705719054
2008-08-11 00:00:00+00:00,0.010470357515538042
2008-08-12 00:00:00+00:00,-0.01847136989795739
2008-08-13 00:00:00+00:00,-0.009791447436440337
2008-08-14 00:00:00+00:00,0.00942467292463256
2008-08-15 00:00:00+00:00,0.007806645425515901
2008-08-18 00:00:00+00:00,-0.016707190729055243
2008-08-19 00:00:00+00:00,-0.016527164888536894
2008-08-20 00:00:00+00:00,0.005968012911945486
2008-08-21 00:00:00+00:00,-0.0004688058485291524
2008-08-22 00:00:00+00:00,0.015464654934878252
2008-08-25 00:00:00+00:00,-0.020305136377814836
2008-08-26 00:00:00+00:00,0.0026693121486449645
2008-08-27 00:00:00+00:00,0.008769379585986004
2008-08-28 00:00:00+00:00,0.021111695274402376
2008-08-29 00:00:00+00:00,-0.009273591531178682
2008-09-02 00:00:00+00:00,0.0032222247572788465
2008-09-03 00:00:00+00:00,0.001376480092186494
2008-09-04 00:00:00+00:00,-0.03345042884847971
2008-09-05 00:00:00+00:00,0.009956033272049192
2008-09-08 00:00:00+00:00,0.030667948281100088
2008-09-09 00:00:00+00:00,-0.03567605017611808
2008-09-10 00:00:00+00:00,-0.000787497964309547
2008-09-11 00:00:00+00:00,0.015440324581625253
2008-09-12 00:00:00+00:00,-0.0023272375120704236
2008-09-15 00:00:00+00:00,-0.05069988083382493
2008-09-16 00:00:00+00:00,0.018676319869381564
2008-09-17 00:00:00+00:00,-0.056610109437930545
2008-09-18 00:00:00+00:00,0.050631385770280035
2008-09-19 00:00:00+00:00,0.04851516573587489
2008-09-22 00:00:00+00:00,-0.03760518654686584
2008-09-23 00:00:00+00:00,-0.01800880885470002
2008-09-24 00:00:00+00:00,-0.00262012481711138
2008-09-25 00:00:00+00:00,0.022938090398821442
2008-09-26 00:00:00+00:00,0.0037209926831835993
2008-09-29 00:00:00+00:00,-0.06753737518746228
2008-09-30 00:00:00+00:00,0.03457237065657748
2008-10-01 00:00:00+00:00,0.002339005532830285
2008-10-02 00:00:00+00:00,-0.0395063223720421
2008-10-03 00:00:00+00:00,-0.016486752088821333
2008-10-06 00:00:00+00:00,-0.03317481066454442
2008-10-07 00:00:00+00:00,-0.07464871516364491
2008-10-08 00:00:00+00:00,-0.015779357512197945
2008-10-09 00:00:00+00:00,-0.07314588645001219
2008-10-10 00:00:00+00:00,0.010594413831962246
2008-10-13 00:00:00+00:00,0.09392373808346166
2008-10-14 00:00:00+00:00,0.00234660547045884
2008-10-15 00:00:00+00:00,-0.08507301289946445
2008-10-16 00:00:00+00:00,0.033696183421570325
2008-10-17 00:00:00+00:00,-0.006396097168197112
2008-10-20 00:00:00+00:00,0.041943675312538176
2008-10-21 00:00:00+00:00,-0.026106105061952323
2008-10-22 00:00:00+00:00,-0.05381603719905048
2008-10-23 00:00:00+00:00,0.0069202217410160305
2008-10-24 00:00:00+00:00,-0.03994842684178379
2008-10-27 00:00:00+00:00,-0.028187918429009473
2008-10-28 00:00:00+00:00,0.10704425619666558
2008-10-29 00:00:00+00:00,-0.023081860364420836
2008-10-30 00:00:00+00:00,0.035334454212689215
2008-10-31 00:00:00+00:00,0.021175680422675924
2008-11-03 00:00:00+00:00,-0.00020105779510315447
2008-11-04 00:00:00+00:00,0.0398717686750909
2008-11-05 00:00:00+00:00,-0.05615851464154731
2008-11-06 00:00:00+00:00,-0.05088238102925824
2008-11-07 00:00:00+00:00,0.023562454017262757
2008-11-10 00:00:00+00:00,-0.013727384787804109
2008-11-11 00:00:00+00:00,-0.02291226803020785
2008-11-12 00:00:00+00:00,-0.05150124089298003
2008-11-13 00:00:00+00:00,0.06816029155250813
2008-11-14 00:00:00+00:00,-0.04607361556089218
2008-11-17 00:00:00+00:00,-0.03129262652329734
2008-11-18 00:00:00+00:00,0.006554486562644346
2008-11-19 00:00:00+00:00,-0.07023231381969675
2008-11-20 00:00:00+00:00,-0.06828415111961861
2008-11-21 00:00:00+00:00,0.05261717269712052
2008-11-24 00:00:00+00:00,0.0660547285452242
2008-11-25 00:00:00+00:00,0.024401878070933636
2008-11-26 00:00:00+00:00,0.033862598321557025
2008-11-28 00:00:00+00:00,0.018070326907321244
2008-12-01 00:00:00+00:00,-0.09274423922891184
2008-12-02 00:00:00+00:00,0.041575071870465274
2008-12-03 00:00:00+00:00,0.034515309914267656
2008-12-04 00:00:00+00:00,-0.02473916455803382
2008-12-05 00:00:00+00:00,0.04282096708659355
2008-12-08 00:00:00+00:00,0.035482764704620307
2008-12-09 00:00:00+00:00,-0.027370459395514857
2008-12-10 00:00:00+00:00,0.0053178687345931674
2008-12-11 00:00:00+00:00,-0.03438383852695159
2008-12-12 00:00:00+00:00,0.009586652652479266
2008-12-15 00:00:00+00:00,-0.017861272081339252
2008-12-16 00:00:00+00:00,0.05778075845569175
2008-12-17 00:00:00+00:00,-0.0097929997167151
2008-12-18 00:00:00+00:00,-0.018681334275602368
2008-12-19 00:00:00+00:00,-0.0029118564733565666
2008-12-22 00:00:00+00:00,-0.02066470970436718
2008-12-23 00:00:00+00:00,-0.0050453322991899086
2008-12-24 00:00:00+00:00,0.006245122909946055
2008-12-26 00:00:00+00:00,0.003936295842726034
2008-12-29 00:00:00+00:00,-0.0020758468603896407
2008-12-30 00:00:00+00:00,0.0249657199313138
2008-12-31 00:00:00+00:00,0.018944491205395098
2009-01-02 00:00:00+00:00,0.02346185071080531
2009-01-05 00:00:00+00:00,-0.006272044472856342
2009-01-06 00:00:00+00:00,0.008922897707524635
2009-01-07 00:00:00+00:00,-0.03170854097505915
2009-01-08 00:00:00+00:00,0.002673685872011111
2009-01-09 00:00:00+00:00,-0.021550858570594578
2009-01-12 00:00:00+00:00,-0.026793429115068212
2009-01-13 00:00:00+00:00,-0.0004668081088171627
2009-01-14 00:00:00+00:00,-0.033146993357003995
2009-01-15 00:00:00+00:00,-0.007484611751185866
2009-01-16 00:00:00+00:00,0.0021896455384400326
2009-01-20 00:00:00+00:00,-0.05946633432335369
2009-01-21 00:00:00+00:00,0.04696800638162535
2009-01-22 00:00:00+00:00,-0.015035711599316381
2009-01-23 00:00:00+00:00,0.0040044212095016185
2009-01-26 00:00:00+00:00,0.001245802395235085
2009-01-27 00:00:00+00:00,0.013691792761429511
2009-01-28 00:00:00+00:00,0.0383103807300611
2009-01-29 00:00:00+00:00,-0.03736985911398283
2009-01-30 00:00:00+00:00,-0.024815848373864968
2009-02-02 00:00:00+00:00,-0.003275524876451663
2009-02-03 00:00:00+00:00,0.010364544386072705
2009-02-04 00:00:00+00:00,-0.010258222582791188
2009-02-05 00:00:00+00:00,0.009858724079938375
2009-02-06 00:00:00+00:00,0.03279091104433629
2009-02-09 00:00:00+00:00,0.005574407071657683
2009-02-10 00:00:00+00:00,-0.05664006187335202
2009-02-11 00:00:00+00:00,0.014307472604463412
2009-02-12 00:00:00+00:00,-0.003022574241340781
2009-02-13 00:00:00+00:00,-0.016422780227942302
2009-02-17 00:00:00+00:00,-0.04726434185357753
2009-02-18 00:00:00+00:00,-0.005931191292724902
2009-02-19 00:00:00+00:00,-0.016002014755419514
2009-02-20 00:00:00+00:00,-0.013506291694900141
2009-02-23 00:00:00+00:00,-0.03017586440059572
2009-02-24 00:00:00+00:00,0.04235105186142851
2009-02-25 00:00:00+00:00,-0.006634071692100951
2009-02-26 00:00:00+00:00,-0.013633596991981856
2009-02-27 00:00:00+00:00,-0.02736221060409183
2009-03-02 00:00:00+00:00,-0.050464114247560254
2009-03-03 00:00:00+00:00,-0.014966395148658607
2009-03-04 00:00:00+00:00,0.018604498862877517
2009-03-05 00:00:00+00:00,-0.04353108303254405
2009-03-06 00:00:00+00:00,0.0031829613719673855
2009-03-09 00:00:00+00:00,-0.011421673756448314
2009-03-10 00:00:00+00:00,0.07285000853624912
2009-03-11 00:00:00+00:00,0.002392842209807844
2009-03-12 00:00:00+00:00,0.051924634829397576
2009-03-13 00:00:00+00:00,0.012482305211565237
2009-03-16 00:00:00+00:00,-0.0016810503116445608
2009-03-17 00:00:00+00:00,0.0342407461437253
2009-03-18 00:00:00+00:00,0.03283612443600825
2009-03-19 00:00:00+00:00,-0.02390996600379791
2009-03-20 00:00:00+00:00,-0.022341579040270343
2009-03-23 00:00:00+00:00,0.07957048496884966
2009-03-24 00:00:00+00:00,-0.022443456787549332
2009-03-25 00:00:00+00:00,0.0079095046846549
2009-03-26 00:00:00+00:00,0.025634406857611314
2009-03-27 00:00:00+00:00,-0.018617577841423594
2009-03-30 00:00:00+00:00,-0.04261971169239709
2009-03-31 00:00:00+00:00,0.009771802426770115
2009-04-01 00:00:00+00:00,0.023924946579683803
2009-04-02 00:00:00+00:00,0.03019200631294039
2009-04-03 00:00:00+00:00,0.011977088715402706
2009-04-06 00:00:00+00:00,-0.007554818878105607
2009-04-07 00:00:00+00:00,-0.025374167450559204
2009-04-08 00:00:00+00:00,0.010413969817522517
2009-04-09 00:00:00+00:00,0.05179100560389083
2009-04-13 00:00:00+00:00,0.009063820211419715
2009-04-14 00:00:00+00:00,-0.027433951267404444
2009-04-15 00:00:00+00:00,0.020219785305596094
2009-04-16 00:00:00+00:00,0.015170302130360858
2009-04-17 00:00:00+00:00,0.010363378023179548
2009-04-20 00:00:00+00:00,-0.052480680148306647
2009-04-21 00:00:00+00:00,0.02215513609516928
2009-04-22 00:00:00+00:00,-0.010098825376213427
2009-04-23 00:00:00+00:00,0.013934637635676594
2009-04-24 00:00:00+00:00,0.012760460523109307
2009-04-27 00:00:00+00:00,-0.009934396675188806
2009-04-28 00:00:00+00:00,-0.0068528269509602335
2009-04-29 00:00:00+00:00,0.022424845554280814
2009-04-30 00:00:00+00:00,0.0016873622780757547
2009-05-01 00:00:00+00:00,0.0036086522759470885
2009-05-04 00:00:00+00:00,0.0457924305377877
2009-05-05 00:00:00+00:00,-0.0048144517917264595
2009-05-06 00:00:00+00:00,0.026031365119161487
2009-05-07 00:00:00+00:00,-0.012124460386144897
2009-05-08 00:00:00+00:00,0.02977314311131285
2009-05-11 00:00:00+00:00,-0.02714589653084376
2009-05-12 00:00:00+00:00,-0.00431104061145815
2009-05-13 00:00:00+00:00,-0.028708112534725827
2009-05-14 00:00:00+00:00,0.010556145500528302
2009-05-15 00:00:00+00:00,-0.012070440878542366
2009-05-18 00:00:00+00:00,0.030780159941114382
2009-05-19 00:00:00+00:00,-0.002735537241943753
2009-05-20 00:00:00+00:00,-0.010057131864689373
2009-05-21 00:00:00+00:00,-0.010621112581860492
2009-05-22 00:00:00+00:00,-0.0025669442016109656
2009-05-26 00:00:00+00:00,0.02573688385483619
2009-05-27 00:00:00+00:00,-0.02212604348483571
2009-05-28 00:00:00+00:00,0.014462894532900172
2009-05-29 00:00:00+00:00,0.017704368724717146
2009-06-01 00:00:00+00:00,0.02078660603062965
2009-06-02 00:00:00+00:00,-0.0013282657411894938
2009-06-03 00:00:00+00:00,-0.014849382222591578
2009-06-04 00:00:00+00:00,0.011923591639373843
2009-06-05 00:00:00+00:00,-0.0037793112079638203
2009-06-08 00:00:00+00:00,-0.002231052789358201
2009-06-09 00:00:00+00:00,0.003577892612078415
2009-06-10 00:00:00+00:00,-0.004457078527233982
2009-06-11 00:00:00+00:00,0.006492084619716065
2009-06-12 00:00:00+00:00,0.006005537498074087
2009-06-15 00:00:00+00:00,-0.024983384759167615
2009-06-16 00:00:00+00:00,-0.01632672924804568
2009-06-17 00:00:00+00:00,-0.005301889765115475
2009-06-18 00:00:00+00:00,0.013209396531363327
2009-06-19 00:00:00+00:00,0.0036601982132968836
2009-06-22 00:00:00+00:00,-0.030538447809060343
2009-06-23 00:00:00+00:00,0.003834827641425509
2009-06-24 00:00:00+00:00,0.008017157087178983
2009-06-25 00:00:00+00:00,0.021520183153716177
2009-06-26 00:00:00+00:00,-0.0011448074771771566
2009-06-29 00:00:00+00:00,0.010545195389401574
2009-06-30 00:00:00+00:00,-0.009528080102555347
2009-07-01 00:00:00+00:00,0.005497358128101926
2009-07-02 00:00:00+00:00,-0.028474114103755332
2009-07-06 00:00:00+00:00,0.0007035735334424142
2009-07-07 00:00:00+00:00,-0.018041529239674725
2009-07-08 00:00:00+00:00,-0.004771401995910196
2009-07-09 00:00:00+00:00,0.0023969380514317074
2009-07-10 00:00:00+00:00,-0.005261575074815283
2009-07-13 00:00:00+00:00,0.030535848396441967
2009-07-14 00:00:00+00:00,0.006066740853836405
2009-07-15 00:00:00+00:00,0.029452812528245165
2009-07-16 00:00:00+00:00,0.00720842838588287
2009-07-17 00:00:00+00:00,-0.003578606607858359
2009-07-20 00:00:00+00:00,0.01054968779900256
2009-07-21 00:00:00+00:00,0.0019995434147619395
2009-07-22 00:00:00+00:00,0.0019949966142944753
2009-07-23 00:00:00+00:00,0.023008745558878996
2009-07-24 00:00:00+00:00,0.006054786602785356
2009-07-27 00:00:00+00:00,0.006234480740300752
2009-07-28 00:00:00+00:00,-0.0027770155727429024
2009-07-29 00:00:00+00:00,-0.0038563348091097405
2009-07-30 00:00:00+00:00,0.015914628571072065
2009-07-31 00:00:00+00:00,0.002116465984887128
2009-08-03 00:00:00+00:00,0.01795544311901698
2009-08-04 00:00:00+00:00,0.00497989285762257
2009-08-05 00:00:00+00:00,0.0033039000467987023
2009-08-06 00:00:00+00:00,-0.0034991426113052393
2009-08-07 00:00:00+00:00,0.018381306085413884
2009-08-10 00:00:00+00:00,-0.002839164515501591
2009-08-11 00:00:00+00:00,-0.017287294402594133
2009-08-12 00:00:00+00:00,0.011589457121722324
2009-08-13 00:00:00+00:00,0.009410767167812528
2009-08-14 00:00:00+00:00,-0.007296078078145363
2009-08-17 00:00:00+00:00,-0.02572475469381086
2009-08-18 00:00:00+00:00,0.010058468318309366
2009-08-19 00:00:00+00:00,0.007054564902321259
2009-08-20 00:00:00+00:00,0.011330357133620073
2009-08-21 00:00:00+00:00,0.02098208587400663
2009-08-24 00:00:00+00:00,-0.002793168593162587
2009-08-25 00:00:00+00:00,0.004001321791474055
2009-08-26 00:00:00+00:00,0.00019925763188965995
2009-08-27 00:00:00+00:00,0.003985136918974508
2009-08-28 00:00:00+00:00,-0.0003971865418096465
2009-08-31 00:00:00+00:00,-0.007941127013501248
2009-09-01 00:00:00+00:00,-0.028017096509883155
2009-09-02 00:00:00+00:00,-0.005147256144633183
2009-09-03 00:00:00+00:00,0.009933919366985844
2009-09-04 00:00:00+00:00,0.013319949773920925
2009-09-08 00:00:00+00:00,0.008088641746603287
2009-09-09 00:00:00+00:00,0.009428001518204665
2009-09-10 00:00:00+00:00,0.009340388041473524
2009-09-11 00:00:00+00:00,-0.0027559939600371175
2009-09-14 00:00:00+00:00,0.009871422216709336
2009-09-15 00:00:00+00:00,0.0033233604884006507
2009-09-16 00:00:00+00:00,0.01734293588620539
2009-09-17 00:00:00+00:00,-0.0026822103345356396
2009-09-18 00:00:00+00:00,-0.00019170369830612266
2009-09-21 00:00:00+00:00,-0.0036497136593692803
2009-09-22 00:00:00+00:00,0.008289563080582374
2009-09-23 00:00:00+00:00,-0.009577065994689216
2009-09-24 00:00:00+00:00,-0.01203891480866015
2009-09-25 00:00:00+00:00,-0.005895791195553057
2009-09-28 00:00:00+00:00,0.0189796310964514
2009-09-29 00:00:00+00:00,-0.0009704251734489189
2009-09-30 00:00:00+00:00,-0.005825728900250238
2009-10-01 00:00:00+00:00,-0.027349441094861926
2009-10-02 00:00:00+00:00,-0.005623871348427789
2009-10-05 00:00:00+00:00,0.019390048175675245
2009-10-06 00:00:00+00:00,0.012483005673074254
2009-10-07 00:00:00+00:00,0.0029352573718515185
2009-10-08 00:00:00+00:00,0.006634304977779948
2009-10-09 00:00:00+00:00,0.005621204012522085
2009-10-12 00:00:00+00:00,0.005204413186694845
2009-10-13 00:00:00+00:00,-0.0034518577536756245
2009-10-14 00:00:00+00:00,0.019626751321079494
2009-10-15 00:00:00+00:00,0.0
2009-10-16 00:00:00+00:00,-0.009624530760287131
2009-10-19 00:00:00+00:00,0.007050576736119973
2009-10-20 00:00:00+00:00,-0.0060549480897234
2009-10-21 00:00:00+00:00,-0.01370659971017718
2009-10-22 00:00:00+00:00,0.012739196545233034
2009-10-23 00:00:00+00:00,-0.014103412620712574
2009-10-26 00:00:00+00:00,-0.01623845686616998
2009-10-27 00:00:00+00:00,-0.005305114676898981
2009-10-28 00:00:00+00:00,-0.018372189691694185
2009-10-29 00:00:00+00:00,0.023546077786044117
2009-10-30 00:00:00+00:00,-0.03008246877766696
2009-11-02 00:00:00+00:00,0.006284021346330215
2009-11-03 00:00:00+00:00,0.004028821197381571
2009-11-04 00:00:00+00:00,-0.001805922892824663
2009-11-05 00:00:00+00:00,0.019296504354712418
2009-11-06 00:00:00+00:00,0.0031552908965322146
2009-11-09 00:00:00+00:00,0.026145155772679063
2009-11-10 00:00:00+00:00,0.0
2009-11-11 00:00:00+00:00,0.005746806396940807
2009-11-12 00:00:00+00:00,-0.010285377242856608
2009-11-13 00:00:00+00:00,0.0038490426237804964
2009-11-16 00:00:00+00:00,0.014187022077126521
2009-11-17 00:00:00+00:00,0.0005673279305398182
2009-11-18 00:00:00+00:00,0.0018892522550026936
2009-11-19 00:00:00+00:00,-0.013200351027426782
2009-11-20 00:00:00+00:00,-0.001528646755388996
2009-11-23 00:00:00+00:00,0.012057425818260636
2009-11-24 00:00:00+00:00,-0.00018925076628728554
2009-11-25 00:00:00+00:00,0.0032155636385919895
2009-11-27 00:00:00+00:00,-0.01677964449531688
2009-11-30 00:00:00+00:00,0.005560522661260059
2009-12-01 00:00:00+00:00,0.011823220714507032
2009-12-02 00:00:00+00:00,0.001884833022174126
2009-12-03 00:00:00+00:00,-0.01166350005598571
2009-12-04 00:00:00+00:00,0.010659239668918907
2009-12-07 00:00:00+00:00,-0.0007535531288909159
2009-12-08 00:00:00+00:00,-0.01055424943174288
2009-12-09 00:00:00+00:00,0.003238225901073477
2009-12-10 00:00:00+00:00,0.003607257698428734
2009-12-11 00:00:00+00:00,0.007378326509575928
2009-12-14 00:00:00+00:00,0.008450441581306478
2009-12-15 00:00:00+00:00,-0.00689018889290971
2009-12-16 00:00:00+00:00,0.0015005029935684089
2009-12-17 00:00:00+00:00,-0.012170191780776385
2009-12-18 00:00:00+00:00,0.005496864319589623
2009-12-21 00:00:00+00:00,0.009990406750034042
2009-12-22 00:00:00+00:00,0.0007464917991508724
2009-12-23 00:00:00+00:00,-0.0003732778575671336
2009-12-24 00:00:00+00:00,0.005466091582028598
2009-12-28 00:00:00+00:00,0.0
2009-12-29 00:00:00+00:00,-0.0013075753109029753
2009-12-30 00:00:00+00:00,0.0
2009-12-31 00:00:00+00:00,-0.008417553705464487
2010-01-04 00:00:00+00:00,0.01603452025018104
2010-01-05 00:00:00+00:00,0.0053844486295753224
2010-01-06 00:00:00+00:00,0.0024009282571701984
2010-01-07 00:00:00+00:00,0.008658879201026926
2010-01-08 00:00:00+00:00,0.001825721998526042
2010-01-11 00:00:00+00:00,0.0036464973975547377
2010-01-12 00:00:00+00:00,-0.010172375878847562
2010-01-13 00:00:00+00:00,0.008809146748968377
2010-01-14 00:00:00+00:00,0.0016371853683161408
2010-01-15 00:00:00+00:00,-0.011441965910577223
2010-01-19 00:00:00+00:00,0.012860657933285058
2010-01-20 00:00:00+00:00,-0.007074245697808124
2010-01-21 00:00:00+00:00,-0.021739434600157592
2010-01-22 00:00:00+00:00,-0.019794401555128127
2010-01-25 00:00:00+00:00,0.004381817985230851
2010-01-26 00:00:00+00:00,-0.005690052963416847
2010-01-27 00:00:00+00:00,0.005531727969661615
2010-01-28 00:00:00+00:00,-0.00891658248928584
2010-01-29 00:00:00+00:00,-0.0063165475699761275
2010-02-01 00:00:00+00:00,0.01386976184718991
2010-02-02 00:00:00+00:00,0.01463054535830266
2010-02-03 00:00:00+00:00,-0.0078653750251384
2010-02-04 00:00:00+00:00,-0.032087721088191246
2010-02-05 00:00:00+00:00,0.0011703542352381469
2010-02-08 00:00:00+00:00,-0.009349313054307862
2010-02-09 00:00:00+00:00,0.0112068169792654
2010-02-10 00:00:00+00:00,-0.0005830418391981063
2010-02-11 00:00:00+00:00,0.0075877176761416365
2010-02-12 00:00:00+00:00,-0.002124341934894969
2010-02-16 00:00:00+00:00,0.017995498326665915
2010-02-17 00:00:00+00:00,0.004561811201175603
2010-02-18 00:00:00+00:00,0.00624416281135054
2010-02-19 00:00:00+00:00,0.0026325689855233314
2010-02-22 00:00:00+00:00,0.00206297173957104
2010-02-23 00:00:00+00:00,-0.012165378610219046
2010-02-24 00:00:00+00:00,0.011746964525361392
2010-02-25 00:00:00+00:00,-0.00262213562483693
2010-02-26 00:00:00+00:00,0.0
2010-03-01 00:00:00+00:00,0.009763162863357655
2010-03-02 00:00:00+00:00,0.001859370029287044
2010-03-03 00:00:00+00:00,0.0
2010-03-04 00:00:00+00:00,0.005011636310606971
2010-03-05 00:00:00+00:00,0.01477382380717529
2010-03-08 00:00:00+00:00,-0.0012738856057945558
2010-03-09 00:00:00+00:00,0.0027329498368162675
2010-03-10 00:00:00+00:00,0.005088536734288773
2010-03-11 00:00:00+00:00,0.004881662375296081
2010-03-12 00:00:00+00:00,-0.0017997465246274436
2010-03-15 00:00:00+00:00,0.0025238304937758027
2010-03-16 00:00:00+00:00,0.009529103446581422
2010-03-17 00:00:00+00:00,0.006766941862963005
2010-03-18 00:00:00+00:00,-0.0005304413589864998
2010-03-19 00:00:00+00:00,-0.005840682297797994
2010-03-22 00:00:00+00:00,0.005874996284596978
2010-03-23 00:00:00+00:00,0.008318949430067724
2010-03-24 00:00:00+00:00,-0.0042130752150956186
2010-03-25 00:00:00+00:00,-0.0013808702892018632
2010-03-26 00:00:00+00:00,0.0
2010-03-29 00:00:00+00:00,0.005496298970652402
2010-03-30 00:00:00+00:00,-0.0005289237523715684
2010-03-31 00:00:00+00:00,-0.0038813430159150286
2010-04-01 00:00:00+00:00,0.009032974032689323
2010-04-05 00:00:00+00:00,0.0073720992014441045
2010-04-06 00:00:00+00:00,0.003484919376769202
2010-04-07 00:00:00+00:00,-0.005383013820971061
2010-04-08 00:00:00+00:00,0.004364826605474548
2010-04-09 00:00:00+00:00,0.006084029132703117
2010-04-12 00:00:00+00:00,0.002418667564378918
2010-04-13 00:00:00+00:00,0.0001719804432047667
2010-04-14 00:00:00+00:00,0.012924579927992452
2010-04-15 00:00:00+00:00,0.0005103903968586287
2010-04-16 00:00:00+00:00,-0.018534258090537326
2010-04-19 00:00:00+00:00,0.00485074548849318
2010-04-20 00:00:00+00:00,0.010000440739708738
2010-04-21 00:00:00+00:00,-0.0034142189201666895
2010-04-22 00:00:00+00:00,0.0030830422808367786
2010-04-23 00:00:00+00:00,0.007001541232729558
2010-04-26 00:00:00+00:00,-0.006444021579979253
2010-04-27 00:00:00+00:00,-0.025089762450762776
2010-04-28 00:00:00+00:00,0.009628804783382572
2010-04-29 00:00:00+00:00,0.014392593078059512
2010-04-30 00:00:00+00:00,-0.016068304994821037
2010-05-03 00:00:00+00:00,0.01372448055257025
2010-05-04 00:00:00+00:00,-0.022964501347615185
2010-05-05 00:00:00+00:00,-0.0052626529840703595
2010-05-06 00:00:00+00:00,-0.03579608538384793
2010-05-07 00:00:00+00:00,-0.012070327646253043
2010-05-10 00:00:00+00:00,0.04183639077911283
2010-05-11 00:00:00+00:00,-0.00035517998921397176
2010-05-12 00:00:00+00:00,0.01048699276117282
2010-05-13 00:00:00+00:00,-0.011433881825796854
2010-05-14 00:00:00+00:00,-0.018149239990387533
2010-05-17 00:00:00+00:00,0.0014501350672522229
2010-05-18 00:00:00+00:00,-0.015382110754294631
2010-05-19 00:00:00+00:00,-0.003859579928651935
2010-05-20 00:00:00+00:00,-0.04040589797148175
2010-05-21 00:00:00+00:00,0.016535060430724613
2010-05-24 00:00:00+00:00,-0.01437493145592339
2010-05-25 00:00:00+00:00,0.0017275802486342862
2010-05-26 00:00:00+00:00,-0.004789705569406721
2010-05-27 00:00:00+00:00,0.0336864497831999
2010-05-28 00:00:00+00:00,-0.013035195897220464
2010-06-01 00:00:00+00:00,-0.018113552110760267
2010-06-02 00:00:00+00:00,0.025173259191280772
2010-06-03 00:00:00+00:00,0.0018739465798238708
2010-06-04 00:00:00+00:00,-0.03535981084782158
2010-06-07 00:00:00+00:00,-0.013382481019036385
2010-06-08 00:00:00+00:00,0.012384386690059923
2010-06-09 00:00:00+00:00,-0.004854277410562102
2010-06-10 00:00:00+00:00,0.029268166328111578
2010-06-11 00:00:00+00:00,0.0022748345376351065
2010-06-14 00:00:00+00:00,-0.0013238280013434522
2010-06-15 00:00:00+00:00,0.021780430536508355
2010-06-16 00:00:00+00:00,-0.001668557732656839
2010-06-17 00:00:00+00:00,0.0020424851995191062
2010-06-18 00:00:00+00:00,0.0012971509332990738
2010-06-21 00:00:00+00:00,-0.003516103088268885
2010-06-22 00:00:00+00:00,-0.0167128995358784
2010-06-23 00:00:00+00:00,-0.0035879656608697186
2010-06-24 00:00:00+00:00,-0.01695555126726045
2010-06-25 00:00:00+00:00,0.005619770202229812
2010-06-28 00:00:00+00:00,-0.0032755681050284924
2010-06-29 00:00:00+00:00,-0.029002329366639157
2010-06-30 00:00:00+00:00,-0.011151084413943746
2010-07-01 00:00:00+00:00,-0.004027424776877231
2010-07-02 00:00:00+00:00,-0.007076355476658414
2010-07-06 00:00:00+00:00,0.006515579949514239
2010-07-07 00:00:00+00:00,0.031964899589454365
2010-07-08 00:00:00+00:00,0.009997722197787162
2010-07-09 00:00:00+00:00,0.008152603103226408
2010-07-12 00:00:00+00:00,0.0013474640535278137
2010-07-13 00:00:00+00:00,0.017112032252807774
2010-07-14 00:00:00+00:00,-0.0018904289862476942
2010-07-15 00:00:00+00:00,0.0005680788083244348
2010-07-16 00:00:00+00:00,-0.029717950333722154
2010-07-19 00:00:00+00:00,0.005462210730352357
2010-07-20 00:00:00+00:00,0.009895447168831062
2010-07-21 00:00:00+00:00,-0.013448161212268994
2010-07-22 00:00:00+00:00,0.02239508217106323
2010-07-23 00:00:00+00:00,0.00876197770710374
2010-07-26 00:00:00+00:00,0.013784061350156085
2010-07-27 00:00:00+00:00,0.000931204604283753
2010-07-28 00:00:00+00:00,-0.007071017683028091
2010-07-29 00:00:00+00:00,-0.003935942416987581
2010-07-30 00:00:00+00:00,0.0007529640321823905
2010-08-02 00:00:00+00:00,0.022184491192342337
2010-08-03 00:00:00+00:00,-0.005149767244653658
2010-08-04 00:00:00+00:00,0.0051764246266403635
2010-08-05 00:00:00+00:00,-0.001839116549519404
2010-08-06 00:00:00+00:00,-0.004791197165748051
2010-08-09 00:00:00+00:00,0.005925371442175198
2010-08-10 00:00:00+00:00,-0.005338086156334909
2010-08-11 00:00:00+00:00,-0.02923764823506536
2010-08-12 00:00:00+00:00,-0.003621566107833818
2010-08-13 00:00:00+00:00,-0.002678853709132234
2010-08-16 00:00:00+00:00,-0.0007671734359497862
2010-08-17 00:00:00+00:00,0.011326591454305257
2010-08-18 00:00:00+00:00,0.0022778019102789315
2010-08-19 00:00:00+00:00,-0.019318090436575175
2010-08-20 00:00:00+00:00,-0.00424881719367054
2010-08-23 00:00:00+00:00,-0.0025208772051457107
2010-08-24 00:00:00+00:00,-0.01302770072314563
2010-08-25 00:00:00+00:00,0.0029548689807030737
2010-08-26 00:00:00+00:00,-0.007071521245383572
2010-08-27 00:00:00+00:00,0.01701301720054893
2010-08-30 00:00:00+00:00,-0.01633882054802649
2010-08-31 00:00:00+00:00,0.003164004041826818
2010-09-01 00:00:00+00:00,0.029765072602920162
2010-09-02 00:00:00+00:00,0.009188366528403824
2010-09-03 00:00:00+00:00,0.012708518459934481
2010-09-07 00:00:00+00:00,-0.013110942130087011
2010-09-08 00:00:00+00:00,0.006452806389188881
2010-09-09 00:00:00+00:00,0.006600178782071309
2010-09-10 00:00:00+00:00,0.004495965695091586
2010-09-13 00:00:00+00:00,0.011189860606133362
2010-09-14 00:00:00+00:00,-0.002397405672484476
2010-09-15 00:00:00+00:00,0.003142641857281525
2010-09-16 00:00:00+00:00,-0.001658580791944697
2010-09-17 00:00:00+00:00,-0.0016615377485518223
2010-09-20 00:00:00+00:00,0.016272165015869478
2010-09-21 00:00:00+00:00,-0.0030931936037323915
2010-09-22 00:00:00+00:00,-0.006205383058740521
2010-09-23 00:00:00+00:00,-0.011202810449982725
2010-09-24 00:00:00+00:00,0.021148413542080302
2010-09-27 00:00:00+00:00,-0.006043033522025287
2010-09-28 00:00:00+00:00,0.00534253493720227
2010-09-29 00:00:00+00:00,-0.0038482965136354963
2010-09-30 00:00:00+00:00,-0.002023077261367523
2010-10-01 00:00:00+00:00,0.005898172831472648
2010-10-04 00:00:00+00:00,-0.006596611424868115
2010-10-05 00:00:00+00:00,0.019922546983653255
2010-10-06 00:00:00+00:00,0.0012657663156150356
2010-10-07 00:00:00+00:00,-0.0007222687621208923
2010-10-08 00:00:00+00:00,0.003976917338346375
2010-10-11 00:00:00+00:00,0.0005402386009898397
2010-10-12 00:00:00+00:00,0.003418688191444197
2010-10-13 00:00:00+00:00,0.004842090547268141
2010-10-14 00:00:00+00:00,-0.005889495977063897
2010-10-15 00:00:00+00:00,-0.005566041647161346
2010-10-18 00:00:00+00:00,0.008485686001725501
2010-10-19 00:00:00+00:00,-0.013784366053665842
2010-10-20 00:00:00+00:00,0.01107281220027545
2010-10-21 00:00:00+00:00,0.0012567413717157194
2010-10-22 00:00:00+00:00,0.0008964901385599688
2010-10-25 00:00:00+00:00,0.0010747663279118136
2010-10-26 00:00:00+00:00,-0.00017869288194072297
2010-10-27 00:00:00+00:00,-0.003937767668796721
2010-10-28 00:00:00+00:00,0.001617122857794362
2010-10-29 00:00:00+00:00,-0.001256131372124103
2010-11-01 00:00:00+00:00,-0.0016162504547468926
2010-11-02 00:00:00+00:00,0.00593717844306707
2010-11-03 00:00:00+00:00,0.005365666694752136
2010-11-04 00:00:00+00:00,0.021348698527533294
2010-11-05 00:00:00+00:00,0.006618712046509101
2010-11-08 00:00:00+00:00,-0.0036337801031168793
2010-11-09 00:00:00+00:00,-0.009204195979847452
2010-11-10 00:00:00+00:00,0.004206757094080249
2010-11-11 00:00:00+00:00,-0.0027925985776511286
2010-11-12 00:00:00+00:00,-0.010502638825366839
2010-11-15 00:00:00+00:00,0.0
2010-11-16 00:00:00+00:00,-0.014151865705097633
2010-11-17 00:00:00+00:00,-0.0016152882568757354
2010-11-18 00:00:00+00:00,0.012761021333776101
2010-11-19 00:00:00+00:00,0.002129604065074231
2010-11-22 00:00:00+00:00,-0.00495851647499812
2010-11-23 00:00:00+00:00,-0.013347130552163411
2010-11-24 00:00:00+00:00,0.012625957927553833
2010-11-26 00:00:00+00:00,-0.011399697493818195
2010-11-29 00:00:00+00:00,0.003603307060542127
2010-11-30 00:00:00+00:00,-0.0057450199932146395
2010-12-01 00:00:00+00:00,0.021668750335259945
2010-12-02 00:00:00+00:00,0.014669087082961774
2010-12-03 00:00:00+00:00,0.002438900256070742
2010-12-06 00:00:00+00:00,-0.0015645814184244156
2010-12-07 00:00:00+00:00,0.0022629053342149152
2010-12-08 00:00:00+00:00,0.005904288494878562
2010-12-09 00:00:00+00:00,0.0062142774728044525
2010-12-10 00:00:00+00:00,0.006689998955617726
2010-12-13 00:00:00+00:00,0.0003410717134686436
2010-12-14 00:00:00+00:00,0.0011925128331575774
2010-12-15 00:00:00+00:00,-0.005614820647102725
2010-12-16 00:00:00+00:00,0.006844342844760654
2010-12-17 00:00:00+00:00,0.0008497155162032755
2010-12-20 00:00:00+00:00,0.002207218999794147
2010-12-21 00:00:00+00:00,0.00779431531174235
2010-12-22 00:00:00+00:00,0.006388917091266988
2010-12-23 00:00:00+00:00,-0.0013783256748113315
2010-12-27 00:00:00+00:00,0.0016829351302778406
2010-12-28 00:00:00+00:00,0.002015893756505349
2010-12-29 00:00:00+00:00,0.00016778117215165977
2010-12-30 00:00:00+00:00,-0.0015083318691454517
2010-12-31 00:00:00+00:00,0.0005038383635140864
2011-01-03 00:00:00+00:00,0.012249974386721263
2011-01-04 00:00:00+00:00,0.0019895149142599156
2011-01-05 00:00:00+00:00,0.004798039166913348
2011-01-06 00:00:00+00:00,-0.00230553400919975
2011-01-07 00:00:00+00:00,-0.0026403623528030717
2011-01-10 00:00:00+00:00,-0.001654806978866219
2011-01-11 00:00:00+00:00,0.0044754204677492915
2011-01-12 00:00:00+00:00,0.010230967931247559
2011-01-13 00:00:00+00:00,-0.0019604427662583968
2011-01-14 00:00:00+00:00,0.008510939650774985
2011-01-18 00:00:00+00:00,0.0003243425417525092
2011-01-19 00:00:00+00:00,-0.012005000371531072
2011-01-20 00:00:00+00:00,0.0021344344182350206
2011-01-21 00:00:00+00:00,0.006226499755517034
2011-01-24 00:00:00+00:00,0.0035827770132621506
2011-01-25 00:00:00+00:00,0.00016192635708178749
2011-01-26 00:00:00+00:00,0.0027579846404670594
2011-01-27 00:00:00+00:00,0.0038829368637429695
2011-01-28 00:00:00+00:00,-0.016115948613832476
2011-01-31 00:00:00+00:00,0.007206924126584635
2011-02-01 00:00:00+00:00,0.019353077016911024
2011-02-02 00:00:00+00:00,-0.00398859850228972
2011-02-03 00:00:00+00:00,0.003043304884617015
2011-02-04 00:00:00+00:00,0.001118146351881899
2011-02-07 00:00:00+00:00,0.007337622882147343
2011-02-08 00:00:00+00:00,0.004117112348700491
2011-02-09 00:00:00+00:00,-0.003942765360804623
2011-02-10 00:00:00+00:00,-0.0003167755744447609
2011-02-11 00:00:00+00:00,0.00617690485502953
2011-02-14 00:00:00+00:00,0.002833188449398616
2011-02-15 00:00:00+00:00,-0.004080586638248174
2011-02-16 00:00:00+00:00,0.006776869133678698
2011-02-17 00:00:00+00:00,0.004226455125715622
2011-02-18 00:00:00+00:00,0.0034298320800176807
2011-02-22 00:00:00+00:00,-0.01895304018454036
2011-02-23 00:00:00+00:00,-0.003958998168759664
2011-02-24 00:00:00+00:00,-0.0027029083056925307
2011-02-25 00:00:00+00:00,0.008768080144099022
2011-02-28 00:00:00+00:00,0.007584874156810528
2011-03-01 00:00:00+00:00,-0.01646750323281221
2011-03-02 00:00:00+00:00,0.0
2011-03-03 00:00:00+00:00,0.01658442836417162
2011-03-04 00:00:00+00:00,-0.008157316425724925
2011-03-07 00:00:00+00:00,-0.006484196395807107
2011-03-08 00:00:00+00:00,0.010824973291182483
2011-03-09 00:00:00+00:00,0.0007869770154171896
2011-03-10 00:00:00+00:00,-0.01982692658599472
2011-03-11 00:00:00+00:00,0.0067429501451454765
2011-03-14 00:00:00+00:00,-0.0055813318824196045
2011-03-15 00:00:00+00:00,-0.011706099749670962
2011-03-16 00:00:00+00:00,-0.01817326085234472
2011-03-17 00:00:00+00:00,0.01404753307042328
2011-03-18 00:00:00+00:00,0.006681981535217929
2011-03-21 00:00:00+00:00,0.013113088051587285
2011-03-22 00:00:00+00:00,-0.0038353313214964935
2011-03-23 00:00:00+00:00,0.0014437650363379184
2011-03-24 00:00:00+00:00,0.007848686663628479
2011-03-25 00:00:00+00:00,0.002762169049062013
2011-03-28 00:00:00+00:00,-0.002866013730014605
2011-03-29 00:00:00+00:00,0.00558825111422423
2011-03-30 00:00:00+00:00,0.008256624664104484
2011-03-31 00:00:00+00:00,-0.0029919989497845245
2011-04-01 00:00:00+00:00,0.005370291335826671
2011-04-04 00:00:00+00:00,0.0014136742602566255
2011-04-05 00:00:00+00:00,0.0001570401979145153
2011-04-06 00:00:00+00:00,0.004706174783371653
2011-04-07 00:00:00+00:00,-0.0021856595374428744
2011-04-08 00:00:00+00:00,-0.004381146022588878
2011-04-11 00:00:00+00:00,-0.003457819966583564
2011-04-12 00:00:00+00:00,-0.007411939283599622
2011-04-13 00:00:00+00:00,-0.002701314170806879
2011-04-14 00:00:00+00:00,-0.00015895421118850006
2011-04-15 00:00:00+00:00,0.004939304454510962
2011-04-18 00:00:00+00:00,-0.013000991459769518
2011-04-19 00:00:00+00:00,0.005461649406056424
2011-04-20 00:00:00+00:00,0.012142339178670358
2011-04-21 00:00:00+00:00,0.002525909198179299
2011-04-25 00:00:00+00:00,-0.0011020792454777828
2011-04-26 00:00:00+00:00,0.009299793994634653
2011-04-27 00:00:00+00:00,0.006715523491472419
2011-04-28 00:00:00+00:00,0.004498884994532215
2011-04-29 00:00:00+00:00,0.002007771945605974
2011-05-02 00:00:00+00:00,-0.0026202106701963546
2011-05-03 00:00:00+00:00,-0.003400110319553673
2011-05-04 00:00:00+00:00,-0.007597494019774498
2011-05-05 00:00:00+00:00,-0.010625035203051247
2011-05-06 00:00:00+00:00,0.004737877836353821
2011-05-09 00:00:00+00:00,0.003143353531572135
2011-05-10 00:00:00+00:00,0.008618228200273581
2011-05-11 00:00:00+00:00,-0.011651318301585722
2011-05-12 00:00:00+00:00,0.0029860172201472412
2011-05-13 00:00:00+00:00,-0.00799236071815912
2011-05-16 00:00:00+00:00,-0.0037911789772571147
2011-05-17 00:00:00+00:00,0.0003172118701380011
2011-05-18 00:00:00+00:00,0.007926251260812922
2011-05-19 00:00:00+00:00,0.0018874521345142448
2011-05-20 00:00:00+00:00,-0.008634209237214363
2011-05-23 00:00:00+00:00,-0.011401569120531585
2011-05-24 00:00:00+00:00,-0.0006406541821588618
2011-05-25 00:00:00+00:00,0.002884877953489795
2011-05-26 00:00:00+00:00,0.003036813237357716
2011-05-27 00:00:00+00:00,0.004620918127020035
2011-05-31 00:00:00+00:00,0.01030919151660159
2011-06-01 00:00:00+00:00,-0.024019152399056276
2011-06-02 00:00:00+00:00,-0.0020907478260959733
2011-06-03 00:00:00+00:00,-0.008059469095842875
2011-06-06 00:00:00+00:00,-0.012349602617320432
2011-06-07 00:00:00+00:00,-0.001809803156326395
2011-06-08 00:00:00+00:00,-0.002966929820031994
2011-06-09 00:00:00+00:00,0.008431020679199541
2011-06-10 00:00:00+00:00,-0.012786852492242873
2011-06-13 00:00:00+00:00,0.002158894107473275
2011-06-14 00:00:00+00:00,0.011267823216940531
2011-06-15 00:00:00+00:00,-0.018187817462783418
2011-06-16 00:00:00+00:00,0.004339136036646041
2011-06-17 00:00:00+00:00,0.004486184407859639
2011-06-20 00:00:00+00:00,0.004963175949867393
2011-06-21 00:00:00+00:00,0.011522373130274488
2011-06-22 00:00:00+00:00,-0.005695822080284518
2011-06-23 00:00:00+00:00,-0.005625554535377275
2011-06-24 00:00:00+00:00,-0.011579724335582742
2011-06-27 00:00:00+00:00,0.008033631631870763
2011-06-28 00:00:00+00:00,0.010127805603129092
2011-06-29 00:00:00+00:00,0.010354969890774557
2011-06-30 00:00:00+00:00,0.008622146246979101
2011-07-01 00:00:00+00:00,0.014354833919496546
2011-07-05 00:00:00+00:00,-0.0042931250423270395
2011-07-06 00:00:00+00:00,-0.0007986246269071628
2011-07-07 00:00:00+00:00,0.010707905563458686
2011-07-08 00:00:00+00:00,-0.009171451737061354
2011-07-11 00:00:00+00:00,-0.018671888854685292
2011-07-12 00:00:00+00:00,-0.003415603451485949
2011-07-13 00:00:00+00:00,0.003427309782608745
2011-07-14 00:00:00+00:00,-0.0066680259294567
2011-07-15 00:00:00+00:00,0.002783435943443102
2011-07-18 00:00:00+00:00,-0.010122531551327696
2011-07-19 00:00:00+00:00,0.012535237143344924
2011-07-20 00:00:00+00:00,0.002280082575399689
2011-07-21 00:00:00+00:00,0.017390035651828395
2011-07-22 00:00:00+00:00,-0.0027155950662469674
2011-07-25 00:00:00+00:00,-0.006247120005266282
2011-07-26 00:00:00+00:00,-0.005157778344230479
2011-07-27 00:00:00+00:00,-0.018470529727362628
2011-07-28 00:00:00+00:00,-0.005282346099260038
2011-07-29 00:00:00+00:00,-0.00796546332967596
2011-08-01 00:00:00+00:00,-0.0026763845158428445
2011-08-02 00:00:00+00:00,-0.02583034848411192
2011-08-03 00:00:00+00:00,0.0030992347850922197
2011-08-04 00:00:00+00:00,-0.048575239834269035
2011-08-05 00:00:00+00:00,-0.0016236049942944808
2011-08-08 00:00:00+00:00,-0.07264211057369074
2011-08-09 00:00:00+00:00,0.0512471209146681
2011-08-10 00:00:00+00:00,-0.049119371221396535
2011-08-11 00:00:00+00:00,0.04892775716983899
2011-08-12 00:00:00+00:00,0.0035308463537302437
2011-08-15 00:00:00+00:00,0.026296354866766736
2011-08-16 00:00:00+00:00,-0.009383111304919978
2011-08-17 00:00:00+00:00,0.002732489324314802
2011-08-18 00:00:00+00:00,-0.040690468369643296
2011-08-19 00:00:00+00:00,-0.016095082618998502
2011-08-22 00:00:00+00:00,-0.0023097193309928876
2011-08-23 00:00:00+00:00,0.031249691132284374
2011-08-24 00:00:00+00:00,0.01590019029751244
2011-08-25 00:00:00+00:00,-0.01399404698494966
2011-08-26 00:00:00+00:00,0.010270813596942485
2011-08-29 00:00:00+00:00,0.029944649619413788
2011-08-30 00:00:00+00:00,0.00035900850815684393
2011-08-31 00:00:00+00:00,0.006099805316398088
2011-09-01 00:00:00+00:00,-0.011590495612771146
2011-09-02 00:00:00+00:00,-0.028324406330307084
2011-09-06 00:00:00+00:00,-0.010768214058610726
2011-09-07 00:00:00+00:00,0.03209452031068549
2011-09-08 00:00:00+00:00,-0.012911659229254635
2011-09-09 00:00:00+00:00,-0.026529044417727632
2011-09-12 00:00:00+00:00,0.006813054082726477
2011-09-13 00:00:00+00:00,0.007518778134596671
2011-09-14 00:00:00+00:00,0.01305959430051118
2011-09-15 00:00:00+00:00,0.019521304117396276
2011-09-16 00:00:00+00:00,0.003612563092834531
2011-09-19 00:00:00+00:00,-0.013858654538450699
2011-09-20 00:00:00+00:00,-0.0009126581565765957
2011-09-21 00:00:00+00:00,-0.034892191092474434
2011-09-22 00:00:00+00:00,-0.030853919012655218
2011-09-23 00:00:00+00:00,0.005664140722874356
2011-09-26 00:00:00+00:00,0.02960159497178383
2011-09-27 00:00:00+00:00,0.010254513941254206
2011-09-28 00:00:00+00:00,-0.02180482604899714
2011-09-29 00:00:00+00:00,0.016525866842163506
2011-09-30 00:00:00+00:00,-0.02495249125039256
2011-10-03 00:00:00+00:00,-0.03179568436483149
2011-10-04 00:00:00+00:00,0.02362896763807787
2011-10-05 00:00:00+00:00,0.0189751179605695
2011-10-06 00:00:00+00:00,0.01862105528100022
2011-10-07 00:00:00+00:00,-0.009611981684878423
2011-10-10 00:00:00+00:00,0.03482435986086552
2011-10-11 00:00:00+00:00,-0.00036793214917807404
2011-10-12 00:00:00+00:00,0.011221672255624204
2011-10-13 00:00:00+00:00,-0.0070949694915829475
2011-10-14 00:00:00+00:00,0.01557340814987862
2011-10-17 00:00:00+00:00,-0.018762114578736444
2011-10-18 00:00:00+00:00,0.02629139291678606
2011-10-19 00:00:00+00:00,-0.01021137736346156
2011-10-20 00:00:00+00:00,0.007963592701843991
2011-10-21 00:00:00+00:00,0.01939336197461272
2011-10-24 00:00:00+00:00,0.011449799614965617
2011-10-25 00:00:00+00:00,-0.019853581578582635
2011-10-26 00:00:00+00:00,0.01421430799931267
2011-10-27 00:00:00+00:00,0.036615249353858736
2011-10-28 00:00:00+00:00,-0.0010139927777765845
2011-10-31 00:00:00+00:00,-0.029605780055665165
2011-11-01 00:00:00+00:00,-0.030160668471938656
2011-11-02 00:00:00+00:00,0.018875068485474378
2011-11-03 00:00:00+00:00,0.017819396381627106
2011-11-04 00:00:00+00:00,-0.0067601762192913695
2011-11-07 00:00:00+00:00,0.006806187244445372
2011-11-08 00:00:00+00:00,0.013520444336250215
2011-11-09 00:00:00+00:00,-0.038139437548656674
2011-11-10 00:00:00+00:00,0.011024341445766028
2011-11-11 00:00:00+00:00,0.01846629078862594
2011-11-14 00:00:00+00:00,-0.011224312957702764
2011-11-15 00:00:00+00:00,0.0019215673856851634
2011-11-16 00:00:00+00:00,-0.017605628596606415
2011-11-17 00:00:00+00:00,-0.013484408881517473
2011-11-18 00:00:00+00:00,0.0003598588254947188
2011-11-21 00:00:00+00:00,-0.01941785607393609
2011-11-22 00:00:00+00:00,-0.006783959139550211
2011-11-23 00:00:00+00:00,-0.022890836726379038
2011-11-25 00:00:00+00:00,-0.0005668170533105199
2011-11-28 00:00:00+00:00,0.027221145537625002
2011-11-29 00:00:00+00:00,0.0055210946499431035
2011-11-30 00:00:00+00:00,0.045753844055069326
2011-12-01 00:00:00+00:00,-0.0029750624540437753
2011-12-02 00:00:00+00:00,0.0015797711862988173
2011-12-05 00:00:00+00:00,0.011917212154863188
2011-12-06 00:00:00+00:00,0.002251655227814897
2011-12-07 00:00:00+00:00,0.005529414631616936
2011-12-08 00:00:00+00:00,-0.025261892356025828
2011-12-09 00:00:00+00:00,0.017101509014408656
2011-12-12 00:00:00+00:00,-0.016467143045795662
2011-12-13 00:00:00+00:00,-0.008107187129262283
2011-12-14 00:00:00+00:00,-0.00870671698704717
2011-12-15 00:00:00+00:00,0.0050186804803520335
2011-12-16 00:00:00+00:00,0.002497424144275451
2011-12-19 00:00:00+00:00,-0.0156561040734694
2011-12-20 00:00:00+00:00,0.03289363998483785
2011-12-21 00:00:00+00:00,0.0054243993702671744
2011-12-22 00:00:00+00:00,0.013177177016474362
2011-12-23 00:00:00+00:00,0.008128873757035082
2011-12-27 00:00:00+00:00,-0.001200773199298677
2011-12-28 00:00:00+00:00,-0.013226012596099124
2011-12-29 00:00:00+00:00,0.01131407656958916
2011-12-30 00:00:00+00:00,-0.0046472451892869415
2012-01-03 00:00:00+00:00,0.01902176090321417
2012-01-04 00:00:00+00:00,0.0015269056701283645
2012-01-05 00:00:00+00:00,0.004405208133995808
2012-01-06 00:00:00+00:00,-0.0028676409392005553
2012-01-09 00:00:00+00:00,0.0035525255525117316
2012-01-10 00:00:00+00:00,0.011295156861201416
2012-01-11 00:00:00+00:00,0.002833349278475117
2012-01-12 00:00:00+00:00,0.0034906972650938783
2012-01-13 00:00:00+00:00,-0.006128965127583097
2012-01-17 00:00:00+00:00,-0.00016612370046376057
2012-01-18 00:00:00+00:00,0.01333519993891108
2012-01-19 00:00:00+00:00,0.005099625721979972
2012-01-20 00:00:00+00:00,0.0024548353301527825
2012-01-23 00:00:00+00:00,0.000979667093716552
2012-01-24 00:00:00+00:00,-0.002120334227677101
2012-01-25 00:00:00+00:00,0.006538126881041162
2012-01-26 00:00:00+00:00,-0.008281946145759944
2012-01-27 00:00:00+00:00,-0.0013099289475846376
2012-01-30 00:00:00+00:00,-0.004263349525249871
2012-01-31 00:00:00+00:00,-0.0009877088683025725
2012-02-01 00:00:00+00:00,0.010878837350402959
2012-02-02 00:00:00+00:00,0.0022826783024765263
2012-02-03 00:00:00+00:00,0.016755938188718567
2012-02-06 00:00:00+00:00,-0.0007998366964975245
2012-02-07 00:00:00+00:00,0.0016013754645805012
2012-02-08 00:00:00+00:00,0.0041564311799009435
2012-02-09 00:00:00+00:00,-0.001114278236583388
2012-02-10 00:00:00+00:00,-0.007969615390231888
2012-02-13 00:00:00+00:00,0.006587344880235602
2012-02-14 00:00:00+00:00,-0.003192107180707393
2012-02-15 00:00:00+00:00,-0.004003227876495874
2012-02-16 00:00:00+00:00,0.013826437412029824
2012-02-17 00:00:00+00:00,0.004598422882564623
2012-02-21 00:00:00+00:00,0.00015833631997463904
2012-02-22 00:00:00+00:00,-0.006471481494993436
2012-02-23 00:00:00+00:00,0.0042894481682898
2012-02-24 00:00:00+00:00,-0.0004746529969268387
2012-02-27 00:00:00+00:00,0.003640123333394696
2012-02-28 00:00:00+00:00,0.002049540327109467
2012-02-29 00:00:00+00:00,-0.00582219173909948
2012-03-01 00:00:00+00:00,0.008388734858407298
2012-03-02 00:00:00+00:00,-0.004708867350290968
2012-03-05 00:00:00+00:00,-0.004415686152721476
2012-03-06 00:00:00+00:00,-0.017266004157612924
2012-03-07 00:00:00+00:00,0.009026221805787493
2012-03-08 00:00:00+00:00,0.009585149591484932
2012-03-09 00:00:00+00:00,0.005537759347369331
2012-03-12 00:00:00+00:00,-0.0007867871460721654
2012-03-13 00:00:00+00:00,0.0218897561012823
2012-03-14 00:00:00+00:00,-0.0026194780859097877
2012-03-15 00:00:00+00:00,0.007725634535669101
2012-03-16 00:00:00+00:00,0.001992813631801038
2012-03-19 00:00:00+00:00,0.003060544310372837
2012-03-20 00:00:00+00:00,-0.002440723787662691
2012-03-21 00:00:00+00:00,-0.0019877941419579326
2012-03-22 00:00:00+00:00,-0.009347427668234265
2012-03-23 00:00:00+00:00,0.005104309636257742
2012-03-26 00:00:00+00:00,0.013737058910661792
2012-03-27 00:00:00+00:00,-0.00518870141542449
2012-03-28 00:00:00+00:00,-0.0049084254205462585
2012-03-29 00:00:00+00:00,-0.0033915916014363168
2012-03-30 00:00:00+00:00,0.004331150514063298
2012-04-02 00:00:00+00:00,0.006468507140059643
2012-04-03 00:00:00+00:00,-0.005814883639807644
2012-04-04 00:00:00+00:00,-0.012005523261462203
2012-04-05 00:00:00+00:00,-0.003115965149498634
2012-04-09 00:00:00+00:00,-0.013127059467791136
2012-04-10 00:00:00+00:00,-0.01836874161159696
2012-04-11 00:00:00+00:00,0.009517666129485791
2012-04-12 00:00:00+00:00,0.0161393464042221
2012-04-13 00:00:00+00:00,-0.014153445244155294
2012-04-16 00:00:00+00:00,0.0030309337389839985
2012-04-17 00:00:00+00:00,0.014471782078337991
2012-04-18 00:00:00+00:00,-0.005015822866663799
2012-04-19 00:00:00+00:00,-0.0034664839838519645
2012-04-20 00:00:00+00:00,0.0003161859461557892
2012-04-23 00:00:00+00:00,-0.008693027422571942
2012-04-24 00:00:00+00:00,0.007812601783131923
2012-04-25 00:00:00+00:00,0.00806825850778492
2012-04-26 00:00:00+00:00,0.008474627822670167
2012-04-27 00:00:00+00:00,0.0006223511865388609
2012-04-30 00:00:00+00:00,-0.0035768434820605544
2012-05-01 00:00:00+00:00,0.008272099099717822
2012-05-02 00:00:00+00:00,-0.0065014706189995275
2012-05-03 00:00:00+00:00,-0.007011749227926578
2012-05-04 00:00:00+00:00,-0.016318825473273346
2012-05-07 00:00:00+00:00,0.0019143135187833504
2012-05-08 00:00:00+00:00,-0.004776181139955482
2012-05-09 00:00:00+00:00,-0.00623911818250833
2012-05-10 00:00:00+00:00,0.0033806821080353266
2012-05-11 00:00:00+00:00,-0.0056148417240540205
2012-05-14 00:00:00+00:00,-0.01242385520826994
2012-05-15 00:00:00+00:00,-0.008005074915418131
2012-05-16 00:00:00+00:00,-0.005106120365588218
2012-05-17 00:00:00+00:00,-0.01406991569218563
2012-05-18 00:00:00+00:00,-0.007051451853305912
2012-05-21 00:00:00+00:00,0.012004841580482317
2012-05-22 00:00:00+00:00,0.003007771089077016
2012-05-23 00:00:00+00:00,-0.0009993511590657977
2012-05-24 00:00:00+00:00,0.0031681416593944967
2012-05-25 00:00:00+00:00,-0.0018285183916247894
2012-05-29 00:00:00+00:00,0.012656122238743128
2012-05-30 00:00:00+00:00,-0.01611563509988978
2012-05-31 00:00:00+00:00,0.0
2012-06-01 00:00:00+00:00,-0.026408445617787435
2012-06-04 00:00:00+00:00,-0.0034331746699889365
2012-06-05 00:00:00+00:00,0.008613181655434454
2012-06-06 00:00:00+00:00,0.025448459087124453
2012-06-07 00:00:00+00:00,0.0006662684352514159
2012-06-08 00:00:00+00:00,0.008654676414544316
2012-06-11 00:00:00+00:00,-0.012705919733970727
2012-06-12 00:00:00+00:00,0.012368485907555016
2012-06-13 00:00:00+00:00,-0.006439036657574615
2012-06-14 00:00:00+00:00,0.012961097905810126
2012-06-15 00:00:00+00:00,0.01000663001427049
2012-06-18 00:00:00+00:00,-0.0009746954363887284
2012-06-19 00:00:00+00:00,0.010771027193769545
2012-06-20 00:00:00+00:00,-0.0004846889515183195
2012-06-21 00:00:00+00:00,-0.02119369860115483
2012-06-22 00:00:00+00:00,0.006941703691411449
2012-06-25 00:00:00+00:00,-0.018384850688726306
2012-06-26 00:00:00+00:00,0.0060203437627528444
2012-06-27 00:00:00+00:00,0.010638245358086884
2012-06-28 00:00:00+00:00,-0.00032905287528373073
2012-06-29 00:00:00+00:00,0.024679202850467208
2012-07-02 00:00:00+00:00,0.0016059160484944712
2012-07-03 00:00:00+00:00,0.005931201569649103
2012-07-05 00:00:00+00:00,-0.008764513389377782
2012-07-06 00:00:00+00:00,-0.008521200518386784
2012-07-09 00:00:00+00:00,-0.003080888530685333
2012-07-10 00:00:00+00:00,-0.008295412934688495
2012-07-11 00:00:00+00:00,0.002460075156667463
2012-07-12 00:00:00+00:00,-0.007035039748869654
2012-07-13 00:00:00+00:00,0.01812486785059364
2012-07-16 00:00:00+00:00,-0.0017806252492120755
2012-07-17 00:00:00+00:00,0.008106422623110676
2012-07-18 00:00:00+00:00,0.005950951052017928
2012-07-19 00:00:00+00:00,-0.0019190798012352905
2012-07-20 00:00:00+00:00,-0.009290215889321884
2012-07-23 00:00:00+00:00,-0.008407185947528317
2012-07-24 00:00:00+00:00,-0.009131224192625909
2012-07-25 00:00:00+00:00,0.0023039929877133325
2012-07-26 00:00:00+00:00,0.01691039889583168
2012-07-27 00:00:00+00:00,0.018889075153984747
2012-07-30 00:00:00+00:00,-0.00126786919136479
2012-07-31 00:00:00+00:00,-0.0036489040764914327
2012-08-01 00:00:00+00:00,-0.002706795860370259
2012-08-02 00:00:00+00:00,-0.007504549497434065
2012-08-03 00:00:00+00:00,0.02091351906122707
2012-08-06 00:00:00+00:00,0.0018910690377305084
2012-08-07 00:00:00+00:00,0.0053476698303085435
2012-08-08 00:00:00+00:00,0.0031286918115080997
2012-08-09 00:00:00+00:00,0.0017157588255420908
2012-08-10 00:00:00+00:00,0.0009343613390009331
2012-08-13 00:00:00+00:00,-0.0015557071526547395
2012-08-14 00:00:00+00:00,-0.0004671877319553097
2012-08-15 00:00:00+00:00,0.0003114145912392896
2012-08-16 00:00:00+00:00,0.007790896503890643
2012-08-17 00:00:00+00:00,0.0007731231525252014
2012-08-20 00:00:00+00:00,0.00046337065813362166
2012-08-21 00:00:00+00:00,-0.0013898703903222343
2012-08-22 00:00:00+00:00,-0.0017009247010713047
2012-08-23 00:00:00+00:00,-0.008364330942698284
2012-08-24 00:00:00+00:00,0.00499825031128176
2012-08-27 00:00:00+00:00,-0.0009324401558045148
2012-08-28 00:00:00+00:00,-0.0012446300204339567
2012-08-29 00:00:00+00:00,0.002180654540449689
2012-08-30 00:00:00+00:00,-0.007149544614528547
2012-08-31 00:00:00+00:00,0.004853019641259948
2012-09-04 00:00:00+00:00,-0.0020251565496903767
2012-09-05 00:00:00+00:00,0.0009363528904455798
2012-09-06 00:00:00+00:00,0.022457865957113743
2012-09-07 00:00:00+00:00,0.005338983279826737
2012-09-10 00:00:00+00:00,-0.005462005357030675
2012-09-11 00:00:00+00:00,0.004881506413310754
2012-09-12 00:00:00+00:00,0.003492134451803519
2012-09-13 00:00:00+00:00,0.017397702475775656
2012-09-14 00:00:00+00:00,0.003568677756238703
2012-09-17 00:00:00+00:00,-0.006815848724162854
2012-09-18 00:00:00+00:00,-0.0022378220925607373
2012-09-19 00:00:00+00:00,0.0017941327162760423
2012-09-20 00:00:00+00:00,0.0
2012-09-21 00:00:00+00:00,-0.0010446447609051557
2012-09-24 00:00:00+00:00,0.00014945774860586347
2012-09-25 00:00:00+00:00,-0.01060929176953318
2012-09-26 00:00:00+00:00,-0.005923357117594286
2012-09-27 00:00:00+00:00,0.008709043068827027
2012-09-28 00:00:00+00:00,-0.003483775227107855
2012-10-01 00:00:00+00:00,0.0024319819322289327
2012-10-02 00:00:00+00:00,0.001971211051598587
2012-10-03 00:00:00+00:00,0.003480533474876868
2012-10-04 00:00:00+00:00,0.010254870127968108
2012-10-05 00:00:00+00:00,0.0004474224154686901
2012-10-08 00:00:00+00:00,-0.0019395089889985284
2012-10-09 00:00:00+00:00,-0.008670765950567039
2012-10-10 00:00:00+00:00,-0.006484677759817314
2012-10-11 00:00:00+00:00,0.002125116540994787
2012-10-12 00:00:00+00:00,-0.006361829992835855
2012-10-15 00:00:00+00:00,0.008231752643021784
2012-10-16 00:00:00+00:00,0.009373865502602552
2012-10-17 00:00:00+00:00,0.009137390264891021
2012-10-18 00:00:00+00:00,0.001335695671112802
2012-10-19 00:00:00+00:00,-0.01586116914557334
2012-10-22 00:00:00+00:00,-0.001204845689021683
2012-10-23 00:00:00+00:00,-0.01493002113991515
2012-10-24 00:00:00+00:00,-0.0026024352564839592
2012-10-25 00:00:00+00:00,0.0039905943542593025
2012-10-26 00:00:00+00:00,-0.0025987754399092733
2012-10-31 00:00:00+00:00,0.0012260835704087647
2012-11-01 00:00:00+00:00,0.01178822848621941
2012-11-02 00:00:00+00:00,-0.008322049654248431
2012-11-05 00:00:00+00:00,0.0009155116678938313
2012-11-06 00:00:00+00:00,0.010060627468919892
2012-11-07 00:00:00+00:00,-0.026109000951760386
2012-11-08 00:00:00+00:00,-0.01022776889539545
2012-11-09 00:00:00+00:00,-0.00031293356280170936
2012-11-12 00:00:00+00:00,0.0
2012-11-13 00:00:00+00:00,-0.004385442630950864
2012-11-14 00:00:00+00:00,-0.01447240859755472
2012-11-15 00:00:00+00:00,-0.0017557670059650254
2012-11-16 00:00:00+00:00,0.004796892727890079
2012-11-19 00:00:00+00:00,0.018937144219209667
2012-11-20 00:00:00+00:00,0.0017180066657591642
2012-11-21 00:00:00+00:00,0.002026434165478097
2012-11-23 00:00:00+00:00,0.012758647672476142
2012-11-26 00:00:00+00:00,-0.002150034876398421
2012-11-27 00:00:00+00:00,-0.005543205070278723
2012-11-28 00:00:00+00:00,0.007740781295042964
2012-11-29 00:00:00+00:00,0.004609445607698381
2012-11-30 00:00:00+00:00,0.00030565934737025735
2012-12-03 00:00:00+00:00,-0.004433358869746495
2012-12-04 00:00:00+00:00,-0.0015359854215004631
2012-12-05 00:00:00+00:00,0.007228850976809698
2012-12-06 00:00:00+00:00,0.003206460245515963
2012-12-07 00:00:00+00:00,0.005174608752987808
2012-12-10 00:00:00+00:00,0.0009092864783359911
2012-12-11 00:00:00+00:00,0.004840917170489734
2012-12-12 00:00:00+00:00,0.0027099121399571935
2012-12-13 00:00:00+00:00,-0.00540533226158868
2012-12-14 00:00:00+00:00,-0.001509545730415729
2012-12-17 00:00:00+00:00,0.013456333341999471
2012-12-18 00:00:00+00:00,0.011636703956919847
2012-12-19 00:00:00+00:00,-0.007873035436030129
2012-12-20 00:00:00+00:00,0.008533926148011295
2012-12-21 00:00:00+00:00,-0.010985190892767727
2012-12-24 00:00:00+00:00,-0.002852286081631239
2012-12-26 00:00:00+00:00,-0.00406414610553385
2012-12-27 00:00:00+00:00,-0.0018144353228728427
2012-12-28 00:00:00+00:00,-0.011356279422059523
2012-12-31 00:00:00+00:00,0.01684781226203702
2013-01-02 00:00:00+00:00,0.024629858352499645
2013-01-03 00:00:00+00:00,-0.0022596295866478266
2013-01-04 00:00:00+00:00,0.004392032483778285
2013-01-07 00:00:00+00:00,-0.0027326713624318266
2013-01-08 00:00:00+00:00,-0.0028773289308858807
2013-01-09 00:00:00+00:00,0.0025422806933033115
2013-01-10 00:00:00+00:00,0.00794925612965125
2013-01-11 00:00:00+00:00,-6.777254877821104e-05
2013-01-14 00:00:00+00:00,-0.0006801288878949263
2013-01-15 00:00:00+00:00,0.0006805917780241533
2013-01-16 00:00:00+00:00,-0.00013620913603129559
2013-01-17 00:00:00+00:00,0.006460598268794859
2013-01-18 00:00:00+00:00,0.002229293705378499
2013-01-22 00:00:00+00:00,0.0053934507624830985
2013-01-23 00:00:00+00:00,0.0016092842117716444
2013-01-24 00:00:00+00:00,0.0002677078731969651
2013-01-25 00:00:00+00:00,0.005622358969664898
2013-01-28 00:00:00+00:00,-0.0011978218065231694
2013-01-29 00:00:00+00:00,0.003931105443793381
2013-01-30 00:00:00+00:00,-0.003915712365596513
2013-01-31 00:00:00+00:00,-0.002465388078177533
2013-02-01 00:00:00+00:00,0.01028653703442206
2013-02-04 00:00:00+00:00,-0.011240029837732757
2013-02-05 00:00:00+00:00,0.010097702101043105
2013-02-06 00:00:00+00:00,0.0007278808790041058
2013-02-07 00:00:00+00:00,-0.0013224340202204754
2013-02-08 00:00:00+00:00,0.005564053055447493
2013-02-11 00:00:00+00:00,-0.00019769367111877045
2013-02-12 00:00:00+00:00,0.0016470961363868053
2013-02-13 00:00:00+00:00,0.0008552640456687133
2013-02-14 00:00:00+00:00,0.0009202373019689958
2013-02-15 00:00:00+00:00,-0.0011819028034349977
2013-02-19 00:00:00+00:00,0.007494516253947481
2013-02-20 00:00:00+00:00,-0.01246317632203886
2013-02-21 00:00:00+00:00,-0.00607910221192598
2013-02-22 00:00:00+00:00,0.009772851644696878
2013-02-25 00:00:00+00:00,-0.01902713493560504
2013-02-26 00:00:00+00:00,0.00684563386184589
2013-02-27 00:00:00+00:00,0.012598239782427134
2013-02-28 00:00:00+00:00,-0.0019746176737981402
2013-03-01 00:00:00+00:00,0.00329779493552107
2013-03-04 00:00:00+00:00,0.0053248877354794555
2013-03-05 00:00:00+00:00,0.00895903520640351
2013-03-06 00:00:00+00:00,0.0013611479584558772
2013-03-07 00:00:00+00:00,0.0018122307749224298
2013-03-08 00:00:00+00:00,0.004264403999233668
2013-03-11 00:00:00+00:00,0.0037951108548213153
2013-03-12 00:00:00+00:00,-0.0022428910870432306
2013-03-13 00:00:00+00:00,0.0014132091378780132
2013-03-14 00:00:00+00:00,0.0053235613318745045
2013-03-15 00:00:00+00:00,-0.0013196796022427737
2013-03-18 00:00:00+00:00,-0.005518954975307633
2013-03-19 00:00:00+00:00,-0.00232309703043021
2013-03-20 00:00:00+00:00,0.006985085019599158
2013-03-21 00:00:00+00:00,-0.008543215505922852
2013-03-22 00:00:00+00:00,0.008033931881560097
2013-03-25 00:00:00+00:00,-0.004176931989719912
2013-03-26 00:00:00+00:00,0.008002403406599967
2013-03-27 00:00:00+00:00,0.0
2013-03-28 00:00:00+00:00,0.0030731657278024738
2013-04-01 00:00:00+00:00,-0.003957581308632219
2013-04-02 00:00:00+00:00,0.004934528253937698
2013-04-03 00:00:00+00:00,-0.01013938986105034
2013-04-04 00:00:00+00:00,0.004058657947317634
2013-04-05 00:00:00+00:00,-0.0044911516837343735
2013-04-08 00:00:00+00:00,0.006767830339968528
2013-04-09 00:00:00+00:00,0.0034560923556068435
2013-04-10 00:00:00+00:00,0.012249179049133252
2013-04-11 00:00:00+00:00,0.0032775439413448293
2013-04-12 00:00:00+00:00,-0.0024503383655757327
2013-04-15 00:00:00+00:00,-0.023174362059285025
2013-04-16 00:00:00+00:00,0.014763404701574778
2013-04-17 00:00:00+00:00,-0.014611601237866534
2013-04-18 00:00:00+00:00,-0.0062536637490197
2013-04-19 00:00:00+00:00,0.008693628622353122
2013-04-22 00:00:00+00:00,0.004437374739210576
2013-04-23 00:00:00+00:00,0.010309545456108182
2013-04-24 00:00:00+00:00,0.0006339505559889158
2013-04-25 00:00:00+00:00,0.004053085471894979
2013-04-26 00:00:00+00:00,-0.0017655905455802312
2013-04-29 00:00:00+00:00,0.006698327787244551
2013-04-30 00:00:00+00:00,0.0023850269542655678
2013-05-01 00:00:00+00:00,-0.008767424738765128
2013-05-02 00:00:00+00:00,0.009287554164930434
2013-05-03 00:00:00+00:00,0.010140988544564467
2013-05-06 00:00:00+00:00,0.0025408263050923363
2013-05-07 00:00:00+00:00,0.005068536667472756
2013-05-08 00:00:00+00:00,0.004550708092349254
2013-05-09 00:00:00+00:00,-0.002815194607562188
2013-05-10 00:00:00+00:00,0.003253106675079165
2013-05-13 00:00:00+00:00,0.0007956478298412062
2013-05-14 00:00:00+00:00,0.010334026020685894
2013-05-15 00:00:00+00:00,0.005386322709553637
2013-05-16 00:00:00+00:00,-0.0046953147744842605
2013-05-17 00:00:00+00:00,0.009676868625901891
2013-05-20 00:00:00+00:00,-5.996251997886226e-05
2013-05-21 00:00:00+00:00,0.0014380380005964977
2013-05-22 00:00:00+00:00,-0.007417893843532419
2013-05-23 00:00:00+00:00,-0.0028924844752009626
2013-05-24 00:00:00+00:00,-0.0008465715417280695
2013-05-28 00:00:00+00:00,0.005989023526301596
2013-05-29 00:00:00+00:00,-0.006494646892060918
2013-05-30 00:00:00+00:00,0.003692542825383782
2013-05-31 00:00:00+00:00,-0.014352145929769522
2013-06-03 00:00:00+00:00,0.005505871686170227
2013-06-04 00:00:00+00:00,-0.004806440791680688
2013-06-05 00:00:00+00:00,-0.014001108195369705
2013-06-06 00:00:00+00:00,0.009053167247023763
2013-06-07 00:00:00+00:00,0.012720632192299242
2013-06-10 00:00:00+00:00,0.0
2013-06-11 00:00:00+00:00,-0.01031575505492599
2013-06-12 00:00:00+00:00,-0.00827717842499287
2013-06-13 00:00:00+00:00,0.015209025851727898
2013-06-14 00:00:00+00:00,-0.0062726269371098375
2013-06-17 00:00:00+00:00,0.007721609341988511
2013-06-18 00:00:00+00:00,0.007905589597381857
2013-06-19 00:00:00+00:00,-0.013816833611732582
2013-06-20 00:00:00+00:00,-0.02477829976279544
2013-06-21 00:00:00+00:00,0.003210202003681495
2013-06-24 00:00:00+00:00,-0.012636028336237448
2013-06-25 00:00:00+00:00,0.00961418583996898
2013-06-26 00:00:00+00:00,0.0099011497016952
2013-06-27 00:00:00+00:00,0.005869427221615764
2013-06-28 00:00:00+00:00,-0.004096964331328334
2013-07-01 00:00:00+00:00,0.005859658573041493
2013-07-02 00:00:00+00:00,-0.0009298990197758039
2013-07-03 00:00:00+00:00,0.0004341437942463333
2013-07-05 00:00:00+00:00,0.010788800568104273
2013-07-08 00:00:00+00:00,0.005705006188273076
2013-07-09 00:00:00+00:00,0.007197526678470734
2013-07-10 00:00:00+00:00,0.00036295925695695175
2013-07-11 00:00:00+00:00,0.013620814708396711
2013-07-12 00:00:00+00:00,0.0004176486041809202
2013-07-15 00:00:00+00:00,0.003820925640389161
2013-07-16 00:00:00+00:00,-0.0037465968260904647
2013-07-17 00:00:00+00:00,0.0025668684489599247
2013-07-18 00:00:00+00:00,0.005477571623164534
2013-07-19 00:00:00+00:00,0.0017762990535290513
2013-07-22 00:00:00+00:00,0.001951084530345426
2013-07-23 00:00:00+00:00,-0.0021238609793888807
2013-07-24 00:00:00+00:00,-0.0036656835271041688
2013-07-25 00:00:00+00:00,0.0024330087774635523
2013-07-26 00:00:00+00:00,0.0010655136174244628
2013-07-29 00:00:00+00:00,-0.0030746986636261964
2013-07-30 00:00:00+00:00,0.0
2013-07-31 00:00:00+00:00,0.0007116993989930709
2013-08-01 00:00:00+00:00,0.011558416610217837
2013-08-02 00:00:00+00:00,0.001699432304214099
2013-08-05 00:00:00+00:00,-0.0014627770715022193
2013-08-06 00:00:00+00:00,-0.005682333751871216
2013-08-07 00:00:00+00:00,-0.0032405897976828246
2013-08-08 00:00:00+00:00,0.0036648168003148296
2013-08-09 00:00:00+00:00,-0.002885715466904637
2013-08-12 00:00:00+00:00,-0.0011814219538753834
2013-08-13 00:00:00+00:00,0.002956710007006036
2013-08-14 00:00:00+00:00,-0.005129297503191577
2013-08-15 00:00:00+00:00,-0.013986310438415028
2013-08-16 00:00:00+00:00,-0.0033052656898654442
2013-08-19 00:00:00+00:00,-0.006392383848092931
2013-08-20 00:00:00+00:00,0.004916099031888388
2013-08-21 00:00:00+00:00,-0.006160221755080242
2013-08-22 00:00:00+00:00,0.009115499664705151
2013-08-23 00:00:00+00:00,0.003371826040288628
2013-08-26 00:00:00+00:00,-0.0037207811350672415
2013-08-27 00:00:00+00:00,-0.016084507123178216
2013-08-28 00:00:00+00:00,0.003551518093249717
2013-08-29 00:00:00+00:00,0.0015858878673584709
2013-08-30 00:00:00+00:00,-0.0031676831712619258
2013-09-03 00:00:00+00:00,0.004522307189112729
2013-09-04 00:00:00+00:00,0.008272620991955693
2013-09-05 00:00:00+00:00,0.0012669871978936431
2013-09-06 00:00:00+00:00,0.0004819470430659223
2013-09-09 00:00:00+00:00,0.009576395350400224
2013-09-10 00:00:00+00:00,0.007396837047341842
2013-09-11 00:00:00+00:00,0.0031387119555714715
2013-09-12 00:00:00+00:00,-0.0026562807205300354
2013-09-13 00:00:00+00:00,0.002248987876420916
2013-09-16 00:00:00+00:00,0.0057874511422595365
2013-09-17 00:00:00+00:00,0.004462730643673085
2013-09-18 00:00:00+00:00,0.011574028128871428
2013-09-19 00:00:00+00:00,-0.0016759617654963366
2013-09-20 00:00:00+00:00,-0.0069910326190771865
2013-09-23 00:00:00+00:00,-0.004627562758755532
2013-09-24 00:00:00+00:00,-0.0023540858856503366
2013-09-25 00:00:00+00:00,-0.0028901763230386734
2013-09-26 00:00:00+00:00,0.003845123285388219
2013-09-27 00:00:00+00:00,-0.004596362064502313
2013-09-30 00:00:00+00:00,-0.005328762087490113
2013-10-01 00:00:00+00:00,0.007916480425339767
2013-10-02 00:00:00+00:00,-0.0009448927643679328
2013-10-03 00:00:00+00:00,-0.00922110913628127
2013-10-04 00:00:00+00:00,0.007576914103995636
2013-10-07 00:00:00+00:00,-0.008644936811584847
2013-10-08 00:00:00+00:00,-0.011646636933386745
2013-10-09 00:00:00+00:00,0.000725343594675687
2013-10-10 00:00:00+00:00,0.021557456229793992
2013-10-11 00:00:00+00:00,0.006443715284826235
2013-10-14 00:00:00+00:00,0.003993955660647863
2013-10-15 00:00:00+00:00,-0.007253959660739273
2013-10-16 00:00:00+00:00,0.013965909261244969
2013-10-17 00:00:00+00:00,0.006682955292256931
2013-10-18 00:00:00+00:00,0.006754535352406332
2013-10-21 00:00:00+00:00,5.736607009221295e-05
2013-10-22 00:00:00+00:00,0.005791463765336458
2013-10-23 00:00:00+00:00,-0.004788888385059864
2013-10-24 00:00:00+00:00,0.003322278644703358
2013-10-25 00:00:00+00:00,0.004567421545197847
2013-10-28 00:00:00+00:00,0.001591685302680279
2013-10-29 00:00:00+00:00,0.005333846068500847
2013-10-30 00:00:00+00:00,-0.004967180117307679
2013-10-31 00:00:00+00:00,-0.0028364210635356546
2013-11-01 00:00:00+00:00,0.002389863376831336
2013-11-04 00:00:00+00:00,0.003518559076747918
2013-11-05 00:00:00+00:00,-0.0031672047504528456
2013-11-06 00:00:00+00:00,0.005105834798228015
2013-11-07 00:00:00+00:00,-0.012643438991404965
2013-11-08 00:00:00+00:00,0.013491176400370675
2013-11-11 00:00:00+00:00,0.0001693902230361921
2013-11-12 00:00:00+00:00,-0.002030732588199635
2013-11-13 00:00:00+00:00,0.008024784394327522
2013-11-14 00:00:00+00:00,0.004989676274971044
2013-11-15 00:00:00+00:00,0.004350842133831412
2013-11-18 00:00:00+00:00,-0.003498658956346601
2013-11-19 00:00:00+00:00,-0.002174025055882156
2013-11-20 00:00:00+00:00,-0.0031281793268932434
2013-11-21 00:00:00+00:00,0.008068675535494618
2013-11-22 00:00:00+00:00,0.005002426298095886
2013-11-25 00:00:00+00:00,-0.0009954003286783975
2013-11-26 00:00:00+00:00,0.0002767113699682078
2013-11-27 00:00:00+00:00,0.002435289987994249
2013-11-29 00:00:00+00:00,-0.0006626041201357458
2013-12-02 00:00:00+00:00,-0.0025969027207645157
2013-12-03 00:00:00+00:00,-0.004320583079453044
2013-12-04 00:00:00+00:00,-0.00011109972890399611
2013-12-05 00:00:00+00:00,-0.004395369710637587
2013-12-06 00:00:00+00:00,0.011177022423319194
2013-12-09 00:00:00+00:00,0.0025420543177101518
2013-12-10 00:00:00+00:00,-0.003583339324402135
2013-12-11 00:00:00+00:00,-0.011231247864734395
2013-12-12 00:00:00+00:00,-0.0033008986257567763
2013-12-13 00:00:00+00:00,-0.00011211010832479218
2013-12-16 00:00:00+00:00,0.0062320811546503485
2013-12-17 00:00:00+00:00,-0.0031805774207601667
2013-12-18 00:00:00+00:00,0.017072316777396734
2013-12-19 00:00:00+00:00,-0.001155594940205451
2013-12-20 00:00:00+00:00,0.0058170840588780415
2013-12-23 00:00:00+00:00,0.005342520839990872
2013-12-24 00:00:00+00:00,0.002191438597826778
2013-12-26 00:00:00+00:00,0.005083907122527265
2013-12-27 00:00:00+00:00,-5.432290706619547e-05
2013-12-30 00:00:00+00:00,-0.0001634910515350141
2013-12-31 00:00:00+00:00,0.004733079812291541
2014-01-02 00:00:00+00:00,-0.009659518697779368
2014-01-03 00:00:00+00:00,0.0010624839069302006
2014-01-06 00:00:00+00:00,-0.0015327407052172504
2014-01-07 00:00:00+00:00,0.004723693840218646
2014-01-08 00:00:00+00:00,-0.0015284674400971587
2014-01-09 00:00:00+00:00,0.0014131256834171158
2014-01-10 00:00:00+00:00,0.0010578757835351116
2014-01-13 00:00:00+00:00,-0.011155598029526814
2014-01-14 00:00:00+00:00,0.008312841747871724
2014-01-15 00:00:00+00:00,0.00541779310331747
2014-01-16 00:00:00+00:00,-0.001991920164857719
2014-01-17 00:00:00+00:00,-0.004812318742722588
2014-01-21 00:00:00+00:00,0.0012975325530741877
2014-01-22 00:00:00+00:00,-0.001060112614309494
2014-01-23 00:00:00+00:00,-0.009196799993169358
2014-01-24 00:00:00+00:00,-0.019873360483367297
2014-01-27 00:00:00+00:00,-0.002914759792116528
2014-01-28 00:00:00+00:00,0.00803721478450714
2014-01-29 00:00:00+00:00,-0.008697731329291636
2014-01-30 00:00:00+00:00,0.007555417959995481
2014-01-31 00:00:00+00:00,-0.007740708230707827
2014-02-03 00:00:00+00:00,-0.021696689876868125
2014-02-04 00:00:00+00:00,0.00485933632030755
2014-02-05 00:00:00+00:00,-0.0012404315334979543
2014-02-06 00:00:00+00:00,0.012415038937580114
2014-02-07 00:00:00+00:00,0.010545763941380404
2014-02-10 00:00:00+00:00,-0.0007284006951934208
2014-02-11 00:00:00+00:00,0.011778868627488892
2014-02-12 00:00:00+00:00,-0.00011974232224787329
2014-02-13 00:00:00+00:00,0.004681435206334017
2014-02-14 00:00:00+00:00,0.006929562554804258
2014-02-18 00:00:00+00:00,0.00011825899842388132
2014-02-19 00:00:00+00:00,-0.005694971055028364
2014-02-20 00:00:00+00:00,0.0058472317990720946
2014-02-21 00:00:00+00:00,-0.002728796573569281
2014-02-24 00:00:00+00:00,0.006304740593328528
2014-02-25 00:00:00+00:00,-0.0014186144132793954
2014-02-26 00:00:00+00:00,0.0011838382741675701
2014-02-27 00:00:00+00:00,0.0036646792885393076
2014-02-28 00:00:00+00:00,0.0029451840808174534
2014-03-03 00:00:00+00:00,-0.007047377932194232
2014-03-04 00:00:00+00:00,0.014312687289749881
2014-03-05 00:00:00+00:00,0.00011717007183142947
2014-03-06 00:00:00+00:00,0.003847747414204683
2014-03-07 00:00:00+00:00,0.001974677907170763
2014-03-10 00:00:00+00:00,0.00011624409160537752
2014-03-11 00:00:00+00:00,-0.006491425459067113
2014-03-12 00:00:00+00:00,0.0010502112450048173
2014-03-13 00:00:00+00:00,-0.009557211338118599
2014-03-14 00:00:00+00:00,-0.0017654273998308767
2014-03-17 00:00:00+00:00,0.008251967047617548
2014-03-18 00:00:00+00:00,0.006547355382289455
2014-03-19 00:00:00+00:00,-0.004646211621966101
2014-03-20 00:00:00+00:00,0.008168795083065783
2014-03-21 00:00:00+00:00,-0.0018521008579456266
2014-03-24 00:00:00+00:00,-0.0009278270674972777
2014-03-25 00:00:00+00:00,0.00582429676198748
2014-03-26 00:00:00+00:00,-0.004757692643839517
2014-03-27 00:00:00+00:00,-0.0005825249511938191
2014-03-28 00:00:00+00:00,0.005715806012897673
2014-03-31 00:00:00+00:00,0.008003617239110028
2014-04-01 00:00:00+00:00,0.005630669040597503
2014-04-02 00:00:00+00:00,0.0033464192475274324
2014-04-03 00:00:00+00:00,-0.001323633587172468
2014-04-04 00:00:00+00:00,-0.011821762630398691
2014-04-07 00:00:00+00:00,-0.011051647062489511
2014-04-08 00:00:00+00:00,0.004123048414742758
2014-04-09 00:00:00+00:00,0.010750672386709903
2014-04-10 00:00:00+00:00,-0.021006093315357965
2014-04-11 00:00:00+00:00,-0.009008905455087701
2014-04-14 00:00:00+00:00,0.007878917425830245
2014-04-15 00:00:00+00:00,0.006887413108433549
2014-04-16 00:00:00+00:00,0.010477766903796537
2014-04-17 00:00:00+00:00,0.0013966143337733605
2014-04-21 00:00:00+00:00,0.0034873218368733916
2014-04-22 00:00:00+00:00,0.00454442624382545
2014-04-23 00:00:00+00:00,-0.002341070103144105
2014-04-24 00:00:00+00:00,0.002026668795287234
2014-04-25 00:00:00+00:00,-0.008198362749329724
2014-04-28 00:00:00+00:00,0.003166497465924234
2014-04-29 00:00:00+00:00,0.004655742981582556
2014-04-30 00:00:00+00:00,0.00298238303497822
2014-05-01 00:00:00+00:00,0.00010651068790323848
2014-05-02 00:00:00+00:00,-0.001433698768150915
2014-05-05 00:00:00+00:00,0.0019141430381617308
2014-05-06 00:00:00+00:00,-0.008703935212273972
2014-05-07 00:00:00+00:00,0.0058893669748203425
2014-05-08 00:00:00+00:00,-0.0010645428103790433
2014-05-09 00:00:00+00:00,0.001492048334874152
2014-05-12 00:00:00+00:00,0.009735819756023556
2014-05-13 00:00:00+00:00,0.0008958542894237365
2014-05-14 00:00:00+00:00,-0.004737791192624519
2014-05-15 00:00:00+00:00,-0.008780359277864913
2014-05-16 00:00:00+00:00,0.0034686261361680515
2014-05-19 00:00:00+00:00,0.003669152519331087
2014-05-20 00:00:00+00:00,-0.006304969667803362
2014-05-21 00:00:00+00:00,0.00842458589935502
2014-05-22 00:00:00+00:00,0.002432365277198034
2014-05-23 00:00:00+00:00,0.004008081402571806
2014-05-27 00:00:00+00:00,0.006146866307904508
2014-05-28 00:00:00+00:00,-0.0007306245848891502
2014-05-29 00:00:00+00:00,0.0051725260701227516
2014-05-30 00:00:00+00:00,0.0016112355955937296
2014-06-02 00:00:00+00:00,0.0011421184849149668
2014-06-03 00:00:00+00:00,-0.0005187119766726367
2014-06-04 00:00:00+00:00,0.0020226908749985117
2014-06-05 00:00:00+00:00,0.0065222848624844065
2014-06-06 00:00:00+00:00,0.00478306548501739
2014-06-09 00:00:00+00:00,0.0010235821237285503
2014-06-10 00:00:00+00:00,0.00010216704667742604
2014-06-11 00:00:00+00:00,-0.0034764960994050353
2014-06-12 00:00:00+00:00,-0.007079858009375051
2014-06-13 00:00:00+00:00,0.003048367410149355
2014-06-16 00:00:00+00:00,0.0008238287528434807
2014-06-17 00:00:00+00:00,0.002779536212483613
2014-06-18 00:00:00+00:00,0.007339772800291966
2014-06-19 00:00:00+00:00,0.0011212849713142514
2014-06-20 00:00:00+00:00,0.002029867378872563
2014-06-23 00:00:00+00:00,-0.00030581582840860655
2014-06-24 00:00:00+00:00,-0.006024304084811916
2014-06-25 00:00:00+00:00,0.0045202695327453135
2014-06-26 00:00:00+00:00,-0.0007165412265165427
2014-06-27 00:00:00+00:00,0.0019449794517931718
2014-06-30 00:00:00+00:00,-0.000511119671171345
2014-07-01 00:00:00+00:00,0.006693069859621703
2014-07-02 00:00:00+00:00,0.0010152025923557684
2014-07-03 00:00:00+00:00,0.004918245818386069
2014-07-07 00:00:00+00:00,-0.003481074160566089
2014-07-08 00:00:00+00:00,-0.006430468581207882
2014-07-09 00:00:00+00:00,0.004484034326752706
2014-07-10 00:00:00+00:00,-0.003956363175291133
2014-07-11 00:00:00+00:00,0.0013748438543650376
2014-07-14 00:00:00+00:00,0.005035663654358702
2014-07-15 00:00:00+00:00,-0.0018727820418180663
2014-07-16 00:00:00+00:00,0.0037015607185337807
2014-07-17 00:00:00+00:00,-0.011365951702596355
2014-07-18 00:00:00+00:00,0.010219251196835977
2014-07-21 00:00:00+00:00,-0.0018718346790160822
2014-07-22 00:00:00+00:00,0.004358172127322035
2014-07-23 00:00:00+00:00,0.0022200342802742856
2014-07-24 00:00:00+00:00,5.0386369272237275e-05
2014-07-25 00:00:00+00:00,-0.004681646705566145
2014-07-28 00:00:00+00:00,0.0004045880818341896
2014-07-29 00:00:00+00:00,-0.004297530041000419
2014-07-30 00:00:00+00:00,0.00015274119144970122
2014-07-31 00:00:00+00:00,-0.01974847139674163
2014-08-01 00:00:00+00:00,-0.003922336186771846
2014-08-04 00:00:00+00:00,0.006650278686891609
2014-08-05 00:00:00+00:00,-0.01108486353109428
2014-08-06 00:00:00+00:00,0.0014719745643516635
2014-08-07 00:00:00+00:00,-0.005540117582632842
2014-08-08 00:00:00+00:00,0.012051187677629027
2014-08-11 00:00:00+00:00,0.002021730811305078
2014-08-12 00:00:00+00:00,-0.0006725505542573007
2014-08-13 00:00:00+00:00,0.005833624636828905
2014-08-14 00:00:00+00:00,0.003680271476075747
2014-08-15 00:00:00+00:00,-0.0018886841960329415
2014-08-18 00:00:00+00:00,0.007347984464824986
2014-08-19 00:00:00+00:00,0.004310173675162732
2014-08-20 00:00:00+00:00,0.0026413092798263094
2014-08-21 00:00:00+00:00,0.0052684838231593645
2014-08-22 00:00:00+00:00,-0.003821559987517209
2014-08-25 00:00:00+00:00,0.005480221268215013
2014-08-26 00:00:00+00:00,0.0009810026339427402
2014-08-27 00:00:00+00:00,0.000979607708241348
2014-08-28 00:00:00+00:00,-0.0006526492166368802
2014-08-29 00:00:00+00:00,0.0031574702708745406
2014-09-02 00:00:00+00:00,-0.0022793255399587986
2014-09-03 00:00:00+00:00,0.0023931035147164437
2014-09-04 00:00:00+00:00,-0.0011935871337505066
2014-09-05 00:00:00+00:00,0.0042368758262816275
2014-09-08 00:00:00+00:00,-0.004111124604562866
2014-09-09 00:00:00+00:00,-0.006408461590850845
2014-09-10 00:00:00+00:00,0.0015306294534103149
2014-09-11 00:00:00+00:00,0.0022918921314780683
2014-09-12 00:00:00+00:00,-0.006098640224448837
2014-09-15 00:00:00+00:00,0.0018628362745543026
2014-09-16 00:00:00+00:00,0.007218810989912949
2014-09-17 00:00:00+00:00,0.001194169986477256
2014-09-18 00:00:00+00:00,0.0036879047711877444
2014-09-19 00:00:00+00:00,0.0005404094529173342
2014-09-22 00:00:00+00:00,-0.0074524400953186465
2014-09-23 00:00:00+00:00,-0.0069641146884904526
2014-09-24 00:00:00+00:00,0.006214579720057678
2014-09-25 00:00:00+00:00,-0.014454731423152456
2014-09-26 00:00:00+00:00,0.0058888197430626565
2014-09-29 00:00:00+00:00,-0.002540818337884332
2014-09-30 00:00:00+00:00,-0.0025467425238485664
2014-10-01 00:00:00+00:00,-0.01232416497593114
2014-10-02 00:00:00+00:00,0.00011214430479933313
2014-10-03 00:00:00+00:00,0.010453614006765921
2014-10-06 00:00:00+00:00,-0.0003336856610615113
2014-10-07 00:00:00+00:00,-0.015578333389131394
2014-10-08 00:00:00+00:00,0.016728995288128434
2014-10-09 00:00:00+00:00,-0.02067822345944581
2014-10-10 00:00:00+00:00,-0.008059981234797897
2014-10-13 00:00:00+00:00,-0.014305149103856829
2014-10-14 00:00:00+00:00,0.0017413422975192105
2014-10-15 00:00:00+00:00,-0.00985140925819794
2014-10-16 00:00:00+00:00,0.0
2014-10-17 00:00:00+00:00,0.011705499055522317
2014-10-20 00:00:00+00:00,0.007635929577635814
2014-10-21 00:00:00+00:00,0.017568203201167476
2014-10-22 00:00:00+00:00,-0.005754591097588246
2014-10-23 00:00:00+00:00,0.008171374891730254
2014-10-24 00:00:00+00:00,0.0070920294805056905
2014-10-27 00:00:00+00:00,-0.0019003334461784593
2014-10-28 00:00:00+00:00,0.010639716427931045
2014-10-29 00:00:00+00:00,-0.00011077291858785365
2014-10-30 00:00:00+00:00,0.005098093156524541
2014-10-31 00:00:00+00:00,0.01091624996453211
2014-11-03 00:00:00+00:00,-0.000545165151575322
2014-11-04 00:00:00+00:00,-0.0022921307148540127
2014-11-05 00:00:00+00:00,0.008531903890201198
2014-11-06 00:00:00+00:00,0.0035791934250100077
2014-11-07 00:00:00+00:00,0.002053667245365931
2014-11-10 00:00:00+00:00,0.00226497169345774
2014-11-11 00:00:00+00:00,0.0005377255646383805
2014-11-12 00:00:00+00:00,-0.0022585322180398437
2014-11-13 00:00:00+00:00,-0.00010817870481927283
2014-11-14 00:00:00+00:00,0.0008626424600408633
2014-11-17 00:00:00+00:00,0.0030163798112030626
2014-11-18 00:00:00+00:00,0.004402606298714584
2014-11-19 00:00:00+00:00,-0.0010690815232068385
2014-11-20 00:00:00+00:00,0.0020332487117409315
2014-11-21 00:00:00+00:00,0.005661754266375496
2014-11-24 00:00:00+00:00,0.0010619359253807303
2014-11-25 00:00:00+00:00,-0.0014857842402701271
2014-11-26 00:00:00+00:00,0.0017004305920598206
2014-11-28 00:00:00+00:00,-0.004455147577354102
2014-12-01 00:00:00+00:00,-0.003729395469676655
2014-12-02 00:00:00+00:00,0.0072728904775181125
2014-12-03 00:00:00+00:00,0.003822150967975002
2014-12-04 00:00:00+00:00,-0.0020093764620296994
2014-12-05 00:00:00+00:00,0.0019078942744603644
2014-12-08 00:00:00+00:00,-0.006135871147648242
2014-12-09 00:00:00+00:00,-0.0022356347666805387
2014-12-10 00:00:00+00:00,-0.01568165750644257
2014-12-11 00:00:00+00:00,0.0045521453348473795
2014-12-12 00:00:00+00:00,-0.01790899081032782
2014-12-15 00:00:00+00:00,-0.006481383730251422
2014-12-16 00:00:00+00:00,-0.005086146142027292
2014-12-17 00:00:00+00:00,0.020226733086340154
2014-12-18 00:00:00+00:00,0.024509416008454243
2014-12-19 00:00:00+00:00,0.0055294764397686436
2014-12-22 00:00:00+00:00,0.003488970935672686
2014-12-23 00:00:00+00:00,0.005268761593856697
2014-12-24 00:00:00+00:00,-0.0004321975335692674
2014-12-26 00:00:00+00:00,0.0015824688153383004
2014-12-29 00:00:00+00:00,0.0013690919310207494
2014-12-30 00:00:00+00:00,-0.0033661016345792882
2014-12-31 00:00:00+00:00,-0.010342880543784405
2015-01-02 00:00:00+00:00,-0.0004264911320794873
2015-01-05 00:00:00+00:00,-0.020590834662860047
2015-01-06 00:00:00+00:00,-0.009259538098003617
2015-01-07 00:00:00+00:00,0.010005380423177668
2015-01-08 00:00:00+00:00,0.01763573400883045
2015-01-09 00:00:00+00:00,-0.010162717778725683
2015-01-12 00:00:00+00:00,-0.008321332025549633
2015-01-13 00:00:00+00:00,-0.004141113059226931
2015-01-14 00:00:00+00:00,-0.007113329329028417
2015-01-15 00:00:00+00:00,-0.008596910997796026
2015-01-16 00:00:00+00:00,0.01322970850979388
2015-01-20 00:00:00+00:00,0.0008778120588406324
2015-01-21 00:00:00+00:00,0.005481082226047818
2015-01-22 00:00:00+00:00,0.014282258890612853
2015-01-23 00:00:00+00:00,-0.009136798918194855
2015-01-26 00:00:00+00:00,0.003254444216640451
2015-01-27 00:00:00+00:00,-0.009298902080415394
2015-01-28 00:00:00+00:00,-0.017791558673819763
2015-01-29 00:00:00+00:00,0.008668047149226199
2015-01-30 00:00:00+00:00,-0.013219882661903437
2015-02-02 00:00:00+00:00,0.016634559335808374
2015-02-03 00:00:00+00:00,0.018449716858802034
2015-02-04 00:00:00+00:00,-0.005391567009559006
2015-02-05 00:00:00+00:00,0.00997402980817852
2015-02-06 00:00:00+00:00,0.0006439783117229148
2015-02-09 00:00:00+00:00,-0.0036472489016513565
2015-02-10 00:00:00+00:00,0.007966907896172382
2015-02-11 00:00:00+00:00,-0.001495058436219554
2015-02-12 00:00:00+00:00,0.009413806179025874
2015-02-13 00:00:00+00:00,0.0036030806036801977
2015-02-17 00:00:00+00:00,0.001795072510893947
2015-02-18 00:00:00+00:00,-0.002529380154087768
2015-02-19 00:00:00+00:00,-0.002430790161189411
2015-02-20 00:00:00+00:00,0.0048729055114680175
2015-02-23 00:00:00+00:00,-0.0023191104721512756
2015-02-24 00:00:00+00:00,0.005599967899200253
2015-02-25 00:00:00+00:00,-0.0013657835454301548
2015-02-26 00:00:00+00:00,-0.0033668531470268936
2015-02-27 00:00:00+00:00,-0.0025338001882251326
2015-03-02 00:00:00+00:00,0.003175217703330402
2015-03-03 00:00:00+00:00,-0.002637553172750162
2015-03-04 00:00:00+00:00,-0.005289785033468775
2015-03-05 00:00:00+00:00,0.0014890624221830517
2015-03-06 00:00:00+00:00,-0.013911205312536978
2015-03-09 00:00:00+00:00,0.0034462128369097123
2015-03-10 00:00:00+00:00,-0.016097693082096964
2015-03-11 00:00:00+00:00,-0.00032761627024169293
2015-03-12 00:00:00+00:00,0.013093809898391706
2015-03-13 00:00:00+00:00,-0.006785617978004255
2015-03-16 00:00:00+00:00,0.01290406342672723
2015-03-17 00:00:00+00:00,-0.004603212769939469
2015-03-18 00:00:00+00:00,0.013228381815321155
2015-03-19 00:00:00+00:00,-0.00891594684538033
2015-03-20 00:00:00+00:00,0.009424790337480005
2015-03-23 00:00:00+00:00,-0.0004246321733401004
2015-03-24 00:00:00+00:00,-0.007536141440444566
2015-03-25 00:00:00+00:00,-0.009886233138625689
2015-03-26 00:00:00+00:00,-0.0024988668806619208
2015-03-27 00:00:00+00:00,0.0007627032059636107
2015-03-30 00:00:00+00:00,0.014584005339856931
2015-03-31 00:00:00+00:00,-0.007079687802482693
2015-04-01 00:00:00+00:00,-0.0031335622663011264
2015-04-02 00:00:00+00:00,0.003468640452164662
2015-04-06 00:00:00+00:00,0.007991569917917607
2015-04-07 00:00:00+00:00,-0.003214400211114299
2015-04-08 00:00:00+00:00,0.0011831466422629333
2015-04-09 00:00:00+00:00,0.005690203375622982
2015-04-10 00:00:00+00:00,0.0067256199149690055
2015-04-13 00:00:00+00:00,-0.004347716499758403
2015-04-14 00:00:00+00:00,0.0035147385557694477
2015-04-15 00:00:00+00:00,0.006155566248250199
2015-04-16 00:00:00+00:00,-0.0015824325941700135
2015-04-17 00:00:00+00:00,-0.011093447840654025
2015-04-20 00:00:00+00:00,0.007157953696983688
2015-04-21 00:00:00+00:00,-0.004455038321816929
2015-04-22 00:00:00+00:00,0.00447497450472456
2015-04-23 00:00:00+00:00,0.0035007800493305208
2015-04-24 00:00:00+00:00,-0.0010570131577096742
2015-04-27 00:00:00+00:00,-0.003492155200779501
2015-04-28 00:00:00+00:00,0.005309614100251103
2015-04-29 00:00:00+00:00,-0.0009503294279044061
2015-04-30 00:00:00+00:00,-0.0072954783526143485
2015-05-01 00:00:00+00:00,0.008200744097800916
2015-05-04 00:00:00+00:00,0.005070509332461004
2015-05-05 00:00:00+00:00,-0.010720692536299481
2015-05-06 00:00:00+00:00,-0.003081313739157099
2015-05-07 00:00:00+00:00,0.0015986875250773025
2015-05-08 00:00:00+00:00,0.012555935265744278
2015-05-11 00:00:00+00:00,-0.00535952623358682
2015-05-12 00:00:00+00:00,-0.0024299598737297368
2015-05-13 00:00:00+00:00,0.0006357484557693027
2015-05-14 00:00:00+00:00,0.007409005555874204
2015-05-15 00:00:00+00:00,0.0013656507543193808
2015-05-18 00:00:00+00:00,0.002203161045551294
2015-05-19 00:00:00+00:00,0.00010526694129597836
2015-05-20 00:00:00+00:00,0.00020877111017392203
2015-05-21 00:00:00+00:00,0.0030351993035726554
2015-05-22 00:00:00+00:00,-0.0033390261192529636
2015-05-26 00:00:00+00:00,-0.00994516595876016
2015-05-27 00:00:00+00:00,0.00602666714105804
2015-05-28 00:00:00+00:00,-0.0005253527959923066
2015-05-29 00:00:00+00:00,-0.005678644046038461
2015-06-01 00:00:00+00:00,0.0007401866304812543
2015-06-02 00:00:00+00:00,0.00021160606001724425
2015-06-03 00:00:00+00:00,0.003487092332396635
2015-06-04 00:00:00+00:00,-0.008950480373550507
2015-06-05 00:00:00+00:00,-0.0009565062952850978
2015-06-08 00:00:00+00:00,-0.0042531634509012095
2015-06-09 00:00:00+00:00,0.0009605713409388539
2015-06-10 00:00:00+00:00,0.011950480623167836
2015-06-11 00:00:00+00:00,0.0025308040487914685
2015-06-12 00:00:00+00:00,-0.006941704720468289
2015-06-15 00:00:00+00:00,-0.0049776296724326485
2015-06-16 00:00:00+00:00,0.0056414592230262794
2015-06-17 00:00:00+00:00,0.0005293329990105899
2015-06-18 00:00:00+00:00,0.008462570874522513
2015-06-19 00:00:00+00:00,-0.005664346965106981
2015-06-22 00:00:00+00:00,0.004747075617125507
2015-06-23 00:00:00+00:00,0.001995168338413178
2015-06-24 00:00:00+00:00,-0.007847424011807602
2015-06-25 00:00:00+00:00,-0.004671645443794947
2015-06-26 00:00:00+00:00,0.0018136591346291642
2015-06-29 00:00:00+00:00,-0.019804312825963954
2015-06-30 00:00:00+00:00,0.0016293227788308773
2015-07-01 00:00:00+00:00,0.006941031727129232
2015-07-02 00:00:00+00:00,-0.0012925771550873488
2015-07-06 00:00:00+00:00,-0.004205840536932293
2015-07-07 00:00:00+00:00,0.00649710709288609
2015-07-08 00:00:00+00:00,-0.016784314119641763
2015-07-09 00:00:00+00:00,0.0030638570289498457
2015-07-10 00:00:00+00:00,0.010801096447437653
2015-07-13 00:00:00+00:00,0.009174067191493274
2015-07-14 00:00:00+00:00,0.004171204959031005
2015-07-15 00:00:00+00:00,-0.0009588503744667465
2015-07-16 00:00:00+00:00,0.005970350223962084
2015-07-17 00:00:00+00:00,-0.00413339471088825
2015-07-20 00:00:00+00:00,-0.0012767579419159514
2015-07-21 00:00:00+00:00,-0.005860480461107986
2015-07-22 00:00:00+00:00,0.0005360633489213118
2015-07-23 00:00:00+00:00,-0.006427124698977771
2015-07-24 00:00:00+00:00,-0.011860489514157746
2015-07-27 00:00:00+00:00,-0.006218914056041025
2015-07-28 00:00:00+00:00,0.012406583911236835
2015-07-29 00:00:00+00:00,0.008784453085090016
2015-07-30 00:00:00+00:00,-0.0006446891443470104
2015-07-31 00:00:00+00:00,-0.0036574095541909157
2015-08-03 00:00:00+00:00,-0.004535043287091645
2015-08-04 00:00:00+00:00,-0.002494676991675826
2015-08-05 00:00:00+00:00,0.0034794662610693194
2015-08-06 00:00:00+00:00,-0.0030338577470229167
2015-08-07 00:00:00+00:00,-0.004564687951341018
2015-08-10 00:00:00+00:00,0.0144120392415088
2015-08-11 00:00:00+00:00,-0.008718476987942037
2015-08-12 00:00:00+00:00,0.000651763136027661
2015-08-13 00:00:00+00:00,-0.0022787877098557896
2015-08-14 00:00:00+00:00,0.004023627887544512
2015-08-17 00:00:00+00:00,0.00357504867089542
2015-08-18 00:00:00+00:00,-0.002482770267502765
2015-08-19 00:00:00+00:00,-0.009305239786725261
2015-08-20 00:00:00+00:00,-0.019768319613127083
2015-08-21 00:00:00+00:00,-0.028412475881134824
2015-08-24 00:00:00+00:00,-0.04139898526188179
2015-08-25 00:00:00+00:00,-0.016509233544022783
2015-08-26 00:00:00+00:00,0.036127202009586634
2015-08-27 00:00:00+00:00,0.02547518366320234
2015-08-28 00:00:00+00:00,0.001259560747822741
2015-08-31 00:00:00+00:00,-0.005031014949969159
2015-09-01 00:00:00+00:00,-0.030452444172699433
2015-09-02 00:00:00+00:00,0.015408118086117417
2015-09-03 00:00:00+00:00,0.0033847143573677574
2015-09-04 00:00:00+00:00,-0.016519305671394702
2015-09-08 00:00:00+00:00,0.025195567988830714
2015-09-09 00:00:00+00:00,-0.014307305509855262
2015-09-10 00:00:00+00:00,0.004214076642479636
2015-09-11 00:00:00+00:00,0.003380093505220838
2015-09-14 00:00:00+00:00,-0.004182030224426314
2015-09-15 00:00:00+00:00,0.013532211239666525
2015-09-16 00:00:00+00:00,0.009668666076206867
2015-09-17 00:00:00+00:00,-0.005357869426877326
2015-09-18 00:00:00+00:00,-0.018796624786723837
2015-09-21 00:00:00+00:00,0.006074365887257738
2015-09-22 00:00:00+00:00,-0.013120055746086878
2015-09-23 00:00:00+00:00,-0.0022352648925124674
2015-09-24 00:00:00+00:00,-0.0029476001571380195
2015-09-25 00:00:00+00:00,0.003796799917332283
2015-09-28 00:00:00+00:00,-0.023120737233366495
2015-09-29 00:00:00+00:00,0.00267053264317485
2015-09-30 00:00:00+00:00,0.01718869634157505
2015-10-01 00:00:00+00:00,0.00023805844639768203
2015-10-02 00:00:00+00:00,0.013444627831462164
2015-10-05 00:00:00+00:00,0.021483778427209943
2015-10-06 00:00:00+00:00,-0.00023012739901706603
2015-10-07 00:00:00+00:00,0.008621705286435022
2015-10-08 00:00:00+00:00,0.01002946159854301
2015-10-09 00:00:00+00:00,-0.0019178736793412643
2015-10-12 00:00:00+00:00,0.0
2015-10-13 00:00:00+00:00,-0.0062179851756080096
2015-10-14 00:00:00+00:00,-0.005233067628511612
2015-10-15 00:00:00+00:00,0.015438904775084028
2015-10-16 00:00:00+00:00,0.003828836774952604
2015-10-19 00:00:00+00:00,-0.0031413561451104632
2015-10-20 00:00:00+00:00,0.0010129851221005737
2015-10-21 00:00:00+00:00,-0.006071760129927495
2015-10-22 00:00:00+00:00,0.017986517958956227
2015-10-23 00:00:00+00:00,0.005334040140835716
2015-10-26 00:00:00+00:00,-0.004863300298614148
2015-10-27 00:00:00+00:00,-0.004665304010999516
2015-10-28 00:00:00+00:00,0.013614720405961123
2015-10-29 00:00:00+00:00,-0.002091870721282363
2015-10-30 00:00:00+00:00,-0.004523505009701556
2015-11-02 00:00:00+00:00,0.013853880935060348
2015-11-03 00:00:00+00:00,0.0036070711658051646
2015-11-04 00:00:00+00:00,-0.004574854077930235
2015-11-05 00:00:00+00:00,-0.0006561310484767269
2015-11-06 00:00:00+00:00,0.0007660240999058932
2015-11-09 00:00:00+00:00,-0.009627950283357944
2015-11-10 00:00:00+00:00,0.0033141085557470973
2015-11-11 00:00:00+00:00,-0.004073913402193541
2015-11-12 00:00:00+00:00,-0.01569946928736743
2015-11-13 00:00:00+00:00,-0.008423717508339812
2015-11-16 00:00:00+00:00,0.016538239380517572
2015-11-17 00:00:00+00:00,-0.0025629936852248347
2015-11-18 00:00:00+00:00,0.015082197055823032
2015-11-19 00:00:00+00:00,-0.0011009234839024495
2015-11-20 00:00:00+00:00,0.0006611116668313599
2015-11-23 00:00:00+00:00,-0.0017614448404069671
2015-11-24 00:00:00+00:00,0.0035295325875486228
2015-11-25 00:00:00+00:00,-0.001648569735838823
2015-11-27 00:00:00+00:00,0.0012110326275203143
2015-11-30 00:00:00+00:00,-0.0021992721755071942
2015-12-01 00:00:00+00:00,0.009808151236319729
2015-12-02 00:00:00+00:00,-0.013205371542070798
2015-12-03 00:00:00+00:00,-0.013270667598797026
2015-12-04 00:00:00+00:00,0.01871770814436924
2015-12-07 00:00:00+00:00,-0.00836259365287928
2015-12-08 00:00:00+00:00,-0.010540161839799778
2015-12-09 00:00:00+00:00,-0.00437281719620608
2015-12-10 00:00:00+00:00,0.0020267942350318258
2015-12-11 00:00:00+00:00,-0.019332040220032876
2015-12-14 00:00:00+00:00,0.005043003324621154
2015-12-15 00:00:00+00:00,0.013912485480493064
2015-12-16 00:00:00+00:00,0.01372147539598445
2015-12-17 00:00:00+00:00,-0.01564397046231636
2015-12-18 00:00:00+00:00,-0.017808741373357972
2015-12-21 00:00:00+00:00,0.008722032991497652
2015-12-22 00:00:00+00:00,0.010807336194126771
2015-12-23 00:00:00+00:00,0.01654477075403471
2015-12-24 00:00:00+00:00,-0.002451798985025455
2015-12-28 00:00:00+00:00,-0.004692445643262544
2015-12-29 00:00:00+00:00,0.00897997645303339
2015-12-30 00:00:00+00:00,-0.007120150197096331
2015-12-31 00:00:00+00:00,-0.00806716763507187
2016-01-04 00:00:00+00:00,-0.011860108612781084
2016-01-05 00:00:00+00:00,0.002743572938556982
2016-01-06 00:00:00+00:00,-0.014934102049679043
2016-01-07 00:00:00+00:00,-0.022798068800939597
2016-01-08 00:00:00+00:00,-0.01267208555682553
2016-01-11 00:00:00+00:00,-0.0013191888636034932
2016-01-12 00:00:00+00:00,0.006125545475458072
2016-01-13 00:00:00+00:00,-0.021248854661783056
2016-01-14 00:00:00+00:00,0.016221591917531475
2016-01-15 00:00:00+00:00,-0.020403549628313145
2016-01-19 00:00:00+00:00,-0.0014698639640312594
2016-01-20 00:00:00+00:00,-0.015092231547944923
2016-01-21 00:00:00+00:00,0.006353718194164193
2016-01-22 00:00:00+00:00,0.01782641389898809
2016-01-25 00:00:00+00:00,-0.01824376697969765
2016-01-26 00:00:00+00:00,0.018210926603560162
2016-01-27 00:00:00+00:00,-0.004502187167294003
2016-01-28 00:00:00+00:00,0.0035445256900337174
2016-01-29 00:00:00+00:00,0.024845003140354205
2016-02-01 00:00:00+00:00,-0.0014257856374497724
2016-02-02 00:00:00+00:00,-0.02011215216499951
2016-02-03 00:00:00+00:00,0.011052050395539359
2016-02-04 00:00:00+00:00,0.005044485529626552
2016-02-05 00:00:00+00:00,-0.010397886120565802
2016-02-08 00:00:00+00:00,-0.010506906134229554
2016-02-09 00:00:00+00:00,-0.003905547030404355
2016-02-10 00:00:00+00:00,-0.003921448622055346
2016-02-11 00:00:00+00:00,-0.016238388322293962
2016-02-12 00:00:00+00:00,0.024009423458184243
2016-02-16 00:00:00+00:00,0.014653101243692568
2016-02-17 00:00:00+00:00,0.01612764877189843
2016-02-18 00:00:00+00:00,-0.0018953496243145906
2016-02-19 00:00:00+00:00,-0.0023733440476902956
2016-02-22 00:00:00+00:00,0.014749693600182745
2016-02-23 00:00:00+00:00,-0.01324554984721693
2016-02-24 00:00:00+00:00,0.003801158113480918
2016-02-25 00:00:00+00:00,0.010887642813565801
2016-02-26 00:00:00+00:00,-0.0011706957897906767
2016-02-29 00:00:00+00:00,-0.007852663710397167
2016-03-01 00:00:00+00:00,0.021854591919811428
2016-03-02 00:00:00+00:00,0.008554829081088844
2016-03-03 00:00:00+00:00,0.0067632408769411345
2016-03-04 00:00:00+00:00,0.004440224512344715
2016-03-07 00:00:00+00:00,0.005894055511737717
2016-03-08 00:00:00+00:00,-0.014424089601047463
2016-03-09 00:00:00+00:00,0.004916652050770409
2016-03-10 00:00:00+00:00,0.00034141513074481544
2016-03-11 00:00:00+00:00,0.01649234836711444
2016-03-14 00:00:00+00:00,-0.002573881955247437
2016-03-15 00:00:00+00:00,-0.0034773712792902645
2016-03-16 00:00:00+00:00,0.005741123906048973
2016-03-17 00:00:00+00:00,0.008954308566860192
2016-03-18 00:00:00+00:00,0.006656476699507641
2016-03-21 00:00:00+00:00,0.0
2016-03-22 00:00:00+00:00,-0.0019835160060045487
2016-03-23 00:00:00+00:00,-0.008154009021732134
2016-03-24 00:00:00+00:00,-0.0015687748990883543
2016-03-28 00:00:00+00:00,0.0005611264772009683
2016-03-29 00:00:00+00:00,0.006503233044113932
2016-03-30 00:00:00+00:00,0.0038990416127850924
2016-03-31 00:00:00+00:00,-0.0021086470207097863
2016-04-01 00:00:00+00:00,0.003780526075968904
2016-04-04 00:00:00+00:00,-0.0042094423927232505
2016-04-05 00:00:00+00:00,-0.010123382205712628
2016-04-06 00:00:00+00:00,0.008766048189122966
2016-04-07 00:00:00+00:00,-0.011586638286855577
2016-04-08 00:00:00+00:00,0.004170205778003533
2016-04-11 00:00:00+00:00,-0.0006731081144946138
2016-04-12 00:00:00+00:00,0.011007330999978748
2016-04-13 00:00:00+00:00,0.011887838627058889
2016-04-14 00:00:00+00:00,0.0008782175935559966
2016-04-15 00:00:00+00:00,-0.002303586399676205
2016-04-18 00:00:00+00:00,0.0075865826314065465
2016-04-19 00:00:00+00:00,0.007965468522928454
2016-04-20 00:00:00+00:00,0.002273928367328759
2016-04-21 00:00:00+00:00,-0.006589021817001717
2016-04-22 00:00:00+00:00,0.006197865378095413
2016-04-25 00:00:00+00:00,-0.0034580670933933577
2016-04-26 00:00:00+00:00,0.004663128754200718
2016-04-27 00:00:00+00:00,0.006367846902100904
2016-04-28 00:00:00+00:00,-0.008794270990927
2016-04-29 00:00:00+00:00,-0.0075743801840718605
2016-05-02 00:00:00+00:00,0.007086222472785231
2016-05-03 00:00:00+00:00,-0.010284254482765487
2016-05-04 00:00:00+00:00,-0.00776616049396639
2016-05-05 00:00:00+00:00,-0.00022071305156157184
2016-05-06 00:00:00+00:00,0.0025361811918336308
2016-05-09 00:00:00+00:00,-0.0019798345440489307
2016-05-10 00:00:00+00:00,0.012453383590603107
2016-05-11 00:00:00+00:00,-0.007511127798811135
2016-05-12 00:00:00+00:00,0.0006585169996127238
2016-05-13 00:00:00+00:00,-0.011069596766024814
2016-05-16 00:00:00+00:00,0.009198424378850767
2016-05-17 00:00:00+00:00,-0.007028333197556136
2016-05-18 00:00:00+00:00,0.000442208436234548
2016-05-19 00:00:00+00:00,-0.0024319157009066172
2016-05-20 00:00:00+00:00,0.005762504532208945
2016-05-23 00:00:00+00:00,-0.0017630489554303352
2016-05-24 00:00:00+00:00,0.011148006865272952
2016-05-25 00:00:00+00:00,0.009168875389670372
2016-05-26 00:00:00+00:00,-0.0015140552784567163
2016-05-27 00:00:00+00:00,0.004116829677083711
2016-05-31 00:00:00+00:00,-0.0014029075206865027
2016-06-01 00:00:00+00:00,0.002485046348094766
2016-06-02 00:00:00+00:00,0.0029098000068115137
2016-06-03 00:00:00+00:00,-0.0033310212070981615
2016-06-06 00:00:00+00:00,0.007223697135874563
2016-06-07 00:00:00+00:00,0.0026761727724715634
2016-06-08 00:00:00+00:00,0.0032026117476662286
2016-06-09 00:00:00+00:00,-0.00244806286548227
2016-06-10 00:00:00+00:00,-0.009493825916920495
2016-06-13 00:00:00+00:00,-0.007538996502579387
2016-06-14 00:00:00+00:00,-0.0036895521262299003
2016-06-15 00:00:00+00:00,-0.0008715466484918721
2016-06-16 00:00:00+00:00,0.003597264197416683
2016-06-17 00:00:00+00:00,-0.00010837529462259798
2016-06-20 00:00:00+00:00,0.005975289414143603
2016-06-21 00:00:00+00:00,0.0031818796690457063
2016-06-22 00:00:00+00:00,-0.001623561320863831
2016-06-23 00:00:00+00:00,0.01518234210907754
2016-06-24 00:00:00+00:00,-0.03856389424359097
2016-06-27 00:00:00+00:00,-0.019222503913257638
2016-06-28 00:00:00+00:00,0.017673340016505
2016-06-29 00:00:00+00:00,0.018256802420967944
2016-06-30 00:00:00+00:00,0.015633412383360357
2016-07-01 00:00:00+00:00,0.00021518918920571117
2016-07-05 00:00:00+00:00,-0.01000874158467957
2016-07-06 00:00:00+00:00,0.006196451525657842
2016-07-07 00:00:00+00:00,-0.0021611298546454494
2016-07-08 00:00:00+00:00,0.015591204176428342
2016-07-11 00:00:00+00:00,0.003624838018751131
2016-07-12 00:00:00+00:00,0.009560403349115676
2016-07-13 00:00:00+00:00,0.0011573905298127851
2016-07-14 00:00:00+00:00,0.005359961515462253
2016-07-15 00:00:00+00:00,-0.0015678502579956621
2016-07-18 00:00:00+00:00,0.0015703122724972651
2016-07-19 00:00:00+00:00,-0.0009409086168553626
2016-07-20 00:00:00+00:00,0.0017789015129203722
2016-07-21 00:00:00+00:00,-0.003551386135187906
2016-07-22 00:00:00+00:00,0.00555606301309175
2016-07-25 00:00:00+00:00,-0.004274020598378669
2016-07-26 00:00:00+00:00,0.002302850076340901
2016-07-27 00:00:00+00:00,-0.0038642975688586434
2016-07-28 00:00:00+00:00,-0.000838861879022712
2016-07-29 00:00:00+00:00,0.0008395661590685499
2016-08-01 00:00:00+00:00,-0.005033171274136494
2016-08-02 00:00:00+00:00,-0.006112914097486155
2016-08-03 00:00:00+00:00,0.0050901480191130055
2016-08-04 00:00:00+00:00,-0.0002111989944163506
2016-08-05 00:00:00+00:00,0.010024305535383915
2016-08-08 00:00:00+00:00,0.0006268461516645285
2016-08-09 00:00:00+00:00,-0.00020881782057424747
2016-08-10 00:00:00+00:00,-0.00375950582214879
2016-08-11 00:00:00+00:00,0.006184713349177917
2016-08-12 00:00:00+00:00,-0.0008332460630211536
2016-08-15 00:00:00+00:00,0.0034403775280134052
2016-08-16 00:00:00+00:00,-0.004259959517069145
2016-08-17 00:00:00+00:00,0.0026087118455091485
2016-08-18 00:00:00+00:00,0.004162920604560139
2016-08-19 00:00:00+00:00,-0.002487436879395233
2016-08-22 00:00:00+00:00,-0.0015583028573784574
2016-08-23 00:00:00+00:00,0.0015607349551185479
2016-08-24 00:00:00+00:00,-0.003428581911850914
2016-08-25 00:00:00+00:00,-0.001147485315721286
2016-08-26 00:00:00+00:00,-0.0024006565837372262
2016-08-29 00:00:00+00:00,0.00690603138991408
2016-08-30 00:00:00+00:00,-0.0004155840158870383
2016-08-31 00:00:00+00:00,-0.002910692321417052
2016-09-01 00:00:00+00:00,-0.000834237858048481
2016-09-02 00:00:00+00:00,0.0046958992428633994
2016-09-06 00:00:00+00:00,0.0024923071128901686
2016-09-07 00:00:00+00:00,0.00031107120412987577
2016-09-08 00:00:00+00:00,0.0006210640911203935
2016-09-09 00:00:00+00:00,-0.02339242078413606
2016-09-12 00:00:00+00:00,0.01367202669915124
2016-09-13 00:00:00+00:00,-0.017252144707125328
2016-09-14 00:00:00+00:00,-0.00361720669756882
2016-09-15 00:00:00+00:00,0.00907635275869123
2016-09-16 00:00:00+00:00,-0.005291256147986423
2016-09-19 00:00:00+00:00,0.0013831698613779864
2016-09-20 00:00:00+00:00,-0.0008498118201795135
2016-09-21 00:00:00+00:00,0.011908493900717021
2016-09-22 00:00:00+00:00,0.004938322584145727
2016-09-23 00:00:00+00:00,-0.004809642509938872
2016-09-26 00:00:00+00:00,-0.008922375611428612
2016-09-27 00:00:00+00:00,0.004800018354787161
2016-09-28 00:00:00+00:00,0.008280085991594355
2016-09-29 00:00:00+00:00,-0.009264648623736549
2016-09-30 00:00:00+00:00,0.00913894490636924
2016-10-03 00:00:00+00:00,-0.0031590381693434866
2016-10-04 00:00:00+00:00,-0.00549346397281858
2016-10-05 00:00:00+00:00,0.00679841059092956
2016-10-06 00:00:00+00:00,0.000949570916374709
2016-10-07 00:00:00+00:00,-0.003162233622836852
2016-10-10 00:00:00+00:00,0.004758297842371029
2016-10-11 00:00:00+00:00,-0.012207704424963994
2016-10-12 00:00:00+00:00,0.00042616813036322476
2016-10-13 00:00:00+00:00,-0.003514590291825881
2016-10-14 00:00:00+00:00,0.00032051595507054387
2016-10-17 00:00:00+00:00,-0.003097697721387016
2016-10-18 00:00:00+00:00,0.005357893191550778
2016-10-19 00:00:00+00:00,0.0037313620457002372
2016-10-20 00:00:00+00:00,-0.001487437137596248
2016-10-21 00:00:00+00:00,-0.0027648784677626326
2016-10-24 00:00:00+00:00,0.0018132469355363057
2016-10-25 00:00:00+00:00,-0.0010649275361154231
2016-10-26 00:00:00+00:00,0.0011724378472710573
2016-10-27 00:00:00+00:00,-0.0010647139613103596
2016-10-28 00:00:00+00:00,-0.003942695497598181
2016-10-31 00:00:00+00:00,0.0006418185943497523
2016-11-01 00:00:00+00:00,-0.0056666521755839305
2016-11-02 00:00:00+00:00,-0.005268634098139713
2016-11-03 00:00:00+00:00,-0.002702522173867572
2016-11-04 00:00:00+00:00,-0.0017345424992054603
2016-11-07 00:00:00+00:00,0.02182439628290167
2016-11-08 00:00:00+00:00,0.0036129071838419957
2016-11-09 00:00:00+00:00,0.0171516942638108
2016-11-10 00:00:00+00:00,0.010617004313204115
2016-11-11 00:00:00+00:00,-0.00164767072781824
2016-11-14 00:00:00+00:00,0.007531625986990642
2016-11-15 00:00:00+00:00,0.007269662405784416
2016-11-16 00:00:00+00:00,-0.006200525933186207
2016-11-17 00:00:00+00:00,0.0031705589930486333
2016-11-18 00:00:00+00:00,-0.0013255887398451183
2016-11-21 00:00:00+00:00,0.006943245073664395
2016-11-22 00:00:00+00:00,0.0022304100860912612
2016-11-23 00:00:00+00:00,0.0029339508384031987
2016-11-25 00:00:00+00:00,0.0038338413081864253
2016-11-28 00:00:00+00:00,-0.005426324914156955
2016-11-29 00:00:00+00:00,0.0
2016-11-30 00:00:00+00:00,0.00454627517899997
2016-12-01 00:00:00+00:00,-0.004675419282618275
2016-12-02 00:00:00+00:00,0.0005008637967836016
2016-12-05 00:00:00+00:00,0.006008983381354582
2016-12-06 00:00:00+00:00,0.0031673229548043746
2016-12-07 00:00:00+00:00,0.013080613195652013
2016-12-08 00:00:00+00:00,0.0024491887017676905
2016-12-09 00:00:00+00:00,0.00604020038930031
2016-12-12 00:00:00+00:00,-0.0011477311406278279
2016-12-13 00:00:00+00:00,0.006673966358502703
2016-12-14 00:00:00+00:00,-0.008254318908273217
2016-12-15 00:00:00+00:00,0.004117094183275549
2016-12-16 00:00:00+00:00,-0.0019555735658509654
2016-12-19 00:00:00+00:00,0.002177336285386078
2016-12-20 00:00:00+00:00,0.0038575271516654297
2016-12-21 00:00:00+00:00,-0.0027825826613230298
2016-12-22 00:00:00+00:00,-0.0017274251239963734
2016-12-23 00:00:00+00:00,0.0014640269520931337
2016-12-27 00:00:00+00:00,0.002481414183370223
2016-12-28 00:00:00+00:00,-0.008264854026385438
2016-12-29 00:00:00+00:00,-0.0002225104065766148
2016-12-30 00:00:00+00:00,-0.003655097509118188
2017-01-03 00:00:00+00:00,0.0076499460710111045
2017-01-04 00:00:00+00:00,0.0059492560531761995
2017-01-05 00:00:00+00:00,-0.000794537532902595
2017-01-06 00:00:00+00:00,0.00357767352834637
2017-01-09 00:00:00+00:00,-0.003300833933154501
2017-01-10 00:00:00+00:00,0.0
2017-01-11 00:00:00+00:00,0.0028260838360947282
2017-01-12 00:00:00+00:00,-0.0025100270853909423
2017-01-13 00:00:00+00:00,0.002295846555681269
2017-01-17 00:00:00+00:00,-0.003523698261401753
2017-01-18 00:00:00+00:00,0.0022099715574799284
2017-01-19 00:00:00+00:00,-0.0037046968383406265
2017-01-20 00:00:00+00:00,0.003674205120644647
2017-01-23 00:00:00+00:00,-0.0026022232608379214
2017-01-24 00:00:00+00:00,0.0064120584022306915
2017-01-25 00:00:00+00:00,0.00865516562395885
2017-01-26 00:00:00+00:00,-0.001045405300176272
2017-01-27 00:00:00+00:00,-0.0015697877018399087
2017-01-30 00:00:00+00:00,-0.006201748961009446
2017-01-31 00:00:00+00:00,-8.781890851161656e-05
2017-02-01 00:00:00+00:00,0.0003957272387746791
2017-02-02 00:00:00+00:00,0.0006591804514874955
2017-02-03 00:00:00+00:00,0.006892542715172922
2017-02-06 00:00:00+00:00,-0.001787669118331614
2017-02-07 00:00:00+00:00,4.3683555701834464e-05
2017-02-08 00:00:00+00:00,0.0013104494259625898
2017-02-09 00:00:00+00:00,0.0059326968033561744
2017-02-10 00:00:00+00:00,0.003946029640823356
2017-02-13 00:00:00+00:00,0.0054425590393167855
2017-02-14 00:00:00+00:00,0.003995474471560012
2017-02-15 00:00:00+00:00,0.0052203123522613915
2017-02-16 00:00:00+00:00,-0.0008512429826138534
2017-02-17 00:00:00+00:00,0.0015761941706544658
2017-02-21 00:00:00+00:00,0.005955450030132425
2017-02-22 00:00:00+00:00,-0.000888329333961102
2017-02-23 00:00:00+00:00,0.0006774205455464255
2017-02-24 00:00:00+00:00,0.0012687308334347058
2017-02-27 00:00:00+00:00,0.001562820288497191
2017-02-28 00:00:00+00:00,-0.002699297764561681
2017-03-01 00:00:00+00:00,0.01399761504586805
2017-03-02 00:00:00+00:00,-0.006297073035942735
2017-03-03 00:00:00+00:00,0.0006292695240168733
2017-03-06 00:00:00+00:00,-0.0029777073515949715
2017-03-07 00:00:00+00:00,-0.002987198372434219
2017-03-08 00:00:00+00:00,-0.0018561040791343908
2017-03-09 00:00:00+00:00,0.0012678617580905716
2017-03-10 00:00:00+00:00,0.003504121576205277
2017-03-13 00:00:00+00:00,0.0005050328035920426
2017-03-14 00:00:00+00:00,-0.0038266913363967925
2017-03-15 00:00:00+00:00,0.008653327419886336
2017-03-16 00:00:00+00:00,-0.0019668838869473237
2017-03-17 00:00:00+00:00,-0.001755949596686457
2017-03-20 00:00:00+00:00,-0.0010970579551475845
2017-03-21 00:00:00+00:00,-0.012839508718053949
2017-03-22 00:00:00+00:00,0.002353276430453466
2017-03-23 00:00:00+00:00,-0.0010672833125370262
2017-03-24 00:00:00+00:00,-0.0007263890130563277
2017-03-27 00:00:00+00:00,-0.0010259422110030503
2017-03-28 00:00:00+00:00,0.007276560080203387
2017-03-29 00:00:00+00:00,0.0009347248360078719
2017-03-30 00:00:00+00:00,0.003184497442062728
2017-03-31 00:00:00+00:00,-0.002327780192880935
2017-04-03 00:00:00+00:00,-0.0034028281349004477
2017-04-04 00:00:00+00:00,0.000771030185292565
2017-04-05 00:00:00+00:00,-0.003947722045671398
2017-04-06 00:00:00+00:00,0.0035765333328525717
2017-04-07 00:00:00+00:00,-0.0016374036606050524
2017-04-10 00:00:00+00:00,0.0012541805267756168
2017-04-11 00:00:00+00:00,-0.0007709403216346056
2017-04-12 00:00:00+00:00,-0.004242498914059145
2017-04-13 00:00:00+00:00,-0.008618328977686107
2017-04-17 00:00:00+00:00,0.008400086291149522
2017-04-18 00:00:00+00:00,-0.0038746957945063887
2017-04-19 00:00:00+00:00,-0.0031111609725607003
2017-04-20 00:00:00+00:00,0.007705649800010095
2017-04-21 00:00:00+00:00,-0.004646050775587662
2017-04-24 00:00:00+00:00,0.011086397675401205
2017-04-25 00:00:00+00:00,0.005962715534834961
2017-04-26 00:00:00+00:00,-0.00019092652244956376
2017-04-27 00:00:00+00:00,-0.0018168687297626107
2017-04-28 00:00:00+00:00,-0.004215444830133475
2017-05-01 00:00:00+00:00,0.0
2017-05-02 00:00:00+00:00,-0.0010582327737014285
2017-05-03 00:00:00+00:00,0.0011556505427738895
2017-05-04 00:00:00+00:00,9.582666786189797e-05
2017-05-05 00:00:00+00:00,0.0044250094045579225
2017-05-08 00:00:00+00:00,-0.0011490317594200494
2017-05-09 00:00:00+00:00,-0.0029722832219807316
2017-05-10 00:00:00+00:00,0.0021155377624881844
2017-05-11 00:00:00+00:00,-0.002686745312225014
2017-05-12 00:00:00+00:00,-0.00346397493883821
2017-05-15 00:00:00+00:00,0.005793119471775965
2017-05-16 00:00:00+00:00,-0.0022077753122585753
2017-05-17 00:00:00+00:00,-0.017317849676028896
2017-05-18 00:00:00+00:00,0.0007833944841868501
2017-05-19 00:00:00+00:00,0.007630360817541426
2017-05-22 00:00:00+00:00,0.003980797345712439
2017-05-23 00:00:00+00:00,0.0034811232313656237
2017-05-24 00:00:00+00:00,0.0006747366621540074
2017-05-25 00:00:00+00:00,0.0013481142971702997
2017-05-26 00:00:00+00:00,0.0
2017-05-30 00:00:00+00:00,-0.002019673246361875
2017-05-31 00:00:00+00:00,-0.0017345235255425973
2017-06-01 00:00:00+00:00,0.00975012524170471
2017-06-02 00:00:00+00:00,-0.000764702829668007
2017-06-05 00:00:00+00:00,-0.0009570562395694315
2017-06-06 00:00:00+00:00,-0.0024896581335754897
2017-06-07 00:00:00+00:00,0.001151899595617234
2017-06-08 00:00:00+00:00,0.0024932686397678427
2017-06-09 00:00:00+00:00,0.009374236062660302
2017-06-12 00:00:00+00:00,0.002748498468636784
2017-06-13 00:00:00+00:00,0.002929778144473927
2017-06-14 00:00:00+00:00,-0.0007538376108805478
2017-06-15 00:00:00+00:00,-0.0019802615926091116
2017-06-16 00:00:00+00:00,-0.0004727369415453708
2017-06-19 00:00:00+00:00,0.005294089483532272
2017-06-20 00:00:00+00:00,-0.006488694471690204
2017-06-21 00:00:00+00:00,-0.004827237768562531
2017-06-22 00:00:00+00:00,-0.0010463323412323033
2017-06-23 00:00:00+00:00,-0.00066637574889572
2017-06-26 00:00:00+00:00,0.003525153708964668
2017-06-27 00:00:00+00:00,-0.0038950401484803
2017-06-28 00:00:00+00:00,0.007954952457055908
2017-06-29 00:00:00+00:00,-0.003233209381881097
2017-06-30 00:00:00+00:00,0.0012401433774211768
2017-07-03 00:00:00+00:00,0.0080034040492456
2017-07-05 00:00:00+00:00,-0.0020795158830916316
2017-07-06 00:00:00+00:00,-0.008998240412426473
2017-07-07 00:00:00+00:00,0.004014057712363073
2017-07-10 00:00:00+00:00,-0.0015228283868561343
2017-07-11 00:00:00+00:00,-0.0016207436797585073
2017-07-12 00:00:00+00:00,0.004870212835873966
2017-07-13 00:00:00+00:00,0.00209078041640387
2017-07-14 00:00:00+00:00,0.0026553453558635365
2017-07-17 00:00:00+00:00,-0.000662341474489625
2017-07-18 00:00:00+00:00,-0.002271186238325007
2017-07-19 00:00:00+00:00,0.005217177691286157
2017-07-20 00:00:00+00:00,0.00037742362510839733
2017-07-21 00:00:00+00:00,-0.00150947490362352
2017-07-24 00:00:00+00:00,-0.001228017660180325
2017-07-25 00:00:00+00:00,0.006053848287847385
2017-07-26 00:00:00+00:00,-0.0020685670681855894
2017-07-27 00:00:00+00:00,0.0018841831645206586
2017-07-28 00:00:00+00:00,-0.001316561177791109
2017-07-31 00:00:00+00:00,0.002071596774111839
2017-08-01 00:00:00+00:00,0.0026312300837219027
2017-08-02 00:00:00+00:00,-0.0006560594878267656
2017-08-03 00:00:00+00:00,-0.0016880679103300489
2017-08-04 00:00:00+00:00,0.0019726265070150184
2017-08-07 00:00:00+00:00,-9.365855898346709e-05
2017-08-08 00:00:00+00:00,-0.0019691882312433684
2017-08-09 00:00:00+00:00,-0.0015032028678148013
2017-08-10 00:00:00+00:00,-0.01185539114316525
2017-08-11 00:00:00+00:00,-0.0015236162281776489
2017-08-14 00:00:00+00:00,0.00820156894810986
2017-08-15 00:00:00+00:00,-0.000378403902341784
2017-08-16 00:00:00+00:00,0.0009458851363501886
2017-08-17 00:00:00+00:00,-0.014841720755733423
2017-08-18 00:00:00+00:00,-0.0023030547718493333
2017-08-21 00:00:00+00:00,0.0007694570256244759
2017-08-22 00:00:00+00:00,0.007880759091688727
2017-08-23 00:00:00+00:00,-0.002193215016884964
2017-08-24 00:00:00+00:00,-0.0023892348456349133
2017-08-25 00:00:00+00:00,0.0034487593476093537
2017-08-28 00:00:00+00:00,-0.0015275434204504723
2017-08-29 00:00:00+00:00,-0.0011472107463210701
2017-08-30 00:00:00+00:00,0.002392944967504196
2017-08-31 00:00:00+00:00,0.003628855503969408
2017-09-01 00:00:00+00:00,0.0040912428886656915
2017-09-05 00:00:00+00:00,-0.009002329093256822
2017-09-06 00:00:00+00:00,0.0038251113129741388
2017-09-07 00:00:00+00:00,-0.004191606820017624
2017-09-08 00:00:00+00:00,0.0012435836681334855
2017-09-11 00:00:00+00:00,0.011847223875153023
2017-09-12 00:00:00+00:00,0.005759057714149973
2017-09-13 00:00:00+00:00,0.0016901599774297171
2017-09-14 00:00:00+00:00,0.0003747545318697476
2017-09-15 00:00:00+00:00,0.00252957961445599
2017-09-18 00:00:00+00:00,0.0036445504535818074
2017-09-19 00:00:00+00:00,0.0014897662129313982
2017-09-20 00:00:00+00:00,0.002045230491793504
2017-09-21 00:00:00+00:00,-0.0013915704565374831
2017-09-22 00:00:00+00:00,0.0002787019246721645
2017-09-25 00:00:00+00:00,0.0034367967892559026
2017-09-26 00:00:00+00:00,-0.0005961232669238203
2017-09-27 00:00:00+00:00,0.002143475025766728
2017-09-28 00:00:00+00:00,0.001301422632134841
2017-09-29 00:00:00+00:00,0.002136196000927404
2017-10-02 00:00:00+00:00,0.006116329699833223
2017-10-03 00:00:00+00:00,0.0020262127153127807
2017-10-04 00:00:00+00:00,0.0013790078448283616
2017-10-05 00:00:00+00:00,0.00468130674449041
2017-10-06 00:00:00+00:00,-0.0025582659990175394
2017-10-09 00:00:00+00:00,-0.0037555317076927164
2017-10-10 00:00:00+00:00,0.004597169173180982
2017-10-11 00:00:00+00:00,-9.121212903617781e-05
2017-10-12 00:00:00+00:00,-0.004119265716730713
2017-10-13 00:00:00+00:00,0.00045968351065672763
2017-10-16 00:00:00+00:00,0.0013778240289699095
2017-10-17 00:00:00+00:00,-0.0004586709402653044
2017-10-18 00:00:00+00:00,0.0011013830921109413
2017-10-19 00:00:00+00:00,0.0022003427639050166
2017-10-20 00:00:00+00:00,0.006495365236626416
2017-10-23 00:00:00+00:00,-0.0016360912426928165
2017-10-24 00:00:00+00:00,0.0022762360121015845
2017-10-25 00:00:00+00:00,-0.005631776039343728
2017-10-26 00:00:00+00:00,0.002192302451501371
2017-10-27 00:00:00+00:00,-0.0010026632928599177
2017-10-30 00:00:00+00:00,-0.00510961381262065
2017-10-31 00:00:00+00:00,0.0010092470773306328
2017-11-01 00:00:00+00:00,0.00293152637520655
2017-11-02 00:00:00+00:00,0.00045670160550437267
2017-11-03 00:00:00+00:00,-0.00018266459152960213
2017-11-06 00:00:00+00:00,-0.000547925506715341
2017-11-07 00:00:00+00:00,-0.0015533628578978664
2017-11-08 00:00:00+00:00,-0.00027470814579677594
2017-11-09 00:00:00+00:00,-0.0019222195225836458
2017-11-10 00:00:00+00:00,-0.0009171739576373517
2017-11-13 00:00:00+00:00,0.0009180159379482689
2017-11-14 00:00:00+00:00,-0.0027517755395362054
2017-11-15 00:00:00+00:00,-0.0031267588389419787
2017-11-16 00:00:00+00:00,0.007104117715853064
2017-11-17 00:00:00+00:00,-0.0012828688697722468
2017-11-20 00:00:00+00:00,0.0020180189200267318
2017-11-21 00:00:00+00:00,0.0038451141892241747
2017-11-22 00:00:00+00:00,-0.0008207729624960525
2017-11-24 00:00:00+00:00,0.0005473229471266716
2017-11-27 00:00:00+00:00,-0.0013681054745494636
2017-11-28 00:00:00+00:00,0.014797364424718795
2017-11-29 00:00:00+00:00,0.008370866615960315
2017-11-30 00:00:00+00:00,0.00696208677447907
2017-12-01 00:00:00+00:00,-0.00035451131171393424
2017-12-04 00:00:00+00:00,0.006029892354007638
2017-12-05 00:00:00+00:00,-0.005905338410971406
2017-12-06 00:00:00+00:00,-0.0023941184207417754
2017-12-07 00:00:00+00:00,0.0017775283154533028
2017-12-08 00:00:00+00:00,0.005855688802898884
2017-12-11 00:00:00+00:00,0.002469971476684263
2017-12-12 00:00:00+00:00,0.0034314642444541743
2017-12-13 00:00:00+00:00,-0.002279873603716842
2017-12-14 00:00:00+00:00,-0.005448970010975773
2017-12-15 00:00:00+00:00,0.007688032423557978
2017-12-18 00:00:00+00:00,0.0065773032830165334
2017-12-19 00:00:00+00:00,-0.0038020110916621164
2017-12-20 00:00:00+00:00,0.00035193333955230166
2017-12-21 00:00:00+00:00,0.004922431842848463
2017-12-22 00:00:00+00:00,0.00035000604730894835
2017-12-26 00:00:00+00:00,8.723037156288527e-05
2017-12-27 00:00:00+00:00,-0.00034937206024010514
2017-12-28 00:00:00+00:00,0.0020988896863936013
2017-12-29 00:00:00+00:00,-0.0028802087643176044
2018-01-02 00:00:00+00:00,0.005164679021017582
2018-01-03 00:00:00+00:00,0.004092787741151405
2018-01-04 00:00:00+00:00,0.005377392399667835
2018-01-05 00:00:00+00:00,0.0030191739813343332
2018-01-08 00:00:00+00:00,0.0015482965780468927
2018-01-09 00:00:00+00:00,0.001459844589264403
2018-01-10 00:00:00+00:00,-8.561853851274392e-05
2018-01-11 00:00:00+00:00,0.008746969579385144
2018-01-12 00:00:00+00:00,0.005865840270803835
2018-01-16 00:00:00+00:00,-0.004310162121020422
2018-01-17 00:00:00+00:00,0.007045062969112559
2018-01-18 00:00:00+00:00,-0.0026130026461569367
2018-01-19 00:00:00+00:00,0.004225571799271188
2018-01-22 00:00:00+00:00,0.008499377673705677
2018-01-23 00:00:00+00:00,0.0001670186452638056
2018-01-24 00:00:00+00:00,0.002502719432583289
2018-01-25 00:00:00+00:00,-0.0009152787609467694
2018-01-26 00:00:00+00:00,0.00882955269801311
2018-01-29 00:00:00+00:00,-0.00619256244459232
2018-01-30 00:00:00+00:00,-0.011465735078230788
2018-01-31 00:00:00+00:00,-0.0011768104760252474
2018-02-01 00:00:00+00:00,0.0010941778351449827
2018-02-02 00:00:00+00:00,-0.023283320149524722
2018-02-05 00:00:00+00:00,-0.04156627594538764
2018-02-06 00:00:00+00:00,0.013379120582832416
2018-02-07 00:00:00+00:00,-0.002747067947321047
2018-02-08 00:00:00+00:00,-0.0337627318576883
2018-02-09 00:00:00+00:00,0.012505752111440227
2018-02-12 00:00:00+00:00,0.011261791073187144
2018-02-13 00:00:00+00:00,0.002514402480279898
2018-02-14 00:00:00+00:00,0.01209316949558481
2018-02-15 00:00:00+00:00,0.009471031404604036
2018-02-16 00:00:00+00:00,0.0008767649255441157
2018-02-20 00:00:00+00:00,-0.009811711273483903
2018-02-21 00:00:00+00:00,-0.006989484299618209
2018-02-22 00:00:00+00:00,0.0007129029470085424
2018-02-23 00:00:00+00:00,0.01566934484876814
2018-02-26 00:00:00+00:00,0.011133018672454309
2018-02-27 00:00:00+00:00,-0.013697810224663987
2018-02-28 00:00:00+00:00,-0.013448262217218065
2018-03-01 00:00:00+00:00,-0.011581915873367765
2018-03-02 00:00:00+00:00,0.004416631858692899
2018-03-05 00:00:00+00:00,0.011935909991460658
2018-03-06 00:00:00+00:00,0.002394249507875923
2018-03-07 00:00:00+00:00,-0.003715789741801756
2018-03-08 00:00:00+00:00,0.0034634019046797526
2018-03-09 00:00:00+00:00,0.016194713702712527
2018-03-12 00:00:00+00:00,-0.001916243571733034
2018-03-13 00:00:00+00:00,-0.0055838475940327426
2018-03-14 00:00:00+00:00,-0.0074582156259138666
2018-03-15 00:00:00+00:00,-0.0015032245650205
2018-03-16 00:00:00+00:00,0.002479192189712487
2018-03-19 00:00:00+00:00,-0.011216187119887588
2018-03-20 00:00:00+00:00,-0.0007141126262073527
2018-03-21 00:00:00+00:00,0.0014299015123371284
2018-03-22 00:00:00+00:00,-0.023420485320123197
2018-03-23 00:00:00+00:00,-0.0200385536644081
2018-03-26 00:00:00+00:00,0.022887687968719206
2018-03-27 00:00:00+00:00,-0.009720680189295727
2018-03-28 00:00:00+00:00,0.000833463900621112
2018-03-29 00:00:00+00:00,0.011658018304741224
2018-04-02 00:00:00+00:00,-0.021126862728586326
2018-04-03 00:00:00+00:00,0.013547961328189029
2018-04-04 00:00:00+00:00,0.010232029135349263
2018-04-05 00:00:00+00:00,0.007664758407463834
2018-04-06 00:00:00+00:00,-0.020012559651948925
2018-04-09 00:00:00+00:00,0.003141865456184556
2018-04-10 00:00:00+00:00,0.015106896299798445
2018-04-11 00:00:00+00:00,-0.004809496758276133
2018-04-12 00:00:00+00:00,0.007112285431730925
2018-04-13 00:00:00+00:00,-0.0028067968625548056
2018-04-16 00:00:00+00:00,0.008716241181619955
2018-04-17 00:00:00+00:00,0.004230365581374684
2018-04-18 00:00:00+00:00,0.0
2018-04-19 00:00:00+00:00,-0.002419915275184037
2018-04-20 00:00:00+00:00,-0.005660493729578775
2018-04-23 00:00:00+00:00,0.0016264788951905196
2018-04-24 00:00:00+00:00,-0.006946275436766736
2018-04-25 00:00:00+00:00,0.0026343678755194055
2018-04-26 00:00:00+00:00,0.0036241577366395994
2018-04-27 00:00:00+00:00,0.0017152935347704013
2018-04-30 00:00:00+00:00,-0.009643075333491291
2018-05-01 00:00:00+00:00,-0.003093869411566641
2018-05-02 00:00:00+00:00,-0.009037047676403454
2018-05-03 00:00:00+00:00,-0.004882405252820132
2018-05-04 00:00:00+00:00,0.011201059499014843
2018-05-07 00:00:00+00:00,0.001281496750818123
2018-05-08 00:00:00+00:00,-0.0003658042914536086
2018-05-09 00:00:00+00:00,0.009237082733372093
2018-05-10 00:00:00+00:00,0.009062409073958388
2018-05-11 00:00:00+00:00,0.002873677320422763
2018-05-14 00:00:00+00:00,0.001522276778115561
2018-05-15 00:00:00+00:00,-0.004112956064291184
2018-05-16 00:00:00+00:00,0.004937874889380911
2018-05-17 00:00:00+00:00,0.0009827387069143434
2018-05-18 00:00:00+00:00,-0.004908950765577735
2018-05-21 00:00:00+00:00,0.00744460111263856
2018-05-22 00:00:00+00:00,-0.001513548769458417
2018-05-23 00:00:00+00:00,-0.0016942684012806186
2018-05-24 00:00:00+00:00,-0.003572282953601902
2018-05-25 00:00:00+00:00,-0.0046614667391224884
2018-05-29 00:00:00+00:00,-0.014769333381279615
2018-05-30 00:00:00+00:00,0.01572221151425568
2018-05-31 00:00:00+00:00,-0.008639533536728417
2018-06-01 00:00:00+00:00,0.007352999592180387
2018-06-04 00:00:00+00:00,0.001892442617978718
2018-06-05 00:00:00+00:00,-0.000899336026312314
2018-06-06 00:00:00+00:00,0.00927253334839051
2018-06-07 00:00:00+00:00,0.004103131981246122
2018-06-08 00:00:00+00:00,0.00355341023885547
2018-06-11 00:00:00+00:00,0.0019473828955676176
2018-06-12 00:00:00+00:00,-0.0010602322072835735
2018-06-13 00:00:00+00:00,-0.004775866839786258
2018-06-14 00:00:00+00:00,-0.0002666126798268609
2018-06-15 00:00:00+00:00,-0.0007109136468030908
2018-06-18 00:00:00+00:00,-0.0035580701258587366
2018-06-19 00:00:00+00:00,-0.0022319684682573504
2018-06-20 00:00:00+00:00,-8.939362574511556e-05
2018-06-21 00:00:00+00:00,-0.0055475498328368955
2018-06-22 00:00:00+00:00,0.004948620230678102
2018-06-25 00:00:00+00:00,-0.008416038810255655
2018-06-26 00:00:00+00:00,0.0003907479254430246
2018-06-27 00:00:00+00:00,-0.004088044311461259
2018-06-28 00:00:00+00:00,0.004104825018025782
2018-06-29 00:00:00+00:00,0.0004540351530835096
2018-07-02 00:00:00+00:00,-0.0009078226878690421
2018-07-03 00:00:00+00:00,9.079890191765472e-05
2018-07-05 00:00:00+00:00,0.005998109940984486
2018-07-06 00:00:00+00:00,0.005871606864414902
2018-07-09 00:00:00+00:00,0.009429568149173395
2018-07-10 00:00:00+00:00,0.003736528335823275
2018-07-11 00:00:00+00:00,-0.00842020888669226
2018-07-12 00:00:00+00:00,0.0037543919990077335
2018-07-13 00:00:00+00:00,0.000534070572816292
2018-07-16 00:00:00+00:00,0.0009792113889717236
2018-07-17 00:00:00+00:00,0.0013337623494835693
2018-07-18 00:00:00+00:00,0.0034634043739163456
2018-07-19 00:00:00+00:00,-0.0031858927457255604
2018-07-20 00:00:00+00:00,-0.0023085623709078185
2018-07-23 00:00:00+00:00,0.002046881121712696
2018-07-24 00:00:00+00:00,0.004528912577573596
2018-07-25 00:00:00+00:00,0.004685371479935974
2018-07-26 00:00:00+00:00,0.004575454999152795
2018-07-27 00:00:00+00:00,-0.001314023646237561
2018-07-30 00:00:00+00:00,0.002192920960392142
2018-07-31 00:00:00+00:00,0.0021874884569696995
2018-08-01 00:00:00+00:00,-0.005588354746949742
2018-08-02 00:00:00+00:00,0.0007902787442617409
2018-08-03 00:00:00+00:00,0.006668592589119227
2018-08-06 00:00:00+00:00,0.002353192137068305
2018-08-07 00:00:00+00:00,0.0033913467493345006
2018-08-08 00:00:00+00:00,-0.001820010206060818
2018-08-09 00:00:00+00:00,-0.0028651409139904827
2018-08-10 00:00:00+00:00,-0.006094936785230209
2018-08-13 00:00:00+00:00,-0.005957031358484688
2018-08-14 00:00:00+00:00,0.006962196484026517
2018-08-15 00:00:00+00:00,-0.006739025984779268
2018-08-16 00:00:00+00:00,0.011190513435256344
2018-08-17 00:00:00+00:00,0.004966955628971759
2018-08-20 00:00:00+00:00,0.004075202242386222
2018-08-21 00:00:00+00:00,0.0023315270673178734
2018-08-22 00:00:00+00:00,-0.002756863636853124
2018-08-23 00:00:00+00:00,-0.0025917828877692894
2018-08-24 00:00:00+00:00,0.003984351935370389
2018-08-27 00:00:00+00:00,0.006643328719194264
2018-08-28 00:00:00+00:00,-0.000600066201352667
2018-08-29 00:00:00+00:00,0.0022295785472039586
2018-08-30 00:00:00+00:00,-0.005818465729295008
2018-08-31 00:00:00+00:00,-0.0012049600668422311
2018-09-04 00:00:00+00:00,-0.001120246911691658
2018-09-05 00:00:00+00:00,0.004399515205538718
2018-09-06 00:00:00+00:00,-0.002834069766193492
2018-09-07 00:00:00+00:00,-0.002153476909902974
2018-09-10 00:00:00+00:00,0.00207157423457649
2018-09-11 00:00:00+00:00,0.0006893312971467669
2018-09-12 00:00:00+00:00,0.0012910892929487439
2018-09-13 00:00:00+00:00,0.0026650494936093505
2018-09-14 00:00:00+00:00,0.001285841961270462
2018-09-17 00:00:00+00:00,8.59384725522272e-05
2018-09-18 00:00:00+00:00,0.003767395713357047
2018-09-19 00:00:00+00:00,0.003497434447249148
2018-09-20 00:00:00+00:00,0.006460399744500522
2018-09-21 00:00:00+00:00,0.0010978592624140138
2018-09-24 00:00:00+00:00,-0.0074242592590610945
2018-09-25 00:00:00+00:00,-0.003229964064205393
2018-09-26 00:00:00+00:00,-0.0050346623495940435
2018-09-27 00:00:00+00:00,-0.0004311488844662703
2018-09-28 00:00:00+00:00,-0.0009487968871819685
2018-10-01 00:00:00+00:00,0.003971054306989519
2018-10-02 00:00:00+00:00,0.0018919605728888733
2018-10-03 00:00:00+00:00,0.0008578311755786938
2018-10-04 00:00:00+00:00,-0.0003430700203362891
2018-10-05 00:00:00+00:00,-0.0030876084270167192
2018-10-08 00:00:00+00:00,0.004990433736472566
2018-10-09 00:00:00+00:00,-0.003082023091889985
2018-10-10 00:00:00+00:00,-0.023445785135790875
2018-10-11 00:00:00+00:00,-0.027614215706383005
2018-10-12 00:00:00+00:00,0.005336247177464504
2018-10-15 00:00:00+00:00,-0.0009896003662234198
2018-10-16 00:00:00+00:00,0.015038240256513014
2018-10-17 00:00:00+00:00,0.0010644200193088427
2018-10-18 00:00:00+00:00,-0.008596163463887252
2018-10-19 00:00:00+00:00,0.0008939710562985148
2018-10-22 00:00:00+00:00,-0.009734986059157014
2018-10-23 00:00:00+00:00,-0.00613248510002895
2018-10-24 00:00:00+00:00,-0.023684302562362647
2018-10-25 00:00:00+00:00,0.009759016733031034
2018-10-26 00:00:00+00:00,-0.013714920396783126
2018-10-29 00:00:00+00:00,0.002986706261947969
2018-10-30 00:00:00+00:00,0.016283495048011742
2018-10-31 00:00:00+00:00,0.003937030920351914
2018-11-01 00:00:00+00:00,0.007387147688505458
2018-11-02 00:00:00+00:00,-0.0018106017621777326
2018-11-05 00:00:00+00:00,0.011880912382201458
2018-11-06 00:00:00+00:00,0.006095123408936587
2018-11-07 00:00:00+00:00,0.013986448755088476
2018-11-08 00:00:00+00:00,-0.0014937771810721312
2018-11-09 00:00:00+00:00,-0.0063349737090627745
2018-11-12 00:00:00+00:00,-0.013193991261896243
2018-11-13 00:00:00+00:00,-0.0017049856122647311
2018-11-14 00:00:00+00:00,-0.006561807153112054
2018-11-15 00:00:00+00:00,0.007781441737286121
2018-11-16 00:00:00+00:00,0.004399211306376438
2018-11-19 00:00:00+00:00,-0.004737821213999127
2018-11-20 00:00:00+00:00,-0.020747047037283473
2018-11-21 00:00:00+00:00,0.002476412386753113
2018-11-23 00:00:00+00:00,-0.007227655834794788
2018-11-26 00:00:00+00:00,0.012533180239092001
2018-11-27 00:00:00+00:00,0.0035496741282767807
2018-11-28 00:00:00+00:00,0.015146070498994302
2018-11-29 00:00:00+00:00,-0.0014296190190014046
2018-11-30 00:00:00+00:00,0.005726179623698258
2018-12-03 00:00:00+00:00,0.008273046254446692
2018-12-04 00:00:00+00:00,-0.028410046571463288
2018-12-06 00:00:00+00:00,-0.005902338897565529
2018-12-07 00:00:00+00:00,-0.017447824253650324
2018-12-10 00:00:00+00:00,-0.005020597602564014
2018-12-11 00:00:00+00:00,-0.001868716934695036
2018-12-12 00:00:00+00:00,0.002714708369694563
2018-12-13 00:00:00+00:00,-0.0011203385329113802
2018-12-14 00:00:00+00:00,-0.014674076297924832
2018-12-17 00:00:00+00:00,-0.018264968506730983
2018-12-18 00:00:00+00:00,-0.005740652298127258
2018-12-19 00:00:00+00:00,-0.012037919196061342
2018-12-20 00:00:00+00:00,-0.015056890503120535
2018-12-21 00:00:00+00:00,-0.015085889811104702
2018-12-24 00:00:00+00:00,-0.026243335941417034
2018-12-26 00:00:00+00:00,0.044567953629794044
2018-12-27 00:00:00+00:00,0.008432702922854585
2018-12-28 00:00:00+00:00,-0.0007963563802513285
2018-12-31 00:00:00+00:00,0.007671818570408551
2019-01-02 00:00:00+00:00,0.004053636372638225
2019-01-03 00:00:00+00:00,-0.023535219177573174
2019-01-04 00:00:00+00:00,0.03156527855429503
2019-01-07 00:00:00+00:00,0.007332002265845183
2019-01-08 00:00:00+00:00,0.007472850258180896
2019-01-09 00:00:00+00:00,0.004431054558597491
2019-01-10 00:00:00+00:00,0.00498719306315798
2019-01-11 00:00:00+00:00,0.0004767462270531819
2019-01-14 00:00:00+00:00,-0.0037196972863062783
2019-01-15 00:00:00+00:00,0.006702081448862529
2019-01-16 00:00:00+00:00,0.00627657208750354
2019-01-17 00:00:00+00:00,0.007182737429681341
2019-01-18 00:00:00+00:00,0.014919928005224348
2019-01-22 00:00:00+00:00,-0.013406108381812554
2019-01-23 00:00:00+00:00,0.0017802458490607798
2019-01-24 00:00:00+00:00,0.0018710178762173513
2019-01-25 00:00:00+00:00,0.01036438920837135
2019-01-28 00:00:00+00:00,-0.00480568683409055
2019-01-29 00:00:00+00:00,0.0015784657744446484
2019-01-30 00:00:00+00:00,0.011867422185560805
2019-01-31 00:00:00+00:00,0.005863996220064394
2019-02-01 00:00:00+00:00,0.0015485777064758732
2019-02-04 00:00:00+00:00,0.0056389497664459665
2019-02-05 00:00:00+00:00,0.0028037055915848264
2019-02-06 00:00:00+00:00,0.00018024062728572154
2019-02-07 00:00:00+00:00,-0.00946806344778095
2019-02-08 00:00:00+00:00,-0.0012744101518458173
2019-02-11 00:00:00+00:00,9.112216621676161e-05
2019-02-12 00:00:00+00:00,0.012759771289532651
2019-02-13 00:00:00+00:00,0.003959787970124307
2019-02-14 00:00:00+00:00,-0.00403362066588564
2019-02-15 00:00:00+00:00,0.013050253778183585
2019-02-19 00:00:00+00:00,0.0025761099563932355
2019-02-20 00:00:00+00:00,0.0033673259167696923
2019-02-21 00:00:00+00:00,-0.005033840202601336
2019-02-22 00:00:00+00:00,0.0034615022564212783
2019-02-25 00:00:00+00:00,0.0019460140288920513
2019-02-26 00:00:00+00:00,-0.0022070092060948454
2019-02-27 00:00:00+00:00,-0.0018582351773959171
2019-02-28 00:00:00+00:00,-0.00505258235127426
2019-03-01 00:00:00+00:00,0.005791104686021953
2019-03-04 00:00:00+00:00,-0.004783414454941459
2019-03-05 00:00:00+00:00,-0.0018690780989556455
2019-03-06 00:00:00+00:00,-0.007223108781046816
2019-03-07 00:00:00+00:00,-0.007455495054220718
2019-03-08 00:00:00+00:00,-0.0008144791986139932
2019-03-11 00:00:00+00:00,0.014491568148272682
2019-03-12 00:00:00+00:00,0.0034818296629695045
2019-03-13 00:00:00+00:00,0.006583731600646736
2019-03-14 00:00:00+00:00,0.0008838336837291294
2019-03-15 00:00:00+00:00,0.003973621006164274
2019-03-18 00:00:00+00:00,0.006245468698409695
2019-03-19 00:00:00+00:00,-0.0019233617678013903
2019-03-20 00:00:00+00:00,-0.008358277590860053
2019-03-21 00:00:00+00:00,0.010658160650302673
2019-03-22 00:00:00+00:00,-0.020037010735332483
2019-03-25 00:00:00+00:00,-0.003138758181499335
2019-03-26 00:00:00+00:00,0.00701695081199305
2019-03-27 00:00:00+00:00,-0.0033052653335088333
2019-03-28 00:00:00+00:00,0.004033409798898546
2019-03-29 00:00:00+00:00,0.006427292685222907
2019-04-01 00:00:00+00:00,0.01295018431253081
2019-04-02 00:00:00+00:00,-0.0006129959501623983
2019-04-03 00:00:00+00:00,0.002628547699933037
2019-04-04 00:00:00+00:00,0.004719121658415482
2019-04-05 00:00:00+00:00,0.005479550158869806
2019-04-08 00:00:00+00:00,0.001989704272626014
2019-04-09 00:00:00+00:00,-0.007079408250456054
2019-04-10 00:00:00+00:00,0.003304013205538414
2019-04-11 00:00:00+00:00,0.0003468361584053614
2019-04-12 00:00:00+00:00,0.006844114957775593
2019-04-15 00:00:00+00:00,-0.001118918334569008
2019-04-16 00:00:00+00:00,0.0030152341821414463
2019-04-17 00:00:00+00:00,-0.0005155244959661465
2019-04-18 00:00:00+00:00,0.0007734181905696413
2019-04-22 00:00:00+00:00,-0.0006007432909937993
2019-04-23 00:00:00+00:00,0.007130447217396085
2019-04-24 00:00:00+00:00,-0.0027298485283346885
2019-04-25 00:00:00+00:00,-0.005046524417647191
2019-04-26 00:00:00+00:00,0.004814283914635009
2019-04-29 00:00:00+00:00,0.0024809652181030373
2019-04-30 00:00:00+00:00,0.0016217800407603011
2019-05-01 00:00:00+00:00,-0.004345600270083794
2019-05-02 00:00:00+00:00,-0.002225162861802077
2019-05-03 00:00:00+00:00,0.007633767095059474
2019-05-06 00:00:00+00:00,-0.004596679292214523
2019-05-07 00:00:00+00:00,-0.016846199532210115
2019-05-08 00:00:00+00:00,-0.0022617036435053084
2019-05-09 00:00:00+00:00,-0.002615102653844348
2019-05-10 00:00:00+00:00,0.0041953525640403555
2019-05-13 00:00:00+00:00,-0.02585063149147704
2019-05-14 00:00:00+00:00,0.009024268496715449
2019-05-15 00:00:00+00:00,0.0023909016295862173
2019-05-16 00:00:00+00:00,0.006360294631676533
2019-05-17 00:00:00+00:00,-0.005705828455804696
2019-05-20 00:00:00+00:00,-0.00556163318545011
2019-05-21 00:00:00+00:00,0.009942978528240554
2019-05-22 00:00:00+00:00,-0.006241210230457317
2019-05-23 00:00:00+00:00,-0.011853099339845352
2019-05-24 00:00:00+00:00,0.002058830856928484
2019-05-28 00:00:00+00:00,-0.012953373843373583
2019-05-29 00:00:00+00:00,-0.0053398322725800584
2019-05-30 00:00:00+00:00,9.11821224138798e-05
2019-05-31 00:00:00+00:00,-0.012828729312161169
2019-06-03 00:00:00+00:00,0.006082968720164672
2019-06-04 00:00:00+00:00,0.02363493579726139
2019-06-05 00:00:00+00:00,0.005816987040869082
2019-06-06 00:00:00+00:00,0.006673303841576272
2019-06-07 00:00:00+00:00,0.006452317170986488
2019-06-10 00:00:00+00:00,0.0050054008291344765
2019-06-11 00:00:00+00:00,0.0014858045566019662
2019-06-12 00:00:00+00:00,-0.003490490893000353
2019-06-13 00:00:00+00:00,0.006654625290005045
2019-06-14 00:00:00+00:00,-0.0017397422876710422
2019-06-17 00:00:00+00:00,-0.0019626450533217765
2019-06-18 00:00:00+00:00,0.011237867800713008
2019-06-19 00:00:00+00:00,0.0010418348268064204
2019-06-20 00:00:00+00:00,0.00901983798431183
2019-06-21 00:00:00+00:00,-0.0006874033730872586
2019-06-24 00:00:00+00:00,-0.0034404458137579086
2019-06-25 00:00:00+00:00,-0.005955618349275271
2019-06-26 00:00:00+00:00,-8.675033032301549e-05
2019-06-27 00:00:00+00:00,0.004862662696893283
2019-06-28 00:00:00+00:00,0.007345302890596983
2019-07-01 00:00:00+00:00,0.007549247479640142
2019-07-02 00:00:00+00:00,0.0007661987845457574
2019-07-03 00:00:00+00:00,0.007401720047266691
2019-07-05 00:00:00+00:00,-0.00033750649158637014
2019-07-08 00:00:00+00:00,-0.005745149600588251
2019-07-09 00:00:00+00:00,0.00017001104358072006
2019-07-10 00:00:00+00:00,0.0019540810850133816
2019-07-11 00:00:00+00:00,0.0034763011633849317
2019-07-12 00:00:00+00:00,0.007097729050933976
2019-07-15 00:00:00+00:00,-0.0003356686474949022
2019-07-16 00:00:00+00:00,-0.002518026264558215
2019-07-17 00:00:00+00:00,-0.008582216853351365
2019-07-18 00:00:00+00:00,0.004837568991954866
2019-07-19 00:00:00+00:00,-0.004898588655657843
2019-07-22 00:00:00+00:00,0.0018673822413779462
2019-07-23 00:00:00+00:00,0.00847152426615061
2019-07-24 00:00:00+00:00,0.005880452827251359
2019-07-25 00:00:00+00:00,-0.004676668221494817
2019-07-26 00:00:00+00:00,0.0052020761121429615
2019-07-29 00:00:00+00:00,-0.000834714252808566
2019-07-30 00:00:00+00:00,-0.0006684031310724148
2019-07-31 00:00:00+00:00,-0.008443374428679706
2019-08-01 00:00:00+00:00,-0.013995424211603824
2019-08-02 00:00:00+00:00,-0.006583929125481336
2019-08-05 00:00:00+00:00,-0.02995368155285627
2019-08-06 00:00:00+00:00,0.012244983456668912
2019-08-07 00:00:00+00:00,-0.0008767995491143488
2019-08-08 00:00:00+00:00,0.017722580836338153
2019-08-09 00:00:00+00:00,-0.006810337474897565
2019-08-12 00:00:00+00:00,-0.013019696769349776
2019-08-13 00:00:00+00:00,0.01539007145690241
2019-08-14 00:00:00+00:00,-0.029966948438231222
2019-08-15 00:00:00+00:00,0.0008032456333830762
2019-08-16 00:00:00+00:00,0.01739676007942559
2019-08-19 00:00:00+00:00,0.011662587636098731
2019-08-20 00:00:00+00:00,-0.00866788887555403
2019-08-21 00:00:00+00:00,0.0076944645636476405
2019-08-22 00:00:00+00:00,0.0007809015373609896
2019-08-23 00:00:00+00:00,-0.026443312526307716
2019-08-26 00:00:00+00:00,0.010419320013130617
2019-08-27 00:00:00+00:00,-0.006786604994013623
2019-08-28 00:00:00+00:00,0.008962452713313418
2019-08-29 00:00:00+00:00,0.013456690999931853
2019-08-30 00:00:00+00:00,0.0019092783191905216
2019-09-03 00:00:00+00:00,-0.005889999629333342
2019-09-04 00:00:00+00:00,0.012285520128542116
2019-09-05 00:00:00+00:00,0.012910840014334735
2019-09-06 00:00:00+00:00,0.002209429448485567
2019-09-09 00:00:00+00:00,0.00864850892611213
2019-09-10 00:00:00+00:00,0.006388623261943893
2019-09-11 00:00:00+00:00,0.008185592583079382
2019-09-12 00:00:00+00:00,0.0011601795721809527
2019-09-13 00:00:00+00:00,0.000330719454564532
2019-09-16 00:00:00+00:00,-0.00198534300031461
2019-09-17 00:00:00+00:00,0.00033170753157851784
2019-09-18 00:00:00+00:00,0.000994426289369299
2019-09-19 00:00:00+00:00,-0.002731973865390258
2019-09-20 00:00:00+00:00,-0.003984272519631293
2019-09-23 00:00:00+00:00,0.0010001447199756708
2019-09-24 00:00:00+00:00,-0.0071528742564471726
2019-09-25 00:00:00+00:00,0.005905123581643412
2019-09-26 00:00:00+00:00,-0.0036901810521567935
2019-09-27 00:00:00+00:00,-0.0021883521663799144
2019-09-30 00:00:00+00:00,0.00506167219279563
2019-10-01 00:00:00+00:00,-0.012002692002314297
2019-10-02 00:00:00+00:00,-0.019539604408391087
2019-10-03 00:00:00+00:00,0.0057186982867665215
2019-10-04 00:00:00+00:00,0.013956940890192282
2019-10-07 00:00:00+00:00,-0.003738408487964584
2019-10-08 00:00:00+00:00,-0.015692995813926802
2019-10-09 00:00:00+00:00,0.008318134291247503
2019-10-10 00:00:00+00:00,0.008851075386815843
2019-10-11 00:00:00+00:00,0.012521288233757755
2019-10-14 00:00:00+00:00,-0.0007571171787448261
2019-10-15 00:00:00+00:00,0.009345051002434657
2019-10-16 00:00:00+00:00,-0.001418073383391616
2019-10-17 00:00:00+00:00,0.0033412865751916154
2019-10-18 00:00:00+00:00,-0.0003330598564608156
2019-10-21 00:00:00+00:00,0.008577611638025617
2019-10-22 00:00:00+00:00,0.0025595336496309073
2019-10-23 00:00:00+00:00,0.002223649965067187
2019-10-24 00:00:00+00:00,-0.0014789997633947172
2019-10-25 00:00:00+00:00,0.005513922741719801
2019-10-28 00:00:00+00:00,0.004419635785756437
2019-10-29 00:00:00+00:00,-0.0015481587889397685
2019-10-30 00:00:00+00:00,0.0009794553941093742
2019-10-31 00:00:00+00:00,-0.0030170383880389062
2019-11-01 00:00:00+00:00,0.013820913761566356
2019-11-04 00:00:00+00:00,0.006775768732564469
2019-11-05 00:00:00+00:00,0.0009615630402630693
2019-11-06 00:00:00+00:00,0.00032002550636356375
2019-11-07 00:00:00+00:00,0.005361261705342901
2019-11-08 00:00:00+00:00,0.0022285688423018257
2019-11-11 00:00:00+00:00,-0.0026999822923374772
2019-11-12 00:00:00+00:00,0.0004776585952512846
2019-11-13 00:00:00+00:00,7.974664072518678e-05
2019-11-14 00:00:00+00:00,0.000795933917130176
2019-11-15 00:00:00+00:00,0.007315943648048551
2019-11-18 00:00:00+00:00,0.0009474436264103048
2019-11-19 00:00:00+00:00,-0.0036281406742574296
2019-11-20 00:00:00+00:00,-0.004511825767219757
2019-11-21 00:00:00+00:00,-0.0006361761501384455
2019-11-22 00:00:00+00:00,0.0032621373671164466
2019-11-25 00:00:00+00:00,0.006979205693384616
2019-11-26 00:00:00+00:00,-0.0005512715031534832
2019-11-27 00:00:00+00:00,0.004176432707849509
2019-11-29 00:00:00+00:00,-0.003217338646825163
2019-12-02 00:00:00+00:00,-0.007243072586687327
2019-12-03 00:00:00+00:00,-0.009833343009739703
2019-12-04 00:00:00+00:00,0.00776861172553911
2019-12-05 00:00:00+00:00,0.003337944901872225
2019-12-06 00:00:00+00:00,0.010297060526644364
2019-12-09 00:00:00+00:00,-0.003371416113285286
2019-12-10 00:00:00+00:00,-0.0003933303778820285
2019-12-11 00:00:00+00:00,0.002597112639325383
2019-12-12 00:00:00+00:00,0.011695400126163102
2019-12-13 00:00:00+00:00,-0.0014741161286838667
2019-12-16 00:00:00+00:00,0.00780711309589055
2019-12-17 00:00:00+00:00,0.001007944021872209
2019-12-18 00:00:00+00:00,-0.0006197944727410754
2019-12-19 00:00:00+00:00,0.0024029559962239766
2019-12-20 00:00:00+00:00,0.004716953401925128
2019-12-23 00:00:00+00:00,0.0006158547801380365
2019-12-24 00:00:00+00:00,-0.0006923009812794811
2019-12-26 00:00:00+00:00,0.0026169618786380244
2019-12-27 00:00:00+00:00,-0.00038385861766621066
2019-12-30 00:00:00+00:00,-0.0039167003561149105
2019-12-31 00:00:00+00:00,0.003006849410130963
2020-01-02 00:00:00+00:00,0.003843602588151196
2020-01-03 00:00:00+00:00,-0.007121446679150822
2020-01-06 00:00:00+00:00,0.0016195720814375925
2020-01-07 00:00:00+00:00,-0.00377300319790852
2020-01-08 00:00:00+00:00,0.002627749196313145
2020-01-09 00:00:00+00:00,0.004471080753018608
2020-01-10 00:00:00+00:00,-0.0035300536076970923
2020-01-13 00:00:00+00:00,0.0036196194654791736
2020-01-14 00:00:00+00:00,0.0007675568743819028
2020-01-15 00:00:00+00:00,0.001687048570273797
2020-01-16 00:00:00+00:00,0.007195993972254566
2020-01-17 00:00:00+00:00,0.0015958614400677362
2020-01-21 00:00:00+00:00,-0.004021757142498084
2020-01-22 00:00:00+00:00,0.000533361811254407
2020-01-23 00:00:00+00:00,-7.61919515480658e-05
2020-01-24 00:00:00+00:00,-0.009976249591643227
2020-01-27 00:00:00+00:00,-0.013769580095261191
2020-01-28 00:00:00+00:00,0.006707978199462783
2020-01-29 00:00:00+00:00,-0.004648433879465674
2020-01-30 00:00:00+00:00,0.003735964540680037
2020-01-31 00:00:00+00:00,-0.018146503361847754
2020-02-03 00:00:00+00:00,0.0035543227903194197
2020-02-04 00:00:00+00:00,0.012198825694100357
2020-02-05 00:00:00+00:00,0.017883625773549294
2020-02-06 00:00:00+00:00,0.00015279440541515754
2020-02-07 00:00:00+00:00,-0.0058047664571609925
2020-02-10 00:00:00+00:00,0.0031497902489421303
2020-02-11 00:00:00+00:00,0.004518391369958907
2020-02-12 00:00:00+00:00,0.004726571480591524
2020-02-13 00:00:00+00:00,-0.001821024773336677
2020-02-14 00:00:00+00:00,-0.000912239904015899
2020-02-18 00:00:00+00:00,-0.003728087132667368
2020-02-19 00:00:00+00:00,0.002978307566114502
2020-02-20 00:00:00+00:00,-0.0010661404299174837
2020-02-21 00:00:00+00:00,-0.0042683804932727165
2020-02-24 00:00:00+00:00,-0.03077402557370046
2020-02-25 00:00:00+00:00,-0.03175106682137885
2020-02-26 00:00:00+00:00,-0.00897304117244524
2020-02-27 00:00:00+00:00,-0.04280194684296157
2020-02-28 00:00:00+00:00,-0.014274510369708948
2020-03-02 00:00:00+00:00,0.04510171000139951
2020-03-03 00:00:00+00:00,-0.028380491429205845
2020-03-04 00:00:00+00:00,0.04226782298482634
2020-03-05 00:00:00+00:00,-0.03313560172942409
2020-03-06 00:00:00+00:00,-0.01781742951074572
2020-03-09 00:00:00+00:00,-0.0816770272547761
2020-03-10 00:00:00+00:00,0.04612482259826578
2020-03-11 00:00:00+00:00,-0.051680505838569646
2020-03-12 00:00:00+00:00,-0.10118146432507902
2020-03-13 00:00:00+00:00,0.09073559169622869
2020-03-16 00:00:00+00:00,-0.11185601679413426
2020-03-17 00:00:00+00:00,0.055476304875279325
2020-03-18 00:00:00+00:00,-0.05401199267984691
2020-03-19 00:00:00+00:00,-0.006465880483630504
2020-03-20 00:00:00+00:00,-0.043569086846988236
2020-03-23 00:00:00+00:00,-0.04313233417425766
2020-03-24 00:00:00+00:00,0.09690223624109873
2020-03-25 00:00:00+00:00,0.022752817457627472
2020-03-26 00:00:00+00:00,0.0616867260854308
2020-03-27 00:00:00+00:00,-0.027264201429454182
2020-03-30 00:00:00+00:00,0.02865842899702864
2020-03-31 00:00:00+00:00,-0.01775701950438957
2020-04-01 00:00:00+00:00,-0.04477906152689981
2020-04-02 00:00:00+00:00,0.02425467479171317
2020-04-03 00:00:00+00:00,-0.015185207390934319
2020-04-06 00:00:00+00:00,0.06286382685130976
2020-04-07 00:00:00+00:00,0.0037537208424014423
2020-04-08 00:00:00+00:00,0.04042854065798229
2020-04-09 00:00:00+00:00,0.02224599885964107
2020-04-13 00:00:00+00:00,-0.01967110587737675
2020-04-14 00:00:00+00:00,0.021422839943244787
2020-04-15 00:00:00+00:00,-0.028091400622003437
2020-04-16 00:00:00+00:00,-0.0009764691895559618
2020-04-17 00:00:00+00:00,0.0363601076418647
2020-04-20 00:00:00+00:00,-0.020560065447494447
2020-04-21 00:00:00+00:00,-0.026673337460887292
2020-04-22 00:00:00+00:00,0.015334593311072231
2020-04-23 00:00:00+00:00,0.0006817593677999056
2020-04-24 00:00:00+00:00,0.012560952915693369
2020-04-27 00:00:00+00:00,0.02115609307521793
2020-04-28 00:00:00+00:00,0.0042374508849816195
2020-04-29 00:00:00+00:00,0.0193176318499102
2020-04-30 00:00:00+00:00,-0.02033148055088274
2020-05-01 00:00:00+00:00,-0.027702111610564684
2020-05-04 00:00:00+00:00,-0.0005794205510132322
2020-05-05 00:00:00+00:00,0.0050252534656307635
2020-05-06 00:00:00+00:00,-0.015672991672867065
2020-05-07 00:00:00+00:00,0.0093776976424218
2020-05-08 00:00:00+00:00,0.02187148151795193
2020-05-11 00:00:00+00:00,-0.007102960616662601
2020-05-12 00:00:00+00:00,-0.019744448143896864
2020-05-13 00:00:00+00:00,-0.022963884031930615
2020-05-14 00:00:00+00:00,0.014540434025069215
2020-05-15 00:00:00+00:00,0.0004907376978529054
2020-05-18 00:00:00+00:00,0.04062016900183063
2020-05-19 00:00:00+00:00,-0.01668857267381152
2020-05-20 00:00:00+00:00,0.01572531441329117
2020-05-21 00:00:00+00:00,-0.006324732664801158
2020-05-22 00:00:00+00:00,0.0
2020-05-26 00:00:00+00:00,0.02489058156123347
2020-05-27 00:00:00+00:00,0.023081234192832367
2020-05-28 00:00:00+00:00,-0.003986661646333101
2020-05-29 00:00:00+00:00,0.0
2020-06-01 00:00:00+00:00,0.003092946979638578
2020-06-02 00:00:00+00:00,0.009794052169031842
2020-06-03 00:00:00+00:00,0.01984730924737943
2020-06-04 00:00:00+00:00,0.004050974997483525
2020-06-05 00:00:00+00:00,0.0300821659961521
2020-06-08 00:00:00+00:00,0.018901584122091197
2020-06-09 00:00:00+00:00,-0.019219347210382987
2020-06-10 00:00:00+00:00,-0.020618777279592493
2020-06-11 00:00:00+00:00,-0.06515852511545728
2020-06-12 00:00:00+00:00,0.016098934240061258
2020-06-15 00:00:00+00:00,0.00799548965464525
2020-06-16 00:00:00+00:00,0.018550358295179148
2020-06-17 00:00:00+00:00,-0.01076594025240718
2020-06-18 00:00:00+00:00,-0.00018131484182226654
2020-06-19 00:00:00+00:00,-0.008164005819684239
2020-06-22 00:00:00+00:00,-0.0009147533646340911
2020-06-23 00:00:00+00:00,0.0016476222655126271
2020-06-24 00:00:00+00:00,-0.027965472347458276
2020-06-25 00:00:00+00:00,0.010812584247543056
2020-06-26 00:00:00+00:00,-0.021300468989911114
2020-06-29 00:00:00+00:00,0.016631687457128397
2020-06-30 00:00:00+00:00,0.011591775682640693
2020-07-01 00:00:00+00:00,-0.00018443158709979812
2020-07-02 00:00:00+00:00,0.004436405839617796
2020-07-06 00:00:00+00:00,0.009386317741655326
2020-07-07 00:00:00+00:00,-0.012763330823701402
2020-07-08 00:00:00+00:00,0.001662553547406409
2020-07-09 00:00:00+00:00,-0.01567275474774832
2020-07-10 00:00:00+00:00,0.01770157914255499
2020-07-13 00:00:00+00:00,0.0019327107329785154
2020-07-14 00:00:00+00:00,0.015431148798007888
2020-07-15 00:00:00+00:00,0.013387787589460798
2020-07-16 00:00:00+00:00,-0.00017868072298599103
2020-07-17 00:00:00+00:00,0.003213983769508877
2020-07-20 00:00:00+00:00,-0.00800910299823987
2020-07-21 00:00:00+00:00,0.012739019786293326
2020-07-22 00:00:00+00:00,0.004605959841899709
2020-07-23 00:00:00+00:00,-0.00035263345449143557
2020-07-24 00:00:00+00:00,-0.007232864910907244
2020-07-27 00:00:00+00:00,0.00044414073493426187
2020-07-28 00:00:00+00:00,-0.0006217962525383314
2020-07-29 00:00:00+00:00,0.011197306953952157
2020-07-30 00:00:00+00:00,-0.010985243624671903
2020-07-31 00:00:00+00:00,-0.0025768725933384973
2020-08-03 00:00:00+00:00,0.002583530021043723
2020-08-04 00:00:00+00:00,0.005420436926141248
2020-08-05 00:00:00+00:00,0.005390909824843471
2020-08-06 00:00:00+00:00,8.794388483868154e-05
2020-08-07 00:00:00+00:00,0.011865856049730894
2020-08-10 00:00:00+00:00,0.009642261233885785
2020-08-11 00:00:00+00:00,-0.00258121271812084
2020-08-12 00:00:00+00:00,0.00733204060004411
2020-08-13 00:00:00+00:00,-0.007706947407410514
2020-08-14 00:00:00+00:00,0.002589232451465806
2020-08-17 00:00:00+00:00,-0.0025825456404859892
2020-08-18 00:00:00+00:00,-0.003969552130174692
2020-08-19 00:00:00+00:00,-0.003985073894278712
2020-08-20 00:00:00+00:00,-0.00539350710597708
2020-08-21 00:00:00+00:00,-8.742249348381304e-05
2020-08-24 00:00:00+00:00,0.013557093234865425
2020-08-25 00:00:00+00:00,-0.0010353512069549708
2020-08-26 00:00:00+00:00,-0.0029372420002697908
2020-08-27 00:00:00+00:00,0.007451192299676279
2020-08-28 00:00:00+00:00,0.006965892751803482
2020-08-31 00:00:00+00:00,-0.007515510220708621
2020-09-01 00:00:00+00:00,-0.00025804715572841364
2020-09-02 00:00:00+00:00,0.0175588500116719
2020-09-03 00:00:00+00:00,-0.01920160163251161
2020-09-04 00:00:00+00:00,8.62828594199172e-05
2020-09-08 00:00:00+00:00,-0.018540675851310806
2020-09-09 00:00:00+00:00,0.011598044600182433
2020-09-10 00:00:00+00:00,-0.015113416808678837
2020-09-11 00:00:00+00:00,0.006085500114882292
2020-09-14 00:00:00+00:00,0.012622508139536581
2020-09-15 00:00:00+00:00,-0.0019043942227213728
2020-09-16 00:00:00+00:00,0.007025174587685479
2020-09-17 00:00:00+00:00,-0.005081448663709853
2020-09-18 00:00:00+00:00,-0.007964067527291063
2020-09-21 00:00:00+00:00,-0.021989427470710643
2020-09-22 00:00:00+00:00,0.0004461568975870911
2020-09-23 00:00:00+00:00,-0.018440145427741084
2020-09-24 00:00:00+00:00,0.0010980567750971115
2020-09-25 00:00:00+00:00,0.011608725403161824
2020-09-28 00:00:00+00:00,0.015631821556651992
2020-09-29 00:00:00+00:00,-0.007739916064714136
2020-09-30 00:00:00+00:00,0.008248679071596321
2020-10-01 00:00:00+00:00,0.001067254519487193
2020-10-02 00:00:00+00:00,0.0021320055842979357
2020-10-05 00:00:00+00:00,0.015690156130898192
2020-10-06 00:00:00+00:00,-0.009600043451398976
2020-10-07 00:00:00+00:00,0.01621409637066673
2020-10-08 00:00:00+00:00,0.012573418949053172
2020-10-09 00:00:00+00:00,0.0016272730613686726
2020-10-12 00:00:00+00:00,0.0072674900909157625
2020-10-13 00:00:00+00:00,-0.010270712035411966
2020-10-14 00:00:00+00:00,-0.004974274143298096
2020-10-15 00:00:00+00:00,0.0026719116093354423
2020-10-16 00:00:00+00:00,0.00283674674244061
2020-10-19 00:00:00+00:00,-0.013457956471397692
2020-10-20 00:00:00+00:00,0.0037362757674863634
2020-10-21 00:00:00+00:00,-0.0032895396516697817
2020-10-22 00:00:00+00:00,0.013462035900544178
2020-10-23 00:00:00+00:00,0.0018852321867022237
2020-10-26 00:00:00+00:00,-0.019416728904459335
2020-10-27 00:00:00+00:00,-0.012735395807075944
2020-10-28 00:00:00+00:00,-0.02871528152806968
2020-10-29 00:00:00+00:00,0.004730344690722754
2020-10-30 00:00:00+00:00,-0.0005435607898790495
2020-11-02 00:00:00+00:00,0.01965758651812255
2020-11-03 00:00:00+00:00,0.017413143892617944
2020-11-04 00:00:00+00:00,0.003231002334795452
2020-11-05 00:00:00+00:00,0.01462244896592546
2020-11-06 00:00:00+00:00,-0.003602671933405799
2020-11-09 00:00:00+00:00,0.041497913357931626
2020-11-10 00:00:00+00:00,0.01306114580482376
2020-11-11 00:00:00+00:00,-0.0031009067016597447
2020-11-12 00:00:00+00:00,-0.012768979955921633
2020-11-13 00:00:00+00:00,0.019484059209006643
2020-11-16 00:00:00+00:00,0.016834882939202656
2020-11-17 00:00:00+00:00,-0.005198717837394673
2020-11-18 00:00:00+00:00,-0.012622786252915685
2020-11-19 00:00:00+00:00,0.0014658694445539577
2020-11-20 00:00:00+00:00,-0.004471798242294267
2020-11-23 00:00:00+00:00,0.013394107634326469
2020-11-24 00:00:00+00:00,0.021195907648085432
2020-11-25 00:00:00+00:00,-0.006076666070498393
2020-11-27 00:00:00+00:00,-0.0003970170168186016
2020-11-30 00:00:00+00:00,-0.009929299643629208
2020-12-01 00:00:00+00:00,0.008183511812828392
2020-12-02 00:00:00+00:00,0.006446020918512652
2020-12-03 00:00:00+00:00,0.0023720517913408123
2020-12-04 00:00:00+00:00,0.011122523830608078
2020-12-07 00:00:00+00:00,-0.0057732890794756075
2020-12-08 00:00:00+00:00,0.004707995099488604
2020-12-09 00:00:00+00:00,-0.001015087577007856
2020-12-10 00:00:00+00:00,-0.002423808783561743
2020-12-11 00:00:00+00:00,-0.0033698349658497495
2020-12-14 00:00:00+00:00,-0.010752443139724677
2020-12-15 00:00:00+00:00,0.014156488207524465
2020-12-16 00:00:00+00:00,-0.0033910406575121677
2020-12-17 00:00:00+00:00,0.005855851131490342
2020-12-18 00:00:00+00:00,-0.0059003635558639855
2020-12-21 00:00:00+00:00,-0.003956878163653532
2020-12-22 00:00:00+00:00,-0.007945329501458986
2020-12-23 00:00:00+00:00,0.007448277401280512
2020-12-24 00:00:00+00:00,0.002623373384900596
2020-12-28 00:00:00+00:00,0.004440271730025147
2020-12-29 00:00:00+00:00,-0.0018157002236208752
2020-12-30 00:00:00+00:00,0.004270521549202266
2020-12-31 00:00:00+00:00,0.008110931781038389
2021-01-04 00:00:00+00:00,-0.013279270772623364
2021-01-05 00:00:00+00:00,0.007045541109515607
2021-01-06 00:00:00+00:00,0.022875624270305872
2021-01-07 00:00:00+00:00,0.007839040390404506
2021-01-08 00:00:00+00:00,0.0006098298507986044
2021-01-11 00:00:00+00:00,0.0003812917509287139
2021-01-12 00:00:00+00:00,0.004037278437202474
2021-01-13 00:00:00+00:00,-0.0005310338968257389
2021-01-14 00:00:00+00:00,0.003416082249116714
2021-01-15 00:00:00+00:00,-0.00915414984398244
2021-01-19 00:00:00+00:00,0.0034357754104115124
2021-01-20 00:00:00+00:00,0.00426133085326752
2021-01-21 00:00:00+00:00,-0.005303996833334823
2021-01-22 00:00:00+00:00,-0.0076172366569895456
2021-01-25 00:00:00+00:00,-0.0005372947369766123
2021-01-26 00:00:00+00:00,-0.003916876098501665
2021-01-27 00:00:00+00:00,-0.02274472242457881
2021-01-28 00:00:00+00:00,0.012071060429437175
2021-01-29 00:00:00+00:00,-0.017929608292672317
2021-02-01 00:00:00+00:00,0.008652149013211874
2021-02-02 00:00:00+00:00,0.014322695102559013
2021-02-03 00:00:00+00:00,0.004112356918330118
2021-02-04 00:00:00+00:00,0.013212625269103162
2021-02-05 00:00:00+00:00,0.0048807608313807815
2021-02-08 00:00:00+00:00,0.01047267161220411
2021-02-09 00:00:00+00:00,-0.0006006240926511586
2021-02-10 00:00:00+00:00,0.0012019701175136621
2021-02-11 00:00:00+00:00,-0.0006753841881280698
2021-02-12 00:00:00+00:00,0.004732096923371287
2021-02-16 00:00:00+00:00,0.002093044081902695
2021-02-17 00:00:00+00:00,0.0031331036670445567
2021-02-18 00:00:00+00:00,-0.004090375177879801
2021-02-19 00:00:00+00:00,0.0031363997660547316
2021-02-22 00:00:00+00:00,0.0065506807857300675
2021-02-23 00:00:00+00:00,0.00384551659348209
2021-02-24 00:00:00+00:00,0.014808021665805748
2021-02-25 00:00:00+00:00,-0.018657206382817426
2021-02-26 00:00:00+00:00,-0.013093671416241182
2021-03-01 00:00:00+00:00,0.02166273229539306
2021-03-02 00:00:00+00:00,-0.0024947643172967826
2021-03-03 00:00:00+00:00,-0.00014716197659470076
2021-03-04 00:00:00+00:00,-0.010224981594233129
2021-03-05 00:00:00+00:00,0.021181909292878
2021-03-08 00:00:00+00:00,0.011717402689912948
2021-03-09 00:00:00+00:00,-0.0025899403163485157
2021-03-10 00:00:00+00:00,0.013343328804365395
2021-03-11 00:00:00+00:00,0.0004981512529429466
2021-03-12 00:00:00+00:00,0.009247836133631004
2021-03-15 00:00:00+00:00,0.00373580858948519
2021-03-16 00:00:00+00:00,-0.006671171231640516
2021-03-17 00:00:00+00:00,0.004595301772885474
2021-03-18 00:00:00+00:00,-0.0056297976236001634
2021-03-19 00:00:00+00:00,-0.005095871298629762
2021-03-22 00:00:00+00:00,-7.083044955091822e-05
2021-03-23 00:00:00+00:00,-0.012733944404070607
2021-03-24 00:00:00+00:00,0.000936656549959558
2021-03-25 00:00:00+00:00,0.012711440418700981
2021-03-26 00:00:00+00:00,0.01607348500056882
2021-03-29 00:00:00+00:00,-0.0026011696406971208
2021-03-30 00:00:00+00:00,0.0004934384603576536
2021-03-31 00:00:00+00:00,-0.004861902989715339
2021-04-01 00:00:00+00:00,0.0066555877871514735
2021-04-05 00:00:00+00:00,0.009283830511227942
2021-04-06 00:00:00+00:00,-0.0006968224824106528
2021-04-07 00:00:00+00:00,-0.0009763968069077533
2021-04-08 00:00:00+00:00,-0.0003486408788866413
2021-04-09 00:00:00+00:00,0.005656115008026097
2021-04-12 00:00:00+00:00,0.00013876733050754986
2021-04-13 00:00:00+00:00,-0.003749250061949483
2021-04-14 00:00:00+00:00,0.004042018136472425
2021-04-15 00:00:00+00:00,0.00485847281937879
2021-04-16 00:00:00+00:00,0.005663449223344275
2021-04-19 00:00:00+00:00,-0.003502607853078543
2021-04-20 00:00:00+00:00,-0.008615176358934273
2021-04-21 00:00:00+00:00,0.011471213587348483
2021-04-22 00:00:00+00:00,-0.007766831427496901
2021-04-23 00:00:00+00:00,0.008104391163982427
2021-04-26 00:00:00+00:00,-0.00048076258379792236
2021-04-27 00:00:00+00:00,0.0020625312898805426
2021-04-28 00:00:00+00:00,0.0012346932087814455
2021-04-29 00:00:00+00:00,0.009250401643578599
2021-04-30 00:00:00+00:00,-0.006110601999505749
2021-05-03 00:00:00+00:00,0.007514302920459182
2021-05-04 00:00:00+00:00,0.0016951579378892134
2021-05-05 00:00:00+00:00,0.00263965992619708
2021-05-06 00:00:00+00:00,0.008911037214871964
2021-05-07 00:00:00+00:00,0.00796255052323791
2021-05-10 00:00:00+00:00,-0.00019877919716770887
2021-05-11 00:00:00+00:00,-0.013545156659270696
2021-05-12 00:00:00+00:00,-0.017365738787614382
2021-05-13 00:00:00+00:00,0.013631112421121916
2021-05-14 00:00:00+00:00,0.012434556843239575
2021-05-17 00:00:00+00:00,-0.0006678788099027111
2021-05-18 00:00:00+00:00,-0.00854887045931596
2021-05-19 00:00:00+00:00,-0.0063328720573724295
2021-05-20 00:00:00+00:00,0.005220392832239407
2021-05-21 00:00:00+00:00,0.0035744366598875477
2021-05-24 00:00:00+00:00,0.0051075164657155
2021-05-25 00:00:00+00:00,-0.005616296995039738
2021-05-26 00:00:00+00:00,0.0020841696672366794
2021-05-27 00:00:00+00:00,0.00463004930361488
2021-05-28 00:00:00+00:00,0.0009349550664818906
2021-06-01 00:00:00+00:00,0.003202888331029774
2021-06-02 00:00:00+00:00,0.0021953210420846414
2021-06-03 00:00:00+00:00,0.00013297935015854634
2021-06-04 00:00:00+00:00,0.0037161944956562998
2021-06-07 00:00:00+00:00,-0.00271087142163573
2021-06-08 00:00:00+00:00,-0.0013260528585070652
2021-06-09 00:00:00+00:00,-0.0031864159392407387
2021-06-10 00:00:00+00:00,-0.0005879972444525761
2021-06-11 00:00:00+00:00,0.001671516573431564
2021-06-14 00:00:00+00:00,-0.00460609668090195
2021-06-15 00:00:00+00:00,0.0010730359380031196
2021-06-16 00:00:00+00:00,-0.006766899725064057
2021-06-17 00:00:00+00:00,-0.01288355173945277
2021-06-18 00:00:00+00:00,-0.0187233495808522
2021-06-21 00:00:00+00:00,0.019498519982668494
2021-06-22 00:00:00+00:00,0.0006830160099642324
2021-06-23 00:00:00+00:00,-0.0023893268759251907
2021-06-24 00:00:00+00:00,0.0070477349859821015
2021-06-25 00:00:00+00:00,0.007066065485795248
2021-06-28 00:00:00+00:00,-0.006071550725706865
2021-06-29 00:00:00+00:00,-0.002851094961132783
2021-06-30 00:00:00+00:00,0.005036999894140193
2021-07-01 00:00:00+00:00,0.005960746078082613
2021-07-02 00:00:00+00:00,0.0023564895803638297
2021-07-06 00:00:00+00:00,-0.009739809986505255
2021-07-07 00:00:00+00:00,0.0016281248917850988
2021-07-08 00:00:00+00:00,-0.00948153902203619
2021-07-09 00:00:00+00:00,0.015315240906932148
2021-07-12 00:00:00+00:00,0.00410753565559685
2021-07-13 00:00:00+00:00,-0.0069074900499963565
2021-07-14 00:00:00+00:00,-0.00033734909601246255
2021-07-15 00:00:00+00:00,-0.0005407374105836915
2021-07-16 00:00:00+00:00,-0.008854056170320979
2021-07-19 00:00:00+00:00,-0.019708402729522123
2021-07-20 00:00:00+00:00,0.017113228575383443
2021-07-21 00:00:00+00:00,0.010601022686352213
2021-07-22 00:00:00+00:00,-0.004804950261809382
2021-07-23 00:00:00+00:00,0.005780259400168353
2021-07-26 00:00:00+00:00,0.0042597584625592155
2021-07-27 00:00:00+00:00,0.0005385768730008511
2021-07-28 00:00:00+00:00,-0.002085918671505982
2021-07-29 00:00:00+00:00,0.007349660737260955
2021-07-30 00:00:00+00:00,-0.003882430639544854
2021-08-02 00:00:00+00:00,-0.003426911444545988
2021-08-03 00:00:00+00:00,0.009035380459943232
2021-08-04 00:00:00+00:00,-0.010625210967352472
2021-08-05 00:00:00+00:00,0.006484103942309805
2021-08-06 00:00:00+00:00,0.007248046598074209
2021-08-09 00:00:00+00:00,-0.0017989726121966365
2021-08-10 00:00:00+00:00,0.00694143937874081
2021-08-11 00:00:00+00:00,0.006164537925455127
2021-08-12 00:00:00+00:00,6.604274952737299e-05
2021-08-13 00:00:00+00:00,-0.0005267532609367631
2021-08-16 00:00:00+00:00,0.0007906573616363044
2021-08-17 00:00:00+00:00,-0.004610040627876288
2021-08-18 00:00:00+00:00,-0.011181688730626194
2021-08-19 00:00:00+00:00,-0.004081876526842554
2021-08-20 00:00:00+00:00,0.004905015970846138
2021-08-23 00:00:00+00:00,0.006417758765533854
2021-08-24 00:00:00+00:00,0.0027906342674173246
2021-08-25 00:00:00+00:00,0.004372026397570172
2021-08-26 00:00:00+00:00,-0.007189092742096781
2021-08-27 00:00:00+00:00,0.008835967109696252
2021-08-30 00:00:00+00:00,-0.0035562439530982815
2021-08-31 00:00:00+00:00,-0.0003966226722079691
2021-09-01 00:00:00+00:00,-0.0014543403303410862
2021-09-02 00:00:00+00:00,0.00642254030193401
2021-09-03 00:00:00+00:00,-0.0038160971063037064
2021-09-07 00:00:00+00:00,-0.007726633698123653
2021-09-08 00:00:00+00:00,-0.0003327011600136043
2021-09-09 00:00:00+00:00,-0.0029293503292111556
2021-09-10 00:00:00+00:00,-0.007145034032034148
2021-09-13 00:00:00+00:00,0.006523842761508858
2021-09-14 00:00:00+00:00,-0.009421590596308982
2021-09-15 00:00:00+00:00,0.009106278249714439
2021-09-16 00:00:00+00:00,-0.0029413248654290847
2021-09-17 00:00:00+00:00,-0.006704005268142743
2021-09-20 00:00:00+00:00,-0.015253592192646215
2021-09-21 00:00:00+00:00,-0.003632794343931267
2021-09-22 00:00:00+00:00,0.011006498872426995
2021-09-23 00:00:00+00:00,0.014969106064230964
2021-09-24 00:00:00+00:00,0.0014294407877646353
2021-09-27 00:00:00+00:00,0.004981916136166165
2021-09-28 00:00:00+00:00,-0.011991955684440225
2021-09-29 00:00:00+00:00,0.0025768465014588404
2021-09-30 00:00:00+00:00,-0.01650206707777857
2021-10-01 00:00:00+00:00,0.013684659792888132
2021-10-04 00:00:00+00:00,-0.004681003440039189
2021-10-05 00:00:00+00:00,0.00715677191931241
2021-10-06 00:00:00+00:00,0.0012178753216718352
2021-10-07 00:00:00+00:00,0.008178247733796828
2021-10-08 00:00:00+00:00,0.0
2021-10-11 00:00:00+00:00,-0.007709618700298071
2021-10-12 00:00:00+00:00,-0.002432367429976434
2021-10-13 00:00:00+00:00,-0.00020331443371368607
2021-10-14 00:00:00+00:00,0.015106656247709127
2021-10-15 00:00:00+00:00,0.007207277504610365
2021-10-18 00:00:00+00:00,-0.002716506090356674
2021-10-19 00:00:00+00:00,0.007440853130571634
2021-10-20 00:00:00+00:00,0.008704703142402792
2021-10-21 00:00:00+00:00,-0.0011768810876983116
2021-10-22 00:00:00+00:00,0.002421665916680471
2021-10-25 00:00:00+00:00,0.002481773094468842
2021-10-26 00:00:00+00:00,-0.0005213343934599157
2021-10-27 00:00:00+00:00,-0.014206403487273422
2021-10-28 00:00:00+00:00,0.007535964435120501
2021-10-29 00:00:00+00:00,-0.0024931628446522858
2021-11-01 00:00:00+00:00,0.005459264105082351
2021-11-02 00:00:00+00:00,0.0027477428902578094
2021-11-03 00:00:00+00:00,0.005088624425506616
2021-11-04 00:00:00+00:00,-0.00421896057424842
2021-11-05 00:00:00+00:00,0.007431169438700147
2021-11-08 00:00:00+00:00,0.0012291575685703382
2021-11-09 00:00:00+00:00,-0.0009694526603437614
2021-11-10 00:00:00+00:00,-0.0025873906722599926
2021-11-11 00:00:00+00:00,-0.001686487209999532
2021-11-12 00:00:00+00:00,0.002793504625623111
2021-11-15 00:00:00+00:00,0.0012313222062871887
2021-11-16 00:00:00+00:00,-0.002070816168212919
2021-11-17 00:00:00+00:00,-0.004343998072713351
2021-11-18 00:00:00+00:00,-0.003711791726866198
2021-11-19 00:00:00+00:00,-0.00934717384451289
2021-11-22 00:00:00+00:00,0.005806125158085207
2021-11-23 00:00:00+00:00,0.007806373540199196
2021-11-24 00:00:00+00:00,0.0
2021-11-26 00:00:00+00:00,-0.0238884716880301
2021-11-29 00:00:00+00:00,0.004601182104664536
2021-11-30 00:00:00+00:00,-0.02363066285081794
2021-12-01 00:00:00+00:00,-0.008770335383784134
2021-12-02 00:00:00+00:00,0.02242798874016194
2021-12-03 00:00:00+00:00,-0.0016770985251557402
2021-12-06 00:00:00+00:00,0.01411066327861854
2021-12-07 00:00:00+00:00,0.012457024171246722
2021-12-08 00:00:00+00:00,-6.545075893826802e-05
2021-12-09 00:00:00+00:00,-0.002879254413336474
2021-12-10 00:00:00+00:00,0.00721996573094752
2021-12-13 00:00:00+00:00,-0.004839978319167826
2021-12-14 00:00:00+00:00,-0.001711089390653453
2021-12-15 00:00:00+00:00,0.00889966321737723
2021-12-16 00:00:00+00:00,0.006142211368183048
2021-12-17 00:00:00+00:00,-0.01370299733242808
2021-12-20 00:00:00+00:00,-0.01040354269456445
2021-12-21 00:00:00+00:00,0.015503018773671107
2021-12-22 00:00:00+00:00,0.006028163100944672
2021-12-23 00:00:00+00:00,0.005666460794485628
2021-12-27 00:00:00+00:00,0.01029728570854882
2021-12-28 00:00:00+00:00,0.003141107834337742
2021-12-29 00:00:00+00:00,0.0019809980553242568
2021-12-30 00:00:00+00:00,-0.00038291469092288644
2021-12-31 00:00:00+00:00,-0.0007015702006754054
2022-01-03 00:00:00+00:00,0.004723944713596273
2022-01-04 00:00:00+00:00,0.00997692507720327
2022-01-05 00:00:00+00:00,-0.006543769454935178
2022-01-06 00:00:00+00:00,0.0005701599139682489
2022-01-07 00:00:00+00:00,0.0026584212035598576
2022-01-10 00:00:00+00:00,-0.0037243595146526642
2022-01-11 00:00:00+00:00,0.007033281104691147
2022-01-12 00:00:00+00:00,0.0008179703009341122
2022-01-13 00:00:00+00:00,-0.001823131033940717
2022-01-14 00:00:00+00:00,-0.001448612269760674
2022-01-18 00:00:00+00:00,-0.012615259095085984
2022-01-19 00:00:00+00:00,-0.008559933912556827
2022-01-20 00:00:00+00:00,-0.008763043715012464
2022-01-21 00:00:00+00:00,-0.013455640593484919
2022-01-24 00:00:00+00:00,0.0020428268770118496
2022-01-25 00:00:00+00:00,-0.003945469073164953
2022-01-26 00:00:00+00:00,-0.006073088558923967
2022-01-27 00:00:00+00:00,-0.002391490319950007
2022-01-28 00:00:00+00:00,0.015246743866999424
2022-01-31 00:00:00+00:00,0.010098895654983675
2022-02-01 00:00:00+00:00,0.006816970515490572
2022-02-02 00:00:00+00:00,0.006770599105207387
2022-02-03 00:00:00+00:00,-0.009543485314146616
2022-02-04 00:00:00+00:00,-0.0025220947377599945
2022-02-07 00:00:00+00:00,0.001231600688624379
2022-02-08 00:00:00+00:00,0.006669467107484284
2022-02-09 00:00:00+00:00,0.01119202075865311
2022-02-10 00:00:00+00:00,-0.013548586157501652
2022-02-11 00:00:00+00:00,-0.010253011519831823
2022-02-14 00:00:00+00:00,-0.0065806435077884196
2022-02-15 00:00:00+00:00,0.01062505643543199
2022-02-16 00:00:00+00:00,0.002271002473169803
2022-02-17 00:00:00+00:00,-0.013920422076383776
2022-02-18 00:00:00+00:00,-0.003939660891029262
2022-02-22 00:00:00+00:00,-0.007778300684849526
2022-02-23 00:00:00+00:00,-0.012423640997461627
2022-02-24 00:00:00+00:00,0.0002691229820261931
2022-02-25 00:00:00+00:00,0.026834431657566826
2022-02-28 00:00:00+00:00,-0.005501971368700009
2022-03-01 00:00:00+00:00,-0.015279227772270532
2022-03-02 00:00:00+00:00,0.019060879049922486
2022-03-03 00:00:00+00:00,0.0013785106156039006
2022-03-04 00:00:00+00:00,-0.0032116234593809745
2022-03-07 00:00:00+00:00,-0.021960762050225013
2022-03-08 00:00:00+00:00,-0.008672038860344289
2022-03-09 00:00:00+00:00,0.015529479854382577
2022-03-10 00:00:00+00:00,-0.0012017124959622372
2022-03-11 00:00:00+00:00,-0.007755556917658946
2022-03-14 00:00:00+00:00,-0.00020239324963478023
2022-03-15 00:00:00+00:00,0.013142159937189257
2022-03-16 00:00:00+00:00,0.013636639831886121
2022-03-17 00:00:00+00:00,0.011484278292662964
2022-03-18 00:00:00+00:00,0.0033737758896148495
2022-03-21 00:00:00+00:00,0.0018751194382207181
2022-03-22 00:00:00+00:00,0.005808693212393523
2022-03-23 00:00:00+00:00,-0.010651928576982939
2022-03-24 00:00:00+00:00,0.010861969129083437
2022-03-25 00:00:00+00:00,0.009152968835243191
2022-03-28 00:00:00+00:00,0.0003833329341385028
2022-03-29 00:00:00+00:00,0.009577320471192863
2022-03-30 00:00:00+00:00,-0.0017076120693219066
2022-03-31 00:00:00+00:00,-0.013493901082146209
2022-04-01 00:00:00+00:00,0.004238449378350717
2022-04-04 00:00:00+00:00,-0.0012149841896084146
2022-04-05 00:00:00+00:00,-0.006274484474889541
2022-04-06 00:00:00+00:00,0.001481778591853944
2022-04-07 00:00:00+00:00,0.004117670919369543
2022-04-08 00:00:00+00:00,0.005125582893533265
2022-04-11 00:00:00+00:00,-0.008988096182422911
2022-04-12 00:00:00+00:00,-0.0022510215616531326
2022-04-13 00:00:00+00:00,0.007155726527980466
2022-04-14 00:00:00+00:00,-0.0037764287885414527
2022-04-18 00:00:00+00:00,-0.0015419687563698048
2022-04-19 00:00:00+00:00,0.012999062968996
2022-04-20 00:00:00+00:00,0.00698730055068264
2022-04-21 00:00:00+00:00,-0.010724330344292654
2022-04-22 00:00:00+00:00,-0.02601707357227534
2022-04-25 00:00:00+00:00,0.0008511275294293963
2022-04-26 00:00:00+00:00,-0.019755090238852246
2022-04-27 00:00:00+00:00,0.0025355260427613047
2022-04-28 00:00:00+00:00,0.015442954902171513
2022-04-29 00:00:00+00:00,-0.029957415631787
2022-05-02 00:00:00+00:00,0.005019338038030897
2022-05-03 00:00:00+00:00,0.0045841899835852296
2022-05-04 00:00:00+00:00,0.03045284193024833
2022-05-05 00:00:00+00:00,-0.035542891410386024
2022-05-06 00:00:00+00:00,-0.005968963083886725
2022-05-09 00:00:00+00:00,-0.03201711916847594
2022-05-10 00:00:00+00:00,0.0023104799174993307
2022-05-11 00:00:00+00:00,-0.015886410540259743
2022-05-12 00:00:00+00:00,-0.0010436740363181096
2022-05-13 00:00:00+00:00,0.023907970843752624
2022-05-16 00:00:00+00:00,-0.004057755848808409
2022-05-17 00:00:00+00:00,0.02057041656742231
2022-05-18 00:00:00+00:00,-0.04031152721175546
2022-05-19 00:00:00+00:00,-0.0061245616494841615
2022-05-20 00:00:00+00:00,0.00043635983515377674
2022-05-23 00:00:00+00:00,0.01871019942837915
2022-05-24 00:00:00+00:00,-0.0076337660731978785
2022-05-25 00:00:00+00:00,0.008834853633777007
2022-05-26 00:00:00+00:00,0.019981410099805474
2022-05-27 00:00:00+00:00,0.02454898729269539
2022-05-31 00:00:00+00:00,-0.005610840203845502
2022-06-01 00:00:00+00:00,-0.0080884563546606
2022-06-02 00:00:00+00:00,0.019043476802000026
2022-06-03 00:00:00+00:00,-0.016411679501448617
2022-06-06 00:00:00+00:00,0.003044769496721722
2022-06-07 00:00:00+00:00,0.009592403909284064
2022-06-08 00:00:00+00:00,-0.01087229826908187
2022-06-09 00:00:00+00:00,-0.023782904117829795
2022-06-10 00:00:00+00:00,-0.028995529963118827
2022-06-13 00:00:00+00:00,-0.03796802907614816
2022-06-14 00:00:00+00:00,-0.0030136035264649585
2022-06-15 00:00:00+00:00,0.014256471175943197
2022-06-16 00:00:00+00:00,-0.03309584418204292
2022-06-17 00:00:00+00:00,0.0021554865938935297
2022-06-21 00:00:00+00:00,0.025173648403256754
2022-06-22 00:00:00+00:00,-0.001812870433544278
2022-06-23 00:00:00+00:00,0.009802434958256612
2022-06-24 00:00:00+00:00,0.03179385814844338
2022-06-27 00:00:00+00:00,-0.003819822652273097
2022-06-28 00:00:00+00:00,-0.02043270338830805
2022-06-29 00:00:00+00:00,-0.0008145500151683915
2022-06-30 00:00:00+00:00,-0.00812422276973368
2022-07-01 00:00:00+00:00,0.010576620850526908
2022-07-05 00:00:00+00:00,0.0018885042594203316
2022-07-06 00:00:00+00:00,0.0033773190339601022
2022-07-07 00:00:00+00:00,0.014977093089812543
2022-07-08 00:00:00+00:00,-0.000822391687936519
2022-07-11 00:00:00+00:00,-0.011423647062350217
2022-07-12 00:00:00+00:00,-0.008849014885721429
2022-07-13 00:00:00+00:00,-0.005251606423082089
2022-07-14 00:00:00+00:00,-0.0024285537811439273
2022-07-15 00:00:00+00:00,0.019105254743562172
2022-07-18 00:00:00+00:00,-0.008257148589120633
2022-07-19 00:00:00+00:00,0.027019175512046578
2022-07-20 00:00:00+00:00,0.006373145920613998
2022-07-21 00:00:00+00:00,0.010183341848065686
2022-07-22 00:00:00+00:00,-0.009278181229155913
2022-07-25 00:00:00+00:00,0.001215031592536775
2022-07-26 00:00:00+00:00,-0.011830916920946066
2022-07-27 00:00:00+00:00,0.025966011711985093
2022-07-28 00:00:00+00:00,0.012542719857125517
2022-07-29 00:00:00+00:00,0.014578517706709482
2022-08-01 00:00:00+00:00,-0.0029613105659768157
2022-08-02 00:00:00+00:00,-0.006597057770690418
2022-08-03 00:00:00+00:00,0.01565931597573078
2022-08-04 00:00:00+00:00,-0.0006753874951066496
2022-08-05 00:00:00+00:00,-0.0016903501671180488
2022-08-08 00:00:00+00:00,-0.0011608635975906
2022-08-09 00:00:00+00:00,-0.003970997821241773
2022-08-10 00:00:00+00:00,0.021004018213221842
2022-08-11 00:00:00+00:00,0.0
2022-08-12 00:00:00+00:00,0.016928847171158612
2022-08-15 00:00:00+00:00,0.004120990186247342
2022-08-16 00:00:00+00:00,0.00195860853453933
2022-08-17 00:00:00+00:00,-0.007098225924214829
2022-08-18 00:00:00+00:00,0.0029065340849991905
2022-08-19 00:00:00+00:00,-0.01343797697803617
2022-08-22 00:00:00+00:00,-0.02082250874402547
2022-08-23 00:00:00+00:00,-0.002419141882753384
2022-08-24 00:00:00+00:00,0.003201280230323844
2022-08-25 00:00:00+00:00,0.014117346547087184
2022-08-26 00:00:00+00:00,-0.03384904440188674
2022-08-29 00:00:00+00:00,-0.0066122703205739874
2022-08-30 00:00:00+00:00,-0.010977789676864913
2022-08-31 00:00:00+00:00,-0.007608890960842385
2022-09-01 00:00:00+00:00,0.0031376669654687994
2022-09-02 00:00:00+00:00,-0.010544443736140718
2022-09-06 00:00:00+00:00,-0.0037731157439623297
2022-09-07 00:00:00+00:00,0.017965070396477545
2022-09-08 00:00:00+00:00,0.006536142332414174
2022-09-09 00:00:00+00:00,0.015535447196479923
2022-09-12 00:00:00+00:00,0.010747568856759981
2022-09-13 00:00:00+00:00,-0.04348259719176495
2022-09-14 00:00:00+00:00,0.0038155999697209175
2022-09-15 00:00:00+00:00,-0.011352988826212496
2022-09-16 00:00:00+00:00,-0.007628934124167097
2022-09-19 00:00:00+00:00,0.007754857696448125
2022-09-20 00:00:00+00:00,-0.011478539223154116
2022-09-21 00:00:00+00:00,-0.017443932130927986
2022-09-22 00:00:00+00:00,-0.008399521550661038
2022-09-23 00:00:00+00:00,-0.016754786692334434
2022-09-26 00:00:00+00:00,-0.009892664584886246
2022-09-27 00:00:00+00:00,-0.002553041089518704
2022-09-28 00:00:00+00:00,0.01967654540679664
2022-09-29 00:00:00+00:00,-0.020889169176532607
2022-09-30 00:00:00+00:00,-0.015463231125487087
2022-10-03 00:00:00+00:00,0.02640081227453872
2022-10-04 00:00:00+00:00,0.03098682977320988
2022-10-05 00:00:00+00:00,-0.002328197827933809
2022-10-06 00:00:00+00:00,-0.010315692249153852
2022-10-07 00:00:00+00:00,-0.027894112338663568
2022-10-10 00:00:00+00:00,-0.007635133165642349
2022-10-11 00:00:00+00:00,-0.006332998686261027
2022-10-12 00:00:00+00:00,-0.0032984963054540906
2022-10-13 00:00:00+00:00,0.026391013311929168
2022-10-14 00:00:00+00:00,-0.02278848642570519
2022-10-17 00:00:00+00:00,0.025696670111895026
2022-10-18 00:00:00+00:00,0.011749749001394472
2022-10-19 00:00:00+00:00,-0.00708655873157138
2022-10-20 00:00:00+00:00,-0.008385317621544153
2022-10-21 00:00:00+00:00,0.024301346513323052
2022-10-24 00:00:00+00:00,0.012236601722757756
2022-10-25 00:00:00+00:00,0.015968527512339348
2022-10-26 00:00:00+00:00,-0.007534192412415375
2022-10-27 00:00:00+00:00,-0.005339868683284732
2022-10-28 00:00:00+00:00,0.023790702720260626
2022-10-31 00:00:00+00:00,-0.007223193736808686
2022-11-01 00:00:00+00:00,-0.004375951673780687
2022-11-02 00:00:00+00:00,-0.025096271097806433
2022-11-03 00:00:00+00:00,-0.010296785617733839
2022-11-04 00:00:00+00:00,0.01439316185114281
2022-11-07 00:00:00+00:00,0.009565621394305612
2022-11-08 00:00:00+00:00,0.005395268538056275
2022-11-09 00:00:00+00:00,-0.020601967741691207
2022-11-10 00:00:00+00:00,0.0549541823677675
2022-11-11 00:00:00+00:00,0.00967848853780695
2022-11-14 00:00:00+00:00,-0.008506940481662562
2022-11-15 00:00:00+00:00,0.00852908697111121
2022-11-16 00:00:00+00:00,-0.007628578863116964
2022-11-17 00:00:00+00:00,-0.003059705465553675
2022-11-18 00:00:00+00:00,0.0045401325229192935
2022-11-21 00:00:00+00:00,-0.003636013020822393
2022-11-22 00:00:00+00:00,0.013456971219873548
2022-11-23 00:00:00+00:00,0.00630160563869997
2022-11-25 00:00:00+00:00,-0.00022364229756355325
2022-11-28 00:00:00+00:00,-0.01595701208729461
2022-11-29 00:00:00+00:00,-0.0017176436432977393
2022-11-30 00:00:00+00:00,0.03150069789291887
2022-12-01 00:00:00+00:00,-0.0007357508778433886
2022-12-02 00:00:00+00:00,-0.001153830161470748
2022-12-05 00:00:00+00:00,-0.01798938915146786
2022-12-06 00:00:00+00:00,-0.014414799936775746
2022-12-07 00:00:00+00:00,-0.0017009255316831062
2022-12-08 00:00:00+00:00,0.007833860643072565
2022-12-09 00:00:00+00:00,-0.007470235987619089
2022-12-12 00:00:00+00:00,0.01441715474934191
2022-12-13 00:00:00+00:00,0.007569830410565137
2022-12-14 00:00:00+00:00,-0.006393415252464618
2022-12-15 00:00:00+00:00,-0.024461783307242912
2022-12-16 00:00:00+00:00,-0.011805984009500725
2022-12-19 00:00:00+00:00,-0.008479701075886359
2022-12-20 00:00:00+00:00,0.0013681466168218304
2022-12-21 00:00:00+00:00,0.01495253930842999
2022-12-22 00:00:00+00:00,-0.014266031516289024
2022-12-23 00:00:00+00:00,0.005752374517407066
2022-12-27 00:00:00+00:00,-0.003943611931072177
2022-12-28 00:00:00+00:00,-0.012427820849656435
2022-12-29 00:00:00+00:00,0.01800003346820578
2022-12-30 00:00:00+00:00,-0.0026338692302493305
2023-01-03 00:00:00+00:00,-0.004209925703010375
2023-01-04 00:00:00+00:00,0.007720301435384602
2023-01-05 00:00:00+00:00,-0.011413445164463853
2023-01-06 00:00:00+00:00,0.022931964981468544
2023-01-09 00:00:00+00:00,-0.0005667272252989353
2023-01-10 00:00:00+00:00,0.00701270984056146
2023-01-11 00:00:00+00:00,0.012647953963115466
2023-01-12 00:00:00+00:00,0.0036408854742195906
2023-01-13 00:00:00+00:00,0.003879393585923152
2023-01-17 00:00:00+00:00,-0.0018317993134787658
2023-01-18 00:00:00+00:00,-0.01578809525494862
2023-01-19 00:00:00+00:00,-0.0072798244375227306
2023-01-20 00:00:00+00:00,0.01862902623629914
2023-01-23 00:00:00+00:00,0.011998710102900878
2023-01-24 00:00:00+00:00,-0.0010732704544912375
2023-01-25 00:00:00+00:00,0.0003747171233492441
2023-01-26 00:00:00+00:00,0.010990355547432218
2023-01-27 00:00:00+00:00,0.0022976513854324754
2023-01-30 00:00:00+00:00,-0.01254675407896677
2023-01-31 00:00:00+00:00,0.01470317380827435
2023-02-01 00:00:00+00:00,0.010627911102770948
2023-02-02 00:00:00+00:00,0.014557067663369505
2023-02-03 00:00:00+00:00,-0.010629262961256214
2023-02-06 00:00:00+00:00,-0.0061111855568073414
2023-02-07 00:00:00+00:00,0.013078531851187236
2023-02-08 00:00:00+00:00,-0.010934907715090647
2023-02-09 00:00:00+00:00,-0.0086689928069269
2023-02-10 00:00:00+00:00,0.0023336447007866745
2023-02-13 00:00:00+00:00,0.011738915687959706
2023-02-14 00:00:00+00:00,-0.0004602085819057633
2023-02-15 00:00:00+00:00,0.003247367760347508
2023-02-16 00:00:00+00:00,-0.013768677560834885
2023-02-17 00:00:00+00:00,-0.0024983860524842028
2023-02-21 00:00:00+00:00,-0.020060796195575104
2023-02-22 00:00:00+00:00,-0.0013782119529802683
2023-02-23 00:00:00+00:00,0.005319512336690924
2023-02-24 00:00:00+00:00,-0.010682390498110705
2023-02-27 00:00:00+00:00,0.0034058434503421164
2023-02-28 00:00:00+00:00,-0.0036960310683810116
2023-03-01 00:00:00+00:00,-0.003835863136222417
2023-03-02 00:00:00+00:00,0.0077771338485668196
2023-03-03 00:00:00+00:00,0.016038010520050827
2023-03-06 00:00:00+00:00,0.0006927993121401688
2023-03-07 00:00:00+00:00,-0.015328884673164178
2023-03-08 00:00:00+00:00,0.0016320985158957413
2023-03-09 00:00:00+00:00,-0.01844973257339899
2023-03-10 00:00:00+00:00,-0.014429491730757027
2023-03-13 00:00:00+00:00,-0.0014252820882890704
2023-03-14 00:00:00+00:00,0.016530002911755437
2023-03-15 00:00:00+00:00,-0.0062543222362007045
2023-03-16 00:00:00+00:00,0.01754512423522403
2023-03-17 00:00:00+00:00,-0.01169272035893898
2023-03-20 00:00:00+00:00,0.009615783831778746
2023-03-21 00:00:00+00:00,0.013130565275514039
2023-03-22 00:00:00+00:00,-0.017046564998578595
2023-03-23 00:00:00+00:00,0.00270329544200143
2023-03-24 00:00:00+00:00,0.006562154497044892
2023-03-27 00:00:00+00:00,0.001869811627109863
2023-03-28 00:00:00+00:00,-0.0022447955856533808
2023-03-29 00:00:00+00:00,0.014535049545921774
2023-03-30 00:00:00+00:00,0.005855104837880987
2023-03-31 00:00:00+00:00,0.014094742115383863
2023-04-03 00:00:00+00:00,0.003810446518745847
2023-04-04 00:00:00+00:00,-0.005547926155264671
2023-04-05 00:00:00+00:00,-0.0026183208678870473
2023-04-06 00:00:00+00:00,0.0039008430165612396
2023-04-10 00:00:00+00:00,0.0010264148568350784
2023-04-11 00:00:00+00:00,0.00026846021956461463
2023-04-12 00:00:00+00:00,-0.004075843851297112
2023-04-13 00:00:00+00:00,0.013282640699515236
2023-04-14 00:00:00+00:00,-0.0024426138759061633
2023-04-17 00:00:00+00:00,0.0035881968238744566
2023-04-18 00:00:00+00:00,0.0006521178700162888
2023-04-19 00:00:00+00:00,-0.0001687522147285625
2023-04-20 00:00:00+00:00,-0.005457242531319517
2023-04-21 00:00:00+00:00,0.0007769523733611727
2023-04-24 00:00:00+00:00,0.0010431225630349594
2023-04-25 00:00:00+00:00,-0.015873778514523762
2023-04-26 00:00:00+00:00,-0.0042359231906021755
2023-04-27 00:00:00+00:00,0.019908407060218902
2023-04-28 00:00:00+00:00,0.008535028519395027
2023-05-01 00:00:00+00:00,-0.0010097822511898613
2023-05-02 00:00:00+00:00,-0.011239113080060092
2023-05-03 00:00:00+00:00,-0.006864031126974979
2023-05-04 00:00:00+00:00,-0.007082862120299627
2023-05-05 00:00:00+00:00,0.01851247219624197
2023-05-08 00:00:00+00:00,0.0002665726337043317
2023-05-09 00:00:00+00:00,-0.004385345084424119
2023-05-10 00:00:00+00:00,0.004672414048531692
2023-05-11 00:00:00+00:00,-0.001743958295085224
2023-05-12 00:00:00+00:00,-0.0013103504226447127
2023-05-15 00:00:00+00:00,0.0034500393628651427
2023-05-16 00:00:00+00:00,-0.006682648366763466
2023-05-17 00:00:00+00:00,0.012138857887157739
2023-05-18 00:00:00+00:00,0.00963316815821691
2023-05-19 00:00:00+00:00,-0.001454966406219338
2023-05-22 00:00:00+00:00,0.0004061294327040166
2023-05-23 00:00:00+00:00,-0.011222933603103669
2023-05-24 00:00:00+00:00,-0.007244593610696293
2023-05-25 00:00:00+00:00,0.008659817794146152
2023-05-26 00:00:00+00:00,0.012950614142771322
2023-05-30 00:00:00+00:00,0.00038094755315953854
2023-05-31 00:00:00+00:00,-0.005545075901445595
2023-06-01 00:00:00+00:00,0.009501061360585927
2023-06-02 00:00:00+00:00,0.014461155512676571
2023-06-05 00:00:00+00:00,-0.0019162752977091024
2023-06-06 00:00:00+00:00,0.00217742104600549
2023-06-07 00:00:00+00:00,-0.003457821870829436
2023-06-08 00:00:00+00:00,0.006048553267806733
2023-06-09 00:00:00+00:00,0.0017944092331523276
2023-06-12 00:00:00+00:00,0.009071711046918951
2023-06-13 00:00:00+00:00,0.006593020322778864
2023-06-14 00:00:00+00:00,0.001190826388549171
2023-06-15 00:00:00+00:00,0.012397816746577917
2023-06-16 00:00:00+00:00,-0.003406429727929927
2023-06-20 00:00:00+00:00,-0.0051882422387909966
2023-06-21 00:00:00+00:00,-0.00512355930765418
2023-06-22 00:00:00+00:00,0.003609692901579864
2023-06-23 00:00:00+00:00,-0.007560074657919746
2023-06-26 00:00:00+00:00,-0.004085551829148493
2023-06-27 00:00:00+00:00,0.010963150145798295
2023-06-28 00:00:00+00:00,0.0005043978644925229
2023-06-29 00:00:00+00:00,0.003941314136679308
2023-06-30 00:00:00+00:00,0.011800718150162037
2023-07-03 00:00:00+00:00,0.001150505208614927
2023-07-05 00:00:00+00:00,-0.0014871402049853044
2023-07-06 00:00:00+00:00,-0.007830598059588856
2023-07-07 00:00:00+00:00,-0.0025247938059779207
2023-07-10 00:00:00+00:00,0.0025311845249884612
2023-07-11 00:00:00+00:00,0.006368538856118766
2023-07-12 00:00:00+00:00,0.008045853433911843
2023-07-13 00:00:00+00:00,0.007936850929299188
2023-07-14 00:00:00+00:00,-0.0006227376226836112
2023-07-17 00:00:00+00:00,0.0034720737425686377
2023-07-18 00:00:00+00:00,0.007430645244905554
2023-07-19 00:00:00+00:00,0.0022238542434735997
2023-07-20 00:00:00+00:00,-0.006634504992970469
2023-07-21 00:00:00+00:00,0.0
2023-07-24 00:00:00+00:00,0.004467127750415134
2023-07-25 00:00:00+00:00,0.0027302740132113534
2023-07-26 00:00:00+00:00,0.0001537441297458919
2023-07-27 00:00:00+00:00,-0.006629989397817226
2023-07-28 00:00:00+00:00,0.009790292926282973
2023-07-31 00:00:00+00:00,0.0019040050895788863
2023-08-01 00:00:00+00:00,-0.0028616095171389855
2023-08-02 00:00:00+00:00,-0.013910840946214087
2023-08-03 00:00:00+00:00,-0.0028657910043848878
2023-08-04 00:00:00+00:00,-0.004522797336639406
2023-08-07 00:00:00+00:00,0.008728560344392067
2023-08-08 00:00:00+00:00,-0.004348745090910655
2023-08-09 00:00:00+00:00,-0.006685141916497939
2023-08-10 00:00:00+00:00,0.00035884073284719875
2023-08-11 00:00:00+00:00,-0.0005830405489853918
2023-08-14 00:00:00+00:00,0.0055199912097421144
2023-08-15 00:00:00+00:00,-0.011648845341397318
2023-08-16 00:00:00+00:00,-0.007338168132414502
2023-08-17 00:00:00+00:00,-0.007619798271669809
2023-08-18 00:00:00+00:00,0.000481331605013402
2023-08-21 00:00:00+00:00,0.006506090466013026
2023-08-22 00:00:00+00:00,-0.002708490603405278
2023-08-23 00:00:00+00:00,0.011137710055560524
2023-08-24 00:00:00+00:00,-0.013858938287301559
2023-08-25 00:00:00+00:00,0.007049422788304893
2023-08-28 00:00:00+00:00,0.006341534288825557
2023-08-29 00:00:00+00:00,0.01445479393891147
2023-08-30 00:00:00+00:00,0.004118847172444484
2023-08-31 00:00:00+00:00,-0.0014633331988500586
2023-09-01 00:00:00+00:00,0.0018652175151625539
2023-09-05 00:00:00+00:00,-0.004321807387521082
2023-09-06 00:00:00+00:00,-0.00672259415240406
2023-09-07 00:00:00+00:00,-0.003070240486752196
2023-09-08 00:00:00+00:00,0.0015060114104796796
2023-09-11 00:00:00+00:00,0.006576726972634894
2023-09-12 00:00:00+00:00,-0.005485525593879381
2023-09-13 00:00:00+00:00,0.0011659429869188553
2023-09-14 00:00:00+00:00,0.008622339509676502
2023-09-15 00:00:00+00:00,-0.012048409403500382
2023-09-18 00:00:00+00:00,0.0005865321568145898
2023-09-19 00:00:00+00:00,-0.002073842754157895
2023-09-20 00:00:00+00:00,-0.009193290985454183
2023-09-21 00:00:00+00:00,-0.01652835504809147
2023-09-22 00:00:00+00:00,-0.0022485100585853957
2023-09-25 00:00:00+00:00,0.004205065016508636
2023-09-26 00:00:00+00:00,-0.01469127565766104
2023-09-27 00:00:00+00:00,0.0003992285296896547
2023-09-28 00:00:00+00:00,0.005797384548081874
2023-09-29 00:00:00+00:00,-0.0024268408718579604
2023-10-02 00:00:00+00:00,-0.00039773422515221313
2023-10-03 00:00:00+00:00,-0.013386086485666637
2023-10-04 00:00:00+00:00,0.00728190519066918
2023-10-05 00:00:00+00:00,-0.0003766793247312883
2023-10-06 00:00:00+00:00,0.01187288890638194
2023-10-09 00:00:00+00:00,0.006402108836365938
2023-10-10 00:00:00+00:00,0.005204880688299829
2023-10-11 00:00:00+00:00,0.00409616047855077
2023-10-12 00:00:00+00:00,-0.006096294001824876
2023-10-13 00:00:00+00:00,-0.0049809844619057575
2023-10-16 00:00:00+00:00,0.010521515822241367
2023-10-17 00:00:00+00:00,-4.6010277563901525e-05
2023-10-18 00:00:00+00:00,-0.013325160448268147
2023-10-19 00:00:00+00:00,-0.008786131079219328
2023-10-20 00:00:00+00:00,-0.012288139366451345
2023-10-23 00:00:00+00:00,-0.0017331759508294464
2023-10-24 00:00:00+00:00,0.007539448933400195
2023-10-25 00:00:00+00:00,-0.014352273891872325
2023-10-26 00:00:00+00:00,-0.011974642023696913
2023-10-27 00:00:00+00:00,-0.004532718620987031
2023-10-30 00:00:00+00:00,0.011955665364346002
2023-10-31 00:00:00+00:00,0.006280306126186241
2023-11-01 00:00:00+00:00,0.01066484419584568
2023-11-02 00:00:00+00:00,0.019164236800371937
2023-11-03 00:00:00+00:00,0.00912348368318261
2023-11-06 00:00:00+00:00,0.0023003788054161145
2023-11-07 00:00:00+00:00,0.0028460682771678236
2023-11-08 00:00:00+00:00,0.0007323474357048276
2023-11-09 00:00:00+00:00,-0.00779865573060079
2023-11-10 00:00:00+00:00,0.015604807175139124
2023-11-13 00:00:00+00:00,-0.0009531779348788127
2023-11-14 00:00:00+00:00,0.019400638761193134
2023-11-15 00:00:00+00:00,0.0021171249186915375
2023-11-16 00:00:00+00:00,0.001223244043484728
2023-11-17 00:00:00+00:00,0.0012437484875726934
2023-11-20 00:00:00+00:00,0.007697435842358269
2023-11-21 00:00:00+00:00,-0.0021794029079696964
2023-11-22 00:00:00+00:00,0.0038609267704279304
2023-11-24 00:00:00+00:00,0.0006152583229561692
2023-11-27 00:00:00+00:00,-0.0018009235779969934
2023-11-28 00:00:00+00:00,0.0009901644316310243
2023-11-29 00:00:00+00:00,-0.000703440521818921
2023-11-30 00:00:00+00:00,0.003937529378508886
2023-12-01 00:00:00+00:00,0.005915785391005901
2023-12-04 00:00:00+00:00,-0.005249423431893274
2023-12-05 00:00:00+00:00,-0.00019706071881431253
2023-12-06 00:00:00+00:00,-0.004029868206649079
2023-12-07 00:00:00+00:00,0.007630587704163139
2023-12-08 00:00:00+00:00,0.004299219488911099
2023-12-11 00:00:00+00:00,0.003889424922904672
2023-12-12 00:00:00+00:00,0.00456738916194066
2023-12-13 00:00:00+00:00,0.013789941137044348
2023-12-14 00:00:00+00:00,0.0032093987584640438
2023-12-15 00:00:00+00:00,-0.0016464609436321886
2023-12-18 00:00:00+00:00,0.005625088430268876
2023-12-19 00:00:00+00:00,0.006080754600664928
2023-12-20 00:00:00+00:00,-0.013857161043177468
2023-12-21 00:00:00+00:00,0.009481867583110093
2023-12-22 00:00:00+00:00,0.0020097867761843524
2023-12-26 00:00:00+00:00,0.004222573400981533
2023-12-27 00:00:00+00:00,0.0018079525795096085
2023-12-28 00:00:00+00:00,0.0003777242310194495
2023-12-29 00:00:00+00:00,-0.002895034758863102
2024-01-02 00:00:00+00:00,-0.005596157762078002
2024-01-03 00:00:00+00:00,-0.00816682193083551
2024-01-04 00:00:00+00:00,-0.003221006521007097
2024-01-05 00:00:00+00:00,0.001369495108531682
2024-01-08 00:00:00+00:00,0.014276008580086152
2024-01-09 00:00:00+00:00,-0.0015170438834410938
2024-01-10 00:00:00+00:00,0.005655475804245524
2024-01-11 00:00:00+00:00,-0.0004406430412424722
2024-01-12 00:00:00+00:00,0.0006926498006538662
2024-01-16 00:00:00+00:00,-0.003671233554176867
2024-01-17 00:00:00+00:00,-0.0055585631296135585
2024-01-18 00:00:00+00:00,0.008892671483647252
2024-01-19 00:00:00+00:00,0.0124661515484632
2024-01-22 00:00:00+00:00,0.002114541957469518
2024-01-23 00:00:00+00:00,0.0029164191064467992
2024-01-24 00:00:00+00:00,0.001093117532592558
2024-01-25 00:00:00+00:00,0.005438842130797594
2024-01-26 00:00:00+00:00,-0.001270388977838599
2024-01-29 00:00:00+00:00,0.007919446240754136
2024-01-30 00:00:00+00:00,-0.0007734882337023796
2024-01-31 00:00:00+00:00,-0.016317396592104072
2024-02-01 00:00:00+00:00,0.013088243385340759
2024-02-02 00:00:00+00:00,0.010527410320712027
2024-02-05 00:00:00+00:00,-0.003641248501646821
2024-02-06 00:00:00+00:00,0.002903296995944382
2024-02-07 00:00:00+00:00,0.008340408297585311
2024-02-08 00:00:00+00:00,0.0004417718226390477
2024-02-09 00:00:00+00:00,0.005779456637979408
2024-02-12 00:00:00+00:00,-0.0004390393376605406
2024-02-13 00:00:00+00:00,-0.0137730931098613
2024-02-14 00:00:00+00:00,0.009087780590464334
2024-02-15 00:00:00+00:00,0.006899669230050476
2024-02-16 00:00:00+00:00,-0.004979972192162729
2024-02-20 00:00:00+00:00,-0.00550536084322828
2024-02-21 00:00:00+00:00,0.0009058481896644377
2024-02-22 00:00:00+00:00,0.020695472278324356
2024-02-23 00:00:00+00:00,0.0006895695586834893
2024-02-26 00:00:00+00:00,-0.0036623653499714415
2024-02-27 00:00:00+00:00,0.001857689695499598
2024-02-28 00:00:00+00:00,-0.001321627560280425
2024-02-29 00:00:00+00:00,0.0035948679782773496
2024-03-01 00:00:00+00:00,0.0032921238464348477
2024-03-04 00:00:00+00:00,0.0021094040066400588
2024-03-05 00:00:00+00:00,-0.002215742011718369
2024-03-06 00:00:00+00:00,0.006217178685839597
2024-03-07 00:00:00+00:00,0.003916565199109323
2024-03-08 00:00:00+00:00,0.00016503779180498945
2024-03-11 00:00:00+00:00,0.0038459611464412014
2024-03-12 00:00:00+00:00,0.0016965882366666296
2024-03-13 00:00:00+00:00,0.0016392482260523256
2024-03-14 00:00:00+00:00,-0.006491185232724073
2024-03-15 00:00:00+00:00,-0.0013179825065056106
2024-03-18 00:00:00+00:00,0.0020340352201326795
2024-03-19 00:00:00+00:00,0.005212598943094671
2024-03-20 00:00:00+00:00,0.006495257146646116
2024-03-21 00:00:00+00:00,0.005948907602639331
2024-03-22 00:00:00+00:00,-0.005903014110591798
2024-03-25 00:00:00+00:00,-0.00141637889182622
2024-03-26 00:00:00+00:00,-0.00027285058362613857
2024-03-27 00:00:00+00:00,0.015607221239924085
2024-03-28 00:00:00+00:00,0.0037612040859098528
2024-04-01 00:00:00+00:00,-0.002739447164660235
2024-04-02 00:00:00+00:00,-0.006358339279183611
2024-04-03 00:00:00+00:00,0.001098538297936047
2024-04-04 00:00:00+00:00,-0.012206035808460802
2024-04-05 00:00:00+00:00,0.010446957075743724
2024-04-08 00:00:00+00:00,0.0005591879236255259
2024-04-09 00:00:00+00:00,0.0011568181860854843
2024-04-10 00:00:00+00:00,-0.01001310420931889
2024-04-11 00:00:00+00:00,0.007546903226827606
2024-04-12 00:00:00+00:00,-0.013802973695621445
2024-04-15 00:00:00+00:00,-0.012528278158366546
2024-04-16 00:00:00+00:00,-0.0018238321289676396
2024-04-17 00:00:00+00:00,-0.0059182086936044875
2024-04-18 00:00:00+00:00,-0.0020577313435046207
2024-04-19 00:00:00+00:00,-0.008728309738320505
2024-04-22 00:00:00+00:00,0.00920909615249177
2024-04-23 00:00:00+00:00,0.011866617760247777
2024-04-24 00:00:00+00:00,-0.000474588365427131
2024-04-25 00:00:00+00:00,-0.0037990069692183104
2024-04-26 00:00:00+00:00,0.00947401769850309
2024-04-29 00:00:00+00:00,0.003541566988233935
2024-04-30 00:00:00+00:00,-0.015841385825281717
2024-05-01 00:00:00+00:00,-0.003247077167387591
2024-05-02 00:00:00+00:00,0.009353380061197125
2024-05-03 00:00:00+00:00,0.012395380576617931
2024-05-06 00:00:00+00:00,0.010326691435011304
2024-05-07 00:00:00+00:00,0.001103791494589501
2024-05-08 00:00:00+00:00,9.629604112704193e-05
2024-05-09 00:00:00+00:00,0.005761958209233864
2024-05-10 00:00:00+00:00,0.0012881662358383839
2024-05-13 00:00:00+00:00,0.00013421871437180322
2024-05-14 00:00:00+00:00,0.004588216454574301
2024-05-15 00:00:00+00:00,0.012383136215819324
2024-05-16 00:00:00+00:00,-0.002057648556520686
2024-05-17 00:00:00+00:00,0.001437547504734793
2024-05-20 00:00:00+00:00,0.0011521850332256722
2024-05-21 00:00:00+00:00,0.0024525104683361665
2024-05-22 00:00:00+00:00,-0.0028794509447943595
2024-05-23 00:00:00+00:00,-0.007304332171023997
2024-05-24 00:00:00+00:00,0.006616637128303626
2024-05-28 00:00:00+00:00,0.0006987063547383432
2024-05-29 00:00:00+00:00,-0.007002288334947537
2024-05-30 00:00:00+00:00,-0.006633746270566898
2024-05-31 00:00:00+00:00,0.009107984991483686
2024-06-03 00:00:00+00:00,-0.005073491459513967
2024-06-04 00:00:00+00:00,-0.0014179335093759127
2024-06-05 00:00:00+00:00,0.002894520545319468
2024-06-06 00:00:00+00:00,-0.00038110984364070344
2024-06-07 00:00:00+00:00,-0.001470878346845672
2024-06-10 00:00:00+00:00,0.0016366683333615129
2024-06-11 00:00:00+00:00,-0.006084748722912647
2024-06-12 00:00:00+00:00,-0.0013213175093453877
2024-06-13 00:00:00+00:00,-0.0023152336650101857
2024-06-14 00:00:00+00:00,-0.002652359770153989
2024-06-17 00:00:00+00:00,0.0050969525966517715
2024-06-18 00:00:00+00:00,0.003086725565807802
2024-06-20 00:00:00+00:00,0.003791712612738918
2024-06-21 00:00:00+00:00,-5.467926741253848e-05
2024-06-24 00:00:00+00:00,0.008047593906779449
2024-06-25 00:00:00+00:00,-0.008309080154030202
2024-06-26 00:00:00+00:00,-0.003121738858200329
2024-06-27 00:00:00+00:00,-0.0010987388013915522
2024-06-28 00:00:00+00:00,0.0009899962866406486
2024-07-01 00:00:00+00:00,-0.005219473517617201
2024-07-02 00:00:00+00:00,0.0036450434083878935
2024-07-03 00:00:00+00:00,-0.0011006132674800106
2024-07-05 00:00:00+00:00,0.0003857921752423721
2024-07-08 00:00:00+00:00,0.00027528467434767556
2024-07-09 00:00:00+00:00,0.0004956033452745423
2024-07-10 00:00:00+00:00,0.00836393676056768
2024-07-11 00:00:00+00:00,0.00911310782323449
2024-07-12 00:00:00+00:00,0.006002677856231209
2024-07-15 00:00:00+00:00,0.002634135715138042
2024-07-16 00:00:00+00:00,0.01479716704479861
2024-07-17 00:00:00+00:00,0.005388808764782205
2024-07-18 00:00:00+00:00,-0.00935352124710942
2024-07-19 00:00:00+00:00,-0.006577579691916413
2024-07-22 00:00:00+00:00,0.004057909965239137
2024-07-23 00:00:00+00:00,-0.004466874194683279
2024-07-24 00:00:00+00:00,-0.0030449449172552656
2024-07-25 00:00:00+00:00,0.0021432297585013416
2024-07-26 00:00:00+00:00,0.012618258497274493
2024-07-29 00:00:00+00:00,-0.00021112418176805203
2024-07-30 00:00:00+00:00,0.004964310969236108
2024-07-31 00:00:00+00:00,0.0021545805344049818
2024-08-01 00:00:00+00:00,-0.007498630624743208
2024-08-02 00:00:00+00:00,-0.013842686101286028
2024-08-05 00:00:00+00:00,-0.023787821116102448
2024-08-06 00:00:00+00:00,0.007738304086686965
2024-08-07 00:00:00+00:00,-0.0037031909050648792
2024-08-08 00:00:00+00:00,0.014376521750452564
2024-08-09 00:00:00+00:00,0.0008618805597158108
2024-08-12 00:00:00+00:00,-0.0032303803321196423
2024-08-13 00:00:00+00:00,0.008480435889669957
2024-08-14 00:00:00+00:00,0.003802936252592204
2024-08-15 00:00:00+00:00,0.011151892531594099
2024-08-16 00:00:00+00:00,0.0035358275826729013
2024-08-19 00:00:00+00:00,0.006362523205223347
2024-08-20 00:00:00+00:00,-0.0029783566938722528
2024-08-21 00:00:00+00:00,0.0038782285664018534
2024-08-22 00:00:00+00:00,0.00010453752548977846
2024-08-23 00:00:00+00:00,0.008978428644432546
2024-08-26 00:00:00+00:00,0.002897250544887875
2024-08-27 00:00:00+00:00,0.0009800535670869692
2024-08-28 00:00:00+00:00,-0.0012885184779032333
2024-08-29 00:00:00+00:00,0.0039735441216055545
2024-08-30 00:00:00+00:00,0.008634852480047028
2024-09-03 00:00:00+00:00,-0.00881582566374195
2024-09-04 00:00:00+00:00,-0.00015429759205132232
2024-09-05 00:00:00+00:00,-0.008021365267575797
2024-09-06 00:00:00+00:00,-0.008760114472651459
2024-09-09 00:00:00+00:00,0.009935725981195631
2024-09-10 00:00:00+00:00,-0.0017604613262142133
2024-09-11 00:00:00+00:00,-0.002956656191194895
2024-09-12 00:00:00+00:00,0.004578331686334591
2024-09-13 00:00:00+00:00,0.006007023201630712
2024-09-16 00:00:00+00:00,0.00803053105892082
2024-09-17 00:00:00+00:00,-0.0004596339163445151
2024-09-18 00:00:00+00:00,-0.0024011257609494185
2024-09-19 00:00:00+00:00,0.007118570489031306
2024-09-20 00:00:00+00:00,-0.0019832328002803434
2024-09-23 00:00:00+00:00,0.004534898971710444
2024-09-24 00:00:00+00:00,0.0
2024-09-25 00:00:00+00:00,-0.006387436671934643
2024-09-26 00:00:00+00:00,0.0051344815222624796
2024-09-27 00:00:00+00:00,0.00378019937503149
2024-09-30 00:00:00+00:00,0.003409790829631998
2024-10-01 00:00:00+00:00,-0.002586747317986249
2024-10-02 00:00:00+00:00,-0.001728917101893046
2024-10-03 00:00:00+00:00,-0.0048898994564937626
2024-10-04 00:00:00+00:00,0.0066031135740869384
2024-10-07 00:00:00+00:00,-0.0072716000795779445
2024-10-08 00:00:00+00:00,0.0016388809027310103
2024-10-09 00:00:00+00:00,0.007108525272881527
2024-10-10 00:00:00+00:00,-0.003249782017039071
2024-10-11 00:00:00+00:00,0.010953263096123322
2024-10-14 00:00:00+00:00,0.00680303445824304
2024-10-15 00:00:00+00:00,-0.0030531968402016663
2024-10-16 00:00:00+00:00,0.007982740603019955
2024-10-17 00:00:00+00:00,-0.0017930783495501146
2024-10-18 00:00:00+00:00,0.0016465420018283439
2024-10-21 00:00:00+00:00,-0.008717730558703507
2024-10-22 00:00:00+00:00,-0.0023618024627709566
2024-10-23 00:00:00+00:00,-0.0008563590504816476
2024-10-24 00:00:00+00:00,-0.0028234401889870586
2024-10-25 00:00:00+00:00,-0.007432116651400755
2024-10-28 00:00:00+00:00,0.00504277666834807
2024-10-29 00:00:00+00:00,-0.00618314574681289
2024-10-30 00:00:00+00:00,-0.0010199474277807763
2024-10-31 00:00:00+00:00,-0.006381099295753034
2024-11-01 00:00:00+00:00,0.0006679695655706919
2024-11-04 00:00:00+00:00,-0.0015402896136801347
2024-11-05 00:00:00+00:00,0.009667274710681184
2024-11-06 00:00:00+00:00,0.024649913638784327
2024-11-07 00:00:00+00:00,-0.0029326042484663084
2024-11-08 00:00:00+00:00,0.006081736766591295
2024-11-11 00:00:00+00:00,0.003815168427521609
2024-11-12 00:00:00+00:00,-0.007552006498776409
2024-11-13 00:00:00+00:00,0.0020391758271485205
2024-11-14 00:00:00+00:00,-0.006651194544384231
2024-11-15 00:00:00+00:00,-0.003097946220221637
2024-11-18 00:00:00+00:00,0.004811792793626868
2024-11-19 00:00:00+00:00,-0.00468896828049481
2024-11-20 00:00:00+00:00,0.0022051509648930434
2024-11-21 00:00:00+00:00,0.011301589467113793
2024-11-22 00:00:00+00:00,0.007466848703177265
2024-11-25 00:00:00+00:00,0.007165862986133309
2024-11-26 00:00:00+00:00,0.00019511789783543954
2024-11-27 00:00:00+00:00,0.0012667881351460242
2024-11-29 00:00:00+00:00,0.00326030321734172
2024-12-02 00:00:00+00:00,-0.006984456582276755
2024-12-03 00:00:00+00:00,-0.005568535438164157
2024-12-04 00:00:00+00:00,-0.003045142130543299
2024-12-05 00:00:00+00:00,-0.002364805606709708
2024-12-06 00:00:00+00:00,-0.002864422258474275
2024-12-09 00:00:00+00:00,-0.005299445573245798
2024-12-10 00:00:00+00:00,-0.003983378495793333
2024-12-11 00:00:00+00:00,-0.003799158324282126
2024-12-12 00:00:00+00:00,-0.0036631989682388566
2024-12-13 00:00:00+00:00,-0.002870771242160619
2024-12-16 00:00:00+00:00,-0.005454961578824857
2024-12-17 00:00:00+00:00,-0.005443427062623685
2024-12-18 00:00:00+00:00,-0.023617531815389725
2024-12-19 00:00:00+00:00,-0.0035233239171600372
2024-12-20 00:00:00+00:00,0.011662361774513297
2024-12-23 00:00:00+00:00,0.0026602133953432805
2024-12-24 00:00:00+00:00,0.008011748451325351
2024-12-26 00:00:00+00:00,0.001187015812101011
2024-12-27 00:00:00+00:00,-0.00628897828507935
2024-12-30 00:00:00+00:00,-0.011101309026335326
2024-12-31 00:00:00+00:00,0.0013114479164237913
2025-01-02 00:00:00+00:00,-0.004819784372049329
2025-01-03 00:00:00+00:00,0.007843619292127624
2025-01-06 00:00:00+00:00,0.0003133141451658883
2025-01-07 00:00:00+00:00,-0.002610680042794189
2025-01-08 00:00:00+00:00,0.000732969555949925
2025-01-10 00:00:00+00:00,-0.015589907346769905
2025-01-13 00:00:00+00:00,0.0066430483485675484
2025-01-14 00:00:00+00:00,0.004645625949186494
2025-01-15 00:00:00+00:00,0.012611766647413258
2025-01-16 00:00:00+00:00,0.0006226449134529854
2025-01-17 00:00:00+00:00,0.006586515083737643
2025-01-21 00:00:00+00:00,0.008089083475063319
2025-01-22 00:00:00+00:00,-0.001277893888339876
2025-01-23 00:00:00+00:00,0.005680536574496076
2025-01-24 00:00:00+00:00,-0.0018829233197555917
2025-01-27 00:00:00+00:00,0.010043350108141169
2025-01-28 00:00:00+00:00,-0.0029779648198630104
2025-01-29 00:00:00+00:00,-0.0019236956069482725
2025-01-30 00:00:00+00:00,0.0013188125366678793
2025-01-31 00:00:00+00:00,-0.006281443409181464
2025-02-03 00:00:00+00:00,-0.004689652610943118
2025-02-04 00:00:00+00:00,0.0025607524258024483
2025-02-05 00:00:00+00:00,0.003678141888582953
2025-02-06 00:00:00+00:00,-0.0011197314179132167
2025-02-07 00:00:00+00:00,-0.008305862760032312
2025-02-10 00:00:00+00:00,0.0034940781966406043
2025-02-11 00:00:00+00:00,0.004761920459542379
2025-02-12 00:00:00+00:00,-0.00331240905058916
2025-02-13 00:00:00+00:00,0.0074648836864066315
2025-02-14 00:00:00+00:00,-0.002131536022456748
2025-02-18 00:00:00+00:00,0.005696450763292393
2025-02-19 00:00:00+00:00,0.00424782111759181
2025-02-20 00:00:00+00:00,-0.0005539169121469012
2025-02-21 00:00:00+00:00,-0.010480172313394709
2025-02-24 00:00:00+00:00,0.0013238362322551822
2025-02-25 00:00:00+00:00,0.0012204362221062137
2025-02-26 00:00:00+00:00,-0.007110559927584026
2025-02-27 00:00:00+00:00,-0.004654798683772388
2025-02-28 00:00:00+00:00,0.013464881926161354
2025-03-03 00:00:00+00:00,-0.009330712727454005
2025-03-04 00:00:00+00:00,-0.015919313508942823
2025-03-05 00:00:00+00:00,0.008010334566563637
2025-03-06 00:00:00+00:00,-0.0061405419351158175
2025-03-07 00:00:00+00:00,0.007995695885866239
2025-03-10 00:00:00+00:00,-0.015761741474633717
2025-03-11 00:00:00+00:00,-0.01444413746312867
2025-03-12 00:00:00+00:00,-0.005150794119324509
2025-03-13 00:00:00+00:00,-0.008380175062975947
2025-03-14 00:00:00+00:00,0.016309741656559185
2025-03-17 00:00:00+00:00,0.010963386654799345
2025-03-18 00:00:00+00:00,-0.003707982057822301
2025-03-19 00:00:00+00:00,0.005859780111476809
2025-03-20 00:00:00+00:00,-0.002361796022289253
2025-03-21 00:00:00+00:00,-0.0014202184470413215
2025-03-24 00:00:00+00:00,0.010536182204716527
2025-03-25 00:00:00+00:00,-0.0005734827231500539
2025-03-26 00:00:00+00:00,-0.00046946012575066476
2025-03-27 00:00:00+00:00,0.00015656020735810294
2025-03-28 00:00:00+00:00,-0.014923124485219486
2025-03-31 00:00:00+00:00,0.009481566860365387
2025-04-01 00:00:00+00:00,-0.0013118426629223912
2025-04-02 00:00:00+00:00,0.005043882500942676
2025-04-03 00:00:00+00:00,-0.0417166948219837
2025-04-04 00:00:00+00:00,-0.058043819606720115
2025-04-07 00:00:00+00:00,-0.008165702599719715
2025-04-08 00:00:00+00:00,-0.017050195448069294
2025-04-09 00:00:00+00:00,0.07472965888824867
2025-04-10 00:00:00+00:00,-0.03067661018918555
2025-04-11 00:00:00+00:00,0.01676468250920915
2025-04-14 00:00:00+00:00,0.011440686292053748
2025-04-15 00:00:00+00:00,-0.00432493338667661
2025-04-16 00:00:00+00:00,-0.014089215584396575
2025-04-17 00:00:00+00:00,0.0019204447989402684
2025-04-21 00:00:00+00:00,-0.020295368736513497
2025-04-22 00:00:00+00:00,0.02416845254542843
2025-04-23 00:00:00+00:00,0.00837177533821798
2025-04-24 00:00:00+00:00,0.014487074791987853
2025-04-25 00:00:00+00:00,-0.001263195947601381
2025-04-28 00:00:00+00:00,0.0036294863444608083
2025-04-29 00:00:00+00:00,0.00449321796289559
2025-04-30 00:00:00+00:00,0.000600073394445344
2025-05-01 00:00:00+00:00,0.0027801876413480198
2025-05-02 00:00:00+00:00,0.010275198620392834
2025-05-05 00:00:00+00:00,-0.006188521640761224
2025-05-06 00:00:00+00:00,-0.0077972887855281
2025-05-07 00:00:00+00:00,0.006385083478039455
2025-05-08 00:00:00+00:00,0.005693932248389544
2025-05-09 00:00:00+00:00,-0.00037749693220490155
2025-05-12 00:00:00+00:00,0.026214980813450417
2025-05-13 00:00:00+00:00,-0.0032588225109179136
2025-05-14 00:00:00+00:00,-0.005906306606813461
2025-05-15 00:00:00+00:00,0.009442546887270975
2025-05-16 00:00:00+00:00,0.006779059444032232
2025-05-19 00:00:00+00:00,0.0016703515257603385
2025-05-20 00:00:00+00:00,-0.0018758997941034083
2025-05-21 00:00:00+00:00,-0.017959761432606358
2025-05-22 00:00:00+00:00,-0.003721488565490594
2025-05-23 00:00:00+00:00,-0.005763003482407547
2025-05-27 00:00:00+00:00,0.017872517468052518
2025-05-28 00:00:00+00:00,-0.007803838867523338
2025-05-29 00:00:00+00:00,0.00419822965478267
2025-05-30 00:00:00+00:00,0.00015892967486053067
2025-06-02 00:00:00+00:00,0.0023810006592051014
2025-06-03 00:00:00+00:00,0.006123351814935729
2025-06-04 00:00:00+00:00,-0.002885685289118811
2025-06-05 00:00:00+00:00,-0.0007893500376074947
2025-06-06 00:00:00+00:00,0.007582955876790809
2025-06-09 00:00:00+00:00,0.0024042391646972305
2025-06-10 00:00:00+00:00,0.005839238314693462
2025-06-11 00:00:00+00:00,-0.0034210340692670815
2025-06-12 00:00:00+00:00,0.003068713723260119
2025-06-13 00:00:00+00:00,-0.010059600884544162
2025-06-16 00:00:00+00:00,0.008101111918125348
2025-06-17 00:00:00+00:00,-0.009496956486085506
2025-06-18 00:00:00+00:00,0.00042133302219515834
2025-06-20 00:00:00+00:00,0.0019484699134986183
2025-06-23 00:00:00+00:00,0.007357977198030774
2025-06-24 00:00:00+00:00,0.007617324767848377
2025-06-25 00:00:00+00:00,-0.003210395458720705
2025-06-26 00:00:00+00:00,0.0052465890375261726
2025-06-27 00:00:00+00:00,0.004288909438739497
2025-06-30 00:00:00+00:00,0.005505451036834863
2025-07-01 00:00:00+00:00,0.009620342105667978
2025-07-02 00:00:00+00:00,0.0011657935582327639
2025-07-03 00:00:00+00:00,0.005771244137803944
2025-07-07 00:00:00+00:00,-0.007399185683482745
2025-07-08 00:00:00+00:00,0.0005576816240548954
2025-07-09 00:00:00+00:00,0.002584855380791007
2025-07-10 00:00:00+00:00,0.005409036486687446
2025-07-11 00:00:00+00:00,-0.005028013632732198
2025-07-14 00:00:00+00:00,-0.000656873278472192
2025-07-15 00:00:00+00:00,-0.009506508509170564
2025-07-16 00:00:00+00:00,0.0034204809346631837
2025-07-17 00:00:00+00:00,0.0052912086362084665
2025-07-18 00:00:00+00:00,-0.0012652146375818907
2025-07-21 00:00:00+00:00,-5.066954036092586e-05
2025-07-22 00:00:00+00:00,0.007854887080127826
2025-07-23 00:00:00+00:00,0.006486305222773714
2025-07-24 00:00:00+00:00,-0.0012489849857252322
2025-07-25 00:00:00+00:00,0.0032514063588735542
2025-07-28 00:00:00+00:00,-0.004487207711241448
2025-07-29 00:00:00+00:00,0.00015015677927832094
2025-07-30 00:00:00+00:00,-0.006409522987267269
2025-07-31 00:00:00+00:00,-0.007257405348659929
2025-08-01 00:00:00+00:00,-0.012894612412846507
2025-08-04 00:00:00+00:00,0.010183081107956182
2025-08-05 00:00:00+00:00,-0.001781898819674388
2025-08-06 00:00:00+00:00,0.0027030389090487716
2025-08-07 00:00:00+00:00,0.0036113160749633444
2025-08-08 00:00:00+00:00,0.007450265846368875
2025-08-11 00:00:00+00:00,-0.002112939255444979
2025-08-12 00:00:00+00:00,0.0102844551153074
2025-08-13 00:00:00+00:00,0.009131638284068044
2025-08-14 00:00:00+00:00,-0.0009395193379326816
2025-08-15 00:00:00+00:00,-0.0019797873898598217
2025-08-18 00:00:00+00:00,-0.0010415236090786095
2025-08-19 00:00:00+00:00,0.002134782409003222
2025-08-20 00:00:00+00:00,-0.0009412414279247328
2025-08-21 00:00:00+00:00,-0.0030246338836842357
2025-08-22 00:00:00+00:00,0.01417487400439077
2025-08-25 00:00:00+00:00,-0.007012972490571867
2025-08-26 00:00:00+00:00,0.0011852756898640404
2025-08-27 00:00:00+00:00,0.004735566728335527
2025-08-28 00:00:00+00:00,0.000687522142212238
2025-08-29 00:00:00+00:00,0.0003923924615409913
2025-09-02 00:00:00+00:00,-0.005934298095034429
2025-09-03 00:00:00+00:00,-0.000443989065789574
2025-09-04 00:00:00+00:00,0.007502350850888018
2025-09-05 00:00:00+00:00,-0.004653948027136701
2025-09-08 00:00:00+00:00,-0.0015751280179604477
2025-09-09 00:00:00+00:00,0.00019717282728093366
2025-09-10 00:00:00+00:00,-0.004928732773328615
2025-09-11 00:00:00+00:00,0.012382979478448242
2025-09-12 00:00:00+00:00,-0.0022017858133485113
2025-09-15 00:00:00+00:00,-9.79067655713095e-05
2025-09-16 00:00:00+00:00,-0.0007140561444114457
2025-09-17 00:00:00+00:00,0.0029567868864037727
2025-09-18 00:00:00+00:00,0.003390604462197633
2025-09-19 00:00:00+00:00,0.0019098272330153598
2025-09-22 00:00:00+00:00,0.0019062625504271402
2025-09-23 00:00:00+00:00,0.00039025707106388197
2025-09-24 00:00:00+00:00,-0.001853035757516941
2025-09-25 00:00:00+00:00,-0.00376197586437399
2025-09-26 00:00:00+00:00,0.00765047778978567
2025-09-29 00:00:00+00:00,0.0016060655808853852
2025-09-30 00:00:00+00:00,0.003449862820118721
2025-10-01 00:00:00+00:00,0.002518102475731032
2025-10-02 00:00:00+00:00,0.0
2025-10-03 00:00:00+00:00,0.003912469983022193
2025-10-06 00:00:00+00:00,0.0023095451648864618
2025-10-07 00:00:00+00:00,-0.002064204832965544
2025-10-08 00:00:00+00:00,0.0027898706738989087
2025-10-09 00:00:00+00:00,-0.0065715857976377245
2025-10-10 00:00:00+00:00,-0.022115042011810138
2025-10-13 00:00:00+00:00,0.008838662889761428
2025-10-14 00:00:00+00:00,0.006509774605943042
2025-10-15 00:00:00+00:00,0.004133418143056122
2025-10-16 00:00:00+00:00,-0.00920146492194518
2025-10-17 00:00:00+00:00,0.006940760543192814
2025-10-20 00:00:00+00:00,0.011698485840499595
2025-10-21 00:00:00+00:00,0.0027348550139156824
2025-10-22 00:00:00+00:00,-0.004737118669739027
2025-10-23 00:00:00+00:00,0.003702003689924682
2025-10-24 00:00:00+00:00,0.005221113018305967
2025-10-27 00:00:00+00:00,0.007385902719924564
2025-10-28 00:00:00+00:00,-0.00350041359988007
2025-10-29 00:00:00+00:00,-0.005696190231080922
2025-10-30 00:00:00+00:00,-0.005442292713698005
2025-10-31 00:00:00+00:00,0.0022080060841511706
2025-11-03 00:00:00+00:00,-0.0013888853812273894
2025-11-04 00:00:00+00:00,-0.003069571499214163
2025-11-05 00:00:00+00:00,0.0025979231388111312
2025-11-06 00:00:00+00:00,-0.006765868042800993
2025-11-07 00:00:00+00:00,0.004396422980891268
2025-11-10 00:00:00+00:00,0.007070684239238734
2025-11-11 00:00:00+00:00,0.008788300853193043
2025-11-12 00:00:00+00:00,0.0040718471418024205
2025-11-13 00:00:00+00:00,-0.009525242195311256
2025-11-14 00:00:00+00:00,-0.002094753193684573
2025-11-17 00:00:00+00:00,-0.01063877329294105
2025-11-18 00:00:00+00:00,-0.004195284362174423
2025-11-19 00:00:00+00:00,-0.003389637794277367
2025-11-20 00:00:00+00:00,-0.01239008753812132
2025-11-21 00:00:00+00:00,0.01416905583500716
2025-11-24 00:00:00+00:00,0.004802612151545427
2025-11-25 00:00:00+00:00,0.010476535615129512
2025-11-26 00:00:00+00:00,0.0070233144726974395
2025-11-28 00:00:00+00:00,0.007828546070079767
2025-12-01 00:00:00+00:00,-0.00522558245060567
2025-12-02 00:00:00+00:00,0.0005678497934911153
2025-12-03 00:00:00+00:00,0.005108041117541484
2025-12-04 00:00:00+00:00,-0.001599786198912101
2025-12-05 00:00:00+00:00,-0.0009897273754279068
2025-12-08 00:00:00+00:00,-0.0030194640445833087
2025-12-09 00:00:00+00:00,-0.0010411186837135933
2025-12-10 00:00:00+00:00,0.00994795446393959
2025-12-11 00:00:00+00:00,0.005956812671669809
2025-12-12 00:00:00+00:00,-0.0038233873173860733
2025-12-15 00:00:00+00:00,9.356876948873882e-05
2025-12-16 00:00:00+00:00,-0.00773485106210936
2025-12-17 00:00:00+00:00,-0.0015162367834010704
2025-12-18 00:00:00+00:00,0.0024677727993343
2025-12-19 00:00:00+00:00,0.004071356718184482
2025-12-22 00:00:00+00:00,0.005092232852835332
2025-12-23 00:00:00+00:00,0.0005160283055212211
2025-12-24 00:00:00+00:00,0.004454184527627358
2025-12-26 00:00:00+00:00,-0.00018662648985046104
2025-12-29 00:00:00+00:00,-0.0018675501681141293
2025-12-30 00:00:00+00:00,-0.0010757801518093135
2025-12-31 00:00:00+00:00,-0.006976934978533911
2026-01-02 00:00:00+00:00,0.0033007566860594473
2026-01-05 00:00:00+00:00,0.009446792839622908
2026-01-06 00:00:00+00:00,0.007030450816635225
2026-01-07 00:00:00+00:00,-0.009801636320502793
2026-01-08 00:00:00+00:00,0.00947845197321251
2026-01-09 00:00:00+00:00,0.005550420310267201
2026-01-12 00:00:00+00:00,-0.0007820586347999647
2026-01-13 00:00:00+00:00,-0.00211748886769203
2026-01-14 00:00:00+00:00,0.00281409384106035
2026-01-15 00:00:00+00:00,0.0017940572280394917
2026-01-16 00:00:00+00:00,-0.0023419060980575113
2026-01-20 00:00:00+00:00,-0.016431966579590562
2026-01-21 00:00:00+00:00,0.013711472782717893
2026-01-22 00:00:00+00:00,0.002538977570713863
2026-01-23 00:00:00+00:00,-0.003775826507595781
2026-01-26 00:00:00+00:00,0.0036515034294963833
2026-01-27 00:00:00+00:00,-0.0018421071339708162
2026-01-28 00:00:00+00:00,-0.0017994260639226933
2026-01-29 00:00:00+00:00,0.001525259175261251
2026-01-30 00:00:00+00:00,0.002584510604344281
2026-02-02 00:00:00+00:00,0.00828566633160377
2026-02-03 00:00:00+00:00,-0.0005021289563005293
2026-02-04 00:00:00+00:00,0.009592202535851246
2026-02-05 00:00:00+00:00,-0.009139156914363511
2026-02-06 00:00:00+00:00,0.013972092185317031
2026-02-09 00:00:00+00:00,-0.002161565480572225
2026-02-10 00:00:00+00:00,-0.00022563921939833254
2026-02-11 00:00:00+00:00,0.0021214455457203574
2026-02-12 00:00:00+00:00,-0.013647911230031506
2026-02-13 00:00:00+00:00,0.005982152304536026
2026-02-17 00:00:00+00:00,-0.00045387153046150264
2026-02-18 00:00:00+00:00,0.00372403942462185
2026-02-19 00:00:00+00:00,-0.0033482801561561804
2026-02-20 00:00:00+00:00,0.004176669811187805
2026-02-23 00:00:00+00:00,-0.008002171282141646
2026-02-24 00:00:00+00:00,0.007519875020745026
2026-02-25 00:00:00+00:00,0.0023069476285599855
2026-02-26 00:00:00+00:00,0.001624689653692668
2026-02-27 00:00:00+00:00,0.0006758501700614428
2026-03-02 00:00:00+00:00,-0.001080616026897352
2026-03-03 00:00:00+00:00,-0.008429114135173554
2026-03-04 00:00:00+00:00,0.0035457058735648417
2026-03-05 00:00:00+00:00,-0.010418428634910604
2026-03-06 00:00:00+00:00,-0.010162089331332447
2026-03-09 00:00:00+00:00,0.0006936652875455529
2026-03-10 00:00:00+00:00,-0.00462137233828086
2026-03-11 00:00:00+00:00,-0.0029248630343352566
2026-03-12 00:00:00+00:00,-0.013270539114213942
2026-03-13 00:00:00+00:00,-0.0009438582451229971
2026-03-16 00:00:00+00:00,0.0075574892415022354
2026-03-17 00:00:00+00:00,0.0032184649020952083
2026-03-18 00:00:00+00:00,-0.015383907350162818
2026-03-19 00:00:00+00:00,-0.0010003225003403227
2026-03-20 00:00:00+00:00,-0.009488892004836602
2026-03-23 00:00:00+00:00,0.009483470024996832
2026-03-24 00:00:00+00:00,0.0025752049393592547
2026-03-25 00:00:00+00:00,0.00485151343239143
2026-03-26 00:00:00+00:00,-0.0053488354823947315
2026-03-27 00:00:00+00:00,-0.012182891662949724
2026-03-30 00:00:00+00:00,0.00028904535159357536
2026-03-31 00:00:00+00:00,0.016953192702280573
2026-04-01 00:00:00+00:00,0.0016102502439740984
2026-04-02 00:00:00+00:00,0.0017494690760959664
2026-04-06 00:00:00+00:00,0.004153730873259098
2026-04-07 00:00:00+00:00,-0.003196430616331125
2026-04-08 00:00:00+00:00,0.019805643856400712
2026-04-09 00:00:00+00:00,0.0037917891908298973
2026-04-10 00:00:00+00:00,-0.0076468939116393075
2026-04-13 00:00:00+00:00,0.007845111400324845
2026-04-14 00:00:00+00:00,0.0020266441114049627
2026-04-15 00:00:00+00:00,0.0021144500807315225
2026-04-16 00:00:00+00:00,0.0027521774667691457
2026-04-17 00:00:00+00:00,0.010429528133237831
2026-04-20 00:00:00+00:00,0.0010411346717758008
2026-04-21 00:00:00+00:00,-0.006150446318774372
2026-04-22 00:00:00+00:00,0.0018202442174406475
2026-04-23 00:00:00+00:00,0.0031340398446328965
2026-04-24 00:00:00+00:00,-0.0009961270546687828
2026-04-27 00:00:00+00:00,-0.002583631862957292
2026-04-28 00:00:00+00:00,0.0006362065178215914
2026-04-29 00:00:00+00:00,0.003224479390389945
2026-04-30 00:00:00+00:00,0.012493737605750566
2026-05-01 00:00:00+00:00,-0.0007153971987839958
2026-05-04 00:00:00+00:00,-0.006397906605068893
2026-05-05 00:00:00+00:00,0.007744957820126075
2026-05-06 00:00:00+00:00,0.004334215583879031
2026-05-07 00:00:00+00:00,-0.005294265807820442
2026-05-08 00:00:00+00:00,0.003041386882874475
2026-05-11 00:00:00+00:00,0.0014268930593510643
2026-05-12 00:00:00+00:00,0.0008460405487225042
2026-05-13 00:00:00+00:00,-0.0005783300971617944
2026-05-14 00:00:00+00:00,0.002270225349939148
2026-05-15 00:00:00+00:00,-0.007550481932138586
2026-05-18 00:00:00+00:00,0.0065339107206339175
2026-05-19 00:00:00+00:00,-0.002000807735772714
2026-05-20 00:00:00+00:00,0.005747161484233487
2026-05-21 00:00:00+00:00,0.0017718099296979428
2026-05-22 00:00:00+00:00,0.008313124846217601
2026-05-26 00:00:00+00:00,-0.0006578106055823429
2026-05-27 00:00:00+00:00,0.00048269847887216777
2026-05-28 00:00:00+00:00,0.0014474642392279247
2026-05-29 00:00:00+00:00,-0.0017520009010252302
2026-06-01 00:00:00+00:00,-0.0053088191799574025
2026-06-02 00:00:00+00:00,0.005072510469362523
2026-06-03 00:00:00+00:00,-0.0035109408438596112
2026-06-04 00:00:00+00:00,0.009292719163476404
2026-06-05 00:00:00+00:00,-0.011476266222692821
2026-06-08 00:00:00+00:00,-0.002162859417192964
2026-06-09 00:00:00+00:00,0.00203487385149681
2026-06-10 00:00:00+00:00,-0.00807917094575672
2026-06-11 00:00:00+00:00,0.010993495765998063
2026-06-12 00:00:00+00:00,0.006955741386251546
2026-06-15 00:00:00+00:00,0.004033695874433363
2026-06-16 00:00:00+00:00,0.0010054943899520108
2026-06-17 00:00:00+00:00,-0.013931383560496391
2026-06-18 00:00:00+00:00,0.0026131134683153867
2026-06-22 00:00:00+00:00,0.0019877847399794035
2026-06-23 00:00:00+00:00,-0.002733302950543526
2026-06-24 00:00:00+00:00,0.0003535787950785796
2026-06-25 00:00:00+00:00,-0.0008838037994830517
2026-06-26 00:00:00+00:00,0.0019019098579153848
2026-06-29 00:00:00+00:00,0.0028253680816794358
2026-06-30 00:00:00+00:00,-0.00044024316151236587
2026-07-01 00:00:00+00:00,0.0031709714194265715
2026-07-02 00:00:00+00:00,0.010624307266838162
2026-07-06 00:00:00+00:00,0.0030842620580597835
2026-07-07 00:00:00+00:00,-0.0005629951127698041
2026-07-08 00:00:00+00:00,-0.008146320988811517
2026-07-09 00:00:00+00:00,0.0044124687143385355
2026-07-10 00:00:00+00:00,0.002522708541407459
2026-07-13 00:00:00+00:00,0.0016920630095074163
2026-07-14 00:00:00+00:00,-0.004071396205572841
2026-07-15 00:00:00+00:00,0.0013482004927900526
2026-07-16 00:00:00+00:00,0.009120502881162063
2026-07-17 00:00:00+00:00,-0.005164649748700345
2026-07-20 00:00:00+00:00,-0.006143172394614482
2026-07-21 00:00:00+00:00,0.0036129138781597625
2026-07-22 00:00:00+00:00,0.0007373369015026832
2026-07-23 00:00:00+00:00,-0.006197711272105999
2026-07-24 00:00:00+00:00,0.008983916204454045
2026-07-27 00:00:00+00:00,0.0044518958332919745
2026-07-28 00:00:00+00:00,0.008735320276838543
2026-07-29 00:00:00+00:00,-0.008787631742753876
2026-07-30 00:00:00+00:00,-0.0008607159231325268
2026-07-31 00:00:00+00:00,-0.0019382956314575317
2026-08-03 00:00:00+00:00,0.005955632783669174
2026-08-04 00:00:00+00:00,0.011068692431550842
2026-08-05 00:00:00+00:00,-0.00212160037234288
2026-08-06 00:00:00+00:00,-0.0023387352719999033
2026-08-07 00:00:00+00:00,0.004944195707121013
2026-08-10 00:00:00+00:00,0.00233268452797053
2026-08-11 00:00:00+00:00,0.00016925142964296924
2026-08-12 00:00:00+00:00,0.0009730796421680843
2026-08-13 00:00:00+00:00,0.005959385350449153
2026-08-14 00:00:00+00:00,0.0003361135324830844
2026-08-17 00:00:00+00:00,-0.0060901556135746215
2026-08-18 00:00:00+00:00,0.00025357694328498326
2026-08-19 00:00:00+00:00,0.007393288613191329
2026-08-20 00:00:00+00:00,-0.009855229038123525
2026-08-21 00:00:00+00:00,0.004828461938755746
2026-08-24 00:00:00+00:00,0.002191828765758741
2026-08-25 00:00:00+00:00,-0.001303857746259074
2026-08-26 00:00:00+00:00,0.0017267250508423704
2026-08-27 00:00:00+00:00,-0.003405376029537943
2026-08-28 00:00:00+00:00,0.0010124241360467412
2026-08-31 00:00:00+00:00,-0.0032028317655318217
2026-09-01 00:00:00+00:00,-0.0030862430413642894
2026-09-02 00:00:00+00:00,0.004113653466502498
2026-09-03 00:00:00+00:00,0.006757540612630786
2026-09-04 00:00:00+00:00,-0.006586346610097382
2026-09-08 00:00:00+00:00,-0.005827746431118275
2026-09-09 00:00:00+00:00,-0.006031748737957532
2026-09-10 00:00:00+00:00,-0.0032051124676498732
2026-09-11 00:00:00+00:00,0.008874599016846618
2026-09-14 00:00:00+00:00,-0.001529800745064147
2026-09-15 00:00:00+00:00,-0.0033286769368191527
2026-09-16 00:00:00+00:00,-0.008617339793508871
2026-09-17 00:00:00+00:00,0.0073083685455419545
2026-09-18 00:00:00+00:00,-0.004464832004611785
2026-09-21 00:00:00+00:00,0.006727317101641983
2026-09-22 00:00:00+00:00,-0.0014563989819456058
2026-09-23 00:00:00+00:00,-0.005104896565100048
2026-09-24 00:00:00+00:00,-0.0030182690314281
2026-09-25 00:00:00+00:00,0.0035463716854104987
2026-09-28 00:00:00+00:00,-0.006809113161442504
2026-09-29 00:00:00+00:00,-0.0048598904076538885
