Date,ret
2015-01-08 00:00:00+00:00,0.0
2015-01-09 00:00:00+00:00,-0.0002
2015-01-12 00:00:00+00:00,0.0
2015-01-13 00:00:00+00:00,-0.1799999986030161
2015-01-14 00:00:00+00:00,0.0
2015-01-15 00:00:00+00:00,0.0
2015-01-16 00:00:00+00:00,0.0
2015-01-20 00:00:00+00:00,0.0
2015-01-21 00:00:00+00:00,-0.09926541697895044
2015-01-22 00:00:00+00:00,0.005581398897392819
2015-01-23 00:00:00+00:00,-0.0012669800414524702
2015-01-26 00:00:00+00:00,-0.09562840191624274
2015-01-27 00:00:00+00:00,-0.007664889392906415
2015-01-28 00:00:00+00:00,-0.10704356099692995
2015-01-29 00:00:00+00:00,0.0071085473771848925
2015-01-30 00:00:00+00:00,-0.010018552416126859
2015-02-02 00:00:00+00:00,0.01093750844011101
2015-02-03 00:00:00+00:00,-0.022777775279686874
2015-02-04 00:00:00+00:00,0.08534798000764784
2015-02-05 00:00:00+00:00,0.06715595644164654
2015-02-06 00:00:00+00:00,-0.03188919009780049
2015-02-09 00:00:00+00:00,-0.006274868037122716
2015-02-10 00:00:00+00:00,-0.00399498320101721
2015-02-11 00:00:00+00:00,0.005546024436324126
2015-02-12 00:00:00+00:00,0.0026227384561429146
2015-02-13 00:00:00+00:00,0.002889643275232201
2015-02-17 00:00:00+00:00,0.0019250460411654568
2015-02-18 00:00:00+00:00,-0.001701041673048187
2015-02-19 00:00:00+00:00,-0.0001378620715656087
2015-02-20 00:00:00+00:00,0.0016552392832107632
2015-02-23 00:00:00+00:00,0.0013223880307886126
2015-02-24 00:00:00+00:00,-0.00027185208653566215
2015-02-25 00:00:00+00:00,-0.002544906926267365
2015-02-26 00:00:00+00:00,0.0006455064386284182
2015-02-27 00:00:00+00:00,-0.0008983918319083404
2015-03-02 00:00:00+00:00,0.003784041352802259
2015-03-03 00:00:00+00:00,-0.002850619312469793
2015-03-04 00:00:00+00:00,-0.004325776719266217
2015-03-05 00:00:00+00:00,0.0013017125567519106
2015-03-06 00:00:00+00:00,-0.01124273557556108
2015-03-09 00:00:00+00:00,0.003687096903088083
2015-03-10 00:00:00+00:00,-0.005256259439804611
2015-03-11 00:00:00+00:00,-0.0009889985840860981
2015-03-12 00:00:00+00:00,0.004874604330379274
2015-03-13 00:00:00+00:00,-0.004332877620818331
2015-03-16 00:00:00+00:00,0.0030695060797761185
2015-03-17 00:00:00+00:00,-0.002389135474275372
2015-03-18 00:00:00+00:00,0.007080186163058144
2015-03-19 00:00:00+00:00,-0.007828940144682694
2015-03-20 00:00:00+00:00,0.005240634711423287
2015-03-23 00:00:00+00:00,0.0077274361991575445
2015-03-24 00:00:00+00:00,-0.005780413690825935
2015-03-25 00:00:00+00:00,-0.0025360421945768595
2015-03-26 00:00:00+00:00,-0.004697587914024814
2015-03-27 00:00:00+00:00,-0.0011660095238194002
2015-03-30 00:00:00+00:00,0.004866958500232066
2015-03-31 00:00:00+00:00,0.0015822809498476698
2015-04-01 00:00:00+00:00,-0.0019428180084723134
2015-04-02 00:00:00+00:00,0.0019976570585029663
2015-04-06 00:00:00+00:00,0.0057065284142162834
2015-04-07 00:00:00+00:00,0.003244977999762133
2015-04-08 00:00:00+00:00,0.003108641809409196
2015-04-09 00:00:00+00:00,-0.0015117797177060187
2015-04-10 00:00:00+00:00,0.0017930959878099894
2015-04-13 00:00:00+00:00,-0.0015402128246772228
2015-04-14 00:00:00+00:00,0.0013134276121121503
2015-04-15 00:00:00+00:00,0.0018386658546868605
2015-04-16 00:00:00+00:00,0.0013868215853061862
2015-04-17 00:00:00+00:00,0.0
2015-04-20 00:00:00+00:00,0.0
2015-04-21 00:00:00+00:00,0.0
2015-04-22 00:00:00+00:00,0.0
2015-04-23 00:00:00+00:00,0.0
2015-04-24 00:00:00+00:00,0.0
2015-04-27 00:00:00+00:00,0.0
2015-04-28 00:00:00+00:00,0.0
2015-04-29 00:00:00+00:00,0.0
2015-04-30 00:00:00+00:00,0.0
2015-05-01 00:00:00+00:00,0.0
2015-05-04 00:00:00+00:00,0.0
2015-05-05 00:00:00+00:00,0.0
2015-05-06 00:00:00+00:00,0.0
2015-05-07 00:00:00+00:00,0.0
2015-05-08 00:00:00+00:00,0.0
2015-05-11 00:00:00+00:00,-0.0008335982781939364
2015-05-12 00:00:00+00:00,-2.4462079056397636e-05
2015-05-13 00:00:00+00:00,0.0008557703598927269
2015-05-14 00:00:00+00:00,0.00328665798510821
2015-05-15 00:00:00+00:00,-0.01816630689905665
2015-05-18 00:00:00+00:00,-0.00021528237929127058
2015-05-19 00:00:00+00:00,-0.0036015273143704006
2015-05-20 00:00:00+00:00,0.00464101760529767
2015-05-21 00:00:00+00:00,0.006919794295210746
2015-05-22 00:00:00+00:00,0.010940021735799332
2015-05-26 00:00:00+00:00,-0.019183738750454184
2015-05-27 00:00:00+00:00,0.019343065600022146
2015-05-28 00:00:00+00:00,-0.014636263771852297
2015-05-29 00:00:00+00:00,0.01156106653035276
2015-06-01 00:00:00+00:00,-0.06431736696624187
2015-06-02 00:00:00+00:00,0.011773827718800334
2015-06-03 00:00:00+00:00,-0.001889494123320201
2015-06-04 00:00:00+00:00,-0.04609027410258051
2015-06-05 00:00:00+00:00,0.0204064233710326
2015-06-08 00:00:00+00:00,-0.004693573426839914
2015-06-09 00:00:00+00:00,0.012738582098272744
2015-06-10 00:00:00+00:00,0.004962094009493346
2015-06-11 00:00:00+00:00,-0.026625881944489203
2015-06-12 00:00:00+00:00,0.046790667482674755
2015-06-15 00:00:00+00:00,0.02774186320517884
2015-06-16 00:00:00+00:00,-0.010992739721925672
2015-06-17 00:00:00+00:00,0.004029087517706387
2015-06-18 00:00:00+00:00,0.004845356067682572
2015-06-19 00:00:00+00:00,-0.0005763003447750712
2015-06-22 00:00:00+00:00,0.0036304904092015365
2015-06-23 00:00:00+00:00,0.005430599444106088
2015-06-24 00:00:00+00:00,-0.016465375438505524
2015-06-25 00:00:00+00:00,-0.0004633422053077041
2015-06-26 00:00:00+00:00,-0.00040619835302040385
2015-06-29 00:00:00+00:00,-0.0212617449133206
2015-06-30 00:00:00+00:00,0.014467855903440841
2015-07-01 00:00:00+00:00,0.002972721989944427
2015-07-02 00:00:00+00:00,-0.0043343515197010515
2015-07-06 00:00:00+00:00,0.016364478760639335
2015-07-07 00:00:00+00:00,-0.0050582712581307195
2015-07-08 00:00:00+00:00,-0.028770610200888735
2015-07-09 00:00:00+00:00,0.008504075735919802
2015-07-10 00:00:00+00:00,0.01082703145341275
2015-07-13 00:00:00+00:00,0.01229593200097181
2015-07-14 00:00:00+00:00,0.00550665423148875
2015-07-15 00:00:00+00:00,-0.013300035061664262
2015-07-16 00:00:00+00:00,-0.0006527231073597317
2015-07-17 00:00:00+00:00,0.0024792522577952616
2015-07-20 00:00:00+00:00,-0.0067579384305652915
2015-07-21 00:00:00+00:00,0.0026725655706947514
2015-07-22 00:00:00+00:00,0.00275195384403355
2015-07-23 00:00:00+00:00,-0.00317001993700341
2015-07-24 00:00:00+00:00,-0.0031693870876390528
2015-07-27 00:00:00+00:00,-0.00480735267256831
2015-07-28 00:00:00+00:00,0.006892546557827828
2015-07-29 00:00:00+00:00,-0.0011805197066196982
2015-07-30 00:00:00+00:00,0.006090599676494746
2015-07-31 00:00:00+00:00,-0.007996829542942873
2015-08-03 00:00:00+00:00,-0.016483930471515282
2015-08-04 00:00:00+00:00,-0.013975480106282624
2015-08-05 00:00:00+00:00,-0.007745511452680232
2015-08-06 00:00:00+00:00,0.005759514568087232
2015-08-07 00:00:00+00:00,-0.015955212851606837
2015-08-10 00:00:00+00:00,0.010798489066973272
2015-08-11 00:00:00+00:00,-0.007016194926583319
2015-08-12 00:00:00+00:00,0.010248445457435107
2015-08-13 00:00:00+00:00,-0.018286673596195603
2015-08-14 00:00:00+00:00,0.0012856635320777742
2015-08-17 00:00:00+00:00,-0.008325400009228212
2015-08-18 00:00:00+00:00,-0.0014934327117053225
2015-08-19 00:00:00+00:00,-0.0045246863019896555
2015-08-20 00:00:00+00:00,-0.002182102016330578
2015-08-21 00:00:00+00:00,-0.00023725334566586652
2015-08-24 00:00:00+00:00,-0.006888360076611089
2015-08-25 00:00:00+00:00,-0.0035680601777313913
2015-08-26 00:00:00+00:00,0.011774273998885554
2015-08-27 00:00:00+00:00,0.02348214250265963
2015-08-28 00:00:00+00:00,0.01724324479304795
2015-08-31 00:00:00+00:00,-0.00949194402700544
2015-09-01 00:00:00+00:00,-0.018380437174072117
2015-09-02 00:00:00+00:00,0.015424137948400096
2015-09-03 00:00:00+00:00,0.004164431949568548
2015-09-04 00:00:00+00:00,-0.008804050272401808
2015-09-08 00:00:00+00:00,0.01982992225874518
2015-09-09 00:00:00+00:00,-0.005419148568518617
2015-09-10 00:00:00+00:00,0.007287866546117284
2015-09-11 00:00:00+00:00,0.013093097482773475
2015-09-14 00:00:00+00:00,-0.001395441354831961
2015-09-15 00:00:00+00:00,0.005973603534414007
2015-09-16 00:00:00+00:00,0.02060427212988336
2015-09-17 00:00:00+00:00,0.0019112711832890872
2015-09-18 00:00:00+00:00,-0.022899019714046932
2015-09-21 00:00:00+00:00,0.0039072552865508925
2015-09-22 00:00:00+00:00,-0.00474696315248182
2015-09-23 00:00:00+00:00,-0.008269201364281154
2015-09-24 00:00:00+00:00,-0.004568927110316645
2015-09-25 00:00:00+00:00,-0.004424108806909843
2015-09-28 00:00:00+00:00,-0.021599014155981644
2015-09-29 00:00:00+00:00,0.007622580647767242
2015-09-30 00:00:00+00:00,0.01389805658670289
2015-10-01 00:00:00+00:00,-0.00932621987217972
2015-10-02 00:00:00+00:00,0.017160338528659124
2015-10-05 00:00:00+00:00,0.018542462896874536
2015-10-06 00:00:00+00:00,0.013524823553502485
2015-10-07 00:00:00+00:00,0.019922284102769285
2015-10-08 00:00:00+00:00,0.0055292036756542816
2015-10-09 00:00:00+00:00,-0.0023959984410034663
2015-10-12 00:00:00+00:00,-0.002978091727987153
2015-10-13 00:00:00+00:00,-0.0030230864431017635
2015-10-14 00:00:00+00:00,-0.0007016352187485753
2015-10-15 00:00:00+00:00,-0.003256299691136455
2015-10-16 00:00:00+00:00,-0.0021024493528516873
2015-10-19 00:00:00+00:00,-0.0017178979248922755
2015-10-20 00:00:00+00:00,0.0023255857235679133
2015-10-21 00:00:00+00:00,0.0022086641667100615
2015-10-22 00:00:00+00:00,0.006197032220166143
2015-10-23 00:00:00+00:00,0.0003460358494385751
2015-10-26 00:00:00+00:00,-0.006632114868299754
2015-10-27 00:00:00+00:00,0.0
2015-10-28 00:00:00+00:00,0.002584734849984871
2015-10-29 00:00:00+00:00,0.0018071061213112305
2015-10-30 00:00:00+00:00,-8.957229848669535e-05
2015-11-02 00:00:00+00:00,0.011815631601084385
2015-11-03 00:00:00+00:00,0.003027888559374481
2015-11-04 00:00:00+00:00,-0.000999685203901035
2015-11-05 00:00:00+00:00,0.00010098992766471859
2015-11-06 00:00:00+00:00,-0.005621872193514265
2015-11-09 00:00:00+00:00,-0.004638664449038266
2015-11-10 00:00:00+00:00,0.004983658265794411
2015-11-11 00:00:00+00:00,-0.003083091047615816
2015-11-12 00:00:00+00:00,-0.009814093285646197
2015-11-13 00:00:00+00:00,-0.002876069327118325
2015-11-16 00:00:00+00:00,0.003763700353036126
2015-11-17 00:00:00+00:00,-0.007530176415266765
2015-11-18 00:00:00+00:00,0.018773647452693564
2015-11-19 00:00:00+00:00,0.0019579859881728944
2015-11-20 00:00:00+00:00,0.0023231276157606785
2015-11-23 00:00:00+00:00,0.0011256388933894358
2015-11-24 00:00:00+00:00,-0.003157858149437742
2015-11-25 00:00:00+00:00,-0.00027346899896847355
2015-11-27 00:00:00+00:00,0.0008720378566354104
2015-11-30 00:00:00+00:00,0.003088194487124296
2015-12-01 00:00:00+00:00,0.004294333312746401
2015-12-02 00:00:00+00:00,0.0008597375955145426
2015-12-03 00:00:00+00:00,-0.002065473237187865
2015-12-04 00:00:00+00:00,-0.004179109032474338
2015-12-07 00:00:00+00:00,-0.0306058615194031
2015-12-08 00:00:00+00:00,-0.007453396229377862
2015-12-09 00:00:00+00:00,-0.0013000171618568145
2015-12-10 00:00:00+00:00,-0.005441555546820131
2015-12-11 00:00:00+00:00,-0.022665703250818757
2015-12-14 00:00:00+00:00,-0.009627353386736726
2015-12-15 00:00:00+00:00,0.016993934628202912
2015-12-16 00:00:00+00:00,0.013078991494891801
2015-12-17 00:00:00+00:00,0.01396200333253761
2015-12-18 00:00:00+00:00,-0.008058339261414416
2015-12-21 00:00:00+00:00,0.00711772416300791
2015-12-22 00:00:00+00:00,0.00460196265185484
2015-12-23 00:00:00+00:00,0.006807828519004788
2015-12-24 00:00:00+00:00,0.001990643608804765
2015-12-28 00:00:00+00:00,-0.002883545229541551
2015-12-29 00:00:00+00:00,0.007902570223485172
2015-12-30 00:00:00+00:00,-0.006878843804916279
2015-12-31 00:00:00+00:00,0.0028414318537127057
2016-01-04 00:00:00+00:00,-0.010903550493972514
2016-01-05 00:00:00+00:00,-0.0038703382073450366
2016-01-06 00:00:00+00:00,-0.025191050721790106
2016-01-07 00:00:00+00:00,-0.030653181712173617
2016-01-08 00:00:00+00:00,-0.01128146504063159
2016-01-11 00:00:00+00:00,-0.01042741920358332
2016-01-12 00:00:00+00:00,0.005489865779097092
2016-01-13 00:00:00+00:00,-0.04568654578025035
2016-01-14 00:00:00+00:00,0.030063975379865538
2016-01-15 00:00:00+00:00,-0.006998029971193653
2016-01-19 00:00:00+00:00,-0.02070856370159997
2016-01-20 00:00:00+00:00,-0.001513679929397549
2016-01-21 00:00:00+00:00,-0.0028262166228752326
2016-01-22 00:00:00+00:00,0.025120649436846332
2016-01-25 00:00:00+00:00,-0.0048825986879572625
2016-01-26 00:00:00+00:00,0.011920729565478804
2016-01-27 00:00:00+00:00,-0.01497959387561707
2016-01-28 00:00:00+00:00,0.004508639746632115
2016-01-29 00:00:00+00:00,0.015514158021888446
2016-02-01 00:00:00+00:00,0.001181479588011003
2016-02-02 00:00:00+00:00,-0.03908361958492581
2016-02-03 00:00:00+00:00,0.004156515844772502
2016-02-04 00:00:00+00:00,0.016753982890166653
2016-02-05 00:00:00+00:00,-0.015030990376651631
2016-02-08 00:00:00+00:00,-0.026575768474003426
2016-02-09 00:00:00+00:00,0.006717616834397423
2016-02-10 00:00:00+00:00,-0.0010607489940806403
2016-02-11 00:00:00+00:00,0.005331994640423732
2016-02-12 00:00:00+00:00,0.03166359537683925
2016-02-16 00:00:00+00:00,0.015938682892749023
2016-02-17 00:00:00+00:00,0.004179507931501858
2016-02-18 00:00:00+00:00,-0.0035357973541989105
2016-02-19 00:00:00+00:00,0.0011859695016420036
2016-02-22 00:00:00+00:00,0.011560517099941192
2016-02-23 00:00:00+00:00,-0.0032294194634679527
2016-02-24 00:00:00+00:00,0.00899697229012637
2016-02-25 00:00:00+00:00,0.0008164644081159356
2016-02-26 00:00:00+00:00,0.0020198655308682144
2016-02-29 00:00:00+00:00,-0.00563849955314506
2016-03-01 00:00:00+00:00,0.006774123969632173
2016-03-02 00:00:00+00:00,-0.0020148878994673105
2016-03-03 00:00:00+00:00,-0.0016168167867071314
2016-03-04 00:00:00+00:00,0.0012062919707452435
2016-03-07 00:00:00+00:00,0.003144571274915542
2016-03-08 00:00:00+00:00,-0.00927820661820702
2016-03-09 00:00:00+00:00,-0.004980296016263841
2016-03-10 00:00:00+00:00,-0.002008520828058269
2016-03-11 00:00:00+00:00,0.009071766657873815
2016-03-14 00:00:00+00:00,-0.007468483984648988
2016-03-15 00:00:00+00:00,-0.009482932706829983
2016-03-16 00:00:00+00:00,-0.005067000445192349
2016-03-17 00:00:00+00:00,0.005981793846462202
2016-03-18 00:00:00+00:00,0.0
2016-03-21 00:00:00+00:00,0.010680592998708494
2016-03-22 00:00:00+00:00,0.0014575134690337332
2016-03-23 00:00:00+00:00,-0.004861815338847331
2016-03-24 00:00:00+00:00,0.006910875932105975
2016-03-28 00:00:00+00:00,-0.003755748703763073
2016-03-29 00:00:00+00:00,0.00233748162870695
2016-03-30 00:00:00+00:00,-0.0025992823852098333
2016-03-31 00:00:00+00:00,0.012055604502001448
2016-04-01 00:00:00+00:00,0.002290608022834073
2016-04-04 00:00:00+00:00,0.0005184032854065989
2016-04-05 00:00:00+00:00,-0.001645539163464038
2016-04-06 00:00:00+00:00,0.04303043396790782
2016-04-07 00:00:00+00:00,-0.009685829274975322
2016-04-08 00:00:00+00:00,-0.007837268575183609
2016-04-11 00:00:00+00:00,-0.008502028015765295
2016-04-12 00:00:00+00:00,0.01138011774384955
2016-04-13 00:00:00+00:00,0.010861612525078002
2016-04-14 00:00:00+00:00,0.0017149267652537103
2016-04-15 00:00:00+00:00,-0.003533433614339865
2016-04-18 00:00:00+00:00,-0.00021547416406468827
2016-04-19 00:00:00+00:00,0.0011353368376422867
2016-04-20 00:00:00+00:00,-0.0018419570689026665
2016-04-21 00:00:00+00:00,0.0020389815181054427
2016-04-22 00:00:00+00:00,0.0019590492401686532
2016-04-25 00:00:00+00:00,0.0009406222531404662
2016-04-26 00:00:00+00:00,-0.009128153068242018
2016-04-27 00:00:00+00:00,-0.0009526787511174416
2016-04-28 00:00:00+00:00,-0.005005971951790067
2016-04-29 00:00:00+00:00,-0.009980593662652226
2016-05-02 00:00:00+00:00,0.007845343513862369
2016-05-03 00:00:00+00:00,0.0020145787494219025
2016-05-04 00:00:00+00:00,-0.006704866519188779
2016-05-05 00:00:00+00:00,-0.002458825764976624
2016-05-06 00:00:00+00:00,0.0031562527583210986
2016-05-09 00:00:00+00:00,4.375632983055766e-05
2016-05-10 00:00:00+00:00,0.005644283270027683
2016-05-11 00:00:00+00:00,-0.005106386225274262
2016-05-12 00:00:00+00:00,-0.008820962844598147
2016-05-13 00:00:00+00:00,0.0002741040427775676
2016-05-16 00:00:00+00:00,0.0034215328348064845
2016-05-17 00:00:00+00:00,0.0018632387660844742
2016-05-18 00:00:00+00:00,0.003608276947052902
2016-05-19 00:00:00+00:00,-0.006086090298537327
2016-05-20 00:00:00+00:00,0.0037438377652356802
2016-05-23 00:00:00+00:00,0.002830699113931634
2016-05-24 00:00:00+00:00,0.0018556773726671194
2016-05-25 00:00:00+00:00,-0.0010204081632652962
2016-05-26 00:00:00+00:00,-0.002564102564102555
2016-05-27 00:00:00+00:00,-0.023376623376623384
2016-05-31 00:00:00+00:00,-0.003529411764705892
2016-06-01 00:00:00+00:00,-0.011976047904191623
2016-06-02 00:00:00+00:00,-0.015764830161514466
2016-06-03 00:00:00+00:00,0.01728522102635934
2016-06-06 00:00:00+00:00,0.0006263438678226097
2016-06-07 00:00:00+00:00,-0.010465542757657986
2016-06-08 00:00:00+00:00,-0.004898645395610202
2016-06-09 00:00:00+00:00,-0.00743683715796557
2016-06-10 00:00:00+00:00,-0.012463841549714227
2016-06-13 00:00:00+00:00,-0.020917318407104202
2016-06-14 00:00:00+00:00,0.00497493480326372
2016-06-15 00:00:00+00:00,0.0035893941809268083
2016-06-16 00:00:00+00:00,0.005302136963829529
2016-06-17 00:00:00+00:00,0.0017459416073487776
2016-06-20 00:00:00+00:00,0.003268146690286544
2016-06-21 00:00:00+00:00,-0.002450642931663838
2016-06-22 00:00:00+00:00,-0.003714361712273684
2016-06-23 00:00:00+00:00,0.005903193303840393
2016-06-24 00:00:00+00:00,-0.0025299466220700005
2016-06-27 00:00:00+00:00,-0.0027569553360073497
2016-06-28 00:00:00+00:00,0.00751897987846859
2016-06-29 00:00:00+00:00,0.014215205818571318
2016-06-30 00:00:00+00:00,0.002840914315462273
2016-07-01 00:00:00+00:00,0.0033015965181720343
2016-07-05 00:00:00+00:00,-0.0019686688593088864
2016-07-06 00:00:00+00:00,0.0005960798006350743
2016-07-07 00:00:00+00:00,-0.0007084412887837122
2016-07-08 00:00:00+00:00,0.005980116808534387
2016-07-11 00:00:00+00:00,-0.0014073235263554861
2016-07-12 00:00:00+00:00,-0.00037111113400893885
2016-07-13 00:00:00+00:00,0.0
2016-07-14 00:00:00+00:00,0.0
2016-07-15 00:00:00+00:00,0.0
2016-07-18 00:00:00+00:00,0.0
2016-07-19 00:00:00+00:00,0.0
2016-07-20 00:00:00+00:00,0.0
2016-07-21 00:00:00+00:00,0.0
2016-07-22 00:00:00+00:00,0.0007478708972682881
2016-07-25 00:00:00+00:00,-0.004150948285122702
2016-07-26 00:00:00+00:00,0.005394985161544419
2016-07-27 00:00:00+00:00,0.003805068006028756
2016-07-28 00:00:00+00:00,-0.0032540251409625353
2016-07-29 00:00:00+00:00,-0.001423694829454636
2016-08-01 00:00:00+00:00,0.002149339659685112
2016-08-02 00:00:00+00:00,-0.0032386799819615008
2016-08-03 00:00:00+00:00,-0.0006034352181775393
2016-08-04 00:00:00+00:00,-0.0030911009514586808
2016-08-05 00:00:00+00:00,0.00868934971692461
2016-08-08 00:00:00+00:00,-0.0021911214033218497
2016-08-09 00:00:00+00:00,-0.006578302737934738
2016-08-10 00:00:00+00:00,-0.005154857536192247
2016-08-11 00:00:00+00:00,0.010555092249574072
2016-08-12 00:00:00+00:00,0.002768108725663443
2016-08-15 00:00:00+00:00,0.007594015711043234
2016-08-16 00:00:00+00:00,-0.006028155683409508
2016-08-17 00:00:00+00:00,-0.005164921911360354
2016-08-18 00:00:00+00:00,0.014246689868995088
2016-08-19 00:00:00+00:00,0.0036269268476501805
2016-08-22 00:00:00+00:00,-0.00014148251124841417
2016-08-23 00:00:00+00:00,0.005841710231631958
2016-08-24 00:00:00+00:00,-0.01732388351257883
2016-08-25 00:00:00+00:00,0.0010886463435592075
2016-08-26 00:00:00+00:00,0.0005689381101648516
2016-08-29 00:00:00+00:00,-0.0010930798711473288
2016-08-30 00:00:00+00:00,-0.0015914359932228893
2016-08-31 00:00:00+00:00,-0.004487959161904498
2016-09-01 00:00:00+00:00,-0.00026259076899308714
2016-09-02 00:00:00+00:00,-0.003177559786766726
2016-09-06 00:00:00+00:00,-0.001012977819811778
2016-09-07 00:00:00+00:00,0.003627105881576176
2016-09-08 00:00:00+00:00,0.006812500953674317
2016-09-09 00:00:00+00:00,-0.013417946830567606
2016-09-12 00:00:00+00:00,0.010366053372024852
2016-09-13 00:00:00+00:00,-0.0026638220563038437
2016-09-14 00:00:00+00:00,0.0008582685758037335
2016-09-15 00:00:00+00:00,0.0009716221085363852
2016-09-16 00:00:00+00:00,-0.002135391829224087
2016-09-19 00:00:00+00:00,-0.002606379827659633
2016-09-20 00:00:00+00:00,-0.0008665097099599395
2016-09-21 00:00:00+00:00,8.291001737728009e-05
2016-09-22 00:00:00+00:00,0.0031068092402188885
2016-09-23 00:00:00+00:00,-0.00028543741946451817
2016-09-26 00:00:00+00:00,-0.0024509750290307108
2016-09-27 00:00:00+00:00,0.0007857214934358314
2016-09-28 00:00:00+00:00,-0.003995830877439955
2016-09-29 00:00:00+00:00,-0.0016814438710846201
2016-09-30 00:00:00+00:00,0.004239062492350687
2016-10-03 00:00:00+00:00,0.0008301913350717172
2016-10-04 00:00:00+00:00,0.0003307159861940079
2016-10-05 00:00:00+00:00,0.006314565083794932
2016-10-06 00:00:00+00:00,0.0012228293234337606
2016-10-07 00:00:00+00:00,-0.005657234440670877
2016-10-10 00:00:00+00:00,-0.0005366710843583755
2016-10-11 00:00:00+00:00,-0.008702790874685395
2016-10-12 00:00:00+00:00,-0.0014447822054797221
2016-10-13 00:00:00+00:00,-0.0045738101797497595
2016-10-14 00:00:00+00:00,-0.016808510508781203
2016-10-17 00:00:00+00:00,-0.01091752223218725
2016-10-18 00:00:00+00:00,0.0007370941451077418
2016-10-19 00:00:00+00:00,0.009302328296018647
2016-10-20 00:00:00+00:00,0.0
2016-10-21 00:00:00+00:00,0.008847845621566574
2016-10-24 00:00:00+00:00,0.006379873117373647
2016-10-25 00:00:00+00:00,0.0035749489481657236
2016-10-26 00:00:00+00:00,-0.004227168604540021
2016-10-27 00:00:00+00:00,-0.00019102001994175666
2016-10-28 00:00:00+00:00,-0.004677291518243919
2016-10-31 00:00:00+00:00,-0.004138498430247095
2016-11-01 00:00:00+00:00,-0.0002515875295887149
2016-11-02 00:00:00+00:00,-0.006838354207557317
2016-11-03 00:00:00+00:00,0.002232393512422348
2016-11-04 00:00:00+00:00,0.000247464680130971
2016-11-07 00:00:00+00:00,0.00857855582468603
2016-11-08 00:00:00+00:00,0.0022621376409311276
2016-11-09 00:00:00+00:00,0.020328939634608377
2016-11-10 00:00:00+00:00,0.010762491444766865
2016-11-11 00:00:00+00:00,-0.005402792539078338
2016-11-14 00:00:00+00:00,0.01424536929787803
2016-11-15 00:00:00+00:00,0.008999054269711681
2016-11-16 00:00:00+00:00,-0.009014745153400306
2016-11-17 00:00:00+00:00,0.00398714074200679
2016-11-18 00:00:00+00:00,0.0027128828694530593
2016-11-21 00:00:00+00:00,0.0033225006395395163
2016-11-22 00:00:00+00:00,-0.0012710245586933454
2016-11-23 00:00:00+00:00,-0.0008222595203310589
2016-11-25 00:00:00+00:00,-0.00010826710312843418
2016-11-28 00:00:00+00:00,0.0
2016-11-29 00:00:00+00:00,0.0
2016-11-30 00:00:00+00:00,0.0
2016-12-01 00:00:00+00:00,0.0
2016-12-02 00:00:00+00:00,0.0
2016-12-05 00:00:00+00:00,0.0
2016-12-06 00:00:00+00:00,0.0
2016-12-07 00:00:00+00:00,0.0
2016-12-08 00:00:00+00:00,0.0036263878189252588
2016-12-09 00:00:00+00:00,-0.0004332811660313629
2016-12-12 00:00:00+00:00,-0.0004341261557706755
2016-12-13 00:00:00+00:00,0.002465585132362813
2016-12-14 00:00:00+00:00,-0.0025788045435078287
2016-12-15 00:00:00+00:00,-0.0008707916209799826
2016-12-16 00:00:00+00:00,-0.0017314488213981292
2016-12-19 00:00:00+00:00,0.0009990168235211483
2016-12-20 00:00:00+00:00,-0.0017899336395900355
2016-12-21 00:00:00+00:00,0.001542844822984124
2016-12-22 00:00:00+00:00,-0.0024470552725680992
2016-12-23 00:00:00+00:00,0.001069171690809023
2016-12-27 00:00:00+00:00,0.0013653767398793982
2016-12-28 00:00:00+00:00,-0.0022729199168918246
2016-12-29 00:00:00+00:00,-0.0003252157329331817
2016-12-30 00:00:00+00:00,-0.003460150751780744
2017-01-03 00:00:00+00:00,-0.00021010194685939788
2017-01-04 00:00:00+00:00,0.00433511397067834
2017-01-05 00:00:00+00:00,-0.00010716951044353884
2017-01-06 00:00:00+00:00,-0.002438648698460599
2017-01-09 00:00:00+00:00,-0.0006090814356007668
2017-01-10 00:00:00+00:00,-0.0016136251963539071
2017-01-11 00:00:00+00:00,-0.0007027949530552969
2017-01-12 00:00:00+00:00,0.0009747200084960106
2017-01-13 00:00:00+00:00,-0.001080380419461191
2017-01-17 00:00:00+00:00,-0.0022139760420069265
2017-01-18 00:00:00+00:00,0.0
2017-01-19 00:00:00+00:00,0.0
2017-01-20 00:00:00+00:00,0.0
2017-01-23 00:00:00+00:00,0.0
2017-01-24 00:00:00+00:00,0.0
2017-01-25 00:00:00+00:00,-0.0002
2017-01-26 00:00:00+00:00,-0.0038610039178708978
2017-01-27 00:00:00+00:00,-0.003937007933143666
2017-01-30 00:00:00+00:00,0.0016064318554496193
2017-01-31 00:00:00+00:00,0.00717131159244686
2017-02-01 00:00:00+00:00,0.005384621253380395
2017-02-02 00:00:00+00:00,0.002247185232121485
2017-02-03 00:00:00+00:00,0.0044444472701461015
2017-02-06 00:00:00+00:00,-0.006521736276022083
2017-02-07 00:00:00+00:00,0.0
2017-02-08 00:00:00+00:00,-0.0037453182450392975
2017-02-09 00:00:00+00:00,0.006106864227211517
2017-02-10 00:00:00+00:00,0.0007407435664424256
2017-02-13 00:00:00+00:00,0.004428047033386706
2017-02-14 00:00:00+00:00,0.0014440350186445184
2017-02-15 00:00:00+00:00,0.015053766381236632
2017-02-16 00:00:00+00:00,-0.005333328247070312
2017-02-17 00:00:00+00:00,-0.0041614998684340815
2017-02-21 00:00:00+00:00,-0.0023530747195838588
2017-02-22 00:00:00+00:00,-0.002121328508734699
2017-02-23 00:00:00+00:00,0.0043956272095848625
2017-02-24 00:00:00+00:00,0.001290239949105354
2017-02-27 00:00:00+00:00,-0.0002848411325167222
2017-02-28 00:00:00+00:00,-0.004179857883162107
2017-03-01 00:00:00+00:00,-0.0009025138065808846
2017-03-02 00:00:00+00:00,-0.00915244905475121
2017-03-03 00:00:00+00:00,0.002602320166236982
2017-03-06 00:00:00+00:00,3.7856127088620184e-05
2017-03-07 00:00:00+00:00,-0.0005160911151466108
2017-03-08 00:00:00+00:00,0.000173752013377948
2017-03-09 00:00:00+00:00,-0.0010028963679324931
2017-03-10 00:00:00+00:00,0.0010673185266830254
2017-03-13 00:00:00+00:00,-0.00031122742940594696
2017-03-14 00:00:00+00:00,-0.003160003856578375
2017-03-15 00:00:00+00:00,0.0022860979051842365
2017-03-16 00:00:00+00:00,0.005426722933237893
2017-03-17 00:00:00+00:00,-0.009803871941285847
2017-03-20 00:00:00+00:00,0.00011434957860720907
2017-03-21 00:00:00+00:00,-0.0052982526190065386
2017-03-22 00:00:00+00:00,0.0009396879946383052
2017-03-23 00:00:00+00:00,-0.0006142201796867751
2017-03-24 00:00:00+00:00,0.0068513715159506106
2017-03-27 00:00:00+00:00,0.0010184173999003402
2017-03-28 00:00:00+00:00,0.0036241172417451617
2017-03-29 00:00:00+00:00,-0.00031171814183492683
2017-03-30 00:00:00+00:00,0.0008253860475457842
2017-03-31 00:00:00+00:00,9.939781392085401e-05
2017-04-03 00:00:00+00:00,0.014356882406236249
2017-04-04 00:00:00+00:00,0.0067199066038771795
2017-04-05 00:00:00+00:00,-0.005593518449219248
2017-04-06 00:00:00+00:00,0.0037546960011827003
2017-04-07 00:00:00+00:00,0.003035676312144897
2017-04-10 00:00:00+00:00,0.005133891680884695
2017-04-11 00:00:00+00:00,-0.001005704237060545
2017-04-12 00:00:00+00:00,-0.007929864271451259
2017-04-13 00:00:00+00:00,0.0010165377784374207
2017-04-17 00:00:00+00:00,0.0029323002808366192
2017-04-18 00:00:00+00:00,0.00285758881497733
2017-04-19 00:00:00+00:00,0.002478429963534201
2017-04-20 00:00:00+00:00,-0.0012328427403240248
2017-04-21 00:00:00+00:00,-0.0005217017336145658
2017-04-24 00:00:00+00:00,-3.506568380455804e-05
2017-04-25 00:00:00+00:00,-0.001345337565817517
2017-04-26 00:00:00+00:00,-0.0006598472169064174
2017-04-27 00:00:00+00:00,0.0006009603480730654
2017-04-28 00:00:00+00:00,-9.422098260822854e-05
2017-05-01 00:00:00+00:00,0.0003115027402658788
2017-05-02 00:00:00+00:00,-0.00014059760500186852
2017-05-03 00:00:00+00:00,0.0001166107982912834
2017-05-04 00:00:00+00:00,0.0007764473104117542
2017-05-05 00:00:00+00:00,0.0030161698972337447
2017-05-08 00:00:00+00:00,-0.0026285420548578077
2017-05-09 00:00:00+00:00,0.0
2017-05-10 00:00:00+00:00,-0.0003473827714968403
2017-05-11 00:00:00+00:00,0.0016240827764322674
2017-05-12 00:00:00+00:00,0.0
2017-05-15 00:00:00+00:00,-0.0030686958887656155
2017-05-16 00:00:00+00:00,-0.0008569219566534559
2017-05-17 00:00:00+00:00,-0.006455441578715582
2017-05-18 00:00:00+00:00,0.003072581699148769
2017-05-19 00:00:00+00:00,0.003915010339281611
2017-05-22 00:00:00+00:00,0.005896698810432177
2017-05-23 00:00:00+00:00,-0.0031131557321139704
2017-05-24 00:00:00+00:00,0.003176678931720667
2017-05-25 00:00:00+00:00,-0.00012015102848750292
2017-05-26 00:00:00+00:00,-0.0009015859563831441
2017-05-30 00:00:00+00:00,0.01724363251193302
2017-05-31 00:00:00+00:00,-0.02040293721582729
2017-06-01 00:00:00+00:00,6.044082694902642e-05
2017-06-02 00:00:00+00:00,-0.003827966050451681
2017-06-05 00:00:00+00:00,-0.011951998464940328
2017-06-06 00:00:00+00:00,-0.008059825980707447
2017-06-07 00:00:00+00:00,0.0009778382132804575
2017-06-08 00:00:00+00:00,-0.003977727728360869
2017-06-09 00:00:00+00:00,0.014171216741212333
2017-06-12 00:00:00+00:00,-0.01588390308340455
2017-06-13 00:00:00+00:00,0.005251110947752824
2017-06-14 00:00:00+00:00,-0.001660600839697847
2017-06-15 00:00:00+00:00,-0.010071425714202355
2017-06-16 00:00:00+00:00,0.0032051607789659164
2017-06-19 00:00:00+00:00,0.027944007855072506
2017-06-20 00:00:00+00:00,-0.029451516028732694
2017-06-21 00:00:00+00:00,-0.0035591635868976548
2017-06-22 00:00:00+00:00,0.0004019004649993459
2017-06-23 00:00:00+00:00,0.0022370899948130907
2017-06-26 00:00:00+00:00,0.008771508051671298
2017-06-27 00:00:00+00:00,-0.004611777155972474
2017-06-28 00:00:00+00:00,-0.0011696332784138174
2017-06-29 00:00:00+00:00,-0.012310802993592307
2017-06-30 00:00:00+00:00,0.00289167994059667
2017-07-03 00:00:00+00:00,-0.0060111370663710854
2017-07-05 00:00:00+00:00,0.005816585439791
2017-07-06 00:00:00+00:00,-0.011709947929081355
2017-07-07 00:00:00+00:00,0.00729053987845738
2017-07-10 00:00:00+00:00,-0.0005557571442587282
2017-07-11 00:00:00+00:00,0.006341286274954405
2017-07-12 00:00:00+00:00,0.00422829339270241
2017-07-13 00:00:00+00:00,0.0
2017-07-14 00:00:00+00:00,0.0
2017-07-17 00:00:00+00:00,0.0018604603848716207
2017-07-18 00:00:00+00:00,-0.007373265030522847
2017-07-19 00:00:00+00:00,-0.0028708182294341356
2017-07-20 00:00:00+00:00,0.003883497662633717
2017-07-21 00:00:00+00:00,-0.006666661822606645
2017-07-24 00:00:00+00:00,-0.002955669961671381
2017-07-25 00:00:00+00:00,-0.0030000050862630133
2017-07-26 00:00:00+00:00,0.007830832005180555
2017-07-27 00:00:00+00:00,-0.017348338475018266
2017-07-28 00:00:00+00:00,-0.004546414570482904
2017-07-31 00:00:00+00:00,-0.006658817245830062
2017-08-01 00:00:00+00:00,-8.15109326996355e-05
2017-08-02 00:00:00+00:00,0.0006112551755347529
2017-08-03 00:00:00+00:00,0.01217042792393137
2017-08-04 00:00:00+00:00,-0.0072667036230176455
2017-08-07 00:00:00+00:00,0.009272767938234061
2017-08-08 00:00:00+00:00,0.0032542444469526367
2017-08-09 00:00:00+00:00,0.0008286716265540672
2017-08-10 00:00:00+00:00,-0.0039259908077832195
2017-08-11 00:00:00+00:00,0.0020975744202934798
2017-08-14 00:00:00+00:00,0.004440275113618419
2017-08-15 00:00:00+00:00,0.0017955076451409368
2017-08-16 00:00:00+00:00,-0.0032084586807982875
2017-08-17 00:00:00+00:00,-0.00563369603797721
2017-08-18 00:00:00+00:00,-0.00047791146704014855
2017-08-21 00:00:00+00:00,0.000839620421581988
2017-08-22 00:00:00+00:00,0.0064695106849075755
2017-08-23 00:00:00+00:00,0.0009905842144235955
2017-08-24 00:00:00+00:00,0.0
2017-08-25 00:00:00+00:00,0.0
2017-08-28 00:00:00+00:00,0.0007142909630198258
2017-08-29 00:00:00+00:00,-0.00099646293417317
2017-08-30 00:00:00+00:00,0.0031473767495676873
2017-08-31 00:00:00+00:00,0.0
2017-09-01 00:00:00+00:00,0.010140848231614364
2017-09-05 00:00:00+00:00,-0.0046916962210418415
2017-09-06 00:00:00+00:00,0.001392243071045929
2017-09-07 00:00:00+00:00,-0.004320979440483286
2017-09-08 00:00:00+00:00,0.00293351966064197
2017-09-11 00:00:00+00:00,-0.00681296527649875
2017-09-12 00:00:00+00:00,0.0016428345200369511
2017-09-13 00:00:00+00:00,0.005499678566492782
2017-09-14 00:00:00+00:00,0.00884629163704267
2017-09-15 00:00:00+00:00,-0.011411499595624108
2017-09-18 00:00:00+00:00,-0.003288868671699041
2017-09-19 00:00:00+00:00,-0.003475228341731551
2017-09-20 00:00:00+00:00,-0.006375830752346623
2017-09-21 00:00:00+00:00,-0.005000167601629712
2017-09-22 00:00:00+00:00,-0.006936822058524306
2017-09-25 00:00:00+00:00,0.0032440590105559997
2017-09-26 00:00:00+00:00,-0.0017737784936917799
2017-09-27 00:00:00+00:00,0.0030708010247592066
2017-09-28 00:00:00+00:00,0.0019256030453313588
2017-09-29 00:00:00+00:00,0.005123521939784714
2017-10-02 00:00:00+00:00,-0.003361138555944043
2017-10-03 00:00:00+00:00,-0.002836809946679719
2017-10-04 00:00:00+00:00,0.0044243609815912245
2017-10-05 00:00:00+00:00,0.0011365564702461085
2017-10-06 00:00:00+00:00,-0.0009833842975836226
2017-10-09 00:00:00+00:00,-0.001559695529825089
2017-10-10 00:00:00+00:00,0.012948152984931016
2017-10-11 00:00:00+00:00,-0.0032457208024988748
2017-10-12 00:00:00+00:00,-0.006106838132687642
2017-10-13 00:00:00+00:00,-0.0012440933869037661
2017-10-16 00:00:00+00:00,0.016171582789428297
2017-10-17 00:00:00+00:00,-0.01759408144762644
2017-10-18 00:00:00+00:00,-0.009860864998909145
2017-10-19 00:00:00+00:00,0.0011473668751331711
2017-10-20 00:00:00+00:00,-0.006278781965107005
2017-10-23 00:00:00+00:00,0.008901921364852771
2017-10-24 00:00:00+00:00,-0.0015345731455171264
2017-10-25 00:00:00+00:00,-0.002607070550093682
2017-10-26 00:00:00+00:00,0.01441922569828522
2017-10-27 00:00:00+00:00,0.0019641073968188483
2017-10-30 00:00:00+00:00,-0.0039881681149918965
2017-10-31 00:00:00+00:00,0.012977160460052262
2017-11-01 00:00:00+00:00,0.016507421118291
2017-11-02 00:00:00+00:00,-0.016701843150077677
2017-11-03 00:00:00+00:00,0.02024041759999016
2017-11-06 00:00:00+00:00,-0.019665294683736522
2017-11-07 00:00:00+00:00,-0.015670208999578848
2017-11-08 00:00:00+00:00,-0.007038156936291795
2017-11-09 00:00:00+00:00,0.001456158743579139
2017-11-10 00:00:00+00:00,0.017121594980858967
2017-11-13 00:00:00+00:00,-0.007227856036595392
2017-11-14 00:00:00+00:00,0.0023272467819170253
2017-11-15 00:00:00+00:00,-0.007790559630268512
2017-11-16 00:00:00+00:00,0.014865800596326296
2017-11-17 00:00:00+00:00,-0.002633737765013122
2017-11-20 00:00:00+00:00,0.006778576665365188
2017-11-21 00:00:00+00:00,0.0044057419667200785
2017-11-22 00:00:00+00:00,0.0008506600148190825
2017-11-24 00:00:00+00:00,0.0019143706738292908
2017-11-27 00:00:00+00:00,-0.0038097084559064907
2017-11-28 00:00:00+00:00,0.00011078485183562137
2017-11-29 00:00:00+00:00,0.0004032908216063946
2017-11-30 00:00:00+00:00,-0.005079731013763222
2017-12-01 00:00:00+00:00,-0.009116195642102688
2017-12-04 00:00:00+00:00,-0.00858858972081078
2017-12-05 00:00:00+00:00,-0.0075464710391336945
2017-12-06 00:00:00+00:00,0.002903127753028456
2017-12-07 00:00:00+00:00,0.004508177676957792
2017-12-08 00:00:00+00:00,0.004456596036590344
2017-12-11 00:00:00+00:00,-0.0007360639484748297
2017-12-12 00:00:00+00:00,0.009702730084975353
2017-12-13 00:00:00+00:00,0.0056877903043179865
2017-12-14 00:00:00+00:00,-0.0011899157948501715
2017-12-15 00:00:00+00:00,0.0009040215210162517
2017-12-18 00:00:00+00:00,0.0022454502222718498
2017-12-19 00:00:00+00:00,0.0005630202300956677
2017-12-20 00:00:00+00:00,0.0015071804070432516
2017-12-21 00:00:00+00:00,0.0010197766261655695
2017-12-22 00:00:00+00:00,0.00014343110370067542
2017-12-26 00:00:00+00:00,0.001574784311232591
2017-12-27 00:00:00+00:00,0.0015625118879331267
2017-12-28 00:00:00+00:00,-0.0007752071999163502
2017-12-29 00:00:00+00:00,-0.0023346102386963665
2018-01-02 00:00:00+00:00,0.003936999119002316
2018-01-03 00:00:00+00:00,-0.001172199088151715
2018-01-04 00:00:00+00:00,0.0
2018-01-05 00:00:00+00:00,0.0
2018-01-08 00:00:00+00:00,0.0
2018-01-09 00:00:00+00:00,0.0
2018-01-10 00:00:00+00:00,0.0
2018-01-11 00:00:00+00:00,0.0
2018-01-12 00:00:00+00:00,0.0
2018-01-16 00:00:00+00:00,0.0
2018-01-17 00:00:00+00:00,0.0
2018-01-18 00:00:00+00:00,0.0
2018-01-19 00:00:00+00:00,0.0
2018-01-22 00:00:00+00:00,0.0
2018-01-23 00:00:00+00:00,0.0
2018-01-24 00:00:00+00:00,0.0
2018-01-25 00:00:00+00:00,0.0
2018-01-26 00:00:00+00:00,0.0
2018-01-29 00:00:00+00:00,0.0
2018-01-30 00:00:00+00:00,0.0
2018-01-31 00:00:00+00:00,-0.0002
2018-02-01 00:00:00+00:00,0.012992821706344792
2018-02-02 00:00:00+00:00,0.012376422058446978
2018-02-05 00:00:00+00:00,-0.017586206896551725
2018-02-06 00:00:00+00:00,0.004949422955160565
2018-02-07 00:00:00+00:00,-0.0038819819318568483
2018-02-08 00:00:00+00:00,-0.006205842003977957
2018-02-09 00:00:00+00:00,-0.003611112990504628
2018-02-12 00:00:00+00:00,0.007566669713168661
2018-02-13 00:00:00+00:00,0.007403389746746436
2018-02-14 00:00:00+00:00,0.002907868781788503
2018-02-15 00:00:00+00:00,0.0048332007292142265
2018-02-16 00:00:00+00:00,-0.008356695685999328
2018-02-20 00:00:00+00:00,-0.005659046916735311
2018-02-21 00:00:00+00:00,0.019664607786842758
2018-02-22 00:00:00+00:00,0.010862795362100774
2018-02-23 00:00:00+00:00,0.015351443902118289
2018-02-26 00:00:00+00:00,0.0019683784464376687
2018-02-27 00:00:00+00:00,-0.006677537281879453
2018-02-28 00:00:00+00:00,-0.0027209876655004627
2018-03-01 00:00:00+00:00,0.006823537489437071
2018-03-02 00:00:00+00:00,0.0
2018-03-05 00:00:00+00:00,0.002666724146341748
2018-03-06 00:00:00+00:00,0.0029772150564832296
2018-03-07 00:00:00+00:00,-0.000696203554765118
2018-03-08 00:00:00+00:00,0.00012351864682853543
2018-03-09 00:00:00+00:00,0.0014325089339239482
2018-03-12 00:00:00+00:00,0.0021191107614590534
2018-03-13 00:00:00+00:00,-0.002026118565917856
2018-03-14 00:00:00+00:00,-0.006171217965893083
2018-03-15 00:00:00+00:00,-0.007594516525243211
2018-03-16 00:00:00+00:00,0.0011699004914025092
2018-03-19 00:00:00+00:00,-0.008215042427068187
2018-03-20 00:00:00+00:00,-0.0011530704225952038
2018-03-21 00:00:00+00:00,0.003998357249732054
2018-03-22 00:00:00+00:00,-0.009414635464265176
2018-03-23 00:00:00+00:00,-0.007190262348145326
2018-03-26 00:00:00+00:00,0.00970451197297657
2018-03-27 00:00:00+00:00,-0.011385067369541368
2018-03-28 00:00:00+00:00,-0.003254033233254905
2018-03-29 00:00:00+00:00,0.009252015750263265
2018-04-02 00:00:00+00:00,-0.019020716728911147
2018-04-03 00:00:00+00:00,0.005573315293978931
2018-04-04 00:00:00+00:00,0.004322454275924814
2018-04-05 00:00:00+00:00,0.0006180800016005961
2018-04-06 00:00:00+00:00,-0.003412314628395796
2018-04-09 00:00:00+00:00,0.0009643079350509787
2018-04-10 00:00:00+00:00,8.793340911632548e-05
2018-04-11 00:00:00+00:00,0.0
2018-04-12 00:00:00+00:00,0.0
2018-04-13 00:00:00+00:00,0.0
2018-04-16 00:00:00+00:00,0.0
2018-04-17 00:00:00+00:00,0.0
2018-04-18 00:00:00+00:00,0.0
2018-04-19 00:00:00+00:00,-0.005592859224188684
2018-04-20 00:00:00+00:00,-0.004727021714524882
2018-04-23 00:00:00+00:00,-0.0030954674864410283
2018-04-24 00:00:00+00:00,-0.004334970248950376
2018-04-25 00:00:00+00:00,0.0005341952628941993
2018-04-26 00:00:00+00:00,0.0012402009937043878
2018-04-27 00:00:00+00:00,0.0020483824841405875
2018-04-30 00:00:00+00:00,-0.0028867997609330898
2018-05-01 00:00:00+00:00,0.0013751594327833017
2018-05-02 00:00:00+00:00,-0.0017732681820558094
2018-05-03 00:00:00+00:00,-0.008662014640721027
2018-05-04 00:00:00+00:00,0.007606713450802527
2018-05-07 00:00:00+00:00,0.00425497171925342
2018-05-08 00:00:00+00:00,0.002463250076697099
2018-05-09 00:00:00+00:00,0.002518469163705439
2018-05-10 00:00:00+00:00,0.004565381287765802
2018-05-11 00:00:00+00:00,0.006017364690461613
2018-05-14 00:00:00+00:00,0.0010985650090742593
2018-05-15 00:00:00+00:00,-0.007046983266868478
2018-05-16 00:00:00+00:00,0.0028625840154041793
2018-05-17 00:00:00+00:00,-0.000667828786755309
2018-05-18 00:00:00+00:00,-0.00012119144833462325
2018-05-21 00:00:00+00:00,-0.0019472043710228037
2018-05-22 00:00:00+00:00,0.0014549565426499101
2018-05-23 00:00:00+00:00,0.0029032125018085162
2018-05-24 00:00:00+00:00,0.0004652008191079471
2018-05-25 00:00:00+00:00,0.0012657696774317274
2018-05-29 00:00:00+00:00,0.000414936521495002
2018-05-30 00:00:00+00:00,0.0
2018-05-31 00:00:00+00:00,0.0
2018-06-01 00:00:00+00:00,0.0
2018-06-04 00:00:00+00:00,0.0023842860611598795
2018-06-05 00:00:00+00:00,0.00232944067082812
2018-06-06 00:00:00+00:00,-0.0026315764707210976
2018-06-07 00:00:00+00:00,-0.007111104329427076
2018-06-08 00:00:00+00:00,0.00011521000610876797
2018-06-11 00:00:00+00:00,0.004605637296537157
2018-06-12 00:00:00+00:00,0.004952150989019799
2018-06-13 00:00:00+00:00,0.0012081341667431467
2018-06-14 00:00:00+00:00,0.004971226440726695
2018-06-15 00:00:00+00:00,-0.00606357289423176
2018-06-18 00:00:00+00:00,-0.0015693423509397287
2018-06-19 00:00:00+00:00,0.008529558378757773
2018-06-20 00:00:00+00:00,0.017220360909155373
2018-06-21 00:00:00+00:00,-0.040799245078769066
2018-06-22 00:00:00+00:00,-0.022217080167211002
2018-06-25 00:00:00+00:00,-0.014443492000697167
2018-06-26 00:00:00+00:00,0.004128609126292648
2018-06-27 00:00:00+00:00,-0.007246350061669649
2018-06-28 00:00:00+00:00,-0.011598882664677523
2018-06-29 00:00:00+00:00,0.007865332083497555
2018-07-02 00:00:00+00:00,-0.0025011839801517112
2018-07-03 00:00:00+00:00,-0.00426071257647227
2018-07-05 00:00:00+00:00,-0.0010937526604079205
2018-07-06 00:00:00+00:00,0.010678136874236887
2018-07-09 00:00:00+00:00,0.0010778893843343962
2018-07-10 00:00:00+00:00,0.0010465752006835415
2018-07-11 00:00:00+00:00,-0.015069771415428913
2018-07-12 00:00:00+00:00,0.006059436001129459
2018-07-13 00:00:00+00:00,-0.010600690560329107
2018-07-16 00:00:00+00:00,0.0036465480409819673
2018-07-17 00:00:00+00:00,0.002345175737678806
2018-07-18 00:00:00+00:00,0.00874476732070475
2018-07-19 00:00:00+00:00,-0.0009220235803193644
2018-07-20 00:00:00+00:00,-0.0006041079265260097
2018-07-23 00:00:00+00:00,-0.0021813750070345693
2018-07-24 00:00:00+00:00,-0.000245050475212949
2018-07-25 00:00:00+00:00,0.0012267429820334464
2018-07-26 00:00:00+00:00,0.0061775986591862345
2018-07-27 00:00:00+00:00,-0.011866736175921776
2018-07-30 00:00:00+00:00,-0.007921217070657915
2018-07-31 00:00:00+00:00,0.008422438937207843
2018-08-01 00:00:00+00:00,-0.0004187604636601616
2018-08-02 00:00:00+00:00,0.010113304991557737
2018-08-03 00:00:00+00:00,-0.004993009664569947
2018-08-06 00:00:00+00:00,4.0956814189963e-05
2018-08-07 00:00:00+00:00,-0.002498454121823079
2018-08-08 00:00:00+00:00,0.002413018512435827
2018-08-09 00:00:00+00:00,0.0
2018-08-10 00:00:00+00:00,0.0
2018-08-13 00:00:00+00:00,0.0
2018-08-14 00:00:00+00:00,0.0
2018-08-15 00:00:00+00:00,-0.0014774450866191335
2018-08-16 00:00:00+00:00,0.0006050195759374155
2018-08-17 00:00:00+00:00,0.004561762949701231
2018-08-20 00:00:00+00:00,0.001032032156236884
2018-08-21 00:00:00+00:00,0.0009901350783055652
2018-08-22 00:00:00+00:00,0.001860883129225721
2018-08-23 00:00:00+00:00,0.0014461646852065968
2018-08-24 00:00:00+00:00,0.00010774883546917912
2018-08-27 00:00:00+00:00,0.0021883099143043872
2018-08-28 00:00:00+00:00,0.0003549198297823963
2018-08-29 00:00:00+00:00,-0.0017003639182834984
2018-08-30 00:00:00+00:00,-0.010146537828864188
2018-08-31 00:00:00+00:00,0.0015054915581139028
2018-09-04 00:00:00+00:00,-0.015427725408949544
2018-09-05 00:00:00+00:00,-0.00016188712467111178
2018-09-06 00:00:00+00:00,8.102998578638499e-05
2018-09-07 00:00:00+00:00,0.001660212704070485
2018-09-10 00:00:00+00:00,0.001967928017728893
2018-09-11 00:00:00+00:00,-0.005209816577839166
2018-09-12 00:00:00+00:00,0.0018008108668772448
2018-09-13 00:00:00+00:00,0.0
2018-09-14 00:00:00+00:00,0.0
2018-09-17 00:00:00+00:00,0.0
2018-09-18 00:00:00+00:00,0.0
2018-09-19 00:00:00+00:00,0.0
2018-09-20 00:00:00+00:00,0.0
2018-09-21 00:00:00+00:00,0.0
2018-09-24 00:00:00+00:00,0.0
2018-09-25 00:00:00+00:00,0.0
2018-09-26 00:00:00+00:00,-0.003095838095765835
2018-09-27 00:00:00+00:00,0.006729849020251066
2018-09-28 00:00:00+00:00,-0.009628603968562067
2018-10-01 00:00:00+00:00,-0.0004020860934633717
2018-10-02 00:00:00+00:00,-0.003722147957515709
2018-10-03 00:00:00+00:00,0.005419408387281921
2018-10-04 00:00:00+00:00,-0.0005546992591290989
2018-10-05 00:00:00+00:00,-0.007697638142178808
2018-10-08 00:00:00+00:00,-0.013394487351535367
2018-10-09 00:00:00+00:00,-0.009891593475069361
2018-10-10 00:00:00+00:00,-0.01807890251098119
2018-10-11 00:00:00+00:00,-0.01785056388179196
2018-10-12 00:00:00+00:00,0.03346943731928298
2018-10-15 00:00:00+00:00,0.011165611439420608
2018-10-16 00:00:00+00:00,0.05893998610255109
2018-10-17 00:00:00+00:00,-0.0008654125234569987
2018-10-18 00:00:00+00:00,-0.024495978446517318
2018-10-19 00:00:00+00:00,-0.005097805569735913
2018-10-22 00:00:00+00:00,-0.04691400791298572
2018-10-23 00:00:00+00:00,0.0066989187493337495
2018-10-24 00:00:00+00:00,-0.038271250899090156
2018-10-25 00:00:00+00:00,0.06352727261795477
2018-10-26 00:00:00+00:00,-0.005650302918363947
2018-10-29 00:00:00+00:00,-0.001203708024419403
2018-10-30 00:00:00+00:00,-0.003983035706634075
2018-10-31 00:00:00+00:00,-0.010844137846713875
2018-11-01 00:00:00+00:00,0.026121315882621655
2018-11-02 00:00:00+00:00,-0.00863124963455073
2018-11-05 00:00:00+00:00,-0.018098875966968287
2018-11-06 00:00:00+00:00,-0.0076952363947365935
2018-11-07 00:00:00+00:00,-0.007043678930758612
2018-11-08 00:00:00+00:00,0.002009513070628577
2018-11-09 00:00:00+00:00,-0.005100663877681022
2018-11-12 00:00:00+00:00,-0.010287949705740252
2018-11-13 00:00:00+00:00,0.0016709962787097021
2018-11-14 00:00:00+00:00,-0.008299307021899339
2018-11-15 00:00:00+00:00,0.00022717909342397923
2018-11-16 00:00:00+00:00,-0.00020333136277159698
2018-11-19 00:00:00+00:00,0.00136011008762007
2018-11-20 00:00:00+00:00,-0.019238053036893965
2018-11-21 00:00:00+00:00,0.012057542314945024
2018-11-23 00:00:00+00:00,-0.0121611234360256
2018-11-26 00:00:00+00:00,0.011351663595797801
2018-11-27 00:00:00+00:00,-0.0047186723652763215
2018-11-28 00:00:00+00:00,0.007776499821246818
2018-11-29 00:00:00+00:00,-0.003166068831243529
2018-11-30 00:00:00+00:00,-0.008401151726805644
2018-12-03 00:00:00+00:00,0.01620340717767801
2018-12-04 00:00:00+00:00,-0.028972912603732005
2018-12-06 00:00:00+00:00,-0.004947377792640584
2018-12-07 00:00:00+00:00,-0.008887355227480343
2018-12-10 00:00:00+00:00,0.003418033268246923
2018-12-11 00:00:00+00:00,0.0008212856992656059
2018-12-12 00:00:00+00:00,0.00911493315060381
2018-12-13 00:00:00+00:00,-0.009189513390647863
2018-12-14 00:00:00+00:00,-0.021709933722829877
2018-12-17 00:00:00+00:00,-0.02334584553778376
2018-12-18 00:00:00+00:00,-0.002193371226855101
2018-12-19 00:00:00+00:00,-0.0250937245979981
2018-12-20 00:00:00+00:00,-0.004252666393822269
2018-12-21 00:00:00+00:00,-0.013514631936063393
2018-12-24 00:00:00+00:00,-0.001404651793913847
2018-12-26 00:00:00+00:00,0.06015065622224321
2018-12-27 00:00:00+00:00,-0.0021281716871196068
2018-12-28 00:00:00+00:00,0.023397332206762878
2018-12-31 00:00:00+00:00,0.05405080076916491
2019-01-02 00:00:00+00:00,0.020976514729639194
2019-01-03 00:00:00+00:00,-0.018867132977013347
2019-01-04 00:00:00+00:00,0.032070208777071806
2019-01-07 00:00:00+00:00,0.012661568179414372
2019-01-08 00:00:00+00:00,-0.017245091600202666
2019-01-09 00:00:00+00:00,0.014484937159820178
2019-01-10 00:00:00+00:00,0.008062123220506812
2019-01-11 00:00:00+00:00,0.0028985432464104567
2019-01-14 00:00:00+00:00,0.0028571355910528063
2019-01-15 00:00:00+00:00,0.0
2019-01-16 00:00:00+00:00,-0.0028168943455976203
2019-01-17 00:00:00+00:00,0.0
2019-01-18 00:00:00+00:00,-0.011428578694661452
2019-01-22 00:00:00+00:00,-0.006060590881216288
2019-01-23 00:00:00+00:00,0.009374995653828178
2019-01-24 00:00:00+00:00,-0.0002
2019-01-25 00:00:00+00:00,0.0
2019-01-28 00:00:00+00:00,0.0
2019-01-29 00:00:00+00:00,0.0
2019-01-30 00:00:00+00:00,0.009503672704720256
2019-01-31 00:00:00+00:00,0.006428372637892199
2019-02-01 00:00:00+00:00,0.003807186800804208
2019-02-04 00:00:00+00:00,0.0009861905973655549
2019-02-05 00:00:00+00:00,-0.006819632180012758
2019-02-06 00:00:00+00:00,-0.0013502005092519865
2019-02-07 00:00:00+00:00,-0.0024351743550166784
2019-02-08 00:00:00+00:00,-0.0025849016233771447
2019-02-11 00:00:00+00:00,0.003324027705749222
2019-02-12 00:00:00+00:00,0.006379751241459486
2019-02-13 00:00:00+00:00,0.001402741163034915
2019-02-14 00:00:00+00:00,-6.260200019256868e-05
2019-02-15 00:00:00+00:00,0.005560685903670581
2019-02-19 00:00:00+00:00,0.002494311769516355
2019-02-20 00:00:00+00:00,-0.0023503926734730783
2019-02-21 00:00:00+00:00,-0.004649500451818644
2019-02-22 00:00:00+00:00,0.011885325907445043
2019-02-25 00:00:00+00:00,0.01124357401995626
2019-02-26 00:00:00+00:00,0.007962668688969776
2019-02-27 00:00:00+00:00,0.011986063294396443
2019-02-28 00:00:00+00:00,-0.00035361446741857263
2019-03-01 00:00:00+00:00,0.008327032377152642
2019-03-04 00:00:00+00:00,-0.015345559405459452
2019-03-05 00:00:00+00:00,-0.004670219594792191
2019-03-06 00:00:00+00:00,-0.0029732156908733876
2019-03-07 00:00:00+00:00,-0.0039944104815161415
2019-03-08 00:00:00+00:00,0.0008799815069722162
2019-03-11 00:00:00+00:00,0.01628340083380484
2019-03-12 00:00:00+00:00,-0.00045882223469300137
2019-03-13 00:00:00+00:00,0.00627573898196232
2019-03-14 00:00:00+00:00,-0.0023649137783543716
2019-03-15 00:00:00+00:00,0.0034032674862167545
2019-03-18 00:00:00+00:00,0.0008624492746938997
2019-03-19 00:00:00+00:00,-0.007519322684803064
2019-03-20 00:00:00+00:00,-0.015963529122922693
2019-03-21 00:00:00+00:00,0.019393773489594635
2019-03-22 00:00:00+00:00,-0.01638190042677199
2019-03-25 00:00:00+00:00,-0.003369190790457277
2019-03-26 00:00:00+00:00,0.003896726770819048
2019-03-27 00:00:00+00:00,-0.006650256349436323
2019-03-28 00:00:00+00:00,-0.005031482507577833
2019-03-29 00:00:00+00:00,-0.002555354789475617
2019-04-01 00:00:00+00:00,-0.0013518037814704842
2019-04-02 00:00:00+00:00,-0.006281363553316943
2019-04-03 00:00:00+00:00,-0.008815358522921746
2019-04-04 00:00:00+00:00,0.01332576369485854
2019-04-05 00:00:00+00:00,0.003986653722079404
2019-04-08 00:00:00+00:00,-0.0026269143227104497
2019-04-09 00:00:00+00:00,-0.003722859727884198
2019-04-10 00:00:00+00:00,-0.004140995312375617
2019-04-11 00:00:00+00:00,0.007532872414292102
2019-04-12 00:00:00+00:00,0.0032382455862653096
2019-04-15 00:00:00+00:00,-0.002595222761593585
2019-04-16 00:00:00+00:00,0.0
2019-04-17 00:00:00+00:00,0.0
2019-04-18 00:00:00+00:00,0.0
2019-04-22 00:00:00+00:00,0.0
2019-04-23 00:00:00+00:00,0.0
2019-04-24 00:00:00+00:00,0.0
2019-04-25 00:00:00+00:00,0.0
2019-04-26 00:00:00+00:00,0.0
2019-04-29 00:00:00+00:00,0.0
2019-04-30 00:00:00+00:00,0.0
2019-05-01 00:00:00+00:00,0.0
2019-05-02 00:00:00+00:00,0.0
2019-05-03 00:00:00+00:00,0.0
2019-05-06 00:00:00+00:00,0.0
2019-05-07 00:00:00+00:00,0.0
2019-05-08 00:00:00+00:00,0.0
2019-05-09 00:00:00+00:00,0.0
2019-05-10 00:00:00+00:00,0.0
2019-05-13 00:00:00+00:00,0.0
2019-05-14 00:00:00+00:00,0.0
2019-05-15 00:00:00+00:00,0.00154123494047973
2019-05-16 00:00:00+00:00,0.0006505276809203765
2019-05-17 00:00:00+00:00,0.0006421783347346779
2019-05-20 00:00:00+00:00,-0.005484607385696272
2019-05-21 00:00:00+00:00,0.005761128801625848
2019-05-22 00:00:00+00:00,-0.004160171787753719
2019-05-23 00:00:00+00:00,-0.00556095728261703
2019-05-24 00:00:00+00:00,-0.0070644631015948315
2019-05-28 00:00:00+00:00,-0.013063190476407027
2019-05-29 00:00:00+00:00,-0.017010322053750016
2019-05-30 00:00:00+00:00,-0.016717078051250975
2019-05-31 00:00:00+00:00,-0.011732897056883629
2019-06-03 00:00:00+00:00,0.0027857550196333848
2019-06-04 00:00:00+00:00,0.01870776792160713
2019-06-05 00:00:00+00:00,-0.0018456741349215156
2019-06-06 00:00:00+00:00,0.00840707927460913
2019-06-07 00:00:00+00:00,-0.02426685611391819
2019-06-10 00:00:00+00:00,-0.00499815860009023
2019-06-11 00:00:00+00:00,-0.0022073544326924504
2019-06-12 00:00:00+00:00,-0.007277380427961185
2019-06-13 00:00:00+00:00,0.013162222416599945
2019-06-14 00:00:00+00:00,-0.006970202244546763
2019-06-17 00:00:00+00:00,0.005480510500463986
2019-06-18 00:00:00+00:00,-0.0035716147050930402
2019-06-19 00:00:00+00:00,0.0024286783102742903
2019-06-20 00:00:00+00:00,0.004671381393366248
2019-06-21 00:00:00+00:00,0.012024659513156477
2019-06-24 00:00:00+00:00,-0.01677435804563445
2019-06-25 00:00:00+00:00,-0.008025507518360436
2019-06-26 00:00:00+00:00,0.01639487799841579
2019-06-27 00:00:00+00:00,0.03331668790262125
2019-06-28 00:00:00+00:00,0.026740035427439766
2019-07-01 00:00:00+00:00,-0.020475836773809576
2019-07-02 00:00:00+00:00,-0.001801897045714851
2019-07-03 00:00:00+00:00,0.006681541536495806
2019-07-05 00:00:00+00:00,0.002354229920551165
2019-07-08 00:00:00+00:00,-0.010574327905562009
2019-07-09 00:00:00+00:00,0.0013322167187332702
2019-07-10 00:00:00+00:00,0.01838196897749942
2019-07-11 00:00:00+00:00,0.00016836927407570812
2019-07-12 00:00:00+00:00,0.004966492788880551
2019-07-15 00:00:00+00:00,-0.00986287096871743
2019-07-16 00:00:00+00:00,-0.008887191190579569
2019-07-17 00:00:00+00:00,-0.016945952498915683
2019-07-18 00:00:00+00:00,-0.0016132377768767858
2019-07-19 00:00:00+00:00,-0.004538712347812335
2019-07-22 00:00:00+00:00,-0.004732582093003845
2019-07-23 00:00:00+00:00,0.016722446602034858
2019-07-24 00:00:00+00:00,0.004640876875946232
2019-07-25 00:00:00+00:00,0.002627791721129746
2019-07-26 00:00:00+00:00,-0.013708380894547045
2019-07-29 00:00:00+00:00,-0.013650792887944884
2019-07-30 00:00:00+00:00,0.0005495403706141433
2019-07-31 00:00:00+00:00,0.00039611955140221865
2019-08-01 00:00:00+00:00,0.019528178307864796
2019-08-02 00:00:00+00:00,-0.015353765913587347
2019-08-05 00:00:00+00:00,-0.008812450723716548
2019-08-06 00:00:00+00:00,-0.004063346555674019
2019-08-07 00:00:00+00:00,0.005181144032828078
2019-08-08 00:00:00+00:00,0.007729871848031201
2019-08-09 00:00:00+00:00,0.0006764801189960146
2019-08-12 00:00:00+00:00,0.0013720479675204845
2019-08-13 00:00:00+00:00,0.0004010706578760237
2019-08-14 00:00:00+00:00,-0.023762519711053698
2019-08-15 00:00:00+00:00,0.0010207509891241306
2019-08-16 00:00:00+00:00,0.014521211721259508
2019-08-19 00:00:00+00:00,0.018556658638409874
2019-08-20 00:00:00+00:00,-0.006669261012081984
2019-08-21 00:00:00+00:00,0.0017832895881043198
2019-08-22 00:00:00+00:00,-0.001072306804266465
2019-08-23 00:00:00+00:00,-0.022146772219482757
2019-08-26 00:00:00+00:00,0.015619810389697352
2019-08-27 00:00:00+00:00,-0.010110371522640715
2019-08-28 00:00:00+00:00,0.008755223726546113
2019-08-29 00:00:00+00:00,0.017946414450741254
2019-08-30 00:00:00+00:00,-3.389744620181378e-05
2019-09-03 00:00:00+00:00,-0.0037035668697572577
2019-09-04 00:00:00+00:00,0.005525230980754637
2019-09-05 00:00:00+00:00,0.0047025492769709135
2019-09-06 00:00:00+00:00,0.0010998134356257738
2019-09-09 00:00:00+00:00,0.010358821707415578
2019-09-10 00:00:00+00:00,0.003654813160335957
2019-09-11 00:00:00+00:00,0.0091190616033044
2019-09-12 00:00:00+00:00,-0.001805724126780861
2019-09-13 00:00:00+00:00,0.0004920184279375128
2019-09-16 00:00:00+00:00,0.006789206591499375
2019-09-17 00:00:00+00:00,-0.006327307117011261
2019-09-18 00:00:00+00:00,-0.0007749746932776523
2019-09-19 00:00:00+00:00,-0.006854812886715233
2019-09-20 00:00:00+00:00,-0.007059911945626673
2019-09-23 00:00:00+00:00,-0.0016973690363837335
2019-09-24 00:00:00+00:00,-0.02251436528946682
2019-09-25 00:00:00+00:00,0.010846062625204756
2019-09-26 00:00:00+00:00,-0.01422926823726336
2019-09-27 00:00:00+00:00,-0.004700017561260972
2019-09-30 00:00:00+00:00,-0.003988428138932542
2019-10-01 00:00:00+00:00,-0.004710688382602668
2019-10-02 00:00:00+00:00,-0.004499907137644809
2019-10-03 00:00:00+00:00,0.00021478685526106213
2019-10-04 00:00:00+00:00,0.017226348035971006
2019-10-07 00:00:00+00:00,0.00011796728513422395
2019-10-08 00:00:00+00:00,-0.007833358783886135
2019-10-09 00:00:00+00:00,0.0162544394503084
2019-10-10 00:00:00+00:00,0.0017579874937185824
2019-10-11 00:00:00+00:00,0.0039397759550075856
2019-10-14 00:00:00+00:00,-0.013100114897251958
2019-10-15 00:00:00+00:00,0.021938065980749058
2019-10-16 00:00:00+00:00,-0.005177301222303176
2019-10-17 00:00:00+00:00,0.010156136470353383
2019-10-18 00:00:00+00:00,-0.00959414973778705
2019-10-21 00:00:00+00:00,0.001705025331805521
2019-10-22 00:00:00+00:00,-0.008514735598831069
2019-10-23 00:00:00+00:00,5.4284164349294174e-05
2019-10-24 00:00:00+00:00,0.003358036430922162
2019-10-25 00:00:00+00:00,0.01158341003849861
2019-10-28 00:00:00+00:00,-0.0076954676017195744
2019-10-29 00:00:00+00:00,0.016135944946889483
2019-10-30 00:00:00+00:00,0.004659180337095492
2019-10-31 00:00:00+00:00,-0.021755401593607115
2019-11-01 00:00:00+00:00,0.004888423143578136
2019-11-04 00:00:00+00:00,-0.006016600580862841
2019-11-05 00:00:00+00:00,0.006583399178346495
2019-11-06 00:00:00+00:00,-0.002366182229283931
2019-11-07 00:00:00+00:00,0.0032943093798516896
2019-11-08 00:00:00+00:00,0.0007279381413738184
2019-11-11 00:00:00+00:00,0.008063021693287098
2019-11-12 00:00:00+00:00,-0.002791854631214297
2019-11-13 00:00:00+00:00,-0.010769966473405845
2019-11-14 00:00:00+00:00,-0.0028368550854276143
2019-11-15 00:00:00+00:00,0.0017442753359710127
2019-11-18 00:00:00+00:00,-0.004798041558658839
2019-11-19 00:00:00+00:00,-0.0022718040281435982
2019-11-20 00:00:00+00:00,-0.008169134665812417
2019-11-21 00:00:00+00:00,-0.014629536287715883
2019-11-22 00:00:00+00:00,-0.01562835661813402
2019-11-25 00:00:00+00:00,-0.0018094345692996727
2019-11-26 00:00:00+00:00,-0.01009200210285217
2019-11-27 00:00:00+00:00,-0.0018120730343516688
2019-11-29 00:00:00+00:00,-0.001356230369935596
2019-12-02 00:00:00+00:00,-0.016937361931850668
2019-12-03 00:00:00+00:00,-0.010360702854780834
2019-12-04 00:00:00+00:00,-0.005620355336785332
2019-12-05 00:00:00+00:00,-0.03128287290510987
2019-12-06 00:00:00+00:00,0.10501298639378476
2019-12-09 00:00:00+00:00,0.008333314916428214
2019-12-10 00:00:00+00:00,0.021978779108111836
2019-12-11 00:00:00+00:00,0.010684924378177474
2019-12-12 00:00:00+00:00,-0.0022744362912579417
2019-12-13 00:00:00+00:00,0.01350382136924857
2019-12-16 00:00:00+00:00,-0.026255573691945977
2019-12-17 00:00:00+00:00,0.007830642043920677
2019-12-18 00:00:00+00:00,0.007693385919123097
2019-12-19 00:00:00+00:00,0.005397059458436182
2019-12-20 00:00:00+00:00,-0.004422729357469123
2019-12-23 00:00:00+00:00,-0.013716226662067222
2019-12-24 00:00:00+00:00,0.036839369268184055
2019-12-26 00:00:00+00:00,-0.041016395164290585
2019-12-27 00:00:00+00:00,0.017887469017559443
2019-12-30 00:00:00+00:00,0.014697953580713307
2019-12-31 00:00:00+00:00,-0.03757767444839595
2020-01-02 00:00:00+00:00,-0.04139067849344384
2020-01-03 00:00:00+00:00,-0.001579516363114397
2020-01-06 00:00:00+00:00,8.86619775634756e-05
2020-01-07 00:00:00+00:00,-0.001152140050897188
2020-01-08 00:00:00+00:00,-0.00017028038450972433
2020-01-09 00:00:00+00:00,0.0
2020-01-10 00:00:00+00:00,0.0
2020-01-13 00:00:00+00:00,0.0
2020-01-14 00:00:00+00:00,0.0
2020-01-15 00:00:00+00:00,0.0
2020-01-16 00:00:00+00:00,0.0
2020-01-17 00:00:00+00:00,0.0
2020-01-21 00:00:00+00:00,0.0
2020-01-22 00:00:00+00:00,0.0
2020-01-23 00:00:00+00:00,-0.004868456305628221
2020-01-24 00:00:00+00:00,-0.0052649794826097555
2020-01-27 00:00:00+00:00,-0.0092493735868445
2020-01-28 00:00:00+00:00,0.006490114276517999
2020-01-29 00:00:00+00:00,-0.0007225706470049165
2020-01-30 00:00:00+00:00,0.0029006686587003117
2020-01-31 00:00:00+00:00,-0.004860610300346502
2020-02-03 00:00:00+00:00,-0.0109890309818659
2020-02-04 00:00:00+00:00,-0.0025581411115795484
2020-02-05 00:00:00+00:00,0.01028663045473488
2020-02-06 00:00:00+00:00,-0.009204349430366899
2020-02-07 00:00:00+00:00,-0.0012401941143616035
2020-02-10 00:00:00+00:00,0.004177381355290421
2020-02-11 00:00:00+00:00,-0.01430782296603772
2020-02-12 00:00:00+00:00,0.007825479486497366
2020-02-13 00:00:00+00:00,-0.014101028406790972
2020-02-14 00:00:00+00:00,0.02431456241691632
2020-02-18 00:00:00+00:00,-0.005426919863087809
2020-02-19 00:00:00+00:00,0.00849935484494484
2020-02-20 00:00:00+00:00,0.01160259793927547
2020-02-21 00:00:00+00:00,0.0004237385307777508
2020-02-24 00:00:00+00:00,-0.006342498721461465
2020-02-25 00:00:00+00:00,-0.010480339524720361
2020-02-26 00:00:00+00:00,-0.0038957269036375307
2020-02-27 00:00:00+00:00,-0.032610735308104856
2020-02-28 00:00:00+00:00,0.009902961384605868
2020-03-02 00:00:00+00:00,0.01987036552129382
2020-03-03 00:00:00+00:00,-0.03900482226525022
2020-03-04 00:00:00+00:00,0.014885732513177107
2020-03-05 00:00:00+00:00,-0.026297837032747837
2020-03-06 00:00:00+00:00,-0.03697777817378287
2020-03-09 00:00:00+00:00,-0.11126338920508724
2020-03-10 00:00:00+00:00,0.014111224225410713
2020-03-11 00:00:00+00:00,-0.03040628670960426
2020-03-12 00:00:00+00:00,-0.042553230816479146
2020-03-13 00:00:00+00:00,0.027301650187596317
2020-03-16 00:00:00+00:00,-0.09523295377268126
2020-03-17 00:00:00+00:00,-0.004428182199145603
2020-03-18 00:00:00+00:00,-0.07550713234680465
2020-03-19 00:00:00+00:00,0.10854427887352376
2020-03-20 00:00:00+00:00,-0.05088880233898026
2020-03-23 00:00:00+00:00,-0.05059784756981356
2020-03-24 00:00:00+00:00,0.0467204756112668
2020-03-25 00:00:00+00:00,0.011156996088710125
2020-03-26 00:00:00+00:00,0.0501776231889834
2020-03-27 00:00:00+00:00,-0.025841586152017017
2020-03-30 00:00:00+00:00,-0.006208548346565923
2020-03-31 00:00:00+00:00,0.019147585494587307
2020-04-01 00:00:00+00:00,-0.05282006196540834
2020-04-02 00:00:00+00:00,0.028582917332087822
2020-04-03 00:00:00+00:00,-0.037234043168852704
2020-04-06 00:00:00+00:00,0.07483646935533073
2020-04-07 00:00:00+00:00,-0.0016865011409973763
2020-04-08 00:00:00+00:00,0.06435116738271662
2020-04-09 00:00:00+00:00,0.013776107796895998
2020-04-13 00:00:00+00:00,-0.02254233962508745
2020-04-14 00:00:00+00:00,0.0198791900266432
2020-04-15 00:00:00+00:00,-0.015391645820363054
2020-04-16 00:00:00+00:00,-0.020569276469497445
2020-04-17 00:00:00+00:00,0.014926083079849262
2020-04-20 00:00:00+00:00,-0.007876185450353313
2020-04-21 00:00:00+00:00,-0.01120616848157907
2020-04-22 00:00:00+00:00,0.013236260001170463
2020-04-23 00:00:00+00:00,-0.013690700363865526
2020-04-24 00:00:00+00:00,0.006732531848486723
2020-04-27 00:00:00+00:00,0.03069766923241333
2020-04-28 00:00:00+00:00,0.003600887060642477
2020-04-29 00:00:00+00:00,0.03997705970843159
2020-04-30 00:00:00+00:00,-0.0319751446682033
2020-05-01 00:00:00+00:00,-0.03617466842274357
2020-05-04 00:00:00+00:00,-0.0058609855928893895
2020-05-05 00:00:00+00:00,0.07216771294272668
2020-05-06 00:00:00+00:00,-0.006159418578876363
2020-05-07 00:00:00+00:00,0.008945829793081606
2020-05-08 00:00:00+00:00,0.013475664496566564
2020-05-11 00:00:00+00:00,-0.008951308617917753
2020-05-12 00:00:00+00:00,-0.014533592393610207
2020-05-13 00:00:00+00:00,0.004819272559876087
2020-05-14 00:00:00+00:00,0.008403361613918303
2020-05-15 00:00:00+00:00,-0.006718372221246848
2020-05-18 00:00:00+00:00,0.1081043038023319
2020-05-19 00:00:00+00:00,-0.02907673327320277
2020-05-20 00:00:00+00:00,0.013061162490442601
2020-05-21 00:00:00+00:00,0.0036518421509009525
2020-05-22 00:00:00+00:00,0.0007290636157398555
2020-05-26 00:00:00+00:00,0.02046465077531594
2020-05-27 00:00:00+00:00,0.02508351632419239
2020-05-28 00:00:00+00:00,-0.0028684674976972467
2020-05-29 00:00:00+00:00,-0.008988771960410147
2020-06-01 00:00:00+00:00,0.014017362115583553
2020-06-02 00:00:00+00:00,-0.004078384363607945
2020-06-03 00:00:00+00:00,0.024523256597492837
2020-06-04 00:00:00+00:00,0.010610085337361408
2020-06-05 00:00:00+00:00,0.006868007163833978
2020-06-08 00:00:00+00:00,0.01823032404850533
2020-06-09 00:00:00+00:00,-0.0168344211620163
2020-06-10 00:00:00+00:00,-0.028710705426792417
2020-06-11 00:00:00+00:00,-0.04534297880223752
2020-06-12 00:00:00+00:00,0.012726330865704428
2020-06-15 00:00:00+00:00,0.013774600899395752
2020-06-16 00:00:00+00:00,0.0
2020-06-17 00:00:00+00:00,0.0
2020-06-18 00:00:00+00:00,0.0
2020-06-19 00:00:00+00:00,0.0
2020-06-22 00:00:00+00:00,0.0
2020-06-23 00:00:00+00:00,0.0
2020-06-24 00:00:00+00:00,-0.002947753546692766
2020-06-25 00:00:00+00:00,0.007402942317967343
2020-06-26 00:00:00+00:00,-0.009671813636660764
2020-06-29 00:00:00+00:00,-0.003468414826793964
2020-06-30 00:00:00+00:00,-0.000738854061023253
2020-07-01 00:00:00+00:00,-0.008568452500237545
2020-07-02 00:00:00+00:00,-0.0031848542237098874
2020-07-06 00:00:00+00:00,0.001661913661040826
2020-07-07 00:00:00+00:00,0.004077233947013914
2020-07-08 00:00:00+00:00,0.0041233054772136235
2020-07-09 00:00:00+00:00,0.0014160357046722805
2020-07-10 00:00:00+00:00,-0.0029776671348055615
2020-07-13 00:00:00+00:00,-0.015029289363491016
2020-07-14 00:00:00+00:00,-0.0024513005557044833
2020-07-15 00:00:00+00:00,-0.002389701043210879
2020-07-16 00:00:00+00:00,-0.003720927300047272
2020-07-17 00:00:00+00:00,0.009431259353622278
2020-07-20 00:00:00+00:00,0.007603562442538969
2020-07-21 00:00:00+00:00,-0.012208414101023446
2020-07-22 00:00:00+00:00,-0.0002
2020-07-23 00:00:00+00:00,0.002072411172457045
2020-07-24 00:00:00+00:00,0.0016727690535368821
2020-07-27 00:00:00+00:00,-0.0021561966852268856
2020-07-28 00:00:00+00:00,0.014464546694723746
2020-07-29 00:00:00+00:00,-0.0011068588936975043
2020-07-30 00:00:00+00:00,0.001698376846783134
2020-07-31 00:00:00+00:00,-0.0005644002495173162
2020-08-03 00:00:00+00:00,0.025203485252042634
2020-08-04 00:00:00+00:00,0.006000136451842941
2020-08-05 00:00:00+00:00,0.0365974990724812
2020-08-06 00:00:00+00:00,0.004565702217863921
2020-08-07 00:00:00+00:00,0.004885449815350685
2020-08-10 00:00:00+00:00,0.001667644060604312
2020-08-11 00:00:00+00:00,-0.004573660147138159
2020-08-12 00:00:00+00:00,0.013336825224970816
2020-08-13 00:00:00+00:00,0.0022125493613171397
2020-08-14 00:00:00+00:00,0.008143205959464184
2020-08-17 00:00:00+00:00,0.014688102924500979
2020-08-18 00:00:00+00:00,-0.017537800933267157
2020-08-19 00:00:00+00:00,0.012228766890832944
2020-08-20 00:00:00+00:00,-0.0054844476438786535
2020-08-21 00:00:00+00:00,-0.0003330965707789568
2020-08-24 00:00:00+00:00,-0.00780426630059734
2020-08-25 00:00:00+00:00,0.007482651972340349
2020-08-26 00:00:00+00:00,0.003457338059359394
2020-08-27 00:00:00+00:00,0.008452847663679153
2020-08-28 00:00:00+00:00,0.015742759652772876
2020-08-31 00:00:00+00:00,0.03088936144973804
2020-09-01 00:00:00+00:00,0.020036617655407207
2020-09-02 00:00:00+00:00,-0.0006561869392061048
2020-09-03 00:00:00+00:00,-0.029065567444072116
2020-09-04 00:00:00+00:00,-0.008493160441819692
2020-09-08 00:00:00+00:00,-0.021630608702182298
2020-09-09 00:00:00+00:00,0.001990245370694632
2020-09-10 00:00:00+00:00,-0.000353223836329386
2020-09-11 00:00:00+00:00,0.008328509813407136
2020-09-14 00:00:00+00:00,0.01139099675724986
2020-09-15 00:00:00+00:00,0.0019179135567168437
2020-09-16 00:00:00+00:00,0.013864319285608762
2020-09-17 00:00:00+00:00,-0.004568504478190727
2020-09-18 00:00:00+00:00,-0.005406056871978237
2020-09-21 00:00:00+00:00,-0.006999007569362825
2020-09-22 00:00:00+00:00,0.005830133398065929
2020-09-23 00:00:00+00:00,-0.014794335245730395
2020-09-24 00:00:00+00:00,0.0006625471106046277
2020-09-25 00:00:00+00:00,0.008758473122606558
2020-09-28 00:00:00+00:00,0.007429826208974255
2020-09-29 00:00:00+00:00,-0.005473997439664147
2020-09-30 00:00:00+00:00,-0.005675799724172736
2020-10-01 00:00:00+00:00,0.004967925029953779
2020-10-02 00:00:00+00:00,-0.007750028678219522
2020-10-05 00:00:00+00:00,0.015474690209414855
2020-10-06 00:00:00+00:00,0.02461990400030094
2020-10-07 00:00:00+00:00,0.033415469540207354
2020-10-08 00:00:00+00:00,-0.004027121755969976
2020-10-09 00:00:00+00:00,0.001039006517772756
2020-10-12 00:00:00+00:00,0.006115765577557353
2020-10-13 00:00:00+00:00,-0.02936215152737658
2020-10-14 00:00:00+00:00,-0.01644028229993293
2020-10-15 00:00:00+00:00,-0.002969080794211609
2020-10-16 00:00:00+00:00,-0.018374413742285677
2020-10-19 00:00:00+00:00,0.012581915057416636
2020-10-20 00:00:00+00:00,-0.01502268398311062
2020-10-21 00:00:00+00:00,0.00805390344072543
2020-10-22 00:00:00+00:00,0.0029926806081728373
2020-10-23 00:00:00+00:00,0.0029709562069031303
2020-10-26 00:00:00+00:00,0.0338023684325456
2020-10-27 00:00:00+00:00,0.037042685876556056
2020-10-28 00:00:00+00:00,-0.0021577868512233423
2020-10-29 00:00:00+00:00,-0.009677269635916664
2020-10-30 00:00:00+00:00,0.008048289614882131
2020-11-02 00:00:00+00:00,0.007891686210533645
2020-11-03 00:00:00+00:00,0.008261992321058642
2020-11-04 00:00:00+00:00,0.003288070045368707
2020-11-05 00:00:00+00:00,-0.003375537556760211
2020-11-06 00:00:00+00:00,-0.008226034736667187
2020-11-09 00:00:00+00:00,-0.024990678464767168
2020-11-10 00:00:00+00:00,-0.0034100565570355902
2020-11-11 00:00:00+00:00,0.03187468257011157
2020-11-12 00:00:00+00:00,0.03999827564157101
2020-11-13 00:00:00+00:00,0.045004604077957325
2020-11-16 00:00:00+00:00,0.005890890997790654
2020-11-17 00:00:00+00:00,-0.016925662637208582
2020-11-18 00:00:00+00:00,-0.0023668105976163423
2020-11-19 00:00:00+00:00,0.002023272055851022
2020-11-20 00:00:00+00:00,-0.0033555904895109733
2020-11-23 00:00:00+00:00,0.005451178622621345
2020-11-24 00:00:00+00:00,-0.001090305592312535
2020-11-25 00:00:00+00:00,0.006013031817509585
2020-11-27 00:00:00+00:00,0.0007816101847351708
2020-11-30 00:00:00+00:00,0.02261025228897349
2020-12-01 00:00:00+00:00,0.01905823734778902
2020-12-02 00:00:00+00:00,-0.019815639519386585
2020-12-03 00:00:00+00:00,0.005588175435668963
2020-12-04 00:00:00+00:00,0.01748073689398231
2020-12-07 00:00:00+00:00,-0.017162602715747145
2020-12-08 00:00:00+00:00,-0.005624492424116401
2020-12-09 00:00:00+00:00,-0.02105459265089251
2020-12-10 00:00:00+00:00,0.015047332315490491
2020-12-11 00:00:00+00:00,-0.014364969264739291
2020-12-14 00:00:00+00:00,0.015081400105955356
2020-12-15 00:00:00+00:00,0.006409988826515911
2020-12-16 00:00:00+00:00,-0.010538380362915146
2020-12-17 00:00:00+00:00,0.04918321866470756
2020-12-18 00:00:00+00:00,0.0380639345158017
2020-12-21 00:00:00+00:00,-0.01285541464474736
2020-12-22 00:00:00+00:00,0.016152457278521715
2020-12-23 00:00:00+00:00,-0.002745526395948531
2020-12-24 00:00:00+00:00,-0.015980763758511717
2020-12-28 00:00:00+00:00,-0.019286913088388678
2020-12-29 00:00:00+00:00,-0.020397813945978883
2020-12-30 00:00:00+00:00,0.006867128252367039
2020-12-31 00:00:00+00:00,0.00629379468624951
2021-01-04 00:00:00+00:00,-0.0033488077546888428
2021-01-05 00:00:00+00:00,0.004198521246006193
2021-01-06 00:00:00+00:00,0.010172735135765554
2021-01-07 00:00:00+00:00,0.029629263880556887
2021-01-08 00:00:00+00:00,0.012503482149329902
2021-01-11 00:00:00+00:00,-0.00586100936450844
2021-01-12 00:00:00+00:00,0.05086334207941527
2021-01-13 00:00:00+00:00,0.029112367007951834
2021-01-14 00:00:00+00:00,0.03662467550148816
2021-01-15 00:00:00+00:00,-0.06495818120108872
2021-01-19 00:00:00+00:00,0.05344896041742877
2021-01-20 00:00:00+00:00,-0.02157134854658096
2021-01-21 00:00:00+00:00,-0.01713604950784773
2021-01-22 00:00:00+00:00,-0.004976413711446748
2021-01-25 00:00:00+00:00,-0.002160722348763877
2021-01-26 00:00:00+00:00,-0.014208449915571953
2021-01-27 00:00:00+00:00,-0.004008511845167107
2021-01-28 00:00:00+00:00,0.007746817068260326
2021-01-29 00:00:00+00:00,-0.0018160117289244492
2021-02-01 00:00:00+00:00,0.0085982414885585
2021-02-02 00:00:00+00:00,0.01672156460261296
2021-02-03 00:00:00+00:00,-0.0015162884060985426
2021-02-04 00:00:00+00:00,0.011631448468552862
2021-02-05 00:00:00+00:00,0.009312937508842944
2021-02-08 00:00:00+00:00,0.0075105896785404355
2021-02-09 00:00:00+00:00,-0.005861751714609742
2021-02-10 00:00:00+00:00,-0.006515863453694393
2021-02-11 00:00:00+00:00,-0.00415279995976232
2021-02-12 00:00:00+00:00,0.024152610624871774
2021-02-16 00:00:00+00:00,0.010395152029399158
2021-02-17 00:00:00+00:00,-0.011210654469645465
2021-02-18 00:00:00+00:00,-0.01588575582627898
2021-02-19 00:00:00+00:00,0.007935087782633942
2021-02-22 00:00:00+00:00,-0.010586425247106557
2021-02-23 00:00:00+00:00,-0.010240141192123842
2021-02-24 00:00:00+00:00,0.04693230934658939
2021-02-25 00:00:00+00:00,-0.004113213384674919
2021-02-26 00:00:00+00:00,-0.03229265032366091
2021-03-01 00:00:00+00:00,0.013523128773928495
2021-03-02 00:00:00+00:00,-0.022541669209798186
2021-03-03 00:00:00+00:00,-0.011927679859351148
2021-03-04 00:00:00+00:00,-0.03171036204744071
2021-03-05 00:00:00+00:00,-0.010701167089531083
2021-03-08 00:00:00+00:00,-0.005520225953691726
2021-03-09 00:00:00+00:00,0.05155882460131274
2021-03-10 00:00:00+00:00,0.012784277896473762
2021-03-11 00:00:00+00:00,0.01925388166038007
2021-03-12 00:00:00+00:00,-0.002707469633134574
2021-03-15 00:00:00+00:00,0.0040572810017267535
2021-03-16 00:00:00+00:00,0.0030409382816573684
2021-03-17 00:00:00+00:00,0.009331790754193747
2021-03-18 00:00:00+00:00,-0.004733079838968135
2021-03-19 00:00:00+00:00,0.006200689419451022
2021-03-22 00:00:00+00:00,0.0053581164197993745
2021-03-23 00:00:00+00:00,-0.009052186905127902
2021-03-24 00:00:00+00:00,-0.013943111865303948
2021-03-25 00:00:00+00:00,0.004436437951022753
2021-03-26 00:00:00+00:00,-0.008445740124016821
2021-03-29 00:00:00+00:00,-0.01506429330046417
2021-03-30 00:00:00+00:00,0.01512501100966548
2021-03-31 00:00:00+00:00,0.01326495532952925
2021-04-01 00:00:00+00:00,0.00985202177441691
2021-04-05 00:00:00+00:00,-0.00982770807555471
2021-04-06 00:00:00+00:00,0.0011771157114831123
2021-04-07 00:00:00+00:00,-0.012317135031913073
2021-04-08 00:00:00+00:00,-0.0125368879171748
2021-04-09 00:00:00+00:00,-0.023259955023776292
2021-04-12 00:00:00+00:00,-0.028457553388415335
2021-04-13 00:00:00+00:00,-0.03352345454388812
2021-04-14 00:00:00+00:00,-0.007553400835421731
2021-04-15 00:00:00+00:00,0.0054926794414353
2021-04-16 00:00:00+00:00,-0.012719228639250346
2021-04-19 00:00:00+00:00,-0.03762390475581414
2021-04-20 00:00:00+00:00,-0.0054110359170653766
2021-04-21 00:00:00+00:00,0.0007280523599075605
2021-04-22 00:00:00+00:00,0.0257389207049191
2021-04-23 00:00:00+00:00,0.020505861349456776
2021-04-26 00:00:00+00:00,0.03906441640761169
2021-04-27 00:00:00+00:00,0.0012332382457017992
2021-04-28 00:00:00+00:00,0.01723960144801844
2021-04-29 00:00:00+00:00,0.008573900877034557
2021-04-30 00:00:00+00:00,0.010744445500409316
2021-05-03 00:00:00+00:00,-0.0035568526089342577
2021-05-04 00:00:00+00:00,0.001101752358334962
2021-05-05 00:00:00+00:00,-0.014091006225624448
2021-05-06 00:00:00+00:00,0.0034912948478805104
2021-05-07 00:00:00+00:00,0.011647958648799972
2021-05-10 00:00:00+00:00,-0.008503882299592069
2021-05-11 00:00:00+00:00,-0.02066151558468927
2021-05-12 00:00:00+00:00,-0.010347134007027447
2021-05-13 00:00:00+00:00,-0.015824514836064084
2021-05-14 00:00:00+00:00,1.4408823262779258e-05
2021-05-17 00:00:00+00:00,0.007989370168802124
2021-05-18 00:00:00+00:00,0.044802906480227445
2021-05-19 00:00:00+00:00,-0.017423784112194786
2021-05-20 00:00:00+00:00,0.014750393774798632
2021-05-21 00:00:00+00:00,0.032164558524124656
2021-05-24 00:00:00+00:00,-0.018529999042231182
2021-05-25 00:00:00+00:00,0.013269050055283737
2021-05-26 00:00:00+00:00,0.006433926205605634
2021-05-27 00:00:00+00:00,0.024585502663360126
2021-05-28 00:00:00+00:00,0.0016224094390825615
2021-06-01 00:00:00+00:00,-0.010769471134543318
2021-06-02 00:00:00+00:00,-0.009182225703955748
2021-06-03 00:00:00+00:00,-0.017966577471700697
2021-06-04 00:00:00+00:00,0.00129459613438625
2021-06-07 00:00:00+00:00,-0.001331710458229507
2021-06-08 00:00:00+00:00,-0.005167232041237058
2021-06-09 00:00:00+00:00,-0.010916324682651846
2021-06-10 00:00:00+00:00,-0.00887675062486699
2021-06-11 00:00:00+00:00,-0.0045223765167043736
2021-06-14 00:00:00+00:00,-0.006508436037803556
2021-06-15 00:00:00+00:00,-0.003305943561611623
2021-06-16 00:00:00+00:00,-0.0027860764311590904
2021-06-17 00:00:00+00:00,-0.0038345021858485094
2021-06-18 00:00:00+00:00,0.0020554780047335355
2021-06-21 00:00:00+00:00,0.011431754813161343
2021-06-22 00:00:00+00:00,0.015606713802235106
2021-06-23 00:00:00+00:00,0.008677428030632872
2021-06-24 00:00:00+00:00,0.03472431205231934
2021-06-25 00:00:00+00:00,0.00432997679858318
2021-06-28 00:00:00+00:00,0.0022093381543112356
2021-06-29 00:00:00+00:00,0.008534551748224239
2021-06-30 00:00:00+00:00,0.0017869718429829539
2021-07-01 00:00:00+00:00,0.0023327156928849347
2021-07-02 00:00:00+00:00,0.004116933516642019
2021-07-06 00:00:00+00:00,-0.0010940499177636953
2021-07-07 00:00:00+00:00,0.012033907359252737
2021-07-08 00:00:00+00:00,-0.0028945920409790384
2021-07-09 00:00:00+00:00,0.012064295847029283
2021-07-12 00:00:00+00:00,0.0044013991700688985
2021-07-13 00:00:00+00:00,-0.0147883197287769
2021-07-14 00:00:00+00:00,-0.02494733817607391
2021-07-15 00:00:00+00:00,-0.0061302921283812985
2021-07-16 00:00:00+00:00,-0.0017937668241760237
2021-07-19 00:00:00+00:00,0.012356823494410963
2021-07-20 00:00:00+00:00,0.01135410142400981
2021-07-21 00:00:00+00:00,0.00817480437662077
2021-07-22 00:00:00+00:00,0.003182768083305021
2021-07-23 00:00:00+00:00,-0.05258523267599646
2021-07-26 00:00:00+00:00,0.026813043902801835
2021-07-27 00:00:00+00:00,0.04374692093307921
2021-07-28 00:00:00+00:00,0.03502613744208891
2021-07-29 00:00:00+00:00,0.04367337012191497
2021-07-30 00:00:00+00:00,-0.011730664762145616
2021-08-02 00:00:00+00:00,0.02615600929968478
2021-08-03 00:00:00+00:00,0.03076120950288788
2021-08-04 00:00:00+00:00,-0.0038481102200206728
2021-08-05 00:00:00+00:00,-0.005276796027085462
2021-08-06 00:00:00+00:00,-0.010256087722693551
2021-08-09 00:00:00+00:00,-0.03746348384014688
2021-08-10 00:00:00+00:00,0.07565184932387163
2021-08-11 00:00:00+00:00,0.1248403690730319
2021-08-12 00:00:00+00:00,-0.08171191034679166
2021-08-13 00:00:00+00:00,-0.031505932222368235
2021-08-16 00:00:00+00:00,0.014823997994824634
2021-08-17 00:00:00+00:00,0.004996596058990455
2021-08-18 00:00:00+00:00,0.017811500054899933
2021-08-19 00:00:00+00:00,-0.00044681948389562186
2021-08-20 00:00:00+00:00,-0.0022346412166748485
2021-08-23 00:00:00+00:00,0.004623312038960758
2021-08-24 00:00:00+00:00,0.006322927209738927
2021-08-25 00:00:00+00:00,-0.0031384504666547297
2021-08-26 00:00:00+00:00,0.0020937951711636595
2021-08-27 00:00:00+00:00,-0.013933154283935156
2021-08-30 00:00:00+00:00,0.003460590682436937
2021-08-31 00:00:00+00:00,-0.0007515455706228024
2021-09-01 00:00:00+00:00,0.004724802150485363
2021-09-02 00:00:00+00:00,0.002986647154374289
2021-09-03 00:00:00+00:00,-0.0003910850654352814
2021-09-07 00:00:00+00:00,0.0
2021-09-08 00:00:00+00:00,0.0
2021-09-09 00:00:00+00:00,0.0
2021-09-10 00:00:00+00:00,-0.001108000616839555
2021-09-13 00:00:00+00:00,-0.003560174144907258
2021-09-14 00:00:00+00:00,0.008963020933268905
2021-09-15 00:00:00+00:00,0.007477740088150853
2021-09-16 00:00:00+00:00,0.01964496646157552
2021-09-17 00:00:00+00:00,-0.00024516446420190795
2021-09-20 00:00:00+00:00,-0.0015043134502476852
2021-09-21 00:00:00+00:00,0.006269791332608455
2021-09-22 00:00:00+00:00,-0.00022573741207529974
2021-09-23 00:00:00+00:00,0.005046591467801953
2021-09-24 00:00:00+00:00,-0.01241897735673938
2021-09-27 00:00:00+00:00,-0.010081111223715689
2021-09-28 00:00:00+00:00,-0.02882044500506451
2021-09-29 00:00:00+00:00,-0.00709305129275053
2021-09-30 00:00:00+00:00,0.00608120676379309
2021-10-01 00:00:00+00:00,-0.0073504866085454925
2021-10-04 00:00:00+00:00,-0.03476089738417123
2021-10-05 00:00:00+00:00,-0.008052347574837148
2021-10-06 00:00:00+00:00,0.013968790953223986
2021-10-07 00:00:00+00:00,0.023381901262721525
2021-10-08 00:00:00+00:00,0.0027987699885244854
2021-10-11 00:00:00+00:00,-0.009071125597934016
2021-10-12 00:00:00+00:00,0.011325275167622518
2021-10-13 00:00:00+00:00,0.017692897459873923
2021-10-14 00:00:00+00:00,0.0011127117077783578
2021-10-15 00:00:00+00:00,0.0007752174924470889
2021-10-18 00:00:00+00:00,0.017461556572592494
2021-10-19 00:00:00+00:00,0.02552404974010747
2021-10-20 00:00:00+00:00,0.0019159819516623377
2021-10-21 00:00:00+00:00,0.029123284687784735
2021-10-22 00:00:00+00:00,0.003697171792487097
2021-10-25 00:00:00+00:00,0.005290340510803326
2021-10-26 00:00:00+00:00,-0.037346626725725904
2021-10-27 00:00:00+00:00,0.003729201451708364
2021-10-28 00:00:00+00:00,0.015245181358415372
2021-10-29 00:00:00+00:00,0.007804931659733149
2021-11-01 00:00:00+00:00,0.0074694643857139194
2021-11-02 00:00:00+00:00,0.023805266503198006
2021-11-03 00:00:00+00:00,-0.009133437788813193
2021-11-04 00:00:00+00:00,0.0071533633741246
2021-11-05 00:00:00+00:00,0.015337781955664376
2021-11-08 00:00:00+00:00,0.010532993734698116
2021-11-09 00:00:00+00:00,0.00617410455314873
2021-11-10 00:00:00+00:00,-0.03730449492891954
2021-11-11 00:00:00+00:00,-0.005286328539730189
2021-11-12 00:00:00+00:00,-0.005827348543035348
2021-11-15 00:00:00+00:00,-0.011760137124725257
2021-11-16 00:00:00+00:00,0.010532298504060456
2021-11-17 00:00:00+00:00,-0.00363964492795803
2021-11-18 00:00:00+00:00,-0.01766730652476043
2021-11-19 00:00:00+00:00,0.00845039735922617
2021-11-22 00:00:00+00:00,-0.02227370350073696
2021-11-23 00:00:00+00:00,-0.01179394212426419
2021-11-24 00:00:00+00:00,0.01667531585798847
2021-11-26 00:00:00+00:00,0.007556567496345768
2021-11-29 00:00:00+00:00,-0.006267463185715849
2021-11-30 00:00:00+00:00,-0.03646611106775346
2021-12-01 00:00:00+00:00,-0.03828630728217208
2021-12-02 00:00:00+00:00,0.02300322322353481
2021-12-03 00:00:00+00:00,-0.05684070202269738
2021-12-06 00:00:00+00:00,-0.008212246635130227
2021-12-07 00:00:00+00:00,0.02231850611828492
2021-12-08 00:00:00+00:00,0.03511138197707564
2021-12-09 00:00:00+00:00,-0.03821963326737234
2021-12-10 00:00:00+00:00,-0.026723739863488815
2021-12-13 00:00:00+00:00,0.0037712462529829295
2021-12-14 00:00:00+00:00,-0.007819907339491405
2021-12-15 00:00:00+00:00,0.013166849950191838
2021-12-16 00:00:00+00:00,0.002994907649080325
2021-12-17 00:00:00+00:00,0.03230291838816166
2021-12-20 00:00:00+00:00,-0.01759077761676613
2021-12-21 00:00:00+00:00,0.008602417803583484
2021-12-22 00:00:00+00:00,-0.0011872293093978525
2021-12-23 00:00:00+00:00,0.0009238621210807985
2021-12-27 00:00:00+00:00,-0.0012134637738792308
2021-12-28 00:00:00+00:00,-0.015162044375485918
2021-12-29 00:00:00+00:00,-0.009711242122913698
2021-12-30 00:00:00+00:00,0.011526758484897726
2021-12-31 00:00:00+00:00,-0.003501334033476122
2022-01-03 00:00:00+00:00,0.003802042096042779
2022-01-04 00:00:00+00:00,-0.009551044345183302
2022-01-05 00:00:00+00:00,-0.06304798852690262
2022-01-06 00:00:00+00:00,0.018735150023454848
2022-01-07 00:00:00+00:00,-0.012123781603829578
2022-01-10 00:00:00+00:00,0.0018812501252048104
2022-01-11 00:00:00+00:00,0.030325950203554164
2022-01-12 00:00:00+00:00,-0.0009907511389630195
2022-01-13 00:00:00+00:00,-0.02436346833323333
2022-01-14 00:00:00+00:00,-0.0006173257780247576
2022-01-18 00:00:00+00:00,-0.06394802026546223
2022-01-19 00:00:00+00:00,-0.007725984512901362
2022-01-20 00:00:00+00:00,-0.007394426473787851
2022-01-21 00:00:00+00:00,-0.028808324068787083
2022-01-24 00:00:00+00:00,0.040289595696000394
2022-01-25 00:00:00+00:00,-0.01883129562731789
2022-01-26 00:00:00+00:00,-0.010671376592107661
2022-01-27 00:00:00+00:00,-0.04567056284407447
2022-01-28 00:00:00+00:00,0.03140398220878078
2022-01-31 00:00:00+00:00,0.03357468643223891
2022-02-01 00:00:00+00:00,0.016961165953242086
2022-02-02 00:00:00+00:00,-0.03036112858639246
2022-02-03 00:00:00+00:00,0.005557597518410873
2022-02-04 00:00:00+00:00,-0.012720455908896432
2022-02-07 00:00:00+00:00,-0.0021300282534428617
2022-02-08 00:00:00+00:00,0.00617333876160413
2022-02-09 00:00:00+00:00,0.01452053209547861
2022-02-10 00:00:00+00:00,-0.006520877583742602
2022-02-11 00:00:00+00:00,0.005132426244912991
2022-02-14 00:00:00+00:00,0.001578908011359892
2022-02-15 00:00:00+00:00,0.020899088459030678
2022-02-16 00:00:00+00:00,-0.016968401363451655
2022-02-17 00:00:00+00:00,-0.004506012813029314
2022-02-18 00:00:00+00:00,0.09125434099584417
2022-02-22 00:00:00+00:00,0.004365299696309499
2022-02-23 00:00:00+00:00,-0.20331174348859807
2022-02-24 00:00:00+00:00,0.03644057059521238
2022-02-25 00:00:00+00:00,-0.015036171593118453
2022-02-28 00:00:00+00:00,0.010632884748242977
2022-03-01 00:00:00+00:00,0.0003925795128699505
2022-03-02 00:00:00+00:00,0.0006993998616518615
2022-03-03 00:00:00+00:00,-0.031076857329435815
2022-03-04 00:00:00+00:00,-0.02104169627903816
2022-03-07 00:00:00+00:00,-0.018730234614122356
2022-03-08 00:00:00+00:00,0.021690513050749184
2022-03-09 00:00:00+00:00,0.045770168696704853
2022-03-10 00:00:00+00:00,-0.04161904074051141
2022-03-11 00:00:00+00:00,-0.05543396583881268
2022-03-14 00:00:00+00:00,-0.06877179546790299
2022-03-15 00:00:00+00:00,0.02738809514239678
2022-03-16 00:00:00+00:00,0.07850882369900898
2022-03-17 00:00:00+00:00,0.02775282758927979
2022-03-18 00:00:00+00:00,0.05827059977334238
2022-03-21 00:00:00+00:00,-0.013604278525883877
2022-03-22 00:00:00+00:00,0.03629548647641445
2022-03-23 00:00:00+00:00,-0.012123406802400576
2022-03-24 00:00:00+00:00,0.0012698392666801173
2022-03-25 00:00:00+00:00,-0.042619077406255056
2022-03-28 00:00:00+00:00,0.012610002484235428
2022-03-29 00:00:00+00:00,0.046404084296202616
2022-03-30 00:00:00+00:00,-0.015847049297850656
2022-03-31 00:00:00+00:00,-0.02379907308716591
2022-04-01 00:00:00+00:00,0.016419505511730124
2022-04-04 00:00:00+00:00,0.04317686317670553
2022-04-05 00:00:00+00:00,-0.0336487388284306
2022-04-06 00:00:00+00:00,-0.029390994213827203
2022-04-07 00:00:00+00:00,-0.013062474404619894
2022-04-08 00:00:00+00:00,-0.009407567180970156
2022-04-11 00:00:00+00:00,0.004362774576459128
2022-04-12 00:00:00+00:00,-0.0024594171831809897
2022-04-13 00:00:00+00:00,0.009172380696487759
2022-04-14 00:00:00+00:00,-0.00855728186066822
2022-04-18 00:00:00+00:00,-0.0051689904182278925
2022-04-19 00:00:00+00:00,-0.04204704184704184
2022-04-20 00:00:00+00:00,-0.0164754911370248
2022-04-21 00:00:00+00:00,-0.0036413809886922887
2022-04-22 00:00:00+00:00,0.010999994039535665
2022-04-25 00:00:00+00:00,0.012457906395138597
2022-04-26 00:00:00+00:00,-0.026058749290037975
2022-04-27 00:00:00+00:00,0.03079705928257779
2022-04-28 00:00:00+00:00,-0.029575770914621425
2022-04-29 00:00:00+00:00,0.023141547036294875
2022-05-02 00:00:00+00:00,0.015927985389524356
2022-05-03 00:00:00+00:00,-0.010757707195789145
2022-05-04 00:00:00+00:00,0.01701974644737203
2022-05-05 00:00:00+00:00,-0.062299482918282224
2022-05-06 00:00:00+00:00,-0.03439818178959
2022-05-09 00:00:00+00:00,-0.10232741667819141
2022-05-10 00:00:00+00:00,0.0006603274773467449
2022-05-11 00:00:00+00:00,-0.047118831855599175
2022-05-12 00:00:00+00:00,0.049065780588058376
2022-05-13 00:00:00+00:00,0.039262809600598206
2022-05-16 00:00:00+00:00,-0.0022729906863707236
2022-05-17 00:00:00+00:00,0.030524224225966633
2022-05-18 00:00:00+00:00,-0.060011966809916696
2022-05-19 00:00:00+00:00,-0.004662293394098663
2022-05-20 00:00:00+00:00,-0.0028350781816031865
2022-05-23 00:00:00+00:00,-0.03801741735637546
2022-05-24 00:00:00+00:00,-0.04165884133251596
2022-05-25 00:00:00+00:00,0.07253363534137298
2022-05-26 00:00:00+00:00,0.00621545530685443
2022-05-27 00:00:00+00:00,0.05902563910038665
2022-05-31 00:00:00+00:00,0.004291095570689541
2022-06-01 00:00:00+00:00,-0.028569755345338586
2022-06-02 00:00:00+00:00,0.02566161484673768
2022-06-03 00:00:00+00:00,-0.03476303377247425
2022-06-06 00:00:00+00:00,0.017589294902771658
2022-06-07 00:00:00+00:00,0.0021004718983449913
2022-06-08 00:00:00+00:00,0.009135111405690233
2022-06-09 00:00:00+00:00,-0.01375996235901127
2022-06-10 00:00:00+00:00,-0.029632141818350565
2022-06-13 00:00:00+00:00,-0.056787669260448356
2022-06-14 00:00:00+00:00,-0.005875507451040085
2022-06-15 00:00:00+00:00,0.02353131557399133
2022-06-16 00:00:00+00:00,-0.023053488777445817
2022-06-17 00:00:00+00:00,0.002720006100296146
2022-06-21 00:00:00+00:00,0.0025315192405971575
2022-06-22 00:00:00+00:00,0.0010423317652908715
2022-06-23 00:00:00+00:00,0.013913224418356096
2022-06-24 00:00:00+00:00,-0.01715282504539717
2022-06-27 00:00:00+00:00,0.016420152548316837
2022-06-28 00:00:00+00:00,-0.016107756075338365
2022-06-29 00:00:00+00:00,-0.007276710316345247
2022-06-30 00:00:00+00:00,0.009666343992575998
2022-07-01 00:00:00+00:00,0.003472481520599069
2022-07-05 00:00:00+00:00,0.007404167526894834
2022-07-06 00:00:00+00:00,0.005692499824863529
2022-07-07 00:00:00+00:00,0.02811597983296108
2022-07-08 00:00:00+00:00,0.030106305280665692
2022-07-11 00:00:00+00:00,-0.03411268174867381
2022-07-12 00:00:00+00:00,0.01603862385375119
2022-07-13 00:00:00+00:00,-0.002706705622560279
2022-07-14 00:00:00+00:00,-0.013632884646946963
2022-07-15 00:00:00+00:00,0.0069845064663272005
2022-07-18 00:00:00+00:00,-0.015737780686072744
2022-07-19 00:00:00+00:00,0.0007412527457760331
2022-07-20 00:00:00+00:00,0.03177972201681465
2022-07-21 00:00:00+00:00,0.0160666517225422
2022-07-22 00:00:00+00:00,-0.030923122517564062
2022-07-25 00:00:00+00:00,0.023504677156880715
2022-07-26 00:00:00+00:00,0.00953643713158323
2022-07-27 00:00:00+00:00,0.008780798524476174
2022-07-28 00:00:00+00:00,-0.0015551228034966114
2022-07-29 00:00:00+00:00,-0.014827107471460144
2022-08-01 00:00:00+00:00,-0.022605755807885618
2022-08-02 00:00:00+00:00,0.006287616623253811
2022-08-03 00:00:00+00:00,0.012781939210012007
2022-08-04 00:00:00+00:00,0.0016022059641852327
2022-08-05 00:00:00+00:00,0.015289504544898835
2022-08-08 00:00:00+00:00,-0.007344338239150106
2022-08-09 00:00:00+00:00,-0.011666920098843648
2022-08-10 00:00:00+00:00,0.032308536524372114
2022-08-11 00:00:00+00:00,0.010940139830923745
2022-08-12 00:00:00+00:00,0.07129189590366125
2022-08-15 00:00:00+00:00,0.012829292925028412
2022-08-16 00:00:00+00:00,-0.010609430196460701
2022-08-17 00:00:00+00:00,-0.011796460096104555
2022-08-18 00:00:00+00:00,0.007343268071885544
2022-08-19 00:00:00+00:00,-0.0025712233389385553
2022-08-22 00:00:00+00:00,0.08298550384435721
2022-08-23 00:00:00+00:00,-0.0023877254436899696
2022-08-24 00:00:00+00:00,-0.01850111320907355
2022-08-25 00:00:00+00:00,-0.020058403580892503
2022-08-26 00:00:00+00:00,-0.009682725221276578
2022-08-29 00:00:00+00:00,-0.018864074876834037
2022-08-30 00:00:00+00:00,0.002520176536369112
2022-08-31 00:00:00+00:00,0.003633021010023785
2022-09-01 00:00:00+00:00,0.013067959399595375
2022-09-02 00:00:00+00:00,0.0005877098056097596
2022-09-06 00:00:00+00:00,-0.0279015187413717
2022-09-07 00:00:00+00:00,0.0034992781325725144
2022-09-08 00:00:00+00:00,0.017543864052051373
2022-09-09 00:00:00+00:00,0.008064508376086854
2022-09-12 00:00:00+00:00,0.0062015631387862145
2022-09-13 00:00:00+00:00,-0.015600047850726195
2022-09-14 00:00:00+00:00,-0.005133219893980234
2022-09-15 00:00:00+00:00,0.013957347145698407
2022-09-16 00:00:00+00:00,-0.03001783204699402
2022-09-19 00:00:00+00:00,0.001540897852556733
2022-09-20 00:00:00+00:00,-0.017111686829077242
2022-09-21 00:00:00+00:00,-0.008773655694443749
2022-09-22 00:00:00+00:00,-0.0315240403570864
2022-09-23 00:00:00+00:00,-0.018175073004326858
2022-09-26 00:00:00+00:00,-0.013057821183805296
2022-09-27 00:00:00+00:00,0.016897659384874242
2022-09-28 00:00:00+00:00,0.04088838644265484
2022-09-29 00:00:00+00:00,-0.024415520662672295
2022-09-30 00:00:00+00:00,0.003256000158401462
2022-10-03 00:00:00+00:00,0.027094812922645817
2022-10-04 00:00:00+00:00,0.02616157021929879
2022-10-05 00:00:00+00:00,0.006439175437172392
2022-10-06 00:00:00+00:00,-0.005511672951214001
2022-10-07 00:00:00+00:00,-0.026851258723634513
2022-10-10 00:00:00+00:00,-0.017443725900073655
2022-10-11 00:00:00+00:00,-0.003317757896480977
2022-10-12 00:00:00+00:00,-0.0034305612543298557
2022-10-13 00:00:00+00:00,0.019130731630455627
2022-10-14 00:00:00+00:00,-0.02209529449337912
2022-10-17 00:00:00+00:00,0.04845936860026791
2022-10-18 00:00:00+00:00,0.01380523918900418
2022-10-19 00:00:00+00:00,-0.021757112221768637
2022-10-20 00:00:00+00:00,0.002073273232219197
2022-10-21 00:00:00+00:00,0.012545716332595514
2022-10-24 00:00:00+00:00,-0.00864796001126209
2022-10-25 00:00:00+00:00,0.015244252114525781
2022-10-26 00:00:00+00:00,0.015058264485713258
2022-10-27 00:00:00+00:00,-0.0027200770154429234
2022-10-28 00:00:00+00:00,0.043537587003809566
2022-10-31 00:00:00+00:00,0.008176913231824123
2022-11-01 00:00:00+00:00,0.006631997760424003
2022-11-02 00:00:00+00:00,-0.0368797289039831
2022-11-03 00:00:00+00:00,-0.004501605046436596
2022-11-04 00:00:00+00:00,0.0026443263456429333
2022-11-07 00:00:00+00:00,-0.006338570629846596
2022-11-08 00:00:00+00:00,-0.0026346007911346447
2022-11-09 00:00:00+00:00,-0.012596340634128468
2022-11-10 00:00:00+00:00,0.013839897877912843
2022-11-11 00:00:00+00:00,0.021509935797865753
2022-11-14 00:00:00+00:00,-0.014575615475698588
2022-11-15 00:00:00+00:00,0.018168785514697184
2022-11-16 00:00:00+00:00,-0.023368316237825693
2022-11-17 00:00:00+00:00,-0.01205170802372868
2022-11-18 00:00:00+00:00,-0.009075689603497295
2022-11-21 00:00:00+00:00,-0.01329228981307562
2022-11-22 00:00:00+00:00,0.012511374099995854
2022-11-23 00:00:00+00:00,0.01321257187411533
2022-11-25 00:00:00+00:00,0.0036689216592361573
2022-11-28 00:00:00+00:00,-0.01128017160282262
2022-11-29 00:00:00+00:00,-0.005570976982538878
2022-11-30 00:00:00+00:00,0.02653647902354108
2022-12-01 00:00:00+00:00,0.005311672865466988
2022-12-02 00:00:00+00:00,-0.003533062959648858
2022-12-05 00:00:00+00:00,-0.020324234872036072
2022-12-06 00:00:00+00:00,-0.021337375891521203
2022-12-07 00:00:00+00:00,-0.01961275873633883
2022-12-08 00:00:00+00:00,0.017454573576632826
2022-12-09 00:00:00+00:00,-0.017272222813511817
2022-12-12 00:00:00+00:00,-0.0038928676271581695
2022-12-13 00:00:00+00:00,0.01463591342289967
2022-12-14 00:00:00+00:00,-0.006544673878697216
2022-12-15 00:00:00+00:00,-0.03263617933153351
2022-12-16 00:00:00+00:00,0.007031059228877079
2022-12-19 00:00:00+00:00,-0.028972132973704975
2022-12-20 00:00:00+00:00,0.0014940477907223748
2022-12-21 00:00:00+00:00,0.005284902090898603
2022-12-22 00:00:00+00:00,0.0009917266785258506
2022-12-23 00:00:00+00:00,0.0013157882353605377
2022-12-27 00:00:00+00:00,-0.008836975211271093
2022-12-28 00:00:00+00:00,-0.016142917425488346
2022-12-29 00:00:00+00:00,0.05130571352608422
2022-12-30 00:00:00+00:00,0.03439262657877253
2023-01-03 00:00:00+00:00,-0.030146635270581767
2023-01-04 00:00:00+00:00,0.01811098979142156
2023-01-05 00:00:00+00:00,-0.005128810888092561
2023-01-06 00:00:00+00:00,0.006479865659623863
2023-01-09 00:00:00+00:00,0.016099125322767936
2023-01-10 00:00:00+00:00,0.008921836795022075
2023-01-11 00:00:00+00:00,0.03467471048904906
2023-01-12 00:00:00+00:00,0.003442466334763683
2023-01-13 00:00:00+00:00,-0.0018225794902412273
2023-01-17 00:00:00+00:00,-0.01491204334562386
2023-01-18 00:00:00+00:00,-0.014012381950400688
2023-01-19 00:00:00+00:00,-0.012808667526248341
2023-01-20 00:00:00+00:00,0.03116648734071279
2023-01-23 00:00:00+00:00,0.024077308456648395
2023-01-24 00:00:00+00:00,0.004257089192514463
2023-01-25 00:00:00+00:00,-0.016698378534070656
2023-01-26 00:00:00+00:00,0.0029312358432580067
2023-01-27 00:00:00+00:00,0.12260985698528516
2023-01-30 00:00:00+00:00,-0.020224676508110086
2023-01-31 00:00:00+00:00,-0.009667532121848166
2023-02-01 00:00:00+00:00,-0.004848480036837977
2023-02-02 00:00:00+00:00,0.013942375700041176
2023-02-03 00:00:00+00:00,0.01339891063957872
2023-02-06 00:00:00+00:00,0.008148306549915163
2023-02-07 00:00:00+00:00,-0.005781881081949036
2023-02-08 00:00:00+00:00,-0.028591038949029902
2023-02-09 00:00:00+00:00,-0.012135776560085887
2023-02-10 00:00:00+00:00,-0.004896559244979915
2023-02-13 00:00:00+00:00,-0.011209325229575939
2023-02-14 00:00:00+00:00,0.006716916306773379
2023-02-15 00:00:00+00:00,0.023532611367954148
2023-02-16 00:00:00+00:00,-0.008993253454404826
2023-02-17 00:00:00+00:00,0.004682781232310651
2023-02-21 00:00:00+00:00,-0.039472445035099925
2023-02-22 00:00:00+00:00,-0.015659851721122543
2023-02-23 00:00:00+00:00,0.006929401233020683
2023-02-24 00:00:00+00:00,0.013165981675153616
2023-02-27 00:00:00+00:00,-0.010481386414088089
2023-02-28 00:00:00+00:00,0.013350358791322226
2023-03-01 00:00:00+00:00,-0.029009359596961312
2023-03-02 00:00:00+00:00,-0.023368114409925367
2023-03-03 00:00:00+00:00,0.037017135475690875
2023-03-06 00:00:00+00:00,-0.021464800524264915
2023-03-07 00:00:00+00:00,-0.007912098885475106
2023-03-08 00:00:00+00:00,0.0025465253016834664
2023-03-09 00:00:00+00:00,-0.04479568791699107
2023-03-10 00:00:00+00:00,-0.0048035241683164415
2023-03-13 00:00:00+00:00,-0.020439091852514513
2023-03-14 00:00:00+00:00,0.044097469534499154
2023-03-15 00:00:00+00:00,-0.025442480226180963
2023-03-16 00:00:00+00:00,0.01937490466975629
2023-03-17 00:00:00+00:00,-0.011497498459844003
2023-03-20 00:00:00+00:00,-0.018764405077210708
2023-03-21 00:00:00+00:00,0.016559653532547448
2023-03-22 00:00:00+00:00,-0.012887421510036723
2023-03-23 00:00:00+00:00,0.006434621050567602
2023-03-24 00:00:00+00:00,0.0032089141314631587
2023-03-27 00:00:00+00:00,-0.004185768180209837
2023-03-28 00:00:00+00:00,0.0006255875470384977
2023-03-29 00:00:00+00:00,0.006116274366533325
2023-03-30 00:00:00+00:00,-0.02420340677692956
2023-03-31 00:00:00+00:00,0.02218676446170209
2023-04-03 00:00:00+00:00,0.012948393714786333
2023-04-04 00:00:00+00:00,-0.027993720284658564
2023-04-05 00:00:00+00:00,-0.02550502990331358
2023-04-06 00:00:00+00:00,-0.006245529442016662
2023-04-10 00:00:00+00:00,-0.010806641774221682
2023-04-11 00:00:00+00:00,0.022895744707283706
2023-04-12 00:00:00+00:00,-0.012966007838001925
2023-04-13 00:00:00+00:00,0.009746842296205972
2023-04-14 00:00:00+00:00,-0.024718541121851276
2023-04-17 00:00:00+00:00,0.026494433048414524
2023-04-18 00:00:00+00:00,0.0056589794606176635
2023-04-19 00:00:00+00:00,0.013240587528710268
2023-04-20 00:00:00+00:00,0.011257697467430262
2023-04-21 00:00:00+00:00,0.011059440447448375
2023-04-24 00:00:00+00:00,-0.0028261603737325114
2023-04-25 00:00:00+00:00,0.0012666702270507813
2023-04-26 00:00:00+00:00,0.00556475745431193
2023-04-27 00:00:00+00:00,-0.015212177610524114
2023-04-28 00:00:00+00:00,0.010539939328233383
2023-05-01 00:00:00+00:00,0.012499727006033034
2023-05-02 00:00:00+00:00,-0.03408942762259326
2023-05-03 00:00:00+00:00,0.011847782180074583
2023-05-04 00:00:00+00:00,0.009203530890481159
2023-05-05 00:00:00+00:00,0.01390354655992727
2023-05-08 00:00:00+00:00,-0.00031014325047451496
2023-05-09 00:00:00+00:00,-0.009016934865331838
2023-05-10 00:00:00+00:00,0.004885885796161471
2023-05-11 00:00:00+00:00,-0.010192334510282319
2023-05-12 00:00:00+00:00,0.026819951455417337
2023-05-15 00:00:00+00:00,0.011855574272284142
2023-05-16 00:00:00+00:00,-0.02333491155327012
2023-05-17 00:00:00+00:00,0.03155458788659387
2023-05-18 00:00:00+00:00,-0.018380963366236534
2023-05-19 00:00:00+00:00,-0.023223997644115025
2023-05-22 00:00:00+00:00,0.004681177726396734
2023-05-23 00:00:00+00:00,-0.0026826142795173037
2023-05-24 00:00:00+00:00,-0.021962275132333908
2023-05-25 00:00:00+00:00,-0.019011395673970543
2023-05-26 00:00:00+00:00,0.014620271772123283
2023-05-30 00:00:00+00:00,0.017483758844939645
2023-05-31 00:00:00+00:00,0.012832395078661296
2023-06-01 00:00:00+00:00,0.00985713260864145
2023-06-02 00:00:00+00:00,0.022918745430709153
2023-06-05 00:00:00+00:00,-0.02926607847992111
2023-06-06 00:00:00+00:00,-0.01619293062426683
2023-06-07 00:00:00+00:00,0.03922281507883112
2023-06-08 00:00:00+00:00,0.03408358962051914
2023-06-09 00:00:00+00:00,-0.014985606986828959
2023-06-12 00:00:00+00:00,-0.03806432069756118
2023-06-13 00:00:00+00:00,0.002584807701599878
2023-06-14 00:00:00+00:00,-0.01454353442041978
2023-06-15 00:00:00+00:00,0.008077614593140981
2023-06-16 00:00:00+00:00,-0.012590921907303399
2023-06-20 00:00:00+00:00,-0.006597727064406422
2023-06-21 00:00:00+00:00,-0.004602740962123364
2023-06-22 00:00:00+00:00,0.001704815126987147
2023-06-23 00:00:00+00:00,0.0032110560613893835
2023-06-26 00:00:00+00:00,-0.015426863052243856
2023-06-27 00:00:00+00:00,0.00031719669416168105
2023-06-28 00:00:00+00:00,0.01711744002530349
2023-06-29 00:00:00+00:00,0.010276472921231882
2023-06-30 00:00:00+00:00,0.01226415291351186
2023-07-03 00:00:00+00:00,0.01827903294553912
2023-07-05 00:00:00+00:00,-0.001397123343798667
2023-07-06 00:00:00+00:00,-0.015962749211966675
2023-07-07 00:00:00+00:00,0.013613202804478374
2023-07-10 00:00:00+00:00,0.017657688798156546
2023-07-11 00:00:00+00:00,0.027892224980307256
2023-07-12 00:00:00+00:00,-0.025098540252783776
2023-07-13 00:00:00+00:00,-0.0177687375800601
2023-07-14 00:00:00+00:00,-0.01678776447441834
2023-07-17 00:00:00+00:00,0.005961287104986846
2023-07-18 00:00:00+00:00,0.004042325878987452
2023-07-19 00:00:00+00:00,0.004531465141944779
2023-07-20 00:00:00+00:00,-0.01364420639277808
2023-07-21 00:00:00+00:00,0.004890714335095092
2023-07-24 00:00:00+00:00,0.012008954216018709
2023-07-25 00:00:00+00:00,-0.02852821485738455
2023-07-26 00:00:00+00:00,0.022498853408821674
2023-07-27 00:00:00+00:00,-0.026407562416833574
2023-07-28 00:00:00+00:00,0.03246140134879059
2023-07-31 00:00:00+00:00,0.04260938626269151
2023-08-01 00:00:00+00:00,-0.03102946934408339
2023-08-02 00:00:00+00:00,-0.03607450745793774
2023-08-03 00:00:00+00:00,0.0077953632580815444
2023-08-04 00:00:00+00:00,-0.0033587655004348126
2023-08-07 00:00:00+00:00,-0.014965738239635245
2023-08-08 00:00:00+00:00,0.005077143761932523
2023-08-09 00:00:00+00:00,0.009431329338084549
2023-08-10 00:00:00+00:00,-0.001085240001586903
2023-08-11 00:00:00+00:00,0.0008955677447808711
2023-08-14 00:00:00+00:00,0.001104634703123497
2023-08-15 00:00:00+00:00,-0.03617138807637573
2023-08-16 00:00:00+00:00,-0.0313792014425871
2023-08-17 00:00:00+00:00,-0.012646048853319289
2023-08-18 00:00:00+00:00,0.004190417518259604
2023-08-21 00:00:00+00:00,0.00828276659923203
2023-08-22 00:00:00+00:00,-0.0077275770199136005
2023-08-23 00:00:00+00:00,-0.003332072805620778
2023-08-24 00:00:00+00:00,-0.003423043779276247
2023-08-25 00:00:00+00:00,0.009350809382674718
2023-08-28 00:00:00+00:00,0.004673025572268674
2023-08-29 00:00:00+00:00,0.005337942664824036
2023-08-30 00:00:00+00:00,0.004431190766346527
2023-08-31 00:00:00+00:00,-0.004619795191523046
2023-09-01 00:00:00+00:00,0.0018796433777596546
2023-09-05 00:00:00+00:00,0.0023495053371402896
2023-09-06 00:00:00+00:00,-0.004063863146169133
2023-09-07 00:00:00+00:00,0.002962964807544699
2023-09-08 00:00:00+00:00,0.0008759129460946368
2023-09-11 00:00:00+00:00,-0.002325565364829041
2023-09-12 00:00:00+00:00,0.0008823357522983688
2023-09-13 00:00:00+00:00,-0.0017569556929799557
2023-09-14 00:00:00+00:00,0.0004431317373887023
2023-09-15 00:00:00+00:00,0.0002948034434316238
2023-09-18 00:00:00+00:00,0.002648954784945046
2023-09-19 00:00:00+00:00,-0.016337189977206235
2023-09-20 00:00:00+00:00,-0.005672084934078203
2023-09-21 00:00:00+00:00,-0.008000001453217997
2023-09-22 00:00:00+00:00,-0.006746034824628944
2023-09-25 00:00:00+00:00,0.014042187120082605
2023-09-26 00:00:00+00:00,-0.02637893377321996
2023-09-27 00:00:00+00:00,0.0022544262796925676
2023-09-28 00:00:00+00:00,0.012759201105334194
2023-09-29 00:00:00+00:00,-0.006265230750612472
2023-10-02 00:00:00+00:00,-0.026762459421757256
2023-10-03 00:00:00+00:00,-0.012218045366951836
2023-10-04 00:00:00+00:00,0.004282041709961404
2023-10-05 00:00:00+00:00,-0.016196695492919598
2023-10-06 00:00:00+00:00,-0.01322196873204351
2023-10-09 00:00:00+00:00,-0.006616342402620619
2023-10-10 00:00:00+00:00,0.034000493632624196
2023-10-11 00:00:00+00:00,-0.024635067942044692
2023-10-12 00:00:00+00:00,-0.025669139678826707
2023-10-13 00:00:00+00:00,0.011468371095996762
2023-10-16 00:00:00+00:00,0.007637997064108023
2023-10-17 00:00:00+00:00,0.006560449714101191
2023-10-18 00:00:00+00:00,0.004587821184126084
2023-10-19 00:00:00+00:00,-0.00989819995247616
2023-10-20 00:00:00+00:00,-0.001191882087910656
2023-10-23 00:00:00+00:00,-0.01312104294889913
2023-10-24 00:00:00+00:00,0.03354272247010879
2023-10-25 00:00:00+00:00,0.014696378728016879
2023-10-26 00:00:00+00:00,0.03831924037132213
2023-10-27 00:00:00+00:00,-0.011473865076949207
2023-10-30 00:00:00+00:00,0.01992846526542529
2023-10-31 00:00:00+00:00,0.00929512510622943
2023-11-01 00:00:00+00:00,0.006202816783155351
2023-11-02 00:00:00+00:00,0.016687873617093188
2023-11-03 00:00:00+00:00,0.007762839012573197
2023-11-06 00:00:00+00:00,-0.003867844868156256
2023-11-07 00:00:00+00:00,0.0029580986696360776
2023-11-08 00:00:00+00:00,-0.006477741859907326
2023-11-09 00:00:00+00:00,-0.029205019471316464
2023-11-10 00:00:00+00:00,-0.0018011699359725907
2023-11-13 00:00:00+00:00,-0.0011840134577550954
2023-11-14 00:00:00+00:00,0.0244542772215957
2023-11-15 00:00:00+00:00,0.011055536833445467
2023-11-16 00:00:00+00:00,-0.009719649755946169
2023-11-17 00:00:00+00:00,0.018611071700590266
2023-11-20 00:00:00+00:00,0.01428253989163335
2023-11-21 00:00:00+00:00,-0.014124146624401824
2023-11-22 00:00:00+00:00,0.00232860110152473
2023-11-24 00:00:00+00:00,0.008404018933616308
2023-11-27 00:00:00+00:00,-0.004646128889105672
2023-11-28 00:00:00+00:00,-0.005012211481672057
2023-11-29 00:00:00+00:00,0.008228031124376511
2023-11-30 00:00:00+00:00,0.005046764936957127
2023-12-01 00:00:00+00:00,0.014527617824979444
2023-12-04 00:00:00+00:00,0.0007046393125690109
2023-12-05 00:00:00+00:00,-0.0012344502391485655
2023-12-06 00:00:00+00:00,-0.015125212815382927
2023-12-07 00:00:00+00:00,0.010137572411857065
2023-12-08 00:00:00+00:00,-0.011943482191657463
2023-12-11 00:00:00+00:00,0.0019443630574796256
2023-12-12 00:00:00+00:00,0.012323700146900585
2023-12-13 00:00:00+00:00,0.030314936447292398
2023-12-14 00:00:00+00:00,0.016996537379978215
2023-12-15 00:00:00+00:00,0.00149956535573772
2023-12-18 00:00:00+00:00,-0.004522161173532235
2023-12-19 00:00:00+00:00,0.0077477232072781016
2023-12-20 00:00:00+00:00,-0.02371631019551541
2023-12-21 00:00:00+00:00,0.003169647463884928
2023-12-22 00:00:00+00:00,0.00787459694179271
2023-12-26 00:00:00+00:00,0.013172085156797507
2023-12-27 00:00:00+00:00,0.005247405212551825
2023-12-28 00:00:00+00:00,0.002666210770053623
2023-12-29 00:00:00+00:00,-0.01018265420597575
2024-01-02 00:00:00+00:00,-0.0002599751916780857
2024-01-03 00:00:00+00:00,-0.03133048520514674
2024-01-04 00:00:00+00:00,0.006011783845871377
2024-01-05 00:00:00+00:00,-0.0005843823995103526
2024-01-08 00:00:00+00:00,0.01500127742685522
2024-01-09 00:00:00+00:00,0.00038787696665616435
2024-01-10 00:00:00+00:00,-0.0027134621788388103
2024-01-11 00:00:00+00:00,-0.008311464095227783
2024-01-12 00:00:00+00:00,-0.000867512047869079
2024-01-16 00:00:00+00:00,0.001827372244093284
2024-01-17 00:00:00+00:00,-0.007598611950776757
2024-01-18 00:00:00+00:00,-0.021039568394653416
2024-01-19 00:00:00+00:00,0.007921734906787868
2024-01-22 00:00:00+00:00,0.003745063705684726
2024-01-23 00:00:00+00:00,0.00934976363825435
2024-01-24 00:00:00+00:00,0.004534182557279354
2024-01-25 00:00:00+00:00,0.028579649166076183
2024-01-26 00:00:00+00:00,0.04306931166840302
2024-01-29 00:00:00+00:00,0.001904175062208635
2024-01-30 00:00:00+00:00,0.018411748132758633
2024-01-31 00:00:00+00:00,-0.03968425715663075
2024-02-01 00:00:00+00:00,0.004388543305670156
2024-02-02 00:00:00+00:00,-0.019984868555036672
2024-02-05 00:00:00+00:00,0.0026564437833425103
2024-02-06 00:00:00+00:00,0.017146420931848504
2024-02-07 00:00:00+00:00,0.004508604373083047
2024-02-08 00:00:00+00:00,0.014979459119293081
2024-02-09 00:00:00+00:00,0.02750896109754395
2024-02-12 00:00:00+00:00,0.014257586149126488
2024-02-13 00:00:00+00:00,-0.013287595919981165
2024-02-14 00:00:00+00:00,-0.0010772344777663756
2024-02-15 00:00:00+00:00,0.005753663425066136
2024-02-16 00:00:00+00:00,-0.005989705579106297
2024-02-20 00:00:00+00:00,-0.0047846741299787604
2024-02-21 00:00:00+00:00,-0.0034714426892797023
2024-02-22 00:00:00+00:00,-0.005714935311177349
2024-02-23 00:00:00+00:00,0.005065686425633165
2024-02-26 00:00:00+00:00,0.024322952681422972
2024-02-27 00:00:00+00:00,0.011818826373872549
2024-02-28 00:00:00+00:00,-0.00783490664681239
2024-02-29 00:00:00+00:00,-0.00662810231533788
2024-03-01 00:00:00+00:00,0.011060946120418125
2024-03-04 00:00:00+00:00,0.005541727609672376
2024-03-05 00:00:00+00:00,-0.013117962113311066
2024-03-06 00:00:00+00:00,0.014940345166881142
2024-03-07 00:00:00+00:00,-0.0035070174655212893
2024-03-08 00:00:00+00:00,-0.018441556967536372
2024-03-11 00:00:00+00:00,-0.020496405299007536
2024-03-12 00:00:00+00:00,-0.02397395533298402
2024-03-13 00:00:00+00:00,0.007523748166272585
2024-03-14 00:00:00+00:00,-0.011338239362807794
2024-03-15 00:00:00+00:00,-0.020586377276446056
2024-03-18 00:00:00+00:00,-0.0022933869416834176
2024-03-19 00:00:00+00:00,-0.0047143781529211505
2024-03-20 00:00:00+00:00,-0.025459315216766986
2024-03-21 00:00:00+00:00,-0.012732180948323558
2024-03-22 00:00:00+00:00,-0.04711165903225909
2024-03-25 00:00:00+00:00,-0.06277777751286824
2024-03-26 00:00:00+00:00,-0.04342750910296043
2024-03-27 00:00:00+00:00,0.07804346304783294
2024-03-28 00:00:00+00:00,0.022337134829016246
2024-04-01 00:00:00+00:00,-0.01507429979602426
2024-04-02 00:00:00+00:00,-0.024107334786187207
2024-04-03 00:00:00+00:00,-0.012960320992232833
2024-04-04 00:00:00+00:00,-0.018024455671876095
2024-04-05 00:00:00+00:00,0.013591573896311715
2024-04-08 00:00:00+00:00,0.007667813918150324
2024-04-09 00:00:00+00:00,-0.0013789595427657231
2024-04-10 00:00:00+00:00,-0.025361759481290026
2024-04-11 00:00:00+00:00,0.042480549328745676
2024-04-12 00:00:00+00:00,0.001931458669113506
2024-04-15 00:00:00+00:00,0.010762667045769536
2024-04-16 00:00:00+00:00,-0.012594954474181751
2024-04-17 00:00:00+00:00,-0.0277725399918733
2024-04-18 00:00:00+00:00,0.0004962832548724097
2024-04-19 00:00:00+00:00,-0.027632480537836623
2024-04-22 00:00:00+00:00,0.0034480722318626757
2024-04-23 00:00:00+00:00,0.009910184645932718
2024-04-24 00:00:00+00:00,-0.01274032999694874
2024-04-25 00:00:00+00:00,-0.012643381215772066
2024-04-26 00:00:00+00:00,0.005381941602623374
2024-04-29 00:00:00+00:00,0.007876925267071799
2024-04-30 00:00:00+00:00,-0.014718467754892205
2024-05-01 00:00:00+00:00,0.011131138315388745
2024-05-02 00:00:00+00:00,-0.0031792629852962053
2024-05-03 00:00:00+00:00,0.009950579812827941
2024-05-06 00:00:00+00:00,0.006462668689634387
2024-05-07 00:00:00+00:00,0.00022803448137662664
2024-05-08 00:00:00+00:00,-0.002209131501290007
2024-05-09 00:00:00+00:00,0.008117133959701595
2024-05-10 00:00:00+00:00,-0.02425633643580176
2024-05-13 00:00:00+00:00,-0.009258844962255996
2024-05-14 00:00:00+00:00,0.021907201620532214
2024-05-15 00:00:00+00:00,0.0014857513221078645
2024-05-16 00:00:00+00:00,0.01223665281162809
2024-05-17 00:00:00+00:00,-0.0015877750781063903
2024-05-20 00:00:00+00:00,0.011521805293258502
2024-05-21 00:00:00+00:00,-0.007315578410845272
2024-05-22 00:00:00+00:00,-0.023847108323101086
2024-05-23 00:00:00+00:00,-0.01145535935220252
2024-05-24 00:00:00+00:00,0.004144958102381291
2024-05-28 00:00:00+00:00,0.01228803688129083
2024-05-29 00:00:00+00:00,-0.010901195800540608
2024-05-30 00:00:00+00:00,0.005950755495889748
2024-05-31 00:00:00+00:00,0.01603032716371544
2024-06-03 00:00:00+00:00,-0.015013964771455756
2024-06-04 00:00:00+00:00,-0.031330689631995014
2024-06-05 00:00:00+00:00,-0.002810429193114161
2024-06-06 00:00:00+00:00,0.0010542234986435695
2024-06-07 00:00:00+00:00,-0.006768465958500913
2024-06-10 00:00:00+00:00,0.0173805924795436
2024-06-11 00:00:00+00:00,-0.0040663625012289815
2024-06-12 00:00:00+00:00,0.004929965775314615
2024-06-13 00:00:00+00:00,-0.02167119625461622
2024-06-14 00:00:00+00:00,-0.014767017912684378
2024-06-17 00:00:00+00:00,-0.0023223499808782133
2024-06-18 00:00:00+00:00,0.005893975046798206
2024-06-20 00:00:00+00:00,0.0047441098993710185
2024-06-21 00:00:00+00:00,-0.002196709150580367
2024-06-24 00:00:00+00:00,-0.014272829246064388
2024-06-25 00:00:00+00:00,-0.010292959863338825
2024-06-26 00:00:00+00:00,0.006787259744513441
2024-06-27 00:00:00+00:00,0.02439086645970208
2024-06-28 00:00:00+00:00,0.010320762735667576
2024-07-01 00:00:00+00:00,-0.0027464267677508756
2024-07-02 00:00:00+00:00,-0.021096379100850403
2024-07-03 00:00:00+00:00,0.010350149900939057
2024-07-05 00:00:00+00:00,-0.016917782953770593
2024-07-08 00:00:00+00:00,0.006041115203712057
2024-07-09 00:00:00+00:00,-0.00218260343991498
2024-07-10 00:00:00+00:00,0.008449786578868487
2024-07-11 00:00:00+00:00,0.00103164534656347
2024-07-12 00:00:00+00:00,-0.01958200185983518
2024-07-15 00:00:00+00:00,0.0022525115820949846
2024-07-16 00:00:00+00:00,-0.0007931293872851964
2024-07-17 00:00:00+00:00,0.01220510405890447
2024-07-18 00:00:00+00:00,-0.012852076681997837
2024-07-19 00:00:00+00:00,0.0006332132916072375
2024-07-22 00:00:00+00:00,0.004704201490847204
2024-07-23 00:00:00+00:00,-0.012301651709155781
2024-07-24 00:00:00+00:00,0.010130135560700726
2024-07-25 00:00:00+00:00,0.009805852129507308
2024-07-26 00:00:00+00:00,-0.0017491762687118937
2024-07-29 00:00:00+00:00,-0.007585644977141537
2024-07-30 00:00:00+00:00,-0.002587786933928804
2024-07-31 00:00:00+00:00,0.0074449615995050514
2024-08-01 00:00:00+00:00,0.0027821307689578577
2024-08-02 00:00:00+00:00,0.006096143167133428
2024-08-05 00:00:00+00:00,-0.010094084176078799
2024-08-06 00:00:00+00:00,-0.00018018429798489778
2024-08-07 00:00:00+00:00,0.003787196307620766
2024-08-08 00:00:00+00:00,-0.0053097377994885345
2024-08-09 00:00:00+00:00,0.005454548922452051
2024-08-12 00:00:00+00:00,-0.0014159278293047971
2024-08-13 00:00:00+00:00,-0.0003565143901546053
2024-08-14 00:00:00+00:00,9.846881869575178e-05
2024-08-15 00:00:00+00:00,-0.008045625429225045
2024-08-16 00:00:00+00:00,0.014048113683469499
2024-08-19 00:00:00+00:00,-0.0007152779749253435
2024-08-20 00:00:00+00:00,-0.01953956988430503
2024-08-21 00:00:00+00:00,0.01016370964046085
2024-08-22 00:00:00+00:00,-0.013511231143769465
2024-08-23 00:00:00+00:00,0.008606757537781373
2024-08-26 00:00:00+00:00,-0.003006516847631424
2024-08-27 00:00:00+00:00,-0.004063300013885574
2024-08-28 00:00:00+00:00,-0.00996156267013495
2024-08-29 00:00:00+00:00,-0.0022613904758789216
2024-08-30 00:00:00+00:00,-5.431950659060547e-05
2024-09-03 00:00:00+00:00,-0.017370699052025283
2024-09-04 00:00:00+00:00,-0.009107658598522606
2024-09-05 00:00:00+00:00,-0.0047728279439003705
2024-09-06 00:00:00+00:00,-0.014135245300685172
2024-09-09 00:00:00+00:00,0.006044610798879081
2024-09-10 00:00:00+00:00,-4.318490922157192e-05
2024-09-11 00:00:00+00:00,-0.011865075044721951
2024-09-12 00:00:00+00:00,0.015861643250380152
2024-09-13 00:00:00+00:00,0.014368937316484143
2024-09-16 00:00:00+00:00,-0.006971792942967636
2024-09-17 00:00:00+00:00,0.0013115497962221888
2024-09-18 00:00:00+00:00,0.011198577831898215
2024-09-19 00:00:00+00:00,0.021155228342047996
2024-09-20 00:00:00+00:00,-0.003856110983223626
2024-09-23 00:00:00+00:00,-0.006914344104417916
2024-09-24 00:00:00+00:00,-0.010974519380812564
2024-09-25 00:00:00+00:00,-0.0051210255760935075
2024-09-26 00:00:00+00:00,0.009760021594805064
2024-09-27 00:00:00+00:00,0.003003077091786888
2024-09-30 00:00:00+00:00,-0.002734751183646922
2024-10-01 00:00:00+00:00,0.004564139478687923
2024-10-02 00:00:00+00:00,0.003841605983257601
2024-10-03 00:00:00+00:00,0.024406395133743364
2024-10-04 00:00:00+00:00,0.01425235327394044
2024-10-07 00:00:00+00:00,-0.020338769110852195
2024-10-08 00:00:00+00:00,-0.029554073089560352
2024-10-09 00:00:00+00:00,-0.02357902703201693
2024-10-10 00:00:00+00:00,-0.01689743991037713
2024-10-11 00:00:00+00:00,0.0257503341427626
2024-10-14 00:00:00+00:00,0.011626957338451805
2024-10-15 00:00:00+00:00,-0.0030600805177834144
2024-10-16 00:00:00+00:00,0.013223980447898742
2024-10-17 00:00:00+00:00,-0.008825351949457706
2024-10-18 00:00:00+00:00,0.003964156344199088
2024-10-21 00:00:00+00:00,-0.013911426380893334
2024-10-22 00:00:00+00:00,-0.006016676665305032
2024-10-23 00:00:00+00:00,-0.009929355356853131
2024-10-24 00:00:00+00:00,0.0059315776862301165
2024-10-25 00:00:00+00:00,8.69884851878e-05
2024-10-28 00:00:00+00:00,0.003550178441353147
2024-10-29 00:00:00+00:00,-0.011682764106088905
2024-10-30 00:00:00+00:00,0.010112150290859235
2024-10-31 00:00:00+00:00,-0.020562122837006577
2024-11-01 00:00:00+00:00,-0.021282056928936522
2024-11-04 00:00:00+00:00,0.0255387159448603
2024-11-05 00:00:00+00:00,-0.005554676017268468
2024-11-06 00:00:00+00:00,0.0248599161016706
2024-11-07 00:00:00+00:00,0.007253349669715114
2024-11-08 00:00:00+00:00,-0.005113502816404946
2024-11-11 00:00:00+00:00,0.0055555079203206455
2024-11-12 00:00:00+00:00,-0.041298380062222195
2024-11-13 00:00:00+00:00,-0.001387828838168881
2024-11-14 00:00:00+00:00,-0.010014163237823597
2024-11-15 00:00:00+00:00,-0.02230733153803684
2024-11-18 00:00:00+00:00,0.01876724298250767
2024-11-19 00:00:00+00:00,0.004311528688208685
2024-11-20 00:00:00+00:00,-0.016588879077495306
2024-11-21 00:00:00+00:00,-0.005584601539743583
2024-11-22 00:00:00+00:00,0.008123445542987606
2024-11-25 00:00:00+00:00,0.03359505707412882
2024-11-26 00:00:00+00:00,0.003321426162568386
2024-11-27 00:00:00+00:00,0.011912857971367563
2024-11-29 00:00:00+00:00,0.002156967432025203
2024-12-02 00:00:00+00:00,-0.007919526866636528
2024-12-03 00:00:00+00:00,-0.01097195988225197
2024-12-04 00:00:00+00:00,-0.010561143118882076
2024-12-05 00:00:00+00:00,-0.008265531405034943
2024-12-06 00:00:00+00:00,-0.00666579158582361
2024-12-09 00:00:00+00:00,0.0003982521589217747
2024-12-10 00:00:00+00:00,-0.002857509219331633
2024-12-11 00:00:00+00:00,-0.0010345939603674246
2024-12-12 00:00:00+00:00,-0.012832258309451117
2024-12-13 00:00:00+00:00,-0.007215021127469345
2024-12-16 00:00:00+00:00,-0.0112882683355239
2024-12-17 00:00:00+00:00,-0.0018842197845944984
2024-12-18 00:00:00+00:00,-0.019297690669512015
2024-12-19 00:00:00+00:00,-0.01125161558371055
2024-12-20 00:00:00+00:00,-0.0036921812142631347
2024-12-23 00:00:00+00:00,-0.0030034971722245228
2024-12-24 00:00:00+00:00,0.010592762348417707
2024-12-26 00:00:00+00:00,0.0029757453335798488
2024-12-27 00:00:00+00:00,-0.008783701562010315
2024-12-30 00:00:00+00:00,-0.0101041782125612
2024-12-31 00:00:00+00:00,0.008500098457328176
2025-01-02 00:00:00+00:00,0.01057405636028712
2025-01-03 00:00:00+00:00,0.01057698098331603
2025-01-06 00:00:00+00:00,-0.009813470574024397
2025-01-07 00:00:00+00:00,0.0039094993304769066
2025-01-08 00:00:00+00:00,-0.014175949161770562
2025-01-10 00:00:00+00:00,-0.0401402146940675
2025-01-13 00:00:00+00:00,0.042132621532884995
2025-01-14 00:00:00+00:00,-0.008463023844914064
2025-01-15 00:00:00+00:00,0.003774269358796034
2025-01-16 00:00:00+00:00,-0.01684048821929185
2025-01-17 00:00:00+00:00,-0.0043834057465328416
2025-01-21 00:00:00+00:00,0.010020047835589763
2025-01-22 00:00:00+00:00,-0.000147815517603944
2025-01-23 00:00:00+00:00,0.0035086098727686197
2025-01-24 00:00:00+00:00,-0.004834494022861779
2025-01-27 00:00:00+00:00,-0.007075625612705472
2025-01-28 00:00:00+00:00,0.00472266885244772
2025-01-29 00:00:00+00:00,-0.0036107686279059467
2025-01-30 00:00:00+00:00,0.0032709805377769906
2025-01-31 00:00:00+00:00,-0.006060860527300904
2025-02-03 00:00:00+00:00,-0.00849998671614569
2025-02-04 00:00:00+00:00,0.004526006198276567
2025-02-05 00:00:00+00:00,0.013222165228453342
2025-02-06 00:00:00+00:00,-0.023434080259866485
2025-02-07 00:00:00+00:00,0.0029148133667619147
2025-02-10 00:00:00+00:00,0.0013861087358277625
2025-02-11 00:00:00+00:00,-0.01019789201589466
2025-02-12 00:00:00+00:00,-0.008106150973169008
2025-02-13 00:00:00+00:00,0.01751154583202084
2025-02-14 00:00:00+00:00,0.009679211982795033
2025-02-18 00:00:00+00:00,-0.02008846150565302
2025-02-19 00:00:00+00:00,-0.00442242147550325
2025-02-20 00:00:00+00:00,-0.013297408562404134
2025-02-21 00:00:00+00:00,-0.019309033729356422
2025-02-24 00:00:00+00:00,-0.0022565548403313818
2025-02-25 00:00:00+00:00,-0.012226531011991948
2025-02-26 00:00:00+00:00,0.007111244367916565
2025-02-27 00:00:00+00:00,-0.017346148018714664
2025-02-28 00:00:00+00:00,0.0005592569050779652
2025-03-03 00:00:00+00:00,-0.02941924513507714
2025-03-04 00:00:00+00:00,-0.016608460716652916
2025-03-05 00:00:00+00:00,0.01070961247448765
2025-03-06 00:00:00+00:00,-0.019139928190673384
2025-03-07 00:00:00+00:00,0.0037820709129483764
2025-03-10 00:00:00+00:00,-0.02037348076064167
2025-03-11 00:00:00+00:00,0.026395071892456424
2025-03-12 00:00:00+00:00,0.048254982904836055
2025-03-13 00:00:00+00:00,0.011722514633368241
2025-03-14 00:00:00+00:00,0.002972141500479064
2025-03-17 00:00:00+00:00,0.014752697168891537
2025-03-18 00:00:00+00:00,-0.020371538648938415
2025-03-19 00:00:00+00:00,0.004735868965005019
2025-03-20 00:00:00+00:00,-0.016081853151910398
2025-03-21 00:00:00+00:00,-0.01275496876883595
2025-03-24 00:00:00+00:00,0.03244938800577775
2025-03-25 00:00:00+00:00,-0.02103618926321087
2025-03-26 00:00:00+00:00,-0.008122638381738323
2025-03-27 00:00:00+00:00,0.01867887974557294
2025-03-28 00:00:00+00:00,-0.02656462443976615
2025-03-31 00:00:00+00:00,-0.04473119910585917
2025-04-01 00:00:00+00:00,-0.018481196552693157
2025-04-02 00:00:00+00:00,0.027253954761387478
2025-04-03 00:00:00+00:00,-0.037362868532544516
2025-04-04 00:00:00+00:00,-0.03674361887671014
2025-04-07 00:00:00+00:00,-0.02973877435943664
2025-04-08 00:00:00+00:00,-0.02163662331280376
2025-04-09 00:00:00+00:00,0.05623774107607062
2025-04-10 00:00:00+00:00,-0.021038943129261134
2025-04-11 00:00:00+00:00,0.024462540081324535
2025-04-14 00:00:00+00:00,0.007810027099144523
2025-04-15 00:00:00+00:00,-0.0008030273395136326
2025-04-16 00:00:00+00:00,-0.006692858581629935
2025-04-17 00:00:00+00:00,0.01152246687756503
2025-04-21 00:00:00+00:00,-0.019260124977152036
2025-04-22 00:00:00+00:00,0.019844772827319845
2025-04-23 00:00:00+00:00,-0.0004894639335431659
2025-04-24 00:00:00+00:00,0.020424289457104748
2025-04-25 00:00:00+00:00,0.0010257739099025053
2025-04-28 00:00:00+00:00,0.009414765424953831
2025-04-29 00:00:00+00:00,0.002041990063404464
2025-04-30 00:00:00+00:00,0.0023881143216240687
2025-05-01 00:00:00+00:00,0.004644579071059351
2025-05-02 00:00:00+00:00,0.006002372562767144
2025-05-05 00:00:00+00:00,-0.010292673036476829
2025-05-06 00:00:00+00:00,-0.019233101811766382
2025-05-07 00:00:00+00:00,-0.0016038678976508347
2025-05-08 00:00:00+00:00,0.008581482749261692
2025-05-09 00:00:00+00:00,0.00029986547663691816
2025-05-12 00:00:00+00:00,0.0
2025-05-13 00:00:00+00:00,0.0
2025-05-14 00:00:00+00:00,-0.007146119872635136
2025-05-15 00:00:00+00:00,-0.0013684326399349355
2025-05-16 00:00:00+00:00,0.006827259248209661
2025-05-19 00:00:00+00:00,-0.0058998982388749335
2025-05-20 00:00:00+00:00,-0.004079020083058226
2025-05-21 00:00:00+00:00,-0.017648224442424865
2025-05-22 00:00:00+00:00,0.005557251657923023
2025-05-23 00:00:00+00:00,-0.003338096741425156
2025-05-27 00:00:00+00:00,0.01943437605238647
2025-05-28 00:00:00+00:00,-0.01447873100617525
2025-05-29 00:00:00+00:00,-0.008485449105844435
2025-05-30 00:00:00+00:00,-0.021106501682508737
2025-06-02 00:00:00+00:00,-0.013289617775175256
2025-06-03 00:00:00+00:00,0.028967670571893624
2025-06-04 00:00:00+00:00,0.0007417922231524709
2025-06-05 00:00:00+00:00,-0.007632896253013177
2025-06-06 00:00:00+00:00,0.013656752637813407
2025-06-09 00:00:00+00:00,0.03293610777234814
2025-06-10 00:00:00+00:00,0.010090513164713322
2025-06-11 00:00:00+00:00,0.00042921975231133855
2025-06-12 00:00:00+00:00,-0.021834730170464466
2025-06-13 00:00:00+00:00,-0.006915751103685741
2025-06-16 00:00:00+00:00,0.013163425224903035
2025-06-17 00:00:00+00:00,-0.008612932000142615
2025-06-18 00:00:00+00:00,0.009548858675697436
2025-06-20 00:00:00+00:00,-6.23514457706918e-05
2025-06-23 00:00:00+00:00,-0.012740665517466243
2025-06-24 00:00:00+00:00,0.014433894952444492
2025-06-25 00:00:00+00:00,-0.008729906746284733
2025-06-26 00:00:00+00:00,0.038102409046453414
2025-06-27 00:00:00+00:00,-0.027200024176690252
2025-06-30 00:00:00+00:00,-0.01272915811738209
2025-07-01 00:00:00+00:00,0.022162525253751064
2025-07-02 00:00:00+00:00,0.012794246814528143
2025-07-03 00:00:00+00:00,0.02022239709218292
2025-07-07 00:00:00+00:00,-0.008679642676441257
2025-07-08 00:00:00+00:00,-0.01697172788245018
2025-07-09 00:00:00+00:00,0.012899030848705584
2025-07-10 00:00:00+00:00,0.030232910473832586
2025-07-11 00:00:00+00:00,-0.0007879030560507871
2025-07-14 00:00:00+00:00,-0.012533458100832973
2025-07-15 00:00:00+00:00,-0.005751622130472378
2025-07-16 00:00:00+00:00,0.03189074504494196
2025-07-17 00:00:00+00:00,0.02819968972553315
2025-07-18 00:00:00+00:00,0.017103867166601883
2025-07-21 00:00:00+00:00,-0.007858279743222174
2025-07-22 00:00:00+00:00,0.011721717137198672
2025-07-23 00:00:00+00:00,0.008347268375802797
2025-07-24 00:00:00+00:00,-0.011513747481663606
2025-07-25 00:00:00+00:00,-0.006166339677788635
2025-07-28 00:00:00+00:00,-0.009932556412901984
2025-07-29 00:00:00+00:00,-0.0212373068947586
2025-07-30 00:00:00+00:00,-0.006766732034442557
2025-07-31 00:00:00+00:00,-0.011108060225201345
2025-08-01 00:00:00+00:00,-0.008041812399119675
2025-08-04 00:00:00+00:00,0.029508128017008483
2025-08-05 00:00:00+00:00,-0.07522943312414117
2025-08-06 00:00:00+00:00,-0.010951199823621232
2025-08-07 00:00:00+00:00,0.012526096058351996
2025-08-08 00:00:00+00:00,-0.0031918536391496075
2025-08-11 00:00:00+00:00,0.015210265975479864
2025-08-12 00:00:00+00:00,0.01841495167601337
2025-08-13 00:00:00+00:00,0.02087790435004446
2025-08-14 00:00:00+00:00,0.025008786405665596
2025-08-15 00:00:00+00:00,-0.019336884632806566
2025-08-18 00:00:00+00:00,-0.02529785478660675
2025-08-19 00:00:00+00:00,-0.044042008800281696
2025-08-20 00:00:00+00:00,-0.007673270536092643
2025-08-21 00:00:00+00:00,0.012079037347057212
2025-08-22 00:00:00+00:00,0.03576028269344575
2025-08-25 00:00:00+00:00,-0.024740453031221965
2025-08-26 00:00:00+00:00,0.008423376751627996
2025-08-27 00:00:00+00:00,0.0014069056514032865
2025-08-28 00:00:00+00:00,0.00505807073029276
2025-08-29 00:00:00+00:00,-0.006991381535837382
2025-09-02 00:00:00+00:00,0.0028349471790336533
2025-09-03 00:00:00+00:00,0.00370540714112384
2025-09-04 00:00:00+00:00,-0.0029901940249791314
2025-09-05 00:00:00+00:00,0.003395196654830901
2025-09-08 00:00:00+00:00,0.011112429399758029
2025-09-09 00:00:00+00:00,-0.007366005868987701
2025-09-10 00:00:00+00:00,-0.009946430950162566
2025-09-11 00:00:00+00:00,0.011597458353909062
2025-09-12 00:00:00+00:00,-0.004485158905077834
2025-09-15 00:00:00+00:00,-0.008856383770874254
2025-09-16 00:00:00+00:00,0.003062987325166899
2025-09-17 00:00:00+00:00,0.009240404080694065
2025-09-18 00:00:00+00:00,0.008705804676242402
2025-09-19 00:00:00+00:00,-0.007645770374057647
2025-09-22 00:00:00+00:00,0.002831851350384618
2025-09-23 00:00:00+00:00,-0.004853539383338923
2025-09-24 00:00:00+00:00,0.0014228869908514685
2025-09-25 00:00:00+00:00,-0.019656760561378727
2025-09-26 00:00:00+00:00,0.02520805938823021
2025-09-29 00:00:00+00:00,0.007512129635645759
2025-09-30 00:00:00+00:00,-0.0025957303301520573
2025-10-01 00:00:00+00:00,-0.01070652398237606
2025-10-02 00:00:00+00:00,0.018113889629825033
2025-10-03 00:00:00+00:00,0.005097079560603857
2025-10-06 00:00:00+00:00,-0.018847567199379613
2025-10-07 00:00:00+00:00,-0.0158455465396667
2025-10-08 00:00:00+00:00,0.013054450858445496
2025-10-09 00:00:00+00:00,0.024348435874935792
2025-10-10 00:00:00+00:00,-0.035273029744316765
2025-10-13 00:00:00+00:00,-0.0025303761685923263
2025-10-14 00:00:00+00:00,-0.018958069502932367
2025-10-15 00:00:00+00:00,0.02294170121833696
2025-10-16 00:00:00+00:00,-0.02652322178303581
2025-10-17 00:00:00+00:00,-0.006066297693385047
2025-10-20 00:00:00+00:00,0.0018963728525670965
2025-10-21 00:00:00+00:00,0.007631861692348064
2025-10-22 00:00:00+00:00,-0.016595081146597357
2025-10-23 00:00:00+00:00,-0.0005118787872511632
2025-10-24 00:00:00+00:00,0.04816828707652774
2025-10-27 00:00:00+00:00,0.031214118854632256
2025-10-28 00:00:00+00:00,-0.02569727909104118
2025-10-29 00:00:00+00:00,-0.016229836354312566
2025-10-30 00:00:00+00:00,-0.0037797388140984986
2025-10-31 00:00:00+00:00,0.00034033638961930015
2025-11-03 00:00:00+00:00,-0.005159533885508894
2025-11-04 00:00:00+00:00,-0.02343019251566354
2025-11-05 00:00:00+00:00,0.016425226989139754
2025-11-06 00:00:00+00:00,0.03283366358970925
2025-11-07 00:00:00+00:00,0.02493117162149929
2025-11-10 00:00:00+00:00,0.006432723479430758
2025-11-11 00:00:00+00:00,0.008093591845990743
2025-11-12 00:00:00+00:00,0.006444748145045987
2025-11-13 00:00:00+00:00,-0.025159202849086924
2025-11-14 00:00:00+00:00,0.001616779479478958
2025-11-17 00:00:00+00:00,-0.009531145858421186
2025-11-18 00:00:00+00:00,-0.010229638627918503
2025-11-19 00:00:00+00:00,-0.020363772578152226
2025-11-20 00:00:00+00:00,-0.0064223188725685
2025-11-21 00:00:00+00:00,0.020556646399689748
2025-11-24 00:00:00+00:00,0.02101591638859942
2025-11-25 00:00:00+00:00,-0.018124260236067703
2025-11-26 00:00:00+00:00,0.021333629337489526
2025-11-28 00:00:00+00:00,0.03100720406191728
2025-12-01 00:00:00+00:00,-0.018490597851852787
2025-12-02 00:00:00+00:00,0.015262305808239373
2025-12-03 00:00:00+00:00,0.02266608517526545
2025-12-04 00:00:00+00:00,0.019660053515877563
2025-12-05 00:00:00+00:00,-0.007795796205597361
2025-12-08 00:00:00+00:00,0.003042919318114223
2025-12-09 00:00:00+00:00,-0.0006631837443062726
2025-12-10 00:00:00+00:00,0.011067214291234362
2025-12-11 00:00:00+00:00,0.020009759860465028
2025-12-12 00:00:00+00:00,-0.011217256866020842
2025-12-15 00:00:00+00:00,-0.01463013249479328
2025-12-16 00:00:00+00:00,-0.004269451043618577
2025-12-17 00:00:00+00:00,-0.008890008476168054
2025-12-18 00:00:00+00:00,-0.007444105926011635
2025-12-19 00:00:00+00:00,0.018922104680902895
2025-12-22 00:00:00+00:00,0.0064346421309323006
2025-12-23 00:00:00+00:00,-0.0176648905142587
2025-12-24 00:00:00+00:00,0.025707787073958543
2025-12-26 00:00:00+00:00,-0.013875356893077192
2025-12-29 00:00:00+00:00,-0.021653071092535375
2025-12-30 00:00:00+00:00,-0.012497361135100435
2025-12-31 00:00:00+00:00,-0.0007114051907271435
2026-01-02 00:00:00+00:00,-0.028761896831088363
2026-01-05 00:00:00+00:00,-0.029808116271283925
2026-01-06 00:00:00+00:00,0.008339095142128734
2026-01-07 00:00:00+00:00,0.023599507565888023
2026-01-08 00:00:00+00:00,-0.003651001700853402
2026-01-09 00:00:00+00:00,-0.0050657166981363955
2026-01-12 00:00:00+00:00,0.010472039737248291
2026-01-13 00:00:00+00:00,0.0005213673637246882
2026-01-14 00:00:00+00:00,-0.004282619668773888
2026-01-15 00:00:00+00:00,-0.023374608228850416
2026-01-16 00:00:00+00:00,-0.0018382669306727755
2026-01-20 00:00:00+00:00,-0.004777805843455514
2026-01-21 00:00:00+00:00,0.01745786215108604
2026-01-22 00:00:00+00:00,0.044590610882817974
2026-01-23 00:00:00+00:00,-0.019857768430070075
2026-01-26 00:00:00+00:00,0.01985939681908562
2026-01-27 00:00:00+00:00,-0.01159257717944937
2026-01-28 00:00:00+00:00,-0.007660559696741354
2026-01-29 00:00:00+00:00,-0.0368092514851792
2026-01-30 00:00:00+00:00,-0.01997977713595176
2026-02-02 00:00:00+00:00,0.03886689996420902
2026-02-03 00:00:00+00:00,-0.028220197596082252
2026-02-04 00:00:00+00:00,0.0031969953119372675
2026-02-05 00:00:00+00:00,-0.025008739215128695
2026-02-06 00:00:00+00:00,-0.004819466997035238
2026-02-09 00:00:00+00:00,-0.010782365452852272
2026-02-10 00:00:00+00:00,0.010899744917336229
2026-02-11 00:00:00+00:00,0.008335497559387228
2026-02-12 00:00:00+00:00,0.005046333970806738
2026-02-13 00:00:00+00:00,0.0010510830944962413
2026-02-17 00:00:00+00:00,0.011652935460384284
2026-02-18 00:00:00+00:00,0.022492761634722712
2026-02-19 00:00:00+00:00,0.0015032929329977796
2026-02-20 00:00:00+00:00,-0.02331672656433361
2026-02-23 00:00:00+00:00,-0.013680458798466888
2026-02-24 00:00:00+00:00,0.0018714825098534726
2026-02-25 00:00:00+00:00,-0.006590120266578059
2026-02-26 00:00:00+00:00,-0.014805721338161803
2026-02-27 00:00:00+00:00,-0.0069486896467948036
2026-03-02 00:00:00+00:00,0.00029023425365723996
2026-03-03 00:00:00+00:00,0.0033116004927867594
2026-03-04 00:00:00+00:00,0.0035678656002543496
2026-03-05 00:00:00+00:00,0.026646073249546265
2026-03-06 00:00:00+00:00,-0.03215839878488169
2026-03-09 00:00:00+00:00,0.029361479573380183
2026-03-10 00:00:00+00:00,-0.02398920519058867
2026-03-11 00:00:00+00:00,-0.0021954007913878248
2026-03-12 00:00:00+00:00,-0.02120588308752074
2026-03-13 00:00:00+00:00,0.007735237253824857
2026-03-16 00:00:00+00:00,-0.009949428887880685
2026-03-17 00:00:00+00:00,0.015588572201711124
2026-03-18 00:00:00+00:00,-0.024227379029857308
2026-03-19 00:00:00+00:00,-0.018747450828640027
2026-03-20 00:00:00+00:00,-0.02304363656926652
2026-03-23 00:00:00+00:00,0.01874832941261051
2026-03-24 00:00:00+00:00,-0.03723904862399376
2026-03-25 00:00:00+00:00,-0.010813307316162684
2026-03-26 00:00:00+00:00,0.008099721067655951
2026-03-27 00:00:00+00:00,-0.027825883367742943
2026-03-30 00:00:00+00:00,0.004839133663266759
2026-03-31 00:00:00+00:00,0.03768801661116161
2026-04-01 00:00:00+00:00,-0.0015360067733740878
2026-04-02 00:00:00+00:00,0.025456338654930313
2026-04-06 00:00:00+00:00,0.018508109606434387
2026-04-07 00:00:00+00:00,-0.024218878402907016
2026-04-08 00:00:00+00:00,0.011857334299829669
2026-04-09 00:00:00+00:00,0.00792041767553906
2026-04-10 00:00:00+00:00,0.003956959506365143
2026-04-13 00:00:00+00:00,0.0169618175390678
2026-04-14 00:00:00+00:00,-8.184405507718421e-05
2026-04-15 00:00:00+00:00,0.034265422780582956
2026-04-16 00:00:00+00:00,-0.0062319853385635945
2026-04-17 00:00:00+00:00,0.03271135428103553
2026-04-20 00:00:00+00:00,0.006975536523890225
2026-04-21 00:00:00+00:00,0.01528124290645778
2026-04-22 00:00:00+00:00,-0.020558676842495103
2026-04-23 00:00:00+00:00,0.0085657079199698
2026-04-24 00:00:00+00:00,-0.03297413164682372
2026-04-27 00:00:00+00:00,0.007889676539182022
2026-04-28 00:00:00+00:00,0.03073707146847744
2026-04-29 00:00:00+00:00,0.015159033718564885
2026-04-30 00:00:00+00:00,0.038586417297029565
2026-05-01 00:00:00+00:00,0.0035939724074141033
2026-05-04 00:00:00+00:00,-0.007210665771621793
2026-05-05 00:00:00+00:00,0.013454063830461238
2026-05-06 00:00:00+00:00,0.018344025571539316
2026-05-07 00:00:00+00:00,-0.06276965362375302
2026-05-08 00:00:00+00:00,-0.008998256837872661
2026-05-11 00:00:00+00:00,0.04439816626879817
2026-05-12 00:00:00+00:00,-0.049176753235273325
2026-05-13 00:00:00+00:00,-0.052831869927887
2026-05-14 00:00:00+00:00,0.030192217432749226
2026-05-15 00:00:00+00:00,-0.031607238645595157
2026-05-18 00:00:00+00:00,-0.05033166532810864
2026-05-19 00:00:00+00:00,-0.02508358893908584
2026-05-20 00:00:00+00:00,-0.01351024332483879
2026-05-21 00:00:00+00:00,0.02084946469734732
2026-05-22 00:00:00+00:00,0.001911940064296691
2026-05-26 00:00:00+00:00,0.0331333045202028
2026-05-27 00:00:00+00:00,-2.2920612085175483e-05
2026-05-28 00:00:00+00:00,0.006023929401034711
2026-05-29 00:00:00+00:00,0.017862862895058007
2026-06-01 00:00:00+00:00,-0.0076545840807945575
2026-06-02 00:00:00+00:00,-0.04586717564909988
2026-06-03 00:00:00+00:00,-0.020858599060487745
2026-06-04 00:00:00+00:00,-0.005916388295907194
2026-06-05 00:00:00+00:00,-0.03981995234442184
2026-06-08 00:00:00+00:00,-0.0034114898332416655
2026-06-09 00:00:00+00:00,0.01844433836238548
2026-06-10 00:00:00+00:00,0.03111427426153257
2026-06-11 00:00:00+00:00,0.034013414622876235
2026-06-12 00:00:00+00:00,0.02223149413297687
2026-06-15 00:00:00+00:00,0.012008268809607259
2026-06-16 00:00:00+00:00,-0.04218616629966201
2026-06-17 00:00:00+00:00,-0.0048849913220191605
2026-06-18 00:00:00+00:00,-0.00724261731955016
2026-06-22 00:00:00+00:00,0.04395075009239724
2026-06-23 00:00:00+00:00,0.011753724151302136
2026-06-24 00:00:00+00:00,0.010467432917365871
2026-06-25 00:00:00+00:00,-0.004660983701096288
2026-06-26 00:00:00+00:00,-0.006670266284245051
2026-06-29 00:00:00+00:00,-0.0013169512846451514
2026-06-30 00:00:00+00:00,-0.025493503906520207
2026-07-01 00:00:00+00:00,-0.008448416367760947
2026-07-02 00:00:00+00:00,0.042387909102768975
2026-07-06 00:00:00+00:00,0.01322807188433477
2026-07-07 00:00:00+00:00,-0.020531268392652312
2026-07-08 00:00:00+00:00,0.011404263742800161
2026-07-09 00:00:00+00:00,0.021455649821924494
2026-07-10 00:00:00+00:00,-0.005077790053637657
2026-07-13 00:00:00+00:00,-0.00533904497947274
2026-07-14 00:00:00+00:00,0.0007167698963477243
2026-07-15 00:00:00+00:00,0.005179453222580547
2026-07-16 00:00:00+00:00,0.02541888868106508
2026-07-17 00:00:00+00:00,-0.002559140444301744
2026-07-20 00:00:00+00:00,-0.008217084772114025
2026-07-21 00:00:00+00:00,0.024020392528498993
2026-07-22 00:00:00+00:00,-0.007147763745496268
2026-07-23 00:00:00+00:00,0.03382284603066599
2026-07-24 00:00:00+00:00,-0.003667741666921113
2026-07-27 00:00:00+00:00,0.023132857032083527
2026-07-28 00:00:00+00:00,-0.020680444911891045
2026-07-29 00:00:00+00:00,-0.02615607552040362
2026-07-30 00:00:00+00:00,0.03668323098825626
2026-07-31 00:00:00+00:00,-0.02021980409818236
2026-08-03 00:00:00+00:00,0.04069387028633942
2026-08-04 00:00:00+00:00,0.022866193251663416
2026-08-05 00:00:00+00:00,0.012502300437406123
2026-08-06 00:00:00+00:00,0.024163514867604333
2026-08-07 00:00:00+00:00,0.010700042860562854
2026-08-10 00:00:00+00:00,-0.007038619253782042
2026-08-11 00:00:00+00:00,-0.02046045305889186
2026-08-12 00:00:00+00:00,-0.007439130942889416
2026-08-13 00:00:00+00:00,-0.01829442239882266
2026-08-14 00:00:00+00:00,0.015253495485982649
2026-08-17 00:00:00+00:00,0.010763094651696292
2026-08-18 00:00:00+00:00,0.040056624048231786
2026-08-19 00:00:00+00:00,0.04566487995302073
2026-08-20 00:00:00+00:00,0.000764675537774151
2026-08-21 00:00:00+00:00,0.009086610902974445
2026-08-24 00:00:00+00:00,0.01646466733100025
2026-08-25 00:00:00+00:00,-0.030100085117515385
2026-08-26 00:00:00+00:00,-0.0007084824724472802
2026-08-27 00:00:00+00:00,0.006305009363286884
2026-08-28 00:00:00+00:00,-0.00042478720524219415
2026-08-31 00:00:00+00:00,-0.013958122450833544
2026-09-01 00:00:00+00:00,-0.0017722218282445023
2026-09-02 00:00:00+00:00,-0.004194266690091752
2026-09-03 00:00:00+00:00,0.000166875568861391
2026-09-04 00:00:00+00:00,0.007713299740799195
2026-09-08 00:00:00+00:00,0.027708160638225943
2026-09-09 00:00:00+00:00,-0.004376540937510054
2026-09-10 00:00:00+00:00,-0.004582973721224071
2026-09-11 00:00:00+00:00,-0.0009579415707676286
2026-09-14 00:00:00+00:00,-0.016704964938012636
2026-09-15 00:00:00+00:00,-0.018624572671362905
2026-09-16 00:00:00+00:00,-0.013359863671020844
2026-09-17 00:00:00+00:00,0.017796951606174696
2026-09-18 00:00:00+00:00,0.001343028616230879
2026-09-21 00:00:00+00:00,-0.015054306363662718
2026-09-22 00:00:00+00:00,-0.02015740566574595
2026-09-23 00:00:00+00:00,0.00692012987857508
2026-09-24 00:00:00+00:00,-0.009012508180145562
2026-09-25 00:00:00+00:00,-0.006547456080240077
2026-09-28 00:00:00+00:00,1.1957584334409965e-05
2026-09-29 00:00:00+00:00,-0.001440627954217887
