entrada,salida,lado,R,ret,velas
2017-03-07 15:00:00+00:00,2017-03-09 14:00:00+00:00,-1,3.471022772043291,0.03471022772043291,48
2017-03-09 23:00:00+00:00,2017-03-10 14:00:00+00:00,-1,0.08727112933938173,0.0008727112933938174,16
2017-03-21 15:00:00+00:00,2017-03-23 03:00:00+00:00,1,1.074773171514382,0.01074773171514382,35
2017-03-23 14:00:00+00:00,2017-03-23 15:00:00+00:00,1,-0.9999999999999836,-0.009999999999999835,2
2017-03-27 02:00:00+00:00,2017-03-27 15:00:00+00:00,1,0.10826893189411062,0.0010826893189411061,14
2017-04-04 02:00:00+00:00,2017-04-04 14:00:00+00:00,1,-0.10713115828093919,-0.001071311582809392,13
2017-04-07 03:00:00+00:00,2017-04-07 17:00:00+00:00,1,-0.49984763698823387,-0.004998476369882339,15
2017-04-11 16:00:00+00:00,2017-04-12 10:00:00+00:00,1,0.11383726201266112,0.0011383726201266112,18
2017-04-12 21:00:00+00:00,2017-04-13 14:00:00+00:00,1,0.2782612668174087,0.002782612668174087,17
2017-04-17 00:00:00+00:00,2017-04-17 06:00:00+00:00,1,-0.8945401818080443,-0.008945401818080442,7
2017-04-28 12:15:00+00:00,2017-04-28 13:30:00+00:00,1,-0.9841843651151707,-0.009841843651151707,6
2017-04-30 23:15:00+00:00,2017-05-01 01:30:00+00:00,1,-0.673861149791259,-0.00673861149791259,10
2017-05-02 13:30:00+00:00,2017-05-02 14:15:00+00:00,-1,-1.0000000000000402,-0.010000000000000403,4
2017-05-03 15:15:00+00:00,2017-05-03 15:45:00+00:00,-1,-0.2773557417140263,-0.002773557417140263,3
2017-05-03 20:30:00+00:00,2017-05-04 01:30:00+00:00,-1,1.7866447246431385,0.017866447246431386,17
2017-05-04 07:00:00+00:00,2017-05-04 08:45:00+00:00,-1,-0.4011144784436809,-0.004011144784436809,8
2017-05-04 13:30:00+00:00,2017-05-04 15:00:00+00:00,-1,0.5164166613017589,0.005164166613017589,7
2017-05-08 22:00:00+00:00,2017-05-08 22:15:00+00:00,-1,-1.000000000000041,-0.010000000000000411,2
2017-05-09 06:30:00+00:00,2017-05-09 06:30:00+00:00,-1,-1.0,-0.01,1
2017-05-09 12:00:00+00:00,2017-05-09 19:30:00+00:00,-1,3.2772000349558,0.032772000349558,31
2017-05-16 14:45:00+00:00,2017-05-16 19:45:00+00:00,1,-0.6328006532136365,-0.006328006532136366,21
2017-05-16 23:30:00+00:00,2017-05-17 05:00:00+00:00,1,1.753305719292623,0.01753305719292623,23
2017-05-17 09:45:00+00:00,2017-05-17 10:45:00+00:00,1,0.08317649946810443,0.0008317649946810444,5
2017-05-17 12:15:00+00:00,2017-05-18 00:15:00+00:00,1,4.1255255621227915,0.041255255621227914,45
2017-05-18 10:45:00+00:00,2017-05-18 11:30:00+00:00,1,-1.0000000000000084,-0.010000000000000085,4
2017-05-22 12:15:00+00:00,2017-05-22 13:00:00+00:00,1,-0.712441719910141,-0.007124417199101411,4
2017-05-22 17:30:00+00:00,2017-05-22 19:45:00+00:00,1,-0.6834259727135737,-0.0068342597271357376,10
2017-05-22 23:45:00+00:00,2017-05-23 01:00:00+00:00,1,-0.9999999999999623,-0.009999999999999622,6
2017-05-24 20:15:00+00:00,2017-05-25 00:45:00+00:00,1,-0.5234954350662081,-0.005234954350662081,15
2017-05-25 03:15:00+00:00,2017-05-25 06:00:00+00:00,1,-0.7395491630919417,-0.007395491630919418,12
2017-05-26 07:00:00+00:00,2017-05-26 07:30:00+00:00,1,-0.05848656975065718,-0.0005848656975065718,3
2017-05-26 09:15:00+00:00,2017-05-26 13:00:00+00:00,1,-0.6385746880916457,-0.006385746880916457,16
2017-05-26 17:30:00+00:00,2017-05-26 20:15:00+00:00,1,-0.6809515162520396,-0.006809515162520397,12
2017-05-31 12:15:00+00:00,2017-05-31 13:15:00+00:00,1,-0.999999999999943,-0.009999999999999431,5
2017-05-31 17:00:00+00:00,2017-05-31 19:45:00+00:00,1,-0.19256970463719517,-0.0019256970463719517,12
2017-06-02 12:45:00+00:00,2017-06-05 02:30:00+00:00,1,2.5567996440753533,0.025567996440753533,44
2017-06-05 12:15:00+00:00,2017-06-05 12:45:00+00:00,1,-1.0000000000000375,-0.010000000000000375,3
2017-06-06 02:15:00+00:00,2017-06-06 11:45:00+00:00,1,3.9963955144178964,0.03996395514417896,39
2017-06-06 13:30:00+00:00,2017-06-06 14:15:00+00:00,1,-0.9999999999999888,-0.009999999999999887,4
2017-06-06 15:15:00+00:00,2017-06-06 18:30:00+00:00,1,-0.7664707117361974,-0.007664707117361974,14
2017-06-09 13:00:00+00:00,2017-06-09 16:15:00+00:00,-1,-0.6354804365185687,-0.006354804365185687,14
2017-06-13 01:15:00+00:00,2017-06-13 01:30:00+00:00,-1,-0.9999999999999781,-0.009999999999999782,2
2017-06-13 12:45:00+00:00,2017-06-13 13:30:00+00:00,-1,-0.28600788524452364,-0.0028600788524452366,4
2017-06-14 19:15:00+00:00,2017-06-14 23:45:00+00:00,-1,0.02696917808219547,0.0002696917808219547,15
2017-06-15 11:15:00+00:00,2017-06-15 18:15:00+00:00,-1,0.3482737734706509,0.0034827377347065092,29
2017-06-19 07:15:00+00:00,2017-06-19 09:00:00+00:00,-1,-0.43450072709657894,-0.004345007270965789,8
2017-06-19 13:15:00+00:00,2017-06-20 01:00:00+00:00,-1,1.4245938961357374,0.014245938961357374,44
2017-06-20 13:45:00+00:00,2017-06-20 18:30:00+00:00,-1,-0.27076330911853824,-0.0027076330911853827,20
2017-06-29 08:00:00+00:00,2017-06-29 09:45:00+00:00,-1,-0.4608005394139657,-0.004608005394139657,8
2017-06-29 12:45:00+00:00,2017-06-29 14:00:00+00:00,-1,-0.5858448616600936,-0.005858448616600937,6
2017-07-03 02:00:00+00:00,2017-07-03 18:45:00+00:00,-1,8.476573771736767,0.08476573771736767,68
2017-07-05 09:45:00+00:00,2017-07-05 11:00:00+00:00,-1,-0.3028743789921963,-0.0030287437899219633,6
2017-07-07 13:15:00+00:00,2017-07-07 19:15:00+00:00,-1,1.3461282238366052,0.013461282238366052,25
2017-07-10 06:30:00+00:00,2017-07-10 07:45:00+00:00,-1,-0.5906122093528259,-0.005906122093528259,6
2017-07-14 00:15:00+00:00,2017-07-14 00:15:00+00:00,-1,-0.9999999999999589,-0.009999999999999589,1
2017-07-17 11:45:00+00:00,2017-07-17 19:45:00+00:00,1,0.21460011626925568,0.0021460011626925567,33
2017-07-18 01:15:00+00:00,2017-07-18 06:30:00+00:00,1,0.028566436620888116,0.0002856643662088812,22
2017-07-18 12:15:00+00:00,2017-07-18 19:45:00+00:00,1,1.307069616837551,0.013070696168375511,31
2017-07-20 14:45:00+00:00,2017-07-20 18:30:00+00:00,1,-0.4183285849952426,-0.004183285849952426,16
2017-07-21 12:00:00+00:00,2017-07-24 01:00:00+00:00,1,3.493226600985102,0.03493226600985102,41
2017-07-24 12:45:00+00:00,2017-07-24 13:30:00+00:00,1,-1.000000000000015,-0.010000000000000151,4
2017-07-26 18:15:00+00:00,2017-07-26 23:45:00+00:00,1,2.106439880188302,0.021064398801883023,19
2017-07-27 03:45:00+00:00,2017-07-27 04:45:00+00:00,1,-1.0000000000000173,-0.010000000000000174,5
2017-07-28 12:45:00+00:00,2017-07-28 13:00:00+00:00,1,-1.0,-0.01,2
2017-07-28 15:30:00+00:00,2017-07-28 20:45:00+00:00,1,-0.28710703656828124,-0.0028710703656828125,22
2017-08-01 02:30:00+00:00,2017-08-01 06:15:00+00:00,1,-0.7108162579779916,-0.007108162579779916,16
2017-08-01 14:15:00+00:00,2017-08-01 19:00:00+00:00,1,-0.15450699361080275,-0.0015450699361080275,20
2017-08-03 19:45:00+00:00,2017-08-03 20:00:00+00:00,1,-0.999999999999953,-0.00999999999999953,2
2017-08-08 14:45:00+00:00,2017-08-08 16:15:00+00:00,-1,-0.8615973985478199,-0.0086159739854782,7
2017-08-09 07:15:00+00:00,2017-08-09 10:00:00+00:00,1,-0.9999999999999335,-0.009999999999999336,12
2017-08-09 12:00:00+00:00,2017-08-09 13:15:00+00:00,1,1.2824848166755796,0.012824848166755796,6
2017-08-09 18:45:00+00:00,2017-08-09 23:30:00+00:00,1,-0.7975075408795359,-0.007975075408795359,16
2017-08-10 06:00:00+00:00,2017-08-10 18:30:00+00:00,1,3.398449076360541,0.03398449076360541,51
2017-08-11 00:30:00+00:00,2017-08-11 01:15:00+00:00,1,-0.9999999999999385,-0.009999999999999384,4
2017-08-11 12:45:00+00:00,2017-08-11 12:45:00+00:00,1,-1.0000000000000357,-0.010000000000000358,1
2017-08-17 00:15:00+00:00,2017-08-17 00:15:00+00:00,1,-0.9999999999999393,-0.009999999999999393,1
2017-08-17 01:00:00+00:00,2017-08-17 05:30:00+00:00,1,1.0907767372313828,0.010907767372313828,19
2017-08-18 07:15:00+00:00,2017-08-18 11:45:00+00:00,1,-0.07071651090344812,-0.0007071651090344811,19
2017-08-18 13:15:00+00:00,2017-08-18 13:15:00+00:00,1,-0.9999999999999621,-0.009999999999999622,1
2017-08-25 13:30:00+00:00,2017-08-25 13:30:00+00:00,1,-0.9999999999999757,-0.009999999999999757,1
2017-08-28 06:00:00+00:00,2017-08-28 07:30:00+00:00,1,1.5786716241339551,0.015786716241339552,7
2017-08-28 11:45:00+00:00,2017-08-28 12:00:00+00:00,1,-0.9999999999999585,-0.009999999999999586,2
2017-08-28 15:00:00+00:00,2017-08-28 22:45:00+00:00,1,4.552350102178289,0.04552350102178289,28
2017-08-29 08:15:00+00:00,2017-08-29 09:30:00+00:00,1,-0.999999999999989,-0.009999999999999891,6
2017-08-31 14:30:00+00:00,2017-09-01 00:45:00+00:00,1,1.203043625295882,0.01203043625295882,38
2017-09-01 12:45:00+00:00,2017-09-01 12:45:00+00:00,1,-0.9999999999999795,-0.009999999999999796,1
2017-09-04 00:15:00+00:00,2017-09-04 01:00:00+00:00,1,-1.0,-0.01,4
2017-09-04 06:15:00+00:00,2017-09-04 08:45:00+00:00,1,-0.6608827887390889,-0.006608827887390889,11
2017-09-05 18:30:00+00:00,2017-09-05 20:00:00+00:00,1,-0.3527131782946383,-0.003527131782946383,7
2017-09-07 12:45:00+00:00,2017-09-07 13:00:00+00:00,1,-0.9999999999999684,-0.009999999999999684,2
2017-09-08 00:45:00+00:00,2017-09-08 01:15:00+00:00,1,-0.9999999999999442,-0.009999999999999442,3
2017-09-08 02:30:00+00:00,2017-09-08 06:15:00+00:00,1,0.8787328224100485,0.008787328224100485,16
2017-09-13 11:00:00+00:00,2017-09-13 11:15:00+00:00,1,-1.000000000000053,-0.010000000000000531,2
2017-09-14 01:00:00+00:00,2017-09-14 02:15:00+00:00,-1,-1.0,-0.01,6
2017-09-15 14:30:00+00:00,2017-09-15 20:15:00+00:00,-1,-0.08616390894665547,-0.0008616390894665548,24
2017-09-18 00:15:00+00:00,2017-09-18 01:00:00+00:00,-1,-1.0,-0.01,4
2017-09-18 06:45:00+00:00,2017-09-18 08:30:00+00:00,-1,0.005437839864798936,5.437839864798936e-05,8
2017-09-18 12:45:00+00:00,2017-09-18 18:30:00+00:00,-1,1.3111934058058006,0.013111934058058007,24
2017-09-20 18:45:00+00:00,2017-09-21 01:00:00+00:00,-1,-0.088274744313448,-0.0008827474431344801,22
2017-09-21 07:00:00+00:00,2017-09-21 08:45:00+00:00,-1,-1.0000000000000477,-0.010000000000000477,8
2017-09-21 12:30:00+00:00,2017-09-21 13:45:00+00:00,-1,-0.6950874546225997,-0.006950874546225997,6
2017-09-25 07:15:00+00:00,2017-09-25 08:30:00+00:00,-1,-1.00000000000002,-0.0100000000000002,6
2017-09-26 16:45:00+00:00,2017-09-26 17:00:00+00:00,-1,-1.0,-0.01,2
2017-09-27 00:30:00+00:00,2017-09-27 01:00:00+00:00,-1,-1.000000000000029,-0.010000000000000292,3
2017-09-27 08:45:00+00:00,2017-09-27 10:15:00+00:00,-1,-0.9999999999999768,-0.009999999999999768,7
2017-09-27 12:45:00+00:00,2017-09-27 14:30:00+00:00,-1,-0.9142475171886576,-0.009142475171886577,8
2017-09-27 20:15:00+00:00,2017-09-28 00:00:00+00:00,-1,-0.9347537354731439,-0.00934753735473144,12
2017-09-28 04:00:00+00:00,2017-09-28 06:15:00+00:00,-1,0.033369090491205004,0.00033369090491205006,10
2017-09-29 20:00:00+00:00,2017-09-29 20:45:00+00:00,-1,0.04063550259691963,0.0004063550259691963,4
2017-10-02 00:30:00+00:00,2017-10-02 08:30:00+00:00,-1,0.37656363306742896,0.0037656363306742898,33
2017-10-03 01:30:00+00:00,2017-10-03 02:30:00+00:00,-1,-0.9999999999999443,-0.009999999999999443,5
2017-10-05 17:30:00+00:00,2017-10-05 22:00:00+00:00,-1,0.6675308421240204,0.006675308421240204,15
2017-10-06 12:45:00+00:00,2017-10-06 14:30:00+00:00,-1,-0.2730475312990765,-0.002730475312990765,8
2017-10-10 01:30:00+00:00,2017-10-10 05:45:00+00:00,1,-0.00963263395990366,-9.63263395990366e-05,18
2017-10-10 08:30:00+00:00,2017-10-10 12:30:00+00:00,1,0.2996729354048818,0.002996729354048818,17
2017-10-10 15:00:00+00:00,2017-10-10 15:30:00+00:00,1,-0.9999999999999779,-0.00999999999999978,3
2017-10-11 19:30:00+00:00,2017-10-12 01:30:00+00:00,1,-0.2408315477172626,-0.002408315477172626,21
2017-10-12 03:30:00+00:00,2017-10-12 06:45:00+00:00,1,0.059032044616792824,0.0005903204461679282,14
2017-10-12 07:45:00+00:00,2017-10-12 09:00:00+00:00,1,-0.9999999999999388,-0.009999999999999388,6
2017-10-13 06:45:00+00:00,2017-10-13 07:00:00+00:00,1,-0.9999999999999765,-0.009999999999999764,2
2017-10-13 12:45:00+00:00,2017-10-16 01:00:00+00:00,1,0.17251350894970247,0.0017251350894970246,38
2017-10-16 07:30:00+00:00,2017-10-16 08:45:00+00:00,1,-1.0000000000000533,-0.010000000000000533,6
2017-10-16 11:30:00+00:00,2017-10-16 12:15:00+00:00,1,-1.0000000000000229,-0.01000000000000023,4
2017-10-18 08:45:00+00:00,2017-10-18 13:00:00+00:00,-1,0.2523765432097677,0.0025237654320976774,18
2017-10-23 00:15:00+00:00,2017-10-23 05:00:00+00:00,-1,-0.5598355109052987,-0.005598355109052987,20
2017-10-25 03:45:00+00:00,2017-10-25 05:30:00+00:00,-1,-0.9999999999999427,-0.009999999999999428,8
2017-10-26 16:30:00+00:00,2017-10-27 00:30:00+00:00,-1,1.2584965639754864,0.012584965639754864,29
2017-10-27 06:45:00+00:00,2017-10-27 07:45:00+00:00,-1,-1.0000000000000626,-0.010000000000000626,5
2017-10-31 14:15:00+00:00,2017-10-31 18:30:00+00:00,-1,-0.6168632342935508,-0.006168632342935508,18
2017-11-02 14:15:00+00:00,2017-11-02 14:30:00+00:00,1,-1.000000000000019,-0.010000000000000191,2
2017-11-08 10:15:00+00:00,2017-11-08 11:45:00+00:00,1,-0.6425942285040606,-0.006425942285040606,7
2017-11-08 14:30:00+00:00,2017-11-08 18:15:00+00:00,1,-0.4114262903301173,-0.004114262903301173,16
2017-11-09 11:45:00+00:00,2017-11-09 13:45:00+00:00,1,-1.0000000000000175,-0.010000000000000175,9
2017-11-14 08:15:00+00:00,2017-11-14 09:30:00+00:00,-1,-0.9999999999999628,-0.009999999999999629,6
2017-11-15 09:45:00+00:00,2017-11-15 13:30:00+00:00,1,-0.5794824399260207,-0.005794824399260207,16
2017-11-15 13:45:00+00:00,2017-11-15 14:00:00+00:00,1,-0.9999999999999628,-0.009999999999999629,2
2017-11-17 14:15:00+00:00,2017-11-20 00:00:00+00:00,1,3.0722694174758294,0.030722694174758293,28
2017-11-22 14:15:00+00:00,2017-11-22 21:45:00+00:00,1,1.7093613024420764,0.017093613024420765,31
2017-11-27 08:30:00+00:00,2017-11-27 09:00:00+00:00,1,-1.0000000000000424,-0.010000000000000423,3
2017-11-27 10:15:00+00:00,2017-11-27 14:30:00+00:00,1,0.7751293925361564,0.0077512939253615645,18
2017-11-30 09:00:00+00:00,2017-11-30 10:00:00+00:00,-1,-0.9878090221731263,-0.009878090221731263,5
2017-11-30 13:30:00+00:00,2017-11-30 14:30:00+00:00,-1,-0.6373076441887191,-0.006373076441887191,5
2017-11-30 17:00:00+00:00,2017-11-30 20:00:00+00:00,-1,0.01619000657460379,0.0001619000657460379,13
2017-12-05 14:15:00+00:00,2017-12-05 19:15:00+00:00,-1,1.1807783955520128,0.011807783955520129,21
2017-12-07 06:00:00+00:00,2017-12-07 07:45:00+00:00,-1,1.5086444951375129,0.015086444951375129,8
2017-12-07 10:45:00+00:00,2017-12-07 20:45:00+00:00,-1,4.402048763968851,0.04402048763968851,41
2017-12-11 17:30:00+00:00,2017-12-12 00:00:00+00:00,-1,1.1077953357223558,0.011077953357223558,23
2017-12-12 14:30:00+00:00,2017-12-12 15:00:00+00:00,-1,-0.9999999999999639,-0.00999999999999964,3
2017-12-12 15:15:00+00:00,2017-12-12 17:15:00+00:00,-1,-0.5137222324779706,-0.005137222324779706,9
2017-12-18 15:45:00+00:00,2017-12-18 19:15:00+00:00,1,-0.6307870370370304,-0.006307870370370304,15
2017-12-19 06:15:00+00:00,2017-12-19 09:15:00+00:00,1,-0.9916633050962769,-0.009916633050962768,13
2017-12-20 10:30:00+00:00,2017-12-20 13:15:00+00:00,1,-0.9999999999999757,-0.009999999999999757,12
2017-12-20 17:45:00+00:00,2017-12-20 19:15:00+00:00,1,-0.9999999999999731,-0.009999999999999731,7
2017-12-21 20:30:00+00:00,2017-12-21 21:15:00+00:00,1,-1.0000000000000242,-0.010000000000000243,4
2017-12-22 14:15:00+00:00,2017-12-22 20:30:00+00:00,1,2.8481432360743226,0.028481432360743228,26
2017-12-26 06:15:00+00:00,2017-12-26 09:30:00+00:00,1,-1.0000000000000322,-0.010000000000000323,14
2017-12-26 13:15:00+00:00,2017-12-26 23:15:00+00:00,1,2.3883735705210647,0.023883735705210647,37
2017-12-27 07:15:00+00:00,2017-12-27 12:00:00+00:00,1,0.22564979480193578,0.002256497948019358,20
2017-12-27 15:45:00+00:00,2017-12-27 21:45:00+00:00,1,-0.03789429328196458,-0.0003789429328196458,25
2017-12-28 03:00:00+00:00,2017-12-28 06:30:00+00:00,1,1.1709135659475767,0.011709135659475766,15
2017-12-28 08:15:00+00:00,2017-12-28 09:30:00+00:00,1,-1.0000000000000222,-0.010000000000000222,6
2017-12-28 14:30:00+00:00,2017-12-28 15:00:00+00:00,1,-1.0000000000000142,-0.010000000000000142,3
2017-12-29 01:15:00+00:00,2017-12-29 06:15:00+00:00,1,-0.22871010442717282,-0.0022871010442717284,21
2017-12-29 08:15:00+00:00,2017-12-29 18:45:00+00:00,1,8.061925244734164,0.08061925244734164,43
2018-01-02 06:15:00+00:00,2018-01-02 15:00:00+00:00,1,0.8389229422066089,0.008389229422066088,36
2018-01-02 18:30:00+00:00,2018-01-03 01:30:00+00:00,1,1.64577905158933,0.0164577905158933,25
2018-01-04 15:45:00+00:00,2018-01-04 23:00:00+00:00,1,0.7721462544589416,0.007721462544589416,26
2018-01-10 10:15:00+00:00,2018-01-10 13:30:00+00:00,1,1.6611821716345587,0.016611821716345586,14
2018-01-12 00:15:00+00:00,2018-01-12 07:45:00+00:00,1,2.2525664091439026,0.022525664091439027,31
2018-01-12 09:15:00+00:00,2018-01-12 13:30:00+00:00,1,-0.25771780620101614,-0.0025771780620101616,18
2018-01-12 18:15:00+00:00,2018-01-15 06:15:00+00:00,1,3.330821464060946,0.03330821464060946,37
2018-01-17 02:00:00+00:00,2018-01-17 02:00:00+00:00,1,-0.999999999999986,-0.00999999999999986,1
2018-01-19 08:00:00+00:00,2018-01-19 11:45:00+00:00,1,-0.37586577903306945,-0.0037586577903306944,16
2018-01-23 01:45:00+00:00,2018-01-23 08:15:00+00:00,1,-0.4260627578928257,-0.004260627578928257,27
2018-01-23 19:30:00+00:00,2018-01-24 01:00:00+00:00,1,0.2688985627417962,0.002688985627417962,19
2018-01-24 06:45:00+00:00,2018-01-24 23:00:00+00:00,1,8.738482854174018,0.08738482854174018,62
2018-01-25 03:30:00+00:00,2018-01-25 06:45:00+00:00,1,0.14651252161671596,0.0014651252161671598,14
2018-02-02 15:00:00+00:00,2018-02-02 18:15:00+00:00,-1,0.06891949083566302,0.0006891949083566302,14
2018-02-06 15:15:00+00:00,2018-02-06 23:15:00+00:00,-1,0.5997723478524544,0.005997723478524544,29
2018-02-07 16:45:00+00:00,2018-02-07 21:15:00+00:00,-1,0.4605952187347316,0.004605952187347316,19
2018-02-08 04:30:00+00:00,2018-02-08 06:00:00+00:00,-1,-0.9999999999999618,-0.009999999999999619,7
2018-02-08 12:30:00+00:00,2018-02-08 12:45:00+00:00,-1,-0.9999999999999764,-0.009999999999999764,2
2018-02-09 15:30:00+00:00,2018-02-09 15:45:00+00:00,-1,-0.9999999999999811,-0.009999999999999811,2
2018-02-14 03:00:00+00:00,2018-02-14 06:15:00+00:00,1,-0.6094965675055779,-0.0060949656750557794,14
2018-02-14 15:15:00+00:00,2018-02-14 23:00:00+00:00,1,0.9655085144075962,0.009655085144075962,28
2018-02-15 09:00:00+00:00,2018-02-15 09:00:00+00:00,1,-0.9999999999999876,-0.009999999999999875,1
2018-02-16 04:15:00+00:00,2018-02-16 11:00:00+00:00,1,-0.23926380368093086,-0.0023926380368093085,28
2018-02-21 02:00:00+00:00,2018-02-21 02:00:00+00:00,-1,-1.00000000000002,-0.0100000000000002,1
2018-02-21 03:15:00+00:00,2018-02-21 06:00:00+00:00,-1,-0.8313146606107034,-0.008313146606107033,12
2018-02-21 20:15:00+00:00,2018-02-22 00:45:00+00:00,-1,-0.42319020663630835,-0.0042319020663630835,15
2018-02-22 07:00:00+00:00,2018-02-22 09:30:00+00:00,-1,-1.0000000000000344,-0.010000000000000344,11
2018-02-27 13:15:00+00:00,2018-02-27 13:30:00+00:00,-1,-0.5529791605517121,-0.005529791605517122,2
2018-02-27 15:45:00+00:00,2018-02-27 19:30:00+00:00,-1,0.41037749858917594,0.00410377498589176,16
2018-03-01 04:30:00+00:00,2018-03-01 07:00:00+00:00,-1,-0.2712761904761862,-0.002712761904761862,11
2018-03-01 09:00:00+00:00,2018-03-01 13:45:00+00:00,-1,1.448018261050036,0.014480182610500361,20
2018-03-05 19:00:00+00:00,2018-03-05 21:00:00+00:00,-1,-0.9730348096094938,-0.009730348096094939,9
2018-03-06 23:15:00+00:00,2018-03-06 23:15:00+00:00,1,-1.0000000000000138,-0.010000000000000137,1
2018-03-08 15:15:00+00:00,2018-03-08 21:30:00+00:00,-1,-0.41732622161052296,-0.00417326221610523,26
2018-03-09 01:00:00+00:00,2018-03-09 05:45:00+00:00,-1,0.013887783525763574,0.00013887783525763574,20
2018-03-09 13:30:00+00:00,2018-03-09 13:30:00+00:00,-1,-1.0000000000000293,-0.010000000000000293,1
2018-03-14 05:45:00+00:00,2018-03-14 06:00:00+00:00,1,-0.9999999999999257,-0.009999999999999258,2
2018-03-15 15:45:00+00:00,2018-03-15 17:45:00+00:00,-1,-0.781062535952041,-0.00781062535952041,9
2018-03-15 19:00:00+00:00,2018-03-16 01:45:00+00:00,-1,-0.3767759886337064,-0.0037677598863370644,24
2018-03-16 14:00:00+00:00,2018-03-16 17:30:00+00:00,-1,-0.3509811487157024,-0.003509811487157024,15
2018-03-19 05:45:00+00:00,2018-03-19 07:15:00+00:00,-1,-0.8190775227370922,-0.008190775227370922,7
2018-03-20 14:00:00+00:00,2018-03-20 15:00:00+00:00,-1,-0.8100000000000058,-0.008100000000000059,5
2018-03-23 00:45:00+00:00,2018-03-23 07:45:00+00:00,1,1.1148630468709024,0.011148630468709024,29
2018-03-23 12:30:00+00:00,2018-03-23 13:30:00+00:00,1,-1.0,-0.01,5
2018-03-23 14:15:00+00:00,2018-03-23 19:45:00+00:00,1,-0.6831922420872968,-0.006831922420872968,23
2018-03-26 13:45:00+00:00,2018-03-26 19:30:00+00:00,1,0.2960722011898038,0.0029607220118980384,24
2018-03-27 06:45:00+00:00,2018-03-27 07:45:00+00:00,1,-1.000000000000017,-0.010000000000000172,5
2018-03-29 12:45:00+00:00,2018-03-29 13:30:00+00:00,-1,-1.0000000000000142,-0.010000000000000142,4
2018-04-04 08:15:00+00:00,2018-04-04 13:30:00+00:00,1,-0.05916152372846978,-0.0005916152372846978,22
2018-04-05 13:30:00+00:00,2018-04-05 13:30:00+00:00,-1,-0.9999999999999691,-0.009999999999999691,1
2018-04-06 07:30:00+00:00,2018-04-06 07:45:00+00:00,-1,-0.9999999999999891,-0.009999999999999891,2
2018-04-10 00:30:00+00:00,2018-04-10 01:15:00+00:00,1,-1.000000000000041,-0.010000000000000411,4
2018-04-10 13:15:00+00:00,2018-04-10 15:15:00+00:00,1,-1.0000000000000338,-0.010000000000000338,9
2018-04-10 17:30:00+00:00,2018-04-10 17:45:00+00:00,1,-0.9999999999999787,-0.009999999999999787,2
2018-04-11 06:15:00+00:00,2018-04-11 08:45:00+00:00,1,-0.952371301175562,-0.00952371301175562,11
2018-04-11 10:00:00+00:00,2018-04-11 16:15:00+00:00,1,5.208210849812863,0.05208210849812863,26
2018-04-16 14:15:00+00:00,2018-04-16 18:30:00+00:00,1,-0.7068880890052884,-0.007068880890052884,18
2018-04-18 10:45:00+00:00,2018-04-18 13:45:00+00:00,1,0.6681664499350574,0.006681664499350573,13
2018-04-20 13:30:00+00:00,2018-04-23 05:00:00+00:00,-1,0.5055567249001146,0.0050555672490011465,55
2018-04-23 07:30:00+00:00,2018-04-23 18:30:00+00:00,-1,3.7307435192752263,0.037307435192752265,45
2018-04-25 11:45:00+00:00,2018-04-25 13:30:00+00:00,-1,-0.4526963736116376,-0.004526963736116376,8
2018-04-26 14:30:00+00:00,2018-04-26 19:30:00+00:00,-1,0.37415764753931524,0.0037415764753931523,21
2018-04-30 11:15:00+00:00,2018-04-30 14:00:00+00:00,-1,0.08645919208567317,0.0008645919208567316,12
2018-05-01 08:15:00+00:00,2018-05-01 12:30:00+00:00,-1,-0.21834526244043426,-0.0021834526244043427,18
2018-05-01 13:45:00+00:00,2018-05-01 16:00:00+00:00,-1,-0.27396902731849915,-0.0027396902731849915,10
2018-05-08 13:45:00+00:00,2018-05-08 15:30:00+00:00,-1,-0.9999999999999883,-0.009999999999999884,8
2018-05-09 07:15:00+00:00,2018-05-09 09:45:00+00:00,-1,-1.0,-0.01,11
2018-05-11 09:45:00+00:00,2018-05-11 13:45:00+00:00,1,-0.7156505914466889,-0.007156505914466889,17
2018-05-15 08:30:00+00:00,2018-05-15 18:30:00+00:00,-1,9.629719712763347,0.09629719712763347,41
2018-05-16 11:45:00+00:00,2018-05-16 13:00:00+00:00,-1,-1.0000000000000333,-0.010000000000000333,6
2018-05-17 10:30:00+00:00,2018-05-17 11:15:00+00:00,-1,-1.0000000000000244,-0.010000000000000245,4
2018-05-21 06:30:00+00:00,2018-05-21 09:30:00+00:00,-1,-0.5223412698412826,-0.005223412698412826,13
2018-05-25 13:00:00+00:00,2018-05-25 13:15:00+00:00,1,-0.9999999999999876,-0.009999999999999875,2
2018-05-31 06:30:00+00:00,2018-05-31 09:00:00+00:00,1,-1.0000000000000198,-0.010000000000000198,11
2018-06-01 12:30:00+00:00,2018-06-01 12:45:00+00:00,-1,0.060295221416071555,0.0006029522141607156,2
2018-06-07 12:30:00+00:00,2018-06-07 13:00:00+00:00,1,-0.9999999999999842,-0.009999999999999842,3
2018-06-11 01:45:00+00:00,2018-06-11 02:45:00+00:00,1,-1.0000000000000746,-0.010000000000000746,5
2018-06-11 15:30:00+00:00,2018-06-11 19:00:00+00:00,1,-0.6675297487880002,-0.006675297487880002,15
2018-06-14 07:00:00+00:00,2018-06-14 12:00:00+00:00,1,0.29030714764133997,0.0029030714764133997,21
2018-06-14 12:30:00+00:00,2018-06-14 13:00:00+00:00,1,-1.000000000000036,-0.01000000000000036,3
2018-06-19 11:15:00+00:00,2018-06-19 12:30:00+00:00,-1,0.7130257801899083,0.007130257801899083,6
2018-06-20 18:45:00+00:00,2018-06-20 23:15:00+00:00,-1,-0.20110616070046194,-0.0020110616070046195,15
2018-06-21 03:00:00+00:00,2018-06-21 07:15:00+00:00,-1,1.0746205080544737,0.010746205080544738,18
2018-06-25 05:30:00+00:00,2018-06-25 07:15:00+00:00,-1,-0.3267818767908331,-0.003267818767908331,8
2018-06-26 03:00:00+00:00,2018-06-26 13:15:00+00:00,-1,3.245418075985258,0.03245418075985258,42
2018-06-27 19:15:00+00:00,2018-06-28 00:00:00+00:00,-1,-0.4517830236061982,-0.004517830236061982,16
2018-06-28 06:45:00+00:00,2018-06-28 09:45:00+00:00,-1,-0.8686154400503815,-0.008686154400503816,13
2018-06-28 18:15:00+00:00,2018-06-28 22:15:00+00:00,-1,-0.4971898479558152,-0.0049718984795581525,13
2018-07-02 06:15:00+00:00,2018-07-02 06:45:00+00:00,-1,-0.9999999999999307,-0.009999999999999308,3
2018-07-02 13:15:00+00:00,2018-07-02 22:30:00+00:00,-1,2.500689655172389,0.025006896551723893,34
2018-07-03 01:45:00+00:00,2018-07-03 02:15:00+00:00,-1,-0.9999999999999598,-0.009999999999999598,3
2018-07-05 05:15:00+00:00,2018-07-05 05:30:00+00:00,-1,-0.9999999999999248,-0.009999999999999249,2
2018-07-05 08:00:00+00:00,2018-07-05 11:15:00+00:00,-1,-0.08417572636537692,-0.0008417572636537692,14
2018-07-09 09:45:00+00:00,2018-07-09 12:45:00+00:00,1,-0.0009386959346695155,-9.386959346695155e-06,13
2018-07-11 15:15:00+00:00,2018-07-11 22:30:00+00:00,-1,0.8643002797932479,0.008643002797932479,26
2018-07-12 01:00:00+00:00,2018-07-12 01:15:00+00:00,-1,-0.9999999999999394,-0.009999999999999395,2
2018-07-13 07:45:00+00:00,2018-07-13 09:45:00+00:00,-1,-0.4412598895357686,-0.004412598895357687,9
2018-07-13 12:00:00+00:00,2018-07-13 12:30:00+00:00,-1,-0.9999999999999563,-0.009999999999999563,3
2018-07-16 15:15:00+00:00,2018-07-16 19:15:00+00:00,-1,-0.4542746591328679,-0.004542746591328679,17
2018-07-17 01:30:00+00:00,2018-07-17 01:30:00+00:00,-1,-1.0000000000000517,-0.010000000000000517,1
2018-07-17 13:15:00+00:00,2018-07-17 22:15:00+00:00,-1,3.7692502532928223,0.037692502532928225,33
2018-07-18 05:30:00+00:00,2018-07-18 12:15:00+00:00,-1,1.4111402932809753,0.014111402932809753,28
2018-07-19 07:45:00+00:00,2018-07-19 13:00:00+00:00,-1,1.8660155751309078,0.01866015575130908,22
2018-07-23 16:30:00+00:00,2018-07-23 17:15:00+00:00,-1,-0.9999999999999758,-0.009999999999999757,4
2018-07-24 01:30:00+00:00,2018-07-24 01:45:00+00:00,-1,-1.000000000000054,-0.01000000000000054,2
2018-07-24 05:00:00+00:00,2018-07-24 07:00:00+00:00,-1,-1.000000000000028,-0.01000000000000028,9
2018-07-26 14:30:00+00:00,2018-07-26 23:45:00+00:00,-1,0.5284722882403562,0.005284722882403562,34
2018-07-27 08:30:00+00:00,2018-07-27 12:15:00+00:00,-1,-0.19125418922405624,-0.0019125418922405625,16
2018-07-31 08:00:00+00:00,2018-07-31 11:00:00+00:00,-1,-0.6956076933571246,-0.006956076933571246,13
2018-07-31 13:15:00+00:00,2018-07-31 13:15:00+00:00,-1,-1.0,-0.01,1
2018-08-01 14:45:00+00:00,2018-08-01 17:15:00+00:00,-1,-0.39888903584181,-0.0039888903584181,11
2018-08-01 19:45:00+00:00,2018-08-01 23:30:00+00:00,-1,-0.7684250452237207,-0.007684250452237207,12
2018-08-02 12:00:00+00:00,2018-08-02 12:30:00+00:00,-1,-1.00000000000003,-0.0100000000000003,3
2018-08-02 17:15:00+00:00,2018-08-02 23:00:00+00:00,-1,1.190289985466136,0.01190289985466136,20
2018-08-03 01:45:00+00:00,2018-08-03 08:15:00+00:00,-1,-0.18236193560002767,-0.0018236193560002766,27
2018-08-06 20:15:00+00:00,2018-08-06 22:00:00+00:00,-1,-0.9155004743832326,-0.009155004743832325,4
2018-08-08 12:45:00+00:00,2018-08-08 13:00:00+00:00,-1,-0.9999999999999588,-0.009999999999999589,2
2018-08-10 05:15:00+00:00,2018-08-10 06:45:00+00:00,-1,0.44202363367781056,0.0044202363367781055,7
2018-08-13 07:45:00+00:00,2018-08-13 12:00:00+00:00,-1,2.3292750076476016,0.023292750076476017,18
2018-08-13 17:00:00+00:00,2018-08-13 22:15:00+00:00,-1,-0.35697852760740734,-0.0035697852760740736,18
2018-08-15 02:45:00+00:00,2018-08-15 07:00:00+00:00,-1,0.5343081689714548,0.005343081689714548,18
2018-08-15 09:00:00+00:00,2018-08-15 11:45:00+00:00,-1,-0.3925435845980079,-0.003925435845980079,12
2018-08-15 13:45:00+00:00,2018-08-15 22:15:00+00:00,-1,1.6235971086170302,0.016235971086170302,31
2018-08-16 00:15:00+00:00,2018-08-16 01:00:00+00:00,-1,2.9108238538434894,0.029108238538434895,4
2018-08-22 00:30:00+00:00,2018-08-22 00:45:00+00:00,1,-0.9999999999999643,-0.009999999999999643,2
2018-08-22 11:15:00+00:00,2018-08-22 13:15:00+00:00,1,-0.5697352483128547,-0.005697352483128547,9
2018-08-23 19:00:00+00:00,2018-08-24 00:30:00+00:00,-1,0.05771826383457355,0.0005771826383457355,19
2018-08-27 14:15:00+00:00,2018-08-27 17:45:00+00:00,1,-0.4086473755047791,-0.004086473755047791,15
2018-08-28 08:15:00+00:00,2018-08-28 11:00:00+00:00,1,-0.9056301050174311,-0.009056301050174312,12
2018-08-29 20:15:00+00:00,2018-08-30 00:00:00+00:00,1,-0.526873385012942,-0.00526873385012942,12
2018-08-31 07:15:00+00:00,2018-08-31 11:15:00+00:00,1,-0.7124495159946762,-0.007124495159946762,17
2018-09-04 07:00:00+00:00,2018-09-04 12:30:00+00:00,-1,0.019376466644346894,0.00019376466644346893,23
2018-09-04 13:15:00+00:00,2018-09-04 16:45:00+00:00,-1,-0.8307303953950347,-0.008307303953950348,15
2018-09-10 04:15:00+00:00,2018-09-10 06:15:00+00:00,-1,-0.4610399175135595,-0.004610399175135595,9
2018-09-11 12:45:00+00:00,2018-09-11 14:00:00+00:00,-1,-0.9999999999999728,-0.009999999999999728,6
2018-09-13 12:45:00+00:00,2018-09-13 14:00:00+00:00,1,-0.7210253010716514,-0.007210253010716514,6
2018-09-19 05:45:00+00:00,2018-09-19 06:45:00+00:00,1,-1.0000000000000235,-0.010000000000000236,5
2018-09-20 02:45:00+00:00,2018-09-20 05:30:00+00:00,1,-1.0000000000000426,-0.010000000000000427,12
2018-09-20 12:30:00+00:00,2018-09-20 12:45:00+00:00,1,-1.0000000000000329,-0.010000000000000328,2
2018-09-21 00:30:00+00:00,2018-09-21 01:00:00+00:00,1,-0.9999999999999197,-0.009999999999999197,3
2018-09-21 07:15:00+00:00,2018-09-21 07:30:00+00:00,1,-1.0,-0.01,2
2018-09-26 12:30:00+00:00,2018-09-26 13:45:00+00:00,-1,-1.000000000000053,-0.010000000000000531,6
2018-09-26 18:45:00+00:00,2018-09-26 18:45:00+00:00,-1,-0.9999999999999918,-0.009999999999999919,1
2018-09-27 12:45:00+00:00,2018-09-27 18:45:00+00:00,-1,1.1087509302901928,0.011087509302901928,25
2018-10-04 14:30:00+00:00,2018-10-04 15:30:00+00:00,1,-1.0000000000000264,-0.010000000000000264,5
2018-10-11 14:30:00+00:00,2018-10-11 23:15:00+00:00,1,1.868868425712787,0.01868868425712787,32
2018-10-15 07:00:00+00:00,2018-10-15 11:30:00+00:00,1,3.0783578407186853,0.030783578407186853,19
2018-10-18 16:00:00+00:00,2018-10-18 19:00:00+00:00,1,-0.758537078197653,-0.0075853707819765305,13
2018-10-23 06:45:00+00:00,2018-10-23 13:45:00+00:00,1,4.772055469391731,0.04772055469391731,29
2018-10-24 22:00:00+00:00,2018-10-25 06:30:00+00:00,1,0.8298876404494387,0.008298876404494388,35
2018-10-26 08:45:00+00:00,2018-10-26 10:30:00+00:00,1,-0.9999999999999867,-0.009999999999999867,8
2018-10-26 15:00:00+00:00,2018-10-26 15:30:00+00:00,1,-1.0000000000000082,-0.010000000000000082,3
2018-10-31 03:45:00+00:00,2018-10-31 05:45:00+00:00,-1,0.49645808736727143,0.004964580873672715,9
2018-10-31 13:45:00+00:00,2018-10-31 15:30:00+00:00,-1,-1.0,-0.01,8
2018-11-06 09:15:00+00:00,2018-11-06 13:30:00+00:00,1,-0.8515841510000384,-0.008515841510000384,18
2018-11-08 07:15:00+00:00,2018-11-08 07:30:00+00:00,-1,-1.0,-0.01,2
2018-11-08 13:45:00+00:00,2018-11-08 14:15:00+00:00,-1,-1.000000000000013,-0.010000000000000132,3
2018-11-09 03:45:00+00:00,2018-11-09 05:45:00+00:00,-1,-0.3051064921736222,-0.0030510649217362217,9
2018-11-09 13:15:00+00:00,2018-11-09 20:45:00+00:00,-1,3.6781985744114456,0.036781985744114454,31
2018-11-12 06:45:00+00:00,2018-11-12 09:00:00+00:00,-1,-0.5448798492225276,-0.0054487984922252765,10
2018-11-12 15:30:00+00:00,2018-11-12 23:45:00+00:00,-1,0.5768118407621204,0.005768118407621204,30
2018-11-13 09:45:00+00:00,2018-11-13 12:30:00+00:00,-1,-0.15312005426179087,-0.0015312005426179089,12
2018-11-16 13:45:00+00:00,2018-11-16 15:30:00+00:00,1,-0.4612083287185149,-0.004612083287185149,8
2018-11-19 18:00:00+00:00,2018-11-20 00:00:00+00:00,1,-0.1433770014556645,-0.0014337700145566452,21
2018-11-20 08:15:00+00:00,2018-11-20 09:45:00+00:00,1,-1.0000000000000404,-0.010000000000000404,7
2018-11-20 13:30:00+00:00,2018-11-20 14:00:00+00:00,1,-1.0000000000000129,-0.010000000000000129,3
2018-11-21 15:30:00+00:00,2018-11-21 16:00:00+00:00,1,-0.9999999999999666,-0.009999999999999665,3
2018-11-27 17:00:00+00:00,2018-11-27 20:45:00+00:00,-1,-0.558741744873129,-0.00558741744873129,16
2018-11-28 14:15:00+00:00,2018-11-28 14:30:00+00:00,-1,-0.9999999999999718,-0.009999999999999717,2
2018-11-29 12:30:00+00:00,2018-11-29 13:15:00+00:00,1,-1.0,-0.01,4
2018-12-03 06:00:00+00:00,2018-12-03 11:00:00+00:00,1,1.9283421233661722,0.01928342123366172,21
2018-12-03 14:15:00+00:00,2018-12-03 15:00:00+00:00,1,-0.8847482599197352,-0.008847482599197352,4
2018-12-04 02:00:00+00:00,2018-12-04 08:00:00+00:00,1,0.8655984303466676,0.008655984303466676,25
2018-12-04 08:45:00+00:00,2018-12-04 13:30:00+00:00,1,-0.3342419331072837,-0.003342419331072837,20
2018-12-06 01:00:00+00:00,2018-12-06 06:00:00+00:00,1,-0.36436021605503044,-0.0036436021605503045,21
2018-12-06 14:15:00+00:00,2018-12-06 18:00:00+00:00,1,-0.7157662337663582,-0.0071576623376635815,16
2018-12-07 18:15:00+00:00,2018-12-10 01:00:00+00:00,1,0.31589235846667574,0.0031589235846667574,24
2018-12-18 03:45:00+00:00,2018-12-18 05:30:00+00:00,1,-1.0000000000000782,-0.010000000000000783,8
2018-12-18 09:45:00+00:00,2018-12-18 12:00:00+00:00,1,-0.7850310454774547,-0.007850310454774547,10
2018-12-19 00:15:00+00:00,2018-12-19 00:30:00+00:00,1,-1.0000000000000622,-0.010000000000000621,2
2018-12-19 03:15:00+00:00,2018-12-19 06:00:00+00:00,1,-0.6787531806612271,-0.006787531806612271,12
2018-12-19 14:45:00+00:00,2018-12-19 17:15:00+00:00,1,-0.27871177528718566,-0.002787117752871857,11
2018-12-20 14:15:00+00:00,2018-12-20 15:45:00+00:00,1,-0.8869237386772485,-0.008869237386772486,7
2018-12-20 17:45:00+00:00,2018-12-20 20:30:00+00:00,1,-0.3476426554600039,-0.003476426554600039,12
2018-12-24 03:00:00+00:00,2018-12-24 06:30:00+00:00,1,-0.9703340341041211,-0.009703340341041212,15
2018-12-24 08:15:00+00:00,2018-12-24 08:45:00+00:00,1,-0.9999999999999803,-0.009999999999999804,3
2018-12-24 15:00:00+00:00,2018-12-26 12:15:00+00:00,1,2.08053312249395,0.0208053312249395,34
2018-12-26 13:15:00+00:00,2018-12-26 17:00:00+00:00,1,-0.5983524400175012,-0.0059835244001750125,16
2018-12-27 18:30:00+00:00,2018-12-27 19:45:00+00:00,1,-0.8818937198067441,-0.008818937198067442,6
2018-12-28 06:30:00+00:00,2018-12-28 08:00:00+00:00,1,-0.9551040206962669,-0.00955104020696267,7
2018-12-31 08:15:00+00:00,2018-12-31 08:30:00+00:00,1,-1.000000000000022,-0.01000000000000022,2
2018-12-31 11:15:00+00:00,2018-12-31 13:30:00+00:00,1,-0.9999999999999498,-0.009999999999999499,10
2019-01-02 05:30:00+00:00,2019-01-02 12:00:00+00:00,1,0.4251798561151303,0.004251798561151304,27
2019-01-02 23:15:00+00:00,2019-01-02 23:30:00+00:00,1,-0.9999999999999637,-0.009999999999999638,2
2019-01-03 06:30:00+00:00,2019-01-03 07:15:00+00:00,1,-0.8452573067957346,-0.008452573067957346,4
2019-01-03 18:30:00+00:00,2019-01-04 03:00:00+00:00,1,0.8479394343872964,0.008479394343872964,31
2019-01-07 13:15:00+00:00,2019-01-07 14:00:00+00:00,1,-0.5949267566002512,-0.005949267566002512,4
2019-01-09 14:45:00+00:00,2019-01-10 01:30:00+00:00,1,0.950777202072637,0.009507772020726371,40
2019-01-10 02:45:00+00:00,2019-01-10 06:15:00+00:00,1,0.13823980897166413,0.0013823980897166414,15
2019-01-14 11:00:00+00:00,2019-01-14 12:15:00+00:00,1,-1.0,-0.01,6
2019-01-15 15:00:00+00:00,2019-01-15 15:15:00+00:00,1,-1.000000000000012,-0.01000000000000012,2
2019-01-18 21:00:00+00:00,2019-01-20 23:00:00+00:00,-1,-1.5285961871749336,-0.015285961871749337,5
2019-01-21 08:45:00+00:00,2019-01-21 13:45:00+00:00,-1,0.7864332145103847,0.007864332145103847,21
2019-01-23 14:15:00+00:00,2019-01-23 15:30:00+00:00,-1,-0.999999999999984,-0.00999999999999984,6
2019-01-25 21:15:00+00:00,2019-01-27 23:30:00+00:00,1,-1.0,-0.01,6
2019-01-28 05:30:00+00:00,2019-01-28 05:30:00+00:00,1,-1.000000000000052,-0.01000000000000052,1
2019-01-29 06:15:00+00:00,2019-01-29 14:30:00+00:00,1,1.9553751333411993,0.019553751333411994,34
2019-01-29 15:30:00+00:00,2019-01-30 08:45:00+00:00,1,0.4633745203053348,0.004633745203053348,66
2019-01-30 19:15:00+00:00,2019-01-30 20:00:00+00:00,1,0.17435686918448307,0.0017435686918448306,4
2019-01-31 12:30:00+00:00,2019-01-31 14:45:00+00:00,1,-0.7787567519703325,-0.007787567519703325,10
2019-02-05 13:45:00+00:00,2019-02-05 14:30:00+00:00,1,-0.9999999999999548,-0.00999999999999955,4
2019-02-08 12:00:00+00:00,2019-02-08 14:30:00+00:00,1,0.19866382490367676,0.0019866382490367675,11
2019-02-13 15:15:00+00:00,2019-02-13 16:00:00+00:00,1,-1.0,-0.01,4
2019-02-14 12:45:00+00:00,2019-02-14 13:00:00+00:00,-1,-0.13880345272347397,-0.0013880345272347398,2
2019-02-15 07:00:00+00:00,2019-02-15 12:30:00+00:00,1,1.8801912568305752,0.018801912568305754,23
2019-02-15 18:45:00+00:00,2019-02-18 05:00:00+00:00,1,1.5243413516608275,0.015243413516608276,38
2019-02-18 12:30:00+00:00,2019-02-18 17:15:00+00:00,1,-0.2958961038961562,-0.0029589610389615622,20
2019-02-19 08:30:00+00:00,2019-02-19 23:45:00+00:00,1,6.020772829945451,0.06020772829945451,58
2019-02-20 01:30:00+00:00,2019-02-20 03:30:00+00:00,1,0.009086320040283584,9.086320040283585e-05,9
2019-02-28 15:30:00+00:00,2019-03-01 01:30:00+00:00,-1,-0.2139654567429808,-0.002139654567429808,37
2019-03-01 02:45:00+00:00,2019-03-01 10:15:00+00:00,-1,1.840836582772084,0.018408365827720843,31
2019-03-01 13:00:00+00:00,2019-03-01 14:30:00+00:00,-1,-0.9398484167255418,-0.009398484167255418,7
2019-03-01 16:15:00+00:00,2019-03-03 23:00:00+00:00,-1,1.843102107078899,0.01843102107078899,24
2019-03-04 08:45:00+00:00,2019-03-04 12:15:00+00:00,-1,-0.045243335778962585,-0.00045243335778962586,15
2019-03-04 14:45:00+00:00,2019-03-04 16:45:00+00:00,-1,-0.9999999999999918,-0.009999999999999919,9
2019-03-07 08:15:00+00:00,2019-03-07 08:15:00+00:00,-1,-1.0000000000000184,-0.010000000000000184,1
2019-03-11 14:45:00+00:00,2019-03-11 19:15:00+00:00,-1,-0.47509320629662627,-0.004750932062966263,19
2019-03-13 02:45:00+00:00,2019-03-13 06:00:00+00:00,1,-0.999999999999959,-0.00999999999999959,14
2019-03-13 08:30:00+00:00,2019-03-13 12:30:00+00:00,1,0.26331102705837545,0.0026331102705837543,17
2019-03-13 18:30:00+00:00,2019-03-14 00:30:00+00:00,1,-0.2869841269841294,-0.002869841269841294,17
2019-03-19 02:30:00+00:00,2019-03-19 05:45:00+00:00,1,-0.5984629715882376,-0.005984629715882376,14
2019-03-19 10:45:00+00:00,2019-03-19 14:30:00+00:00,1,-0.28972418843062264,-0.0028972418843062264,16
2019-03-20 18:15:00+00:00,2019-03-21 00:15:00+00:00,1,0.1196178553780501,0.001196178553780501,21
2019-03-21 01:45:00+00:00,2019-03-21 05:45:00+00:00,1,-0.4452487496709725,-0.004452487496709725,17
2019-03-21 07:45:00+00:00,2019-03-21 07:45:00+00:00,1,-1.0000000000000502,-0.010000000000000502,1
2019-03-25 01:15:00+00:00,2019-03-25 06:15:00+00:00,1,-0.11655184442319572,-0.0011655184442319571,21
2019-03-25 07:15:00+00:00,2019-03-25 11:00:00+00:00,1,-0.4161838161838598,-0.004161838161838598,16
2019-03-25 13:00:00+00:00,2019-03-25 14:45:00+00:00,1,-0.2126078250154295,-0.002126078250154295,8
2019-03-25 15:45:00+00:00,2019-03-25 22:15:00+00:00,1,-0.4547162720780899,-0.004547162720780899,23
2019-03-28 10:45:00+00:00,2019-03-28 12:30:00+00:00,-1,0.3260721114449975,0.003260721114449975,8
2019-03-28 12:45:00+00:00,2019-03-28 19:45:00+00:00,-1,3.6814065956680175,0.03681406595668018,29
2019-03-29 06:45:00+00:00,2019-03-29 08:45:00+00:00,-1,-1.0000000000000149,-0.01000000000000015,9
2019-04-01 18:45:00+00:00,2019-04-02 00:15:00+00:00,-1,-0.14910549855312544,-0.0014910549855312544,19
2019-04-02 04:30:00+00:00,2019-04-02 05:30:00+00:00,-1,-0.9999999999999406,-0.009999999999999407,5
2019-04-04 12:15:00+00:00,2019-04-04 14:30:00+00:00,-1,1.2590572497810908,0.012590572497810908,10
2019-04-09 12:30:00+00:00,2019-04-09 19:00:00+00:00,1,-0.32407633215463333,-0.003240763321546333,27
2019-04-10 15:15:00+00:00,2019-04-10 18:00:00+00:00,1,-0.10816079591282114,-0.0010816079591282114,12
2019-04-15 00:00:00+00:00,2019-04-15 04:15:00+00:00,-1,0.3038309114925328,0.003038309114925328,18
2019-04-15 08:15:00+00:00,2019-04-15 12:00:00+00:00,-1,-0.7072469982846233,-0.007072469982846234,16
2019-04-15 12:45:00+00:00,2019-04-15 14:30:00+00:00,-1,-1.0,-0.01,8
2019-04-16 12:30:00+00:00,2019-04-16 18:30:00+00:00,-1,2.248151115493696,0.022481511154936958,25
2019-04-18 01:45:00+00:00,2019-04-18 07:00:00+00:00,-1,-0.1447876447875887,-0.001447876447875887,22
2019-04-23 00:30:00+00:00,2019-04-23 00:30:00+00:00,-1,-1.0000000000001286,-0.010000000000001286,1
2019-04-23 06:00:00+00:00,2019-04-23 07:00:00+00:00,-1,-0.5365396158463276,-0.005365396158463276,5
2019-04-23 12:45:00+00:00,2019-04-23 15:45:00+00:00,-1,-1.0000000000000417,-0.010000000000000418,13
2019-04-26 13:30:00+00:00,2019-04-26 19:00:00+00:00,1,0.5921907959878295,0.0059219079598782955,23
2019-04-30 09:15:00+00:00,2019-04-30 12:15:00+00:00,1,-0.4539207760711871,-0.004539207760711871,13
2019-05-01 18:15:00+00:00,2019-05-01 18:30:00+00:00,1,-1.0000000000000127,-0.010000000000000127,2
2019-05-02 06:15:00+00:00,2019-05-02 11:30:00+00:00,-1,-0.6404346913060982,-0.006404346913060982,22
2019-05-02 12:30:00+00:00,2019-05-02 15:30:00+00:00,-1,-0.3898461976643669,-0.003898461976643669,13
2019-05-07 15:00:00+00:00,2019-05-07 22:00:00+00:00,1,-0.1597052772594752,-0.001597052772594752,25
2019-05-08 01:00:00+00:00,2019-05-08 01:15:00+00:00,1,-0.9999999999999638,-0.009999999999999638,2
2019-05-08 02:15:00+00:00,2019-05-08 03:00:00+00:00,1,-1.0000000000000768,-0.010000000000000769,4
2019-05-08 06:15:00+00:00,2019-05-08 07:15:00+00:00,1,-0.999999999999971,-0.00999999999999971,5
2019-05-08 10:00:00+00:00,2019-05-08 10:15:00+00:00,1,-1.0000000000000404,-0.010000000000000404,2
2019-05-08 11:00:00+00:00,2019-05-08 12:45:00+00:00,1,-0.9999999999999823,-0.009999999999999823,8
2019-05-10 12:45:00+00:00,2019-05-10 13:00:00+00:00,1,-0.9999999999999833,-0.009999999999999834,2
2019-05-13 13:00:00+00:00,2019-05-14 00:45:00+00:00,1,4.254499027237393,0.04254499027237393,44
2019-05-17 12:45:00+00:00,2019-05-17 19:00:00+00:00,-1,3.3018257619322307,0.033018257619322304,26
2019-05-20 09:45:00+00:00,2019-05-20 10:00:00+00:00,-1,-1.0,-0.01,2
2019-05-21 11:30:00+00:00,2019-05-21 13:00:00+00:00,-1,-0.3087953237739639,-0.0030879532377396392,7
2019-05-21 13:45:00+00:00,2019-05-21 14:15:00+00:00,-1,-1.0000000000000397,-0.010000000000000397,3
2019-05-26 22:15:00+00:00,2019-05-26 22:45:00+00:00,1,-0.9999999999999007,-0.009999999999999008,3
2019-05-27 01:15:00+00:00,2019-05-27 05:45:00+00:00,1,0.573175904977479,0.00573175904977479,19
2019-05-30 01:15:00+00:00,2019-05-30 06:15:00+00:00,-1,0.8513347861616873,0.008513347861616874,21
2019-05-30 07:15:00+00:00,2019-05-30 08:15:00+00:00,-1,-1.0000000000000238,-0.010000000000000238,5
2019-05-31 00:45:00+00:00,2019-05-31 01:00:00+00:00,1,-1.0000000000000533,-0.010000000000000533,2
2019-05-31 01:15:00+00:00,2019-05-31 01:30:00+00:00,1,-0.9999999999999791,-0.009999999999999792,2
2019-05-31 05:15:00+00:00,2019-05-31 05:30:00+00:00,1,-1.0000000000000844,-0.010000000000000843,2
2019-05-31 06:45:00+00:00,2019-05-31 11:00:00+00:00,1,1.6222836823389961,0.01622283682338996,18
2019-05-31 14:30:00+00:00,2019-06-03 06:00:00+00:00,1,3.1020142421159718,0.03102014242115972,59
2019-06-03 07:15:00+00:00,2019-06-03 13:00:00+00:00,1,0.9634875551237226,0.009634875551237227,24
2019-06-03 15:00:00+00:00,2019-06-03 22:30:00+00:00,1,1.2759826190005297,0.012759826190005296,27
2019-06-04 07:15:00+00:00,2019-06-04 08:30:00+00:00,1,-0.9999999999999549,-0.00999999999999955,6
2019-06-05 06:30:00+00:00,2019-06-05 08:45:00+00:00,1,0.39232169165427544,0.003923216916542754,10
2019-06-05 09:30:00+00:00,2019-06-05 11:30:00+00:00,1,-0.31298211409678567,-0.003129821140967857,9
2019-06-05 12:30:00+00:00,2019-06-05 13:15:00+00:00,1,-1.0000000000000069,-0.01000000000000007,4
2019-06-06 16:00:00+00:00,2019-06-06 18:30:00+00:00,1,-0.5271062398113195,-0.005271062398113195,11
2019-06-07 12:45:00+00:00,2019-06-07 12:45:00+00:00,1,-1.0000000000000222,-0.010000000000000222,1
2019-06-07 14:30:00+00:00,2019-06-07 15:45:00+00:00,1,-0.9999999999999941,-0.009999999999999941,6
2019-06-12 02:15:00+00:00,2019-06-12 06:45:00+00:00,1,2.4792757610721132,0.024792757610721132,19
2019-06-12 08:00:00+00:00,2019-06-12 10:30:00+00:00,1,-1.0000000000000426,-0.010000000000000427,11
2019-06-13 15:30:00+00:00,2019-06-14 01:00:00+00:00,1,1.1720189826759775,0.011720189826759776,35
2019-06-14 02:15:00+00:00,2019-06-14 04:45:00+00:00,1,-0.6241622829142169,-0.0062416228291421695,11
2019-06-14 06:30:00+00:00,2019-06-14 09:00:00+00:00,1,0.34224757829678154,0.0034224757829678155,11
2019-06-18 06:00:00+00:00,2019-06-18 07:15:00+00:00,1,-0.4724064738658146,-0.004724064738658146,6
2019-06-18 11:30:00+00:00,2019-06-18 13:30:00+00:00,1,-0.21838981961527495,-0.0021838981961527495,9
2019-06-19 18:15:00+00:00,2019-06-19 18:15:00+00:00,1,-0.9999999999999901,-0.009999999999999901,1
2019-06-19 20:15:00+00:00,2019-06-20 01:15:00+00:00,1,3.477498805438543,0.03477498805438543,17
2019-06-21 01:45:00+00:00,2019-06-21 02:15:00+00:00,1,2.0333078750848648,0.020333078750848648,3
2019-06-24 15:30:00+00:00,2019-06-25 05:15:00+00:00,1,2.9087384522186492,0.029087384522186493,52
2019-06-28 00:15:00+00:00,2019-06-28 03:30:00+00:00,1,1.4414361879373518,0.014414361879373519,14
2019-07-02 20:45:00+00:00,2019-07-02 22:30:00+00:00,1,0.8730771390074585,0.008730771390074585,4
2019-07-04 22:45:00+00:00,2019-07-05 00:00:00+00:00,1,-0.9999999999999897,-0.009999999999999896,6
2019-07-08 20:00:00+00:00,2019-07-08 20:15:00+00:00,-1,-1.0000000000000229,-0.01000000000000023,2
2019-07-09 08:30:00+00:00,2019-07-09 10:45:00+00:00,-1,-0.13459652251447046,-0.0013459652251447047,10
2019-07-10 22:30:00+00:00,2019-07-11 01:45:00+00:00,1,-0.08069281493533809,-0.0008069281493533808,14
2019-07-12 18:00:00+00:00,2019-07-14 23:00:00+00:00,1,0.8686604599753338,0.008686604599753338,17
2019-07-17 19:45:00+00:00,2019-07-17 23:45:00+00:00,1,-0.4485097439816866,-0.004485097439816866,13
2019-07-18 16:00:00+00:00,2019-07-18 22:15:00+00:00,1,1.969434350196054,0.019694343501960542,22
2019-07-25 11:45:00+00:00,2019-07-25 12:30:00+00:00,1,-0.3815259952143323,-0.003815259952143323,4
2019-07-29 19:00:00+00:00,2019-07-29 23:00:00+00:00,1,-0.14127223584127183,-0.0014127223584127183,13
2019-07-30 18:15:00+00:00,2019-07-31 01:00:00+00:00,1,-0.6420812784817431,-0.006420812784817431,24
2019-08-01 08:15:00+00:00,2019-08-01 08:30:00+00:00,-1,-1.0000000000000369,-0.010000000000000368,2
2019-08-01 13:15:00+00:00,2019-08-01 13:30:00+00:00,-1,-0.9999999999999851,-0.009999999999999851,2
2019-08-05 01:45:00+00:00,2019-08-05 02:00:00+00:00,1,-0.9999999999999932,-0.009999999999999933,2
2019-08-05 03:15:00+00:00,2019-08-05 15:00:00+00:00,1,1.0338052914427232,0.010338052914427232,48
2019-08-05 22:15:00+00:00,2019-08-06 01:00:00+00:00,1,-0.5846945811636559,-0.005846945811636559,12
2019-08-06 22:15:00+00:00,2019-08-06 23:00:00+00:00,1,-1.0000000000000102,-0.010000000000000103,4
2019-08-07 00:00:00+00:00,2019-08-07 01:00:00+00:00,1,-0.7371732581867675,-0.007371732581867675,5
2019-08-07 01:30:00+00:00,2019-08-07 05:15:00+00:00,1,-0.012070041918124379,-0.00012070041918124379,16
2019-08-07 11:30:00+00:00,2019-08-07 12:15:00+00:00,1,0.038575545491959594,0.00038575545491959597,4
2019-08-07 13:45:00+00:00,2019-08-07 14:15:00+00:00,1,-0.4968727848893113,-0.004968727848893113,3
2019-08-12 11:45:00+00:00,2019-08-12 12:45:00+00:00,1,-1.0000000000000062,-0.010000000000000063,5
2019-08-12 18:45:00+00:00,2019-08-12 18:45:00+00:00,1,-1.0000000000000229,-0.01000000000000023,1
2019-08-13 06:15:00+00:00,2019-08-13 10:45:00+00:00,1,3.135401931238119,0.03135401931238119,19
2019-08-14 15:15:00+00:00,2019-08-14 17:30:00+00:00,1,-0.8590978553890011,-0.008590978553890011,10
2019-08-16 00:45:00+00:00,2019-08-16 01:00:00+00:00,1,-0.9999999999999684,-0.009999999999999684,2
2019-08-25 22:15:00+00:00,2019-08-25 23:00:00+00:00,1,-0.5522131744154706,-0.005522131744154706,4
2019-08-27 15:00:00+00:00,2019-08-27 19:00:00+00:00,1,0.04141985546732908,0.00041419855467329076,17
2019-08-28 11:30:00+00:00,2019-08-28 12:15:00+00:00,1,-0.8742478451781256,-0.008742478451781256,4
2019-08-29 06:45:00+00:00,2019-08-29 07:00:00+00:00,1,-0.5951668526219723,-0.005951668526219723,2
2019-09-03 12:30:00+00:00,2019-09-03 18:45:00+00:00,1,2.9504024411816347,0.02950402441181635,26
2019-09-04 17:30:00+00:00,2019-09-04 22:15:00+00:00,1,0.12194995327587241,0.001219499532758724,16
2019-09-06 09:45:00+00:00,2019-09-06 12:30:00+00:00,-1,-1.000000000000011,-0.010000000000000111,12
2019-09-09 15:00:00+00:00,2019-09-09 16:30:00+00:00,-1,-0.999999999999988,-0.00999999999999988,7
2019-09-10 00:00:00+00:00,2019-09-10 05:30:00+00:00,-1,2.445284141624477,0.02445284141624477,23
2019-09-10 20:45:00+00:00,2019-09-11 00:15:00+00:00,-1,-1.00000000000001,-0.0100000000000001,11
2019-09-13 14:45:00+00:00,2019-09-15 22:00:00+00:00,-1,-0.87947343365142,-0.0087947343365142,26
2019-09-17 06:45:00+00:00,2019-09-17 07:15:00+00:00,-1,-1.0000000000000138,-0.010000000000000137,3
2019-09-18 18:15:00+00:00,2019-09-18 19:45:00+00:00,-1,0.38346585534221106,0.0038346585534221106,7
2019-09-20 19:30:00+00:00,2019-09-23 01:00:00+00:00,1,-0.6521362030196225,-0.006521362030196225,19
2019-09-23 02:00:00+00:00,2019-09-23 04:30:00+00:00,1,-1.0000000000000215,-0.010000000000000215,11
2019-09-23 14:00:00+00:00,2019-09-23 20:30:00+00:00,1,0.0673846359028758,0.000673846359028758,27
2019-09-24 15:45:00+00:00,2019-09-24 18:00:00+00:00,1,-0.24375673170855275,-0.0024375673170855274,10
2019-09-27 06:45:00+00:00,2019-09-27 12:15:00+00:00,-1,1.0729775962918118,0.010729775962918117,23
2019-09-27 13:30:00+00:00,2019-09-27 14:00:00+00:00,-1,-1.0,-0.01,3
2019-09-30 09:15:00+00:00,2019-09-30 12:00:00+00:00,-1,0.0714504706134713,0.000714504706134713,12
2019-09-30 15:15:00+00:00,2019-09-30 18:45:00+00:00,-1,0.12795064940513956,0.0012795064940513956,15
2019-10-01 04:00:00+00:00,2019-10-01 05:00:00+00:00,-1,-0.9999999999999708,-0.009999999999999709,5
2019-10-01 06:00:00+00:00,2019-10-01 09:00:00+00:00,-1,-0.5212255444814076,-0.005212255444814076,13
2019-10-03 14:15:00+00:00,2019-10-03 14:30:00+00:00,1,-1.0000000000000089,-0.010000000000000089,2
2019-10-09 22:30:00+00:00,2019-10-10 00:00:00+00:00,1,-1.0000000000000184,-0.010000000000000184,7
2019-10-11 11:45:00+00:00,2019-10-11 13:00:00+00:00,-1,-0.6501716405514907,-0.006501716405514907,6
2019-10-11 14:15:00+00:00,2019-10-11 16:00:00+00:00,-1,-0.9999999999999956,-0.009999999999999955,8
2019-10-15 13:15:00+00:00,2019-10-15 18:30:00+00:00,-1,1.7145927517972246,0.017145927517972247,22
2019-10-21 15:15:00+00:00,2019-10-21 22:00:00+00:00,-1,-0.006951340615729763,-6.951340615729762e-05,24
2019-10-24 13:30:00+00:00,2019-10-25 00:15:00+00:00,1,1.9509923260121174,0.019509923260121173,40
2019-10-25 05:45:00+00:00,2019-10-25 08:45:00+00:00,1,-0.2000923147933805,-0.002000923147933805,13
2019-10-25 11:30:00+00:00,2019-10-25 13:30:00+00:00,1,2.2473853101973758,0.022473853101973758,9
2019-10-29 10:45:00+00:00,2019-10-29 12:45:00+00:00,-1,-0.9999999999999792,-0.009999999999999792,9
2019-10-30 18:45:00+00:00,2019-10-30 18:45:00+00:00,-1,-1.0000000000000084,-0.010000000000000085,1
2019-10-31 08:00:00+00:00,2019-11-01 00:00:00+00:00,1,6.32648274765451,0.0632648274765451,61
2019-11-01 08:30:00+00:00,2019-11-01 08:45:00+00:00,1,-1.000000000000017,-0.010000000000000172,2
2019-11-07 11:00:00+00:00,2019-11-07 12:00:00+00:00,-1,-0.9999999999999686,-0.009999999999999686,5
2019-11-07 15:30:00+00:00,2019-11-07 19:30:00+00:00,-1,2.495033770361596,0.02495033770361596,17
2019-11-08 12:30:00+00:00,2019-11-08 14:00:00+00:00,-1,-1.0000000000000078,-0.010000000000000078,7
2019-11-11 15:15:00+00:00,2019-11-11 16:15:00+00:00,-1,-0.38721332076652293,-0.0038721332076652295,5
2019-11-12 15:45:00+00:00,2019-11-12 15:45:00+00:00,-1,-0.9999999999999785,-0.009999999999999785,1
2019-11-15 06:00:00+00:00,2019-11-15 08:00:00+00:00,-1,-0.9445476253646415,-0.009445476253646416,9
2019-11-18 08:15:00+00:00,2019-11-18 13:15:00+00:00,-1,0.8610571804346038,0.008610571804346039,21
2019-11-20 05:45:00+00:00,2019-11-20 06:00:00+00:00,1,-1.0000000000000537,-0.010000000000000538,2
2019-11-20 07:45:00+00:00,2019-11-20 11:45:00+00:00,1,-0.5371268329731861,-0.005371268329731861,17
2019-11-22 15:45:00+00:00,2019-11-22 16:00:00+00:00,-1,-1.000000000000008,-0.01000000000000008,2
2019-11-24 23:15:00+00:00,2019-11-25 01:00:00+00:00,-1,-0.9999999999999615,-0.009999999999999615,8
2019-11-25 06:00:00+00:00,2019-11-25 09:45:00+00:00,-1,-0.962485345838233,-0.00962485345838233,16
2019-11-25 23:45:00+00:00,2019-11-26 02:00:00+00:00,-1,0.0903402187120087,0.000903402187120087,10
2019-11-27 16:30:00+00:00,2019-11-27 23:00:00+00:00,-1,-0.5983915607075115,-0.005983915607075115,23
2019-11-29 13:15:00+00:00,2019-11-29 13:15:00+00:00,-1,-0.9999999999999786,-0.009999999999999785,1
2019-12-03 10:15:00+00:00,2019-12-03 20:00:00+00:00,1,3.285282570513497,0.032852825705134966,40
2019-12-04 07:15:00+00:00,2019-12-04 09:00:00+00:00,1,-0.6678117166466856,-0.006678117166466856,8
2019-12-05 16:45:00+00:00,2019-12-05 18:45:00+00:00,1,-0.7963852162446012,-0.007963852162446012,9
2019-12-11 20:00:00+00:00,2019-12-12 00:30:00+00:00,1,-0.5612037106870881,-0.0056120371068708805,15
2019-12-12 13:45:00+00:00,2019-12-12 14:30:00+00:00,1,-0.5852794542115106,-0.005852794542115106,4
2019-12-13 16:30:00+00:00,2019-12-13 20:30:00+00:00,1,-0.23166985327289275,-0.0023166985327289277,17
2019-12-16 07:30:00+00:00,2019-12-16 07:45:00+00:00,1,-1.0000000000000528,-0.01000000000000053,2
2019-12-17 11:00:00+00:00,2019-12-17 13:00:00+00:00,1,-0.9999999999999838,-0.009999999999999839,9
2019-12-19 17:00:00+00:00,2019-12-19 20:15:00+00:00,1,0.018037322339117725,0.00018037322339117725,14
2019-12-23 03:15:00+00:00,2019-12-23 08:00:00+00:00,1,1.4836936148942181,0.014836936148942182,20
2019-12-24 02:00:00+00:00,2019-12-24 06:45:00+00:00,1,1.7766662498434427,0.017766662498434428,20
2019-12-24 14:45:00+00:00,2019-12-26 12:45:00+00:00,1,5.600770172029102,0.05600770172029102,41
2019-12-26 13:45:00+00:00,2019-12-26 16:30:00+00:00,1,-0.04178596993559828,-0.0004178596993559828,12
2019-12-27 02:45:00+00:00,2019-12-27 05:45:00+00:00,1,-0.6356852665616524,-0.006356852665616523,13
2019-12-27 16:30:00+00:00,2019-12-27 19:15:00+00:00,1,-1.0,-0.01,12
2019-12-30 03:15:00+00:00,2019-12-30 05:00:00+00:00,1,-1.0,-0.01,8
2019-12-31 01:15:00+00:00,2019-12-31 01:15:00+00:00,1,-0.9999999999999751,-0.009999999999999752,1
2019-12-31 01:45:00+00:00,2019-12-31 10:15:00+00:00,1,1.7098961743521635,0.017098961743521636,35
2020-01-02 13:45:00+00:00,2020-01-02 14:45:00+00:00,1,0.143015376596251,0.00143015376596251,5
2020-01-03 01:45:00+00:00,2020-01-03 12:15:00+00:00,1,7.429667721518861,0.07429667721518861,43
2020-01-05 23:15:00+00:00,2020-01-05 23:45:00+00:00,1,-1.0000000000000084,-0.010000000000000085,3
2020-01-07 17:15:00+00:00,2020-01-07 21:45:00+00:00,1,0.07469041408057123,0.0007469041408057123,19
2020-01-07 23:30:00+00:00,2020-01-08 01:30:00+00:00,1,1.7138762348364514,0.017138762348364513,9
2020-01-10 16:00:00+00:00,2020-01-12 23:15:00+00:00,1,-0.03421243535444716,-0.0003421243535444716,22
2020-01-15 14:00:00+00:00,2020-01-15 14:30:00+00:00,1,-0.9944800176639836,-0.009944800176639837,3
2020-01-17 12:30:00+00:00,2020-01-17 13:30:00+00:00,1,-0.6756568835540917,-0.006756568835540917,5
2020-01-20 06:00:00+00:00,2020-01-20 07:00:00+00:00,1,-0.9806049411219698,-0.009806049411219698,5
2020-01-21 01:30:00+00:00,2020-01-21 05:30:00+00:00,1,-0.0635029020143253,-0.000635029020143253,17
2020-01-22 23:30:00+00:00,2020-01-23 00:00:00+00:00,1,-0.1979423478095822,-0.001979423478095822,3
2020-01-23 16:30:00+00:00,2020-01-23 19:00:00+00:00,1,-0.8491620894518397,-0.008491620894518397,11
2020-01-24 15:15:00+00:00,2020-01-24 20:00:00+00:00,1,0.39694617850517605,0.00396946178505176,20
2020-01-26 23:15:00+00:00,2020-01-27 00:00:00+00:00,1,-0.999999999999984,-0.00999999999999984,4
2020-01-29 19:45:00+00:00,2020-01-30 06:00:00+00:00,1,0.8730684326711078,0.008730684326711077,38
2020-01-30 07:30:00+00:00,2020-01-30 09:15:00+00:00,1,-0.9999999999999725,-0.009999999999999724,8
2020-01-30 15:45:00+00:00,2020-01-30 19:45:00+00:00,1,-0.57572059077352,-0.0057572059077352,17
2020-01-31 16:00:00+00:00,2020-01-31 16:45:00+00:00,1,-0.9999999999999932,-0.009999999999999933,4
2020-02-04 17:15:00+00:00,2020-02-04 20:00:00+00:00,-1,-0.553454006360449,-0.00553454006360449,12
2020-02-05 10:00:00+00:00,2020-02-05 11:30:00+00:00,-1,-1.0,-0.01,7
2020-02-09 23:45:00+00:00,2020-02-10 01:00:00+00:00,1,-1.0000000000000138,-0.010000000000000137,6
2020-02-13 10:15:00+00:00,2020-02-13 12:00:00+00:00,1,-1.000000000000021,-0.010000000000000212,8
2020-02-14 13:45:00+00:00,2020-02-14 14:00:00+00:00,1,-1.0000000000000162,-0.010000000000000162,2
2020-02-14 14:45:00+00:00,2020-02-16 23:00:00+00:00,1,0.038368778776549366,0.00038368778776549364,30
2020-02-18 00:45:00+00:00,2020-02-18 06:00:00+00:00,1,-0.37440826280311634,-0.0037440826280311637,22
2020-02-18 07:45:00+00:00,2020-02-18 08:00:00+00:00,1,-1.0000000000000422,-0.010000000000000422,2
2020-02-18 09:15:00+00:00,2020-02-18 10:45:00+00:00,1,-0.9999999999999584,-0.009999999999999584,7
2020-02-18 13:45:00+00:00,2020-02-18 14:30:00+00:00,1,-0.8414492593410752,-0.008414492593410752,4
2020-02-18 15:30:00+00:00,2020-02-18 21:30:00+00:00,1,0.808917495246715,0.00808917495246715,25
2020-02-19 08:15:00+00:00,2020-02-19 12:45:00+00:00,1,0.16210451475293966,0.0016210451475293967,19
2020-02-19 21:00:00+00:00,2020-02-20 00:00:00+00:00,1,-0.9999999999999712,-0.009999999999999712,9
2020-02-20 11:45:00+00:00,2020-02-20 14:15:00+00:00,1,-0.1704472448726821,-0.001704472448726821,11
2020-02-20 15:30:00+00:00,2020-02-20 15:45:00+00:00,1,-1.0000000000000155,-0.010000000000000156,2
2020-02-21 02:30:00+00:00,2020-02-21 14:15:00+00:00,1,4.630137606373379,0.04630137606373379,48
2020-02-21 15:15:00+00:00,2020-02-21 15:45:00+00:00,1,-1.000000000000005,-0.01000000000000005,3
2020-02-23 23:15:00+00:00,2020-02-23 23:15:00+00:00,1,-1.0,-0.01,1
2020-02-24 08:30:00+00:00,2020-02-24 13:00:00+00:00,1,-0.41689806099398247,-0.004168980609939824,19
2020-02-27 13:00:00+00:00,2020-02-27 13:30:00+00:00,1,-1.0000000000000064,-0.010000000000000064,3
2020-02-28 18:30:00+00:00,2020-02-28 19:30:00+00:00,-1,-0.9563694615356513,-0.009563694615356513,5
2020-03-05 12:30:00+00:00,2020-03-06 01:45:00+00:00,1,3.1052984838912816,0.031052984838912816,50
2020-03-06 05:00:00+00:00,2020-03-06 06:15:00+00:00,1,-1.0,-0.01,6
2020-03-06 09:45:00+00:00,2020-03-06 13:15:00+00:00,1,-0.6280611000801306,-0.006280611000801306,15
2020-03-08 22:15:00+00:00,2020-03-09 03:00:00+00:00,1,-0.4160007757951777,-0.004160007757951777,20
2020-03-12 12:15:00+00:00,2020-03-12 16:45:00+00:00,-1,3.5084289788292042,0.03508428978829204,19
2020-03-13 01:45:00+00:00,2020-03-13 04:30:00+00:00,-1,-0.9999999999999948,-0.009999999999999948,12
2020-03-13 15:45:00+00:00,2020-03-13 20:30:00+00:00,-1,0.6268665964433909,0.006268665964433909,20
2020-03-16 10:45:00+00:00,2020-03-16 14:30:00+00:00,-1,0.8353936898242242,0.008353936898242242,16
2020-03-18 17:30:00+00:00,2020-03-18 17:45:00+00:00,-1,-1.0000000000000053,-0.010000000000000054,2
2020-03-19 03:00:00+00:00,2020-03-19 06:15:00+00:00,-1,-0.5422580207950003,-0.005422580207950003,14
2020-03-24 08:30:00+00:00,2020-03-24 11:00:00+00:00,1,-0.6523543282427225,-0.006523543282427225,11
2020-03-24 16:30:00+00:00,2020-03-25 01:00:00+00:00,1,-0.033036593370529624,-0.00033036593370529624,31
2020-03-26 12:45:00+00:00,2020-03-26 18:15:00+00:00,1,0.9721535640249006,0.009721535640249006,23
2020-04-02 18:00:00+00:00,2020-04-02 18:30:00+00:00,1,-1.0,-0.01,3
2020-04-02 19:15:00+00:00,2020-04-02 20:45:00+00:00,1,-1.000000000000015,-0.010000000000000151,7
2020-04-03 17:30:00+00:00,2020-04-03 20:45:00+00:00,1,-0.46592072865146855,-0.0046592072865146855,14
2020-04-06 06:45:00+00:00,2020-04-06 06:45:00+00:00,1,-1.0000000000000144,-0.010000000000000144,1
2020-04-06 07:45:00+00:00,2020-04-06 20:30:00+00:00,1,5.3125861804810945,0.053125861804810944,52
2020-04-09 08:00:00+00:00,2020-04-09 11:30:00+00:00,1,-0.7826188334832713,-0.007826188334832713,15
2020-04-09 12:45:00+00:00,2020-04-09 14:15:00+00:00,1,0.4206508214353286,0.004206508214353286,7
2020-04-09 16:30:00+00:00,2020-04-13 02:00:00+00:00,1,-0.5137910068264249,-0.005137910068264249,32
2020-04-13 12:15:00+00:00,2020-04-13 12:30:00+00:00,1,-0.9999999999999939,-0.00999999999999994,2
2020-04-13 14:30:00+00:00,2020-04-13 20:45:00+00:00,1,2.2339932679431085,0.022339932679431084,26
2020-04-14 02:00:00+00:00,2020-04-14 04:00:00+00:00,1,-0.9693752642941602,-0.009693752642941603,9
2020-04-14 08:15:00+00:00,2020-04-14 08:30:00+00:00,1,-1.0000000000000087,-0.010000000000000087,2
2020-04-14 12:30:00+00:00,2020-04-14 14:45:00+00:00,1,0.5192385581206648,0.005192385581206648,10
2020-04-16 10:45:00+00:00,2020-04-16 12:30:00+00:00,1,0.45441865361338757,0.0045441865361338755,8
2020-04-22 16:30:00+00:00,2020-04-22 23:00:00+00:00,1,-0.3991104050833729,-0.003991104050833729,23
2020-04-23 08:15:00+00:00,2020-04-23 12:30:00+00:00,1,0.2897429353626313,0.002897429353626313,18
2020-04-23 14:15:00+00:00,2020-04-23 16:45:00+00:00,1,-1.0,-0.01,11
2020-04-29 19:45:00+00:00,2020-04-30 00:30:00+00:00,1,-0.606259215305504,-0.0060625921530550395,16
2020-04-30 06:15:00+00:00,2020-04-30 10:00:00+00:00,1,-0.840998593530195,-0.00840998593530195,16
2020-05-01 05:45:00+00:00,2020-05-01 10:30:00+00:00,-1,-0.11457073760583075,-0.0011457073760583075,20
2020-05-13 12:45:00+00:00,2020-05-13 13:15:00+00:00,1,-0.667972748773311,-0.006679727487733111,3
2020-05-13 20:00:00+00:00,2020-05-14 01:00:00+00:00,1,-0.6076611182245325,-0.006076611182245326,17
2020-05-14 13:45:00+00:00,2020-05-14 19:30:00+00:00,1,0.3633023557380251,0.0036330235573802513,24
2020-05-15 06:15:00+00:00,2020-05-15 06:30:00+00:00,1,-1.000000000000022,-0.01000000000000022,2
2020-05-15 07:45:00+00:00,2020-05-15 08:30:00+00:00,1,-0.9999999999999918,-0.009999999999999919,4
2020-05-15 12:45:00+00:00,2020-05-15 13:45:00+00:00,1,-0.9999999999999892,-0.009999999999999893,5
2020-05-15 16:00:00+00:00,2020-05-15 18:00:00+00:00,1,-0.8656385510743393,-0.008656385510743393,9
2020-05-17 23:30:00+00:00,2020-05-18 07:00:00+00:00,1,0.9656048972815648,0.009656048972815648,31
2020-05-18 11:30:00+00:00,2020-05-18 11:45:00+00:00,1,-0.9999999999999781,-0.009999999999999782,2
2020-05-19 18:30:00+00:00,2020-05-20 02:30:00+00:00,1,0.15390208434321223,0.0015390208434321224,29
2020-05-20 07:30:00+00:00,2020-05-20 08:00:00+00:00,1,-1.0,-0.01,3
2020-05-26 14:00:00+00:00,2020-05-27 00:30:00+00:00,-1,0.8030528016770699,0.0080305280167707,39
2020-05-27 04:00:00+00:00,2020-05-27 13:45:00+00:00,-1,1.5871007156571473,0.015871007156571474,40
2020-05-31 22:15:00+00:00,2020-06-01 01:15:00+00:00,1,-0.9478677573938946,-0.009478677573938946,13
2020-06-01 04:15:00+00:00,2020-06-01 07:15:00+00:00,1,-0.22670504099084623,-0.0022670504099084623,13
2020-06-02 13:30:00+00:00,2020-06-02 14:30:00+00:00,1,-1.000000000000007,-0.010000000000000071,5
2020-06-03 12:45:00+00:00,2020-06-03 17:45:00+00:00,-1,1.8682565860856657,0.01868256586085666,21
2020-06-05 12:45:00+00:00,2020-06-05 12:45:00+00:00,-1,-0.9999999999999892,-0.009999999999999893,1
2020-06-05 14:30:00+00:00,2020-06-05 17:30:00+00:00,-1,-0.4820805122084402,-0.0048208051220844025,13
2020-06-10 11:30:00+00:00,2020-06-10 14:30:00+00:00,1,-0.7558482330870432,-0.007558482330870432,13
2020-06-10 18:15:00+00:00,2020-06-11 01:00:00+00:00,1,0.5000595261716766,0.005000595261716766,24
2020-06-11 14:15:00+00:00,2020-06-11 15:30:00+00:00,1,-0.9999999999999883,-0.009999999999999884,6
2020-06-18 08:45:00+00:00,2020-06-18 09:30:00+00:00,1,-0.3481811967043183,-0.003481811967043183,4
2020-06-19 12:00:00+00:00,2020-06-22 02:45:00+00:00,1,4.784471299093458,0.04784471299093458,56
2020-06-22 13:45:00+00:00,2020-06-22 14:45:00+00:00,1,-0.9902891193997311,-0.009902891193997312,5
2020-06-23 19:45:00+00:00,2020-06-23 23:00:00+00:00,1,-0.9399118942731169,-0.009399118942731169,10
2020-06-24 00:30:00+00:00,2020-06-24 00:30:00+00:00,1,-1.0000000000000255,-0.010000000000000255,1
2020-06-24 09:00:00+00:00,2020-06-24 12:00:00+00:00,1,-0.5139140337557935,-0.005139140337557935,13
2020-06-26 17:15:00+00:00,2020-06-29 01:45:00+00:00,1,-0.013654212279866206,-0.00013654212279866205,31
2020-06-30 14:45:00+00:00,2020-06-30 19:15:00+00:00,1,0.30559519764410936,0.0030559519764410937,19
2020-07-01 07:15:00+00:00,2020-07-01 10:30:00+00:00,1,-0.56174909891876,-0.0056174909891876,14
2020-07-02 14:30:00+00:00,2020-07-02 19:30:00+00:00,1,-0.33979566497569896,-0.0033979566497569897,21
2020-07-06 07:15:00+00:00,2020-07-06 09:45:00+00:00,1,-1.0000000000000246,-0.010000000000000247,11
2020-07-06 12:00:00+00:00,2020-07-06 14:15:00+00:00,1,0.36125005533172966,0.0036125005533172968,10
2020-07-07 14:15:00+00:00,2020-07-07 22:15:00+00:00,1,0.16418215233817368,0.001641821523381737,29
2020-07-08 08:15:00+00:00,2020-07-08 18:00:00+00:00,1,4.3007929600618455,0.04300792960061846,40
2020-07-13 13:30:00+00:00,2020-07-13 13:45:00+00:00,1,-0.9999999999999926,-0.009999999999999926,2
2020-07-15 08:00:00+00:00,2020-07-15 09:30:00+00:00,1,-0.7329486776525498,-0.007329486776525498,7
2020-07-20 09:00:00+00:00,2020-07-20 13:30:00+00:00,1,0.46929722699622156,0.004692972269962216,19
2020-07-20 14:45:00+00:00,2020-07-21 01:30:00+00:00,1,-0.48977072810849387,-0.004897707281084939,40
2020-07-21 06:45:00+00:00,2020-07-21 13:30:00+00:00,1,4.786804003498155,0.047868040034981546,28
2020-07-21 17:00:00+00:00,2020-07-21 19:30:00+00:00,1,-0.506798365122582,-0.0050679836512258205,11
2020-07-21 23:15:00+00:00,2020-07-21 23:15:00+00:00,1,-0.9999999999999896,-0.009999999999999896,1
2020-07-22 01:15:00+00:00,2020-07-22 04:30:00+00:00,1,-1.000000000000015,-0.010000000000000151,14
2020-07-22 16:30:00+00:00,2020-07-22 22:45:00+00:00,1,-0.24379081813210945,-0.0024379081813210948,22
2020-07-23 08:15:00+00:00,2020-07-23 11:15:00+00:00,1,0.05810505698972517,0.0005810505698972517,13
2020-07-23 15:30:00+00:00,2020-07-23 17:45:00+00:00,1,-0.6616344949322496,-0.006616344949322496,10
2020-07-24 13:15:00+00:00,2020-07-24 17:30:00+00:00,1,-0.40373161176852035,-0.004037316117685204,18
2020-07-26 22:30:00+00:00,2020-07-27 03:45:00+00:00,1,6.576265741454702,0.06576265741454702,22
2020-07-27 23:00:00+00:00,2020-07-28 03:00:00+00:00,1,2.5960000000000583,0.025960000000000583,17
2020-07-29 18:15:00+00:00,2020-07-29 19:00:00+00:00,1,0.05384951579141277,0.0005384951579141277,4
2020-07-31 03:45:00+00:00,2020-07-31 07:15:00+00:00,1,-0.0635143723113544,-0.000635143723113544,15
2020-08-02 22:30:00+00:00,2020-08-02 23:30:00+00:00,1,-1.0,-0.01,5
2020-08-04 14:15:00+00:00,2020-08-05 00:30:00+00:00,1,5.252913934346475,0.05252913934346475,38
2020-08-05 07:00:00+00:00,2020-08-05 12:30:00+00:00,1,0.3482706799668823,0.0034827067996688233,23
2020-08-05 14:00:00+00:00,2020-08-05 16:00:00+00:00,1,-0.8092257731197988,-0.008092257731197988,9
2020-08-06 11:45:00+00:00,2020-08-06 12:30:00+00:00,1,-0.24678123813139338,-0.0024678123813139338,4
2020-08-06 14:00:00+00:00,2020-08-06 14:30:00+00:00,1,-1.0000000000000098,-0.010000000000000097,3
2020-08-06 22:30:00+00:00,2020-08-07 01:00:00+00:00,1,-1.0000000000000095,-0.010000000000000096,11
2020-08-11 17:15:00+00:00,2020-08-11 22:30:00+00:00,-1,0.7998408686698487,0.007998408686698487,18
2020-08-12 02:00:00+00:00,2020-08-12 06:00:00+00:00,-1,0.06950627977479375,0.0006950627977479375,17
2020-08-18 05:45:00+00:00,2020-08-18 11:15:00+00:00,1,0.5384401501459405,0.005384401501459405,23
2020-08-18 12:30:00+00:00,2020-08-18 13:45:00+00:00,1,-1.0000000000000102,-0.010000000000000103,6
2020-08-21 11:45:00+00:00,2020-08-21 12:15:00+00:00,-1,-0.36678915939365075,-0.0036678915939365076,3
2020-08-24 19:15:00+00:00,2020-08-24 22:15:00+00:00,-1,-1.0000000000000047,-0.010000000000000047,9
2020-08-25 10:00:00+00:00,2020-08-25 11:15:00+00:00,-1,-0.9999999999999858,-0.009999999999999858,6
2020-08-25 14:15:00+00:00,2020-08-25 18:30:00+00:00,-1,-0.5044912565376733,-0.005044912565376734,18
2020-08-26 12:30:00+00:00,2020-08-26 13:00:00+00:00,-1,-0.6062972828982292,-0.0060629728289822915,3
2020-08-30 22:45:00+00:00,2020-08-31 01:15:00+00:00,1,-1.0000000000000053,-0.010000000000000054,11
2020-09-01 02:00:00+00:00,2020-09-01 06:30:00+00:00,1,1.2332452447530888,0.012332452447530888,19
2020-09-01 07:45:00+00:00,2020-09-01 09:15:00+00:00,1,-1.0000000000000122,-0.010000000000000122,7
2020-09-03 06:00:00+00:00,2020-09-03 07:30:00+00:00,-1,-0.9999999999999822,-0.009999999999999823,7
2020-09-03 15:30:00+00:00,2020-09-03 18:30:00+00:00,-1,-0.999999999999992,-0.00999999999999992,13
2020-09-08 03:30:00+00:00,2020-09-08 05:15:00+00:00,-1,-0.9228267621587765,-0.009228267621587764,8
2020-09-08 09:45:00+00:00,2020-09-08 14:15:00+00:00,-1,-0.38200345849798245,-0.0038200345849798245,19
2020-09-10 12:30:00+00:00,2020-09-10 14:45:00+00:00,1,0.08224094448910572,0.0008224094448910572,10
2020-09-14 13:00:00+00:00,2020-09-14 17:00:00+00:00,1,-0.12226741230299257,-0.0012226741230299256,17
2020-09-15 02:15:00+00:00,2020-09-15 06:30:00+00:00,1,0.2623817819812025,0.0026238178198120248,18
2020-09-15 11:00:00+00:00,2020-09-15 12:45:00+00:00,1,-1.0,-0.01,8
2020-09-16 13:15:00+00:00,2020-09-16 13:45:00+00:00,1,-1.0000000000000109,-0.01000000000000011,3
2020-09-18 16:30:00+00:00,2020-09-18 17:30:00+00:00,1,-1.0000000000000147,-0.010000000000000146,5
2020-09-21 12:30:00+00:00,2020-09-21 15:00:00+00:00,-1,2.9374948359911075,0.029374948359911075,11
2020-09-23 04:15:00+00:00,2020-09-23 09:00:00+00:00,-1,0.18838427178913014,0.0018838427178913015,20
2020-09-23 14:15:00+00:00,2020-09-24 01:00:00+00:00,-1,0.8283469414679391,0.008283469414679391,40
2020-09-24 05:00:00+00:00,2020-09-24 07:00:00+00:00,-1,-1.000000000000005,-0.01000000000000005,9
2020-10-01 15:30:00+00:00,2020-10-01 19:45:00+00:00,1,-0.5685155990706868,-0.005685155990706868,18
2020-10-02 06:30:00+00:00,2020-10-02 10:00:00+00:00,1,-0.7680831212892113,-0.007680831212892114,15
2020-10-05 14:15:00+00:00,2020-10-05 19:00:00+00:00,1,0.10334261158319719,0.0010334261158319719,20
2020-10-09 08:00:00+00:00,2020-10-12 00:00:00+00:00,1,3.536466492602275,0.03536466492602275,61
2020-10-14 01:30:00+00:00,2020-10-14 01:30:00+00:00,-1,-1.0000000000000224,-0.010000000000000224,1
2020-10-16 12:15:00+00:00,2020-10-16 12:30:00+00:00,1,-1.0000000000000222,-0.010000000000000222,2
2020-10-19 12:15:00+00:00,2020-10-19 12:45:00+00:00,1,-1.0000000000000164,-0.010000000000000165,3
2020-10-21 02:15:00+00:00,2020-10-21 05:30:00+00:00,1,-0.7927683473212829,-0.00792768347321283,14
2020-10-21 08:00:00+00:00,2020-10-21 08:45:00+00:00,1,-1.0000000000000075,-0.010000000000000077,4
2020-10-21 12:45:00+00:00,2020-10-21 15:15:00+00:00,1,-0.5541985719362433,-0.0055419857193624335,11
2020-10-25 23:00:00+00:00,2020-10-25 23:15:00+00:00,-1,-1.0,-0.01,2
2020-10-28 10:30:00+00:00,2020-10-28 16:30:00+00:00,-1,3.4675832178762356,0.034675832178762356,25
2020-10-29 12:30:00+00:00,2020-10-29 13:30:00+00:00,-1,-0.6137206427688783,-0.006137206427688783,5
2020-11-03 09:45:00+00:00,2020-11-03 14:45:00+00:00,1,0.15036717882014947,0.0015036717882014948,21
2020-11-03 23:15:00+00:00,2020-11-04 00:15:00+00:00,1,-0.7112117780294466,-0.007112117780294466,5
2020-11-05 07:30:00+00:00,2020-11-05 07:45:00+00:00,1,-0.9999999999999918,-0.009999999999999919,2
2020-11-05 08:30:00+00:00,2020-11-06 00:15:00+00:00,1,5.202755339450522,0.05202755339450522,60
2020-11-06 11:15:00+00:00,2020-11-06 12:45:00+00:00,1,-0.8301497101647708,-0.008301497101647707,7
2020-11-06 13:45:00+00:00,2020-11-06 14:30:00+00:00,1,-0.9999999999999918,-0.009999999999999919,4
2020-11-09 04:00:00+00:00,2020-11-09 06:30:00+00:00,1,-0.3661437683157818,-0.0036614376831578185,11
2020-11-11 13:45:00+00:00,2020-11-11 18:30:00+00:00,-1,-0.18246117224695074,-0.0018246117224695075,20
2020-11-16 12:00:00+00:00,2020-11-16 12:00:00+00:00,-1,-0.9999999999999953,-0.009999999999999953,1
2020-11-17 20:45:00+00:00,2020-11-17 20:45:00+00:00,-1,-0.9999999999999899,-0.0099999999999999,1
2020-11-18 10:45:00+00:00,2020-11-18 13:00:00+00:00,-1,0.030221644238405163,0.00030221644238405165,10
2020-11-19 05:45:00+00:00,2020-11-19 06:15:00+00:00,-1,-0.17927971505212856,-0.0017927971505212856,3
2020-11-19 09:00:00+00:00,2020-11-19 09:15:00+00:00,-1,-1.000000000000011,-0.010000000000000111,2
2020-11-23 15:00:00+00:00,2020-11-23 19:00:00+00:00,-1,0.22131002398544167,0.0022131002398544167,17
2020-11-24 01:45:00+00:00,2020-11-24 05:45:00+00:00,-1,0.21337165708574207,0.0021337165708574207,17
2020-11-24 10:30:00+00:00,2020-11-24 18:30:00+00:00,-1,1.6189209558008704,0.016189209558008705,33
2020-11-27 13:15:00+00:00,2020-11-27 16:30:00+00:00,-1,1.0538623226484964,0.010538623226484965,14
2020-11-30 03:00:00+00:00,2020-11-30 03:00:00+00:00,-1,-1.000000000000005,-0.01000000000000005,1
2020-12-03 03:30:00+00:00,2020-12-03 09:30:00+00:00,1,0.14403403658617484,0.0014403403658617485,25
2020-12-04 03:00:00+00:00,2020-12-04 04:45:00+00:00,1,-1.0000000000000175,-0.010000000000000175,8
2020-12-07 15:00:00+00:00,2020-12-07 18:45:00+00:00,1,0.5822199482565664,0.005822199482565665,16
2020-12-08 04:00:00+00:00,2020-12-08 07:00:00+00:00,1,-0.9999999999999762,-0.009999999999999763,13
2020-12-08 14:45:00+00:00,2020-12-08 15:00:00+00:00,1,-1.0000000000000129,-0.010000000000000129,2
2020-12-11 11:15:00+00:00,2020-12-11 11:45:00+00:00,-1,-0.55521940371835,-0.0055521940371835,3
2020-12-14 10:30:00+00:00,2020-12-14 11:30:00+00:00,-1,-1.000000000000005,-0.01000000000000005,5
2020-12-16 02:45:00+00:00,2020-12-16 05:30:00+00:00,1,-0.9999999999999678,-0.009999999999999678,12
2020-12-16 08:45:00+00:00,2020-12-16 12:00:00+00:00,1,-0.5547523349622925,-0.005547523349622925,14
2020-12-17 01:30:00+00:00,2020-12-17 02:15:00+00:00,1,-1.000000000000019,-0.010000000000000191,4
2020-12-17 04:45:00+00:00,2020-12-17 09:15:00+00:00,1,2.352700671852936,0.02352700671852936,19
2020-12-17 13:45:00+00:00,2020-12-17 17:15:00+00:00,1,-0.23739082467590417,-0.0023739082467590417,15
2020-12-21 01:15:00+00:00,2020-12-21 06:45:00+00:00,1,1.3059031836622308,0.013059031836622308,23
2020-12-24 02:30:00+00:00,2020-12-24 03:00:00+00:00,1,-0.9999999999999676,-0.009999999999999676,3
2020-12-27 23:15:00+00:00,2020-12-28 05:00:00+00:00,1,1.3408727505305673,0.013408727505305673,24
2020-12-30 15:00:00+00:00,2020-12-31 02:45:00+00:00,1,1.132557087949393,0.01132557087949393,44
2021-01-03 23:15:00+00:00,2021-01-04 05:15:00+00:00,1,1.3191002455905472,0.013191002455905472,25
2021-01-04 08:15:00+00:00,2021-01-04 15:00:00+00:00,1,1.392125435540069,0.013921254355400689,28
2021-01-04 23:30:00+00:00,2021-01-04 23:45:00+00:00,1,-0.9999999999999913,-0.009999999999999913,2
2021-01-05 12:00:00+00:00,2021-01-05 14:30:00+00:00,1,-1.0000000000000064,-0.010000000000000064,11
2021-01-06 10:00:00+00:00,2021-01-06 11:15:00+00:00,1,-0.9999999999999889,-0.00999999999999989,6
2021-01-08 14:45:00+00:00,2021-01-08 20:15:00+00:00,-1,2.0547158623360455,0.020547158623360456,23
2021-01-11 01:30:00+00:00,2021-01-11 02:30:00+00:00,-1,-1.0,-0.01,5
2021-01-13 21:00:00+00:00,2021-01-13 23:45:00+00:00,-1,-0.055688994440564216,-0.0005568899444056422,8
2021-01-14 02:30:00+00:00,2021-01-14 02:45:00+00:00,-1,-0.03765916325602082,-0.00037659163256020817,2
2021-01-15 15:15:00+00:00,2021-01-17 23:00:00+00:00,-1,0.7446979529231805,0.007446979529231805,28
2021-01-17 23:45:00+00:00,2021-01-18 01:00:00+00:00,-1,-0.6906903911751112,-0.006906903911751112,6
2021-01-21 05:45:00+00:00,2021-01-21 07:15:00+00:00,1,-1.0,-0.01,7
2021-01-25 16:15:00+00:00,2021-01-25 17:00:00+00:00,-1,-1.0,-0.01,4
2021-01-27 01:15:00+00:00,2021-01-27 05:00:00+00:00,-1,-0.31805441453632816,-0.0031805441453632817,16
2021-01-27 11:45:00+00:00,2021-01-27 15:00:00+00:00,-1,-0.8326478370915685,-0.008326478370915685,14
2021-02-04 02:00:00+00:00,2021-02-04 06:30:00+00:00,-1,1.2876934756020528,0.012876934756020529,19
2021-02-04 09:15:00+00:00,2021-02-04 12:45:00+00:00,-1,-0.6362237415569969,-0.006362237415569969,15
2021-02-04 13:45:00+00:00,2021-02-04 19:30:00+00:00,-1,2.8686927540961036,0.028686927540961037,24
2021-02-09 09:00:00+00:00,2021-02-09 10:45:00+00:00,1,-0.5805931462671753,-0.005805931462671753,8
2021-02-10 13:45:00+00:00,2021-02-10 14:15:00+00:00,1,-1.0000000000000155,-0.010000000000000156,3
2021-02-12 02:45:00+00:00,2021-02-12 04:30:00+00:00,-1,-0.8590779028982591,-0.008590779028982592,8
2021-02-12 07:00:00+00:00,2021-02-12 08:45:00+00:00,-1,0.34177848399251953,0.0034177848399251955,8
2021-02-16 13:00:00+00:00,2021-02-16 15:00:00+00:00,-1,0.4019154638668206,0.004019154638668206,9
2021-02-16 23:15:00+00:00,2021-02-16 23:30:00+00:00,-1,-1.0000000000000184,-0.010000000000000184,2
2021-02-17 13:30:00+00:00,2021-02-17 14:30:00+00:00,-1,-0.9534388981489499,-0.009534388981489499,5
2021-02-17 16:00:00+00:00,2021-02-17 21:30:00+00:00,-1,-0.2191912111805758,-0.002191912111805758,23
2021-02-19 00:45:00+00:00,2021-02-19 02:45:00+00:00,-1,-0.673302517771441,-0.00673302517771441,9
2021-02-25 15:15:00+00:00,2021-02-26 02:15:00+00:00,-1,0.11269821724199382,0.0011269821724199382,41
2021-02-26 05:45:00+00:00,2021-02-26 08:30:00+00:00,-1,-0.796006284526898,-0.00796006284526898,12
2021-02-26 15:00:00+00:00,2021-02-26 19:30:00+00:00,-1,1.4885801539851269,0.014885801539851268,19
2021-03-02 01:30:00+00:00,2021-03-02 05:15:00+00:00,-1,0.4984998902358509,0.004984998902358509,16
2021-03-03 13:15:00+00:00,2021-03-03 16:00:00+00:00,-1,-0.6655663020440087,-0.006655663020440087,12
2021-03-04 19:00:00+00:00,2021-03-05 05:00:00+00:00,-1,-0.1733570967201855,-0.001733570967201855,37
2021-03-08 12:00:00+00:00,2021-03-08 12:30:00+00:00,-1,-0.9999999999999841,-0.00999999999999984,3
2021-03-08 15:45:00+00:00,2021-03-08 19:30:00+00:00,-1,-0.16848263254111767,-0.0016848263254111767,16
2021-03-11 08:30:00+00:00,2021-03-11 09:45:00+00:00,1,-0.9999999999999926,-0.009999999999999926,6
2021-03-12 09:30:00+00:00,2021-03-12 12:45:00+00:00,-1,-0.5553907939450117,-0.005553907939450117,14
2021-03-16 05:45:00+00:00,2021-03-16 06:45:00+00:00,1,-0.9257856759497338,-0.009257856759497338,5
2021-03-16 14:30:00+00:00,2021-03-16 14:45:00+00:00,1,-0.9999999999999852,-0.009999999999999853,2
2021-03-17 18:15:00+00:00,2021-03-18 03:45:00+00:00,1,1.0225813054937107,0.010225813054937107,35
2021-03-19 20:45:00+00:00,2021-03-21 22:00:00+00:00,1,-0.9999999999999778,-0.009999999999999778,2
2021-03-25 13:30:00+00:00,2021-03-25 14:30:00+00:00,1,-0.818872746838854,-0.00818872746838854,5
2021-03-29 13:45:00+00:00,2021-03-29 16:45:00+00:00,-1,-0.7467028513888727,-0.007467028513888727,13
2021-03-30 07:00:00+00:00,2021-03-30 13:15:00+00:00,-1,3.8802202180448053,0.03880220218044805,26
2021-03-31 03:00:00+00:00,2021-03-31 05:30:00+00:00,-1,-0.9999999999999782,-0.009999999999999783,11
2021-04-05 15:30:00+00:00,2021-04-05 17:30:00+00:00,1,-0.8130951151502571,-0.008130951151502572,9
2021-04-06 01:30:00+00:00,2021-04-06 06:30:00+00:00,1,0.15134480671106426,0.0015134480671106427,21
2021-04-06 14:00:00+00:00,2021-04-07 00:00:00+00:00,1,0.4162853874749556,0.004162853874749556,37
2021-04-08 07:45:00+00:00,2021-04-08 08:30:00+00:00,1,-1.0000000000000084,-0.010000000000000085,4
2021-04-08 11:45:00+00:00,2021-04-08 12:00:00+00:00,1,-0.9999999999999755,-0.009999999999999756,2
2021-04-08 13:45:00+00:00,2021-04-08 18:30:00+00:00,1,-0.3947147757591401,-0.003947147757591401,20
2021-04-13 07:00:00+00:00,2021-04-13 07:30:00+00:00,-1,-1.0000000000000262,-0.010000000000000262,3
2021-04-15 12:15:00+00:00,2021-04-15 12:30:00+00:00,1,-0.999999999999991,-0.00999999999999991,2
2021-04-15 13:45:00+00:00,2021-04-15 19:15:00+00:00,1,1.7684464005899188,0.017684464005899188,23
2021-04-16 10:00:00+00:00,2021-04-16 13:00:00+00:00,1,1.0634824463967518,0.010634824463967518,13
2021-04-19 07:45:00+00:00,2021-04-19 11:15:00+00:00,1,-0.10420574587817986,-0.0010420574587817987,15
2021-04-20 15:45:00+00:00,2021-04-20 23:15:00+00:00,1,-0.2097209632286334,-0.002097209632286334,27
2021-04-21 01:45:00+00:00,2021-04-21 07:30:00+00:00,1,0.41668450113419303,0.004166845011341931,24
2021-04-21 13:45:00+00:00,2021-04-21 14:45:00+00:00,1,0.11240169189080926,0.0011240169189080927,5
2021-04-23 12:00:00+00:00,2021-04-23 13:15:00+00:00,1,-0.6036201359636257,-0.006036201359636257,6
2021-04-27 12:30:00+00:00,2021-04-27 13:00:00+00:00,1,-1.0,-0.01,3
2021-04-29 01:45:00+00:00,2021-04-29 02:45:00+00:00,1,-1.0000000000000127,-0.010000000000000127,5
2021-05-03 14:00:00+00:00,2021-05-03 17:30:00+00:00,1,-0.21616445635087433,-0.0021616445635087435,15
2021-05-05 20:00:00+00:00,2021-05-05 23:30:00+00:00,1,-0.5552444258348269,-0.005552444258348269,11
2021-05-06 02:45:00+00:00,2021-05-06 10:15:00+00:00,1,0.6761050006134065,0.006761050006134065,31
2021-05-06 13:45:00+00:00,2021-05-06 19:00:00+00:00,1,0.7895582173887905,0.007895582173887906,22
2021-05-07 03:15:00+00:00,2021-05-07 11:30:00+00:00,1,-0.1548298249064805,-0.001548298249064805,34
2021-05-07 12:45:00+00:00,2021-05-07 13:00:00+00:00,1,-0.7358201719694498,-0.007358201719694498,2
2021-05-10 13:30:00+00:00,2021-05-10 13:45:00+00:00,1,-1.0000000000000056,-0.010000000000000056,2
2021-05-14 06:30:00+00:00,2021-05-17 09:15:00+00:00,1,5.377220734972048,0.053772207349720484,104
2021-05-17 14:15:00+00:00,2021-05-17 22:00:00+00:00,1,1.4355376596428129,0.014355376596428129,28
2021-05-18 00:00:00+00:00,2021-05-18 02:45:00+00:00,1,0.1003559582558734,0.0010035595825587341,12
2021-05-19 13:45:00+00:00,2021-05-19 17:15:00+00:00,1,-0.6558473448182077,-0.006558473448182077,15
2021-05-21 12:30:00+00:00,2021-05-21 13:45:00+00:00,1,-0.711162335847956,-0.0071116233584795595,6
2021-05-25 14:15:00+00:00,2021-05-25 14:30:00+00:00,1,-1.0000000000000149,-0.01000000000000015,2
2021-05-25 17:15:00+00:00,2021-05-25 23:45:00+00:00,1,0.13372723841872286,0.0013372723841872287,23
2021-05-26 01:15:00+00:00,2021-05-26 05:45:00+00:00,1,0.056983718937378885,0.0005698371893737889,19
2021-05-26 07:45:00+00:00,2021-05-26 09:00:00+00:00,1,-0.9999999999999749,-0.009999999999999749,6
2021-05-26 12:30:00+00:00,2021-05-26 13:00:00+00:00,1,-0.999999999999985,-0.009999999999999851,3
2021-05-28 17:30:00+00:00,2021-05-31 01:45:00+00:00,1,0.41442645601175326,0.004144264560117533,30
2021-05-31 02:45:00+00:00,2021-05-31 05:00:00+00:00,1,-0.9370582368500865,-0.009370582368500866,10
2021-06-01 01:45:00+00:00,2021-06-01 05:30:00+00:00,1,-0.678122917627753,-0.0067812291762775305,16
2021-06-01 06:30:00+00:00,2021-06-01 07:00:00+00:00,1,-0.9999999999999627,-0.009999999999999627,3
2021-06-02 20:00:00+00:00,2021-06-02 23:45:00+00:00,1,-0.7677326012761858,-0.007677326012761858,12
2021-06-04 02:00:00+00:00,2021-06-04 02:30:00+00:00,-1,-0.9999999999999931,-0.00999999999999993,3
2021-06-07 18:30:00+00:00,2021-06-08 01:30:00+00:00,1,0.2526667384980355,0.002526667384980355,25
2021-06-10 05:45:00+00:00,2021-06-10 06:00:00+00:00,-1,-0.9999999999999879,-0.009999999999999879,2
2021-06-10 07:30:00+00:00,2021-06-10 09:00:00+00:00,-1,-0.6292069167038875,-0.006292069167038875,7
2021-06-10 12:00:00+00:00,2021-06-10 12:30:00+00:00,-1,-0.6359148794955989,-0.006359148794955989,3
2021-06-11 06:15:00+00:00,2021-06-11 08:00:00+00:00,1,-1.0000000000000127,-0.010000000000000127,8
2021-06-14 00:15:00+00:00,2021-06-14 06:00:00+00:00,-1,2.087527126175419,0.020875271261754192,24
2021-06-14 07:30:00+00:00,2021-06-14 13:30:00+00:00,-1,0.7337187917264893,0.007337187917264894,25
2021-06-15 16:00:00+00:00,2021-06-15 18:00:00+00:00,-1,-0.39320174931160473,-0.0039320174931160475,9
2021-06-16 18:15:00+00:00,2021-06-16 23:30:00+00:00,-1,2.820234269721202,0.02820234269721202,18
2021-06-17 10:30:00+00:00,2021-06-17 13:30:00+00:00,-1,1.9699276610403378,0.01969927661040338,13
2021-06-17 15:15:00+00:00,2021-06-17 18:15:00+00:00,-1,-0.4996386363867657,-0.004996386363867657,13
2021-06-18 20:00:00+00:00,2021-06-20 22:00:00+00:00,-1,-1.1327694005149342,-0.011327694005149342,5
2021-06-28 01:45:00+00:00,2021-06-28 02:15:00+00:00,-1,-1.0,-0.01,3
2021-06-29 08:15:00+00:00,2021-06-29 11:30:00+00:00,-1,-0.15937853688654685,-0.0015937853688654685,14
2021-06-29 12:45:00+00:00,2021-06-29 15:30:00+00:00,-1,-0.7526552603120937,-0.0075265526031209375,12
2021-07-06 02:00:00+00:00,2021-07-06 08:15:00+00:00,1,3.2874311610830915,0.03287431161083092,26
2021-07-06 12:00:00+00:00,2021-07-06 12:45:00+00:00,1,-0.4912234792060476,-0.004912234792060476,4
2021-07-08 08:30:00+00:00,2021-07-08 13:45:00+00:00,1,-0.5297533197393713,-0.0052975331973937135,22
2021-07-09 15:30:00+00:00,2021-07-09 19:45:00+00:00,1,-0.10766707949173225,-0.0010766707949173226,18
2021-07-13 02:45:00+00:00,2021-07-13 03:30:00+00:00,1,-1.0000000000000384,-0.010000000000000384,4
2021-07-13 12:30:00+00:00,2021-07-13 12:30:00+00:00,1,-1.0,-0.01,1
2021-07-14 12:15:00+00:00,2021-07-14 13:45:00+00:00,1,-0.9999999999999926,-0.009999999999999926,7
2021-07-15 06:15:00+00:00,2021-07-15 10:00:00+00:00,1,-0.5521396716956193,-0.005521396716956193,16
2021-07-20 12:45:00+00:00,2021-07-20 14:30:00+00:00,1,-1.0000000000000195,-0.010000000000000196,8
2021-07-21 10:45:00+00:00,2021-07-21 13:45:00+00:00,-1,-0.10245232402170106,-0.0010245232402170106,13
2021-07-22 08:30:00+00:00,2021-07-22 09:30:00+00:00,-1,-1.000000000000017,-0.010000000000000172,5
2021-07-27 02:00:00+00:00,2021-07-27 02:30:00+00:00,-1,-1.0,-0.01,3
2021-07-27 06:30:00+00:00,2021-07-27 07:15:00+00:00,-1,-0.999999999999987,-0.00999999999999987,4
2021-07-29 05:45:00+00:00,2021-07-29 05:45:00+00:00,1,-0.9999999999999544,-0.009999999999999544,1
2021-07-29 07:00:00+00:00,2021-07-29 07:45:00+00:00,1,-1.0000000000000258,-0.010000000000000257,4
2021-07-29 08:45:00+00:00,2021-07-29 19:30:00+00:00,1,1.9858299595141633,0.019858299595141633,44
2021-08-04 11:30:00+00:00,2021-08-04 14:00:00+00:00,1,2.846883612465567,0.028468836124655672,11
2021-08-06 11:00:00+00:00,2021-08-06 11:15:00+00:00,-1,-1.0000000000000246,-0.010000000000000247,2
2021-08-06 12:45:00+00:00,2021-08-06 19:00:00+00:00,-1,2.47072057241939,0.024707205724193902,26
2021-08-08 22:30:00+00:00,2021-08-08 23:30:00+00:00,-1,11.18461107806425,0.11184611078064251,5
2021-08-10 14:15:00+00:00,2021-08-10 14:15:00+00:00,-1,-1.0,-0.01,1
2021-08-16 01:15:00+00:00,2021-08-16 01:45:00+00:00,1,-0.9999999999999738,-0.009999999999999738,3
2021-08-16 13:45:00+00:00,2021-08-16 22:30:00+00:00,1,0.47410702936312765,0.004741070293631276,32
2021-08-17 05:45:00+00:00,2021-08-17 11:45:00+00:00,1,0.21199767035523798,0.00211997670355238,25
2021-08-23 10:30:00+00:00,2021-08-23 14:00:00+00:00,1,3.3980370267001434,0.03398037026700144,15
2021-08-24 12:15:00+00:00,2021-08-24 12:15:00+00:00,1,-1.0000000000000122,-0.010000000000000122,1
2021-08-24 12:45:00+00:00,2021-08-24 13:30:00+00:00,1,-1.0,-0.01,4
2021-08-26 15:15:00+00:00,2021-08-26 18:15:00+00:00,1,-0.6252834373293084,-0.006252834373293084,13
2021-08-27 03:30:00+00:00,2021-08-27 07:30:00+00:00,1,0.903797536442408,0.00903797536442408,17
2021-08-27 14:45:00+00:00,2021-08-30 01:15:00+00:00,1,1.1644513243894317,0.011644513243894317,39
2021-09-01 12:45:00+00:00,2021-09-01 13:00:00+00:00,1,-0.8970847537321834,-0.008970847537321835,2
2021-09-03 12:45:00+00:00,2021-09-03 19:15:00+00:00,1,2.4562690548780903,0.024562690548780904,27
2021-09-08 13:45:00+00:00,2021-09-08 15:00:00+00:00,-1,0.02417119094373107,0.00024171190943731073,6
2021-09-10 18:00:00+00:00,2021-09-13 01:15:00+00:00,-1,0.3094751417645048,0.003094751417645048,26
2021-09-14 12:00:00+00:00,2021-09-14 12:30:00+00:00,-1,-1.0000000000000098,-0.010000000000000097,3
2021-09-16 04:15:00+00:00,2021-09-16 15:00:00+00:00,-1,12.965320505649217,0.12965320505649217,44
2021-09-20 02:30:00+00:00,2021-09-20 02:45:00+00:00,-1,-1.0000000000000258,-0.010000000000000257,2
2021-09-22 19:00:00+00:00,2021-09-23 05:00:00+00:00,-1,0.27376566547081277,0.0027376566547081278,37
2021-09-23 07:15:00+00:00,2021-09-23 07:15:00+00:00,-1,-1.000000000000011,-0.010000000000000111,1
2021-09-23 13:15:00+00:00,2021-09-23 19:00:00+00:00,-1,1.0278447560810606,0.010278447560810606,24
2021-09-23 20:30:00+00:00,2021-09-23 22:00:00+00:00,-1,-0.869008733934583,-0.00869008733934583,3
2021-09-28 06:30:00+00:00,2021-09-28 07:15:00+00:00,-1,0.4437548310826812,0.0044375483108268126,4
2021-09-28 11:00:00+00:00,2021-09-28 13:00:00+00:00,-1,-0.874278258938467,-0.00874278258938467,9
2021-09-29 14:30:00+00:00,2021-09-29 20:45:00+00:00,-1,0.42756646817078514,0.004275664681707852,26
2021-10-03 22:30:00+00:00,2021-10-04 01:45:00+00:00,1,-1.0,-0.01,14
2021-10-04 14:45:00+00:00,2021-10-04 19:00:00+00:00,1,-0.3229561889937397,-0.003229561889937397,18
2021-10-06 19:15:00+00:00,2021-10-06 22:45:00+00:00,1,-0.8419572553431116,-0.008419572553431117,11
2021-10-07 07:30:00+00:00,2021-10-07 08:30:00+00:00,1,-0.9999999999999915,-0.009999999999999915,5
2021-10-08 12:45:00+00:00,2021-10-08 13:45:00+00:00,1,-0.6635584220478121,-0.006635584220478122,5
2021-10-12 14:00:00+00:00,2021-10-12 15:30:00+00:00,1,-0.9999999999999915,-0.009999999999999915,7
2021-10-13 10:15:00+00:00,2021-10-13 12:30:00+00:00,1,0.5956085981801726,0.005956085981801727,10
2021-10-13 13:45:00+00:00,2021-10-13 23:15:00+00:00,1,1.4313709189843256,0.014313709189843257,35
2021-10-14 09:30:00+00:00,2021-10-14 12:00:00+00:00,1,-0.7254836926478067,-0.007254836926478067,11
2021-10-20 12:45:00+00:00,2021-10-20 13:15:00+00:00,1,-0.9999999999999925,-0.009999999999999924,3
2021-10-22 06:30:00+00:00,2021-10-22 15:15:00+00:00,1,6.822535701846206,0.06822535701846207,36
2021-10-27 18:30:00+00:00,2021-10-27 19:15:00+00:00,1,-0.9999999999999912,-0.009999999999999912,4
2021-10-28 02:15:00+00:00,2021-10-28 09:00:00+00:00,1,0.16537924848003888,0.0016537924848003887,28
2021-10-28 12:30:00+00:00,2021-10-28 12:30:00+00:00,1,-1.0000000000000233,-0.010000000000000233,1
2021-10-28 13:30:00+00:00,2021-10-28 13:30:00+00:00,1,-0.9999999999999951,-0.009999999999999952,1
2021-11-03 12:45:00+00:00,2021-11-03 17:45:00+00:00,-1,2.150878696956718,0.021508786969567182,21
2021-11-05 13:30:00+00:00,2021-11-08 00:30:00+00:00,1,1.6363197820699829,0.01636319782069983,37
2021-11-08 01:15:00+00:00,2021-11-08 06:15:00+00:00,1,-0.38027156549521124,-0.0038027156549521124,21
2021-11-08 13:30:00+00:00,2021-11-08 13:30:00+00:00,1,-1.0000000000000153,-0.010000000000000153,1
2021-11-08 14:15:00+00:00,2021-11-08 23:00:00+00:00,1,-0.06727299688593888,-0.0006727299688593888,32
2021-11-09 11:45:00+00:00,2021-11-09 11:45:00+00:00,1,-0.999999999999982,-0.00999999999999982,1
2021-11-09 13:45:00+00:00,2021-11-09 15:00:00+00:00,1,-1.0000000000000198,-0.010000000000000198,6
2021-11-09 18:00:00+00:00,2021-11-09 23:30:00+00:00,1,-0.21919322861061116,-0.0021919322861061116,19
2021-11-10 13:45:00+00:00,2021-11-10 15:45:00+00:00,1,0.3044809036007865,0.003044809036007865,9
2021-11-12 19:00:00+00:00,2021-11-12 20:00:00+00:00,1,-0.9999999999999777,-0.009999999999999776,5
2021-11-16 09:00:00+00:00,2021-11-16 12:45:00+00:00,1,-0.5521068789851653,-0.005521068789851653,16
2021-11-16 13:15:00+00:00,2021-11-16 13:15:00+00:00,1,-1.0000000000000082,-0.010000000000000082,1
2021-11-18 00:30:00+00:00,2021-11-18 01:30:00+00:00,1,-0.9335739828620618,-0.00933573982862062,5
2021-11-22 14:15:00+00:00,2021-11-22 23:00:00+00:00,-1,2.907145001501042,0.02907145001501042,32
2021-11-23 09:00:00+00:00,2021-11-23 19:15:00+00:00,-1,2.0522092565883807,0.020522092565883807,42
2021-11-26 16:45:00+00:00,2021-11-28 23:45:00+00:00,-1,-0.7533340613439896,-0.0075333406134398965,11
2021-11-30 16:15:00+00:00,2021-11-30 23:00:00+00:00,-1,0.3399603739706816,0.003399603739706816,24
2021-12-02 05:45:00+00:00,2021-12-02 06:30:00+00:00,-1,-1.0000000000000253,-0.010000000000000253,4
2021-12-02 07:45:00+00:00,2021-12-02 10:00:00+00:00,-1,0.35410902047586695,0.0035410902047586694,10
2021-12-02 15:00:00+00:00,2021-12-02 15:30:00+00:00,-1,-1.0,-0.01,3
2021-12-02 17:45:00+00:00,2021-12-02 20:00:00+00:00,-1,-0.5912940590360186,-0.005912940590360186,10
2021-12-07 13:45:00+00:00,2021-12-07 14:00:00+00:00,-1,-1.0000000000000242,-0.010000000000000243,2
2021-12-09 12:15:00+00:00,2021-12-09 14:15:00+00:00,-1,-0.23158180981465606,-0.0023158180981465606,9
2021-12-10 06:30:00+00:00,2021-12-10 12:45:00+00:00,-1,-0.6872234955491994,-0.006872234955491994,26
2021-12-15 18:30:00+00:00,2021-12-15 19:00:00+00:00,-1,-0.5650568514828669,-0.005650568514828669,3
2021-12-16 17:00:00+00:00,2021-12-17 13:45:00+00:00,1,1.601388200297545,0.01601388200297545,80
2021-12-22 18:30:00+00:00,2021-12-23 06:15:00+00:00,1,1.125898724391217,0.011258987243912172,44
2021-12-23 18:30:00+00:00,2021-12-23 21:45:00+00:00,1,-0.8915261856595784,-0.008915261856595785,14
2021-12-27 01:30:00+00:00,2021-12-27 04:30:00+00:00,1,-0.9999999999999611,-0.009999999999999612,13
2021-12-28 06:45:00+00:00,2021-12-28 13:00:00+00:00,1,0.1162567101996368,0.0011625671019963681,26
2021-12-28 13:30:00+00:00,2021-12-28 14:00:00+00:00,1,-1.0000000000000357,-0.010000000000000358,3
2021-12-30 14:45:00+00:00,2021-12-31 01:45:00+00:00,1,1.8906224499787239,0.01890622449978724,41
2021-12-31 07:15:00+00:00,2021-12-31 07:30:00+00:00,1,-1.0,-0.01,2
2021-12-31 11:15:00+00:00,2021-12-31 14:30:00+00:00,1,1.1695365510179287,0.011695365510179287,14
2021-12-31 19:00:00+00:00,2022-01-03 00:15:00+00:00,1,-0.319669539094026,-0.00319669539094026,10
2022-01-05 06:30:00+00:00,2022-01-05 06:30:00+00:00,1,-1.0,-0.01,1
2022-01-05 09:30:00+00:00,2022-01-05 13:15:00+00:00,1,-0.6563573096470245,-0.0065635730964702455,16
2022-01-05 13:30:00+00:00,2022-01-05 15:30:00+00:00,1,0.06966432131345142,0.0006966432131345142,9
2022-01-11 16:00:00+00:00,2022-01-12 01:00:00+00:00,1,1.3896495651969225,0.013896495651969225,33
2022-01-12 13:45:00+00:00,2022-01-12 14:00:00+00:00,1,-0.9999999999999822,-0.009999999999999823,2
2022-01-12 17:45:00+00:00,2022-01-12 23:30:00+00:00,1,-0.30758230390068597,-0.00307582303900686,20
2022-01-19 13:30:00+00:00,2022-01-19 23:00:00+00:00,1,4.371123417721501,0.04371123417721501,35
2022-01-20 01:30:00+00:00,2022-01-20 02:15:00+00:00,1,-1.0000000000000366,-0.010000000000000366,4
2022-01-25 15:00:00+00:00,2022-01-25 15:00:00+00:00,1,-1.0,-0.01,1
2022-01-27 06:45:00+00:00,2022-01-27 07:00:00+00:00,-1,-1.0000000000000338,-0.010000000000000338,2
2022-01-27 11:45:00+00:00,2022-01-27 12:00:00+00:00,-1,-1.0000000000000235,-0.010000000000000236,2
2022-01-27 13:00:00+00:00,2022-01-27 14:30:00+00:00,-1,-0.08617085731596144,-0.0008617085731596145,7
2022-01-28 09:15:00+00:00,2022-01-28 12:00:00+00:00,-1,1.285100872410045,0.01285100872410045,12
2022-02-02 06:45:00+00:00,2022-02-02 07:15:00+00:00,-1,-1.0,-0.01,3
2022-02-02 07:45:00+00:00,2022-02-02 08:15:00+00:00,-1,-1.0000000000000129,-0.010000000000000129,3
2022-02-03 14:45:00+00:00,2022-02-03 15:00:00+00:00,-1,-0.4431450871153626,-0.004431450871153626,2
2022-02-07 13:30:00+00:00,2022-02-07 13:45:00+00:00,1,-1.0000000000000209,-0.010000000000000208,2
2022-02-07 17:30:00+00:00,2022-02-08 00:00:00+00:00,1,0.4045775833052711,0.004045775833052711,23
2022-02-08 14:00:00+00:00,2022-02-08 14:30:00+00:00,1,-0.9999999999999712,-0.009999999999999712,3
2022-02-08 15:30:00+00:00,2022-02-08 21:00:00+00:00,1,-0.21438394699004715,-0.0021438394699004716,23
2022-02-09 13:15:00+00:00,2022-02-09 13:30:00+00:00,1,-0.9875188473781173,-0.009875188473781174,2
2022-02-09 16:45:00+00:00,2022-02-09 20:15:00+00:00,1,-0.17669494927860002,-0.0017669494927860002,15
2022-02-10 15:45:00+00:00,2022-02-10 19:15:00+00:00,1,-0.8708667103296646,-0.008708667103296645,15
2022-02-11 18:45:00+00:00,2022-02-14 01:00:00+00:00,1,1.2656644367664553,0.012656644367664553,22
2022-02-14 15:00:00+00:00,2022-02-15 02:15:00+00:00,1,0.6115438080052424,0.006115438080052425,42
2022-02-15 02:45:00+00:00,2022-02-15 07:30:00+00:00,1,-0.22543016995661924,-0.0022543016995661925,20
2022-02-16 14:45:00+00:00,2022-02-17 02:15:00+00:00,1,1.0739675198967715,0.010739675198967716,43
2022-02-17 04:00:00+00:00,2022-02-17 05:00:00+00:00,1,-0.999999999999971,-0.00999999999999971,5
2022-02-17 06:15:00+00:00,2022-02-17 12:00:00+00:00,1,1.4463268833045344,0.014463268833045344,24
2022-02-17 13:45:00+00:00,2022-02-17 14:00:00+00:00,1,-0.9999999999999805,-0.009999999999999804,2
2022-02-18 00:30:00+00:00,2022-02-18 00:45:00+00:00,1,-0.9999999999999751,-0.009999999999999752,2
2022-02-20 23:15:00+00:00,2022-02-21 00:45:00+00:00,1,-0.6902795066198274,-0.006902795066198274,7
2022-02-21 23:15:00+00:00,2022-02-22 01:00:00+00:00,1,-0.9999999999999807,-0.009999999999999808,8
2022-02-23 17:15:00+00:00,2022-02-23 20:15:00+00:00,1,-0.7923125204671149,-0.00792312520467115,13
2022-02-24 01:00:00+00:00,2022-02-24 04:45:00+00:00,1,5.502382797365513,0.05502382797365513,16
2022-02-24 10:00:00+00:00,2022-02-24 12:15:00+00:00,1,0.42395351723711805,0.004239535172371181,10
2022-03-01 10:30:00+00:00,2022-03-01 12:45:00+00:00,1,-0.519072968060239,-0.005190729680602389,10
2022-03-01 16:45:00+00:00,2022-03-02 00:00:00+00:00,1,0.9264387679528535,0.009264387679528535,26
2022-03-03 11:45:00+00:00,2022-03-03 12:45:00+00:00,1,-1.0000000000000147,-0.010000000000000146,5
2022-03-03 20:30:00+00:00,2022-03-03 23:45:00+00:00,1,-0.7836989247311671,-0.00783698924731167,10
2022-03-04 00:30:00+00:00,2022-03-04 01:00:00+00:00,1,-0.045892713694934924,-0.00045892713694934925,3
2022-03-04 14:45:00+00:00,2022-03-04 15:00:00+00:00,1,-0.9999999999999878,-0.009999999999999879,2
2022-03-04 16:15:00+00:00,2022-03-07 03:00:00+00:00,1,2.376487778958574,0.02376487778958574,40
2022-03-08 06:45:00+00:00,2022-03-08 08:15:00+00:00,1,-0.19964594807235952,-0.0019964594807235954,7
2022-03-08 14:45:00+00:00,2022-03-08 17:15:00+00:00,1,0.6290985959601322,0.006290985959601322,11
2022-03-15 00:15:00+00:00,2022-03-15 07:15:00+00:00,-1,3.0962293000980603,0.030962293000980603,29
2022-03-15 11:00:00+00:00,2022-03-15 15:45:00+00:00,-1,-0.3792220431737673,-0.0037922204317376727,20
2022-03-18 19:15:00+00:00,2022-03-20 22:00:00+00:00,-1,-0.9324420046042398,-0.009324420046042397,8
2022-03-22 14:15:00+00:00,2022-03-22 16:15:00+00:00,-1,-0.9999999999999918,-0.009999999999999919,9
2022-03-24 11:45:00+00:00,2022-03-24 12:15:00+00:00,1,-0.6204909086068896,-0.006204909086068897,3
2022-03-24 14:30:00+00:00,2022-03-24 20:30:00+00:00,1,-0.006068076875909882,-6.068076875909883e-05,25
2022-03-28 19:30:00+00:00,2022-03-28 23:45:00+00:00,-1,-0.39606153253569704,-0.00396061532535697,14
2022-03-29 08:30:00+00:00,2022-03-29 13:45:00+00:00,-1,2.5815083947176176,0.025815083947176177,22
2022-04-04 04:15:00+00:00,2022-04-04 05:30:00+00:00,-1,-0.7199686590552945,-0.007199686590552945,6
2022-04-05 16:00:00+00:00,2022-04-05 19:45:00+00:00,-1,-0.3101225352664064,-0.0031012253526640637,16
2022-04-08 12:15:00+00:00,2022-04-08 12:30:00+00:00,1,-1.0000000000000162,-0.010000000000000162,2
2022-04-08 13:45:00+00:00,2022-04-08 18:30:00+00:00,1,0.45176153460382135,0.004517615346038214,20
2022-04-10 22:15:00+00:00,2022-04-10 23:15:00+00:00,1,-0.9999999999999822,-0.009999999999999823,5
2022-04-11 08:30:00+00:00,2022-04-11 13:00:00+00:00,1,1.1591689861832115,0.011591689861832115,19
2022-04-12 13:00:00+00:00,2022-04-12 13:45:00+00:00,1,-1.0000000000000082,-0.010000000000000082,4
2022-04-12 15:00:00+00:00,2022-04-12 18:30:00+00:00,1,-0.5825109321608375,-0.005825109321608375,15
2022-04-13 12:15:00+00:00,2022-04-13 12:15:00+00:00,1,-0.9999999999999867,-0.009999999999999867,1
2022-04-13 16:00:00+00:00,2022-04-13 18:45:00+00:00,1,-0.7368950150274547,-0.007368950150274547,12
2022-04-17 23:45:00+00:00,2022-04-18 10:30:00+00:00,1,1.4685713210954587,0.014685713210954588,44
2022-04-18 12:45:00+00:00,2022-04-18 13:00:00+00:00,1,-1.0,-0.01,2
2022-04-21 11:15:00+00:00,2022-04-21 12:30:00+00:00,-1,-0.9999999999999942,-0.009999999999999943,6
2022-04-22 10:30:00+00:00,2022-04-22 12:30:00+00:00,-1,-1.0000000000000049,-0.010000000000000049,9
2022-04-22 15:15:00+00:00,2022-04-22 15:45:00+00:00,-1,-1.0000000000000093,-0.010000000000000094,3
2022-04-25 02:15:00+00:00,2022-04-25 07:15:00+00:00,-1,0.7501414168302273,0.007501414168302273,21
2022-04-25 10:45:00+00:00,2022-04-25 18:30:00+00:00,-1,1.820357436318851,0.01820357436318851,32
2022-04-27 08:15:00+00:00,2022-04-27 09:30:00+00:00,-1,-1.0000000000000095,-0.010000000000000096,6
2022-04-27 13:45:00+00:00,2022-04-27 17:30:00+00:00,-1,-0.5725980670835764,-0.005725980670835764,16
2022-04-28 02:15:00+00:00,2022-04-28 06:45:00+00:00,-1,0.42667990111618154,0.004266799011161815,19
2022-05-02 01:00:00+00:00,2022-05-02 15:30:00+00:00,-1,5.191281394976749,0.05191281394976749,59
2022-05-03 07:15:00+00:00,2022-05-03 07:15:00+00:00,-1,-0.9999999999999934,-0.009999999999999934,1
2022-05-03 08:45:00+00:00,2022-05-03 09:30:00+00:00,-1,-1.0,-0.01,4
2022-05-06 01:15:00+00:00,2022-05-06 02:30:00+00:00,-1,-0.5349732262383294,-0.005349732262383294,6
2022-05-09 05:15:00+00:00,2022-05-09 12:15:00+00:00,-1,1.9321609988754676,0.019321609988754675,29
2022-05-09 18:45:00+00:00,2022-05-10 00:30:00+00:00,-1,-0.14595656026249168,-0.0014595656026249169,20
2022-05-10 15:00:00+00:00,2022-05-11 01:45:00+00:00,-1,1.6327202605104572,0.016327202605104573,40
2022-05-12 16:00:00+00:00,2022-05-12 22:45:00+00:00,-1,1.9457063257948422,0.019457063257948423,24
2022-05-13 13:00:00+00:00,2022-05-13 14:00:00+00:00,-1,-0.11769090789502429,-0.001176909078950243,5
2022-05-16 07:45:00+00:00,2022-05-16 08:00:00+00:00,-1,-0.5589179699230896,-0.005589179699230896,2
2022-05-17 20:30:00+00:00,2022-05-18 00:30:00+00:00,-1,-0.7984541035496513,-0.007984541035496513,13
2022-05-18 01:45:00+00:00,2022-05-18 06:00:00+00:00,-1,-0.025952538526970007,-0.0002595253852697001,18
2022-05-23 00:45:00+00:00,2022-05-23 06:00:00+00:00,1,0.6961701180138673,0.006961701180138673,22
2022-05-23 08:30:00+00:00,2022-05-23 12:30:00+00:00,1,-0.23023477409277934,-0.0023023477409277937,17
2022-05-24 14:00:00+00:00,2022-05-24 14:15:00+00:00,1,-0.9999999999999944,-0.009999999999999945,2
2022-05-24 16:00:00+00:00,2022-05-24 18:45:00+00:00,1,-0.7350602361735366,-0.007350602361735366,12
2022-05-27 02:00:00+00:00,2022-05-27 02:30:00+00:00,1,-0.9999999999999704,-0.009999999999999704,3
2022-05-27 07:30:00+00:00,2022-05-27 12:30:00+00:00,1,-0.34422527599782793,-0.0034422527599782793,21
2022-05-30 05:15:00+00:00,2022-05-30 07:00:00+00:00,1,-0.9557964011228434,-0.009557964011228434,8
2022-05-31 20:00:00+00:00,2022-06-01 02:45:00+00:00,-1,-0.2959376241557685,-0.0029593762415576854,24
2022-06-01 05:15:00+00:00,2022-06-01 06:15:00+00:00,-1,-0.9809702436145661,-0.009809702436145661,5
2022-06-01 09:15:00+00:00,2022-06-01 12:15:00+00:00,-1,-0.9935111062539163,-0.009935111062539163,13
2022-06-02 13:15:00+00:00,2022-06-03 00:00:00+00:00,1,1.5828305313104825,0.015828305313104824,40
2022-06-03 00:45:00+00:00,2022-06-03 02:30:00+00:00,1,-0.5599568937365086,-0.005599568937365086,8
2022-06-06 22:15:00+00:00,2022-06-07 01:30:00+00:00,-1,-0.09910895732380387,-0.0009910895732380388,14
2022-06-08 15:15:00+00:00,2022-06-08 17:15:00+00:00,1,-0.659626137225146,-0.00659626137225146,9
2022-06-10 11:45:00+00:00,2022-06-10 12:30:00+00:00,-1,-0.5755408941801129,-0.005755408941801129,4
2022-06-12 22:15:00+00:00,2022-06-13 00:00:00+00:00,1,-0.9999999999999853,-0.009999999999999854,8
2022-06-13 22:15:00+00:00,2022-06-14 00:00:00+00:00,-1,-1.0,-0.01,8
2022-06-14 18:45:00+00:00,2022-06-14 23:30:00+00:00,-1,-0.2768344873178032,-0.002768344873178032,16
2022-06-21 19:30:00+00:00,2022-06-21 20:15:00+00:00,-1,-0.8814385921221529,-0.008814385921221529,4
2022-06-22 00:15:00+00:00,2022-06-22 07:30:00+00:00,-1,-0.32076212924773295,-0.0032076212924773296,30
2022-06-23 11:15:00+00:00,2022-06-23 12:00:00+00:00,-1,-0.7662122624827336,-0.007662122624827336,4
2022-06-23 18:30:00+00:00,2022-06-24 02:30:00+00:00,-1,-0.47983471835368185,-0.004798347183536818,29
2022-06-28 23:45:00+00:00,2022-06-29 00:45:00+00:00,-1,-1.0000000000000413,-0.010000000000000413,5
2022-06-29 06:45:00+00:00,2022-06-29 07:00:00+00:00,-1,-0.9999999999999765,-0.009999999999999764,2
2022-06-30 09:45:00+00:00,2022-06-30 12:30:00+00:00,-1,0.3257392565980669,0.003257392565980669,12
2022-07-01 04:00:00+00:00,2022-07-01 13:00:00+00:00,-1,2.8034566458398835,0.028034566458398837,37
2022-07-05 08:15:00+00:00,2022-07-05 12:15:00+00:00,-1,0.04636586361780738,0.0004636586361780738,17
2022-07-05 13:15:00+00:00,2022-07-05 23:00:00+00:00,-1,4.244291757227329,0.042442917572273295,36
2022-07-06 06:00:00+00:00,2022-07-06 06:15:00+00:00,-1,-0.9999999999999913,-0.009999999999999913,2
2022-07-06 10:15:00+00:00,2022-07-06 12:45:00+00:00,-1,-0.999999999999988,-0.00999999999999988,11
2022-07-06 14:15:00+00:00,2022-07-06 19:15:00+00:00,-1,1.5380042066696222,0.015380042066696223,21
2022-07-08 07:45:00+00:00,2022-07-08 08:00:00+00:00,-1,-0.9999999999999852,-0.009999999999999853,2
2022-07-11 17:30:00+00:00,2022-07-11 23:00:00+00:00,-1,-0.13497796278156124,-0.0013497796278156124,19
2022-07-12 01:15:00+00:00,2022-07-12 01:15:00+00:00,-1,-0.9999999999999687,-0.009999999999999688,1
2022-07-13 12:45:00+00:00,2022-07-13 12:45:00+00:00,-1,-1.0000000000000158,-0.010000000000000158,1
2022-07-14 13:15:00+00:00,2022-07-14 15:30:00+00:00,-1,-0.6308535167010109,-0.0063085351670101085,10
2022-07-19 00:30:00+00:00,2022-07-19 03:30:00+00:00,-1,-1.0,-0.01,13
2022-07-20 06:15:00+00:00,2022-07-20 08:45:00+00:00,-1,-0.9999999999999757,-0.009999999999999757,11
2022-07-20 16:45:00+00:00,2022-07-21 06:00:00+00:00,-1,2.390126218245746,0.02390126218245746,50
2022-07-21 06:30:00+00:00,2022-07-21 07:15:00+00:00,-1,-0.5156377026445355,-0.005156377026445355,4
2022-07-21 09:15:00+00:00,2022-07-21 12:15:00+00:00,-1,-1.0,-0.01,13
2022-07-28 07:15:00+00:00,2022-07-28 07:15:00+00:00,1,-1.0000000000000107,-0.010000000000000106,1
2022-07-28 08:15:00+00:00,2022-07-28 09:45:00+00:00,1,-0.999999999999986,-0.00999999999999986,7
2022-07-28 13:30:00+00:00,2022-07-29 00:00:00+00:00,1,0.21005922551253167,0.002100592255125317,39
2022-07-29 03:15:00+00:00,2022-07-29 08:00:00+00:00,1,1.2724173976276139,0.012724173976276138,20
2022-08-01 09:45:00+00:00,2022-08-01 12:30:00+00:00,1,-0.5923674383868278,-0.005923674383868279,12
2022-08-02 00:45:00+00:00,2022-08-02 01:45:00+00:00,1,-0.9891646752117843,-0.009891646752117842,5
2022-08-02 12:30:00+00:00,2022-08-02 13:15:00+00:00,1,-0.9714761147434178,-0.009714761147434178,4
2022-08-04 05:30:00+00:00,2022-08-04 05:45:00+00:00,1,-1.000000000000025,-0.010000000000000252,2
2022-08-04 09:00:00+00:00,2022-08-04 12:45:00+00:00,1,1.2732016819342278,0.012732016819342279,16
2022-08-04 18:00:00+00:00,2022-08-04 22:15:00+00:00,1,-0.42264246731817123,-0.004226424673181712,14
2022-08-08 14:45:00+00:00,2022-08-09 01:00:00+00:00,1,-0.3168109752529826,-0.003168109752529826,38
2022-08-09 08:30:00+00:00,2022-08-09 12:15:00+00:00,1,-0.8685094738300599,-0.0086850947383006,16
2022-08-09 13:15:00+00:00,2022-08-09 14:45:00+00:00,1,-0.8028741791003348,-0.008028741791003349,7
2022-08-10 12:45:00+00:00,2022-08-10 12:45:00+00:00,1,-1.0000000000000107,-0.010000000000000106,1
2022-08-12 17:15:00+00:00,2022-08-14 23:45:00+00:00,1,-0.37115275558073585,-0.0037115275558073585,23
2022-08-17 11:30:00+00:00,2022-08-17 12:30:00+00:00,-1,-0.9040281830474816,-0.009040281830474816,5
2022-08-17 15:15:00+00:00,2022-08-17 18:00:00+00:00,-1,-0.423115287170593,-0.00423115287170593,12
2022-08-18 15:45:00+00:00,2022-08-18 19:00:00+00:00,-1,-0.3106855647006242,-0.003106855647006242,14
2022-08-19 04:15:00+00:00,2022-08-19 05:45:00+00:00,-1,-0.9650667779632818,-0.009650667779632818,7
2022-08-19 10:15:00+00:00,2022-08-19 11:45:00+00:00,-1,-0.9999999999999721,-0.009999999999999721,7
2022-08-19 14:45:00+00:00,2022-08-22 02:15:00+00:00,-1,-0.2231764283147641,-0.002231764283147641,43
2022-08-22 04:15:00+00:00,2022-08-22 09:45:00+00:00,-1,2.5931072671658546,0.025931072671658548,23
2022-08-22 11:45:00+00:00,2022-08-22 13:15:00+00:00,-1,-0.8774082602232537,-0.008774082602232537,7
2022-08-26 10:00:00+00:00,2022-08-26 12:30:00+00:00,-1,0.2569424964936799,0.002569424964936799,11
2022-08-26 15:15:00+00:00,2022-08-26 20:30:00+00:00,-1,-0.15793823835378126,-0.0015793823835378127,22
2022-08-29 01:15:00+00:00,2022-08-29 05:45:00+00:00,-1,1.2491356407176661,0.012491356407176663,19
2022-08-29 07:45:00+00:00,2022-08-29 09:00:00+00:00,-1,-1.0000000000000095,-0.010000000000000096,6
2022-08-30 14:30:00+00:00,2022-08-30 19:00:00+00:00,-1,0.04355067142258693,0.0004355067142258693,19
2022-08-31 07:15:00+00:00,2022-08-31 13:45:00+00:00,-1,1.1533777839515307,0.011533777839515306,27
2022-09-01 01:15:00+00:00,2022-09-01 05:15:00+00:00,-1,-0.17519523986611957,-0.0017519523986611956,17
2022-09-01 12:45:00+00:00,2022-09-01 12:45:00+00:00,-1,-1.0000000000000113,-0.010000000000000113,1
2022-09-01 14:15:00+00:00,2022-09-01 18:00:00+00:00,-1,-0.5913789143251057,-0.005913789143251057,16
2022-09-06 13:00:00+00:00,2022-09-06 13:45:00+00:00,-1,-0.9999999999999913,-0.009999999999999913,4
2022-09-06 14:15:00+00:00,2022-09-06 23:15:00+00:00,-1,0.41969379649024646,0.004196937964902465,33
2022-09-07 00:30:00+00:00,2022-09-07 01:15:00+00:00,-1,-0.8799524009519806,-0.008799524009519806,4
2022-09-12 12:00:00+00:00,2022-09-12 12:30:00+00:00,1,-0.6231445129930426,-0.006231445129930426,3
2022-09-12 16:00:00+00:00,2022-09-12 18:00:00+00:00,1,-0.9073080053677198,-0.009073080053677199,9
2022-09-14 18:15:00+00:00,2022-09-14 22:00:00+00:00,-1,-0.17586312018900754,-0.0017586312018900755,12
2022-09-15 03:00:00+00:00,2022-09-15 10:00:00+00:00,-1,1.025574697317234,0.01025574697317234,29
2022-09-15 11:15:00+00:00,2022-09-15 12:45:00+00:00,-1,-1.0000000000000155,-0.010000000000000156,7
2022-09-15 15:00:00+00:00,2022-09-15 22:00:00+00:00,-1,0.2854832101939853,0.002854832101939853,25
2022-09-16 06:45:00+00:00,2022-09-16 07:00:00+00:00,-1,-0.9999999999999745,-0.009999999999999745,2
2022-09-16 08:00:00+00:00,2022-09-16 08:45:00+00:00,-1,-1.0,-0.01,4
2022-09-21 18:15:00+00:00,2022-09-21 18:15:00+00:00,-1,-1.000000000000006,-0.010000000000000061,1
2022-09-23 09:45:00+00:00,2022-09-23 13:00:00+00:00,-1,1.092437336702199,0.010924373367021989,14
2022-09-23 19:00:00+00:00,2022-09-23 19:45:00+00:00,-1,-1.0000000000000142,-0.010000000000000142,4
2022-09-26 00:45:00+00:00,2022-09-26 01:00:00+00:00,-1,0.8051458429791114,0.008051458429791113,2
2022-09-26 17:15:00+00:00,2022-09-26 23:00:00+00:00,-1,-0.284376758016576,-0.00284376758016576,20
2022-09-28 01:30:00+00:00,2022-09-28 07:45:00+00:00,-1,1.1464319923371822,0.011464319923371822,26
2022-09-30 05:45:00+00:00,2022-09-30 09:45:00+00:00,1,0.32035766780993474,0.0032035766780993476,17
2022-10-03 14:15:00+00:00,2022-10-04 00:15:00+00:00,1,2.4384764755135295,0.024384764755135294,37
2022-10-04 06:00:00+00:00,2022-10-04 11:00:00+00:00,1,0.18359821166334325,0.0018359821166334326,21
2022-10-04 14:15:00+00:00,2022-10-04 23:30:00+00:00,1,1.3172692191418052,0.013172692191418051,34
2022-10-10 14:45:00+00:00,2022-10-10 23:00:00+00:00,-1,0.267935115851269,0.00267935115851269,30
2022-10-11 02:15:00+00:00,2022-10-11 02:30:00+00:00,-1,-1.0000000000000229,-0.01000000000000023,2
2022-10-11 10:15:00+00:00,2022-10-11 10:45:00+00:00,-1,-1.0000000000000113,-0.010000000000000113,3
2022-10-13 12:45:00+00:00,2022-10-13 15:15:00+00:00,-1,-0.6011396282414895,-0.006011396282414895,11
2022-10-14 16:00:00+00:00,2022-10-16 22:00:00+00:00,-1,-0.16796922701183287,-0.0016796922701183287,21
2022-10-19 06:30:00+00:00,2022-10-19 07:30:00+00:00,-1,-0.2148366388809187,-0.002148366388809187,5
2022-10-19 10:30:00+00:00,2022-10-20 00:15:00+00:00,-1,1.1827689598552644,0.011827689598552644,52
2022-10-20 01:15:00+00:00,2022-10-20 04:15:00+00:00,-1,-0.7321254794206233,-0.007321254794206234,13
2022-10-21 03:45:00+00:00,2022-10-21 07:15:00+00:00,-1,-0.5516640117105214,-0.005516640117105214,15
2022-10-25 09:00:00+00:00,2022-10-25 11:30:00+00:00,-1,-0.13915462709883217,-0.0013915462709883216,11
2022-10-26 06:15:00+00:00,2022-10-26 10:15:00+00:00,1,1.364899793224152,0.01364899793224152,17
2022-10-31 08:30:00+00:00,2022-10-31 11:00:00+00:00,-1,-0.9323884758364636,-0.009323884758364636,11
2022-10-31 13:30:00+00:00,2022-10-31 14:15:00+00:00,-1,-0.9999999999999931,-0.00999999999999993,4
2022-10-31 20:00:00+00:00,2022-11-01 00:30:00+00:00,-1,-0.5396367683513161,-0.005396367683513161,15
2022-11-02 18:15:00+00:00,2022-11-02 18:30:00+00:00,1,-0.9999999999999939,-0.00999999999999994,2
2022-11-02 23:15:00+00:00,2022-11-03 00:45:00+00:00,-1,-0.5056561294727697,-0.005056561294727697,7
2022-11-03 07:15:00+00:00,2022-11-03 14:00:00+00:00,-1,1.6712563364844124,0.016712563364844123,28
2022-11-04 18:30:00+00:00,2022-11-06 23:00:00+00:00,1,-0.17389464776811492,-0.0017389464776811493,11
2022-11-08 15:15:00+00:00,2022-11-08 23:00:00+00:00,1,1.7258602796036282,0.017258602796036283,28
2022-11-10 13:45:00+00:00,2022-11-11 00:45:00+00:00,1,2.2874142681283067,0.022874142681283068,41
2022-11-11 05:30:00+00:00,2022-11-11 06:30:00+00:00,1,-0.1259733237202601,-0.001259733237202601,5
2022-11-11 09:00:00+00:00,2022-11-11 10:45:00+00:00,1,-1.0000000000000044,-0.010000000000000045,8
2022-11-11 20:00:00+00:00,2022-11-13 23:00:00+00:00,1,-1.1081902656395008,-0.011081902656395009,9
2022-11-14 15:15:00+00:00,2022-11-14 16:15:00+00:00,1,-1.0,-0.01,5
2022-11-15 07:30:00+00:00,2022-11-15 08:30:00+00:00,1,0.22095059910034465,0.0022095059910034465,5
2022-11-23 04:15:00+00:00,2022-11-23 06:30:00+00:00,-1,-0.9009435931694079,-0.00900943593169408,10
2022-11-24 09:15:00+00:00,2022-11-24 17:30:00+00:00,1,-0.7519804753140626,-0.007519804753140627,34
2022-11-25 04:00:00+00:00,2022-11-25 05:30:00+00:00,1,-0.7236660003074904,-0.007236660003074904,7
2022-11-28 09:15:00+00:00,2022-11-28 12:30:00+00:00,1,-0.7334783260836943,-0.007334783260836943,14
2022-11-30 09:00:00+00:00,2022-11-30 13:30:00+00:00,1,-0.33650800181011087,-0.0033650800181011086,19
2022-11-30 19:45:00+00:00,2022-12-01 02:00:00+00:00,1,1.1744961319218286,0.011744961319218285,22
2022-12-01 05:45:00+00:00,2022-12-01 07:30:00+00:00,1,-0.995510792705604,-0.00995510792705604,8
2022-12-01 13:00:00+00:00,2022-12-02 00:15:00+00:00,1,4.23522515816899,0.0423522515816899,42
2022-12-05 01:30:00+00:00,2022-12-05 06:00:00+00:00,1,0.47622784914705707,0.004762278491470571,19
2022-12-07 14:45:00+00:00,2022-12-07 15:30:00+00:00,1,-0.9999999999999877,-0.009999999999999877,4
2022-12-07 18:45:00+00:00,2022-12-07 23:00:00+00:00,1,-0.4386986893095662,-0.0043869868930956615,14
2022-12-08 15:00:00+00:00,2022-12-08 19:00:00+00:00,1,-0.599810409823397,-0.005998104098233969,17
2022-12-09 01:15:00+00:00,2022-12-09 02:00:00+00:00,1,-1.0000000000000295,-0.010000000000000295,4
2022-12-09 04:15:00+00:00,2022-12-09 07:30:00+00:00,1,-0.6429005084616823,-0.006429005084616824,14
2022-12-09 11:30:00+00:00,2022-12-09 13:30:00+00:00,1,-0.3072864857183011,-0.003072864857183011,9
2022-12-09 16:45:00+00:00,2022-12-09 18:45:00+00:00,1,-0.8024809595475934,-0.008024809595475933,9
2022-12-13 13:45:00+00:00,2022-12-13 15:45:00+00:00,1,-0.0020342756251470807,-2.0342756251470808e-05,9
2022-12-19 08:30:00+00:00,2022-12-19 12:30:00+00:00,1,-0.9499338991001861,-0.009499338991001862,17
2022-12-20 08:45:00+00:00,2022-12-20 12:45:00+00:00,1,0.2775804141881745,0.002775804141881745,17
2022-12-20 15:00:00+00:00,2022-12-20 23:45:00+00:00,1,0.7620406951517954,0.007620406951517954,32
2022-12-21 15:45:00+00:00,2022-12-21 16:00:00+00:00,1,-1.0000000000000073,-0.010000000000000073,2
2022-12-27 09:30:00+00:00,2022-12-27 13:00:00+00:00,1,-0.30132624724689455,-0.0030132624724689455,15
2022-12-27 15:15:00+00:00,2022-12-27 16:15:00+00:00,1,1.1441617658488443,0.011441617658488444,5
2022-12-29 14:45:00+00:00,2022-12-29 20:30:00+00:00,1,-0.09396271497235643,-0.0009396271497235643,24
2022-12-30 07:15:00+00:00,2022-12-30 07:30:00+00:00,1,-0.9999999999999711,-0.009999999999999712,2
2023-01-02 23:15:00+00:00,2023-01-03 08:00:00+00:00,1,4.814944578927173,0.04814944578927174,36
2023-01-04 07:15:00+00:00,2023-01-04 12:15:00+00:00,1,2.203051953779744,0.02203051953779744,21
2023-01-06 14:00:00+00:00,2023-01-06 14:15:00+00:00,1,-0.9999999999999902,-0.009999999999999903,2
2023-01-06 15:15:00+00:00,2023-01-09 07:30:00+00:00,1,1.6132805280528177,0.016132805280528177,62
2023-01-11 05:45:00+00:00,2023-01-11 06:45:00+00:00,1,-0.9999999999999704,-0.009999999999999704,5
2023-01-12 12:30:00+00:00,2023-01-12 13:30:00+00:00,1,-0.9532946666085057,-0.009532946666085057,5
2023-01-12 13:45:00+00:00,2023-01-12 14:00:00+00:00,1,-0.42413697655104804,-0.004241369765510481,2
2023-01-13 08:15:00+00:00,2023-01-13 11:45:00+00:00,1,-0.1765268434243459,-0.001765268434243459,15
2023-01-13 15:00:00+00:00,2023-01-15 23:45:00+00:00,1,0.9034137260233835,0.009034137260233836,32
2023-01-16 02:00:00+00:00,2023-01-16 04:45:00+00:00,1,-0.4670773762482478,-0.004670773762482478,12
2023-01-18 12:15:00+00:00,2023-01-18 15:00:00+00:00,1,0.02606670117577143,0.0002606670117577143,12
2023-01-19 18:45:00+00:00,2023-01-20 00:45:00+00:00,1,1.18620371984168,0.0118620371984168,21
2023-01-20 08:15:00+00:00,2023-01-20 08:30:00+00:00,1,-1.0000000000000073,-0.010000000000000073,2
2023-01-24 02:00:00+00:00,2023-01-24 03:45:00+00:00,1,-1.00000000000003,-0.0100000000000003,8
2023-01-24 06:45:00+00:00,2023-01-24 09:15:00+00:00,1,-0.7803317766102482,-0.007803317766102482,11
2023-01-25 17:45:00+00:00,2023-01-26 01:00:00+00:00,1,0.7150996868682792,0.007150996868682792,26
2023-01-31 08:15:00+00:00,2023-01-31 12:45:00+00:00,-1,0.11310238860176268,0.0011310238860176268,19
2023-02-01 19:45:00+00:00,2023-02-02 05:00:00+00:00,1,1.665043942788265,0.016650439427882652,34
2023-02-02 07:15:00+00:00,2023-02-02 07:30:00+00:00,1,-0.9999999999999737,-0.009999999999999737,2
2023-02-03 10:30:00+00:00,2023-02-03 12:00:00+00:00,-1,-1.000000000000006,-0.010000000000000061,7
2023-02-03 13:45:00+00:00,2023-02-05 23:00:00+00:00,-1,2.6543572751887914,0.026543572751887914,34
2023-02-09 17:45:00+00:00,2023-02-10 01:00:00+00:00,-1,0.10168676297413323,0.0010168676297413323,26
2023-02-10 03:30:00+00:00,2023-02-10 05:45:00+00:00,-1,-0.08492845487644261,-0.0008492845487644261,10
2023-02-13 09:45:00+00:00,2023-02-13 11:00:00+00:00,-1,-1.0,-0.01,6
2023-02-13 16:15:00+00:00,2023-02-13 23:45:00+00:00,-1,-0.273950197788811,-0.0027395019778881104,27
2023-02-14 14:30:00+00:00,2023-02-14 15:00:00+00:00,-1,-0.999999999999994,-0.00999999999999994,3
2023-02-15 06:45:00+00:00,2023-02-15 13:45:00+00:00,-1,1.2703588608402248,0.012703588608402247,29
2023-02-15 15:45:00+00:00,2023-02-15 16:45:00+00:00,-1,-0.9999999999999849,-0.00999999999999985,5
2023-02-17 04:45:00+00:00,2023-02-17 06:00:00+00:00,-1,-0.5867060319021958,-0.0058670603190219585,6
2023-02-17 07:15:00+00:00,2023-02-17 07:30:00+00:00,-1,-0.9999999999999678,-0.009999999999999678,2
2023-02-17 08:15:00+00:00,2023-02-17 09:45:00+00:00,-1,-0.9553006957461248,-0.009553006957461248,7
2023-02-21 07:30:00+00:00,2023-02-21 13:30:00+00:00,-1,-0.050175469770364696,-0.000501754697703647,25
2023-02-22 19:15:00+00:00,2023-02-23 01:30:00+00:00,-1,0.4032586229169652,0.0040325862291696515,22
2023-02-23 13:45:00+00:00,2023-02-23 13:45:00+00:00,-1,-0.9999999999999932,-0.009999999999999933,1
2023-02-24 13:45:00+00:00,2023-02-24 20:15:00+00:00,-1,0.23430169374717508,0.0023430169374717507,27
2023-03-01 15:00:00+00:00,2023-03-01 15:00:00+00:00,1,-0.9999999999999944,-0.009999999999999945,1
2023-03-03 00:15:00+00:00,2023-03-03 05:15:00+00:00,1,-0.49711341486126237,-0.004971134148612623,21
2023-03-03 06:30:00+00:00,2023-03-03 14:15:00+00:00,1,0.7000621697233914,0.007000621697233914,32
2023-03-03 19:00:00+00:00,2023-03-06 00:00:00+00:00,1,0.47928487110167317,0.004792848711016732,17
2023-03-06 07:45:00+00:00,2023-03-06 08:15:00+00:00,1,-1.0,-0.01,3
2023-03-08 01:15:00+00:00,2023-03-08 01:30:00+00:00,-1,-0.9999999999999536,-0.009999999999999535,2
2023-03-08 03:00:00+00:00,2023-03-08 05:45:00+00:00,-1,-0.5795557827767235,-0.005795557827767235,12
2023-03-10 13:45:00+00:00,2023-03-12 22:15:00+00:00,1,7.485888592706633,0.07485888592706634,35
2023-03-13 12:30:00+00:00,2023-03-14 00:00:00+00:00,1,1.3855088057977474,0.013855088057977473,43
2023-03-15 11:45:00+00:00,2023-03-15 18:15:00+00:00,1,0.747578929690993,0.007475789296909931,27
2023-03-17 11:30:00+00:00,2023-03-20 00:15:00+00:00,1,8.044525937166421,0.08044525937166422,48
2023-03-20 07:15:00+00:00,2023-03-20 09:15:00+00:00,1,-0.25562900573803243,-0.0025562900573803246,9
2023-03-22 18:15:00+00:00,2023-03-22 19:00:00+00:00,1,0.8414896255269971,0.008414896255269972,4
2023-03-23 05:45:00+00:00,2023-03-23 07:45:00+00:00,1,-0.7171710590611392,-0.007171710590611392,9
2023-03-23 14:00:00+00:00,2023-03-23 19:00:00+00:00,1,0.8582530150880578,0.008582530150880579,21
2023-03-28 12:45:00+00:00,2023-03-28 13:00:00+00:00,1,-1.0000000000000069,-0.01000000000000007,2
2023-03-28 15:00:00+00:00,2023-03-29 00:00:00+00:00,1,0.3067865185694084,0.003067865185694084,33
2023-03-30 12:30:00+00:00,2023-03-30 12:30:00+00:00,1,-0.9999999999999916,-0.009999999999999915,1
2023-03-30 16:15:00+00:00,2023-03-30 22:15:00+00:00,1,0.2863794525231845,0.002863794525231845,21
2023-04-03 14:30:00+00:00,2023-04-03 18:45:00+00:00,1,-0.6548275498735503,-0.0065482754987355035,18
2023-04-04 13:45:00+00:00,2023-04-04 20:45:00+00:00,1,5.022288167697946,0.05022288167697946,29
2023-04-05 07:15:00+00:00,2023-04-05 08:45:00+00:00,1,-1.0000000000000335,-0.010000000000000335,7
2023-04-05 12:30:00+00:00,2023-04-05 13:15:00+00:00,1,-0.8628364205211697,-0.008628364205211698,4
2023-04-11 07:45:00+00:00,2023-04-11 11:15:00+00:00,1,-0.5896945173519405,-0.005896945173519404,15
2023-04-12 01:30:00+00:00,2023-04-12 06:15:00+00:00,1,2.4442709959413595,0.024442709959413597,20
2023-04-12 12:45:00+00:00,2023-04-12 13:30:00+00:00,1,-1.00000000000001,-0.0100000000000001,4
2023-04-13 12:45:00+00:00,2023-04-13 14:30:00+00:00,1,-0.12326210826207973,-0.0012326210826207973,8
2023-04-17 14:30:00+00:00,2023-04-17 17:00:00+00:00,-1,-0.3034109477124018,-0.003034109477124018,11
2023-04-19 06:30:00+00:00,2023-04-19 07:00:00+00:00,-1,-0.9999999999999927,-0.009999999999999927,3
2023-04-19 08:15:00+00:00,2023-04-19 12:30:00+00:00,-1,0.885006963924905,0.00885006963924905,18
2023-04-21 06:30:00+00:00,2023-04-21 08:00:00+00:00,-1,-0.029595284059571663,-0.0002959528405957166,7
2023-04-21 14:00:00+00:00,2023-04-21 14:15:00+00:00,-1,-1.000000000000003,-0.010000000000000031,2
2023-04-26 13:30:00+00:00,2023-04-26 14:00:00+00:00,1,-1.000000000000013,-0.010000000000000132,3
2023-04-27 13:30:00+00:00,2023-04-27 17:00:00+00:00,-1,-0.7479199324731919,-0.007479199324731919,15
2023-05-03 15:00:00+00:00,2023-05-03 18:15:00+00:00,1,0.3788397769923065,0.0037883977699230647,14
2023-05-03 22:00:00+00:00,2023-05-03 22:00:00+00:00,1,-1.0,-0.01,1
2023-05-03 22:15:00+00:00,2023-05-04 01:45:00+00:00,1,-0.17728915760295733,-0.0017728915760295734,15
2023-05-08 15:30:00+00:00,2023-05-08 18:00:00+00:00,1,-0.71313554105626,-0.0071313554105626,11
2023-05-09 10:30:00+00:00,2023-05-09 12:30:00+00:00,1,-0.34035187894793345,-0.0034035187894793347,9
2023-05-09 17:15:00+00:00,2023-05-09 22:00:00+00:00,1,-0.03978145560990168,-0.0003978145560990168,16
2023-05-10 12:45:00+00:00,2023-05-10 13:00:00+00:00,1,-1.0000000000000056,-0.010000000000000056,2
2023-05-12 09:45:00+00:00,2023-05-12 12:15:00+00:00,-1,-0.9936067143581214,-0.009936067143581214,11
2023-05-16 06:15:00+00:00,2023-05-16 07:30:00+00:00,-1,0.5163034917300371,0.005163034917300371,6
2023-05-16 15:15:00+00:00,2023-05-16 22:30:00+00:00,-1,1.1183725881120747,0.011183725881120748,26
2023-05-17 09:45:00+00:00,2023-05-17 10:15:00+00:00,-1,-1.000000000000009,-0.01000000000000009,3
2023-05-17 13:45:00+00:00,2023-05-17 14:15:00+00:00,-1,-0.6377315474493911,-0.006377315474493911,3
2023-05-18 08:00:00+00:00,2023-05-18 10:00:00+00:00,-1,-1.0000000000000153,-0.010000000000000153,9
2023-05-18 12:45:00+00:00,2023-05-18 19:30:00+00:00,-1,3.1945488079785953,0.03194548807978596,28
2023-05-23 01:00:00+00:00,2023-05-23 06:15:00+00:00,-1,1.3192113521626234,0.013192113521626234,22
2023-05-23 07:15:00+00:00,2023-05-23 12:00:00+00:00,-1,-0.4180904878134542,-0.0041809048781345426,20
2023-05-24 16:00:00+00:00,2023-05-25 06:30:00+00:00,-1,0.5255273331524762,0.005255273331524763,55
2023-05-25 12:45:00+00:00,2023-05-25 13:00:00+00:00,-1,-1.0000000000000155,-0.010000000000000156,2
2023-05-30 04:00:00+00:00,2023-05-30 07:00:00+00:00,-1,0.43206768281613633,0.004320676828161363,13
2023-06-01 15:15:00+00:00,2023-06-01 18:15:00+00:00,1,-0.19592716818398784,-0.0019592716818398782,13
2023-06-05 05:15:00+00:00,2023-06-05 09:30:00+00:00,-1,-0.058112005509924645,-0.0005811200550992464,18
2023-06-07 14:00:00+00:00,2023-06-07 14:00:00+00:00,1,-1.0,-0.01,1
2023-06-07 16:30:00+00:00,2023-06-07 23:30:00+00:00,-1,-0.12112920104993871,-0.001211292010499387,25
2023-06-13 15:30:00+00:00,2023-06-13 22:30:00+00:00,-1,0.09241387517106886,0.0009241387517106886,25
2023-06-15 01:00:00+00:00,2023-06-15 05:15:00+00:00,-1,0.9428335690711694,0.009428335690711694,18
2023-06-15 07:15:00+00:00,2023-06-15 09:15:00+00:00,-1,-0.9999999999999796,-0.009999999999999796,9
2023-06-15 12:00:00+00:00,2023-06-15 12:30:00+00:00,-1,-1.0000000000000226,-0.010000000000000227,3
2023-06-16 11:00:00+00:00,2023-06-16 12:45:00+00:00,1,-0.4808840340403522,-0.004808840340403522,8
2023-06-20 02:00:00+00:00,2023-06-20 02:15:00+00:00,-1,-1.000000000000012,-0.01000000000000012,2
2023-06-20 13:00:00+00:00,2023-06-20 17:30:00+00:00,-1,1.6688119787220481,0.01668811978722048,19
2023-06-21 12:30:00+00:00,2023-06-21 13:45:00+00:00,-1,0.03645517612984117,0.0003645517612984117,6
2023-06-22 14:30:00+00:00,2023-06-22 23:30:00+00:00,-1,0.1930978695203237,0.001930978695203237,33
2023-06-23 02:00:00+00:00,2023-06-23 04:30:00+00:00,-1,-0.8323587457057352,-0.008323587457057352,11
2023-06-27 11:30:00+00:00,2023-06-27 12:00:00+00:00,-1,-1.0,-0.01,3
2023-06-27 14:15:00+00:00,2023-06-27 19:30:00+00:00,-1,-0.011281387732000627,-0.00011281387732000627,22
2023-06-28 06:45:00+00:00,2023-06-28 13:30:00+00:00,-1,0.11736103730476938,0.0011736103730476937,28
2023-06-29 12:45:00+00:00,2023-06-29 14:00:00+00:00,-1,-0.3638503988962599,-0.0036385039889625993,6
2023-07-05 13:30:00+00:00,2023-07-05 13:30:00+00:00,1,-0.9999999999999764,-0.009999999999999764,1
2023-07-06 12:30:00+00:00,2023-07-06 13:30:00+00:00,-1,-0.4718439411315261,-0.004718439411315261,5
2023-07-11 04:45:00+00:00,2023-07-11 07:00:00+00:00,1,1.385981116584565,0.013859811165845651,10
2023-07-11 10:00:00+00:00,2023-07-11 12:15:00+00:00,1,-0.881545514803345,-0.00881545514803345,10
2023-07-12 01:45:00+00:00,2023-07-12 02:00:00+00:00,1,-0.9999999999999555,-0.009999999999999554,2
2023-07-12 02:30:00+00:00,2023-07-12 03:00:00+00:00,1,-1.0000000000000377,-0.010000000000000378,3
2023-07-12 12:45:00+00:00,2023-07-12 12:45:00+00:00,1,-0.9999999999999853,-0.009999999999999854,1
2023-07-12 13:30:00+00:00,2023-07-13 00:00:00+00:00,1,1.0090083067946638,0.010090083067946638,39
2023-07-13 02:30:00+00:00,2023-07-13 04:45:00+00:00,1,-0.7999939893009409,-0.007999939893009409,10
2023-07-13 06:30:00+00:00,2023-07-13 10:15:00+00:00,1,-0.816755760368617,-0.00816755760368617,16
2023-07-18 03:30:00+00:00,2023-07-18 06:15:00+00:00,1,-0.5802976889933429,-0.005802976889933429,12
2023-07-18 07:15:00+00:00,2023-07-18 11:30:00+00:00,1,1.1036367458482095,0.011036367458482094,18
2023-07-18 14:15:00+00:00,2023-07-18 17:45:00+00:00,1,-0.0883319405690908,-0.000883319405690908,15
2023-07-20 01:30:00+00:00,2023-07-20 05:15:00+00:00,1,0.8313201820940307,0.008313201820940306,16
2023-07-26 06:15:00+00:00,2023-07-26 13:00:00+00:00,1,1.180129240711021,0.011801292407110212,28
2023-07-26 18:45:00+00:00,2023-07-26 23:30:00+00:00,1,-0.6096699778729862,-0.0060966997787298615,16
2023-07-27 02:15:00+00:00,2023-07-27 03:45:00+00:00,1,-0.8637250121891265,-0.008637250121891265,7
2023-08-01 15:15:00+00:00,2023-08-01 19:15:00+00:00,-1,-0.2753204887922589,-0.002753204887922589,17
2023-08-02 14:15:00+00:00,2023-08-02 22:00:00+00:00,-1,0.7706212415360937,0.007706212415360937,28
2023-08-03 07:15:00+00:00,2023-08-03 07:30:00+00:00,-1,-1.0000000000000095,-0.010000000000000096,2
2023-08-08 08:00:00+00:00,2023-08-08 08:30:00+00:00,-1,-1.0000000000000113,-0.010000000000000113,3
2023-08-08 11:45:00+00:00,2023-08-08 14:30:00+00:00,-1,-0.0727107475573756,-0.000727107475573756,12
2023-08-09 15:00:00+00:00,2023-08-09 22:30:00+00:00,-1,0.136562514317138,0.00136562514317138,27
2023-08-10 20:45:00+00:00,2023-08-11 00:15:00+00:00,-1,-0.13662775616081635,-0.0013662775616081636,11
2023-08-14 00:30:00+00:00,2023-08-14 03:15:00+00:00,-1,-1.0,-0.01,12
2023-08-14 12:15:00+00:00,2023-08-14 12:45:00+00:00,-1,-0.28402788378364313,-0.002840278837836431,3
2023-08-14 13:30:00+00:00,2023-08-14 14:15:00+00:00,-1,-1.0,-0.01,4
2023-08-15 11:15:00+00:00,2023-08-15 12:30:00+00:00,-1,-0.9999999999999737,-0.009999999999999737,6
2023-08-16 17:30:00+00:00,2023-08-17 02:15:00+00:00,-1,1.277907121772702,0.01277907121772702,32
2023-08-17 16:00:00+00:00,2023-08-17 19:45:00+00:00,-1,-0.055172765783721815,-0.0005517276578372182,16
2023-08-21 01:45:00+00:00,2023-08-21 02:15:00+00:00,-1,-0.9376235015149004,-0.009376235015149004,3
2023-08-24 03:30:00+00:00,2023-08-24 10:00:00+00:00,1,-0.9999999999999695,-0.009999999999999695,27
2023-08-28 15:45:00+00:00,2023-08-28 16:45:00+00:00,1,-0.999999999999993,-0.00999999999999993,5
2023-08-29 14:15:00+00:00,2023-08-29 23:15:00+00:00,1,1.1975000000000366,0.011975000000000367,33
2023-08-30 09:30:00+00:00,2023-08-30 17:45:00+00:00,1,2.5818372861003214,0.025818372861003216,34
2023-09-01 12:45:00+00:00,2023-09-01 13:15:00+00:00,1,-0.4462301290676247,-0.004462301290676247,3
2023-09-06 07:30:00+00:00,2023-09-06 10:00:00+00:00,-1,-0.999999999999953,-0.00999999999999953,11
2023-09-06 13:15:00+00:00,2023-09-06 13:30:00+00:00,-1,-1.0000000000000342,-0.010000000000000342,2
2023-09-06 14:30:00+00:00,2023-09-06 22:00:00+00:00,-1,0.256461961503231,0.00256461961503231,27
2023-09-12 06:00:00+00:00,2023-09-12 14:30:00+00:00,-1,3.7198228562470126,0.037198228562470126,35
2023-09-14 12:45:00+00:00,2023-09-14 12:45:00+00:00,-1,-1.0000000000000306,-0.010000000000000307,1
2023-09-18 17:00:00+00:00,2023-09-19 00:30:00+00:00,1,0.4623498388514818,0.004623498388514818,27
2023-09-19 09:30:00+00:00,2023-09-19 12:30:00+00:00,1,-0.26659135837320136,-0.0026659135837320135,13
2023-09-20 13:45:00+00:00,2023-09-20 18:00:00+00:00,1,0.47559333445548707,0.004755933344554871,18
2023-09-25 14:30:00+00:00,2023-09-25 23:00:00+00:00,-1,-0.048603026775325596,-0.00048603026775325596,31
2023-09-26 01:00:00+00:00,2023-09-26 01:00:00+00:00,-1,-0.9999999999999257,-0.009999999999999258,1
2023-09-26 02:15:00+00:00,2023-09-26 05:15:00+00:00,-1,-1.0000000000000502,-0.010000000000000502,13
2023-09-26 06:30:00+00:00,2023-09-26 07:15:00+00:00,-1,-0.04122674710894945,-0.00041226747108949447,4
2023-09-26 12:45:00+00:00,2023-09-26 23:00:00+00:00,-1,2.146896580764734,0.02146896580764734,38
2023-09-27 04:15:00+00:00,2023-09-27 06:00:00+00:00,-1,-0.23087774294681065,-0.0023087774294681066,8
2023-09-27 09:45:00+00:00,2023-09-27 22:15:00+00:00,-1,7.480395760583368,0.07480395760583368,47
2023-09-28 13:00:00+00:00,2023-09-28 13:00:00+00:00,-1,-0.9999999999999907,-0.009999999999999907,1
2023-09-28 14:45:00+00:00,2023-09-28 18:45:00+00:00,-1,0.23855433244602248,0.0023855433244602247,17
2023-09-29 15:15:00+00:00,2023-10-02 06:00:00+00:00,-1,1.8032405319091422,0.01803240531909142,56
2023-10-02 09:15:00+00:00,2023-10-02 11:45:00+00:00,-1,0.016114578827007106,0.00016114578827007106,11
2023-10-02 14:15:00+00:00,2023-10-02 23:45:00+00:00,-1,0.5508720930232812,0.005508720930232813,35
2023-10-03 02:15:00+00:00,2023-10-03 04:00:00+00:00,-1,-0.16452010476042406,-0.0016452010476042406,8
2023-10-04 06:30:00+00:00,2023-10-04 07:30:00+00:00,-1,-1.000000000000034,-0.01000000000000034,5
2023-10-05 12:45:00+00:00,2023-10-05 13:15:00+00:00,-1,-0.9999999999999845,-0.009999999999999844,3
2023-10-06 12:45:00+00:00,2023-10-06 13:00:00+00:00,-1,-0.9999999999999769,-0.00999999999999977,2
2023-10-09 19:15:00+00:00,2023-10-10 00:15:00+00:00,1,0.5205482115085497,0.005205482115085497,17
2023-10-11 06:45:00+00:00,2023-10-11 12:30:00+00:00,1,3.0270597223991382,0.030270597223991384,24
2023-10-11 16:15:00+00:00,2023-10-12 00:00:00+00:00,1,-0.20870687132556182,-0.0020870687132556183,28
2023-10-12 01:45:00+00:00,2023-10-12 02:00:00+00:00,1,-1.000000000000034,-0.01000000000000034,2
2023-10-12 05:00:00+00:00,2023-10-12 07:45:00+00:00,1,0.06846460852216946,0.0006846460852216946,12
2023-10-12 11:45:00+00:00,2023-10-12 12:30:00+00:00,1,-0.999999999999988,-0.00999999999999988,4
2023-10-13 09:30:00+00:00,2023-10-13 13:15:00+00:00,1,5.399636869350191,0.05399636869350191,16
2023-10-13 15:00:00+00:00,2023-10-15 22:00:00+00:00,1,0.590728443505383,0.00590728443505383,25
2023-10-17 10:15:00+00:00,2023-10-17 12:30:00+00:00,1,-0.7681363990935345,-0.007681363990935345,10
2023-10-18 01:30:00+00:00,2023-10-18 02:45:00+00:00,1,-0.03509155181308785,-0.0003509155181308785,6
2023-10-18 09:45:00+00:00,2023-10-18 14:15:00+00:00,1,1.7366706914083432,0.017366706914083433,19
2023-10-19 15:45:00+00:00,2023-10-19 16:30:00+00:00,1,-1.0,-0.01,4
2023-10-19 17:00:00+00:00,2023-10-20 00:15:00+00:00,1,1.4493409874466123,0.014493409874466123,26
2023-10-20 08:30:00+00:00,2023-10-20 11:45:00+00:00,1,-0.8063840532350962,-0.008063840532350963,14
2023-10-20 14:00:00+00:00,2023-10-20 16:45:00+00:00,1,-0.33948531599301074,-0.0033948531599301075,12
2023-10-25 13:45:00+00:00,2023-10-25 14:00:00+00:00,1,-0.21096918960898992,-0.0021096918960898992,2
2023-10-26 04:15:00+00:00,2023-10-26 05:45:00+00:00,1,-0.6767369727046721,-0.006767369727046722,7
2023-10-26 08:00:00+00:00,2023-10-26 10:30:00+00:00,1,-0.6995831642627169,-0.0069958316426271695,11
2023-10-27 17:45:00+00:00,2023-10-29 22:15:00+00:00,1,0.6918005132104401,0.006918005132104402,15
2023-10-31 14:15:00+00:00,2023-10-31 14:45:00+00:00,1,-0.9999999999999944,-0.009999999999999945,3
2023-11-03 12:45:00+00:00,2023-11-03 13:00:00+00:00,1,-1.0000000000000198,-0.010000000000000198,2
2023-11-07 07:15:00+00:00,2023-11-07 13:30:00+00:00,-1,2.8265706017122167,0.028265706017122166,26
2023-11-08 15:15:00+00:00,2023-11-08 23:00:00+00:00,-1,1.593515673017825,0.01593515673017825,28
2023-11-09 08:15:00+00:00,2023-11-09 08:30:00+00:00,-1,-0.7651883901207727,-0.0076518839012077264,2
2023-11-10 15:00:00+00:00,2023-11-10 21:15:00+00:00,-1,0.8378263797101978,0.008378263797101979,26
2023-11-15 08:30:00+00:00,2023-11-15 13:30:00+00:00,1,-0.6643638973622281,-0.006643638973622281,21
2023-11-16 14:45:00+00:00,2023-11-16 20:00:00+00:00,1,0.6063040106359868,0.006063040106359868,22
2023-11-17 09:00:00+00:00,2023-11-17 11:30:00+00:00,1,-0.38032967481328434,-0.0038032967481328433,11
2023-11-21 01:00:00+00:00,2023-11-21 08:45:00+00:00,1,1.1768782485431206,0.011768782485431206,32
2023-11-21 13:30:00+00:00,2023-11-21 18:00:00+00:00,1,1.0613719025119883,0.010613719025119884,19
2023-11-24 13:30:00+00:00,2023-11-27 02:00:00+00:00,1,4.436924903532218,0.04436924903532218,33
2023-11-28 13:45:00+00:00,2023-11-29 02:15:00+00:00,1,7.211007714944476,0.07211007714944476,47
2023-12-01 09:30:00+00:00,2023-12-01 10:30:00+00:00,1,-0.9581636573185071,-0.009581636573185072,5
2023-12-01 16:15:00+00:00,2023-12-03 23:30:00+00:00,1,6.737707243270408,0.06737707243270408,26
2023-12-07 13:45:00+00:00,2023-12-07 14:15:00+00:00,1,-1.0,-0.01,3
2023-12-08 17:00:00+00:00,2023-12-08 20:00:00+00:00,-1,0.033302497687332164,0.00033302497687332167,13
2023-12-11 08:00:00+00:00,2023-12-11 08:15:00+00:00,-1,-1.0000000000000244,-0.010000000000000245,2
2023-12-11 14:45:00+00:00,2023-12-11 21:00:00+00:00,-1,1.6629162785282134,0.016629162785282134,26
2023-12-13 06:30:00+00:00,2023-12-13 07:00:00+00:00,-1,-1.000000000000037,-0.010000000000000371,3
2023-12-14 14:45:00+00:00,2023-12-14 15:30:00+00:00,1,-1.0000000000000042,-0.010000000000000042,4
2023-12-19 14:45:00+00:00,2023-12-19 18:00:00+00:00,1,0.024136909171734233,0.00024136909171734234,14
2023-12-21 13:45:00+00:00,2023-12-21 14:00:00+00:00,1,-1.0000000000000184,-0.010000000000000184,2
2023-12-21 23:15:00+00:00,2023-12-22 00:15:00+00:00,1,0.01915902207805639,0.0001915902207805639,5
2023-12-22 10:30:00+00:00,2023-12-22 13:00:00+00:00,1,0.8113738738738393,0.008113738738738394,11
2023-12-22 14:00:00+00:00,2023-12-22 15:45:00+00:00,1,-0.9999999999999915,-0.009999999999999915,8
2023-12-26 20:45:00+00:00,2023-12-27 00:00:00+00:00,1,-0.8165365040364898,-0.008165365040364898,10
2023-12-27 12:45:00+00:00,2023-12-27 12:45:00+00:00,1,-1.0,-0.01,1
2023-12-27 15:30:00+00:00,2023-12-27 19:00:00+00:00,1,-0.16479694312441967,-0.0016479694312441968,15
2023-12-28 02:00:00+00:00,2023-12-28 06:30:00+00:00,1,-0.8127268069844896,-0.008127268069844897,19
2024-01-02 06:30:00+00:00,2024-01-02 08:00:00+00:00,1,-1.0,-0.01,7
2024-01-02 09:45:00+00:00,2024-01-02 10:15:00+00:00,1,-1.000000000000015,-0.010000000000000151,3
2024-01-05 13:45:00+00:00,2024-01-05 13:45:00+00:00,-1,-0.9999999999999876,-0.009999999999999875,1
2024-01-08 11:30:00+00:00,2024-01-08 14:45:00+00:00,-1,-0.7411133823568229,-0.007411133823568229,14
2024-01-10 06:15:00+00:00,2024-01-10 07:15:00+00:00,-1,-1.0,-0.01,5
2024-01-10 19:15:00+00:00,2024-01-10 23:00:00+00:00,-1,-0.9754579099235141,-0.009754579099235142,12
2024-01-11 16:30:00+00:00,2024-01-11 19:15:00+00:00,-1,-0.44847513597513217,-0.004484751359751322,12
2024-01-17 05:15:00+00:00,2024-01-17 07:30:00+00:00,-1,-0.34535677705697876,-0.0034535677705697875,10
2024-01-17 15:00:00+00:00,2024-01-17 21:45:00+00:00,-1,0.7776855999852411,0.007776855999852411,28
2024-01-22 14:45:00+00:00,2024-01-22 15:00:00+00:00,-1,-0.9999999999999944,-0.009999999999999945,2
2024-01-24 15:45:00+00:00,2024-01-24 23:00:00+00:00,-1,0.2968248848751843,0.0029682488487518433,26
2024-01-30 07:45:00+00:00,2024-01-30 11:15:00+00:00,1,-0.9542177516836837,-0.009542177516836838,15
2024-01-30 14:15:00+00:00,2024-01-30 15:00:00+00:00,1,-0.42100804743749204,-0.00421008047437492,4
2024-01-31 14:45:00+00:00,2024-01-31 18:30:00+00:00,1,-0.41481083981757966,-0.004148108398175796,16
2024-02-01 16:15:00+00:00,2024-02-01 20:15:00+00:00,1,-0.6314452203812825,-0.006314452203812825,17
2024-02-05 13:30:00+00:00,2024-02-05 14:45:00+00:00,-1,-1.0,-0.01,6
2024-02-07 14:45:00+00:00,2024-02-07 15:15:00+00:00,1,-0.7936906205068678,-0.007936906205068678,3
2024-02-09 16:15:00+00:00,2024-02-09 19:15:00+00:00,-1,-0.6623071698845769,-0.00662307169884577,13
2024-02-12 14:00:00+00:00,2024-02-12 17:45:00+00:00,-1,-0.057589990092868644,-0.0005758999009286864,16
2024-02-13 13:45:00+00:00,2024-02-13 23:00:00+00:00,-1,3.248232342431392,0.03248232342431392,34
2024-02-14 08:15:00+00:00,2024-02-14 09:45:00+00:00,-1,-0.9813834055528828,-0.009813834055528829,7
2024-02-20 09:15:00+00:00,2024-02-20 14:30:00+00:00,1,1.1175019888625044,0.011175019888625045,22
2024-02-21 05:45:00+00:00,2024-02-21 06:45:00+00:00,1,-0.999999999999972,-0.009999999999999721,5
2024-02-22 08:15:00+00:00,2024-02-22 08:30:00+00:00,1,-0.9999999999999757,-0.009999999999999757,2
2024-02-23 16:00:00+00:00,2024-02-23 20:15:00+00:00,1,1.1999012020418394,0.011999012020418394,18
2024-02-27 08:30:00+00:00,2024-02-27 09:30:00+00:00,1,-0.7666549912434567,-0.007666549912434567,5
2024-02-29 13:45:00+00:00,2024-02-29 19:30:00+00:00,1,0.40385927902205937,0.0040385927902205935,24
2024-03-01 10:45:00+00:00,2024-03-01 13:15:00+00:00,1,-0.4401551891368051,-0.0044015518913680515,11
2024-03-01 15:30:00+00:00,2024-03-01 21:45:00+00:00,1,2.828423411384932,0.028284234113849317,26
2024-03-04 14:00:00+00:00,2024-03-04 21:45:00+00:00,1,5.328234903782252,0.05328234903782252,32
2024-03-05 08:30:00+00:00,2024-03-05 13:45:00+00:00,1,1.545897248599986,0.01545897248599986,22
2024-03-06 14:45:00+00:00,2024-03-06 15:00:00+00:00,1,-0.7751998539138429,-0.00775199853913843,2
2024-03-06 18:30:00+00:00,2024-03-06 19:00:00+00:00,1,-1.0000000000000138,-0.010000000000000137,3
2024-03-07 04:15:00+00:00,2024-03-07 06:00:00+00:00,1,-0.499855426753871,-0.0049985542675387105,8
2024-03-08 08:30:00+00:00,2024-03-08 13:00:00+00:00,1,-0.35294008256776954,-0.0035294008256776953,19
2024-03-08 13:45:00+00:00,2024-03-08 13:45:00+00:00,1,-1.0000000000000244,-0.010000000000000245,1
2024-03-08 17:15:00+00:00,2024-03-08 18:00:00+00:00,1,-0.9594554983643833,-0.009594554983643833,4
2024-03-13 15:30:00+00:00,2024-03-13 19:45:00+00:00,1,-0.18825738353796284,-0.0018825738353796286,18
2024-03-20 14:15:00+00:00,2024-03-20 14:45:00+00:00,1,-1.0000000000000306,-0.010000000000000307,3
2024-03-20 18:15:00+00:00,2024-03-21 00:30:00+00:00,1,3.9062993702853808,0.03906299370285381,22
2024-03-26 09:15:00+00:00,2024-03-26 12:45:00+00:00,1,1.200667880995691,0.01200667880995691,15
2024-03-28 05:45:00+00:00,2024-03-28 06:15:00+00:00,1,-0.7157500191233196,-0.007157500191233196,3
2024-03-28 10:30:00+00:00,2024-03-28 13:45:00+00:00,1,0.04637558798694509,0.0004637558798694509,14
2024-03-28 16:30:00+00:00,2024-04-01 07:45:00+00:00,1,4.160253423319227,0.04160253423319227,58
2024-04-02 09:30:00+00:00,2024-04-02 10:00:00+00:00,1,-0.8836564718732002,-0.008836564718732003,3
2024-04-02 14:15:00+00:00,2024-04-02 14:45:00+00:00,1,-0.9349235156857623,-0.009349235156857623,3
2024-04-02 20:00:00+00:00,2024-04-02 23:45:00+00:00,1,0.19747915879116867,0.001974791587911687,12
2024-04-03 16:30:00+00:00,2024-04-03 23:45:00+00:00,1,0.4347409815840804,0.004347409815840805,26
2024-04-05 14:30:00+00:00,2024-04-05 19:15:00+00:00,1,0.7148759436717339,0.0071487594367173396,20
2024-04-08 02:45:00+00:00,2024-04-08 06:15:00+00:00,1,-0.924461055140283,-0.00924461055140283,15
2024-04-09 07:15:00+00:00,2024-04-09 11:00:00+00:00,1,-0.11216425409407116,-0.0011216425409407117,16
2024-04-11 16:45:00+00:00,2024-04-12 03:45:00+00:00,1,3.7603957300461106,0.03760395730046111,41
2024-04-12 07:15:00+00:00,2024-04-12 11:30:00+00:00,1,-1.0,-0.01,18
2024-04-12 13:45:00+00:00,2024-04-12 15:15:00+00:00,1,0.6544244535344385,0.0065442445353443846,7
2024-04-15 19:00:00+00:00,2024-04-16 00:00:00+00:00,1,0.4938365406824694,0.004938365406824694,17
2024-04-16 17:00:00+00:00,2024-04-16 17:45:00+00:00,1,-1.0000000000000082,-0.010000000000000082,4
2024-04-19 01:30:00+00:00,2024-04-19 02:30:00+00:00,1,0.7902612040617585,0.007902612040617586,5
2024-04-23 01:45:00+00:00,2024-04-23 02:00:00+00:00,-1,-0.6610040928556885,-0.006610040928556885,2
2024-04-23 09:30:00+00:00,2024-04-23 10:45:00+00:00,-1,-1.0000000000000133,-0.010000000000000134,6
2024-04-25 03:15:00+00:00,2024-04-25 03:45:00+00:00,-1,-1.0000000000000304,-0.010000000000000304,3
2024-04-30 05:30:00+00:00,2024-04-30 13:45:00+00:00,-1,2.4180597962451786,0.024180597962451787,34
2024-04-30 14:15:00+00:00,2024-05-01 05:30:00+00:00,-1,1.3825948192681732,0.013825948192681733,58
2024-05-02 13:15:00+00:00,2024-05-02 14:15:00+00:00,-1,-1.000000000000014,-0.01000000000000014,5
2024-05-08 08:00:00+00:00,2024-05-08 09:30:00+00:00,-1,-0.9999999999999724,-0.009999999999999724,7
2024-05-09 19:45:00+00:00,2024-05-10 01:45:00+00:00,1,1.643140482487036,0.01643140482487036,21
2024-05-10 05:45:00+00:00,2024-05-10 12:15:00+00:00,1,2.6985383869048754,0.026985383869048755,27
2024-05-14 14:00:00+00:00,2024-05-14 23:45:00+00:00,1,0.21588723596621273,0.0021588723596621274,36
2024-05-15 03:45:00+00:00,2024-05-15 04:45:00+00:00,1,-0.9999999999999809,-0.00999999999999981,5
2024-05-15 07:15:00+00:00,2024-05-15 10:45:00+00:00,1,1.1306232959710178,0.011306232959710179,15
2024-05-15 12:45:00+00:00,2024-05-15 13:15:00+00:00,1,-1.0000000000000258,-0.010000000000000257,3
2024-05-15 15:15:00+00:00,2024-05-16 01:45:00+00:00,1,0.6107189995226016,0.006107189995226016,39
2024-05-17 11:30:00+00:00,2024-05-20 06:15:00+00:00,1,9.325359931998504,0.09325359931998504,72
2024-05-23 14:30:00+00:00,2024-05-23 23:30:00+00:00,-1,1.5060348985320577,0.015060348985320578,33
2024-05-24 02:30:00+00:00,2024-05-24 04:00:00+00:00,-1,-1.0000000000000113,-0.010000000000000113,7
2024-05-29 13:00:00+00:00,2024-05-29 13:00:00+00:00,-1,-0.9999999999999802,-0.009999999999999802,1
2024-05-30 01:45:00+00:00,2024-05-30 04:00:00+00:00,-1,-0.6846467917357103,-0.006846467917357103,10
2024-05-30 05:45:00+00:00,2024-05-30 06:45:00+00:00,-1,-0.7025482982922144,-0.007025482982922144,5
2024-05-31 14:45:00+00:00,2024-05-31 20:30:00+00:00,-1,0.5905672263505573,0.005905672263505572,24
2024-06-03 05:45:00+00:00,2024-06-03 05:45:00+00:00,-1,-1.000000000000037,-0.010000000000000371,1
2024-06-04 11:30:00+00:00,2024-06-04 12:15:00+00:00,-1,-1.0,-0.01,4
2024-06-04 14:00:00+00:00,2024-06-04 17:45:00+00:00,-1,-0.5647254972014129,-0.005647254972014129,16
2024-06-06 03:00:00+00:00,2024-06-06 04:00:00+00:00,1,-1.0,-0.01,5
2024-06-06 15:45:00+00:00,2024-06-07 01:00:00+00:00,1,-0.1988624691864875,-0.001988624691864875,34
2024-06-07 04:00:00+00:00,2024-06-07 05:45:00+00:00,1,-0.27878266175603245,-0.0027878266175603247,8
2024-06-07 19:30:00+00:00,2024-06-09 22:45:00+00:00,-1,-0.28157186680605967,-0.002815718668060597,10
2024-06-13 11:45:00+00:00,2024-06-13 12:30:00+00:00,-1,-0.9999999999999772,-0.009999999999999773,4
2024-06-13 16:00:00+00:00,2024-06-13 19:15:00+00:00,-1,-0.33430169711384394,-0.0033430169711384395,14
2024-06-18 10:45:00+00:00,2024-06-18 11:45:00+00:00,-1,-1.0000000000000138,-0.010000000000000137,5
2024-06-19 08:15:00+00:00,2024-06-19 09:00:00+00:00,1,-1.0,-0.01,4
2024-06-20 01:45:00+00:00,2024-06-20 02:30:00+00:00,1,-1.0,-0.01,4
2024-06-20 04:45:00+00:00,2024-06-20 07:45:00+00:00,1,-0.07219048197901307,-0.0007219048197901306,13
2024-06-20 14:00:00+00:00,2024-06-20 19:30:00+00:00,1,1.0880932812820958,0.010880932812820958,23
2024-06-21 08:30:00+00:00,2024-06-21 10:00:00+00:00,1,-1.0000000000000118,-0.010000000000000118,7
2024-06-25 13:45:00+00:00,2024-06-25 14:15:00+00:00,-1,-1.00000000000001,-0.0100000000000001,3
2024-06-26 01:45:00+00:00,2024-06-26 02:15:00+00:00,-1,-0.851281911113572,-0.00851281911113572,3
2024-06-26 10:30:00+00:00,2024-06-26 11:45:00+00:00,-1,-0.8007193008298018,-0.008007193008298018,6
2024-06-26 13:15:00+00:00,2024-06-26 19:45:00+00:00,-1,0.6377401384863202,0.006377401384863202,27
2024-06-28 10:30:00+00:00,2024-06-28 13:15:00+00:00,1,-0.6605709052051995,-0.006605709052051995,12
2024-07-02 14:00:00+00:00,2024-07-02 14:00:00+00:00,1,-1.0000000000000093,-0.010000000000000094,1
2024-07-03 06:45:00+00:00,2024-07-03 18:15:00+00:00,1,5.231001950559418,0.05231001950559418,47
2024-07-05 05:00:00+00:00,2024-07-05 10:00:00+00:00,1,-0.5452346927558891,-0.005452346927558891,21
2024-07-05 12:45:00+00:00,2024-07-07 22:30:00+00:00,1,1.6034773715162143,0.016034773715162143,36
2024-07-10 07:00:00+00:00,2024-07-10 14:15:00+00:00,1,1.8042286929493945,0.018042286929493945,30
2024-07-11 12:45:00+00:00,2024-07-11 13:30:00+00:00,1,-1.0000000000000158,-0.010000000000000158,4
2024-07-11 15:00:00+00:00,2024-07-11 19:30:00+00:00,1,-0.1289489031448059,-0.001289489031448059,19
2024-07-15 14:15:00+00:00,2024-07-15 17:00:00+00:00,1,0.5705280707340622,0.005705280707340622,12
2024-07-16 09:45:00+00:00,2024-07-16 12:30:00+00:00,1,-1.0000000000000104,-0.010000000000000104,12
2024-07-16 13:45:00+00:00,2024-07-17 02:30:00+00:00,1,2.932203256756147,0.029322032567561468,48
2024-07-17 14:00:00+00:00,2024-07-17 14:00:00+00:00,1,-1.0,-0.01,1
2024-07-22 12:45:00+00:00,2024-07-22 17:15:00+00:00,-1,-0.20323880211953652,-0.0020323880211953653,19
2024-07-25 01:30:00+00:00,2024-07-25 06:00:00+00:00,-1,1.4096629827289582,0.014096629827289582,19
2024-07-25 12:15:00+00:00,2024-07-25 12:15:00+00:00,-1,-0.9999999999999918,-0.009999999999999919,1
2024-07-25 14:15:00+00:00,2024-07-25 20:30:00+00:00,-1,-0.21773109949401798,-0.0021773109949401797,26
2024-07-29 15:15:00+00:00,2024-07-29 17:15:00+00:00,-1,-0.5921280410522191,-0.005921280410522191,9
2024-07-31 03:15:00+00:00,2024-07-31 07:30:00+00:00,1,0.1340044646690129,0.0013400446466901288,18
2024-07-31 14:00:00+00:00,2024-07-31 14:45:00+00:00,1,-1.0000000000000102,-0.010000000000000103,4
2024-07-31 18:45:00+00:00,2024-08-01 00:30:00+00:00,1,2.0215550593594065,0.020215550593594065,20
2024-08-01 01:15:00+00:00,2024-08-01 01:45:00+00:00,1,-0.33298065796004184,-0.0033298065796004183,3
2024-08-02 06:00:00+00:00,2024-08-02 11:15:00+00:00,1,-0.8771839170112417,-0.008771839170112417,22
2024-08-02 12:45:00+00:00,2024-08-02 13:00:00+00:00,1,-0.8401783897443008,-0.008401783897443008,2
2024-08-06 15:15:00+00:00,2024-08-06 18:15:00+00:00,-1,-0.5728543010545056,-0.005728543010545056,13
2024-08-07 01:30:00+00:00,2024-08-07 02:30:00+00:00,-1,-1.0000000000000198,-0.010000000000000198,5
2024-08-09 10:45:00+00:00,2024-08-09 12:15:00+00:00,1,-0.8929103817681346,-0.008929103817681347,7
2024-08-12 07:15:00+00:00,2024-08-12 14:00:00+00:00,1,2.2869022226343527,0.022869022226343527,28
2024-08-12 15:15:00+00:00,2024-08-13 00:30:00+00:00,1,1.5695654415176206,0.015695654415176206,34
2024-08-14 08:45:00+00:00,2024-08-14 09:30:00+00:00,1,-0.9999999999999889,-0.00999999999999989,4
2024-08-16 12:00:00+00:00,2024-08-16 14:15:00+00:00,1,1.8677124444223208,0.018677124444223207,10
2024-08-16 18:45:00+00:00,2024-08-19 00:30:00+00:00,1,-0.3555368997992503,-0.003555368997992503,20
2024-08-20 07:45:00+00:00,2024-08-20 13:30:00+00:00,1,0.9617095777549314,0.009617095777549314,24
2024-08-23 14:15:00+00:00,2024-08-23 14:15:00+00:00,1,-1.0,-0.01,1
2024-08-26 07:45:00+00:00,2024-08-26 13:45:00+00:00,1,-0.1886792452828895,-0.0018867924528288952,25
2024-08-27 18:30:00+00:00,2024-08-27 23:30:00+00:00,1,0.16203111807985748,0.0016203111807985748,17
2024-08-29 06:00:00+00:00,2024-08-29 12:15:00+00:00,1,-0.5692612587986394,-0.0056926125879863945,26
2024-09-03 12:00:00+00:00,2024-09-03 12:00:00+00:00,-1,-1.0000000000000286,-0.010000000000000286,1
2024-09-03 13:45:00+00:00,2024-09-03 17:15:00+00:00,-1,-0.5007460653932438,-0.005007460653932439,15
2024-09-06 12:45:00+00:00,2024-09-06 13:00:00+00:00,1,-1.000000000000017,-0.010000000000000172,2
2024-09-10 10:30:00+00:00,2024-09-10 13:45:00+00:00,1,-0.03052116325938942,-0.0003052116325938942,14
2024-09-10 15:45:00+00:00,2024-09-11 01:00:00+00:00,1,-0.015330188679208998,-0.00015330188679208998,34
2024-09-11 01:45:00+00:00,2024-09-11 03:00:00+00:00,1,-0.9912087417932939,-0.009912087417932938,6
2024-09-11 06:15:00+00:00,2024-09-11 07:45:00+00:00,1,-0.5224256382230428,-0.005224256382230428,7
2024-09-12 12:45:00+00:00,2024-09-12 13:00:00+00:00,1,-0.5323122698861519,-0.005323122698861519,2
2024-09-12 13:15:00+00:00,2024-09-13 00:45:00+00:00,1,1.9473613885059513,0.019473613885059513,43
2024-09-13 13:00:00+00:00,2024-09-13 14:00:00+00:00,1,-0.4348801145175212,-0.0043488011451752115,5
2024-09-18 18:15:00+00:00,2024-09-18 18:30:00+00:00,1,-0.6782633335432376,-0.006782633335432377,2
2024-09-20 06:15:00+00:00,2024-09-20 09:45:00+00:00,1,1.4712178189181764,0.014712178189181763,15
2024-09-20 11:00:00+00:00,2024-09-20 13:00:00+00:00,1,-0.5685157492463749,-0.005685157492463749,9
2024-09-20 15:45:00+00:00,2024-09-22 23:00:00+00:00,1,-0.17755978639424302,-0.0017755978639424303,26
2024-09-23 03:15:00+00:00,2024-09-23 07:00:00+00:00,1,-0.7509811170514518,-0.007509811170514518,16
2024-09-23 14:00:00+00:00,2024-09-23 18:00:00+00:00,1,-0.7312541011313622,-0.0073125410113136224,17
2024-09-24 04:45:00+00:00,2024-09-24 05:30:00+00:00,1,-0.7202669333917993,-0.007202669333917992,4
2024-09-24 14:45:00+00:00,2024-09-24 23:00:00+00:00,1,1.7556193492061523,0.017556193492061525,30
2024-09-25 02:30:00+00:00,2024-09-25 03:15:00+00:00,1,-0.7693467208298181,-0.0076934672082981815,4
2024-09-26 08:30:00+00:00,2024-09-26 12:00:00+00:00,1,1.0590046562859514,0.010590046562859515,15
2024-10-01 11:15:00+00:00,2024-10-01 11:30:00+00:00,1,-0.9999999999999714,-0.009999999999999714,2
2024-10-01 12:15:00+00:00,2024-10-01 13:00:00+00:00,1,-0.9999999999999749,-0.009999999999999749,4
2024-10-01 13:45:00+00:00,2024-10-01 14:15:00+00:00,1,-0.5653228357526674,-0.005653228357526674,3
2024-10-04 02:45:00+00:00,2024-10-04 06:45:00+00:00,1,-0.20024797209256814,-0.0020024797209256813,17
2024-10-08 14:30:00+00:00,2024-10-08 19:00:00+00:00,-1,0.951974630134722,0.00951974630134722,19
2024-10-11 15:15:00+00:00,2024-10-11 20:15:00+00:00,1,-0.1976791365739167,-0.001976791365739167,21
2024-10-14 06:30:00+00:00,2024-10-14 07:15:00+00:00,1,-1.0000000000000397,-0.010000000000000397,4
2024-10-15 16:15:00+00:00,2024-10-15 19:45:00+00:00,1,-0.6826274712346462,-0.0068262747123464616,15
2024-10-16 02:15:00+00:00,2024-10-16 10:30:00+00:00,1,1.4273782880864758,0.014273782880864758,34
2024-10-17 10:30:00+00:00,2024-10-17 12:00:00+00:00,1,-0.9999999999999795,-0.009999999999999796,7
2024-10-17 14:45:00+00:00,2024-10-17 16:30:00+00:00,1,-0.9999999999999865,-0.009999999999999865,8
2024-10-18 01:15:00+00:00,2024-10-18 06:15:00+00:00,1,2.9382144801308283,0.029382144801308283,21
2024-10-18 12:30:00+00:00,2024-10-18 13:00:00+00:00,1,-1.0000000000000326,-0.010000000000000326,3
2024-10-18 19:00:00+00:00,2024-10-21 05:45:00+00:00,1,0.98082386363632,0.0098082386363632,40
2024-10-21 09:15:00+00:00,2024-10-21 10:15:00+00:00,1,-0.9347977598008753,-0.009347977598008754,5
2024-10-21 11:45:00+00:00,2024-10-21 14:30:00+00:00,1,-0.9999999999999887,-0.009999999999999887,12
2024-10-22 15:15:00+00:00,2024-10-23 00:15:00+00:00,1,0.14319924243802168,0.0014319924243802167,33
2024-10-23 04:30:00+00:00,2024-10-23 09:30:00+00:00,1,0.3691794547276154,0.0036917945472761536,21
2024-10-25 15:30:00+00:00,2024-10-27 22:00:00+00:00,1,-0.8914525183837982,-0.008914525183837983,23
2024-10-29 01:15:00+00:00,2024-10-29 02:45:00+00:00,1,0.6223421199331701,0.006223421199331701,7
2024-10-29 13:45:00+00:00,2024-10-30 02:30:00+00:00,1,1.9822799339981136,0.019822799339981136,48
2024-10-30 05:45:00+00:00,2024-10-30 07:30:00+00:00,1,-0.12214863870494017,-0.0012214863870494018,8
2024-11-05 02:45:00+00:00,2024-11-05 03:30:00+00:00,-1,-1.0000000000000413,-0.010000000000000413,4
2024-11-06 06:30:00+00:00,2024-11-06 07:15:00+00:00,-1,-0.4357161895031648,-0.004357161895031649,4
2024-11-06 12:00:00+00:00,2024-11-06 19:00:00+00:00,-1,2.417525062324332,0.02417525062324332,29
2024-11-07 01:30:00+00:00,2024-11-07 03:00:00+00:00,-1,-0.9611443293023124,-0.009611443293023124,7
2024-11-11 01:15:00+00:00,2024-11-11 10:15:00+00:00,-1,1.0419545171523334,0.010419545171523334,37
2024-11-11 11:00:00+00:00,2024-11-11 19:45:00+00:00,-1,5.521965839267915,0.05521965839267916,36
2024-11-12 07:45:00+00:00,2024-11-12 12:00:00+00:00,-1,-0.724926758880026,-0.0072492675888002605,18
2024-11-13 16:45:00+00:00,2024-11-13 23:30:00+00:00,-1,0.6655679868805653,0.006655679868805653,24
2024-11-14 01:15:00+00:00,2024-11-14 11:30:00+00:00,-1,2.0584204577564034,0.020584204577564033,42
2024-11-20 14:45:00+00:00,2024-11-20 23:15:00+00:00,1,0.3777182102241314,0.003777182102241314,31
2024-11-21 00:45:00+00:00,2024-11-21 01:15:00+00:00,1,-0.9401645979492458,-0.009401645979492458,3
2024-11-21 06:45:00+00:00,2024-11-21 12:45:00+00:00,1,0.38296983907753607,0.0038296983907753607,25
2024-11-22 01:15:00+00:00,2024-11-22 13:15:00+00:00,1,4.708284817049598,0.047082848170495975,49
2024-11-22 21:45:00+00:00,2024-11-25 00:45:00+00:00,1,-0.17821971246958784,-0.0017821971246958785,9
2024-12-06 01:15:00+00:00,2024-12-06 01:30:00+00:00,-1,-1.0000000000000382,-0.010000000000000382,2
2024-12-09 14:00:00+00:00,2024-12-09 17:45:00+00:00,1,-0.22125600062957623,-0.0022125600062957622,16
2024-12-10 12:15:00+00:00,2024-12-11 03:30:00+00:00,1,2.529118660758187,0.025291186607581867,58
2024-12-11 15:00:00+00:00,2024-12-12 01:00:00+00:00,1,1.4326781038071144,0.014326781038071144,37
2024-12-17 06:30:00+00:00,2024-12-17 07:15:00+00:00,-1,-1.0000000000000369,-0.010000000000000368,4
2024-12-17 09:00:00+00:00,2024-12-17 13:00:00+00:00,-1,-0.07720957016006975,-0.0007720957016006976,17
2024-12-18 19:15:00+00:00,2024-12-19 01:00:00+00:00,-1,2.3472835747346754,0.023472835747346755,20
2024-12-23 16:00:00+00:00,2024-12-23 21:30:00+00:00,-1,-0.4803506403175149,-0.0048035064031751494,23
2024-12-27 14:15:00+00:00,2024-12-27 19:30:00+00:00,-1,-0.3639427412082715,-0.0036394274120827154,22
2024-12-30 14:00:00+00:00,2024-12-30 18:45:00+00:00,-1,0.12664772345149652,0.0012664772345149652,20
2025-01-02 10:30:00+00:00,2025-01-02 13:15:00+00:00,1,-1.0000000000000095,-0.010000000000000096,12
2025-01-02 15:45:00+00:00,2025-01-03 01:30:00+00:00,1,0.6257499032383281,0.0062574990323832815,36
2025-01-07 13:15:00+00:00,2025-01-07 15:00:00+00:00,1,-0.2419866948896285,-0.002419866948896285,8
2025-01-08 14:45:00+00:00,2025-01-08 17:30:00+00:00,1,-0.9107107288365857,-0.009107107288365857,12
2025-01-09 11:30:00+00:00,2025-01-09 14:15:00+00:00,1,-0.3979830265623499,-0.003979830265623499,12
2025-01-10 14:30:00+00:00,2025-01-10 19:45:00+00:00,1,-0.29142981743813,-0.0029142981743813003,22
2025-01-14 21:00:00+00:00,2025-01-15 00:30:00+00:00,1,-0.7401229682839143,-0.007401229682839143,11
2025-01-15 06:00:00+00:00,2025-01-15 14:30:00+00:00,1,1.3728045325780567,0.013728045325780567,35
2025-01-15 21:00:00+00:00,2025-01-16 05:00:00+00:00,1,-0.061972205598717175,-0.0006197220559871718,29
2025-01-16 09:30:00+00:00,2025-01-16 12:30:00+00:00,1,-0.4650877823082933,-0.004650877823082933,13
2025-01-16 13:45:00+00:00,2025-01-16 19:00:00+00:00,1,0.10935549313359694,0.0010935549313359693,22
2025-01-21 01:45:00+00:00,2025-01-21 08:15:00+00:00,1,1.2272169571840017,0.012272169571840017,27
2025-01-21 14:45:00+00:00,2025-01-22 06:00:00+00:00,1,2.7472581170594297,0.0274725811705943,58
2025-01-22 09:30:00+00:00,2025-01-22 12:00:00+00:00,1,-0.952095208610326,-0.00952095208610326,11
2025-01-24 00:45:00+00:00,2025-01-24 08:00:00+00:00,1,3.1002332458662285,0.031002332458662286,30
2025-01-24 13:15:00+00:00,2025-01-24 14:15:00+00:00,1,-1.0,-0.01,5
2025-01-24 15:30:00+00:00,2025-01-24 15:45:00+00:00,1,-0.9999999999999918,-0.009999999999999919,2
2025-01-28 16:15:00+00:00,2025-01-29 03:15:00+00:00,1,0.8991041489415008,0.008991041489415008,41
2025-01-30 08:00:00+00:00,2025-01-30 14:30:00+00:00,1,2.5904478419699006,0.025904478419699006,27
2025-01-30 15:15:00+00:00,2025-01-31 04:45:00+00:00,1,0.6484968814551916,0.006484968814551916,51
2025-01-31 07:30:00+00:00,2025-01-31 08:15:00+00:00,1,-0.9999999999999845,-0.009999999999999844,4
2025-01-31 12:15:00+00:00,2025-01-31 16:15:00+00:00,1,0.7691036051524527,0.007691036051524527,17
2025-02-03 14:45:00+00:00,2025-02-03 15:15:00+00:00,1,-0.03687221869043153,-0.0003687221869043153,3
2025-02-04 13:30:00+00:00,2025-02-05 01:30:00+00:00,1,0.968375103931586,0.00968375103931586,45
2025-02-05 02:15:00+00:00,2025-02-05 10:45:00+00:00,1,1.9687939274670194,0.019687939274670194,35
2025-02-05 15:45:00+00:00,2025-02-05 16:00:00+00:00,1,-1.0,-0.01,2
2025-02-07 14:30:00+00:00,2025-02-07 16:15:00+00:00,1,-0.592546677442795,-0.00592546677442795,8
2025-02-10 07:00:00+00:00,2025-02-10 14:00:00+00:00,1,1.8898800289585842,0.018898800289585842,29
2025-02-10 23:45:00+00:00,2025-02-11 02:30:00+00:00,1,0.911397781607293,0.00911397781607293,12
2025-02-12 17:15:00+00:00,2025-02-12 19:00:00+00:00,1,-0.8776878699333208,-0.008776878699333208,8
2025-02-13 03:30:00+00:00,2025-02-13 06:30:00+00:00,1,-0.11397207285707676,-0.0011397207285707676,13
2025-02-13 19:00:00+00:00,2025-02-14 02:00:00+00:00,1,0.48834953339931525,0.004883495333993152,25
2025-02-14 06:45:00+00:00,2025-02-14 07:15:00+00:00,1,-1.0000000000000238,-0.010000000000000238,3
2025-02-14 10:30:00+00:00,2025-02-14 11:45:00+00:00,1,-0.9999999999999701,-0.009999999999999702,6
2025-02-18 03:15:00+00:00,2025-02-18 10:45:00+00:00,1,-0.13805506216696814,-0.0013805506216696814,31
2025-02-18 12:45:00+00:00,2025-02-19 00:15:00+00:00,1,2.990838723646123,0.02990838723646123,43
2025-02-19 02:00:00+00:00,2025-02-19 02:30:00+00:00,1,-0.9999999999999601,-0.009999999999999601,3
2025-02-19 09:30:00+00:00,2025-02-19 11:45:00+00:00,1,-0.9999999999999785,-0.009999999999999785,10
2025-02-20 07:00:00+00:00,2025-02-20 12:15:00+00:00,1,-0.20699304652611594,-0.0020699304652611597,22
2025-02-24 09:00:00+00:00,2025-02-24 10:30:00+00:00,1,-1.0,-0.01,7
2025-02-24 13:45:00+00:00,2025-02-24 14:15:00+00:00,1,-1.0000000000000187,-0.010000000000000188,3
2025-02-27 08:15:00+00:00,2025-02-27 10:30:00+00:00,-1,-0.8603615143751651,-0.008603615143751651,10
2025-02-27 15:00:00+00:00,2025-02-27 18:00:00+00:00,-1,-1.0000000000000102,-0.010000000000000103,13
2025-02-28 03:45:00+00:00,2025-02-28 09:15:00+00:00,-1,0.22936937800573587,0.002293693780057359,23
2025-02-28 14:00:00+00:00,2025-02-28 15:45:00+00:00,-1,-0.21338515808724923,-0.0021338515808724924,8
2025-03-05 16:30:00+00:00,2025-03-05 18:00:00+00:00,1,-0.9999999999999961,-0.009999999999999962,7
2025-03-07 15:00:00+00:00,2025-03-07 15:30:00+00:00,1,-0.9999999999999897,-0.009999999999999896,3
2025-03-12 15:15:00+00:00,2025-03-12 19:45:00+00:00,1,0.3982582078652473,0.003982582078652473,19
2025-03-13 01:15:00+00:00,2025-03-13 01:45:00+00:00,1,-0.9999999999999691,-0.009999999999999691,3
2025-03-13 02:45:00+00:00,2025-03-13 05:15:00+00:00,1,-0.4108342989571049,-0.004108342989571049,11
2025-03-13 09:45:00+00:00,2025-03-13 12:30:00+00:00,1,-0.9999999999999793,-0.009999999999999794,12
2025-03-13 13:45:00+00:00,2025-03-14 05:00:00+00:00,1,3.8466154990532964,0.038466154990532964,58
2025-03-14 09:15:00+00:00,2025-03-14 10:30:00+00:00,1,-0.05258716502699483,-0.0005258716502699483,6
2025-03-18 01:30:00+00:00,2025-03-18 05:15:00+00:00,1,0.9040329391892281,0.00904032939189228,16
2025-03-18 07:15:00+00:00,2025-03-18 14:00:00+00:00,1,1.0210650749971109,0.01021065074997111,28
2025-03-19 05:45:00+00:00,2025-03-19 06:15:00+00:00,1,-0.8517154879431046,-0.008517154879431046,3
2025-03-19 18:45:00+00:00,2025-03-20 02:00:00+00:00,1,0.059453416149061064,0.0005945341614906107,26
2025-03-20 04:45:00+00:00,2025-03-20 05:15:00+00:00,1,-0.9999999999999686,-0.009999999999999686,3
2025-03-25 14:15:00+00:00,2025-03-25 15:00:00+00:00,1,-1.0,-0.01,4
2025-03-27 04:15:00+00:00,2025-03-27 05:45:00+00:00,1,-0.9345713918520021,-0.00934571391852002,7
2025-03-27 10:00:00+00:00,2025-03-27 13:15:00+00:00,1,0.601375759804492,0.00601375759804492,14
2025-03-28 00:30:00+00:00,2025-03-28 08:00:00+00:00,1,3.415907180090711,0.03415907180090711,31
2025-03-30 22:15:00+00:00,2025-03-31 00:15:00+00:00,1,-1.0,-0.01,9
2025-03-31 02:15:00+00:00,2025-03-31 09:45:00+00:00,1,1.626423968481767,0.01626423968481767,31
2025-04-01 01:15:00+00:00,2025-04-01 05:45:00+00:00,1,1.1118750467079705,0.011118750467079705,19
2025-04-02 20:30:00+00:00,2025-04-02 22:00:00+00:00,1,-1.000000000000009,-0.01000000000000009,3
2025-04-02 22:15:00+00:00,2025-04-03 02:45:00+00:00,1,-0.06653289154215909,-0.0006653289154215909,19
2025-04-06 22:30:00+00:00,2025-04-07 01:15:00+00:00,-1,0.15238817614423059,0.0015238817614423058,12
2025-04-07 17:00:00+00:00,2025-04-07 20:15:00+00:00,-1,-0.3595890572240164,-0.003595890572240164,14
2025-04-08 23:45:00+00:00,2025-04-09 00:00:00+00:00,-1,-0.9999999999999878,-0.009999999999999879,2
2025-04-10 02:15:00+00:00,2025-04-10 07:30:00+00:00,1,0.5053545006417001,0.005053545006417001,22
2025-04-10 14:15:00+00:00,2025-04-11 05:30:00+00:00,1,2.905861984540609,0.02905861984540609,58
2025-04-11 10:00:00+00:00,2025-04-11 12:00:00+00:00,1,-0.8386701027186101,-0.0083867010271861,9
2025-04-11 13:45:00+00:00,2025-04-11 13:45:00+00:00,1,-1.000000000000007,-0.010000000000000071,1
2025-04-15 22:30:00+00:00,2025-04-16 01:30:00+00:00,1,3.307287475115416,0.03307287475115416,13
2025-04-16 03:30:00+00:00,2025-04-16 08:30:00+00:00,1,1.640891431585566,0.01640891431585566,21
2025-04-16 15:45:00+00:00,2025-04-17 00:00:00+00:00,1,1.2897749542722705,0.012897749542722705,30
2025-04-21 00:45:00+00:00,2025-04-22 00:00:00+00:00,1,3.95617141240621,0.0395617141240621,90
2025-04-22 01:45:00+00:00,2025-04-22 07:00:00+00:00,1,1.170320188939995,0.011703201889399951,22
2025-04-28 20:00:00+00:00,2025-04-28 22:00:00+00:00,1,-1.0000000000000064,-0.010000000000000064,5
2025-05-01 00:30:00+00:00,2025-05-01 06:00:00+00:00,-1,0.9253925214532918,0.009253925214532917,23
2025-05-01 10:00:00+00:00,2025-05-01 12:30:00+00:00,-1,-0.2867591567719777,-0.002867591567719777,11
2025-05-06 01:15:00+00:00,2025-05-06 02:45:00+00:00,1,-0.329339032955412,-0.0032933903295541203,7
2025-05-06 12:45:00+00:00,2025-05-06 14:30:00+00:00,1,-0.873058613676905,-0.00873058613676905,8
2025-05-06 16:30:00+00:00,2025-05-06 22:00:00+00:00,1,1.1229142461018955,0.011229142461018955,19
2025-05-08 02:00:00+00:00,2025-05-08 04:00:00+00:00,1,-1.0000000000000133,-0.010000000000000134,9
2025-05-12 01:15:00+00:00,2025-05-12 04:45:00+00:00,-1,-0.6381967814306637,-0.006381967814306637,15
2025-05-12 07:15:00+00:00,2025-05-12 12:15:00+00:00,-1,1.042023860374103,0.01042023860374103,21
2025-05-14 04:15:00+00:00,2025-05-14 07:30:00+00:00,-1,-0.9424012747082199,-0.009424012747082199,14
2025-05-14 12:00:00+00:00,2025-05-14 20:30:00+00:00,-1,3.608196764854284,0.03608196764854284,35
2025-05-15 02:30:00+00:00,2025-05-15 06:30:00+00:00,-1,1.7545486373852222,0.017545486373852223,17
2025-05-16 12:00:00+00:00,2025-05-16 12:30:00+00:00,-1,-0.9999999999999964,-0.009999999999999966,3
2025-05-20 22:15:00+00:00,2025-05-20 23:00:00+00:00,1,-1.000000000000017,-0.010000000000000172,4
2025-05-21 06:00:00+00:00,2025-05-21 08:00:00+00:00,1,-0.9999999999999889,-0.00999999999999989,9
2025-05-21 19:15:00+00:00,2025-05-22 05:45:00+00:00,1,0.9876713813472023,0.009876713813472023,39
2025-05-23 11:45:00+00:00,2025-05-23 13:30:00+00:00,1,0.4690783807062672,0.0046907838070626715,8
2025-05-23 17:30:00+00:00,2025-05-25 22:00:00+00:00,1,-1.0659760087240855,-0.010659760087240856,15
2025-05-28 08:00:00+00:00,2025-05-28 11:00:00+00:00,1,-0.7332811348563029,-0.007332811348563029,13
2025-06-02 05:15:00+00:00,2025-06-03 00:00:00+00:00,1,8.033687562616244,0.08033687562616244,72
2025-06-04 14:45:00+00:00,2025-06-04 19:15:00+00:00,1,-0.5914270037950037,-0.005914270037950037,19
2025-06-05 09:30:00+00:00,2025-06-05 12:45:00+00:00,1,-0.04273363252379967,-0.0004273363252379967,14
2025-06-11 12:45:00+00:00,2025-06-11 12:45:00+00:00,1,-1.0,-0.01,1
2025-06-11 22:15:00+00:00,2025-06-11 23:45:00+00:00,1,-0.09772636873374954,-0.0009772636873374954,7
2025-06-12 01:30:00+00:00,2025-06-12 06:15:00+00:00,1,-0.586242460056404,-0.00586242460056404,20
2025-06-12 10:30:00+00:00,2025-06-12 17:15:00+00:00,1,-0.0814999168948398,-0.0008149991689483981,28
2025-06-13 00:15:00+00:00,2025-06-13 05:00:00+00:00,1,2.3669287841151467,0.02366928784115147,20
2025-06-15 22:15:00+00:00,2025-06-15 22:30:00+00:00,1,-0.9999999999999871,-0.009999999999999872,2
2025-06-20 03:15:00+00:00,2025-06-20 04:15:00+00:00,-1,-0.9999999999999934,-0.009999999999999934,5
2025-06-20 06:45:00+00:00,2025-06-20 07:00:00+00:00,-1,-1.0000000000000218,-0.010000000000000217,2
2025-06-24 05:45:00+00:00,2025-06-24 08:00:00+00:00,-1,0.10393986521516595,0.0010393986521516595,10
2025-06-24 12:15:00+00:00,2025-06-24 15:30:00+00:00,-1,-0.2880097754697168,-0.002880097754697168,14
2025-06-27 03:00:00+00:00,2025-06-27 14:00:00+00:00,-1,3.5026157858354954,0.03502615785835495,45
2025-06-29 22:30:00+00:00,2025-06-29 22:30:00+00:00,-1,-1.0000000000000129,-0.010000000000000129,1
2025-07-02 18:15:00+00:00,2025-07-02 23:00:00+00:00,1,0.9542877240850207,0.009542877240850208,16
2025-07-07 01:15:00+00:00,2025-07-07 12:30:00+00:00,-1,0.1722805163433624,0.0017228051634336238,46
2025-07-08 14:15:00+00:00,2025-07-08 17:00:00+00:00,-1,-0.025689198275526917,-0.0002568919827552692,12
2025-07-11 05:30:00+00:00,2025-07-11 05:45:00+00:00,1,-0.9999999999999696,-0.009999999999999697,2
2025-07-11 06:30:00+00:00,2025-07-11 06:45:00+00:00,1,-1.0000000000000266,-0.010000000000000267,2
2025-07-11 10:30:00+00:00,2025-07-11 17:00:00+00:00,1,1.061771759862522,0.010617717598625221,27
2025-07-13 22:30:00+00:00,2025-07-14 01:00:00+00:00,1,-1.000000000000025,-0.010000000000000252,11
2025-07-14 07:30:00+00:00,2025-07-14 08:30:00+00:00,1,-0.9999999999999851,-0.009999999999999851,5
2025-07-18 11:45:00+00:00,2025-07-18 14:15:00+00:00,1,-0.7461895758932998,-0.0074618957589329985,11
2025-07-21 05:15:00+00:00,2025-07-21 10:30:00+00:00,1,0.07069567001855163,0.0007069567001855164,22
2025-07-21 11:30:00+00:00,2025-07-21 18:45:00+00:00,1,3.8409215278537743,0.038409215278537745,30
2025-07-22 12:45:00+00:00,2025-07-22 14:00:00+00:00,1,0.24851964830436452,0.0024851964830436453,6
2025-07-22 14:30:00+00:00,2025-07-22 22:45:00+00:00,1,0.4750354709724413,0.004750354709724413,30
2025-07-25 08:30:00+00:00,2025-07-25 13:30:00+00:00,-1,-0.08530254900444381,-0.0008530254900444382,21
2025-07-25 15:00:00+00:00,2025-07-25 18:00:00+00:00,-1,-0.558057968212823,-0.00558057968212823,13
2025-07-28 13:45:00+00:00,2025-07-28 15:30:00+00:00,-1,0.6113172713006689,0.006113172713006689,8
2025-07-30 13:15:00+00:00,2025-07-30 17:45:00+00:00,-1,0.7587817949572736,0.007587817949572737,19
2025-07-30 19:00:00+00:00,2025-07-30 23:30:00+00:00,-1,-0.19802194628933942,-0.0019802194628933943,15
2025-08-01 02:00:00+00:00,2025-08-01 02:45:00+00:00,-1,-1.0000000000000167,-0.010000000000000167,4
2025-08-04 11:30:00+00:00,2025-08-04 12:30:00+00:00,1,-0.9726247815523976,-0.009726247815523977,5
2025-08-04 13:15:00+00:00,2025-08-04 15:30:00+00:00,1,-0.2303018080423571,-0.002303018080423571,10
2025-08-05 16:00:00+00:00,2025-08-05 16:30:00+00:00,1,-0.9999999999999826,-0.009999999999999827,3
2025-08-07 06:45:00+00:00,2025-08-07 08:00:00+00:00,1,-0.01715302491103093,-0.00017153024911030932,6
2025-08-07 19:45:00+00:00,2025-08-07 20:45:00+00:00,1,-1.000000000000019,-0.010000000000000191,5
2025-08-12 14:15:00+00:00,2025-08-12 15:15:00+00:00,-1,-1.0000000000000078,-0.010000000000000078,5
2025-08-14 08:00:00+00:00,2025-08-14 09:00:00+00:00,-1,-0.9999999999999921,-0.009999999999999922,5
2025-08-14 14:15:00+00:00,2025-08-14 19:00:00+00:00,-1,-0.17502882091783348,-0.0017502882091783348,20
2025-08-17 23:15:00+00:00,2025-08-18 00:00:00+00:00,-1,-0.10219521044988783,-0.0010219521044988783,4
2025-08-19 15:00:00+00:00,2025-08-20 03:15:00+00:00,-1,0.7393995536653913,0.007393995536653914,46
2025-08-22 12:45:00+00:00,2025-08-22 13:30:00+00:00,-1,-1.0000000000000115,-0.010000000000000116,4
2025-08-26 00:30:00+00:00,2025-08-26 01:30:00+00:00,1,-0.6365511414465869,-0.006365511414465869,5
2025-08-26 16:00:00+00:00,2025-08-27 01:00:00+00:00,1,0.14513872135103145,0.0014513872135103146,33
2025-08-27 16:45:00+00:00,2025-08-28 00:45:00+00:00,1,-0.13675693463149832,-0.0013675693463149833,29
2025-08-28 09:00:00+00:00,2025-08-28 10:00:00+00:00,1,-0.9999999999999895,-0.009999999999999894,5
2025-08-28 11:30:00+00:00,2025-08-28 12:45:00+00:00,1,-0.7491010323628338,-0.007491010323628338,6
2025-08-28 14:15:00+00:00,2025-08-28 20:30:00+00:00,1,0.5398841687315257,0.0053988416873152565,26
2025-08-29 13:45:00+00:00,2025-08-31 22:00:00+00:00,1,2.562581150232996,0.02562581150232996,30
2025-09-01 02:00:00+00:00,2025-09-01 07:00:00+00:00,1,2.0773534044591897,0.020773534044591896,21
2025-09-02 01:30:00+00:00,2025-09-02 03:30:00+00:00,1,-0.7557127312295452,-0.007557127312295452,9
2025-09-02 14:45:00+00:00,2025-09-02 22:30:00+00:00,1,1.0517535612423452,0.010517535612423452,28
2025-09-03 11:45:00+00:00,2025-09-03 18:30:00+00:00,1,2.1972590657756292,0.021972590657756294,28
2025-09-05 12:45:00+00:00,2025-09-05 12:45:00+00:00,1,-0.9999999999999942,-0.009999999999999943,1
2025-09-05 14:00:00+00:00,2025-09-05 14:30:00+00:00,1,-1.0000000000000115,-0.010000000000000116,3
2025-09-05 16:30:00+00:00,2025-09-05 20:00:00+00:00,1,-0.5776316416109802,-0.005776316416109802,15
2025-09-08 07:15:00+00:00,2025-09-08 18:30:00+00:00,1,3.596095608911901,0.03596095608911901,46
2025-09-09 02:15:00+00:00,2025-09-09 06:00:00+00:00,1,-0.5350560596186633,-0.005350560596186633,16
2025-09-09 13:30:00+00:00,2025-09-09 14:00:00+00:00,1,-0.9283926098935764,-0.009283926098935764,3
2025-09-12 02:30:00+00:00,2025-09-12 07:30:00+00:00,1,-0.24980182322629552,-0.0024980182322629552,21
2025-09-15 13:45:00+00:00,2025-09-15 22:00:00+00:00,1,1.5177989230655884,0.015177989230655884,30
2025-09-16 01:00:00+00:00,2025-09-16 01:00:00+00:00,1,-1.0,-0.01,1
2025-09-16 06:45:00+00:00,2025-09-16 12:30:00+00:00,1,0.061661341853007284,0.0006166134185300728,24
2025-09-19 14:45:00+00:00,2025-09-22 12:15:00+00:00,1,4.949962220363203,0.049499622203632035,83
2025-09-22 15:30:00+00:00,2025-09-22 22:45:00+00:00,1,0.6863103444590739,0.006863103444590739,26
2025-09-23 00:45:00+00:00,2025-09-23 02:00:00+00:00,1,-0.7230197470601538,-0.0072301974706015385,6
2025-09-23 08:30:00+00:00,2025-09-23 13:45:00+00:00,1,1.7583727618517038,0.017583727618517037,22
2025-09-26 13:15:00+00:00,2025-09-26 13:30:00+00:00,1,-1.0000000000000127,-0.010000000000000127,2
2025-09-26 14:15:00+00:00,2025-09-26 19:30:00+00:00,1,-0.14350555696953152,-0.0014350555696953152,22
2025-09-29 01:00:00+00:00,2025-09-29 01:00:00+00:00,1,-1.0,-0.01,1
2025-09-29 02:30:00+00:00,2025-09-29 12:30:00+00:00,1,1.5108892076680769,0.01510889207668077,41
2025-09-29 22:00:00+00:00,2025-09-30 06:45:00+00:00,1,3.4451179646199903,0.034451179646199905,36
2025-10-01 08:00:00+00:00,2025-10-01 11:30:00+00:00,1,-0.0424562020273098,-0.000424562020273098,15
2025-10-02 13:30:00+00:00,2025-10-02 13:30:00+00:00,1,-0.9999999999999813,-0.009999999999999813,1
2025-10-05 22:30:00+00:00,2025-10-06 00:00:00+00:00,1,1.2928023310529722,0.012928023310529722,7
2025-10-06 02:15:00+00:00,2025-10-06 05:30:00+00:00,1,0.21926907444167137,0.0021926907444167138,14
2025-10-06 08:15:00+00:00,2025-10-06 10:00:00+00:00,1,-1.0000000000000047,-0.010000000000000047,8
2025-10-06 14:45:00+00:00,2025-10-06 20:30:00+00:00,1,0.010505014049672926,0.00010505014049672926,24
2025-10-06 22:15:00+00:00,2025-10-06 22:30:00+00:00,1,-0.9617280536213679,-0.00961728053621368,2
2025-10-07 13:00:00+00:00,2025-10-07 15:45:00+00:00,1,-1.0,-0.01,12
2025-10-08 00:00:00+00:00,2025-10-08 00:30:00+00:00,1,-0.7297499441839279,-0.007297499441839279,3
2025-10-08 02:00:00+00:00,2025-10-08 06:15:00+00:00,1,2.0499395836766103,0.020499395836766104,18
2025-10-08 10:00:00+00:00,2025-10-08 10:30:00+00:00,1,-1.000000000000016,-0.01000000000000016,3
2025-10-08 16:15:00+00:00,2025-10-08 18:15:00+00:00,1,-0.9042140743436686,-0.009042140743436686,9
2025-10-12 22:30:00+00:00,2025-10-13 00:15:00+00:00,1,-0.6610462834100559,-0.006610462834100559,8
2025-10-13 05:15:00+00:00,2025-10-13 19:00:00+00:00,1,2.366005825833709,0.02366005825833709,56
2025-10-13 23:45:00+00:00,2025-10-14 05:30:00+00:00,1,2.565572831840331,0.02565572831840331,24
2025-10-15 01:30:00+00:00,2025-10-15 09:15:00+00:00,1,0.49904014527531765,0.004990401452753176,32
2025-10-16 00:30:00+00:00,2025-10-16 05:15:00+00:00,1,-0.05727424749162465,-0.0005727424749162465,20
2025-10-16 13:30:00+00:00,2025-10-17 01:15:00+00:00,1,5.220020951962602,0.05220020951962602,44
2025-10-20 15:15:00+00:00,2025-10-20 20:00:00+00:00,1,0.4274868305436359,0.004274868305436359,20
2025-10-24 06:15:00+00:00,2025-10-24 12:30:00+00:00,-1,0.7136672652642527,0.007136672652642527,26
2025-10-27 09:00:00+00:00,2025-10-27 18:00:00+00:00,-1,1.9495882601351455,0.019495882601351457,37
2025-10-28 05:45:00+00:00,2025-10-28 10:45:00+00:00,-1,1.588865171403082,0.01588865171403082,21
2025-10-31 16:15:00+00:00,2025-10-31 18:00:00+00:00,-1,-0.9999999999999923,-0.009999999999999924,8
2025-11-03 00:15:00+00:00,2025-11-03 01:00:00+00:00,-1,-1.0000000000000073,-0.010000000000000073,4
2025-11-04 06:00:00+00:00,2025-11-04 07:00:00+00:00,-1,-0.9916871802761851,-0.00991687180276185,5
2025-11-04 14:30:00+00:00,2025-11-04 15:30:00+00:00,-1,-0.5859012796525335,-0.005859012796525335,5
2025-11-10 04:15:00+00:00,2025-11-10 14:00:00+00:00,1,1.9761951755326996,0.019761951755326995,40
2025-11-10 18:30:00+00:00,2025-11-11 05:30:00+00:00,1,1.4060198831521207,0.014060198831521207,41
2025-11-12 15:15:00+00:00,2025-11-12 23:30:00+00:00,1,1.6686613196885267,0.016686613196885268,30
2025-11-13 04:00:00+00:00,2025-11-13 13:30:00+00:00,1,0.3982080023457725,0.003982080023457725,39
2025-11-17 19:45:00+00:00,2025-11-17 20:45:00+00:00,-1,-0.9999999999999933,-0.009999999999999934,5
2025-11-18 07:30:00+00:00,2025-11-18 08:00:00+00:00,-1,-1.0,-0.01,3
2025-11-21 06:30:00+00:00,2025-11-21 09:00:00+00:00,-1,-0.9999999999999933,-0.009999999999999934,11
2025-11-25 00:00:00+00:00,2025-11-25 00:45:00+00:00,1,-1.00000000000001,-0.0100000000000001,4
2025-11-25 02:30:00+00:00,2025-11-25 07:15:00+00:00,1,-0.3690239169334135,-0.0036902391693341354,20
2025-11-26 02:30:00+00:00,2025-11-26 06:30:00+00:00,1,-0.725808334925572,-0.00725808334925572,17
2025-11-26 11:45:00+00:00,2025-11-26 12:30:00+00:00,1,-1.000000000000011,-0.010000000000000111,4
2025-11-28 00:30:00+00:00,2025-11-28 05:00:00+00:00,1,1.4997827253902947,0.014997827253902947,19
2025-11-28 14:30:00+00:00,2025-11-28 15:00:00+00:00,1,-0.6556517611120912,-0.006556517611120912,3
2025-11-28 16:30:00+00:00,2025-11-30 23:00:00+00:00,1,-0.04200907263499057,-0.0004200907263499057,14
2025-12-01 00:30:00+00:00,2025-12-01 05:00:00+00:00,1,0.5354356617451349,0.005354356617451349,19
2025-12-01 10:15:00+00:00,2025-12-01 12:45:00+00:00,1,-0.9999999999999906,-0.009999999999999907,11
2025-12-03 14:00:00+00:00,2025-12-03 14:00:00+00:00,1,-1.0,-0.01,1
2025-12-05 05:30:00+00:00,2025-12-05 09:15:00+00:00,1,-0.23561030734691754,-0.0023561030734691756,16
2025-12-05 15:00:00+00:00,2025-12-05 16:00:00+00:00,1,-0.608425983117135,-0.00608425983117135,5
2025-12-09 16:15:00+00:00,2025-12-09 21:30:00+00:00,1,-0.4798108687241461,-0.0047981086872414605,22
2025-12-10 20:15:00+00:00,2025-12-11 02:15:00+00:00,1,-0.17929858495369197,-0.0017929858495369197,21
2025-12-11 15:45:00+00:00,2025-12-12 00:45:00+00:00,1,0.7754817987151591,0.007754817987151591,33
2025-12-12 08:15:00+00:00,2025-12-12 15:15:00+00:00,1,3.621000696189089,0.03621000696189089,29
2025-12-17 05:45:00+00:00,2025-12-17 06:45:00+00:00,1,-0.9999999999999892,-0.009999999999999893,5
2025-12-18 16:15:00+00:00,2025-12-18 17:00:00+00:00,1,-0.9999999999999847,-0.009999999999999848,4
2025-12-22 00:15:00+00:00,2025-12-22 11:00:00+00:00,1,5.07880618063658,0.050788061806365796,44
2025-12-22 13:15:00+00:00,2025-12-22 13:15:00+00:00,1,-1.0000000000000138,-0.010000000000000137,1
2025-12-22 16:00:00+00:00,2025-12-23 05:15:00+00:00,1,2.715879021588281,0.02715879021588281,50
2025-12-23 23:45:00+00:00,2025-12-24 02:45:00+00:00,1,-0.42703349282302017,-0.004270334928230202,13
2025-12-26 15:45:00+00:00,2025-12-26 17:15:00+00:00,1,-0.9999999999999785,-0.009999999999999785,7
2025-12-31 05:45:00+00:00,2025-12-31 06:45:00+00:00,-1,0.17384017242609015,0.0017384017242609016,5
2026-01-05 15:15:00+00:00,2026-01-05 23:30:00+00:00,1,-0.3350020913098215,-0.003350020913098215,30
2026-01-06 03:15:00+00:00,2026-01-06 05:45:00+00:00,1,-0.3701606014667127,-0.003701606014667127,11
2026-01-06 14:45:00+00:00,2026-01-06 15:30:00+00:00,1,-0.9234943917169957,-0.009234943917169957,4
2026-01-06 23:15:00+00:00,2026-01-07 00:45:00+00:00,1,-0.999999999999962,-0.00999999999999962,7
2026-01-08 20:30:00+00:00,2026-01-09 00:15:00+00:00,1,-0.27502449205603247,-0.002750244920560325,12
2026-01-09 13:45:00+00:00,2026-01-09 17:45:00+00:00,1,-0.08713765340691788,-0.0008713765340691788,17
2026-01-11 23:15:00+00:00,2026-01-12 02:00:00+00:00,1,3.070167547509296,0.030701675475092963,12
2026-01-12 13:15:00+00:00,2026-01-12 14:00:00+00:00,1,-0.7158898420851464,-0.007158898420851464,4
2026-01-12 15:45:00+00:00,2026-01-12 18:15:00+00:00,1,-0.8924005761743299,-0.008924005761743299,11
2026-01-18 23:15:00+00:00,2026-01-19 03:45:00+00:00,1,0.36071452004456966,0.003607145200445697,19
2026-01-20 04:30:00+00:00,2026-01-20 13:00:00+00:00,1,2.8762417126145867,0.028762417126145867,35
2026-01-20 14:15:00+00:00,2026-01-20 15:15:00+00:00,1,-0.9040601533014535,-0.009040601533014536,5
2026-01-20 17:00:00+00:00,2026-01-21 06:45:00+00:00,1,3.8488215543722286,0.03848821554372229,52
2026-01-22 16:00:00+00:00,2026-01-23 06:00:00+00:00,1,3.218773777820004,0.03218773777820004,53
2026-01-23 16:15:00+00:00,2026-01-26 05:00:00+00:00,1,3.2921790086552605,0.032921790086552605,48
2026-01-27 20:15:00+00:00,2026-01-28 09:15:00+00:00,1,5.529939812495003,0.055299398124950036,49
2026-01-28 20:30:00+00:00,2026-01-29 00:00:00+00:00,1,2.712790417588183,0.02712790417588183,11
2026-01-29 06:15:00+00:00,2026-01-29 07:15:00+00:00,1,-1.0,-0.01,5
2026-02-02 01:15:00+00:00,2026-02-02 07:45:00+00:00,-1,0.33714724489689163,0.0033714724489689162,27
2026-02-05 21:45:00+00:00,2026-02-06 00:30:00+00:00,-1,0.38841904829803525,0.003884190482980353,8
2026-02-09 15:45:00+00:00,2026-02-09 21:15:00+00:00,1,-0.04520776243985926,-0.0004520776243985926,23
2026-02-11 10:45:00+00:00,2026-02-11 12:30:00+00:00,1,-0.8327635688359935,-0.008327635688359935,8
2026-02-17 05:30:00+00:00,2026-02-17 06:30:00+00:00,-1,-0.07264005132542006,-0.0007264005132542006,5
2026-02-20 09:15:00+00:00,2026-02-20 11:45:00+00:00,1,-1.0,-0.01,11
2026-02-20 14:00:00+00:00,2026-02-20 15:00:00+00:00,1,-0.8240429590707401,-0.008240429590707402,5
2026-02-20 20:00:00+00:00,2026-02-23 00:00:00+00:00,1,2.9957251011616886,0.029957251011616885,13
2026-02-23 02:45:00+00:00,2026-02-23 06:30:00+00:00,1,-0.6874621280811702,-0.006874621280811703,16
2026-02-23 14:45:00+00:00,2026-02-24 00:00:00+00:00,1,1.6738554414335238,0.01673855441433524,34
2026-02-25 05:30:00+00:00,2026-02-25 06:00:00+00:00,1,-0.6583733460962937,-0.0065837334609629376,3
2026-02-25 17:00:00+00:00,2026-02-25 19:00:00+00:00,1,-0.6941071067625852,-0.006941071067625853,9
2026-02-27 13:15:00+00:00,2026-02-27 13:30:00+00:00,1,0.01940673568060294,0.0001940673568060294,2
2026-02-27 16:15:00+00:00,2026-03-02 00:45:00+00:00,1,2.5018103104440486,0.025018103104440487,31
2026-03-02 07:15:00+00:00,2026-03-02 10:00:00+00:00,1,-0.943991794180373,-0.009439917941803731,12
2026-03-09 00:15:00+00:00,2026-03-09 02:45:00+00:00,-1,-1.0000000000000067,-0.010000000000000066,11
2026-03-10 15:45:00+00:00,2026-03-10 18:15:00+00:00,1,-0.8813276193400745,-0.008813276193400745,11
2026-03-12 18:45:00+00:00,2026-03-12 22:15:00+00:00,-1,0.4196412709692041,0.004196412709692041,11
2026-03-13 15:00:00+00:00,2026-03-13 15:00:00+00:00,-1,-0.9999999999999911,-0.009999999999999912,1
2026-03-13 16:00:00+00:00,2026-03-16 00:00:00+00:00,-1,0.5288522232126031,0.0052885222321260306,29
2026-03-18 11:30:00+00:00,2026-03-18 16:45:00+00:00,-1,2.552249097636834,0.02552249097636834,22
2026-03-18 20:15:00+00:00,2026-03-19 00:30:00+00:00,-1,-0.7132524695353875,-0.007132524695353875,14
2026-03-19 06:45:00+00:00,2026-03-19 13:45:00+00:00,-1,8.009454382995317,0.08009454382995317,29
2026-03-20 18:45:00+00:00,2026-03-22 22:15:00+00:00,-1,-0.0021111127232469225,-2.1111127232469225e-05,11
2026-03-23 00:15:00+00:00,2026-03-23 01:15:00+00:00,-1,0.13069610751639057,0.0013069610751639058,5
2026-03-23 06:00:00+00:00,2026-03-23 07:45:00+00:00,-1,1.83415638471826,0.0183415638471826,8
2026-03-26 05:45:00+00:00,2026-03-26 07:30:00+00:00,-1,0.8089326240269383,0.008089326240269383,8
2026-03-26 16:30:00+00:00,2026-03-26 20:00:00+00:00,-1,-0.2929645499590125,-0.002929645499590125,15
2026-04-01 00:00:00+00:00,2026-04-01 04:00:00+00:00,1,-0.63093450593452,-0.006309345059345201,17
2026-04-01 07:00:00+00:00,2026-04-01 12:15:00+00:00,1,-0.043176717000055105,-0.00043176717000055107,22
2026-04-01 15:45:00+00:00,2026-04-01 18:15:00+00:00,1,-0.7095102372549138,-0.007095102372549138,11
2026-04-01 23:30:00+00:00,2026-04-02 01:00:00+00:00,1,-1.000000000000017,-0.010000000000000172,7
2026-04-06 09:15:00+00:00,2026-04-06 11:45:00+00:00,1,-0.7785562459123395,-0.007785562459123396,11
2026-04-07 22:15:00+00:00,2026-04-08 02:45:00+00:00,1,2.087513009494267,0.02087513009494267,19
2026-04-09 15:45:00+00:00,2026-04-09 19:30:00+00:00,1,-0.6945740650615854,-0.0069457406506158535,16
2026-04-13 23:00:00+00:00,2026-04-14 05:30:00+00:00,1,0.04586852735952187,0.0004586852735952187,27
2026-04-14 07:00:00+00:00,2026-04-14 07:15:00+00:00,1,-0.6591733768218757,-0.0065917337682187575,2
2026-04-14 14:30:00+00:00,2026-04-14 22:45:00+00:00,1,1.0809485948050004,0.010809485948050004,30
2026-04-17 13:00:00+00:00,2026-04-17 13:15:00+00:00,1,0.2368842687158951,0.002368842687158951,2
2026-04-23 00:15:00+00:00,2026-04-23 00:15:00+00:00,-1,-1.0,-0.01,1
2026-04-23 10:15:00+00:00,2026-04-23 11:45:00+00:00,-1,-1.0000000000000147,-0.010000000000000146,7
2026-04-23 17:45:00+00:00,2026-04-23 17:45:00+00:00,-1,-1.000000000000005,-0.01000000000000005,1
2026-04-24 04:30:00+00:00,2026-04-24 05:30:00+00:00,-1,-1.0000000000000189,-0.01000000000000019,5
2026-04-28 05:15:00+00:00,2026-04-28 12:15:00+00:00,-1,4.5608824049331025,0.045608824049331025,29
2026-04-29 13:00:00+00:00,2026-04-29 15:00:00+00:00,-1,0.009702611329530337,9.702611329530337e-05,9
2026-05-01 08:15:00+00:00,2026-05-01 12:00:00+00:00,-1,-0.49573608008750536,-0.004957360800875054,16
2026-05-04 10:15:00+00:00,2026-05-04 10:30:00+00:00,-1,-0.7886051936164887,-0.007886051936164887,2
2026-05-04 16:15:00+00:00,2026-05-05 00:00:00+00:00,-1,-0.33001077477491125,-0.0033001077477491127,28
2026-05-07 06:45:00+00:00,2026-05-07 09:00:00+00:00,1,-0.999999999999992,-0.00999999999999992,10
2026-05-07 15:00:00+00:00,2026-05-07 15:15:00+00:00,1,-0.9999999999999897,-0.009999999999999896,2
2026-05-11 23:00:00+00:00,2026-05-12 00:45:00+00:00,1,-0.177850855503957,-0.00177850855503957,8
2026-05-15 04:45:00+00:00,2026-05-15 10:45:00+00:00,-1,1.6527235748198783,0.016527235748198782,25
2026-05-15 13:45:00+00:00,2026-05-15 14:00:00+00:00,-1,-1.0,-0.01,2
2026-05-18 00:45:00+00:00,2026-05-18 00:45:00+00:00,-1,-0.999999999999985,-0.009999999999999851,1
2026-05-19 10:45:00+00:00,2026-05-19 13:45:00+00:00,-1,1.027690841792763,0.010276908417927631,13
2026-05-26 01:45:00+00:00,2026-05-26 10:30:00+00:00,-1,-0.3007874077195072,-0.0030078740771950717,36
2026-05-26 11:45:00+00:00,2026-05-26 13:30:00+00:00,-1,-1.000000000000021,-0.010000000000000212,8
2026-05-26 17:45:00+00:00,2026-05-26 19:15:00+00:00,-1,-0.2527082594084702,-0.002527082594084702,7
2026-05-27 10:45:00+00:00,2026-05-27 12:15:00+00:00,-1,0.5279944523458188,0.005279944523458187,7
2026-05-27 13:15:00+00:00,2026-05-27 14:00:00+00:00,-1,-1.0,-0.01,4
2026-05-28 03:00:00+00:00,2026-05-28 09:15:00+00:00,-1,0.09530869262516643,0.0009530869262516644,26
2026-06-03 05:45:00+00:00,2026-06-03 19:00:00+00:00,-1,1.287779154356896,0.01287779154356896,54
2026-06-05 13:00:00+00:00,2026-06-07 23:30:00+00:00,-1,3.077276480144865,0.03077276480144865,39
2026-06-08 05:45:00+00:00,2026-06-08 06:15:00+00:00,-1,-1.0,-0.01,3
2026-06-09 14:45:00+00:00,2026-06-09 20:45:00+00:00,-1,0.9114710269327034,0.009114710269327034,25
2026-06-09 23:30:00+00:00,2026-06-10 05:45:00+00:00,-1,1.4103263565122344,0.014103263565122344,26
2026-06-10 08:15:00+00:00,2026-06-10 12:30:00+00:00,-1,-0.10182372693388657,-0.0010182372693388656,18
2026-06-10 15:00:00+00:00,2026-06-11 00:15:00+00:00,-1,1.3843777440444178,0.01384377744044418,34
2026-06-17 14:30:00+00:00,2026-06-17 14:45:00+00:00,1,-1.0000000000000084,-0.010000000000000085,2
2026-06-17 17:45:00+00:00,2026-06-17 18:00:00+00:00,1,-0.9999999999999882,-0.009999999999999882,2
2026-06-18 19:15:00+00:00,2026-06-19 06:45:00+00:00,-1,3.462677117877619,0.03462677117877619,43
2026-06-23 01:45:00+00:00,2026-06-23 10:00:00+00:00,-1,1.8780301888056334,0.018780301888056336,34
2026-06-23 23:45:00+00:00,2026-06-23 23:45:00+00:00,-1,-0.9999999999999905,-0.009999999999999905,1
2026-06-24 02:45:00+00:00,2026-06-24 05:30:00+00:00,-1,-0.9335432177973955,-0.009335432177973954,12
2026-06-24 11:15:00+00:00,2026-06-24 13:30:00+00:00,-1,1.9515807726429601,0.019515807726429604,10
2026-06-29 14:15:00+00:00,2026-06-29 14:45:00+00:00,-1,-0.9999999999999908,-0.009999999999999908,3
2026-06-30 00:45:00+00:00,2026-06-30 01:15:00+00:00,-1,1.270863279806176,0.012708632798061762,3
2026-07-01 06:15:00+00:00,2026-07-01 08:15:00+00:00,-1,-1.0000000000000138,-0.010000000000000137,9
2026-07-03 01:00:00+00:00,2026-07-03 05:15:00+00:00,1,2.1310510593681604,0.021310510593681605,18
2026-07-05 23:30:00+00:00,2026-07-05 23:45:00+00:00,1,-1.0000000000000093,-0.010000000000000094,2
2026-07-07 12:15:00+00:00,2026-07-07 14:00:00+00:00,1,-0.9999999999999776,-0.009999999999999776,8
2026-07-08 14:45:00+00:00,2026-07-08 16:45:00+00:00,-1,-0.7853401587654978,-0.007853401587654978,9
2026-07-13 03:15:00+00:00,2026-07-13 08:00:00+00:00,-1,-0.5366567487480772,-0.005366567487480773,20
2026-07-13 14:00:00+00:00,2026-07-13 22:00:00+00:00,-1,1.9218606407306167,0.019218606407306167,29
2026-07-16 12:45:00+00:00,2026-07-16 15:15:00+00:00,-1,-0.32248155409552703,-0.0032248155409552704,11
2026-07-22 00:15:00+00:00,2026-07-22 05:15:00+00:00,1,3.707145807517674,0.03707145807517674,21
2026-07-22 13:45:00+00:00,2026-07-22 17:30:00+00:00,1,0.03543702876292213,0.0003543702876292213,16
2026-07-28 10:00:00+00:00,2026-07-28 12:45:00+00:00,-1,-0.9999999999999902,-0.009999999999999903,12
2026-07-29 14:00:00+00:00,2026-07-29 16:45:00+00:00,-1,-0.8569033911395245,-0.008569033911395246,12
2026-08-04 17:15:00+00:00,2026-08-04 18:30:00+00:00,1,-1.0000000000000078,-0.010000000000000078,6
2026-08-05 02:45:00+00:00,2026-08-05 09:45:00+00:00,1,1.5448632329347285,0.015448632329347286,29
2026-08-05 11:45:00+00:00,2026-08-05 12:45:00+00:00,1,0.07311529175971489,0.0007311529175971489,5
2026-08-05 14:15:00+00:00,2026-08-05 20:30:00+00:00,1,0.568228642007845,0.005682286420078449,26
2026-08-05 23:45:00+00:00,2026-08-06 00:00:00+00:00,1,-0.9999999999999801,-0.0099999999999998,2
2026-08-06 00:45:00+00:00,2026-08-06 03:15:00+00:00,1,-0.8189667251881809,-0.00818966725188181,11
2026-08-07 06:15:00+00:00,2026-08-07 12:15:00+00:00,1,1.0543270327665202,0.010543270327665203,25
2026-08-07 12:45:00+00:00,2026-08-07 13:15:00+00:00,1,-0.99999999999999,-0.0099999999999999,3
2026-08-10 18:45:00+00:00,2026-08-11 01:00:00+00:00,1,1.4611205092181239,0.014611205092181239,22
2026-08-11 02:00:00+00:00,2026-08-11 02:45:00+00:00,1,-0.9999999999999788,-0.009999999999999789,4
2026-08-12 12:30:00+00:00,2026-08-12 12:30:00+00:00,1,-1.0,-0.01,1
2026-08-12 12:45:00+00:00,2026-08-12 16:45:00+00:00,1,-1.0,-0.01,17
2026-08-17 01:00:00+00:00,2026-08-17 02:15:00+00:00,1,-0.6975375476796398,-0.006975375476796398,6
2026-08-17 14:30:00+00:00,2026-08-17 18:15:00+00:00,1,-0.428639882298194,-0.00428639882298194,16
2026-08-18 00:30:00+00:00,2026-08-18 01:15:00+00:00,1,-0.999999999999975,-0.00999999999999975,4
2026-08-19 12:45:00+00:00,2026-08-19 18:15:00+00:00,1,3.179868355886455,0.031798683558864546,23
2026-08-19 19:15:00+00:00,2026-08-20 00:30:00+00:00,1,0.25561692420666576,0.0025561692420666576,18
2026-08-20 15:15:00+00:00,2026-08-20 16:15:00+00:00,1,-1.0000000000000144,-0.010000000000000144,5
2026-08-21 04:30:00+00:00,2026-08-21 12:30:00+00:00,1,1.4004803697730228,0.01400480369773023,33
2026-08-21 15:45:00+00:00,2026-08-21 20:15:00+00:00,1,0.10105641570737325,0.0010105641570737325,19
2026-08-24 00:15:00+00:00,2026-08-24 00:15:00+00:00,1,-1.0000000000000135,-0.010000000000000136,1
2026-08-24 02:15:00+00:00,2026-08-24 07:45:00+00:00,1,-0.5947100139793245,-0.005947100139793246,23
2026-08-24 13:15:00+00:00,2026-08-24 15:45:00+00:00,1,-1.0,-0.01,11
2026-08-25 00:15:00+00:00,2026-08-25 00:15:00+00:00,1,-1.0000000000000189,-0.01000000000000019,1
2026-08-25 00:45:00+00:00,2026-08-25 01:00:00+00:00,1,-0.9999999999999761,-0.00999999999999976,2
2026-08-31 02:15:00+00:00,2026-08-31 05:15:00+00:00,-1,-0.23897308409425602,-0.0023897308409425604,13
2026-09-01 08:15:00+00:00,2026-09-01 13:30:00+00:00,-1,2.2253271459042154,0.022253271459042153,22
2026-09-02 02:00:00+00:00,2026-09-02 02:30:00+00:00,-1,-0.9999999999999883,-0.009999999999999884,3
2026-09-08 19:00:00+00:00,2026-09-09 00:45:00+00:00,-1,0.8583927028933284,0.008583927028933284,20
2026-09-10 12:00:00+00:00,2026-09-10 13:30:00+00:00,-1,0.8182314817114174,0.008182314817114174,7
2026-09-10 19:15:00+00:00,2026-09-11 00:30:00+00:00,-1,-0.21449595290656387,-0.0021449595290656386,18
2026-09-11 03:30:00+00:00,2026-09-11 04:30:00+00:00,-1,-0.9999999999999938,-0.009999999999999938,5
2026-09-14 09:30:00+00:00,2026-09-14 15:00:00+00:00,-1,0.14573399614493157,0.0014573399614493158,23
2026-09-16 19:00:00+00:00,2026-09-16 23:45:00+00:00,-1,-0.3095029422811987,-0.003095029422811987,16
2026-09-22 05:45:00+00:00,2026-09-22 08:45:00+00:00,-1,-0.465548858207232,-0.00465548858207232,13
2026-09-23 11:30:00+00:00,2026-09-23 12:00:00+00:00,-1,-0.5693070628595973,-0.005693070628595974,3
2026-09-23 13:45:00+00:00,2026-09-23 22:00:00+00:00,-1,-0.0883206624233878,-0.0008832066242338781,30
2026-09-24 08:30:00+00:00,2026-09-24 12:30:00+00:00,-1,-0.4484214066506716,-0.004484214066506716,17
2026-09-28 00:30:00+00:00,2026-09-28 12:00:00+00:00,-1,6.771725352507831,0.0677172535250783,47
2026-09-28 14:45:00+00:00,2026-09-28 16:15:00+00:00,-1,-0.8394662651011667,-0.008394662651011667,7
