time,ret
2017-01-03 00:00:00+00:00,0.0
2017-01-04 00:00:00+00:00,0.0
2017-01-05 00:00:00+00:00,0.0
2017-01-06 00:00:00+00:00,0.0
2017-01-08 00:00:00+00:00,0.0
2017-01-09 00:00:00+00:00,0.0
2017-01-10 00:00:00+00:00,0.0
2017-01-11 00:00:00+00:00,0.0
2017-01-12 00:00:00+00:00,0.0
2017-01-13 00:00:00+00:00,0.0
2017-01-15 00:00:00+00:00,0.0
2017-01-16 00:00:00+00:00,0.0
2017-01-17 00:00:00+00:00,0.0
2017-01-18 00:00:00+00:00,0.0
2017-01-19 00:00:00+00:00,0.0
2017-01-20 00:00:00+00:00,0.0
2017-01-22 00:00:00+00:00,0.0
2017-01-23 00:00:00+00:00,0.0
2017-01-24 00:00:00+00:00,0.0
2017-01-25 00:00:00+00:00,0.0
2017-01-26 00:00:00+00:00,0.0
2017-01-27 00:00:00+00:00,0.0
2017-01-29 00:00:00+00:00,0.0
2017-01-30 00:00:00+00:00,0.0
2017-01-31 00:00:00+00:00,0.0
2017-02-01 00:00:00+00:00,0.0
2017-02-02 00:00:00+00:00,0.0
2017-02-03 00:00:00+00:00,0.0
2017-02-05 00:00:00+00:00,0.0
2017-02-06 00:00:00+00:00,0.0
2017-02-07 00:00:00+00:00,0.0
2017-02-08 00:00:00+00:00,0.0
2017-02-09 00:00:00+00:00,0.0
2017-02-10 00:00:00+00:00,0.0
2017-02-12 00:00:00+00:00,0.0
2017-02-13 00:00:00+00:00,0.0
2017-02-14 00:00:00+00:00,0.0
2017-02-15 00:00:00+00:00,0.0
2017-02-16 00:00:00+00:00,0.0
2017-02-17 00:00:00+00:00,0.0
2017-02-19 00:00:00+00:00,0.0
2017-02-20 00:00:00+00:00,0.0
2017-02-21 00:00:00+00:00,0.0
2017-02-22 00:00:00+00:00,0.0
2017-02-23 00:00:00+00:00,0.0
2017-02-24 00:00:00+00:00,0.0
2017-02-26 00:00:00+00:00,0.0
2017-02-27 00:00:00+00:00,0.0
2017-02-28 00:00:00+00:00,0.0
2017-03-01 00:00:00+00:00,0.0
2017-03-02 00:00:00+00:00,0.0
2017-03-03 00:00:00+00:00,0.0
2017-03-05 00:00:00+00:00,0.0
2017-03-06 00:00:00+00:00,0.0
2017-03-07 00:00:00+00:00,0.016334804191947452
2017-03-08 00:00:00+00:00,0.02093215664644265
2017-03-09 00:00:00+00:00,-0.00337085352223465
2017-03-10 00:00:00+00:00,0.0016868316976712788
2017-03-12 00:00:00+00:00,0.0
2017-03-13 00:00:00+00:00,0.0
2017-03-14 00:00:00+00:00,0.0
2017-03-15 00:00:00+00:00,0.0
2017-03-16 00:00:00+00:00,0.0
2017-03-17 00:00:00+00:00,0.0
2017-03-19 00:00:00+00:00,0.0
2017-03-20 00:00:00+00:00,0.0
2017-03-21 00:00:00+00:00,0.01299851212183033
2017-03-22 00:00:00+00:00,0.0029734224115298205
2017-03-23 00:00:00+00:00,-0.015224202818216166
2017-03-24 00:00:00+00:00,0.0
2017-03-26 00:00:00+00:00,0.0
2017-03-27 00:00:00+00:00,0.0010826893189411061
2017-03-28 00:00:00+00:00,0.0
2017-03-29 00:00:00+00:00,0.0
2017-03-30 00:00:00+00:00,0.0
2017-03-31 00:00:00+00:00,0.0
2017-04-02 00:00:00+00:00,0.0
2017-04-03 00:00:00+00:00,0.0
2017-04-04 00:00:00+00:00,-0.001071311582809392
2017-04-05 00:00:00+00:00,0.0
2017-04-06 00:00:00+00:00,0.0
2017-04-07 00:00:00+00:00,-0.004998476369882339
2017-04-09 00:00:00+00:00,0.0
2017-04-10 00:00:00+00:00,0.0
2017-04-11 00:00:00+00:00,0.0036035244786940287
2017-04-12 00:00:00+00:00,0.00562868308512725
2017-04-13 00:00:00+00:00,-0.005311222275520579
2017-04-14 00:00:00+00:00,0.0
2017-04-16 00:00:00+00:00,0.0
2017-04-17 00:00:00+00:00,-0.008945401818080442
2017-04-18 00:00:00+00:00,0.0
2017-04-19 00:00:00+00:00,0.0
2017-04-20 00:00:00+00:00,0.0
2017-04-21 00:00:00+00:00,0.0
2017-04-23 00:00:00+00:00,0.0
2017-04-24 00:00:00+00:00,0.0
2017-04-25 00:00:00+00:00,0.0
2017-04-26 00:00:00+00:00,0.0
2017-04-27 00:00:00+00:00,0.0
2017-04-28 00:00:00+00:00,-0.009841843651151707
2017-04-30 00:00:00+00:00,0.006015516212451076
2017-05-01 00:00:00+00:00,-0.012754127710363666
2017-05-02 00:00:00+00:00,-0.010000000000000403
2017-05-03 00:00:00+00:00,0.017877286269120135
2017-05-04 00:00:00+00:00,-0.0016313746112482314
2017-05-05 00:00:00+00:00,0.0
2017-05-08 00:00:00+00:00,-0.010000000000000411
2017-05-09 00:00:00+00:00,0.022772000349558
2017-05-10 00:00:00+00:00,0.0
2017-05-11 00:00:00+00:00,0.0
2017-05-12 00:00:00+00:00,0.0
2017-05-15 00:00:00+00:00,0.0
2017-05-16 00:00:00+00:00,0.012936769634821835
2017-05-17 00:00:00+00:00,0.046608424547244606
2017-05-18 00:00:00+00:00,-0.016253122905367703
2017-05-19 00:00:00+00:00,0.0
2017-05-22 00:00:00+00:00,-0.013981890323684444
2017-05-23 00:00:00+00:00,-0.009976786602552327
2017-05-24 00:00:00+00:00,-0.0020450903670582365
2017-05-25 00:00:00+00:00,-0.010585355614523263
2017-05-26 00:00:00+00:00,-0.013780127740943426
2017-05-29 00:00:00+00:00,0.0
2017-05-30 00:00:00+00:00,0.0
2017-05-31 00:00:00+00:00,-0.011925697046371383
2017-06-01 00:00:00+00:00,0.0
2017-06-02 00:00:00+00:00,0.02425033367937101
2017-06-05 00:00:00+00:00,-0.00868233723861785
2017-06-06 00:00:00+00:00,0.0222992480268171
2017-06-07 00:00:00+00:00,0.0
2017-06-08 00:00:00+00:00,0.0
2017-06-09 00:00:00+00:00,-0.006354804365185687
2017-06-12 00:00:00+00:00,0.0
2017-06-13 00:00:00+00:00,-0.012860078852445018
2017-06-14 00:00:00+00:00,0.0002696917808219547
2017-06-15 00:00:00+00:00,0.0034827377347065092
2017-06-16 00:00:00+00:00,0.0
2017-06-19 00:00:00+00:00,0.013852753004691232
2017-06-20 00:00:00+00:00,-0.006659454405485031
2017-06-21 00:00:00+00:00,0.0
2017-06-22 00:00:00+00:00,0.0
2017-06-23 00:00:00+00:00,0.0
2017-06-26 00:00:00+00:00,0.0
2017-06-27 00:00:00+00:00,0.0
2017-06-28 00:00:00+00:00,0.0
2017-06-29 00:00:00+00:00,-0.010466454010740592
2017-06-30 00:00:00+00:00,0.0
2017-07-03 00:00:00+00:00,0.08476573771736767
2017-07-04 00:00:00+00:00,0.0
2017-07-05 00:00:00+00:00,-0.0030287437899219633
2017-07-06 00:00:00+00:00,0.0
2017-07-07 00:00:00+00:00,0.013461282238366052
2017-07-10 00:00:00+00:00,-0.005906122093528259
2017-07-11 00:00:00+00:00,0.0
2017-07-12 00:00:00+00:00,0.0
2017-07-13 00:00:00+00:00,0.0
2017-07-14 00:00:00+00:00,-0.009999999999999589
2017-07-17 00:00:00+00:00,0.0021460011626925567
2017-07-18 00:00:00+00:00,0.013356360534584392
2017-07-19 00:00:00+00:00,0.0
2017-07-20 00:00:00+00:00,-0.004183285849952426
2017-07-21 00:00:00+00:00,0.035184729064037835
2017-07-24 00:00:00+00:00,-0.010252463054186967
2017-07-25 00:00:00+00:00,0.0
2017-07-26 00:00:00+00:00,0.021064398801883023
2017-07-27 00:00:00+00:00,-0.010000000000000174
2017-07-28 00:00:00+00:00,-0.012871070365682812
2017-07-31 00:00:00+00:00,0.0
2017-08-01 00:00:00+00:00,-0.008653232515887944
2017-08-02 00:00:00+00:00,0.0
2017-08-03 00:00:00+00:00,-0.00999999999999953
2017-08-04 00:00:00+00:00,0.0
2017-08-07 00:00:00+00:00,0.0
2017-08-08 00:00:00+00:00,-0.0086159739854782
2017-08-09 00:00:00+00:00,-0.005150227242038898
2017-08-10 00:00:00+00:00,0.03398449076360541
2017-08-11 00:00:00+00:00,-0.01999999999999974
2017-08-14 00:00:00+00:00,0.0
2017-08-15 00:00:00+00:00,0.0
2017-08-16 00:00:00+00:00,0.0
2017-08-17 00:00:00+00:00,0.0009077673723144348
2017-08-18 00:00:00+00:00,-0.010707165109034102
2017-08-21 00:00:00+00:00,0.0
2017-08-22 00:00:00+00:00,0.0
2017-08-23 00:00:00+00:00,0.0
2017-08-24 00:00:00+00:00,0.0
2017-08-25 00:00:00+00:00,-0.009999999999999757
2017-08-28 00:00:00+00:00,0.051310217263122855
2017-08-29 00:00:00+00:00,-0.009999999999999891
2017-08-30 00:00:00+00:00,0.0
2017-08-31 00:00:00+00:00,0.012951301995265507
2017-09-01 00:00:00+00:00,-0.010920865742306482
2017-09-04 00:00:00+00:00,-0.01660882788739089
2017-09-05 00:00:00+00:00,-0.003527131782946383
2017-09-06 00:00:00+00:00,0.0
2017-09-07 00:00:00+00:00,-0.009999999999999684
2017-09-08 00:00:00+00:00,-0.0012126717758989564
2017-09-11 00:00:00+00:00,0.0
2017-09-12 00:00:00+00:00,0.0
2017-09-13 00:00:00+00:00,-0.010000000000000531
2017-09-14 00:00:00+00:00,-0.01
2017-09-15 00:00:00+00:00,-0.0008616390894665548
2017-09-18 00:00:00+00:00,0.003166312456705995
2017-09-19 00:00:00+00:00,0.0
2017-09-20 00:00:00+00:00,-0.0001310568378700184
2017-09-21 00:00:00+00:00,-0.017702565151490934
2017-09-22 00:00:00+00:00,0.0
2017-09-25 00:00:00+00:00,-0.0100000000000002
2017-09-26 00:00:00+00:00,-0.01
2017-09-27 00:00:00+00:00,-0.0359255410268947
2017-09-28 00:00:00+00:00,-0.0022307805948113264
2017-09-29 00:00:00+00:00,0.0004063550259691963
2017-10-02 00:00:00+00:00,0.0037656363306742898
2017-10-03 00:00:00+00:00,-0.009999999999999443
2017-10-04 00:00:00+00:00,0.0
2017-10-05 00:00:00+00:00,0.006675308421240204
2017-10-06 00:00:00+00:00,-0.002730475312990765
2017-10-09 00:00:00+00:00,0.0
2017-10-10 00:00:00+00:00,-0.007099596985549999
2017-10-11 00:00:00+00:00,-0.0013845393110275992
2017-10-12 00:00:00+00:00,-0.010433455719976486
2017-10-13 00:00:00+00:00,-0.0046808510638297095
2017-10-16 00:00:00+00:00,-0.02359401384667379
2017-10-17 00:00:00+00:00,0.0
2017-10-18 00:00:00+00:00,0.0025237654320976774
2017-10-19 00:00:00+00:00,0.0
2017-10-20 00:00:00+00:00,0.0
2017-10-23 00:00:00+00:00,-0.005598355109052987
2017-10-24 00:00:00+00:00,0.0
2017-10-25 00:00:00+00:00,-0.009999999999999428
2017-10-26 00:00:00+00:00,0.014418213267261582
2017-10-27 00:00:00+00:00,-0.011833247627507345
2017-10-30 00:00:00+00:00,0.0
2017-10-31 00:00:00+00:00,-0.006168632342935508
2017-11-01 00:00:00+00:00,0.0
2017-11-02 00:00:00+00:00,-0.010000000000000191
2017-11-03 00:00:00+00:00,0.0
2017-11-06 00:00:00+00:00,0.0
2017-11-07 00:00:00+00:00,0.0
2017-11-08 00:00:00+00:00,-0.01054020518834178
2017-11-09 00:00:00+00:00,-0.010000000000000175
2017-11-10 00:00:00+00:00,0.0
2017-11-13 00:00:00+00:00,0.0
2017-11-14 00:00:00+00:00,-0.009999999999999629
2017-11-15 00:00:00+00:00,-0.015794824399259836
2017-11-16 00:00:00+00:00,0.0
2017-11-17 00:00:00+00:00,0.03369174757281696
2017-11-20 00:00:00+00:00,-0.0029690533980586678
2017-11-21 00:00:00+00:00,0.0
2017-11-22 00:00:00+00:00,0.017093613024420765
2017-11-23 00:00:00+00:00,0.0
2017-11-24 00:00:00+00:00,0.0
2017-11-27 00:00:00+00:00,-0.002248706074638859
2017-11-28 00:00:00+00:00,0.0
2017-11-29 00:00:00+00:00,0.0
2017-11-30 00:00:00+00:00,-0.016089266597872416
2017-12-01 00:00:00+00:00,0.0
2017-12-04 00:00:00+00:00,0.0
2017-12-05 00:00:00+00:00,0.011807783955520129
2017-12-06 00:00:00+00:00,0.0
2017-12-07 00:00:00+00:00,0.059106932591063636
2017-12-08 00:00:00+00:00,0.0
2017-12-11 00:00:00+00:00,0.01102038418610069
2017-12-12 00:00:00+00:00,-0.015079653153656478
2017-12-13 00:00:00+00:00,0.0
2017-12-14 00:00:00+00:00,0.0
2017-12-15 00:00:00+00:00,0.0
2017-12-18 00:00:00+00:00,-0.006307870370370304
2017-12-19 00:00:00+00:00,-0.009916633050962768
2017-12-20 00:00:00+00:00,-0.01999999999999949
2017-12-21 00:00:00+00:00,-0.010000000000000243
2017-12-22 00:00:00+00:00,0.028481432360743228
2017-12-26 00:00:00+00:00,0.013883735705210324
2017-12-27 00:00:00+00:00,0.001877555015199712
2017-12-28 00:00:00+00:00,-0.008290864340524598
2017-12-29 00:00:00+00:00,0.07833215140306991
2018-01-02 00:00:00+00:00,0.03352211113128961
2018-01-03 00:00:00+00:00,-0.008675091193330221
2018-01-04 00:00:00+00:00,0.007721462544589416
2018-01-05 00:00:00+00:00,0.0
2018-01-08 00:00:00+00:00,0.0
2018-01-09 00:00:00+00:00,0.0
2018-01-10 00:00:00+00:00,0.016611821716345586
2018-01-11 00:00:00+00:00,0.0
2018-01-12 00:00:00+00:00,0.03854791188788102
2018-01-15 00:00:00+00:00,0.014708788782157308
2018-01-16 00:00:00+00:00,0.0
2018-01-17 00:00:00+00:00,-0.00999999999999986
2018-01-18 00:00:00+00:00,0.0
2018-01-19 00:00:00+00:00,-0.0037586577903306944
2018-01-21 00:00:00+00:00,0.0
2018-01-22 00:00:00+00:00,0.0
2018-01-23 00:00:00+00:00,0.006201644394537813
2018-01-24 00:00:00+00:00,0.07961154219569207
2018-01-25 00:00:00+00:00,0.0014651252161671598
2018-01-26 00:00:00+00:00,0.0
2018-01-28 00:00:00+00:00,0.0
2018-01-29 00:00:00+00:00,0.0
2018-01-30 00:00:00+00:00,0.0
2018-01-31 00:00:00+00:00,0.0
2018-02-02 00:00:00+00:00,0.0006891949083566302
2018-02-04 00:00:00+00:00,0.0
2018-02-05 00:00:00+00:00,0.0
2018-02-06 00:00:00+00:00,0.005997723478524544
2018-02-07 00:00:00+00:00,0.004605952187347316
2018-02-08 00:00:00+00:00,-0.019999999999999383
2018-02-09 00:00:00+00:00,-0.009999999999999811
2018-02-11 00:00:00+00:00,0.0
2018-02-12 00:00:00+00:00,0.0
2018-02-13 00:00:00+00:00,0.0
2018-02-14 00:00:00+00:00,0.0035601194690201825
2018-02-15 00:00:00+00:00,-0.009999999999999875
2018-02-16 00:00:00+00:00,-0.0023926380368093085
2018-02-18 00:00:00+00:00,0.0
2018-02-19 00:00:00+00:00,0.0
2018-02-20 00:00:00+00:00,0.0
2018-02-21 00:00:00+00:00,-0.023944330737912488
2018-02-22 00:00:00+00:00,-0.008600717934558171
2018-02-23 00:00:00+00:00,0.0
2018-02-25 00:00:00+00:00,0.0
2018-02-26 00:00:00+00:00,0.0
2018-02-27 00:00:00+00:00,-0.0014260166196253619
2018-02-28 00:00:00+00:00,0.0
2018-03-01 00:00:00+00:00,0.0117674207057385
2018-03-02 00:00:00+00:00,0.0
2018-03-04 00:00:00+00:00,0.0
2018-03-05 00:00:00+00:00,-0.009730348096094939
2018-03-06 00:00:00+00:00,-0.010000000000000137
2018-03-07 00:00:00+00:00,0.0
2018-03-08 00:00:00+00:00,-0.00417326221610523
2018-03-09 00:00:00+00:00,-0.009861122164742657
2018-03-11 00:00:00+00:00,0.0
2018-03-12 00:00:00+00:00,0.0
2018-03-13 00:00:00+00:00,0.0
2018-03-14 00:00:00+00:00,-0.009999999999999258
2018-03-15 00:00:00+00:00,-0.011639656853718745
2018-03-16 00:00:00+00:00,-0.003448539879295754
2018-03-18 00:00:00+00:00,0.0
2018-03-19 00:00:00+00:00,-0.008190775227370922
2018-03-20 00:00:00+00:00,-0.008100000000000059
2018-03-21 00:00:00+00:00,0.0
2018-03-22 00:00:00+00:00,0.0
2018-03-23 00:00:00+00:00,-0.005683291952163944
2018-03-25 00:00:00+00:00,0.0
2018-03-26 00:00:00+00:00,0.0029607220118980384
2018-03-27 00:00:00+00:00,-0.010000000000000172
2018-03-28 00:00:00+00:00,0.0
2018-03-29 00:00:00+00:00,-0.010000000000000142
2018-03-30 00:00:00+00:00,0.0
2018-04-01 00:00:00+00:00,0.0
2018-04-02 00:00:00+00:00,0.0
2018-04-03 00:00:00+00:00,0.0
2018-04-04 00:00:00+00:00,-0.0005916152372846978
2018-04-05 00:00:00+00:00,-0.009999999999999691
2018-04-06 00:00:00+00:00,-0.009999999999999891
2018-04-08 00:00:00+00:00,0.0
2018-04-09 00:00:00+00:00,0.0
2018-04-10 00:00:00+00:00,-0.030000000000000537
2018-04-11 00:00:00+00:00,0.04255839548637301
2018-04-12 00:00:00+00:00,0.0
2018-04-13 00:00:00+00:00,0.0
2018-04-15 00:00:00+00:00,0.0
2018-04-16 00:00:00+00:00,-0.007068880890052884
2018-04-17 00:00:00+00:00,0.0
2018-04-18 00:00:00+00:00,0.006681664499350573
2018-04-19 00:00:00+00:00,0.0
2018-04-20 00:00:00+00:00,0.002475268364555272
2018-04-22 00:00:00+00:00,0.006972005893495428
2018-04-23 00:00:00+00:00,0.03291572818370271
2018-04-24 00:00:00+00:00,0.0
2018-04-25 00:00:00+00:00,-0.004526963736116376
2018-04-26 00:00:00+00:00,0.0037415764753931523
2018-04-27 00:00:00+00:00,0.0
2018-04-29 00:00:00+00:00,0.0
2018-04-30 00:00:00+00:00,0.0008645919208567316
2018-05-01 00:00:00+00:00,-0.004923142897589335
2018-05-02 00:00:00+00:00,0.0
2018-05-03 00:00:00+00:00,0.0
2018-05-04 00:00:00+00:00,0.0
2018-05-06 00:00:00+00:00,0.0
2018-05-07 00:00:00+00:00,0.0
2018-05-08 00:00:00+00:00,-0.009999999999999884
2018-05-09 00:00:00+00:00,-0.01
2018-05-10 00:00:00+00:00,0.0
2018-05-11 00:00:00+00:00,-0.007156505914466889
2018-05-13 00:00:00+00:00,0.0
2018-05-14 00:00:00+00:00,0.0
2018-05-15 00:00:00+00:00,0.09629719712763347
2018-05-16 00:00:00+00:00,-0.010000000000000333
2018-05-17 00:00:00+00:00,-0.010000000000000245
2018-05-18 00:00:00+00:00,0.0
2018-05-20 00:00:00+00:00,0.0
2018-05-21 00:00:00+00:00,-0.005223412698412826
2018-05-22 00:00:00+00:00,0.0
2018-05-23 00:00:00+00:00,0.0
2018-05-24 00:00:00+00:00,0.0
2018-05-25 00:00:00+00:00,-0.009999999999999875
2018-05-27 00:00:00+00:00,0.0
2018-05-28 00:00:00+00:00,0.0
2018-05-29 00:00:00+00:00,0.0
2018-05-30 00:00:00+00:00,0.0
2018-05-31 00:00:00+00:00,-0.010000000000000198
2018-06-01 00:00:00+00:00,0.0006029522141607156
2018-06-03 00:00:00+00:00,0.0
2018-06-04 00:00:00+00:00,0.0
2018-06-05 00:00:00+00:00,0.0
2018-06-06 00:00:00+00:00,0.0
2018-06-07 00:00:00+00:00,-0.009999999999999842
2018-06-08 00:00:00+00:00,0.0
2018-06-10 00:00:00+00:00,0.0
2018-06-11 00:00:00+00:00,-0.01667529748788075
2018-06-12 00:00:00+00:00,0.0
2018-06-13 00:00:00+00:00,0.0
2018-06-14 00:00:00+00:00,-0.007096928523586959
2018-06-15 00:00:00+00:00,0.0
2018-06-17 00:00:00+00:00,0.0
2018-06-18 00:00:00+00:00,0.0
2018-06-19 00:00:00+00:00,0.007130257801899083
2018-06-20 00:00:00+00:00,-0.0020110616070046195
2018-06-21 00:00:00+00:00,0.010746205080544738
2018-06-22 00:00:00+00:00,0.0
2018-06-24 00:00:00+00:00,0.0
2018-06-25 00:00:00+00:00,-0.003267818767908331
2018-06-26 00:00:00+00:00,0.03245418075985258
2018-06-27 00:00:00+00:00,-0.004576427255984915
2018-06-28 00:00:00+00:00,-0.013599455860139035
2018-06-29 00:00:00+00:00,0.0
2018-07-01 00:00:00+00:00,0.0
2018-07-02 00:00:00+00:00,0.015006896551724585
2018-07-03 00:00:00+00:00,-0.009999999999999598
2018-07-04 00:00:00+00:00,0.0
2018-07-05 00:00:00+00:00,-0.010841757263653018
2018-07-06 00:00:00+00:00,0.0
2018-07-08 00:00:00+00:00,0.0
2018-07-09 00:00:00+00:00,-9.386959346695155e-06
2018-07-10 00:00:00+00:00,0.0
2018-07-11 00:00:00+00:00,0.008643002797932479
2018-07-12 00:00:00+00:00,-0.009999999999999395
2018-07-13 00:00:00+00:00,-0.014412598895357249
2018-07-15 00:00:00+00:00,0.0
2018-07-16 00:00:00+00:00,-0.004542746591328679
2018-07-17 00:00:00+00:00,0.02769250253292771
2018-07-18 00:00:00+00:00,0.014111402932809753
2018-07-19 00:00:00+00:00,0.01866015575130908
2018-07-20 00:00:00+00:00,0.0
2018-07-22 00:00:00+00:00,0.0
2018-07-23 00:00:00+00:00,-0.009999999999999757
2018-07-24 00:00:00+00:00,-0.02000000000000082
2018-07-25 00:00:00+00:00,0.0
2018-07-26 00:00:00+00:00,0.005284722882403562
2018-07-27 00:00:00+00:00,-0.0019125418922405625
2018-07-29 00:00:00+00:00,0.0
2018-07-30 00:00:00+00:00,0.0
2018-07-31 00:00:00+00:00,-0.016956076933571245
2018-08-01 00:00:00+00:00,-0.011673140810655307
2018-08-02 00:00:00+00:00,0.0019028998546610602
2018-08-03 00:00:00+00:00,-0.0018236193560002766
2018-08-05 00:00:00+00:00,0.0
2018-08-06 00:00:00+00:00,-0.009155004743832325
2018-08-07 00:00:00+00:00,0.0
2018-08-08 00:00:00+00:00,-0.009999999999999589
2018-08-09 00:00:00+00:00,0.0
2018-08-10 00:00:00+00:00,0.0044202363367781055
2018-08-12 00:00:00+00:00,0.0
2018-08-13 00:00:00+00:00,0.019722964800401945
2018-08-14 00:00:00+00:00,0.0
2018-08-15 00:00:00+00:00,0.01765361692990477
2018-08-16 00:00:00+00:00,0.029108238538434895
2018-08-17 00:00:00+00:00,0.0
2018-08-19 00:00:00+00:00,0.0
2018-08-20 00:00:00+00:00,0.0
2018-08-21 00:00:00+00:00,0.0
2018-08-22 00:00:00+00:00,-0.015697352483128188
2018-08-23 00:00:00+00:00,0.0035106911984092905
2018-08-24 00:00:00+00:00,-0.0029335085600635546
2018-08-26 00:00:00+00:00,0.0
2018-08-27 00:00:00+00:00,-0.004086473755047791
2018-08-28 00:00:00+00:00,-0.009056301050174312
2018-08-29 00:00:00+00:00,0.0013240310077518606
2018-08-30 00:00:00+00:00,-0.006592764857881281
2018-08-31 00:00:00+00:00,-0.007124495159946762
2018-09-02 00:00:00+00:00,0.0
2018-09-03 00:00:00+00:00,0.0
2018-09-04 00:00:00+00:00,-0.008113539287506879
2018-09-05 00:00:00+00:00,0.0
2018-09-06 00:00:00+00:00,0.0
2018-09-07 00:00:00+00:00,0.0
2018-09-09 00:00:00+00:00,0.0
2018-09-10 00:00:00+00:00,-0.004610399175135595
2018-09-11 00:00:00+00:00,-0.009999999999999728
2018-09-12 00:00:00+00:00,0.0
2018-09-13 00:00:00+00:00,-0.007210253010716514
2018-09-14 00:00:00+00:00,0.0
2018-09-16 00:00:00+00:00,0.0
2018-09-17 00:00:00+00:00,0.0
2018-09-18 00:00:00+00:00,0.0
2018-09-19 00:00:00+00:00,-0.010000000000000236
2018-09-20 00:00:00+00:00,-0.020000000000000753
2018-09-21 00:00:00+00:00,-0.0199999999999992
2018-09-23 00:00:00+00:00,0.0
2018-09-24 00:00:00+00:00,0.0
2018-09-25 00:00:00+00:00,0.0
2018-09-26 00:00:00+00:00,-0.020000000000000448
2018-09-27 00:00:00+00:00,0.011087509302901928
2018-09-28 00:00:00+00:00,0.0
2018-09-30 00:00:00+00:00,0.0
2018-10-01 00:00:00+00:00,0.0
2018-10-02 00:00:00+00:00,0.0
2018-10-03 00:00:00+00:00,0.0
2018-10-04 00:00:00+00:00,-0.010000000000000264
2018-10-05 00:00:00+00:00,0.0
2018-10-07 00:00:00+00:00,0.0
2018-10-08 00:00:00+00:00,0.0
2018-10-09 00:00:00+00:00,0.0
2018-10-10 00:00:00+00:00,0.0
2018-10-11 00:00:00+00:00,0.01868868425712787
2018-10-12 00:00:00+00:00,0.0
2018-10-14 00:00:00+00:00,0.0
2018-10-15 00:00:00+00:00,0.030783578407186853
2018-10-16 00:00:00+00:00,0.0
2018-10-17 00:00:00+00:00,0.0
2018-10-18 00:00:00+00:00,-0.0075853707819765305
2018-10-19 00:00:00+00:00,0.0
2018-10-21 00:00:00+00:00,0.0
2018-10-22 00:00:00+00:00,0.0
2018-10-23 00:00:00+00:00,0.04772055469391731
2018-10-24 00:00:00+00:00,0.00198595505617929
2018-10-25 00:00:00+00:00,0.006312921348315097
2018-10-26 00:00:00+00:00,-0.01999999999999995
2018-10-28 00:00:00+00:00,0.0
2018-10-29 00:00:00+00:00,0.0
2018-10-30 00:00:00+00:00,0.0
2018-10-31 00:00:00+00:00,-0.005035419126327286
2018-11-01 00:00:00+00:00,0.0
2018-11-02 00:00:00+00:00,0.0
2018-11-04 00:00:00+00:00,0.0
2018-11-05 00:00:00+00:00,0.0
2018-11-06 00:00:00+00:00,-0.008515841510000384
2018-11-07 00:00:00+00:00,0.0
2018-11-08 00:00:00+00:00,-0.020000000000000132
2018-11-09 00:00:00+00:00,0.03373092082237823
2018-11-11 00:00:00+00:00,0.0
2018-11-12 00:00:00+00:00,0.00031931991539592766
2018-11-13 00:00:00+00:00,-0.0015312005426179089
2018-11-14 00:00:00+00:00,0.0
2018-11-15 00:00:00+00:00,0.0
2018-11-16 00:00:00+00:00,-0.004612083287185149
2018-11-18 00:00:00+00:00,0.0
2018-11-19 00:00:00+00:00,0.00036446086664456806
2018-11-20 00:00:00+00:00,-0.021798230881201745
2018-11-21 00:00:00+00:00,-0.009999999999999665
2018-11-22 00:00:00+00:00,0.0
2018-11-23 00:00:00+00:00,0.0
2018-11-25 00:00:00+00:00,0.0
2018-11-26 00:00:00+00:00,0.0
2018-11-27 00:00:00+00:00,-0.00558741744873129
2018-11-28 00:00:00+00:00,-0.009999999999999717
2018-11-29 00:00:00+00:00,-0.01
2018-11-30 00:00:00+00:00,0.0
2018-12-02 00:00:00+00:00,0.0
2018-12-03 00:00:00+00:00,0.010435938634464369
2018-12-04 00:00:00+00:00,0.005313564972393839
2018-12-05 00:00:00+00:00,0.0
2018-12-06 00:00:00+00:00,-0.010801264498213886
2018-12-07 00:00:00+00:00,0.0036288398070583837
2018-12-09 00:00:00+00:00,0.002754506219852342
2018-12-10 00:00:00+00:00,-0.0032244224422439682
2018-12-11 00:00:00+00:00,0.0
2018-12-12 00:00:00+00:00,0.0
2018-12-13 00:00:00+00:00,0.0
2018-12-14 00:00:00+00:00,0.0
2018-12-16 00:00:00+00:00,0.0
2018-12-17 00:00:00+00:00,0.0
2018-12-18 00:00:00+00:00,-0.01785031045477533
2018-12-19 00:00:00+00:00,-0.01957464955948475
2018-12-20 00:00:00+00:00,-0.012345663941372525
2018-12-21 00:00:00+00:00,0.0
2018-12-23 00:00:00+00:00,0.0
2018-12-24 00:00:00+00:00,-0.012745639996544567
2018-12-26 00:00:00+00:00,0.00786410648026804
2018-12-27 00:00:00+00:00,-0.008818937198067442
2018-12-28 00:00:00+00:00,-0.00955104020696267
2018-12-30 00:00:00+00:00,0.0
2018-12-31 00:00:00+00:00,-0.01999999999999972
2019-01-02 00:00:00+00:00,-0.005748201438848334
2019-01-03 00:00:00+00:00,-0.0015968126608497538
2019-01-04 00:00:00+00:00,0.0016236339367653718
2019-01-06 00:00:00+00:00,0.0
2019-01-07 00:00:00+00:00,-0.005949267566002512
2019-01-08 00:00:00+00:00,0.0
2019-01-09 00:00:00+00:00,0.014021607320031937
2019-01-10 00:00:00+00:00,-0.003131437209588925
2019-01-11 00:00:00+00:00,0.0
2019-01-13 00:00:00+00:00,0.0
2019-01-14 00:00:00+00:00,-0.01
2019-01-15 00:00:00+00:00,-0.01000000000000012
2019-01-16 00:00:00+00:00,0.0
2019-01-17 00:00:00+00:00,0.0
2019-01-18 00:00:00+00:00,-0.007248700173309517
2019-01-20 00:00:00+00:00,-0.00803726169843982
2019-01-21 00:00:00+00:00,0.007864332145103847
2019-01-22 00:00:00+00:00,0.0
2019-01-23 00:00:00+00:00,-0.00999999999999984
2019-01-24 00:00:00+00:00,0.0
2019-01-25 00:00:00+00:00,-0.00013992367799341073
2019-01-27 00:00:00+00:00,-0.009860076322006589
2019-01-28 00:00:00+00:00,-0.01000000000000052
2019-01-29 00:00:00+00:00,0.016504369137991345
2019-01-30 00:00:00+00:00,0.009426696090318827
2019-01-31 00:00:00+00:00,-0.007787567519703325
2019-02-01 00:00:00+00:00,0.0
2019-02-03 00:00:00+00:00,0.0
2019-02-04 00:00:00+00:00,0.0
2019-02-05 00:00:00+00:00,-0.00999999999999955
2019-02-06 00:00:00+00:00,0.0
2019-02-07 00:00:00+00:00,0.0
2019-02-08 00:00:00+00:00,0.0019866382490367675
2019-02-10 00:00:00+00:00,0.0
2019-02-11 00:00:00+00:00,0.0
2019-02-12 00:00:00+00:00,0.0
2019-02-13 00:00:00+00:00,-0.01
2019-02-14 00:00:00+00:00,-0.0013880345272347398
2019-02-15 00:00:00+00:00,0.021848877058568934
2019-02-17 00:00:00+00:00,-1.0022909507208523e-05
2019-02-18 00:00:00+00:00,0.009247510896890743
2019-02-19 00:00:00+00:00,0.06020772829945451
2019-02-20 00:00:00+00:00,9.086320040283585e-05
2019-02-21 00:00:00+00:00,0.0
2019-02-22 00:00:00+00:00,0.0
2019-02-24 00:00:00+00:00,0.0
2019-02-25 00:00:00+00:00,0.0
2019-02-26 00:00:00+00:00,0.0
2019-02-27 00:00:00+00:00,0.0
2019-02-28 00:00:00+00:00,-0.0008705992436357368
2019-03-01 00:00:00+00:00,0.0311554439847257
2019-03-03 00:00:00+00:00,-0.0049835965772653526
2019-03-04 00:00:00+00:00,-0.010452433357789545
2019-03-05 00:00:00+00:00,0.0
2019-03-06 00:00:00+00:00,0.0
2019-03-07 00:00:00+00:00,-0.010000000000000184
2019-03-08 00:00:00+00:00,0.0
2019-03-10 00:00:00+00:00,0.0
2019-03-11 00:00:00+00:00,-0.004750932062966263
2019-03-12 00:00:00+00:00,0.0
2019-03-13 00:00:00+00:00,-0.008966889729417
2019-03-14 00:00:00+00:00,-0.0012698412698401308
2019-03-15 00:00:00+00:00,0.0
2019-03-17 00:00:00+00:00,0.0
2019-03-18 00:00:00+00:00,0.0
2019-03-19 00:00:00+00:00,-0.008881871600188603
2019-03-20 00:00:00+00:00,0.002894086641409664
2019-03-21 00:00:00+00:00,-0.01615039558433939
2019-03-22 00:00:00+00:00,0.0
2019-03-24 00:00:00+00:00,0.0
2019-03-25 00:00:00+00:00,-0.01200059757700575
2019-03-26 00:00:00+00:00,0.0
2019-03-27 00:00:00+00:00,0.0
2019-03-28 00:00:00+00:00,0.04007478707113016
2019-03-29 00:00:00+00:00,-0.01000000000000015
2019-03-31 00:00:00+00:00,0.0
2019-04-01 00:00:00+00:00,0.0026841620626155754
2019-04-02 00:00:00+00:00,-0.014175217048146237
2019-04-03 00:00:00+00:00,0.0
2019-04-04 00:00:00+00:00,0.012590572497810908
2019-04-05 00:00:00+00:00,0.0
2019-04-07 00:00:00+00:00,0.0
2019-04-08 00:00:00+00:00,0.0
2019-04-09 00:00:00+00:00,-0.003240763321546333
2019-04-10 00:00:00+00:00,-0.0010816079591282114
2019-04-11 00:00:00+00:00,0.0
2019-04-12 00:00:00+00:00,0.0
2019-04-14 00:00:00+00:00,0.0
2019-04-15 00:00:00+00:00,-0.014034160867920907
2019-04-16 00:00:00+00:00,0.022481511154936958
2019-04-17 00:00:00+00:00,0.0
2019-04-18 00:00:00+00:00,-0.001447876447875887
2019-04-22 00:00:00+00:00,0.0
2019-04-23 00:00:00+00:00,-0.02536539615846498
2019-04-24 00:00:00+00:00,0.0
2019-04-25 00:00:00+00:00,0.0
2019-04-26 00:00:00+00:00,0.0059219079598782955
2019-04-28 00:00:00+00:00,0.0
2019-04-29 00:00:00+00:00,0.0
2019-04-30 00:00:00+00:00,-0.004539207760711871
2019-05-01 00:00:00+00:00,-0.010000000000000127
2019-05-02 00:00:00+00:00,-0.01030280888970465
2019-05-03 00:00:00+00:00,0.0
2019-05-05 00:00:00+00:00,0.0
2019-05-06 00:00:00+00:00,0.0
2019-05-07 00:00:00+00:00,-0.001597052772594752
2019-05-08 00:00:00+00:00,-0.05000000000000034
2019-05-09 00:00:00+00:00,0.0
2019-05-10 00:00:00+00:00,-0.009999999999999834
2019-05-12 00:00:00+00:00,0.0
2019-05-13 00:00:00+00:00,0.0429796935797666
2019-05-14 00:00:00+00:00,-0.00043470330739267207
2019-05-15 00:00:00+00:00,0.0
2019-05-16 00:00:00+00:00,0.0
2019-05-17 00:00:00+00:00,0.033018257619322304
2019-05-19 00:00:00+00:00,0.0
2019-05-20 00:00:00+00:00,-0.01
2019-05-21 00:00:00+00:00,-0.013087953237740037
2019-05-22 00:00:00+00:00,0.0
2019-05-23 00:00:00+00:00,0.0
2019-05-24 00:00:00+00:00,0.0
2019-05-26 00:00:00+00:00,-0.009999999999999008
2019-05-27 00:00:00+00:00,0.00573175904977479
2019-05-28 00:00:00+00:00,0.0
2019-05-29 00:00:00+00:00,0.0
2019-05-30 00:00:00+00:00,-0.0014866521383833636
2019-05-31 00:00:00+00:00,0.0021768551346807545
2019-06-02 00:00:00+00:00,0.010804069175991984
2019-06-03 00:00:00+00:00,0.0266567566751183
2019-06-04 00:00:00+00:00,-0.00999999999999955
2019-06-05 00:00:00+00:00,-0.009206604224425173
2019-06-06 00:00:00+00:00,-0.005271062398113195
2019-06-07 00:00:00+00:00,-0.020000000000000163
2019-06-09 00:00:00+00:00,0.0
2019-06-10 00:00:00+00:00,0.0
2019-06-11 00:00:00+00:00,0.0
2019-06-12 00:00:00+00:00,0.014792757610720705
2019-06-13 00:00:00+00:00,0.016758201253225146
2019-06-14 00:00:00+00:00,-0.007857158472639724
2019-06-16 00:00:00+00:00,0.0
2019-06-17 00:00:00+00:00,0.0
2019-06-18 00:00:00+00:00,-0.0069079629348108955
2019-06-19 00:00:00+00:00,-0.010103383866904007
2019-06-20 00:00:00+00:00,0.03487837192128954
2019-06-21 00:00:00+00:00,0.020333078750848648
2019-06-23 00:00:00+00:00,0.0
2019-06-24 00:00:00+00:00,0.016743601393306
2019-06-25 00:00:00+00:00,0.012343783128880492
2019-06-26 00:00:00+00:00,0.0
2019-06-27 00:00:00+00:00,0.0
2019-06-28 00:00:00+00:00,0.014414361879373519
2019-06-30 00:00:00+00:00,0.0
2019-07-01 00:00:00+00:00,0.0
2019-07-02 00:00:00+00:00,0.008730771390074585
2019-07-03 00:00:00+00:00,0.0
2019-07-04 00:00:00+00:00,-0.006825071691929902
2019-07-05 00:00:00+00:00,-0.0031749283080699953
2019-07-07 00:00:00+00:00,0.0
2019-07-08 00:00:00+00:00,-0.01000000000000023
2019-07-09 00:00:00+00:00,-0.0013459652251447047
2019-07-10 00:00:00+00:00,-0.00014686991521788414
2019-07-11 00:00:00+00:00,-0.0006600582341354967
2019-07-12 00:00:00+00:00,0.007329422267567696
2019-07-14 00:00:00+00:00,0.0013571823321856425
2019-07-15 00:00:00+00:00,0.0
2019-07-16 00:00:00+00:00,0.0
2019-07-17 00:00:00+00:00,-0.004485097439816866
2019-07-18 00:00:00+00:00,0.019694343501960542
2019-07-19 00:00:00+00:00,0.0
2019-07-21 00:00:00+00:00,0.0
2019-07-22 00:00:00+00:00,0.0
2019-07-23 00:00:00+00:00,0.0
2019-07-24 00:00:00+00:00,0.0
2019-07-25 00:00:00+00:00,-0.003815259952143323
2019-07-26 00:00:00+00:00,0.0
2019-07-28 00:00:00+00:00,0.0
2019-07-29 00:00:00+00:00,-0.0014127223584127183
2019-07-30 00:00:00+00:00,-0.00558898807665895
2019-07-31 00:00:00+00:00,-0.0008318247081584817
2019-08-01 00:00:00+00:00,-0.02000000000000022
2019-08-02 00:00:00+00:00,0.0
2019-08-04 00:00:00+00:00,0.0
2019-08-05 00:00:00+00:00,0.004001414542693715
2019-08-06 00:00:00+00:00,-0.019510307439903077
2019-08-07 00:00:00+00:00,-0.012075405395022436
2019-08-08 00:00:00+00:00,0.0
2019-08-09 00:00:00+00:00,0.0
2019-08-11 00:00:00+00:00,0.0
2019-08-12 00:00:00+00:00,-0.020000000000000292
2019-08-13 00:00:00+00:00,0.03135401931238119
2019-08-14 00:00:00+00:00,-0.008590978553890011
2019-08-15 00:00:00+00:00,0.0
2019-08-16 00:00:00+00:00,-0.009999999999999684
2019-08-18 00:00:00+00:00,0.0
2019-08-19 00:00:00+00:00,0.0
2019-08-20 00:00:00+00:00,0.0
2019-08-21 00:00:00+00:00,0.0
2019-08-22 00:00:00+00:00,0.0
2019-08-23 00:00:00+00:00,0.0
2019-08-25 00:00:00+00:00,-0.005522131744154706
2019-08-26 00:00:00+00:00,0.0
2019-08-27 00:00:00+00:00,0.00041419855467329076
2019-08-28 00:00:00+00:00,-0.008742478451781256
2019-08-29 00:00:00+00:00,-0.005951668526219723
2019-08-30 00:00:00+00:00,0.0
2019-09-01 00:00:00+00:00,0.0
2019-09-02 00:00:00+00:00,0.0
2019-09-03 00:00:00+00:00,0.02950402441181635
2019-09-04 00:00:00+00:00,0.001219499532758724
2019-09-05 00:00:00+00:00,0.0
2019-09-06 00:00:00+00:00,-0.010000000000000111
2019-09-08 00:00:00+00:00,0.0
2019-09-09 00:00:00+00:00,-0.00999999999999988
2019-09-10 00:00:00+00:00,0.0184306712091164
2019-09-11 00:00:00+00:00,-0.00397782979287173
2019-09-12 00:00:00+00:00,0.0
2019-09-13 00:00:00+00:00,0.008354273176991464
2019-09-15 00:00:00+00:00,-0.017149007513505662
2019-09-16 00:00:00+00:00,0.0
2019-09-17 00:00:00+00:00,-0.010000000000000137
2019-09-18 00:00:00+00:00,0.0038346585534221106
2019-09-19 00:00:00+00:00,0.0
2019-09-20 00:00:00+00:00,0.0006610986186960015
2019-09-22 00:00:00+00:00,-0.00443655637648607
2019-09-23 00:00:00+00:00,-0.012072057913377614
2019-09-24 00:00:00+00:00,-0.0024375673170855274
2019-09-25 00:00:00+00:00,0.0
2019-09-26 00:00:00+00:00,0.0
2019-09-27 00:00:00+00:00,0.000729775962918117
2019-09-29 00:00:00+00:00,0.0
2019-09-30 00:00:00+00:00,0.0019940112001861085
2019-10-01 00:00:00+00:00,-0.015212255444813784
2019-10-02 00:00:00+00:00,0.0
2019-10-03 00:00:00+00:00,-0.010000000000000089
2019-10-04 00:00:00+00:00,0.0
2019-10-06 00:00:00+00:00,0.0
2019-10-07 00:00:00+00:00,0.0
2019-10-08 00:00:00+00:00,0.0
2019-10-09 00:00:00+00:00,-0.005965802329951467
2019-10-10 00:00:00+00:00,-0.004034197670048717
2019-10-11 00:00:00+00:00,-0.01650171640551486
2019-10-13 00:00:00+00:00,0.0
2019-10-14 00:00:00+00:00,0.0
2019-10-15 00:00:00+00:00,0.017145927517972247
2019-10-16 00:00:00+00:00,0.0
2019-10-17 00:00:00+00:00,0.0
2019-10-18 00:00:00+00:00,0.0
2019-10-20 00:00:00+00:00,0.0
2019-10-21 00:00:00+00:00,-6.951340615729762e-05
2019-10-22 00:00:00+00:00,0.0
2019-10-23 00:00:00+00:00,0.0
2019-10-24 00:00:00+00:00,0.022602275734321147
2019-10-25 00:00:00+00:00,0.01738057747983998
2019-10-27 00:00:00+00:00,0.0
2019-10-28 00:00:00+00:00,0.0
2019-10-29 00:00:00+00:00,-0.009999999999999792
2019-10-30 00:00:00+00:00,-0.010000000000000085
2019-10-31 00:00:00+00:00,0.0656757831133711
2019-11-01 00:00:00+00:00,-0.012410955636826178
2019-11-03 00:00:00+00:00,0.0
2019-11-04 00:00:00+00:00,0.0
2019-11-05 00:00:00+00:00,0.0
2019-11-06 00:00:00+00:00,0.0
2019-11-07 00:00:00+00:00,0.014950337703616274
2019-11-08 00:00:00+00:00,-0.010000000000000078
2019-11-10 00:00:00+00:00,0.0
2019-11-11 00:00:00+00:00,-0.0038721332076652295
2019-11-12 00:00:00+00:00,-0.009999999999999785
2019-11-13 00:00:00+00:00,0.0
2019-11-14 00:00:00+00:00,0.0
2019-11-15 00:00:00+00:00,-0.009445476253646416
2019-11-17 00:00:00+00:00,0.0
2019-11-18 00:00:00+00:00,0.008610571804346039
2019-11-19 00:00:00+00:00,0.0
2019-11-20 00:00:00+00:00,-0.015371268329732398
2019-11-21 00:00:00+00:00,0.0
2019-11-22 00:00:00+00:00,-0.01000000000000008
2019-11-24 00:00:00+00:00,-0.0024248056775942163
2019-11-25 00:00:00+00:00,-0.017718881316633482
2019-11-26 00:00:00+00:00,0.0014222357229658404
2019-11-27 00:00:00+00:00,-0.005983915607075115
2019-11-28 00:00:00+00:00,0.0
2019-11-29 00:00:00+00:00,-0.009999999999999785
2019-12-01 00:00:00+00:00,0.0
2019-12-02 00:00:00+00:00,0.0
2019-12-03 00:00:00+00:00,0.032852825705134966
2019-12-04 00:00:00+00:00,-0.006678117166466856
2019-12-05 00:00:00+00:00,-0.007963852162446012
2019-12-06 00:00:00+00:00,0.0
2019-12-08 00:00:00+00:00,0.0
2019-12-09 00:00:00+00:00,0.0
2019-12-10 00:00:00+00:00,0.0
2019-12-11 00:00:00+00:00,-0.008191040048268875
2019-12-12 00:00:00+00:00,-0.0032737916007171118
2019-12-13 00:00:00+00:00,-0.0023166985327289277
2019-12-15 00:00:00+00:00,0.0
2019-12-16 00:00:00+00:00,-0.01000000000000053
2019-12-17 00:00:00+00:00,-0.009999999999999839
2019-12-18 00:00:00+00:00,0.0
2019-12-19 00:00:00+00:00,0.00018037322339117725
2019-12-20 00:00:00+00:00,0.0
2019-12-22 00:00:00+00:00,0.0
2019-12-23 00:00:00+00:00,0.014836936148942182
2019-12-24 00:00:00+00:00,0.04613346592461962
2019-12-26 00:00:00+00:00,0.027223038594749845
2019-12-27 00:00:00+00:00,-0.016356852665616525
2019-12-29 00:00:00+00:00,0.0
2019-12-30 00:00:00+00:00,-0.01
2019-12-31 00:00:00+00:00,0.007098961743521884
2020-01-02 00:00:00+00:00,0.00143015376596251
2020-01-03 00:00:00+00:00,0.07429667721518861
2020-01-05 00:00:00+00:00,-0.010000000000000085
2020-01-06 00:00:00+00:00,0.0
2020-01-07 00:00:00+00:00,0.019310143123248986
2020-01-08 00:00:00+00:00,-0.0014244766340787596
2020-01-09 00:00:00+00:00,0.0
2020-01-10 00:00:00+00:00,0.0025193644256192066
2020-01-12 00:00:00+00:00,-0.0028614887791636786
2020-01-13 00:00:00+00:00,0.0
2020-01-14 00:00:00+00:00,0.0
2020-01-15 00:00:00+00:00,-0.009944800176639837
2020-01-16 00:00:00+00:00,0.0
2020-01-17 00:00:00+00:00,-0.006756568835540917
2020-01-19 00:00:00+00:00,0.0
2020-01-20 00:00:00+00:00,-0.009806049411219698
2020-01-21 00:00:00+00:00,-0.000635029020143253
2020-01-22 00:00:00+00:00,-0.00022567798217403508
2020-01-23 00:00:00+00:00,-0.010245366390440184
2020-01-24 00:00:00+00:00,0.00396946178505176
2020-01-26 00:00:00+00:00,-0.00404575163398712
2020-01-27 00:00:00+00:00,-0.00595424836601272
2020-01-28 00:00:00+00:00,0.0
2020-01-29 00:00:00+00:00,0.006328673043904451
2020-01-30 00:00:00+00:00,-0.013355194624928297
2020-01-31 00:00:00+00:00,-0.009999999999999933
2020-02-02 00:00:00+00:00,0.0
2020-02-03 00:00:00+00:00,0.0
2020-02-04 00:00:00+00:00,-0.00553454006360449
2020-02-05 00:00:00+00:00,-0.01
2020-02-06 00:00:00+00:00,0.0
2020-02-07 00:00:00+00:00,0.0
2020-02-09 00:00:00+00:00,0.001984351489617802
2020-02-10 00:00:00+00:00,-0.011984351489617939
2020-02-11 00:00:00+00:00,0.0
2020-02-12 00:00:00+00:00,0.0
2020-02-13 00:00:00+00:00,-0.010000000000000212
2020-02-14 00:00:00+00:00,0.00015621574216144116
2020-02-16 00:00:00+00:00,-0.00977252795439611
2020-02-17 00:00:00+00:00,0.0
2020-02-18 00:00:00+00:00,-0.02406940026897477
2020-02-19 00:00:00+00:00,-0.006200678583285473
2020-02-20 00:00:00+00:00,-0.01388274871791182
2020-02-21 00:00:00+00:00,0.03630137606373374
2020-02-23 00:00:00+00:00,-0.01
2020-02-24 00:00:00+00:00,-0.004168980609939824
2020-02-25 00:00:00+00:00,0.0
2020-02-26 00:00:00+00:00,0.0
2020-02-27 00:00:00+00:00,-0.010000000000000064
2020-02-28 00:00:00+00:00,-0.009563694615356513
2020-03-01 00:00:00+00:00,0.0
2020-03-02 00:00:00+00:00,0.0
2020-03-03 00:00:00+00:00,0.0
2020-03-04 00:00:00+00:00,0.0
2020-03-05 00:00:00+00:00,0.0411097073068008
2020-03-06 00:00:00+00:00,-0.02633733346868929
2020-03-08 00:00:00+00:00,0.004089895267649397
2020-03-09 00:00:00+00:00,-0.008249903025601173
2020-03-10 00:00:00+00:00,0.0
2020-03-11 00:00:00+00:00,0.0
2020-03-12 00:00:00+00:00,0.03508428978829204
2020-03-13 00:00:00+00:00,-0.003731334035566039
2020-03-15 00:00:00+00:00,0.0
2020-03-16 00:00:00+00:00,0.008353936898242242
2020-03-17 00:00:00+00:00,0.0
2020-03-18 00:00:00+00:00,-0.010000000000000054
2020-03-19 00:00:00+00:00,-0.005422580207950003
2020-03-20 00:00:00+00:00,0.0
2020-03-22 00:00:00+00:00,0.0
2020-03-23 00:00:00+00:00,0.0
2020-03-24 00:00:00+00:00,-0.001990888211866138
2020-03-25 00:00:00+00:00,-0.004863021004266383
2020-03-26 00:00:00+00:00,0.009721535640249006
2020-03-27 00:00:00+00:00,0.0
2020-03-29 00:00:00+00:00,0.0
2020-03-30 00:00:00+00:00,0.0
2020-03-31 00:00:00+00:00,0.0
2020-04-01 00:00:00+00:00,0.0
2020-04-02 00:00:00+00:00,-0.02000000000000015
2020-04-03 00:00:00+00:00,-0.0046592072865146855
2020-04-05 00:00:00+00:00,0.0
2020-04-06 00:00:00+00:00,0.0431258618048108
2020-04-07 00:00:00+00:00,0.0
2020-04-08 00:00:00+00:00,0.0
2020-04-09 00:00:00+00:00,-0.006286540248163531
2020-04-12 00:00:00+00:00,0.0037241245888952387
2020-04-13 00:00:00+00:00,0.00614475814995576
2020-04-14 00:00:00+00:00,-0.014501367061735042
2020-04-15 00:00:00+00:00,0.0
2020-04-16 00:00:00+00:00,0.0045441865361338755
2020-04-17 00:00:00+00:00,0.0
2020-04-19 00:00:00+00:00,0.0
2020-04-20 00:00:00+00:00,0.0
2020-04-21 00:00:00+00:00,0.0
2020-04-22 00:00:00+00:00,-0.003991104050833729
2020-04-23 00:00:00+00:00,-0.007102570646373687
2020-04-24 00:00:00+00:00,0.0
2020-04-26 00:00:00+00:00,0.0
2020-04-27 00:00:00+00:00,0.0
2020-04-28 00:00:00+00:00,0.0
2020-04-29 00:00:00+00:00,-0.0016224332002733222
2020-04-30 00:00:00+00:00,-0.012850144888083668
2020-05-01 00:00:00+00:00,-0.0011457073760583075
2020-05-03 00:00:00+00:00,0.0
2020-05-04 00:00:00+00:00,0.0
2020-05-05 00:00:00+00:00,0.0
2020-05-06 00:00:00+00:00,0.0
2020-05-07 00:00:00+00:00,0.0
2020-05-08 00:00:00+00:00,0.0
2020-05-10 00:00:00+00:00,0.0
2020-05-11 00:00:00+00:00,0.0
2020-05-12 00:00:00+00:00,0.0
2020-05-13 00:00:00+00:00,-0.004269711838281221
2020-05-14 00:00:00+00:00,-0.004853603274316964
2020-05-15 00:00:00+00:00,-0.03865638551074342
2020-05-17 00:00:00+00:00,0.008026976551151449
2020-05-18 00:00:00+00:00,-0.008370927578335583
2020-05-19 00:00:00+00:00,0.0001266763612862427
2020-05-20 00:00:00+00:00,-0.00858765551785412
2020-05-21 00:00:00+00:00,0.0
2020-05-22 00:00:00+00:00,0.0
2020-05-24 00:00:00+00:00,0.0
2020-05-25 00:00:00+00:00,0.0
2020-05-26 00:00:00+00:00,0.00801284011005805
2020-05-27 00:00:00+00:00,0.015888695063284122
2020-05-28 00:00:00+00:00,0.0
2020-05-29 00:00:00+00:00,0.0
2020-05-31 00:00:00+00:00,0.0017416138244829064
2020-06-01 00:00:00+00:00,-0.013487341808330316
2020-06-02 00:00:00+00:00,-0.010000000000000071
2020-06-03 00:00:00+00:00,0.01868256586085666
2020-06-04 00:00:00+00:00,0.0
2020-06-05 00:00:00+00:00,-0.014820805122084295
2020-06-07 00:00:00+00:00,0.0
2020-06-08 00:00:00+00:00,0.0
2020-06-09 00:00:00+00:00,0.0
2020-06-10 00:00:00+00:00,0.0007585143753478085
2020-06-11 00:00:00+00:00,-0.013316401444501358
2020-06-12 00:00:00+00:00,0.0
2020-06-14 00:00:00+00:00,0.0
2020-06-15 00:00:00+00:00,0.0
2020-06-16 00:00:00+00:00,0.0
2020-06-17 00:00:00+00:00,0.0
2020-06-18 00:00:00+00:00,-0.003481811967043183
2020-06-19 00:00:00+00:00,0.027041289023161358
2020-06-21 00:00:00+00:00,0.015790533736152496
2020-06-22 00:00:00+00:00,-0.0048900009623765815
2020-06-23 00:00:00+00:00,-0.009399118942731169
2020-06-24 00:00:00+00:00,-0.01513914033755819
2020-06-25 00:00:00+00:00,0.0
2020-06-26 00:00:00+00:00,0.001553426939552469
2020-06-28 00:00:00+00:00,0.00041646834840545653
2020-06-29 00:00:00+00:00,-0.0021064374107565877
2020-06-30 00:00:00+00:00,0.0030559519764410937
2020-07-01 00:00:00+00:00,-0.0056174909891876
2020-07-02 00:00:00+00:00,-0.0033979566497569897
2020-07-03 00:00:00+00:00,0.0
2020-07-05 00:00:00+00:00,0.0
2020-07-06 00:00:00+00:00,-0.00638749944668295
2020-07-07 00:00:00+00:00,0.001641821523381737
2020-07-08 00:00:00+00:00,0.04300792960061846
2020-07-09 00:00:00+00:00,0.0
2020-07-10 00:00:00+00:00,0.0
2020-07-12 00:00:00+00:00,0.0
2020-07-13 00:00:00+00:00,-0.009999999999999926
2020-07-14 00:00:00+00:00,0.0
2020-07-15 00:00:00+00:00,-0.007329486776525498
2020-07-16 00:00:00+00:00,0.0
2020-07-17 00:00:00+00:00,0.0
2020-07-19 00:00:00+00:00,0.0
2020-07-20 00:00:00+00:00,0.0036283334866921303
2020-07-21 00:00:00+00:00,0.028966987885940976
2020-07-22 00:00:00+00:00,-0.012437908181321245
2020-07-23 00:00:00+00:00,-0.006035294379425245
2020-07-24 00:00:00+00:00,-0.004037316117685204
2020-07-26 00:00:00+00:00,0.012503212541763502
2020-07-27 00:00:00+00:00,0.08334557905808727
2020-07-28 00:00:00+00:00,-0.004126134185303165
2020-07-29 00:00:00+00:00,0.0005384951579141277
2020-07-30 00:00:00+00:00,0.0
2020-07-31 00:00:00+00:00,-0.000635143723113544
2020-08-02 00:00:00+00:00,-0.01
2020-08-03 00:00:00+00:00,0.0
2020-08-04 00:00:00+00:00,0.06587962872876561
2020-08-05 00:00:00+00:00,-0.017960040316830024
2020-08-06 00:00:00+00:00,-0.012862100129706611
2020-08-07 00:00:00+00:00,-0.009605712251607515
2020-08-09 00:00:00+00:00,0.0
2020-08-10 00:00:00+00:00,0.0
2020-08-11 00:00:00+00:00,0.007998408686698487
2020-08-12 00:00:00+00:00,0.0006950627977479375
2020-08-13 00:00:00+00:00,0.0
2020-08-14 00:00:00+00:00,0.0
2020-08-16 00:00:00+00:00,0.0
2020-08-17 00:00:00+00:00,0.0
2020-08-18 00:00:00+00:00,-0.004615598498540698
2020-08-19 00:00:00+00:00,0.0
2020-08-20 00:00:00+00:00,0.0
2020-08-21 00:00:00+00:00,-0.0036678915939365076
2020-08-23 00:00:00+00:00,0.0
2020-08-24 00:00:00+00:00,-0.010000000000000047
2020-08-25 00:00:00+00:00,-0.015044912565376592
2020-08-26 00:00:00+00:00,-0.0060629728289822915
2020-08-27 00:00:00+00:00,0.0
2020-08-28 00:00:00+00:00,0.0
2020-08-30 00:00:00+00:00,-0.002740288671276561
2020-08-31 00:00:00+00:00,-0.007259711328723493
2020-09-01 00:00:00+00:00,0.0023324524475307664
2020-09-02 00:00:00+00:00,0.0
2020-09-03 00:00:00+00:00,-0.019999999999999744
2020-09-04 00:00:00+00:00,0.0
2020-09-06 00:00:00+00:00,0.0
2020-09-07 00:00:00+00:00,0.0
2020-09-08 00:00:00+00:00,-0.013048302206567589
2020-09-09 00:00:00+00:00,0.0
2020-09-10 00:00:00+00:00,0.0008224094448910572
2020-09-11 00:00:00+00:00,0.0
2020-09-13 00:00:00+00:00,0.0
2020-09-14 00:00:00+00:00,-0.0012226741230299256
2020-09-15 00:00:00+00:00,-0.007376182180187976
2020-09-16 00:00:00+00:00,-0.01000000000000011
2020-09-17 00:00:00+00:00,0.0
2020-09-18 00:00:00+00:00,-0.010000000000000146
2020-09-20 00:00:00+00:00,0.0
2020-09-21 00:00:00+00:00,0.029374948359911075
2020-09-22 00:00:00+00:00,0.0
2020-09-23 00:00:00+00:00,0.019179903932508912
2020-09-24 00:00:00+00:00,-0.01901259179993827
2020-09-25 00:00:00+00:00,0.0
2020-09-27 00:00:00+00:00,0.0
2020-09-28 00:00:00+00:00,0.0
2020-09-29 00:00:00+00:00,0.0
2020-09-30 00:00:00+00:00,0.0
2020-10-01 00:00:00+00:00,-0.005685155990706868
2020-10-02 00:00:00+00:00,-0.007680831212892114
2020-10-04 00:00:00+00:00,0.0
2020-10-05 00:00:00+00:00,0.0010334261158319719
2020-10-06 00:00:00+00:00,0.0
2020-10-07 00:00:00+00:00,0.0
2020-10-08 00:00:00+00:00,0.0
2020-10-09 00:00:00+00:00,0.04105935596170571
2020-10-11 00:00:00+00:00,-0.0025831157528283777
2020-10-12 00:00:00+00:00,-0.0031115752828545775
2020-10-13 00:00:00+00:00,0.0
2020-10-14 00:00:00+00:00,-0.010000000000000224
2020-10-15 00:00:00+00:00,0.0
2020-10-16 00:00:00+00:00,-0.010000000000000222
2020-10-18 00:00:00+00:00,0.0
2020-10-19 00:00:00+00:00,-0.010000000000000165
2020-10-20 00:00:00+00:00,0.0
2020-10-21 00:00:00+00:00,-0.02346966919257534
2020-10-22 00:00:00+00:00,0.0
2020-10-23 00:00:00+00:00,0.0
2020-10-25 00:00:00+00:00,-0.01
2020-10-26 00:00:00+00:00,0.0
2020-10-27 00:00:00+00:00,0.0
2020-10-28 00:00:00+00:00,0.034675832178762356
2020-10-29 00:00:00+00:00,-0.006137206427688783
2020-10-30 00:00:00+00:00,0.0
2020-11-01 00:00:00+00:00,0.0
2020-11-02 00:00:00+00:00,0.0
2020-11-03 00:00:00+00:00,0.004690023302467613
2020-11-04 00:00:00+00:00,-0.010298469294560584
2020-11-05 00:00:00+00:00,0.04684286199775219
2020-11-06 00:00:00+00:00,-0.023116805704894515
2020-11-08 00:00:00+00:00,0.0
2020-11-09 00:00:00+00:00,-0.0036614376831578185
2020-11-10 00:00:00+00:00,0.0
2020-11-11 00:00:00+00:00,-0.0018246117224695075
2020-11-12 00:00:00+00:00,0.0
2020-11-13 00:00:00+00:00,0.0
2020-11-15 00:00:00+00:00,0.0
2020-11-16 00:00:00+00:00,-0.009999999999999953
2020-11-17 00:00:00+00:00,-0.0099999999999999
2020-11-18 00:00:00+00:00,0.00030221644238405165
2020-11-19 00:00:00+00:00,-0.011792797150521396
2020-11-20 00:00:00+00:00,0.0
2020-11-22 00:00:00+00:00,0.0
2020-11-23 00:00:00+00:00,0.0022131002398544167
2020-11-24 00:00:00+00:00,0.018322926128866126
2020-11-25 00:00:00+00:00,0.0
2020-11-26 00:00:00+00:00,0.0
2020-11-27 00:00:00+00:00,0.010538623226484965
2020-11-29 00:00:00+00:00,0.0
2020-11-30 00:00:00+00:00,-0.01000000000000005
2020-12-01 00:00:00+00:00,0.0
2020-12-02 00:00:00+00:00,0.0
2020-12-03 00:00:00+00:00,0.0014403403658617485
2020-12-04 00:00:00+00:00,-0.010000000000000175
2020-12-06 00:00:00+00:00,0.0
2020-12-07 00:00:00+00:00,0.005822199482565665
2020-12-08 00:00:00+00:00,-0.019999999999999893
2020-12-09 00:00:00+00:00,0.0
2020-12-10 00:00:00+00:00,0.0
2020-12-11 00:00:00+00:00,-0.0055521940371835
2020-12-13 00:00:00+00:00,0.0
2020-12-14 00:00:00+00:00,-0.01000000000000005
2020-12-15 00:00:00+00:00,0.0
2020-12-16 00:00:00+00:00,-0.015547523349622602
2020-12-17 00:00:00+00:00,0.011153098471770128
2020-12-18 00:00:00+00:00,0.0
2020-12-20 00:00:00+00:00,0.0
2020-12-21 00:00:00+00:00,0.013059031836622308
2020-12-22 00:00:00+00:00,0.0
2020-12-23 00:00:00+00:00,0.0
2020-12-24 00:00:00+00:00,-0.009999999999999676
2020-12-27 00:00:00+00:00,0.0006654650114840067
2020-12-28 00:00:00+00:00,0.012743262493821666
2020-12-29 00:00:00+00:00,0.0
2020-12-30 00:00:00+00:00,0.011777978747456484
2020-12-31 00:00:00+00:00,-0.0004524078679625543
2021-01-03 00:00:00+00:00,0.005123539480539062
2021-01-04 00:00:00+00:00,0.011988717330767186
2021-01-05 00:00:00+00:00,-0.010000000000000064
2021-01-06 00:00:00+00:00,-0.00999999999999989
2021-01-07 00:00:00+00:00,0.0
2021-01-08 00:00:00+00:00,0.020547158623360456
2021-01-10 00:00:00+00:00,0.0
2021-01-11 00:00:00+00:00,-0.01
2021-01-12 00:00:00+00:00,0.0
2021-01-13 00:00:00+00:00,-0.0005568899444056422
2021-01-14 00:00:00+00:00,-0.00037659163256020817
2021-01-15 00:00:00+00:00,0.009122175682850838
2021-01-17 00:00:00+00:00,0.008388237649816239
2021-01-18 00:00:00+00:00,-0.016970337715186384
2021-01-19 00:00:00+00:00,0.0
2021-01-20 00:00:00+00:00,0.0
2021-01-21 00:00:00+00:00,-0.01
2021-01-22 00:00:00+00:00,0.0
2021-01-24 00:00:00+00:00,0.0
2021-01-25 00:00:00+00:00,-0.01
2021-01-26 00:00:00+00:00,0.0
2021-01-27 00:00:00+00:00,-0.011507022516278966
2021-01-28 00:00:00+00:00,0.0
2021-01-29 00:00:00+00:00,0.0
2021-01-31 00:00:00+00:00,0.0
2021-02-01 00:00:00+00:00,0.0
2021-02-02 00:00:00+00:00,0.0
2021-02-03 00:00:00+00:00,0.0
2021-02-04 00:00:00+00:00,0.0352016248814116
2021-02-05 00:00:00+00:00,0.0
2021-02-07 00:00:00+00:00,0.0
2021-02-08 00:00:00+00:00,0.0
2021-02-09 00:00:00+00:00,-0.005805931462671753
2021-02-10 00:00:00+00:00,-0.010000000000000156
2021-02-11 00:00:00+00:00,0.0
2021-02-12 00:00:00+00:00,-0.005172994189057397
2021-02-14 00:00:00+00:00,0.0
2021-02-15 00:00:00+00:00,0.0
2021-02-16 00:00:00+00:00,-0.0059808453613319785
2021-02-17 00:00:00+00:00,-0.011726301093295257
2021-02-18 00:00:00+00:00,0.0
2021-02-19 00:00:00+00:00,-0.00673302517771441
2021-02-21 00:00:00+00:00,0.0
2021-02-22 00:00:00+00:00,0.0
2021-02-23 00:00:00+00:00,0.0
2021-02-24 00:00:00+00:00,0.0
2021-02-25 00:00:00+00:00,0.004690035436249115
2021-02-26 00:00:00+00:00,0.003362685430753111
2021-02-28 00:00:00+00:00,0.0
2021-03-01 00:00:00+00:00,0.0
2021-03-02 00:00:00+00:00,0.004984998902358509
2021-03-03 00:00:00+00:00,-0.006655663020440087
2021-03-04 00:00:00+00:00,-0.0027488576828304918
2021-03-05 00:00:00+00:00,0.0010152867156286367
2021-03-07 00:00:00+00:00,0.0
2021-03-08 00:00:00+00:00,-0.011684826325411016
2021-03-09 00:00:00+00:00,0.0
2021-03-10 00:00:00+00:00,0.0
2021-03-11 00:00:00+00:00,-0.009999999999999926
2021-03-12 00:00:00+00:00,-0.005553907939450117
2021-03-14 00:00:00+00:00,0.0
2021-03-15 00:00:00+00:00,0.0
2021-03-16 00:00:00+00:00,-0.01925785675949719
2021-03-17 00:00:00+00:00,0.00971341572631199
2021-03-18 00:00:00+00:00,0.0005123973286251183
2021-03-19 00:00:00+00:00,-0.002338583447466281
2021-03-21 00:00:00+00:00,-0.007661416552533496
2021-03-22 00:00:00+00:00,0.0
2021-03-23 00:00:00+00:00,0.0
2021-03-24 00:00:00+00:00,0.0
2021-03-25 00:00:00+00:00,-0.00818872746838854
2021-03-26 00:00:00+00:00,0.0
2021-03-28 00:00:00+00:00,0.0
2021-03-29 00:00:00+00:00,-0.007467028513888727
2021-03-30 00:00:00+00:00,0.03880220218044805
2021-03-31 00:00:00+00:00,-0.009999999999999783
2021-04-01 00:00:00+00:00,0.0
2021-04-04 00:00:00+00:00,0.0
2021-04-05 00:00:00+00:00,-0.008130951151502572
2021-04-06 00:00:00+00:00,0.006583794077976898
2021-04-07 00:00:00+00:00,-0.0009074921361166999
2021-04-08 00:00:00+00:00,-0.02394714775759124
2021-04-09 00:00:00+00:00,0.0
2021-04-11 00:00:00+00:00,0.0
2021-04-12 00:00:00+00:00,0.0
2021-04-13 00:00:00+00:00,-0.010000000000000262
2021-04-14 00:00:00+00:00,0.0
2021-04-15 00:00:00+00:00,0.007684464005899278
2021-04-16 00:00:00+00:00,0.010634824463967518
2021-04-18 00:00:00+00:00,0.0
2021-04-19 00:00:00+00:00,-0.0010420574587817987
2021-04-20 00:00:00+00:00,-0.002097209632286334
2021-04-21 00:00:00+00:00,0.005290861930250024
2021-04-22 00:00:00+00:00,0.0
2021-04-23 00:00:00+00:00,-0.006036201359636257
2021-04-25 00:00:00+00:00,0.0
2021-04-26 00:00:00+00:00,0.0
2021-04-27 00:00:00+00:00,-0.01
2021-04-28 00:00:00+00:00,0.0
2021-04-29 00:00:00+00:00,-0.010000000000000127
2021-04-30 00:00:00+00:00,0.0
2021-05-02 00:00:00+00:00,0.0
2021-05-03 00:00:00+00:00,-0.0021616445635087435
2021-05-04 00:00:00+00:00,0.0
2021-05-05 00:00:00+00:00,-0.005552444258348269
2021-05-06 00:00:00+00:00,0.01465663218002197
2021-05-07 00:00:00+00:00,-0.008906499968759304
2021-05-09 00:00:00+00:00,0.0
2021-05-10 00:00:00+00:00,-0.010000000000000056
2021-05-11 00:00:00+00:00,0.0
2021-05-12 00:00:00+00:00,0.0
2021-05-13 00:00:00+00:00,0.0
2021-05-14 00:00:00+00:00,0.032254400908575044
2021-05-16 00:00:00+00:00,0.01019023282226056
2021-05-17 00:00:00+00:00,0.025682950215313007
2021-05-18 00:00:00+00:00,0.0010035595825587341
2021-05-19 00:00:00+00:00,-0.006558473448182077
2021-05-20 00:00:00+00:00,0.0
2021-05-21 00:00:00+00:00,-0.0071116233584795595
2021-05-23 00:00:00+00:00,0.0
2021-05-24 00:00:00+00:00,0.0
2021-05-25 00:00:00+00:00,-0.00866272761581292
2021-05-26 00:00:00+00:00,-0.01943016281062581
2021-05-27 00:00:00+00:00,0.0
2021-05-28 00:00:00+00:00,0.0020394677559847775
2021-05-30 00:00:00+00:00,0.0001934340552070049
2021-05-31 00:00:00+00:00,-0.007459219619575116
2021-06-01 00:00:00+00:00,-0.016781229176277158
2021-06-02 00:00:00+00:00,-0.007677326012761858
2021-06-03 00:00:00+00:00,0.0
2021-06-04 00:00:00+00:00,-0.00999999999999993
2021-06-06 00:00:00+00:00,0.0
2021-06-07 00:00:00+00:00,-0.0037221204611566677
2021-06-08 00:00:00+00:00,0.006248787846137023
2021-06-09 00:00:00+00:00,0.0
2021-06-10 00:00:00+00:00,-0.022651217961994742
2021-06-11 00:00:00+00:00,-0.010000000000000127
2021-06-13 00:00:00+00:00,0.0
2021-06-14 00:00:00+00:00,0.028212459179019087
2021-06-15 00:00:00+00:00,-0.0039320174931160475
2021-06-16 00:00:00+00:00,0.02820234269721202
2021-06-17 00:00:00+00:00,0.014702890246535722
2021-06-18 00:00:00+00:00,-0.004725772342772949
2021-06-20 00:00:00+00:00,-0.0066019216623763935
2021-06-21 00:00:00+00:00,0.0
2021-06-22 00:00:00+00:00,0.0
2021-06-23 00:00:00+00:00,0.0
2021-06-24 00:00:00+00:00,0.0
2021-06-25 00:00:00+00:00,0.0
2021-06-27 00:00:00+00:00,0.0
2021-06-28 00:00:00+00:00,-0.01
2021-06-29 00:00:00+00:00,-0.009120337971986405
2021-06-30 00:00:00+00:00,0.0
2021-07-01 00:00:00+00:00,0.0
2021-07-02 00:00:00+00:00,0.0
2021-07-04 00:00:00+00:00,0.0
2021-07-05 00:00:00+00:00,0.0
2021-07-06 00:00:00+00:00,0.027962076818770443
2021-07-07 00:00:00+00:00,0.0
2021-07-08 00:00:00+00:00,-0.0052975331973937135
2021-07-09 00:00:00+00:00,-0.0010766707949173226
2021-07-11 00:00:00+00:00,0.0
2021-07-12 00:00:00+00:00,0.0
2021-07-13 00:00:00+00:00,-0.020000000000000386
2021-07-14 00:00:00+00:00,-0.009999999999999926
2021-07-15 00:00:00+00:00,-0.005521396716956193
2021-07-16 00:00:00+00:00,0.0
2021-07-18 00:00:00+00:00,0.0
2021-07-19 00:00:00+00:00,0.0
2021-07-20 00:00:00+00:00,-0.010000000000000196
2021-07-21 00:00:00+00:00,-0.0010245232402170106
2021-07-22 00:00:00+00:00,-0.010000000000000172
2021-07-23 00:00:00+00:00,0.0
2021-07-25 00:00:00+00:00,0.0
2021-07-26 00:00:00+00:00,0.0
2021-07-27 00:00:00+00:00,-0.019999999999999872
2021-07-28 00:00:00+00:00,0.0
2021-07-29 00:00:00+00:00,-0.00014170040485816937
2021-07-30 00:00:00+00:00,0.0
2021-08-01 00:00:00+00:00,0.0
2021-08-02 00:00:00+00:00,0.0
2021-08-03 00:00:00+00:00,0.0
2021-08-04 00:00:00+00:00,0.028468836124655672
2021-08-05 00:00:00+00:00,0.0
2021-08-06 00:00:00+00:00,0.014707205724193656
2021-08-08 00:00:00+00:00,0.11184611078064251
2021-08-09 00:00:00+00:00,0.0
2021-08-10 00:00:00+00:00,-0.01
2021-08-11 00:00:00+00:00,0.0
2021-08-12 00:00:00+00:00,0.0
2021-08-13 00:00:00+00:00,0.0
2021-08-15 00:00:00+00:00,0.0
2021-08-16 00:00:00+00:00,-0.005258929706368462
2021-08-17 00:00:00+00:00,0.00211997670355238
2021-08-18 00:00:00+00:00,0.0
2021-08-19 00:00:00+00:00,0.0
2021-08-20 00:00:00+00:00,0.0
2021-08-22 00:00:00+00:00,0.0
2021-08-23 00:00:00+00:00,0.03398037026700144
2021-08-24 00:00:00+00:00,-0.020000000000000122
2021-08-25 00:00:00+00:00,0.0
2021-08-26 00:00:00+00:00,-0.006252834373293084
2021-08-27 00:00:00+00:00,0.018170964700509586
2021-08-29 00:00:00+00:00,0.0015536291709664697
2021-08-30 00:00:00+00:00,0.0009578947368423397
2021-08-31 00:00:00+00:00,0.0
2021-09-01 00:00:00+00:00,-0.008970847537321835
2021-09-02 00:00:00+00:00,0.0
2021-09-03 00:00:00+00:00,0.024562690548780904
2021-09-05 00:00:00+00:00,0.0
2021-09-06 00:00:00+00:00,0.0
2021-09-07 00:00:00+00:00,0.0
2021-09-08 00:00:00+00:00,0.00024171190943731073
2021-09-09 00:00:00+00:00,0.0
2021-09-10 00:00:00+00:00,0.003521693261242448
2021-09-12 00:00:00+00:00,0.0008908083871817885
2021-09-13 00:00:00+00:00,-0.0013177502307791884
2021-09-14 00:00:00+00:00,-0.010000000000000097
2021-09-15 00:00:00+00:00,0.0
2021-09-16 00:00:00+00:00,0.12965320505649217
2021-09-17 00:00:00+00:00,0.0
2021-09-19 00:00:00+00:00,0.0
2021-09-20 00:00:00+00:00,-0.010000000000000257
2021-09-21 00:00:00+00:00,0.0
2021-09-22 00:00:00+00:00,-8.671310671020871e-05
2021-09-23 00:00:00+00:00,-0.005587270017116999
2021-09-24 00:00:00+00:00,0.0
2021-09-26 00:00:00+00:00,0.0
2021-09-27 00:00:00+00:00,0.0
2021-09-28 00:00:00+00:00,-0.004305234278557858
2021-09-29 00:00:00+00:00,0.004275664681707852
2021-09-30 00:00:00+00:00,0.0
2021-10-01 00:00:00+00:00,0.0
2021-10-03 00:00:00+00:00,-0.008105769781699966
2021-10-04 00:00:00+00:00,-0.005123792108237431
2021-10-05 00:00:00+00:00,0.0
2021-10-06 00:00:00+00:00,-0.008419572553431117
2021-10-07 00:00:00+00:00,-0.009999999999999915
2021-10-08 00:00:00+00:00,-0.006635584220478122
2021-10-10 00:00:00+00:00,0.0
2021-10-11 00:00:00+00:00,0.0
2021-10-12 00:00:00+00:00,-0.009999999999999915
2021-10-13 00:00:00+00:00,0.020269795171644983
2021-10-14 00:00:00+00:00,-0.007254836926478067
2021-10-15 00:00:00+00:00,0.0
2021-10-17 00:00:00+00:00,0.0
2021-10-18 00:00:00+00:00,0.0
2021-10-19 00:00:00+00:00,0.0
2021-10-20 00:00:00+00:00,-0.009999999999999924
2021-10-21 00:00:00+00:00,0.0
2021-10-22 00:00:00+00:00,0.06822535701846207
2021-10-24 00:00:00+00:00,0.0
2021-10-25 00:00:00+00:00,0.0
2021-10-26 00:00:00+00:00,0.0
2021-10-27 00:00:00+00:00,-0.009999999999999912
2021-10-28 00:00:00+00:00,-0.018346207515199796
2021-10-29 00:00:00+00:00,0.0
2021-10-31 00:00:00+00:00,0.0
2021-11-01 00:00:00+00:00,0.0
2021-11-02 00:00:00+00:00,0.0
2021-11-03 00:00:00+00:00,0.021508786969567182
2021-11-04 00:00:00+00:00,0.0
2021-11-05 00:00:00+00:00,0.021530618035981136
2021-11-07 00:00:00+00:00,-0.0030536690565824043
2021-11-08 00:00:00+00:00,-0.016589196782510557
2021-11-09 00:00:00+00:00,-0.02219193228610613
2021-11-10 00:00:00+00:00,0.003044809036007865
2021-11-11 00:00:00+00:00,0.0
2021-11-12 00:00:00+00:00,-0.009999999999999776
2021-11-14 00:00:00+00:00,0.0
2021-11-15 00:00:00+00:00,0.0
2021-11-16 00:00:00+00:00,-0.015521068789851735
2021-11-17 00:00:00+00:00,0.0
2021-11-18 00:00:00+00:00,-0.00933573982862062
2021-11-19 00:00:00+00:00,0.0
2021-11-21 00:00:00+00:00,0.0
2021-11-22 00:00:00+00:00,0.02907145001501042
2021-11-23 00:00:00+00:00,0.020522092565883807
2021-11-24 00:00:00+00:00,0.0
2021-11-25 00:00:00+00:00,0.0
2021-11-26 00:00:00+00:00,-0.002690727419156711
2021-11-28 00:00:00+00:00,-0.004842613194283185
2021-11-29 00:00:00+00:00,0.0
2021-11-30 00:00:00+00:00,0.003399603739706816
2021-12-01 00:00:00+00:00,0.0
2021-12-02 00:00:00+00:00,-0.02237185038560177
2021-12-03 00:00:00+00:00,0.0
2021-12-05 00:00:00+00:00,0.0
2021-12-06 00:00:00+00:00,0.0
2021-12-07 00:00:00+00:00,-0.010000000000000243
2021-12-08 00:00:00+00:00,0.0
2021-12-09 00:00:00+00:00,-0.0023158180981465606
2021-12-10 00:00:00+00:00,-0.006872234955491994
2021-12-12 00:00:00+00:00,0.0
2021-12-13 00:00:00+00:00,0.0
2021-12-14 00:00:00+00:00,0.0
2021-12-15 00:00:00+00:00,-0.005650568514828669
2021-12-16 00:00:00+00:00,4.792596265117209e-05
2021-12-17 00:00:00+00:00,0.01596595604032428
2021-12-19 00:00:00+00:00,0.0
2021-12-20 00:00:00+00:00,0.0
2021-12-21 00:00:00+00:00,0.0
2021-12-22 00:00:00+00:00,0.0061557788944726875
2021-12-23 00:00:00+00:00,-0.0038120535071563015
2021-12-26 00:00:00+00:00,0.0
2021-12-27 00:00:00+00:00,-0.009999999999999612
2021-12-28 00:00:00+00:00,-0.00883743289800399
2021-12-29 00:00:00+00:00,0.0
2021-12-30 00:00:00+00:00,0.0185024643405027
2021-12-31 00:00:00+00:00,-8.958490054154127e-05
2022-01-02 00:00:00+00:00,0.002318760376314237
2022-01-03 00:00:00+00:00,-0.0033267451972491297
2022-01-04 00:00:00+00:00,0.0
2022-01-05 00:00:00+00:00,-0.015866929883335733
2022-01-06 00:00:00+00:00,0.0
2022-01-07 00:00:00+00:00,0.0
2022-01-09 00:00:00+00:00,0.0
2022-01-10 00:00:00+00:00,0.0
2022-01-11 00:00:00+00:00,0.014927768482077594
2022-01-12 00:00:00+00:00,-0.014107095869115053
2022-01-13 00:00:00+00:00,0.0
2022-01-14 00:00:00+00:00,0.0
2022-01-16 00:00:00+00:00,0.0
2022-01-17 00:00:00+00:00,0.0
2022-01-18 00:00:00+00:00,0.0
2022-01-19 00:00:00+00:00,0.04371123417721501
2022-01-20 00:00:00+00:00,-0.010000000000000366
2022-01-21 00:00:00+00:00,0.0
2022-01-23 00:00:00+00:00,0.0
2022-01-24 00:00:00+00:00,0.0
2022-01-25 00:00:00+00:00,-0.01
2022-01-26 00:00:00+00:00,0.0
2022-01-27 00:00:00+00:00,-0.02086170857316019
2022-01-28 00:00:00+00:00,0.01285100872410045
2022-01-30 00:00:00+00:00,0.0
2022-01-31 00:00:00+00:00,0.0
2022-02-01 00:00:00+00:00,0.0
2022-02-02 00:00:00+00:00,-0.02000000000000013
2022-02-03 00:00:00+00:00,-0.004431450871153626
2022-02-04 00:00:00+00:00,0.0
2022-02-06 00:00:00+00:00,0.0
2022-02-07 00:00:00+00:00,-0.003061258835409267
2022-02-08 00:00:00+00:00,-0.015036804801438413
2022-02-09 00:00:00+00:00,-0.011642137966567174
2022-02-10 00:00:00+00:00,-0.008708667103296645
2022-02-11 00:00:00+00:00,0.01503467372393363
2022-02-13 00:00:00+00:00,0.0009983091965009572
2022-02-14 00:00:00+00:00,0.003141712062545469
2022-02-15 00:00:00+00:00,-0.0026569142348292695
2022-02-16 00:00:00+00:00,0.012837975908797738
2022-02-17 00:00:00+00:00,-0.007635031876784194
2022-02-18 00:00:00+00:00,-0.009999999999999752
2022-02-20 00:00:00+00:00,0.0014258232431826059
2022-02-21 00:00:00+00:00,-0.013951662927324113
2022-02-22 00:00:00+00:00,-0.004376955382056572
2022-02-23 00:00:00+00:00,-0.00792312520467115
2022-02-24 00:00:00+00:00,0.059263363146026315
2022-02-25 00:00:00+00:00,0.0
2022-02-27 00:00:00+00:00,0.0
2022-02-28 00:00:00+00:00,0.0
2022-03-01 00:00:00+00:00,0.004584324413877767
2022-03-02 00:00:00+00:00,-0.0005106664149516205
2022-03-03 00:00:00+00:00,-0.017836989247311814
2022-03-04 00:00:00+00:00,-0.0019330238425814411
2022-03-06 00:00:00+00:00,0.016984856535600504
2022-03-07 00:00:00+00:00,-0.001745882040382547
2022-03-08 00:00:00+00:00,0.0042945264788777264
2022-03-09 00:00:00+00:00,0.0
2022-03-10 00:00:00+00:00,0.0
2022-03-11 00:00:00+00:00,0.0
2022-03-13 00:00:00+00:00,0.0
2022-03-14 00:00:00+00:00,0.0
2022-03-15 00:00:00+00:00,0.02717007256924293
2022-03-16 00:00:00+00:00,0.0
2022-03-17 00:00:00+00:00,0.0
2022-03-18 00:00:00+00:00,-0.0010164689215509744
2022-03-20 00:00:00+00:00,-0.008307951124491423
2022-03-21 00:00:00+00:00,0.0
2022-03-22 00:00:00+00:00,-0.009999999999999919
2022-03-23 00:00:00+00:00,0.0
2022-03-24 00:00:00+00:00,-0.006265589854827995
2022-03-25 00:00:00+00:00,0.0
2022-03-27 00:00:00+00:00,0.0
2022-03-28 00:00:00+00:00,-0.00396061532535697
2022-03-29 00:00:00+00:00,0.025815083947176177
2022-03-30 00:00:00+00:00,0.0
2022-03-31 00:00:00+00:00,0.0
2022-04-01 00:00:00+00:00,0.0
2022-04-03 00:00:00+00:00,0.0
2022-04-04 00:00:00+00:00,-0.007199686590552945
2022-04-05 00:00:00+00:00,-0.0031012253526640637
2022-04-06 00:00:00+00:00,0.0
2022-04-07 00:00:00+00:00,0.0
2022-04-08 00:00:00+00:00,-0.005482384653961948
2022-04-10 00:00:00+00:00,-0.009999999999999823
2022-04-11 00:00:00+00:00,0.011591689861832115
2022-04-12 00:00:00+00:00,-0.015825109321608456
2022-04-13 00:00:00+00:00,-0.017368950150274412
2022-04-14 00:00:00+00:00,0.0
2022-04-17 00:00:00+00:00,0.009118642792657804
2022-04-18 00:00:00+00:00,-0.0044329295817032155
2022-04-19 00:00:00+00:00,0.0
2022-04-20 00:00:00+00:00,0.0
2022-04-21 00:00:00+00:00,-0.009999999999999943
2022-04-22 00:00:00+00:00,-0.020000000000000143
2022-04-24 00:00:00+00:00,0.0
2022-04-25 00:00:00+00:00,0.025704988531490783
2022-04-26 00:00:00+00:00,0.0
2022-04-27 00:00:00+00:00,-0.01572598067083586
2022-04-28 00:00:00+00:00,0.004266799011161815
2022-04-29 00:00:00+00:00,0.0
2022-05-01 00:00:00+00:00,0.0
2022-05-02 00:00:00+00:00,0.05191281394976749
2022-05-03 00:00:00+00:00,-0.019999999999999934
2022-05-04 00:00:00+00:00,0.0
2022-05-05 00:00:00+00:00,0.0
2022-05-06 00:00:00+00:00,-0.005349732262383294
2022-05-08 00:00:00+00:00,0.0
2022-05-09 00:00:00+00:00,0.019122132031907192
2022-05-10 00:00:00+00:00,0.01926911972565037
2022-05-11 00:00:00+00:00,-0.004202004766323233
2022-05-12 00:00:00+00:00,0.019457063257948423
2022-05-13 00:00:00+00:00,-0.001176909078950243
2022-05-15 00:00:00+00:00,0.0
2022-05-16 00:00:00+00:00,-0.005589179699230896
2022-05-17 00:00:00+00:00,-0.0030010739317201467
2022-05-18 00:00:00+00:00,-0.005242992489046066
2022-05-19 00:00:00+00:00,0.0
2022-05-20 00:00:00+00:00,0.0
2022-05-22 00:00:00+00:00,0.0
2022-05-23 00:00:00+00:00,0.004659353439210879
2022-05-24 00:00:00+00:00,-0.01735060236173531
2022-05-25 00:00:00+00:00,0.0
2022-05-26 00:00:00+00:00,0.0
2022-05-27 00:00:00+00:00,-0.013442252759977983
2022-05-29 00:00:00+00:00,0.0
2022-05-30 00:00:00+00:00,-0.009557964011228434
2022-05-31 00:00:00+00:00,-0.0009223943848494767
2022-06-01 00:00:00+00:00,-0.021781795355393034
2022-06-02 00:00:00+00:00,0.01889930291137041
2022-06-03 00:00:00+00:00,-0.008670566535630671
2022-06-05 00:00:00+00:00,0.0
2022-06-06 00:00:00+00:00,0.006198999531030554
2022-06-07 00:00:00+00:00,-0.007190089104268592
2022-06-08 00:00:00+00:00,-0.00659626137225146
2022-06-09 00:00:00+00:00,0.0
2022-06-10 00:00:00+00:00,-0.005755408941801129
2022-06-12 00:00:00+00:00,-0.0023052335905466184
2022-06-13 00:00:00+00:00,-0.014789409819506067
2022-06-14 00:00:00+00:00,-0.005673701463125201
2022-06-15 00:00:00+00:00,0.0
2022-06-16 00:00:00+00:00,0.0
2022-06-17 00:00:00+00:00,0.0
2022-06-19 00:00:00+00:00,0.0
2022-06-20 00:00:00+00:00,0.0
2022-06-21 00:00:00+00:00,-0.008814385921221529
2022-06-22 00:00:00+00:00,-0.0032076212924773296
2022-06-23 00:00:00+00:00,-0.01020165900750734
2022-06-24 00:00:00+00:00,-0.0022588108008568153
2022-06-26 00:00:00+00:00,0.0
2022-06-27 00:00:00+00:00,0.0
2022-06-28 00:00:00+00:00,-0.0010873909883709109
2022-06-29 00:00:00+00:00,-0.018912609011629267
2022-06-30 00:00:00+00:00,0.003257392565980669
2022-07-01 00:00:00+00:00,0.028034566458398837
2022-07-03 00:00:00+00:00,0.0
2022-07-04 00:00:00+00:00,0.0
2022-07-05 00:00:00+00:00,0.04290657620845137
2022-07-06 00:00:00+00:00,-0.004619957933303571
2022-07-07 00:00:00+00:00,0.0
2022-07-08 00:00:00+00:00,-0.009999999999999853
2022-07-10 00:00:00+00:00,0.0
2022-07-11 00:00:00+00:00,-0.0013497796278156124
2022-07-12 00:00:00+00:00,-0.009999999999999688
2022-07-13 00:00:00+00:00,-0.010000000000000158
2022-07-14 00:00:00+00:00,-0.0063085351670101085
2022-07-15 00:00:00+00:00,0.0
2022-07-17 00:00:00+00:00,0.0
2022-07-18 00:00:00+00:00,0.0
2022-07-19 00:00:00+00:00,-0.01
2022-07-20 00:00:00+00:00,0.010233903179422297
2022-07-21 00:00:00+00:00,-0.011489018023409951
2022-07-22 00:00:00+00:00,0.0
2022-07-24 00:00:00+00:00,0.0
2022-07-25 00:00:00+00:00,0.0
2022-07-26 00:00:00+00:00,0.0
2022-07-27 00:00:00+00:00,0.0
2022-07-28 00:00:00+00:00,-0.016992072892938265
2022-07-29 00:00:00+00:00,0.011816839124339753
2022-07-31 00:00:00+00:00,0.0
2022-08-01 00:00:00+00:00,-0.005923674383868279
2022-08-02 00:00:00+00:00,-0.019606407899552022
2022-08-03 00:00:00+00:00,0.0
2022-08-04 00:00:00+00:00,-0.0014944078538396853
2022-08-05 00:00:00+00:00,0.0
2022-08-07 00:00:00+00:00,0.0
2022-08-08 00:00:00+00:00,-0.0004607149125371108
2022-08-09 00:00:00+00:00,-0.019421231369296667
2022-08-10 00:00:00+00:00,-0.010000000000000106
2022-08-11 00:00:00+00:00,0.0
2022-08-12 00:00:00+00:00,0.0007091302778780731
2022-08-14 00:00:00+00:00,-0.004420657833685432
2022-08-15 00:00:00+00:00,0.0
2022-08-16 00:00:00+00:00,0.0
2022-08-17 00:00:00+00:00,-0.013271434702180746
2022-08-18 00:00:00+00:00,-0.003106855647006242
2022-08-19 00:00:00+00:00,-0.020502506323170362
2022-08-21 00:00:00+00:00,0.0028707629656245836
2022-08-22 00:00:00+00:00,0.01290630136419161
2022-08-23 00:00:00+00:00,0.0
2022-08-24 00:00:00+00:00,0.0
2022-08-25 00:00:00+00:00,0.0
2022-08-26 00:00:00+00:00,0.0009900425813989865
2022-08-28 00:00:00+00:00,0.0
2022-08-29 00:00:00+00:00,0.002491356407176567
2022-08-30 00:00:00+00:00,0.0004355067142258693
2022-08-31 00:00:00+00:00,0.011533777839515306
2022-09-01 00:00:00+00:00,-0.017665741541912364
2022-09-02 00:00:00+00:00,0.0
2022-09-04 00:00:00+00:00,0.0
2022-09-05 00:00:00+00:00,0.0
2022-09-06 00:00:00+00:00,-0.005803062035097449
2022-09-07 00:00:00+00:00,-0.008799524009519806
2022-09-08 00:00:00+00:00,0.0
2022-09-09 00:00:00+00:00,0.0
2022-09-11 00:00:00+00:00,0.0
2022-09-12 00:00:00+00:00,-0.015304525183607625
2022-09-13 00:00:00+00:00,0.0
2022-09-14 00:00:00+00:00,-0.0017586312018900755
2022-09-15 00:00:00+00:00,0.003110579075112036
2022-09-16 00:00:00+00:00,-0.019999999999999747
2022-09-18 00:00:00+00:00,0.0
2022-09-19 00:00:00+00:00,0.0
2022-09-20 00:00:00+00:00,0.0
2022-09-21 00:00:00+00:00,-0.010000000000000061
2022-09-22 00:00:00+00:00,0.0
2022-09-23 00:00:00+00:00,0.0009243733670218461
2022-09-25 00:00:00+00:00,0.0
2022-09-26 00:00:00+00:00,0.005207690849625354
2022-09-27 00:00:00+00:00,0.0
2022-09-28 00:00:00+00:00,0.011464319923371822
2022-09-29 00:00:00+00:00,0.0
2022-09-30 00:00:00+00:00,0.0032035766780993476
2022-10-02 00:00:00+00:00,0.0
2022-10-03 00:00:00+00:00,0.02841127322608818
2022-10-04 00:00:00+00:00,0.010982165837098599
2022-10-05 00:00:00+00:00,0.0
2022-10-06 00:00:00+00:00,0.0
2022-10-07 00:00:00+00:00,0.0
2022-10-09 00:00:00+00:00,0.0
2022-10-10 00:00:00+00:00,0.00267935115851269
2022-10-11 00:00:00+00:00,-0.020000000000000344
2022-10-12 00:00:00+00:00,0.0
2022-10-13 00:00:00+00:00,-0.006011396282414895
2022-10-14 00:00:00+00:00,0.00034619611674204393
2022-10-16 00:00:00+00:00,-0.0020258883868603727
2022-10-17 00:00:00+00:00,0.0
2022-10-18 00:00:00+00:00,0.0
2022-10-19 00:00:00+00:00,0.012352026253315416
2022-10-20 00:00:00+00:00,-0.009993957837778192
2022-10-21 00:00:00+00:00,-0.005516640117105214
2022-10-23 00:00:00+00:00,0.0
2022-10-24 00:00:00+00:00,0.0
2022-10-25 00:00:00+00:00,-0.0013915462709883216
2022-10-26 00:00:00+00:00,0.01364899793224152
2022-10-27 00:00:00+00:00,0.0
2022-10-28 00:00:00+00:00,0.0
2022-10-30 00:00:00+00:00,0.0
2022-10-31 00:00:00+00:00,-0.02078996458838346
2022-11-01 00:00:00+00:00,-0.0039302878534942685
2022-11-02 00:00:00+00:00,-0.012115927586779464
2022-11-03 00:00:00+00:00,0.013771929656895951
2022-11-04 00:00:00+00:00,0.010524645652633969
2022-11-06 00:00:00+00:00,-0.012263592130315118
2022-11-07 00:00:00+00:00,0.0
2022-11-08 00:00:00+00:00,0.017258602796036283
2022-11-09 00:00:00+00:00,0.0
2022-11-10 00:00:00+00:00,0.02432635754342818
2022-11-11 00:00:00+00:00,-0.005576295745207907
2022-11-13 00:00:00+00:00,-0.018217555010534858
2022-11-14 00:00:00+00:00,-0.01
2022-11-15 00:00:00+00:00,0.0022095059910034465
2022-11-16 00:00:00+00:00,0.0
2022-11-17 00:00:00+00:00,0.0
2022-11-18 00:00:00+00:00,0.0
2022-11-20 00:00:00+00:00,0.0
2022-11-21 00:00:00+00:00,0.0
2022-11-22 00:00:00+00:00,0.0
2022-11-23 00:00:00+00:00,-0.00900943593169408
2022-11-24 00:00:00+00:00,-0.007519804753140627
2022-11-25 00:00:00+00:00,-0.007236660003074904
2022-11-27 00:00:00+00:00,0.0
2022-11-28 00:00:00+00:00,-0.007334783260836943
2022-11-29 00:00:00+00:00,0.0
2022-11-30 00:00:00+00:00,0.006735184639879561
2022-12-01 00:00:00+00:00,0.03727946592063505
2022-12-02 00:00:00+00:00,-0.003237625604763581
2022-12-04 00:00:00+00:00,0.0
2022-12-05 00:00:00+00:00,0.004762278491470571
2022-12-06 00:00:00+00:00,0.0
2022-12-07 00:00:00+00:00,-0.01438698689309554
2022-12-08 00:00:00+00:00,-0.005998104098233969
2022-12-09 00:00:00+00:00,-0.027526679537276062
2022-12-11 00:00:00+00:00,0.0
2022-12-12 00:00:00+00:00,0.0
2022-12-13 00:00:00+00:00,-2.0342756251470808e-05
2022-12-14 00:00:00+00:00,0.0
2022-12-15 00:00:00+00:00,0.0
2022-12-16 00:00:00+00:00,0.0
2022-12-18 00:00:00+00:00,0.0
2022-12-19 00:00:00+00:00,-0.009499338991001862
2022-12-20 00:00:00+00:00,0.0103962110933997
2022-12-21 00:00:00+00:00,-0.010000000000000073
2022-12-22 00:00:00+00:00,0.0
2022-12-23 00:00:00+00:00,0.0
2022-12-26 00:00:00+00:00,0.0
2022-12-27 00:00:00+00:00,0.008428355186019499
2022-12-28 00:00:00+00:00,0.0
2022-12-29 00:00:00+00:00,-0.0009396271497235643
2022-12-30 00:00:00+00:00,-0.009999999999999712
2023-01-02 00:00:00+00:00,0.005704760691382741
2023-01-03 00:00:00+00:00,0.042444685097889
2023-01-04 00:00:00+00:00,0.02203051953779744
2023-01-05 00:00:00+00:00,0.0
2023-01-06 00:00:00+00:00,-0.003429702970296796
2023-01-08 00:00:00+00:00,0.00333966996699674
2023-01-09 00:00:00+00:00,0.00622283828382833
2023-01-10 00:00:00+00:00,0.0
2023-01-11 00:00:00+00:00,-0.009999999999999704
2023-01-12 00:00:00+00:00,-0.013774316431595539
2023-01-13 00:00:00+00:00,0.010935382098105446
2023-01-15 00:00:00+00:00,-0.0036665132721150698
2023-01-16 00:00:00+00:00,-0.004670773762482478
2023-01-17 00:00:00+00:00,0.0
2023-01-18 00:00:00+00:00,0.0002606670117577143
2023-01-19 00:00:00+00:00,0.01366083210915568
2023-01-20 00:00:00+00:00,-0.011798794910738954
2023-01-22 00:00:00+00:00,0.0
2023-01-23 00:00:00+00:00,0.0
2023-01-24 00:00:00+00:00,-0.017803317766102784
2023-01-25 00:00:00+00:00,0.011782274366800374
2023-01-26 00:00:00+00:00,-0.004631277498117582
2023-01-27 00:00:00+00:00,0.0
2023-01-29 00:00:00+00:00,0.0
2023-01-30 00:00:00+00:00,0.0
2023-01-31 00:00:00+00:00,0.0011310238860176268
2023-02-01 00:00:00+00:00,0.017024125452352715
2023-02-02 00:00:00+00:00,-0.0103736860244698
2023-02-03 00:00:00+00:00,0.017786269060852216
2023-02-05 00:00:00+00:00,-0.001242696308964364
2023-02-06 00:00:00+00:00,0.0
2023-02-07 00:00:00+00:00,0.0
2023-02-08 00:00:00+00:00,0.0
2023-02-09 00:00:00+00:00,0.0015777951005920227
2023-02-10 00:00:00+00:00,-0.0014102120196151165
2023-02-12 00:00:00+00:00,0.0
2023-02-13 00:00:00+00:00,-0.012739501977888111
2023-02-14 00:00:00+00:00,-0.00999999999999994
2023-02-15 00:00:00+00:00,0.0027035886084023977
2023-02-16 00:00:00+00:00,0.0
2023-02-17 00:00:00+00:00,-0.025420067276482883
2023-02-19 00:00:00+00:00,0.0
2023-02-20 00:00:00+00:00,0.0
2023-02-21 00:00:00+00:00,-0.000501754697703647
2023-02-22 00:00:00+00:00,0.007939542694742683
2023-02-23 00:00:00+00:00,-0.013906956465572964
2023-02-24 00:00:00+00:00,0.0023430169374717507
2023-02-26 00:00:00+00:00,0.0
2023-02-27 00:00:00+00:00,0.0
2023-02-28 00:00:00+00:00,0.0
2023-03-01 00:00:00+00:00,-0.009999999999999945
2023-03-02 00:00:00+00:00,0.0
2023-03-03 00:00:00+00:00,0.01565577748426754
2023-03-05 00:00:00+00:00,-0.007916682533033858
2023-03-06 00:00:00+00:00,-0.010916758691595654
2023-03-07 00:00:00+00:00,0.0
2023-03-08 00:00:00+00:00,-0.01579555782776677
2023-03-09 00:00:00+00:00,0.0
2023-03-10 00:00:00+00:00,0.044621176729231764
2023-03-12 00:00:00+00:00,0.030237709197834573
2023-03-13 00:00:00+00:00,0.015656597623305117
2023-03-14 00:00:00+00:00,-0.0018015095653276436
2023-03-15 00:00:00+00:00,0.007475789296909931
2023-03-16 00:00:00+00:00,0.0
2023-03-17 00:00:00+00:00,0.10339094025740618
2023-03-19 00:00:00+00:00,-0.02201736638003734
2023-03-20 00:00:00+00:00,-0.003484604563084955
2023-03-21 00:00:00+00:00,0.0
2023-03-22 00:00:00+00:00,0.008414896255269972
2023-03-23 00:00:00+00:00,0.0014108195602691867
2023-03-24 00:00:00+00:00,0.0
2023-03-26 00:00:00+00:00,0.0
2023-03-27 00:00:00+00:00,0.0
2023-03-28 00:00:00+00:00,-0.006433069964502475
2023-03-29 00:00:00+00:00,-0.0004990648498035106
2023-03-30 00:00:00+00:00,-0.00713620547476807
2023-03-31 00:00:00+00:00,0.0
2023-04-02 00:00:00+00:00,0.0
2023-04-03 00:00:00+00:00,-0.0065482754987355035
2023-04-04 00:00:00+00:00,0.05022288167697946
2023-04-05 00:00:00+00:00,-0.018628364205212033
2023-04-06 00:00:00+00:00,0.0
2023-04-09 00:00:00+00:00,0.0
2023-04-10 00:00:00+00:00,0.0
2023-04-11 00:00:00+00:00,-0.005896945173519404
2023-04-12 00:00:00+00:00,0.014442709959413496
2023-04-13 00:00:00+00:00,-0.0012326210826207973
2023-04-14 00:00:00+00:00,0.0
2023-04-16 00:00:00+00:00,0.0
2023-04-17 00:00:00+00:00,-0.003034109477124018
2023-04-18 00:00:00+00:00,0.0
2023-04-19 00:00:00+00:00,-0.0011499303607508775
2023-04-20 00:00:00+00:00,0.0
2023-04-21 00:00:00+00:00,-0.010295952840595748
2023-04-23 00:00:00+00:00,0.0
2023-04-24 00:00:00+00:00,0.0
2023-04-25 00:00:00+00:00,0.0
2023-04-26 00:00:00+00:00,-0.010000000000000132
2023-04-27 00:00:00+00:00,-0.007479199324731919
2023-04-28 00:00:00+00:00,0.0
2023-04-30 00:00:00+00:00,0.0
2023-05-01 00:00:00+00:00,0.0
2023-05-02 00:00:00+00:00,0.0
2023-05-03 00:00:00+00:00,-0.005283458032193883
2023-05-04 00:00:00+00:00,-0.0027010357739126246
2023-05-05 00:00:00+00:00,0.0
2023-05-07 00:00:00+00:00,0.0
2023-05-08 00:00:00+00:00,-0.0071313554105626
2023-05-09 00:00:00+00:00,-0.0038013333455783516
2023-05-10 00:00:00+00:00,-0.010000000000000056
2023-05-11 00:00:00+00:00,0.0
2023-05-12 00:00:00+00:00,-0.009936067143581214
2023-05-14 00:00:00+00:00,0.0
2023-05-15 00:00:00+00:00,0.0
2023-05-16 00:00:00+00:00,0.01634676079842112
2023-05-17 00:00:00+00:00,-0.016377315474494003
2023-05-18 00:00:00+00:00,0.021945488079785802
2023-05-19 00:00:00+00:00,0.0
2023-05-21 00:00:00+00:00,0.0
2023-05-22 00:00:00+00:00,0.0
2023-05-23 00:00:00+00:00,0.00901120864349169
2023-05-24 00:00:00+00:00,0.003813585187195013
2023-05-25 00:00:00+00:00,-0.008558311855670407
2023-05-26 00:00:00+00:00,0.0
2023-05-28 00:00:00+00:00,0.0
2023-05-29 00:00:00+00:00,0.0
2023-05-30 00:00:00+00:00,0.004320676828161363
2023-05-31 00:00:00+00:00,0.0
2023-06-01 00:00:00+00:00,-0.0019592716818398782
2023-06-02 00:00:00+00:00,0.0
2023-06-04 00:00:00+00:00,0.0
2023-06-05 00:00:00+00:00,-0.0005811200550992464
2023-06-06 00:00:00+00:00,0.0
2023-06-07 00:00:00+00:00,-0.011211292010499387
2023-06-08 00:00:00+00:00,0.0
2023-06-09 00:00:00+00:00,0.0
2023-06-11 00:00:00+00:00,0.0
2023-06-12 00:00:00+00:00,0.0
2023-06-13 00:00:00+00:00,0.0009241387517106886
2023-06-14 00:00:00+00:00,0.0
2023-06-15 00:00:00+00:00,-0.010571664309288329
2023-06-16 00:00:00+00:00,-0.004808840340403522
2023-06-18 00:00:00+00:00,0.0
2023-06-19 00:00:00+00:00,0.0
2023-06-20 00:00:00+00:00,0.006688119787220361
2023-06-21 00:00:00+00:00,0.0003645517612984117
2023-06-22 00:00:00+00:00,0.001930978695203237
2023-06-23 00:00:00+00:00,-0.008323587457057352
2023-06-25 00:00:00+00:00,0.0
2023-06-26 00:00:00+00:00,0.0
2023-06-27 00:00:00+00:00,-0.010112813877320007
2023-06-28 00:00:00+00:00,0.0011736103730476937
2023-06-29 00:00:00+00:00,-0.0036385039889625993
2023-06-30 00:00:00+00:00,0.0
2023-07-02 00:00:00+00:00,0.0
2023-07-03 00:00:00+00:00,0.0
2023-07-04 00:00:00+00:00,0.0
2023-07-05 00:00:00+00:00,-0.009999999999999764
2023-07-06 00:00:00+00:00,-0.004718439411315261
2023-07-07 00:00:00+00:00,0.0
2023-07-09 00:00:00+00:00,0.0
2023-07-10 00:00:00+00:00,0.0
2023-07-11 00:00:00+00:00,0.005044356017812201
2023-07-12 00:00:00+00:00,-0.01972206756786814
2023-07-13 00:00:00+00:00,-0.01635534686088059
2023-07-14 00:00:00+00:00,0.0
2023-07-16 00:00:00+00:00,0.0
2023-07-17 00:00:00+00:00,0.0
2023-07-18 00:00:00+00:00,0.004350071162857757
2023-07-19 00:00:00+00:00,0.0
2023-07-20 00:00:00+00:00,0.008313201820940306
2023-07-21 00:00:00+00:00,0.0
2023-07-23 00:00:00+00:00,0.0
2023-07-24 00:00:00+00:00,0.0
2023-07-25 00:00:00+00:00,0.0
2023-07-26 00:00:00+00:00,0.00570459262838035
2023-07-27 00:00:00+00:00,-0.008637250121891265
2023-07-28 00:00:00+00:00,0.0
2023-07-30 00:00:00+00:00,0.0
2023-07-31 00:00:00+00:00,0.0
2023-08-01 00:00:00+00:00,-0.002753204887922589
2023-08-02 00:00:00+00:00,0.007706212415360937
2023-08-03 00:00:00+00:00,-0.010000000000000096
2023-08-04 00:00:00+00:00,0.0
2023-08-06 00:00:00+00:00,0.0
2023-08-07 00:00:00+00:00,0.0
2023-08-08 00:00:00+00:00,-0.010727107475573868
2023-08-09 00:00:00+00:00,0.00136562514317138
2023-08-10 00:00:00+00:00,0.0010822308690021498
2023-08-11 00:00:00+00:00,-0.0024485084306103133
2023-08-13 00:00:00+00:00,0.0
2023-08-14 00:00:00+00:00,-0.02284027883783643
2023-08-15 00:00:00+00:00,-0.009999999999999737
2023-08-16 00:00:00+00:00,0.012927285577682824
2023-08-17 00:00:00+00:00,-0.000699942017793021
2023-08-18 00:00:00+00:00,0.0
2023-08-20 00:00:00+00:00,0.0
2023-08-21 00:00:00+00:00,-0.009376235015149004
2023-08-22 00:00:00+00:00,0.0
2023-08-23 00:00:00+00:00,0.0
2023-08-24 00:00:00+00:00,-0.009999999999999695
2023-08-25 00:00:00+00:00,0.0
2023-08-27 00:00:00+00:00,0.0
2023-08-28 00:00:00+00:00,-0.00999999999999993
2023-08-29 00:00:00+00:00,0.011975000000000367
2023-08-30 00:00:00+00:00,0.025818372861003216
2023-08-31 00:00:00+00:00,0.0
2023-09-01 00:00:00+00:00,-0.004462301290676247
2023-09-03 00:00:00+00:00,0.0
2023-09-04 00:00:00+00:00,0.0
2023-09-05 00:00:00+00:00,0.0
2023-09-06 00:00:00+00:00,-0.01743538038496756
2023-09-07 00:00:00+00:00,0.0
2023-09-08 00:00:00+00:00,0.0
2023-09-10 00:00:00+00:00,0.0
2023-09-11 00:00:00+00:00,0.0
2023-09-12 00:00:00+00:00,0.037198228562470126
2023-09-13 00:00:00+00:00,0.0
2023-09-14 00:00:00+00:00,-0.010000000000000307
2023-09-15 00:00:00+00:00,0.0
2023-09-17 00:00:00+00:00,0.0
2023-09-18 00:00:00+00:00,0.007463009082918628
2023-09-19 00:00:00+00:00,-0.0055054242781358235
2023-09-20 00:00:00+00:00,0.004755933344554871
2023-09-21 00:00:00+00:00,0.0
2023-09-22 00:00:00+00:00,0.0
2023-09-24 00:00:00+00:00,0.0
2023-09-25 00:00:00+00:00,-0.00048603026775325596
2023-09-26 00:00:00+00:00,0.0010566983365580887
2023-09-27 00:00:00+00:00,0.07249518017636557
2023-09-28 00:00:00+00:00,-0.007614456675539682
2023-09-29 00:00:00+00:00,0.009804774191220517
2023-10-01 00:00:00+00:00,0.0006075095177092526
2023-10-02 00:00:00+00:00,0.013289988328664536
2023-10-03 00:00:00+00:00,-0.0016452010476042406
2023-10-04 00:00:00+00:00,-0.01000000000000034
2023-10-05 00:00:00+00:00,-0.009999999999999844
2023-10-06 00:00:00+00:00,-0.00999999999999977
2023-10-08 00:00:00+00:00,0.0
2023-10-09 00:00:00+00:00,0.006096423017107382
2023-10-10 00:00:00+00:00,-0.000890940902021885
2023-10-11 00:00:00+00:00,0.02866356362552399
2023-10-12 00:00:00+00:00,-0.01979538902956675
2023-10-13 00:00:00+00:00,0.06403787186283495
2023-10-15 00:00:00+00:00,-0.0041342187342792045
2023-10-16 00:00:00+00:00,0.0
2023-10-17 00:00:00+00:00,-0.007681363990935345
2023-10-18 00:00:00+00:00,0.017015791395952554
2023-10-19 00:00:00+00:00,0.007440820837663996
2023-10-20 00:00:00+00:00,-0.014406104655478941
2023-10-22 00:00:00+00:00,0.0
2023-10-23 00:00:00+00:00,0.0
2023-10-24 00:00:00+00:00,0.0
2023-10-25 00:00:00+00:00,-0.0021096918960898992
2023-10-26 00:00:00+00:00,-0.013763201369673891
2023-10-27 00:00:00+00:00,0.019136570994107434
2023-10-29 00:00:00+00:00,-0.012218565862003032
2023-10-30 00:00:00+00:00,0.0
2023-10-31 00:00:00+00:00,-0.009999999999999945
2023-11-01 00:00:00+00:00,0.0
2023-11-02 00:00:00+00:00,0.0
2023-11-03 00:00:00+00:00,-0.010000000000000198
2023-11-05 00:00:00+00:00,0.0
2023-11-06 00:00:00+00:00,0.0
2023-11-07 00:00:00+00:00,0.028265706017122166
2023-11-08 00:00:00+00:00,0.01593515673017825
2023-11-09 00:00:00+00:00,-0.0076518839012077264
2023-11-10 00:00:00+00:00,0.008378263797101979
2023-11-12 00:00:00+00:00,0.0
2023-11-13 00:00:00+00:00,0.0
2023-11-14 00:00:00+00:00,0.0
2023-11-15 00:00:00+00:00,-0.006643638973622281
2023-11-16 00:00:00+00:00,0.006063040106359868
2023-11-17 00:00:00+00:00,-0.0038032967481328433
2023-11-19 00:00:00+00:00,0.0
2023-11-20 00:00:00+00:00,0.0
2023-11-21 00:00:00+00:00,0.02238250151055109
2023-11-22 00:00:00+00:00,0.0
2023-11-23 00:00:00+00:00,0.0
2023-11-24 00:00:00+00:00,0.014946076976353005
2023-11-26 00:00:00+00:00,0.00014890669832752002
2023-11-27 00:00:00+00:00,0.02927426536064166
2023-11-28 00:00:00+00:00,0.06751968503936867
2023-11-29 00:00:00+00:00,0.004590392110076085
2023-11-30 00:00:00+00:00,0.0
2023-12-01 00:00:00+00:00,0.007735232871434487
2023-12-03 00:00:00+00:00,0.05006020298808452
2023-12-04 00:00:00+00:00,0.0
2023-12-05 00:00:00+00:00,0.0
2023-12-06 00:00:00+00:00,0.0
2023-12-07 00:00:00+00:00,-0.01
2023-12-08 00:00:00+00:00,0.00033302497687332167
2023-12-10 00:00:00+00:00,0.0
2023-12-11 00:00:00+00:00,0.006629162785281889
2023-12-12 00:00:00+00:00,0.0
2023-12-13 00:00:00+00:00,-0.010000000000000371
2023-12-14 00:00:00+00:00,-0.010000000000000042
2023-12-15 00:00:00+00:00,0.0
2023-12-17 00:00:00+00:00,0.0
2023-12-18 00:00:00+00:00,0.0
2023-12-19 00:00:00+00:00,0.00024136909171734234
2023-12-20 00:00:00+00:00,0.0
2023-12-21 00:00:00+00:00,0.0019580388886461277
2023-12-22 00:00:00+00:00,-0.013652709929127269
2023-12-25 00:00:00+00:00,0.0
2023-12-26 00:00:00+00:00,-0.003252457002456351
2023-12-27 00:00:00+00:00,-0.016560877469152746
2023-12-28 00:00:00+00:00,-0.008127268069844897
2023-12-29 00:00:00+00:00,0.0
2024-01-01 00:00:00+00:00,0.0
2024-01-02 00:00:00+00:00,-0.02000000000000015
2024-01-03 00:00:00+00:00,0.0
2024-01-04 00:00:00+00:00,0.0
2024-01-05 00:00:00+00:00,-0.009999999999999875
2024-01-07 00:00:00+00:00,0.0
2024-01-08 00:00:00+00:00,-0.007411133823568229
2024-01-09 00:00:00+00:00,0.0
2024-01-10 00:00:00+00:00,-0.019754579099235142
2024-01-11 00:00:00+00:00,-0.004484751359751322
2024-01-12 00:00:00+00:00,0.0
2024-01-14 00:00:00+00:00,0.0
2024-01-15 00:00:00+00:00,0.0
2024-01-16 00:00:00+00:00,0.0
2024-01-17 00:00:00+00:00,0.004323288229282624
2024-01-18 00:00:00+00:00,0.0
2024-01-19 00:00:00+00:00,0.0
2024-01-21 00:00:00+00:00,0.0
2024-01-22 00:00:00+00:00,-0.009999999999999945
2024-01-23 00:00:00+00:00,0.0
2024-01-24 00:00:00+00:00,0.0029682488487518433
2024-01-25 00:00:00+00:00,0.0
2024-01-26 00:00:00+00:00,0.0
2024-01-28 00:00:00+00:00,0.0
2024-01-29 00:00:00+00:00,0.0
2024-01-30 00:00:00+00:00,-0.013752257991211759
2024-01-31 00:00:00+00:00,-0.004148108398175796
2024-02-01 00:00:00+00:00,-0.006314452203812825
2024-02-02 00:00:00+00:00,0.0
2024-02-04 00:00:00+00:00,0.0
2024-02-05 00:00:00+00:00,-0.01
2024-02-06 00:00:00+00:00,0.0
2024-02-07 00:00:00+00:00,-0.007936906205068678
2024-02-08 00:00:00+00:00,0.0
2024-02-09 00:00:00+00:00,-0.00662307169884577
2024-02-11 00:00:00+00:00,0.0
2024-02-12 00:00:00+00:00,-0.0005758999009286864
2024-02-13 00:00:00+00:00,0.03248232342431392
2024-02-14 00:00:00+00:00,-0.009813834055528829
2024-02-15 00:00:00+00:00,0.0
2024-02-16 00:00:00+00:00,0.0
2024-02-18 00:00:00+00:00,0.0
2024-02-19 00:00:00+00:00,0.0
2024-02-20 00:00:00+00:00,0.011175019888625045
2024-02-21 00:00:00+00:00,-0.009999999999999721
2024-02-22 00:00:00+00:00,-0.009999999999999757
2024-02-23 00:00:00+00:00,0.011999012020418394
2024-02-25 00:00:00+00:00,0.0
2024-02-26 00:00:00+00:00,0.0
2024-02-27 00:00:00+00:00,-0.007666549912434567
2024-02-28 00:00:00+00:00,0.0
2024-02-29 00:00:00+00:00,0.0040385927902205935
2024-03-01 00:00:00+00:00,0.023882682222481265
2024-03-03 00:00:00+00:00,0.0
2024-03-04 00:00:00+00:00,0.05328234903782252
2024-03-05 00:00:00+00:00,0.01545897248599986
2024-03-06 00:00:00+00:00,-0.017751998539138565
2024-03-07 00:00:00+00:00,-0.0049985542675387105
2024-03-08 00:00:00+00:00,-0.02312395580932177
2024-03-10 00:00:00+00:00,0.0
2024-03-11 00:00:00+00:00,0.0
2024-03-12 00:00:00+00:00,0.0
2024-03-13 00:00:00+00:00,-0.0018825738353796286
2024-03-14 00:00:00+00:00,0.0
2024-03-15 00:00:00+00:00,0.0
2024-03-17 00:00:00+00:00,0.0
2024-03-18 00:00:00+00:00,0.0
2024-03-19 00:00:00+00:00,0.0
2024-03-20 00:00:00+00:00,0.04550499543846221
2024-03-21 00:00:00+00:00,-0.01644200173560871
2024-03-22 00:00:00+00:00,0.0
2024-03-24 00:00:00+00:00,0.0
2024-03-25 00:00:00+00:00,0.0
2024-03-26 00:00:00+00:00,0.01200667880995691
2024-03-27 00:00:00+00:00,0.0
2024-03-28 00:00:00+00:00,0.007512691979577194
2024-03-31 00:00:00+00:00,0.012983811570894229
2024-04-01 00:00:00+00:00,0.014412286371357101
2024-04-02 00:00:00+00:00,-0.01621100828767794
2024-04-03 00:00:00+00:00,0.004347409815840805
2024-04-04 00:00:00+00:00,0.0
2024-04-05 00:00:00+00:00,0.0071487594367173396
2024-04-07 00:00:00+00:00,0.0
2024-04-08 00:00:00+00:00,-0.00924461055140283
2024-04-09 00:00:00+00:00,-0.0011216425409407117
2024-04-10 00:00:00+00:00,0.0
2024-04-11 00:00:00+00:00,0.030432652939688595
2024-04-12 00:00:00+00:00,0.0037155488961168968
2024-04-14 00:00:00+00:00,0.0
2024-04-15 00:00:00+00:00,0.0050249820688311846
2024-04-16 00:00:00+00:00,-0.010086616662006572
2024-04-17 00:00:00+00:00,0.0
2024-04-18 00:00:00+00:00,0.0
2024-04-19 00:00:00+00:00,0.007902612040617586
2024-04-21 00:00:00+00:00,0.0
2024-04-22 00:00:00+00:00,0.0
2024-04-23 00:00:00+00:00,-0.01661004092855702
2024-04-24 00:00:00+00:00,0.0
2024-04-25 00:00:00+00:00,-0.010000000000000304
2024-04-26 00:00:00+00:00,0.0
2024-04-28 00:00:00+00:00,0.0
2024-04-29 00:00:00+00:00,0.0
2024-04-30 00:00:00+00:00,0.03407089707920394
2024-05-01 00:00:00+00:00,0.0039356490759295815
2024-05-02 00:00:00+00:00,-0.01000000000000014
2024-05-03 00:00:00+00:00,0.0
2024-05-05 00:00:00+00:00,0.0
2024-05-06 00:00:00+00:00,0.0
2024-05-07 00:00:00+00:00,0.0
2024-05-08 00:00:00+00:00,-0.009999999999999724
2024-05-09 00:00:00+00:00,0.010449565545901441
2024-05-10 00:00:00+00:00,0.03296722314801767
2024-05-12 00:00:00+00:00,0.0
2024-05-13 00:00:00+00:00,0.0
2024-05-14 00:00:00+00:00,0.0021588723596621274
2024-05-15 00:00:00+00:00,-0.0014984361844359757
2024-05-16 00:00:00+00:00,-0.0010881408606278964
2024-05-17 00:00:00+00:00,0.04698400892525312
2024-05-19 00:00:00+00:00,0.011626998884344415
2024-05-20 00:00:00+00:00,0.0346425915103875
2024-05-21 00:00:00+00:00,0.0
2024-05-22 00:00:00+00:00,0.0
2024-05-23 00:00:00+00:00,0.015060348985320578
2024-05-24 00:00:00+00:00,-0.010000000000000113
2024-05-26 00:00:00+00:00,0.0
2024-05-27 00:00:00+00:00,0.0
2024-05-28 00:00:00+00:00,0.0
2024-05-29 00:00:00+00:00,-0.009999999999999802
2024-05-30 00:00:00+00:00,-0.013871950900279248
2024-05-31 00:00:00+00:00,0.005905672263505572
2024-06-02 00:00:00+00:00,0.0
2024-06-03 00:00:00+00:00,-0.010000000000000371
2024-06-04 00:00:00+00:00,-0.015647254972014128
2024-06-05 00:00:00+00:00,0.0
2024-06-06 00:00:00+00:00,-0.010494299506984137
2024-06-07 00:00:00+00:00,-0.002756213943621232
2024-06-09 00:00:00+00:00,-0.0043416565268804275
2024-06-10 00:00:00+00:00,0.0
2024-06-11 00:00:00+00:00,0.0
2024-06-12 00:00:00+00:00,0.0
2024-06-13 00:00:00+00:00,-0.013343016971138212
2024-06-14 00:00:00+00:00,0.0
2024-06-16 00:00:00+00:00,0.0
2024-06-17 00:00:00+00:00,0.0
2024-06-18 00:00:00+00:00,-0.010000000000000137
2024-06-19 00:00:00+00:00,-0.01
2024-06-20 00:00:00+00:00,0.0001590279930308268
2024-06-21 00:00:00+00:00,-0.010000000000000118
2024-06-23 00:00:00+00:00,0.0
2024-06-24 00:00:00+00:00,0.0
2024-06-25 00:00:00+00:00,-0.0100000000000001
2024-06-26 00:00:00+00:00,-0.010142610734570536
2024-06-27 00:00:00+00:00,0.0
2024-06-28 00:00:00+00:00,-0.006605709052051995
2024-06-30 00:00:00+00:00,0.0
2024-07-01 00:00:00+00:00,0.0
2024-07-02 00:00:00+00:00,-0.010000000000000094
2024-07-03 00:00:00+00:00,0.05231001950559418
2024-07-04 00:00:00+00:00,0.0
2024-07-05 00:00:00+00:00,0.01677368222099573
2024-07-07 00:00:00+00:00,-0.0061912554333924796
2024-07-08 00:00:00+00:00,0.0
2024-07-09 00:00:00+00:00,0.0
2024-07-10 00:00:00+00:00,0.018042286929493945
2024-07-11 00:00:00+00:00,-0.011289489031448217
2024-07-12 00:00:00+00:00,0.0
2024-07-14 00:00:00+00:00,0.0
2024-07-15 00:00:00+00:00,0.005705280707340622
2024-07-16 00:00:00+00:00,0.014453778873482445
2024-07-17 00:00:00+00:00,-0.005131746305921081
2024-07-18 00:00:00+00:00,0.0
2024-07-19 00:00:00+00:00,0.0
2024-07-21 00:00:00+00:00,0.0
2024-07-22 00:00:00+00:00,-0.0020323880211953653
2024-07-23 00:00:00+00:00,0.0
2024-07-24 00:00:00+00:00,0.0
2024-07-25 00:00:00+00:00,0.0019193188323494833
2024-07-26 00:00:00+00:00,0.0
2024-07-28 00:00:00+00:00,0.0
2024-07-29 00:00:00+00:00,-0.005921280410522191
2024-07-30 00:00:00+00:00,0.0
2024-07-31 00:00:00+00:00,0.012104972907031166
2024-08-01 00:00:00+00:00,-0.0038791842463474936
2024-08-02 00:00:00+00:00,-0.017173623067555426
2024-08-04 00:00:00+00:00,0.0
2024-08-05 00:00:00+00:00,0.0
2024-08-06 00:00:00+00:00,-0.005728543010545056
2024-08-07 00:00:00+00:00,-0.010000000000000198
2024-08-08 00:00:00+00:00,0.0
2024-08-09 00:00:00+00:00,-0.008929103817681347
2024-08-11 00:00:00+00:00,0.0
2024-08-12 00:00:00+00:00,0.0427635185062208
2024-08-13 00:00:00+00:00,-0.00419884186470107
2024-08-14 00:00:00+00:00,-0.00999999999999989
2024-08-15 00:00:00+00:00,0.0
2024-08-16 00:00:00+00:00,0.02280152617341879
2024-08-18 00:00:00+00:00,-0.0018480778138026583
2024-08-19 00:00:00+00:00,-0.005831692913385427
2024-08-20 00:00:00+00:00,0.009617095777549314
2024-08-21 00:00:00+00:00,0.0
2024-08-22 00:00:00+00:00,0.0
2024-08-23 00:00:00+00:00,-0.01
2024-08-25 00:00:00+00:00,0.0
2024-08-26 00:00:00+00:00,-0.0018867924528288952
2024-08-27 00:00:00+00:00,0.0016203111807985748
2024-08-28 00:00:00+00:00,0.0
2024-08-29 00:00:00+00:00,-0.0056926125879863945
2024-08-30 00:00:00+00:00,0.0
2024-09-01 00:00:00+00:00,0.0
2024-09-02 00:00:00+00:00,0.0
2024-09-03 00:00:00+00:00,-0.015007460653932724
2024-09-04 00:00:00+00:00,0.0
2024-09-05 00:00:00+00:00,0.0
2024-09-06 00:00:00+00:00,-0.010000000000000172
2024-09-08 00:00:00+00:00,0.0
2024-09-09 00:00:00+00:00,0.0
2024-09-10 00:00:00+00:00,0.0023920729161053976
2024-09-11 00:00:00+00:00,-0.017986930235654747
2024-09-12 00:00:00+00:00,0.014647621907174635
2024-09-13 00:00:00+00:00,-0.004845931866151851
2024-09-15 00:00:00+00:00,0.0
2024-09-16 00:00:00+00:00,0.0
2024-09-17 00:00:00+00:00,0.0
2024-09-18 00:00:00+00:00,-0.006782633335432377
2024-09-19 00:00:00+00:00,0.0
2024-09-20 00:00:00+00:00,0.00882747473794289
2024-09-22 00:00:00+00:00,-0.0015760519051673048
2024-09-23 00:00:00+00:00,-0.01482235218182814
2024-09-24 00:00:00+00:00,0.010353524158143532
2024-09-25 00:00:00+00:00,-0.0076934672082981815
2024-09-26 00:00:00+00:00,0.010590046562859515
2024-09-27 00:00:00+00:00,0.0
2024-09-29 00:00:00+00:00,0.0
2024-09-30 00:00:00+00:00,0.0
2024-10-01 00:00:00+00:00,-0.025653228357526137
2024-10-02 00:00:00+00:00,0.0
2024-10-03 00:00:00+00:00,0.0
2024-10-04 00:00:00+00:00,-0.0020024797209256813
2024-10-06 00:00:00+00:00,0.0
2024-10-07 00:00:00+00:00,0.0
2024-10-08 00:00:00+00:00,0.00951974630134722
2024-10-09 00:00:00+00:00,0.0
2024-10-10 00:00:00+00:00,0.0
2024-10-11 00:00:00+00:00,-0.001976791365739167
2024-10-13 00:00:00+00:00,0.0
2024-10-14 00:00:00+00:00,-0.010000000000000397
2024-10-15 00:00:00+00:00,-0.0068262747123464616
2024-10-16 00:00:00+00:00,0.014273782880864758
2024-10-17 00:00:00+00:00,-0.01999999999999966
2024-10-18 00:00:00+00:00,0.022045109677341045
2024-10-20 00:00:00+00:00,0.0029612603305784876
2024-10-21 00:00:00+00:00,-0.015163964168257014
2024-10-22 00:00:00+00:00,0.0034609291060406773
2024-10-23 00:00:00+00:00,0.001662857865615693
2024-10-24 00:00:00+00:00,0.0
2024-10-25 00:00:00+00:00,0.006118288922274138
2024-10-27 00:00:00+00:00,-0.015032814106112121
2024-10-28 00:00:00+00:00,0.0
2024-10-29 00:00:00+00:00,0.02416534673200919
2024-10-30 00:00:00+00:00,0.000659387420254245
2024-10-31 00:00:00+00:00,0.0
2024-11-01 00:00:00+00:00,0.0
2024-11-03 00:00:00+00:00,0.0
2024-11-04 00:00:00+00:00,0.0
2024-11-05 00:00:00+00:00,-0.010000000000000413
2024-11-06 00:00:00+00:00,0.019818088728211673
2024-11-07 00:00:00+00:00,-0.009611443293023124
2024-11-08 00:00:00+00:00,0.0
2024-11-10 00:00:00+00:00,0.0
2024-11-11 00:00:00+00:00,0.0656392035642025
2024-11-12 00:00:00+00:00,-0.0072492675888002605
2024-11-13 00:00:00+00:00,0.006655679868805653
2024-11-14 00:00:00+00:00,0.020584204577564033
2024-11-15 00:00:00+00:00,0.0
2024-11-17 00:00:00+00:00,0.0
2024-11-18 00:00:00+00:00,0.0
2024-11-19 00:00:00+00:00,0.0
2024-11-20 00:00:00+00:00,0.003777182102241314
2024-11-21 00:00:00+00:00,-0.005571947588717097
2024-11-22 00:00:00+00:00,0.05390773836882118
2024-11-24 00:00:00+00:00,0.007987833156013912
2024-11-25 00:00:00+00:00,-0.01659492047903499
2024-11-26 00:00:00+00:00,0.0
2024-11-27 00:00:00+00:00,0.0
2024-11-28 00:00:00+00:00,0.0
2024-11-29 00:00:00+00:00,0.0
2024-12-01 00:00:00+00:00,0.0
2024-12-02 00:00:00+00:00,0.0
2024-12-03 00:00:00+00:00,0.0
2024-12-04 00:00:00+00:00,0.0
2024-12-05 00:00:00+00:00,0.0
2024-12-06 00:00:00+00:00,-0.010000000000000382
2024-12-08 00:00:00+00:00,0.0
2024-12-09 00:00:00+00:00,-0.0022125600062957622
2024-12-10 00:00:00+00:00,0.024881536189069027
2024-12-11 00:00:00+00:00,0.01629395848270354
2024-12-12 00:00:00+00:00,-0.0015575270261195561
2024-12-13 00:00:00+00:00,0.0
2024-12-15 00:00:00+00:00,0.0
2024-12-16 00:00:00+00:00,0.0
2024-12-17 00:00:00+00:00,-0.010772095701601066
2024-12-18 00:00:00+00:00,0.0349538022914059
2024-12-19 00:00:00+00:00,-0.011480966544059145
2024-12-20 00:00:00+00:00,0.0
2024-12-22 00:00:00+00:00,0.0
2024-12-23 00:00:00+00:00,-0.0048035064031751494
2024-12-24 00:00:00+00:00,0.0
2024-12-25 00:00:00+00:00,0.0
2024-12-26 00:00:00+00:00,0.0
2024-12-27 00:00:00+00:00,-0.0036394274120827154
2024-12-29 00:00:00+00:00,0.0
2024-12-30 00:00:00+00:00,0.0012664772345149652
2024-12-31 00:00:00+00:00,0.0
2025-01-01 00:00:00+00:00,0.0
2025-01-02 00:00:00+00:00,-0.002820281254031616
2025-01-03 00:00:00+00:00,-0.0009222197135851984
2025-01-05 00:00:00+00:00,0.0
2025-01-06 00:00:00+00:00,0.0
2025-01-07 00:00:00+00:00,-0.002419866948896285
2025-01-08 00:00:00+00:00,-0.009107107288365857
2025-01-09 00:00:00+00:00,-0.003979830265623499
2025-01-10 00:00:00+00:00,-0.0029142981743813003
2025-01-12 00:00:00+00:00,0.0
2025-01-13 00:00:00+00:00,0.0
2025-01-14 00:00:00+00:00,-0.0019282279174533577
2025-01-15 00:00:00+00:00,0.004850229410517343
2025-01-16 00:00:00+00:00,-0.0007722307978566979
2025-01-17 00:00:00+00:00,0.0
2025-01-19 00:00:00+00:00,0.0
2025-01-20 00:00:00+00:00,0.0
2025-01-21 00:00:00+00:00,0.02755526219861881
2025-01-22 00:00:00+00:00,0.002668536457712244
2025-01-23 00:00:00+00:00,0.0
2025-01-24 00:00:00+00:00,0.011002332458662367
2025-01-26 00:00:00+00:00,0.0
2025-01-27 00:00:00+00:00,0.0
2025-01-28 00:00:00+00:00,0.009057854962214694
2025-01-29 00:00:00+00:00,-6.681347279968497e-05
2025-01-30 00:00:00+00:00,0.03457884618738245
2025-01-31 00:00:00+00:00,-0.004498362901606848
2025-02-02 00:00:00+00:00,0.0
2025-02-03 00:00:00+00:00,-0.0003687221869043153
2025-02-04 00:00:00+00:00,0.00829651185809891
2025-02-05 00:00:00+00:00,0.011075178455887144
2025-02-06 00:00:00+00:00,0.0
2025-02-07 00:00:00+00:00,-0.00592546677442795
2025-02-09 00:00:00+00:00,0.0
2025-02-10 00:00:00+00:00,0.012729775265921612
2025-02-11 00:00:00+00:00,0.015283002839737159
2025-02-12 00:00:00+00:00,-0.008776878699333208
2025-02-13 00:00:00+00:00,0.00855703731810904
2025-02-14 00:00:00+00:00,-0.024813262712686596
2025-02-16 00:00:00+00:00,0.0
2025-02-17 00:00:00+00:00,0.0
2025-02-18 00:00:00+00:00,0.03217867966873043
2025-02-19 00:00:00+00:00,-0.02365084305393826
2025-02-20 00:00:00+00:00,-0.0020699304652611597
2025-02-21 00:00:00+00:00,0.0
2025-02-23 00:00:00+00:00,0.0
2025-02-24 00:00:00+00:00,-0.020000000000000188
2025-02-25 00:00:00+00:00,0.0
2025-02-26 00:00:00+00:00,0.0
2025-02-27 00:00:00+00:00,-0.018603615143751754
2025-02-28 00:00:00+00:00,0.0001598421991848664
2025-03-02 00:00:00+00:00,0.0
2025-03-03 00:00:00+00:00,0.0
2025-03-04 00:00:00+00:00,0.0
2025-03-05 00:00:00+00:00,-0.009999999999999962
2025-03-06 00:00:00+00:00,0.0
2025-03-07 00:00:00+00:00,-0.009999999999999896
2025-03-09 00:00:00+00:00,0.0
2025-03-10 00:00:00+00:00,0.0
2025-03-11 00:00:00+00:00,0.0
2025-03-12 00:00:00+00:00,0.003982582078652473
2025-03-13 00:00:00+00:00,0.016642941835963293
2025-03-14 00:00:00+00:00,-0.0028110014852708093
2025-03-16 00:00:00+00:00,0.0
2025-03-17 00:00:00+00:00,0.0
2025-03-18 00:00:00+00:00,0.01925098014186339
2025-03-19 00:00:00+00:00,-0.006126430241749496
2025-03-20 00:00:00+00:00,-0.011796190476190627
2025-03-21 00:00:00+00:00,0.0
2025-03-23 00:00:00+00:00,0.0
2025-03-24 00:00:00+00:00,0.0
2025-03-25 00:00:00+00:00,-0.01
2025-03-26 00:00:00+00:00,0.0
2025-03-27 00:00:00+00:00,-0.003331956320475101
2025-03-28 00:00:00+00:00,0.03415907180090711
2025-03-30 00:00:00+00:00,-0.002520190857827353
2025-03-31 00:00:00+00:00,0.008784430542645025
2025-04-01 00:00:00+00:00,0.011118750467079705
2025-04-02 00:00:00+00:00,-0.0008388557228140563
2025-04-03 00:00:00+00:00,-0.009826473192607625
2025-04-04 00:00:00+00:00,0.0
2025-04-06 00:00:00+00:00,0.009267597087378714
2025-04-07 00:00:00+00:00,-0.011339605898176572
2025-04-08 00:00:00+00:00,-0.004350075736250174
2025-04-09 00:00:00+00:00,-0.005649924263749704
2025-04-10 00:00:00+00:00,0.02759378494206117
2025-04-11 00:00:00+00:00,-0.011868321117424249
2025-04-13 00:00:00+00:00,0.0
2025-04-14 00:00:00+00:00,0.0
2025-04-15 00:00:00+00:00,0.025231903087805554
2025-04-16 00:00:00+00:00,0.04033689930556951
2025-04-17 00:00:00+00:00,-0.0031892637836425353
2025-04-20 00:00:00+00:00,0.0
2025-04-21 00:00:00+00:00,0.0441906880103009
2025-04-22 00:00:00+00:00,0.007074228003161155
2025-04-23 00:00:00+00:00,0.0
2025-04-24 00:00:00+00:00,0.0
2025-04-25 00:00:00+00:00,0.0
2025-04-27 00:00:00+00:00,0.0
2025-04-28 00:00:00+00:00,-0.010000000000000064
2025-04-29 00:00:00+00:00,0.0
2025-04-30 00:00:00+00:00,0.0
2025-05-01 00:00:00+00:00,0.0063863336468131405
2025-05-02 00:00:00+00:00,0.0
2025-05-04 00:00:00+00:00,0.0
2025-05-05 00:00:00+00:00,0.0
2025-05-06 00:00:00+00:00,-0.0007948340053042149
2025-05-07 00:00:00+00:00,0.0
2025-05-08 00:00:00+00:00,-0.010000000000000134
2025-05-09 00:00:00+00:00,0.0
2025-05-11 00:00:00+00:00,0.0
2025-05-12 00:00:00+00:00,0.004038270789434392
2025-05-13 00:00:00+00:00,0.0
2025-05-14 00:00:00+00:00,0.02665795490146064
2025-05-15 00:00:00+00:00,0.017545486373852223
2025-05-16 00:00:00+00:00,-0.009999999999999966
2025-05-18 00:00:00+00:00,0.0
2025-05-19 00:00:00+00:00,0.0
2025-05-20 00:00:00+00:00,-0.010000000000000172
2025-05-21 00:00:00+00:00,-0.012647807944507466
2025-05-22 00:00:00+00:00,0.012524521757979601
2025-05-23 00:00:00+00:00,-0.0026888703446744117
2025-05-25 00:00:00+00:00,-0.0032801059355037723
2025-05-26 00:00:00+00:00,0.0
2025-05-27 00:00:00+00:00,0.0
2025-05-28 00:00:00+00:00,-0.007332811348563029
2025-05-29 00:00:00+00:00,0.0
2025-05-30 00:00:00+00:00,0.0
2025-06-01 00:00:00+00:00,0.0
2025-06-02 00:00:00+00:00,0.08587949048232392
2025-06-03 00:00:00+00:00,-0.005542614856161485
2025-06-04 00:00:00+00:00,-0.005914270037950037
2025-06-05 00:00:00+00:00,-0.0004273363252379967
2025-06-06 00:00:00+00:00,0.0
2025-06-08 00:00:00+00:00,0.0
2025-06-09 00:00:00+00:00,0.0
2025-06-10 00:00:00+00:00,0.0
2025-06-11 00:00:00+00:00,-0.010977263687337495
2025-06-12 00:00:00+00:00,-0.006677423769512438
2025-06-13 00:00:00+00:00,0.02366928784115147
2025-06-15 00:00:00+00:00,-0.009999999999999872
2025-06-16 00:00:00+00:00,0.0
2025-06-17 00:00:00+00:00,0.0
2025-06-18 00:00:00+00:00,0.0
2025-06-19 00:00:00+00:00,0.0
2025-06-20 00:00:00+00:00,-0.02000000000000015
2025-06-22 00:00:00+00:00,0.0
2025-06-23 00:00:00+00:00,0.0
2025-06-24 00:00:00+00:00,-0.0018406991025455084
2025-06-25 00:00:00+00:00,0.0
2025-06-26 00:00:00+00:00,0.0
2025-06-27 00:00:00+00:00,0.03502615785835495
2025-06-29 00:00:00+00:00,-0.010000000000000129
2025-06-30 00:00:00+00:00,0.0
2025-07-01 00:00:00+00:00,0.0
2025-07-02 00:00:00+00:00,0.009542877240850208
2025-07-03 00:00:00+00:00,0.0
2025-07-04 00:00:00+00:00,0.0
2025-07-06 00:00:00+00:00,0.0
2025-07-07 00:00:00+00:00,0.0017228051634336238
2025-07-08 00:00:00+00:00,-0.0002568919827552692
2025-07-09 00:00:00+00:00,0.0
2025-07-10 00:00:00+00:00,0.0
2025-07-11 00:00:00+00:00,-0.009382282401374743
2025-07-13 00:00:00+00:00,-0.003638827933392884
2025-07-14 00:00:00+00:00,-0.01636117206660722
2025-07-15 00:00:00+00:00,0.0
2025-07-16 00:00:00+00:00,0.0
2025-07-17 00:00:00+00:00,0.0
2025-07-18 00:00:00+00:00,-0.0074618957589329985
2025-07-20 00:00:00+00:00,0.0
2025-07-21 00:00:00+00:00,0.03911617197872326
2025-07-22 00:00:00+00:00,0.007235551192768058
2025-07-23 00:00:00+00:00,0.0
2025-07-24 00:00:00+00:00,0.0
2025-07-25 00:00:00+00:00,-0.006433605172172669
2025-07-27 00:00:00+00:00,0.0
2025-07-28 00:00:00+00:00,0.006113172713006689
2025-07-29 00:00:00+00:00,0.0
2025-07-30 00:00:00+00:00,0.005607598486679343
2025-07-31 00:00:00+00:00,0.0
2025-08-01 00:00:00+00:00,-0.010000000000000167
2025-08-03 00:00:00+00:00,0.0
2025-08-04 00:00:00+00:00,-0.012029265895947548
2025-08-05 00:00:00+00:00,-0.009999999999999827
2025-08-06 00:00:00+00:00,0.0
2025-08-07 00:00:00+00:00,-0.010171530249110501
2025-08-08 00:00:00+00:00,0.0
2025-08-10 00:00:00+00:00,0.0
2025-08-11 00:00:00+00:00,0.0
2025-08-12 00:00:00+00:00,-0.010000000000000078
2025-08-13 00:00:00+00:00,0.0
2025-08-14 00:00:00+00:00,-0.011750288209178257
2025-08-15 00:00:00+00:00,0.0
2025-08-17 00:00:00+00:00,0.00806422351233693
2025-08-18 00:00:00+00:00,-0.00908617561683581
2025-08-19 00:00:00+00:00,0.010898844863643255
2025-08-20 00:00:00+00:00,-0.0035048493269893423
2025-08-21 00:00:00+00:00,0.0
2025-08-22 00:00:00+00:00,-0.010000000000000116
2025-08-24 00:00:00+00:00,0.0
2025-08-25 00:00:00+00:00,0.0
2025-08-26 00:00:00+00:00,-0.0016932154755835583
2025-08-27 00:00:00+00:00,-0.0014363904233646548
2025-08-28 00:00:00+00:00,-0.0152442562846353
2025-08-29 00:00:00+00:00,0.0313912014053319
2025-08-31 00:00:00+00:00,-0.005765389903001941
2025-09-01 00:00:00+00:00,0.020773534044591896
2025-09-02 00:00:00+00:00,0.002960408300128
2025-09-03 00:00:00+00:00,0.021972590657756294
2025-09-04 00:00:00+00:00,0.0
2025-09-05 00:00:00+00:00,-0.025776316416109862
2025-09-07 00:00:00+00:00,0.0
2025-09-08 00:00:00+00:00,0.03596095608911901
2025-09-09 00:00:00+00:00,-0.014634486695122396
2025-09-10 00:00:00+00:00,0.0
2025-09-11 00:00:00+00:00,0.0
2025-09-12 00:00:00+00:00,-0.0024980182322629552
2025-09-14 00:00:00+00:00,0.0
2025-09-15 00:00:00+00:00,0.015177989230655884
2025-09-16 00:00:00+00:00,-0.009383386581469928
2025-09-17 00:00:00+00:00,0.0
2025-09-18 00:00:00+00:00,0.0
2025-09-19 00:00:00+00:00,0.01921850122783803
2025-09-21 00:00:00+00:00,0.0013241762689910487
2025-09-22 00:00:00+00:00,0.035820048151393696
2025-09-23 00:00:00+00:00,0.010353530147915499
2025-09-24 00:00:00+00:00,0.0
2025-09-25 00:00:00+00:00,0.0
2025-09-26 00:00:00+00:00,-0.011435055569695441
2025-09-28 00:00:00+00:00,0.0
2025-09-29 00:00:00+00:00,0.008288986597817589
2025-09-30 00:00:00+00:00,0.03127108512506308
2025-10-01 00:00:00+00:00,-0.000424562020273098
2025-10-02 00:00:00+00:00,-0.009999999999999813
2025-10-03 00:00:00+00:00,0.0
2025-10-05 00:00:00+00:00,0.019935570275455627
2025-10-06 00:00:00+00:00,-0.024327086616226186
2025-10-07 00:00:00+00:00,-0.01
2025-10-08 00:00:00+00:00,-0.005840244348510021
2025-10-09 00:00:00+00:00,0.0
2025-10-10 00:00:00+00:00,0.0
2025-10-12 00:00:00+00:00,-0.0022094351068764075
2025-10-13 00:00:00+00:00,0.0187736121679207
2025-10-14 00:00:00+00:00,0.026141146681595548
2025-10-15 00:00:00+00:00,0.004990401452753176
2025-10-16 00:00:00+00:00,0.06693338259478356
2025-10-17 00:00:00+00:00,-0.015305915550073781
2025-10-19 00:00:00+00:00,0.0
2025-10-20 00:00:00+00:00,0.004274868305436359
2025-10-21 00:00:00+00:00,0.0
2025-10-22 00:00:00+00:00,0.0
2025-10-23 00:00:00+00:00,0.0
2025-10-24 00:00:00+00:00,0.007136672652642527
2025-10-26 00:00:00+00:00,0.0
2025-10-27 00:00:00+00:00,0.019495882601351457
2025-10-28 00:00:00+00:00,0.01588865171403082
2025-10-29 00:00:00+00:00,0.0
2025-10-30 00:00:00+00:00,0.0
2025-10-31 00:00:00+00:00,-0.009999999999999924
2025-11-02 00:00:00+00:00,0.0
2025-11-03 00:00:00+00:00,-0.010000000000000073
2025-11-04 00:00:00+00:00,-0.015775884599287186
2025-11-05 00:00:00+00:00,0.0
2025-11-06 00:00:00+00:00,0.0
2025-11-07 00:00:00+00:00,0.0
2025-11-09 00:00:00+00:00,0.0
2025-11-10 00:00:00+00:00,0.024087541012930522
2025-11-11 00:00:00+00:00,0.00973460957391768
2025-11-12 00:00:00+00:00,0.016686613196885268
2025-11-13 00:00:00+00:00,0.003982080023457725
2025-11-14 00:00:00+00:00,0.0
2025-11-16 00:00:00+00:00,0.0
2025-11-17 00:00:00+00:00,-0.009999999999999934
2025-11-18 00:00:00+00:00,-0.01
2025-11-19 00:00:00+00:00,0.0
2025-11-20 00:00:00+00:00,0.0
2025-11-21 00:00:00+00:00,-0.009999999999999934
2025-11-23 00:00:00+00:00,0.0
2025-11-24 00:00:00+00:00,0.0
2025-11-25 00:00:00+00:00,-0.013690239169334236
2025-11-26 00:00:00+00:00,-0.017258083349255833
2025-11-27 00:00:00+00:00,0.0
2025-11-28 00:00:00+00:00,0.013641130962703824
2025-11-30 00:00:00+00:00,-0.005619912046271694
2025-12-01 00:00:00+00:00,-0.004645643382548558
2025-12-02 00:00:00+00:00,0.0
2025-12-03 00:00:00+00:00,-0.01
2025-12-04 00:00:00+00:00,0.0
2025-12-05 00:00:00+00:00,-0.008440362904640526
2025-12-07 00:00:00+00:00,0.0
2025-12-08 00:00:00+00:00,0.0
2025-12-09 00:00:00+00:00,-0.0047981086872414605
2025-12-10 00:00:00+00:00,-0.0010055764815003175
2025-12-11 00:00:00+00:00,0.010173761224396942
2025-12-12 00:00:00+00:00,0.03300365435660894
2025-12-14 00:00:00+00:00,0.0
2025-12-15 00:00:00+00:00,0.0
2025-12-16 00:00:00+00:00,0.0
2025-12-17 00:00:00+00:00,-0.009999999999999893
2025-12-18 00:00:00+00:00,-0.009999999999999848
2025-12-19 00:00:00+00:00,0.0
2025-12-21 00:00:00+00:00,0.0
2025-12-22 00:00:00+00:00,0.05686497619534217
2025-12-23 00:00:00+00:00,0.009342109745034504
2025-12-24 00:00:00+00:00,-0.002530568846358403
2025-12-25 00:00:00+00:00,0.0
2025-12-26 00:00:00+00:00,-0.009999999999999785
2025-12-28 00:00:00+00:00,0.0
2025-12-29 00:00:00+00:00,0.0
2025-12-30 00:00:00+00:00,0.0
2025-12-31 00:00:00+00:00,0.0017384017242609016
2026-01-01 00:00:00+00:00,0.0
2026-01-02 00:00:00+00:00,0.0
2026-01-04 00:00:00+00:00,0.0
2026-01-05 00:00:00+00:00,-0.003350020913098215
2026-01-06 00:00:00+00:00,-0.017219594325761322
2026-01-07 00:00:00+00:00,-0.005716955606075381
2026-01-08 00:00:00+00:00,0.004110192954806988
2026-01-09 00:00:00+00:00,-0.007731814409436493
2026-01-11 00:00:00+00:00,0.00773439784099869
2026-01-12 00:00:00+00:00,0.006884373451499511
2026-01-13 00:00:00+00:00,0.0
2026-01-14 00:00:00+00:00,0.0
2026-01-15 00:00:00+00:00,0.0
2026-01-16 00:00:00+00:00,0.0
2026-01-18 00:00:00+00:00,0.008387507381405347
2026-01-19 00:00:00+00:00,-0.004780362180959651
2026-01-20 00:00:00+00:00,0.02825327836040381
2026-01-21 00:00:00+00:00,0.02995675277644981
2026-01-22 00:00:00+00:00,0.036304094540611946
2026-01-23 00:00:00+00:00,0.0023796818443411463
2026-01-25 00:00:00+00:00,0.019398008262103437
2026-01-26 00:00:00+00:00,0.007027743217696117
2026-01-27 00:00:00+00:00,0.012920814493295907
2026-01-28 00:00:00+00:00,0.07707015522602195
2026-01-29 00:00:00+00:00,-0.017563667418485994
2026-01-30 00:00:00+00:00,0.0
2026-02-01 00:00:00+00:00,0.0
2026-02-02 00:00:00+00:00,0.0033714724489689162
2026-02-03 00:00:00+00:00,0.0
2026-02-04 00:00:00+00:00,0.0
2026-02-05 00:00:00+00:00,0.012655931130974227
2026-02-06 00:00:00+00:00,-0.008771740647993876
2026-02-08 00:00:00+00:00,0.0
2026-02-09 00:00:00+00:00,-0.0004520776243985926
2026-02-10 00:00:00+00:00,0.0
2026-02-11 00:00:00+00:00,-0.008327635688359935
2026-02-12 00:00:00+00:00,0.0
2026-02-13 00:00:00+00:00,0.0
2026-02-15 00:00:00+00:00,0.0
2026-02-16 00:00:00+00:00,0.0
2026-02-17 00:00:00+00:00,-0.0007264005132542006
2026-02-18 00:00:00+00:00,0.0
2026-02-19 00:00:00+00:00,0.0
2026-02-20 00:00:00+00:00,-0.004938713829782813
2026-02-22 00:00:00+00:00,0.030275565998056874
2026-02-23 00:00:00+00:00,0.001140851140529215
2026-02-24 00:00:00+00:00,-0.004896948754370258
2026-02-25 00:00:00+00:00,-0.01352480452858879
2026-02-26 00:00:00+00:00,0.0
2026-02-27 00:00:00+00:00,0.007115920030450576
2026-03-01 00:00:00+00:00,0.02910371239491478
2026-03-02 00:00:00+00:00,-0.020447379905922575
2026-03-03 00:00:00+00:00,0.0
2026-03-04 00:00:00+00:00,0.0
2026-03-05 00:00:00+00:00,0.0
2026-03-06 00:00:00+00:00,0.0
2026-03-08 00:00:00+00:00,0.0
2026-03-09 00:00:00+00:00,-0.010000000000000066
2026-03-10 00:00:00+00:00,-0.008813276193400745
2026-03-11 00:00:00+00:00,0.0
2026-03-12 00:00:00+00:00,0.004196412709692041
2026-03-13 00:00:00+00:00,-0.006353801247891328
2026-03-15 00:00:00+00:00,0.006330235921056193
2026-03-16 00:00:00+00:00,-0.004687912441038746
2026-03-17 00:00:00+00:00,0.0
2026-03-18 00:00:00+00:00,0.021930196489553334
2026-03-19 00:00:00+00:00,0.0765543136214143
2026-03-20 00:00:00+00:00,0.005811175113535631
2026-03-22 00:00:00+00:00,-0.0058322862407681
2026-03-23 00:00:00+00:00,0.019648524922346505
2026-03-24 00:00:00+00:00,0.0
2026-03-25 00:00:00+00:00,0.0
2026-03-26 00:00:00+00:00,0.005159680740679258
2026-03-27 00:00:00+00:00,0.0
2026-03-29 00:00:00+00:00,0.0
2026-03-30 00:00:00+00:00,0.0
2026-03-31 00:00:00+00:00,0.0
2026-04-01 00:00:00+00:00,-0.01867915293647116
2026-04-02 00:00:00+00:00,-0.005157061665423904
2026-04-05 00:00:00+00:00,0.0
2026-04-06 00:00:00+00:00,-0.007785562459123396
2026-04-07 00:00:00+00:00,0.030010152715532822
2026-04-08 00:00:00+00:00,-0.009135022620590152
2026-04-09 00:00:00+00:00,-0.0069457406506158535
2026-04-10 00:00:00+00:00,0.0
2026-04-12 00:00:00+00:00,0.0
2026-04-13 00:00:00+00:00,-0.00026074182886489826
2026-04-14 00:00:00+00:00,0.004937179282291363
2026-04-15 00:00:00+00:00,0.0
2026-04-16 00:00:00+00:00,0.0
2026-04-17 00:00:00+00:00,0.002368842687158951
2026-04-19 00:00:00+00:00,0.0
2026-04-20 00:00:00+00:00,0.0
2026-04-21 00:00:00+00:00,0.0
2026-04-22 00:00:00+00:00,0.0
2026-04-23 00:00:00+00:00,-0.030000000000000197
2026-04-24 00:00:00+00:00,-0.01000000000000019
2026-04-26 00:00:00+00:00,0.0
2026-04-27 00:00:00+00:00,0.0
2026-04-28 00:00:00+00:00,0.045608824049331025
2026-04-29 00:00:00+00:00,9.702611329530337e-05
2026-04-30 00:00:00+00:00,0.0
2026-05-01 00:00:00+00:00,-0.004957360800875054
2026-05-03 00:00:00+00:00,0.0
2026-05-04 00:00:00+00:00,-0.010573611711952736
2026-05-05 00:00:00+00:00,-0.000612547971961262
2026-05-06 00:00:00+00:00,0.0
2026-05-07 00:00:00+00:00,-0.019999999999999817
2026-05-08 00:00:00+00:00,0.0
2026-05-10 00:00:00+00:00,0.0
2026-05-11 00:00:00+00:00,0.014488428444268009
2026-05-12 00:00:00+00:00,-0.01626693699930758
2026-05-13 00:00:00+00:00,0.0
2026-05-14 00:00:00+00:00,0.0
2026-05-15 00:00:00+00:00,0.006527235748198782
2026-05-17 00:00:00+00:00,0.0
2026-05-18 00:00:00+00:00,-0.009999999999999851
2026-05-19 00:00:00+00:00,0.010276908417927631
2026-05-20 00:00:00+00:00,0.0
2026-05-21 00:00:00+00:00,0.0
2026-05-22 00:00:00+00:00,0.0
2026-05-24 00:00:00+00:00,0.0
2026-05-25 00:00:00+00:00,0.0
2026-05-26 00:00:00+00:00,-0.015534956671279986
2026-05-27 00:00:00+00:00,-0.004720055476541813
2026-05-28 00:00:00+00:00,0.0009530869262516644
2026-05-29 00:00:00+00:00,0.0
2026-05-31 00:00:00+00:00,0.0
2026-06-01 00:00:00+00:00,0.0
2026-06-02 00:00:00+00:00,0.0
2026-06-03 00:00:00+00:00,0.01287779154356896
2026-06-04 00:00:00+00:00,0.0
2026-06-05 00:00:00+00:00,0.03626308360188543
2026-06-07 00:00:00+00:00,-0.005490318800436782
2026-06-08 00:00:00+00:00,-0.01
2026-06-09 00:00:00+00:00,0.010292834132699904
2026-06-10 00:00:00+00:00,0.031179541798760677
2026-06-11 00:00:00+00:00,-0.00542886192590589
2026-06-12 00:00:00+00:00,0.0
2026-06-14 00:00:00+00:00,0.0
2026-06-15 00:00:00+00:00,0.0
2026-06-16 00:00:00+00:00,0.0
2026-06-17 00:00:00+00:00,-0.01999999999999997
2026-06-18 00:00:00+00:00,0.01139282484172423
2026-06-19 00:00:00+00:00,0.023233946337051965
2026-06-21 00:00:00+00:00,0.0
2026-06-22 00:00:00+00:00,0.0
2026-06-23 00:00:00+00:00,0.008780301888056431
2026-06-24 00:00:00+00:00,0.01018037554845565
2026-06-25 00:00:00+00:00,0.0
2026-06-26 00:00:00+00:00,0.0
2026-06-28 00:00:00+00:00,0.0
2026-06-29 00:00:00+00:00,-0.009999999999999908
2026-06-30 00:00:00+00:00,0.012708632798061762
2026-07-01 00:00:00+00:00,-0.010000000000000137
2026-07-02 00:00:00+00:00,0.0
2026-07-03 00:00:00+00:00,0.021310510593681605
2026-07-05 00:00:00+00:00,-0.010000000000000094
2026-07-06 00:00:00+00:00,0.0
2026-07-07 00:00:00+00:00,-0.009999999999999776
2026-07-08 00:00:00+00:00,-0.007853401587654978
2026-07-09 00:00:00+00:00,0.0
2026-07-10 00:00:00+00:00,0.0
2026-07-12 00:00:00+00:00,0.0
2026-07-13 00:00:00+00:00,0.013852038919825393
2026-07-14 00:00:00+00:00,0.0
2026-07-15 00:00:00+00:00,0.0
2026-07-16 00:00:00+00:00,-0.0032248155409552704
2026-07-17 00:00:00+00:00,0.0
2026-07-19 00:00:00+00:00,0.0
2026-07-20 00:00:00+00:00,0.0
2026-07-21 00:00:00+00:00,0.0
2026-07-22 00:00:00+00:00,0.03742582836280596
2026-07-23 00:00:00+00:00,0.0
2026-07-24 00:00:00+00:00,0.0
2026-07-26 00:00:00+00:00,0.0
2026-07-27 00:00:00+00:00,0.0
2026-07-28 00:00:00+00:00,-0.009999999999999903
2026-07-29 00:00:00+00:00,-0.008569033911395246
2026-07-30 00:00:00+00:00,0.0
2026-07-31 00:00:00+00:00,0.0
2026-08-02 00:00:00+00:00,0.0
2026-08-03 00:00:00+00:00,0.0
2026-08-04 00:00:00+00:00,-0.010000000000000078
2026-08-05 00:00:00+00:00,0.019823437768681097
2026-08-06 00:00:00+00:00,-0.016151033353539825
2026-08-07 00:00:00+00:00,0.0005432703276653031
2026-08-09 00:00:00+00:00,0.0
2026-08-10 00:00:00+00:00,0.015142548575470345
2026-08-11 00:00:00+00:00,-0.010531343483288895
2026-08-12 00:00:00+00:00,-0.02
2026-08-13 00:00:00+00:00,0.0
2026-08-14 00:00:00+00:00,0.0
2026-08-16 00:00:00+00:00,0.0
2026-08-17 00:00:00+00:00,-0.011261774299778338
2026-08-18 00:00:00+00:00,-0.00999999999999975
2026-08-19 00:00:00+00:00,0.036548070306360966
2026-08-20 00:00:00+00:00,-0.012193217505429906
2026-08-21 00:00:00+00:00,0.015015367854803962
2026-08-23 00:00:00+00:00,0.0
2026-08-24 00:00:00+00:00,-0.025947100139793382
2026-08-25 00:00:00+00:00,-0.01999999999999995
2026-08-26 00:00:00+00:00,0.0
2026-08-27 00:00:00+00:00,0.0
2026-08-28 00:00:00+00:00,0.0
2026-08-30 00:00:00+00:00,0.0
2026-08-31 00:00:00+00:00,-0.0023897308409425604
2026-09-01 00:00:00+00:00,0.022253271459042153
2026-09-02 00:00:00+00:00,-0.009999999999999884
2026-09-03 00:00:00+00:00,0.0
2026-09-04 00:00:00+00:00,0.0
2026-09-06 00:00:00+00:00,0.0
2026-09-07 00:00:00+00:00,0.0
2026-09-08 00:00:00+00:00,0.014233320389580651
2026-09-09 00:00:00+00:00,-0.005649393360647367
2026-09-10 00:00:00+00:00,0.011543241969431893
2026-09-11 00:00:00+00:00,-0.015505886681383297
2026-09-13 00:00:00+00:00,0.0
2026-09-14 00:00:00+00:00,0.0014573399614493158
2026-09-15 00:00:00+00:00,0.0
2026-09-16 00:00:00+00:00,-0.003095029422811987
2026-09-17 00:00:00+00:00,0.0
2026-09-18 00:00:00+00:00,0.0
2026-09-20 00:00:00+00:00,0.0
2026-09-21 00:00:00+00:00,0.0
2026-09-22 00:00:00+00:00,-0.00465548858207232
2026-09-23 00:00:00+00:00,-0.006576277252829852
2026-09-24 00:00:00+00:00,-0.004484214066506716
2026-09-25 00:00:00+00:00,0.0
2026-09-27 00:00:00+00:00,0.0
2026-09-28 00:00:00+00:00,0.05932259087406664
2026-09-29 00:00:00+00:00,0.0
