entrada,salida,lado,R,ret,velas
2017-01-06 11:00:00+00:00,2017-01-09 04:00:00+00:00,-1,-0.9999999999999901,-0.009999999999999901,18
2017-01-09 05:00:00+00:00,2017-01-09 06:00:00+00:00,-1,-0.9999999999999923,-0.009999999999999924,2
2017-01-09 07:00:00+00:00,2017-01-09 15:00:00+00:00,-1,-0.9999999999999943,-0.009999999999999943,9
2017-01-09 16:00:00+00:00,2017-01-10 08:00:00+00:00,-1,-1.0000000000000069,-0.01000000000000007,17
2017-01-10 09:00:00+00:00,2017-01-12 08:00:00+00:00,-1,1.700342999688169,0.01700342999688169,48
2017-01-13 14:00:00+00:00,2017-01-15 22:00:00+00:00,-1,-1.542297979797991,-0.01542297979797991,9
2017-01-15 23:00:00+00:00,2017-01-18 23:00:00+00:00,-1,1.5113168724280017,0.015113168724280018,73
2017-01-23 16:00:00+00:00,2017-01-24 13:00:00+00:00,1,0.9477838494231892,0.009477838494231892,22
2017-01-24 17:00:00+00:00,2017-01-25 16:00:00+00:00,1,-1.0000000000000036,-0.010000000000000035,24
2017-01-25 17:00:00+00:00,2017-01-30 03:00:00+00:00,1,0.3257359924026778,0.0032573599240267783,59
2017-01-31 10:00:00+00:00,2017-02-01 12:00:00+00:00,-1,1.9875266699490917,0.019875266699490916,27
2017-02-02 16:00:00+00:00,2017-02-07 04:00:00+00:00,-1,0.5535674839849815,0.005535674839849815,61
2017-02-08 10:00:00+00:00,2017-02-13 10:00:00+00:00,1,-0.46962233169131284,-0.004696223316913129,73
2017-02-13 17:00:00+00:00,2017-02-14 10:00:00+00:00,1,1.083228774571298,0.01083228774571298,18
2017-02-16 17:00:00+00:00,2017-02-17 10:00:00+00:00,-1,-0.9999999999999962,-0.009999999999999962,18
2017-02-17 11:00:00+00:00,2017-02-20 10:00:00+00:00,-1,1.4410580793559742,0.014410580793559741,24
2017-02-21 15:00:00+00:00,2017-02-21 23:00:00+00:00,1,-0.9999999999999907,-0.009999999999999907,9
2017-02-22 00:00:00+00:00,2017-02-22 08:00:00+00:00,1,-1.0000000000000042,-0.010000000000000042,9
2017-02-22 09:00:00+00:00,2017-02-24 16:00:00+00:00,1,1.236784938450408,0.01236784938450408,56
2017-02-27 08:00:00+00:00,2017-03-01 14:00:00+00:00,-1,-1.0000000000000075,-0.010000000000000077,55
2017-03-03 11:00:00+00:00,2017-03-06 08:00:00+00:00,-1,-1.0000000000000024,-0.010000000000000024,22
2017-03-06 09:00:00+00:00,2017-03-09 09:00:00+00:00,-1,-0.5505753048256904,-0.005505753048256904,73
2017-03-09 15:00:00+00:00,2017-03-10 13:00:00+00:00,-1,-0.9999999999999927,-0.009999999999999927,23
2017-03-10 14:00:00+00:00,2017-03-10 16:00:00+00:00,-1,-0.9999999999999862,-0.009999999999999863,3
2017-03-10 17:00:00+00:00,2017-03-13 18:00:00+00:00,-1,1.4079480940794649,0.014079480940794649,26
2017-03-16 13:00:00+00:00,2017-03-21 02:00:00+00:00,1,0.42944785276073316,0.004294478527607332,61
2017-03-23 10:00:00+00:00,2017-03-24 11:00:00+00:00,1,0.8309009534928978,0.008309009534928979,26
2017-03-28 17:00:00+00:00,2017-03-29 01:00:00+00:00,-1,-0.9999999999999958,-0.009999999999999959,9
2017-03-29 02:00:00+00:00,2017-03-29 15:00:00+00:00,-1,1.439423706614262,0.014394237066142622,14
2017-03-30 13:00:00+00:00,2017-03-30 14:00:00+00:00,1,-1.0000000000000024,-0.010000000000000024,2
2017-03-30 15:00:00+00:00,2017-03-31 16:00:00+00:00,1,-1.000000000000004,-0.01000000000000004,26
2017-03-31 17:00:00+00:00,2017-03-31 21:00:00+00:00,1,-1.0000000000000016,-0.010000000000000016,5
2017-04-02 22:00:00+00:00,2017-04-04 07:00:00+00:00,1,1.4000000000000061,0.014000000000000061,34
2017-04-11 16:00:00+00:00,2017-04-12 15:00:00+00:00,1,-1.0000000000000073,-0.010000000000000073,24
2017-04-18 09:00:00+00:00,2017-04-18 11:00:00+00:00,1,-0.99999999999999,-0.0099999999999999,3
2017-04-18 12:00:00+00:00,2017-04-18 15:00:00+00:00,1,-0.9999999999999937,-0.009999999999999938,4
2017-04-18 16:00:00+00:00,2017-04-18 18:00:00+00:00,1,-0.9999999999999962,-0.009999999999999962,3
2017-04-18 19:00:00+00:00,2017-04-21 19:00:00+00:00,1,0.037592592592594294,0.00037592592592594295,73
2017-04-23 23:00:00+00:00,2017-04-26 16:00:00+00:00,-1,0.47543550596987205,0.004754355059698721,66
2017-04-28 02:00:00+00:00,2017-05-01 20:00:00+00:00,1,0.7236679058240157,0.007236679058240158,43
2017-05-04 12:00:00+00:00,2017-05-05 02:00:00+00:00,-1,-0.9999999999999905,-0.009999999999999905,15
2017-05-05 03:00:00+00:00,2017-05-08 01:00:00+00:00,-1,1.4059829059829216,0.014059829059829217,21
2017-05-09 15:00:00+00:00,2017-05-11 13:00:00+00:00,1,0.8799435028248317,0.008799435028248316,47
2017-05-12 13:00:00+00:00,2017-05-15 12:00:00+00:00,-1,-1.0000000000000158,-0.010000000000000158,21
2017-05-15 13:00:00+00:00,2017-05-16 07:00:00+00:00,-1,-0.9999999999999943,-0.009999999999999943,19
2017-05-16 09:00:00+00:00,2017-05-16 12:00:00+00:00,-1,-0.9999999999999919,-0.009999999999999919,4
2017-05-16 13:00:00+00:00,2017-05-18 09:00:00+00:00,-1,1.0598870056496916,0.010598870056496916,45
2017-05-22 11:00:00+00:00,2017-05-23 07:00:00+00:00,-1,-1.0000000000000067,-0.010000000000000066,21
2017-05-23 08:00:00+00:00,2017-05-24 05:00:00+00:00,-1,1.841161400512366,0.01841161400512366,22
2017-05-26 01:00:00+00:00,2017-05-26 06:00:00+00:00,-1,-0.9999999999999849,-0.00999999999999985,6
2017-05-26 07:00:00+00:00,2017-05-26 14:00:00+00:00,-1,-1.00000000000002,-0.0100000000000002,8
2017-05-26 15:00:00+00:00,2017-05-30 04:00:00+00:00,-1,1.3428300094966998,0.013428300094966998,35
2017-06-02 14:00:00+00:00,2017-06-05 13:00:00+00:00,-1,1.2355300859598608,0.012355300859598609,21
2017-06-07 12:00:00+00:00,2017-06-08 20:00:00+00:00,1,-1.000000000000018,-0.01000000000000018,33
2017-06-08 21:00:00+00:00,2017-06-14 00:00:00+00:00,1,3.007165109034265,0.030071651090342648,73
2017-06-15 12:00:00+00:00,2017-06-20 15:00:00+00:00,1,1.5712322491983426,0.015712322491983427,73
2017-06-21 08:00:00+00:00,2017-06-21 12:00:00+00:00,-1,2.7962403491104566,0.027962403491104567,5
2017-06-27 11:00:00+00:00,2017-06-28 05:00:00+00:00,-1,-1.0,-0.01,19
2017-06-28 06:00:00+00:00,2017-06-28 18:00:00+00:00,-1,2.0453245324532885,0.020453245324532885,13
2017-07-06 06:00:00+00:00,2017-07-06 09:00:00+00:00,1,0.7845263919017074,0.007845263919017074,4
2017-07-06 12:00:00+00:00,2017-07-07 08:00:00+00:00,-1,-1.0000000000000093,-0.010000000000000094,21
2017-07-07 09:00:00+00:00,2017-07-07 12:00:00+00:00,-1,-0.9999999999999936,-0.009999999999999936,4
2017-07-07 13:00:00+00:00,2017-07-11 14:00:00+00:00,-1,-0.9999999999999948,-0.009999999999999948,47
2017-07-11 15:00:00+00:00,2017-07-11 17:00:00+00:00,-1,-1.0000000000000022,-0.010000000000000023,3
2017-07-11 18:00:00+00:00,2017-07-12 15:00:00+00:00,-1,1.3808835341365435,0.013808835341365436,22
2017-07-14 15:00:00+00:00,2017-07-18 02:00:00+00:00,1,1.5588235294118042,0.015588235294118043,33
2017-07-20 13:00:00+00:00,2017-07-20 14:00:00+00:00,-1,-0.9999999999999926,-0.009999999999999926,2
2017-07-20 15:00:00+00:00,2017-07-25 12:00:00+00:00,-1,0.38496791934004515,0.0038496791934004514,67
2017-07-27 11:00:00+00:00,2017-07-27 19:00:00+00:00,1,0.977233676975925,0.00977233676975925,9
2017-07-31 16:00:00+00:00,2017-08-01 11:00:00+00:00,-1,0.5055555555555726,0.005055555555555726,20
2017-08-02 18:00:00+00:00,2017-08-03 10:00:00+00:00,-1,0.5770877944325592,0.005770877944325592,17
2017-08-03 12:00:00+00:00,2017-08-08 09:00:00+00:00,-1,-0.9999999999999933,-0.009999999999999934,67
2017-08-10 10:00:00+00:00,2017-08-15 07:00:00+00:00,1,1.687631027253608,0.01687631027253608,67
2017-08-15 11:00:00+00:00,2017-08-17 09:00:00+00:00,-1,0.4883431215518893,0.004883431215518893,47
2017-08-18 16:00:00+00:00,2017-08-21 10:00:00+00:00,-1,0.650397686189461,0.00650397686189461,16
2017-08-21 14:00:00+00:00,2017-08-22 08:00:00+00:00,-1,-0.9999999999999943,-0.009999999999999943,19
2017-08-22 12:00:00+00:00,2017-08-23 08:00:00+00:00,-1,-0.9999999999999933,-0.009999999999999934,21
2017-08-23 09:00:00+00:00,2017-08-25 19:00:00+00:00,-1,-0.9999999999999917,-0.009999999999999917,59
2017-08-25 20:00:00+00:00,2017-08-29 08:00:00+00:00,-1,-1.0000000000000093,-0.010000000000000094,34
2017-08-29 09:00:00+00:00,2017-08-30 09:00:00+00:00,-1,1.9235607160135662,0.019235607160135663,25
2017-09-01 14:00:00+00:00,2017-09-04 09:00:00+00:00,1,1.2528735632184,0.012528735632184,17
2017-09-05 14:00:00+00:00,2017-09-07 10:00:00+00:00,1,0.20175438596490478,0.002017543859649048,45
2017-09-11 11:00:00+00:00,2017-09-12 08:00:00+00:00,1,-0.9999999999999897,-0.009999999999999896,22
2017-09-12 09:00:00+00:00,2017-09-12 10:00:00+00:00,1,-1.0000000000000104,-0.010000000000000104,2
2017-09-12 11:00:00+00:00,2017-09-14 11:00:00+00:00,1,-1.0000000000000118,-0.010000000000000118,49
2017-09-14 12:00:00+00:00,2017-09-15 08:00:00+00:00,1,-1.0000000000000013,-0.010000000000000014,21
2017-09-15 09:00:00+00:00,2017-09-15 10:00:00+00:00,1,-1.000000000000002,-0.010000000000000021,2
2017-09-15 11:00:00+00:00,2017-09-19 09:00:00+00:00,1,1.704658343401802,0.01704658343401802,44
2017-09-26 08:00:00+00:00,2017-09-29 01:00:00+00:00,1,0.5660267597440369,0.00566026759744037,66
2017-09-29 09:00:00+00:00,2017-10-02 12:00:00+00:00,-1,-1.0000000000000118,-0.010000000000000118,25
2017-10-02 13:00:00+00:00,2017-10-04 23:00:00+00:00,-1,-0.9999999999999905,-0.009999999999999905,59
2017-10-05 08:00:00+00:00,2017-10-06 06:00:00+00:00,-1,-1.0000000000000224,-0.010000000000000224,23
2017-10-06 07:00:00+00:00,2017-10-06 13:00:00+00:00,-1,-1.0000000000000135,-0.010000000000000136,7
2017-10-06 14:00:00+00:00,2017-10-09 12:00:00+00:00,-1,1.3708024036762088,0.013708024036762087,20
2017-10-12 11:00:00+00:00,2017-10-12 12:00:00+00:00,-1,-1.000000000000005,-0.01000000000000005,2
2017-10-12 13:00:00+00:00,2017-10-17 12:00:00+00:00,-1,2.2632964718272683,0.022632964718272683,69
2017-10-19 08:00:00+00:00,2017-10-19 10:00:00+00:00,-1,-0.999999999999988,-0.00999999999999988,3
2017-10-19 11:00:00+00:00,2017-10-20 01:00:00+00:00,-1,-1.0000000000000049,-0.010000000000000049,15
2017-10-20 02:00:00+00:00,2017-10-20 15:00:00+00:00,-1,2.4548789435069875,0.024548789435069877,14
2017-10-26 17:00:00+00:00,2017-10-30 11:00:00+00:00,1,-0.9999999999999917,-0.009999999999999917,40
2017-10-30 13:00:00+00:00,2017-10-31 16:00:00+00:00,1,-0.9999999999999922,-0.009999999999999922,28
2017-11-02 13:00:00+00:00,2017-11-06 12:00:00+00:00,-1,0.6971171845750486,0.006971171845750486,45
2017-11-13 02:00:00+00:00,2017-11-14 07:00:00+00:00,-1,-1.0000000000000107,-0.010000000000000106,30
2017-11-14 08:00:00+00:00,2017-11-14 09:00:00+00:00,-1,-0.9999999999999765,-0.009999999999999764,2
2017-11-14 10:00:00+00:00,2017-11-14 13:00:00+00:00,-1,-1.0000000000000084,-0.010000000000000085,4
2017-11-14 14:00:00+00:00,2017-11-15 09:00:00+00:00,-1,-0.9999999999999919,-0.009999999999999919,20
2017-11-15 10:00:00+00:00,2017-11-16 11:00:00+00:00,-1,2.6048537647790457,0.026048537647790457,26
2017-11-20 07:00:00+00:00,2017-11-21 07:00:00+00:00,1,-1.0000000000000142,-0.010000000000000142,25
2017-11-24 04:00:00+00:00,2017-11-24 14:00:00+00:00,-1,-0.9999999999999962,-0.009999999999999962,11
2017-11-24 15:00:00+00:00,2017-11-24 17:00:00+00:00,-1,-1.0000000000000178,-0.010000000000000177,3
2017-11-24 18:00:00+00:00,2017-11-29 20:00:00+00:00,-1,2.856031128404639,0.028560311284046392,73
2017-11-30 02:00:00+00:00,2017-12-04 09:00:00+00:00,1,0.43951347797500967,0.004395134779750097,54
2017-12-07 17:00:00+00:00,2017-12-08 04:00:00+00:00,1,-1.0000000000000053,-0.010000000000000054,12
2017-12-08 05:00:00+00:00,2017-12-08 16:00:00+00:00,1,1.5721544715447011,0.01572154471544701,12
2017-12-14 17:00:00+00:00,2017-12-15 11:00:00+00:00,1,0.6354760999112531,0.006354760999112531,19
2017-12-15 14:00:00+00:00,2017-12-18 14:00:00+00:00,-1,1.3104483211404783,0.013104483211404783,23
2017-12-19 13:00:00+00:00,2017-12-20 15:00:00+00:00,-1,-1.0000000000000084,-0.010000000000000085,27
2017-12-21 00:00:00+00:00,2017-12-22 10:00:00+00:00,-1,0.9218106995884872,0.009218106995884871,35
2018-01-02 07:00:00+00:00,2018-01-03 15:00:00+00:00,-1,0.4331582019848172,0.004331582019848172,33
2018-01-04 13:00:00+00:00,2018-01-05 13:00:00+00:00,-1,0.9370444002650797,0.009370444002650798,25
2018-01-08 13:00:00+00:00,2018-01-09 06:00:00+00:00,1,-0.9999999999999971,-0.00999999999999997,18
2018-01-11 13:00:00+00:00,2018-01-16 14:00:00+00:00,-1,0.7602099018936594,0.007602099018936595,72
2018-01-17 12:00:00+00:00,2018-01-17 18:00:00+00:00,1,-0.999999999999998,-0.00999999999999998,7
2018-01-17 19:00:00+00:00,2018-01-22 15:00:00+00:00,1,-0.9999999999999907,-0.009999999999999907,69
2018-01-22 16:00:00+00:00,2018-01-24 11:00:00+00:00,1,-1.0,-0.01,44
2018-01-24 12:00:00+00:00,2018-01-24 21:00:00+00:00,1,-0.9999999999999876,-0.009999999999999875,10
2018-01-24 22:00:00+00:00,2018-01-25 18:00:00+00:00,1,1.0517636280348106,0.010517636280348106,21
2018-01-30 08:00:00+00:00,2018-01-30 18:00:00+00:00,-1,2.3827956989246966,0.023827956989246966,11
2018-02-01 10:00:00+00:00,2018-02-02 09:00:00+00:00,1,1.861459786145995,0.01861459786145995,24
2018-02-05 12:00:00+00:00,2018-02-06 11:00:00+00:00,-1,-0.9999999999999906,-0.009999999999999907,24
2018-02-06 13:00:00+00:00,2018-02-07 18:00:00+00:00,-1,1.18483561428347,0.0118483561428347,30
2018-02-08 13:00:00+00:00,2018-02-09 12:00:00+00:00,1,2.212800519818057,0.022128005198180572,24
2018-02-16 17:00:00+00:00,2018-02-20 09:00:00+00:00,1,-1.0000000000000022,-0.010000000000000023,41
2018-02-20 10:00:00+00:00,2018-02-21 14:00:00+00:00,1,1.166666666666677,0.01166666666666677,29
2018-02-23 13:00:00+00:00,2018-02-26 16:00:00+00:00,1,0.6830668306682913,0.006830668306682913,28
2018-02-28 17:00:00+00:00,2018-03-01 18:00:00+00:00,-1,-1.0000000000000058,-0.010000000000000057,26
2018-03-01 19:00:00+00:00,2018-03-02 11:00:00+00:00,-1,-1.0000000000000133,-0.010000000000000134,17
2018-03-02 13:00:00+00:00,2018-03-07 09:00:00+00:00,-1,-0.9999999999999863,-0.009999999999999863,70
2018-03-09 12:00:00+00:00,2018-03-12 11:00:00+00:00,1,-0.9999999999999766,-0.009999999999999766,25
2018-03-12 12:00:00+00:00,2018-03-12 12:00:00+00:00,1,-0.9999999999999789,-0.009999999999999789,1
2018-03-12 13:00:00+00:00,2018-03-15 11:00:00+00:00,1,0.7162586315128803,0.007162586315128803,71
2018-03-15 14:00:00+00:00,2018-03-18 23:00:00+00:00,1,-0.999999999999989,-0.009999999999999891,34
2018-03-19 00:00:00+00:00,2018-03-19 10:00:00+00:00,1,-0.9999999999999873,-0.009999999999999874,11
2018-03-19 11:00:00+00:00,2018-03-21 09:00:00+00:00,1,-1.000000000000009,-0.01000000000000009,47
2018-03-21 16:00:00+00:00,2018-03-22 12:00:00+00:00,1,-0.9999999999999875,-0.009999999999999875,21
2018-03-27 08:00:00+00:00,2018-03-28 05:00:00+00:00,-1,1.9973881815213672,0.019973881815213673,22
2018-04-01 21:00:00+00:00,2018-04-02 08:00:00+00:00,-1,0.5062146892655289,0.005062146892655289,12
2018-04-03 14:00:00+00:00,2018-04-05 17:00:00+00:00,1,0.5523809523809246,0.005523809523809245,52
2018-04-06 15:00:00+00:00,2018-04-10 12:00:00+00:00,1,0.5422535211267538,0.005422535211267538,46
2018-04-12 11:00:00+00:00,2018-04-12 11:00:00+00:00,1,-1.0000000000000042,-0.010000000000000042,1
2018-04-12 12:00:00+00:00,2018-04-12 14:00:00+00:00,1,-1.0000000000000033,-0.010000000000000033,3
2018-04-12 15:00:00+00:00,2018-04-17 12:00:00+00:00,1,-1.0,-0.01,70
2018-04-18 09:00:00+00:00,2018-04-19 17:00:00+00:00,-1,-1.0000000000000082,-0.010000000000000082,33
2018-04-19 18:00:00+00:00,2018-04-24 09:00:00+00:00,-1,0.3885425942416028,0.003885425942416028,64
2018-04-25 21:00:00+00:00,2018-04-26 09:00:00+00:00,1,0.6088460588089987,0.006088460588089987,13
2018-04-26 11:00:00+00:00,2018-04-26 12:00:00+00:00,1,-0.9999999999999926,-0.009999999999999926,2
2018-04-26 13:00:00+00:00,2018-04-26 14:00:00+00:00,1,-0.9999999999999886,-0.009999999999999886,2
2018-04-26 15:00:00+00:00,2018-04-27 09:00:00+00:00,1,1.0731988472622556,0.010731988472622555,19
2018-04-27 17:00:00+00:00,2018-05-02 17:00:00+00:00,-1,-0.17595628415301012,-0.0017595628415301014,73
2018-05-03 19:00:00+00:00,2018-05-07 07:00:00+00:00,-1,0.6600782375952259,0.006600782375952259,37
2018-05-07 15:00:00+00:00,2018-05-08 19:00:00+00:00,1,-0.9999999999999908,-0.009999999999999908,29
2018-05-08 20:00:00+00:00,2018-05-10 12:00:00+00:00,1,0.6666666666666791,0.006666666666666791,41
2018-05-16 11:00:00+00:00,2018-05-16 23:00:00+00:00,1,-1.0000000000000155,-0.010000000000000156,13
2018-05-17 00:00:00+00:00,2018-05-21 03:00:00+00:00,1,0.7057800956105997,0.007057800956105998,52
2018-05-21 20:00:00+00:00,2018-05-23 08:00:00+00:00,-1,0.8625592417061544,0.008625592417061545,37
2018-05-28 01:00:00+00:00,2018-05-28 09:00:00+00:00,-1,0.6547455295735631,0.006547455295735631,9
2018-05-28 11:00:00+00:00,2018-05-29 09:00:00+00:00,1,-1.0000000000000104,-0.010000000000000104,23
2018-05-29 10:00:00+00:00,2018-05-30 09:00:00+00:00,1,1.489281886388006,0.01489281886388006,24
2018-06-05 13:00:00+00:00,2018-06-06 08:00:00+00:00,1,1.2370266479663368,0.012370266479663368,20
2018-06-07 12:00:00+00:00,2018-06-08 08:00:00+00:00,-1,2.0158612143742416,0.020158612143742417,21
2018-06-11 11:00:00+00:00,2018-06-13 08:00:00+00:00,-1,0.8835140394773277,0.008835140394773277,46
2018-06-14 12:00:00+00:00,2018-06-14 14:00:00+00:00,1,-1.0000000000000073,-0.010000000000000073,3
2018-06-14 15:00:00+00:00,2018-06-18 11:00:00+00:00,1,0.5069637883008401,0.005069637883008401,45
2018-06-25 17:00:00+00:00,2018-06-28 10:00:00+00:00,-1,-0.9999999999999976,-0.009999999999999976,66
2018-06-28 11:00:00+00:00,2018-06-29 02:00:00+00:00,-1,-1.0000000000000089,-0.010000000000000089,16
2018-06-29 03:00:00+00:00,2018-07-02 16:00:00+00:00,-1,1.3733239237826294,0.013733239237826295,38
2018-07-04 09:00:00+00:00,2018-07-04 10:00:00+00:00,1,-0.9999999999999956,-0.009999999999999955,2
2018-07-04 11:00:00+00:00,2018-07-05 06:00:00+00:00,1,1.165501165501106,0.01165501165501106,20
2018-07-09 15:00:00+00:00,2018-07-10 08:00:00+00:00,-1,0.7884961054523543,0.007884961054523543,18
2018-07-17 12:00:00+00:00,2018-07-17 12:00:00+00:00,-1,-1.0000000000000215,-0.010000000000000215,1
2018-07-17 13:00:00+00:00,2018-07-18 08:00:00+00:00,-1,-1.0000000000000029,-0.01000000000000003,20
2018-07-18 09:00:00+00:00,2018-07-19 08:00:00+00:00,-1,-1.0000000000000062,-0.010000000000000063,24
2018-07-24 15:00:00+00:00,2018-07-25 15:00:00+00:00,1,-1.0,-0.01,25
2018-07-26 15:00:00+00:00,2018-07-27 20:00:00+00:00,1,1.0785185185184827,0.010785185185184827,30
2018-07-30 11:00:00+00:00,2018-07-31 06:00:00+00:00,-1,-1.0000000000000224,-0.010000000000000224,20
2018-07-31 07:00:00+00:00,2018-08-01 10:00:00+00:00,-1,1.4550350026924668,0.014550350026924667,28
2018-08-06 12:00:00+00:00,2018-08-07 10:00:00+00:00,-1,-1.0000000000000289,-0.010000000000000288,23
2018-08-07 11:00:00+00:00,2018-08-07 13:00:00+00:00,-1,-1.0000000000000053,-0.010000000000000054,3
2018-08-07 14:00:00+00:00,2018-08-08 06:00:00+00:00,-1,-1.0000000000000204,-0.010000000000000205,17
2018-08-08 07:00:00+00:00,2018-08-08 10:00:00+00:00,-1,-1.0000000000000102,-0.010000000000000103,4
2018-08-08 11:00:00+00:00,2018-08-10 07:00:00+00:00,-1,2.0321881770350134,0.020321881770350134,45
2018-08-17 09:00:00+00:00,2018-08-20 12:00:00+00:00,-1,0.8029197080291992,0.008029197080291992,28
2018-08-21 01:00:00+00:00,2018-08-21 14:00:00+00:00,-1,1.208024182467694,0.012080241824676942,14
2018-08-22 10:00:00+00:00,2018-08-23 14:00:00+00:00,-1,-1.0000000000000047,-0.010000000000000047,29
2018-08-23 15:00:00+00:00,2018-08-24 17:00:00+00:00,-1,-0.9999999999999862,-0.009999999999999863,27
2018-08-24 18:00:00+00:00,2018-08-28 13:00:00+00:00,-1,-0.999999999999982,-0.00999999999999982,42
2018-08-28 15:00:00+00:00,2018-08-29 11:00:00+00:00,-1,1.5627075351212822,0.015627075351212823,21
2018-08-29 19:00:00+00:00,2018-09-03 14:00:00+00:00,1,0.5483476132190973,0.005483476132190974,65
2018-09-05 10:00:00+00:00,2018-09-06 07:00:00+00:00,-1,1.9035639412997245,0.019035639412997244,22
2018-09-07 10:00:00+00:00,2018-09-07 10:00:00+00:00,1,-1.0000000000000147,-0.010000000000000146,1
2018-09-07 11:00:00+00:00,2018-09-10 13:00:00+00:00,1,-1.0000000000000024,-0.010000000000000024,27
2018-09-10 14:00:00+00:00,2018-09-11 12:00:00+00:00,1,-1.0,-0.01,23
2018-09-16 23:00:00+00:00,2018-09-18 12:00:00+00:00,1,0.3156462585033868,0.0031564625850338678,38
2018-09-19 00:00:00+00:00,2018-09-21 06:00:00+00:00,1,0.4649572649572765,0.004649572649572766,55
2018-09-21 08:00:00+00:00,2018-09-21 09:00:00+00:00,-1,-0.9999999999999893,-0.009999999999999894,2
2018-09-21 10:00:00+00:00,2018-09-21 13:00:00+00:00,-1,-1.0000000000000109,-0.01000000000000011,4
2018-09-21 14:00:00+00:00,2018-09-25 18:00:00+00:00,-1,1.0175599328141376,0.010175599328141376,53
2018-09-27 13:00:00+00:00,2018-10-01 12:00:00+00:00,1,-1.0000000000000155,-0.010000000000000156,48
2018-10-01 13:00:00+00:00,2018-10-02 11:00:00+00:00,1,0.5818337617823298,0.005818337617823298,23
2018-10-03 17:00:00+00:00,2018-10-05 06:00:00+00:00,1,-0.9999999999999908,-0.009999999999999908,38
2018-10-05 07:00:00+00:00,2018-10-05 14:00:00+00:00,1,-1.0,-0.01,8
2018-10-05 15:00:00+00:00,2018-10-09 06:00:00+00:00,1,-1.0000000000000093,-0.010000000000000094,40
2018-10-09 16:00:00+00:00,2018-10-11 11:00:00+00:00,1,0.6674886970817928,0.006674886970817928,44
2018-10-14 22:00:00+00:00,2018-10-16 10:00:00+00:00,-1,1.1549295774647836,0.011549295774647837,37
2018-10-19 16:00:00+00:00,2018-10-23 12:00:00+00:00,-1,0.45388127853880705,0.00453881278538807,45
2018-10-25 15:00:00+00:00,2018-10-30 11:00:00+00:00,-1,-0.999999999999995,-0.00999999999999995,69
2018-10-30 13:00:00+00:00,2018-10-30 16:00:00+00:00,-1,-1.0000000000000042,-0.010000000000000042,4
2018-10-30 17:00:00+00:00,2018-10-31 12:00:00+00:00,-1,1.8213009292351443,0.018213009292351444,20
2018-11-01 01:00:00+00:00,2018-11-01 18:00:00+00:00,1,-1.0000000000000016,-0.010000000000000016,18
2018-11-01 19:00:00+00:00,2018-11-06 20:00:00+00:00,1,-0.9168039538715061,-0.009168039538715061,73
2018-11-11 22:00:00+00:00,2018-11-12 14:00:00+00:00,-1,1.0248265790434266,0.010248265790434266,17
2018-11-13 16:00:00+00:00,2018-11-14 11:00:00+00:00,1,1.0121334681496283,0.010121334681496284,20
2018-11-15 09:00:00+00:00,2018-11-15 09:00:00+00:00,-1,-1.0000000000000073,-0.010000000000000073,1
2018-11-15 10:00:00+00:00,2018-11-15 16:00:00+00:00,-1,-0.9999999999999896,-0.009999999999999896,7
2018-11-15 17:00:00+00:00,2018-11-20 16:00:00+00:00,-1,-0.2022666320615923,-0.002022666320615923,73
2018-11-22 11:00:00+00:00,2018-11-27 07:00:00+00:00,1,0.36399313220507684,0.0036399313220507683,70
2018-11-28 11:00:00+00:00,2018-11-30 16:00:00+00:00,1,2.0299145299144885,0.020299145299144887,54
2018-12-07 17:00:00+00:00,2018-12-10 01:00:00+00:00,-1,-0.9999999999999981,-0.009999999999999981,10
2018-12-10 02:00:00+00:00,2018-12-10 11:00:00+00:00,-1,-1.0000000000000018,-0.010000000000000018,10
2018-12-10 12:00:00+00:00,2018-12-10 15:00:00+00:00,-1,-0.9999999999999913,-0.009999999999999913,4
2018-12-10 16:00:00+00:00,2018-12-12 14:00:00+00:00,-1,1.1876691375455943,0.011876691375455944,47
2018-12-19 09:00:00+00:00,2018-12-19 12:00:00+00:00,-1,-1.0000000000000178,-0.010000000000000177,4
2018-12-19 13:00:00+00:00,2018-12-21 11:00:00+00:00,-1,0.5278893351182468,0.0052788933511824674,47
2018-12-24 17:00:00+00:00,2018-12-27 09:00:00+00:00,1,0.8685843203609663,0.008685843203609664,35
2018-12-31 13:00:00+00:00,2019-01-02 06:00:00+00:00,1,1.3506545820745417,0.013506545820745418,17
2019-01-04 17:00:00+00:00,2019-01-08 17:00:00+00:00,1,0.9780112862424799,0.009780112862424799,50
2019-01-10 02:00:00+00:00,2019-01-11 13:00:00+00:00,-1,0.9458307973219531,0.00945830797321953,36
2019-01-11 16:00:00+00:00,2019-01-14 15:00:00+00:00,1,-0.9999999999999956,-0.009999999999999955,25
2019-01-14 16:00:00+00:00,2019-01-15 19:00:00+00:00,1,1.7553912507701452,0.01755391250770145,28
2019-01-17 15:00:00+00:00,2019-01-17 17:00:00+00:00,1,-0.9999999999999954,-0.009999999999999955,3
2019-01-17 18:00:00+00:00,2019-01-21 00:00:00+00:00,1,1.2827166426397518,0.012827166426397519,32
2019-01-22 16:00:00+00:00,2019-01-23 11:00:00+00:00,1,-0.999999999999992,-0.00999999999999992,20
2019-01-23 12:00:00+00:00,2019-01-24 13:00:00+00:00,1,-0.9999999999999977,-0.009999999999999978,26
2019-01-24 20:00:00+00:00,2019-01-28 16:00:00+00:00,1,0.6851549755301709,0.006851549755301709,46
2019-01-29 21:00:00+00:00,2019-02-01 21:00:00+00:00,-1,-0.27721203892283747,-0.0027721203892283747,73
2019-02-05 14:00:00+00:00,2019-02-08 14:00:00+00:00,-1,1.7398127056441135,0.017398127056441136,73
2019-02-14 12:00:00+00:00,2019-02-14 14:00:00+00:00,-1,-1.0000000000000104,-0.010000000000000104,3
2019-02-14 15:00:00+00:00,2019-02-15 14:00:00+00:00,-1,1.358909853249471,0.01358909853249471,24
2019-02-19 13:00:00+00:00,2019-02-19 15:00:00+00:00,1,-0.9999999999999969,-0.009999999999999969,3
2019-02-19 16:00:00+00:00,2019-02-22 09:00:00+00:00,1,0.2150673400673088,0.002150673400673088,66
2019-02-25 23:00:00+00:00,2019-02-26 10:00:00+00:00,1,-1.000000000000009,-0.01000000000000009,12
2019-02-26 11:00:00+00:00,2019-02-26 16:00:00+00:00,1,-0.9999999999999883,-0.009999999999999884,6
2019-02-26 17:00:00+00:00,2019-03-01 11:00:00+00:00,1,0.09268292682927992,0.0009268292682927992,67
2019-03-05 13:00:00+00:00,2019-03-05 19:00:00+00:00,-1,1.5062439961575658,0.015062439961575658,7
2019-03-07 16:00:00+00:00,2019-03-08 13:00:00+00:00,1,0.5615384615384751,0.005615384615384751,22
2019-03-08 16:00:00+00:00,2019-03-11 14:00:00+00:00,-1,1.1321353065539241,0.011321353065539242,24
2019-03-11 23:00:00+00:00,2019-03-12 14:00:00+00:00,1,0.8671254632080541,0.00867125463208054,16
2019-03-13 21:00:00+00:00,2019-03-15 08:00:00+00:00,1,0.9455859969558484,0.009455859969558484,36
2019-03-20 09:00:00+00:00,2019-03-20 12:00:00+00:00,-1,-1.0000000000000133,-0.010000000000000134,4
2019-03-20 13:00:00+00:00,2019-03-21 10:00:00+00:00,-1,-0.9999999999999913,-0.009999999999999913,22
2019-03-21 11:00:00+00:00,2019-03-21 16:00:00+00:00,-1,-1.00000000000001,-0.0100000000000001,6
2019-03-21 17:00:00+00:00,2019-03-22 11:00:00+00:00,-1,1.7401722201422698,0.0174017222014227,19
2019-03-28 17:00:00+00:00,2019-04-01 11:00:00+00:00,-1,0.4934159566227599,0.004934159566227599,43
2019-04-03 07:00:00+00:00,2019-04-05 06:00:00+00:00,1,1.3401565322095126,0.013401565322095126,48
2019-04-05 13:00:00+00:00,2019-04-08 13:00:00+00:00,-1,-0.9999999999999977,-0.009999999999999978,25
2019-04-08 14:00:00+00:00,2019-04-10 13:00:00+00:00,-1,0.9711359404096854,0.009711359404096854,48
2019-04-12 09:00:00+00:00,2019-04-12 14:00:00+00:00,-1,1.0515796260476953,0.010515796260476953,6
2019-04-16 15:00:00+00:00,2019-04-18 09:00:00+00:00,-1,0.24908424908425467,0.002490842490842547,43
2019-04-22 15:00:00+00:00,2019-04-23 08:00:00+00:00,-1,0.9148936170213127,0.009148936170213126,18
2019-04-23 21:00:00+00:00,2019-04-28 21:00:00+00:00,-1,1.5382835993523445,0.015382835993523445,73
2019-04-30 11:00:00+00:00,2019-04-30 14:00:00+00:00,1,-0.999999999999983,-0.00999999999999983,4
2019-04-30 15:00:00+00:00,2019-05-03 04:00:00+00:00,1,-1.0000000000000056,-0.010000000000000056,62
2019-05-03 15:00:00+00:00,2019-05-03 15:00:00+00:00,1,-1.0000000000000107,-0.010000000000000106,1
2019-05-03 16:00:00+00:00,2019-05-07 10:00:00+00:00,1,1.1174489998019415,0.011174489998019415,43
2019-05-08 11:00:00+00:00,2019-05-09 13:00:00+00:00,-1,-0.9999999999999964,-0.009999999999999966,27
2019-05-09 14:00:00+00:00,2019-05-13 15:00:00+00:00,-1,-0.9999999999999912,-0.009999999999999912,50
2019-05-13 16:00:00+00:00,2019-05-14 07:00:00+00:00,-1,-0.9999999999999937,-0.009999999999999938,16
2019-05-14 08:00:00+00:00,2019-05-15 13:00:00+00:00,-1,-0.9999999999999925,-0.009999999999999924,30
2019-05-15 14:00:00+00:00,2019-05-16 07:00:00+00:00,-1,-0.9999999999999971,-0.00999999999999997,18
2019-05-16 08:00:00+00:00,2019-05-17 09:00:00+00:00,-1,-1.0000000000000318,-0.010000000000000318,26
2019-05-17 16:00:00+00:00,2019-05-21 15:00:00+00:00,-1,1.1338842975207026,0.011338842975207026,48
2019-05-22 07:00:00+00:00,2019-05-22 10:00:00+00:00,-1,-0.9999999999999847,-0.009999999999999848,4
2019-05-22 11:00:00+00:00,2019-05-22 13:00:00+00:00,-1,-0.999999999999986,-0.00999999999999986,3
2019-05-22 14:00:00+00:00,2019-05-26 23:00:00+00:00,-1,0.8931093255417442,0.008931093255417442,58
2019-05-30 15:00:00+00:00,2019-05-31 09:00:00+00:00,-1,-1.000000000000017,-0.010000000000000172,19
2019-05-31 10:00:00+00:00,2019-06-03 08:00:00+00:00,-1,1.485695276114429,0.014856952761144291,23
2019-06-03 12:00:00+00:00,2019-06-03 18:00:00+00:00,-1,-0.9999999999999901,-0.009999999999999901,7
2019-06-03 19:00:00+00:00,2019-06-05 14:00:00+00:00,-1,0.8106151990350094,0.008106151990350094,44
2019-06-07 17:00:00+00:00,2019-06-10 11:00:00+00:00,-1,-1.0000000000000047,-0.010000000000000047,19
2019-06-10 12:00:00+00:00,2019-06-12 09:00:00+00:00,-1,1.3096506808762998,0.013096506808762998,46
2019-06-17 12:00:00+00:00,2019-06-17 14:00:00+00:00,-1,-0.9999999999999679,-0.00999999999999968,3
2019-06-17 15:00:00+00:00,2019-06-18 01:00:00+00:00,-1,-1.0000000000000144,-0.010000000000000144,11
2019-06-18 02:00:00+00:00,2019-06-18 19:00:00+00:00,-1,2.49966996699674,0.024996699669967398,18
2019-06-24 14:00:00+00:00,2019-06-27 10:00:00+00:00,-1,0.12770393536615776,0.0012770393536615777,69
2019-06-27 19:00:00+00:00,2019-06-28 14:00:00+00:00,-1,0.7159894885789504,0.007159894885789504,20
2019-07-01 18:00:00+00:00,2019-07-02 20:00:00+00:00,1,0.67240143369177,0.0067240143369177,27
2019-07-09 10:00:00+00:00,2019-07-10 06:00:00+00:00,-1,-1.0000000000000333,-0.010000000000000333,21
2019-07-10 07:00:00+00:00,2019-07-11 12:00:00+00:00,-1,1.3884857281083771,0.013884857281083771,30
2019-07-16 08:00:00+00:00,2019-07-16 10:00:00+00:00,-1,-0.9999999999999823,-0.009999999999999823,3
2019-07-16 11:00:00+00:00,2019-07-18 09:00:00+00:00,-1,1.3404738721194454,0.013404738721194454,47
2019-07-19 11:00:00+00:00,2019-07-22 09:00:00+00:00,1,1.378872120730773,0.01378872120730773,23
2019-07-24 09:00:00+00:00,2019-07-24 10:00:00+00:00,1,-1.0000000000000142,-0.010000000000000142,2
2019-07-24 11:00:00+00:00,2019-07-26 01:00:00+00:00,1,1.6356107660455683,0.016356107660455685,39
2019-07-29 08:00:00+00:00,2019-07-29 10:00:00+00:00,-1,-0.9999999999999863,-0.009999999999999863,3
2019-07-29 11:00:00+00:00,2019-07-29 12:00:00+00:00,-1,-0.9999999999999934,-0.009999999999999934,2
2019-07-29 13:00:00+00:00,2019-07-29 16:00:00+00:00,-1,-1.0,-0.01,4
2019-07-29 17:00:00+00:00,2019-07-30 03:00:00+00:00,-1,-1.0000000000000082,-0.010000000000000082,11
2019-07-30 04:00:00+00:00,2019-08-01 07:00:00+00:00,-1,1.4642530627171415,0.014642530627171415,52
2019-08-05 15:00:00+00:00,2019-08-08 13:00:00+00:00,-1,-0.9999999999999879,-0.009999999999999879,71
2019-08-09 10:00:00+00:00,2019-08-09 11:00:00+00:00,-1,-1.0000000000000027,-0.010000000000000026,2
2019-08-09 12:00:00+00:00,2019-08-09 19:00:00+00:00,-1,-1.0000000000000089,-0.010000000000000089,8
2019-08-09 20:00:00+00:00,2019-08-13 14:00:00+00:00,-1,1.088512241054619,0.010885122410546191,43
2019-08-15 10:00:00+00:00,2019-08-15 11:00:00+00:00,1,-0.9999999999999963,-0.009999999999999964,2
2019-08-15 12:00:00+00:00,2019-08-15 14:00:00+00:00,1,-1.0000000000000115,-0.010000000000000116,3
2019-08-15 15:00:00+00:00,2019-08-16 08:00:00+00:00,1,-1.0,-0.01,18
2019-08-16 09:00:00+00:00,2019-08-16 12:00:00+00:00,1,-0.9999999999999843,-0.009999999999999844,4
2019-08-16 13:00:00+00:00,2019-08-20 11:00:00+00:00,1,2.113313313313346,0.02113313313313346,47
2019-08-22 13:00:00+00:00,2019-08-26 14:00:00+00:00,1,0.6008583690987223,0.006008583690987223,50
2019-09-03 06:00:00+00:00,2019-09-03 07:00:00+00:00,-1,-1.0,-0.01,2
2019-09-03 08:00:00+00:00,2019-09-03 16:00:00+00:00,-1,1.6942675159235163,0.016942675159235164,9
2019-09-04 21:00:00+00:00,2019-09-05 10:00:00+00:00,1,-1.0000000000000029,-0.01000000000000003,14
2019-09-05 11:00:00+00:00,2019-09-09 10:00:00+00:00,1,-0.999999999999987,-0.00999999999999987,48
2019-09-09 11:00:00+00:00,2019-09-12 09:00:00+00:00,1,0.9698169223156781,0.00969816922315678,71
2019-09-12 12:00:00+00:00,2019-09-12 15:00:00+00:00,1,1.1452420701168724,0.011452420701168723,4
2019-09-13 13:00:00+00:00,2019-09-13 20:00:00+00:00,1,-1.0000000000000118,-0.010000000000000118,8
2019-09-15 21:00:00+00:00,2019-09-18 19:00:00+00:00,1,-1.0000000000000016,-0.010000000000000016,71
2019-09-19 18:00:00+00:00,2019-09-23 07:00:00+00:00,1,0.7586912065439825,0.007586912065439825,38
2019-09-25 12:00:00+00:00,2019-09-27 18:00:00+00:00,-1,-0.9999999999999881,-0.009999999999999882,55
2019-09-27 19:00:00+00:00,2019-09-30 12:00:00+00:00,-1,0.8773038441284969,0.008773038441284969,18
2019-10-01 13:00:00+00:00,2019-10-03 12:00:00+00:00,-1,0.27972304648864665,0.0027972304648864665,48
2019-10-08 07:00:00+00:00,2019-10-08 09:00:00+00:00,-1,-0.9999999999999953,-0.009999999999999953,3
2019-10-08 10:00:00+00:00,2019-10-10 06:00:00+00:00,-1,-1.0000000000000058,-0.010000000000000057,45
2019-10-10 18:00:00+00:00,2019-10-11 10:00:00+00:00,1,-0.9999999999999933,-0.009999999999999934,17
2019-10-11 11:00:00+00:00,2019-10-11 11:00:00+00:00,1,-1.0000000000000089,-0.010000000000000089,1
2019-10-11 12:00:00+00:00,2019-10-15 14:00:00+00:00,1,-0.999999999999999,-0.00999999999999999,51
2019-10-21 12:00:00+00:00,2019-10-22 15:00:00+00:00,1,0.7361246348588245,0.007361246348588245,28
2019-10-30 12:00:00+00:00,2019-10-30 15:00:00+00:00,1,0.9386213408876156,0.009386213408876156,4
2019-10-31 12:00:00+00:00,2019-11-01 16:00:00+00:00,1,0.943359375000005,0.00943359375000005,29
2019-11-05 17:00:00+00:00,2019-11-06 19:00:00+00:00,1,0.39423076923075984,0.003942307692307598,27
2019-11-11 13:00:00+00:00,2019-11-14 13:00:00+00:00,1,-0.25739408473223885,-0.0025739408473223887,73
2019-11-18 08:00:00+00:00,2019-11-18 10:00:00+00:00,1,-0.9999999999999717,-0.009999999999999717,3
2019-11-18 11:00:00+00:00,2019-11-19 11:00:00+00:00,1,1.1413828689370433,0.011413828689370433,25
2019-11-19 20:00:00+00:00,2019-11-21 08:00:00+00:00,-1,0.6475279106858036,0.006475279106858037,37
2019-11-22 10:00:00+00:00,2019-11-25 08:00:00+00:00,-1,0.9960274467317141,0.009960274467317141,22
2019-11-25 15:00:00+00:00,2019-11-26 15:00:00+00:00,1,1.0225225225225385,0.010225225225225384,25
2019-11-27 19:00:00+00:00,2019-11-29 10:00:00+00:00,1,0.36683848797250873,0.0036683848797250873,40
2019-12-04 09:00:00+00:00,2019-12-04 11:00:00+00:00,1,-1.0000000000000262,-0.010000000000000262,3
2019-12-04 12:00:00+00:00,2019-12-04 15:00:00+00:00,1,-1.0,-0.01,4
2019-12-04 16:00:00+00:00,2019-12-06 16:00:00+00:00,1,-1.0000000000000087,-0.010000000000000087,49
2019-12-12 14:00:00+00:00,2019-12-12 18:00:00+00:00,-1,-0.9999999999999979,-0.00999999999999998,5
2019-12-12 19:00:00+00:00,2019-12-16 23:00:00+00:00,-1,1.999464094319417,0.01999464094319417,52
2019-12-23 13:00:00+00:00,2019-12-23 16:00:00+00:00,-1,-0.9999999999999847,-0.009999999999999848,4
2019-12-23 17:00:00+00:00,2019-12-26 07:00:00+00:00,-1,1.3765167737330657,0.013765167737330657,27
2019-12-31 11:00:00+00:00,2019-12-31 15:00:00+00:00,1,-1.0000000000000202,-0.010000000000000201,5
2019-12-31 16:00:00+00:00,2020-01-03 08:00:00+00:00,1,1.1269752742145456,0.011269752742145455,34
2020-01-08 09:00:00+00:00,2020-01-09 17:00:00+00:00,1,1.3934466617393897,0.013934466617393898,33
2020-01-12 23:00:00+00:00,2020-01-13 07:00:00+00:00,-1,-0.99999999999999,-0.0099999999999999,9
2020-01-13 08:00:00+00:00,2020-01-13 09:00:00+00:00,-1,-1.0000000000000209,-0.010000000000000208,2
2020-01-13 10:00:00+00:00,2020-01-14 07:00:00+00:00,-1,-0.9999999999999793,-0.009999999999999794,22
2020-01-16 22:00:00+00:00,2020-01-20 06:00:00+00:00,1,0.7645592567414473,0.007645592567414474,32
2020-01-21 19:00:00+00:00,2020-01-22 11:00:00+00:00,1,-1.0000000000000047,-0.010000000000000047,17
2020-01-22 12:00:00+00:00,2020-01-22 14:00:00+00:00,1,-1.0000000000000093,-0.010000000000000094,3
2020-01-22 15:00:00+00:00,2020-01-24 09:00:00+00:00,1,-1.0000000000000124,-0.010000000000000125,43
2020-01-28 15:00:00+00:00,2020-01-31 15:00:00+00:00,-1,1.7796019900497466,0.017796019900497468,73
2020-01-31 17:00:00+00:00,2020-02-03 09:00:00+00:00,1,1.0260448213204236,0.010260448213204236,16
2020-02-03 16:00:00+00:00,2020-02-04 07:00:00+00:00,-1,-1.0,-0.01,16
2020-02-04 08:00:00+00:00,2020-02-05 09:00:00+00:00,-1,2.6286458333332816,0.02628645833333282,26
2020-02-10 15:00:00+00:00,2020-02-12 07:00:00+00:00,1,-1.0000000000000129,-0.010000000000000129,41
2020-02-12 12:00:00+00:00,2020-02-12 17:00:00+00:00,1,-0.999999999999991,-0.00999999999999991,6
2020-02-12 18:00:00+00:00,2020-02-13 11:00:00+00:00,1,-1.0000000000000087,-0.010000000000000087,18
2020-02-13 12:00:00+00:00,2020-02-13 12:00:00+00:00,1,-0.9999999999999852,-0.009999999999999853,1
2020-02-13 13:00:00+00:00,2020-02-13 15:00:00+00:00,1,-0.9999999999999885,-0.009999999999999884,3
2020-02-13 16:00:00+00:00,2020-02-18 07:00:00+00:00,1,0.6633761105626854,0.006633761105626855,63
2020-02-19 17:00:00+00:00,2020-02-20 10:00:00+00:00,-1,-1.000000000000008,-0.01000000000000008,18
2020-02-20 11:00:00+00:00,2020-02-20 13:00:00+00:00,-1,-0.9999999999999786,-0.009999999999999785,3
2020-02-20 14:00:00+00:00,2020-02-21 12:00:00+00:00,-1,1.8286516853933066,0.018286516853933066,23
2020-02-26 10:00:00+00:00,2020-02-26 18:00:00+00:00,-1,-0.9999999999999878,-0.009999999999999879,9
2020-02-26 19:00:00+00:00,2020-02-27 10:00:00+00:00,-1,-0.9999999999999967,-0.009999999999999967,16
2020-02-27 11:00:00+00:00,2020-02-27 14:00:00+00:00,-1,-0.9999999999999918,-0.009999999999999919,4
2020-02-27 15:00:00+00:00,2020-02-28 08:00:00+00:00,-1,-1.000000000000002,-0.010000000000000021,18
2020-02-28 09:00:00+00:00,2020-02-28 15:00:00+00:00,-1,-0.9999999999999946,-0.009999999999999946,7
2020-02-28 16:00:00+00:00,2020-03-02 08:00:00+00:00,-1,-1.0000000000000075,-0.010000000000000077,17
2020-03-02 09:00:00+00:00,2020-03-02 15:00:00+00:00,-1,-0.9999999999999989,-0.00999999999999999,7
2020-03-02 16:00:00+00:00,2020-03-04 18:00:00+00:00,-1,1.0061957868649243,0.010061957868649243,51
2020-03-10 16:00:00+00:00,2020-03-11 07:00:00+00:00,-1,-0.9999999999999989,-0.00999999999999999,16
2020-03-11 20:00:00+00:00,2020-03-12 12:00:00+00:00,-1,-0.9999999999999966,-0.009999999999999966,17
2020-03-12 13:00:00+00:00,2020-03-13 03:00:00+00:00,-1,-0.999999999999999,-0.00999999999999999,15
2020-03-13 04:00:00+00:00,2020-03-13 20:00:00+00:00,-1,-0.9999999999999956,-0.009999999999999955,17
2020-03-15 21:00:00+00:00,2020-03-18 09:00:00+00:00,-1,-0.9999999999999981,-0.009999999999999981,61
2020-03-18 14:00:00+00:00,2020-03-18 16:00:00+00:00,-1,-0.9999999999999993,-0.009999999999999993,3
2020-03-18 17:00:00+00:00,2020-03-19 16:00:00+00:00,-1,1.147946779825842,0.011479467798258421,24
2020-03-25 10:00:00+00:00,2020-03-25 16:00:00+00:00,1,2.1209661835748843,0.021209661835748843,7
2020-03-26 20:00:00+00:00,2020-03-27 16:00:00+00:00,1,-1.000000000000002,-0.010000000000000021,21
2020-03-27 17:00:00+00:00,2020-04-01 13:00:00+00:00,1,-1.000000000000001,-0.01000000000000001,69
2020-04-02 10:00:00+00:00,2020-04-03 16:00:00+00:00,1,1.0834364261168483,0.010834364261168484,31
2020-04-09 11:00:00+00:00,2020-04-14 08:00:00+00:00,1,-1.0000000000000138,-0.010000000000000137,70
2020-04-14 09:00:00+00:00,2020-04-15 09:00:00+00:00,1,1.2694385717641516,0.012694385717641516,25
2020-04-20 09:00:00+00:00,2020-04-21 09:00:00+00:00,-1,-0.9999999999999968,-0.009999999999999967,25
2020-04-21 10:00:00+00:00,2020-04-21 12:00:00+00:00,-1,-1.0000000000000078,-0.010000000000000078,3
2020-04-21 13:00:00+00:00,2020-04-21 16:00:00+00:00,-1,-1.0000000000000062,-0.010000000000000063,4
2020-04-21 17:00:00+00:00,2020-04-23 05:00:00+00:00,-1,1.3121525019856994,0.013121525019856995,37
2020-04-30 10:00:00+00:00,2020-05-01 05:00:00+00:00,1,0.4946719012899757,0.004946719012899757,20
2020-05-01 10:00:00+00:00,2020-05-01 14:00:00+00:00,-1,-0.999999999999992,-0.00999999999999992,5
2020-05-01 15:00:00+00:00,2020-05-04 10:00:00+00:00,-1,-0.9999999999999958,-0.009999999999999959,20
2020-05-04 11:00:00+00:00,2020-05-05 04:00:00+00:00,-1,1.5932394366196823,0.015932394366196822,18
2020-05-11 11:00:00+00:00,2020-05-12 13:00:00+00:00,-1,-0.9999999999999859,-0.00999999999999986,27
2020-05-12 14:00:00+00:00,2020-05-13 14:00:00+00:00,-1,-1.0000000000000036,-0.010000000000000035,25
2020-05-13 15:00:00+00:00,2020-05-15 13:00:00+00:00,-1,-0.9999999999999952,-0.009999999999999952,47
2020-05-15 14:00:00+00:00,2020-05-17 21:00:00+00:00,-1,-1.00000000000001,-0.0100000000000001,8
2020-05-17 22:00:00+00:00,2020-05-20 22:00:00+00:00,-1,-0.4255257850763329,-0.004255257850763329,73
2020-05-26 07:00:00+00:00,2020-05-26 11:00:00+00:00,1,-1.000000000000014,-0.01000000000000014,5
2020-05-26 12:00:00+00:00,2020-05-27 10:00:00+00:00,1,1.1294326241135233,0.011294326241135234,23
2020-05-27 15:00:00+00:00,2020-05-29 08:00:00+00:00,-1,-0.9999999999999953,-0.009999999999999953,42
2020-05-29 09:00:00+00:00,2020-06-01 10:00:00+00:00,-1,2.416003856350908,0.024160038563509078,26
2020-06-02 07:00:00+00:00,2020-06-04 00:00:00+00:00,1,1.8292367399741098,0.018292367399741098,42
2020-06-11 09:00:00+00:00,2020-06-11 14:00:00+00:00,-1,-1.0000000000000053,-0.010000000000000054,6
2020-06-11 15:00:00+00:00,2020-06-16 02:00:00+00:00,-1,0.8734549735138482,0.008734549735138483,60
2020-06-18 13:00:00+00:00,2020-06-19 11:00:00+00:00,-1,-1.0000000000000122,-0.010000000000000122,23
2020-06-19 12:00:00+00:00,2020-06-23 20:00:00+00:00,-1,0.8223329182233307,0.008223329182233306,57
2020-06-24 16:00:00+00:00,2020-06-25 16:00:00+00:00,-1,0.45069542115957056,0.004506954211595706,25
2020-06-26 15:00:00+00:00,2020-06-29 09:00:00+00:00,-1,-0.9999999999999958,-0.009999999999999959,19
2020-06-29 10:00:00+00:00,2020-06-29 15:00:00+00:00,-1,-1.0000000000000158,-0.010000000000000158,6
2020-06-29 16:00:00+00:00,2020-06-30 15:00:00+00:00,-1,1.4375578168362495,0.014375578168362496,24
2020-07-07 14:00:00+00:00,2020-07-09 09:00:00+00:00,1,-0.9999999999999903,-0.009999999999999903,44
2020-07-09 10:00:00+00:00,2020-07-13 09:00:00+00:00,1,0.7312004375170893,0.007312004375170893,48
2020-07-13 17:00:00+00:00,2020-07-14 06:00:00+00:00,-1,-0.999999999999984,-0.00999999999999984,14
2020-07-14 07:00:00+00:00,2020-07-14 08:00:00+00:00,-1,-0.9999999999999885,-0.009999999999999884,2
2020-07-14 09:00:00+00:00,2020-07-14 09:00:00+00:00,-1,-0.9999999999999784,-0.009999999999999783,1
2020-07-14 10:00:00+00:00,2020-07-14 13:00:00+00:00,-1,-0.9999999999999876,-0.009999999999999875,4
2020-07-14 14:00:00+00:00,2020-07-17 14:00:00+00:00,-1,-0.48366834170851725,-0.004836683417085172,73
2020-07-20 03:00:00+00:00,2020-07-21 22:00:00+00:00,-1,1.5467671060891262,0.015467671060891261,44
2020-07-28 14:00:00+00:00,2020-07-29 12:00:00+00:00,1,-0.9999999999999901,-0.009999999999999901,23
2020-07-29 13:00:00+00:00,2020-07-30 14:00:00+00:00,1,-1.0000000000000027,-0.010000000000000026,26
2020-07-31 13:00:00+00:00,2020-08-04 09:00:00+00:00,1,0.48533333333331824,0.004853333333333183,45
2020-08-10 09:00:00+00:00,2020-08-10 15:00:00+00:00,1,-1.000000000000008,-0.01000000000000008,7
2020-08-10 16:00:00+00:00,2020-08-13 16:00:00+00:00,1,1.4652261985144988,0.014652261985144988,73
2020-08-18 15:00:00+00:00,2020-08-19 13:00:00+00:00,1,0.4938426215821195,0.004938426215821195,23
2020-08-20 16:00:00+00:00,2020-08-21 07:00:00+00:00,1,-1.0000000000000093,-0.010000000000000094,16
2020-08-21 08:00:00+00:00,2020-08-21 20:00:00+00:00,1,2.7168949771688644,0.027168949771688645,13
2020-08-26 14:00:00+00:00,2020-08-27 14:00:00+00:00,1,-1.0,-0.01,25
2020-08-27 15:00:00+00:00,2020-08-31 12:00:00+00:00,1,0.46207462074621236,0.004620746207462124,46
2020-09-01 10:00:00+00:00,2020-09-02 08:00:00+00:00,1,-0.99999999999999,-0.0099999999999999,23
2020-09-02 09:00:00+00:00,2020-09-03 04:00:00+00:00,1,-0.9999999999999759,-0.009999999999999759,20
2020-09-07 07:00:00+00:00,2020-09-07 10:00:00+00:00,-1,-1.0000000000000029,-0.01000000000000003,4
2020-09-07 11:00:00+00:00,2020-09-08 09:00:00+00:00,-1,-0.9999999999999979,-0.00999999999999998,23
2020-09-08 10:00:00+00:00,2020-09-08 17:00:00+00:00,-1,-1.000000000000005,-0.01000000000000005,8
2020-09-08 18:00:00+00:00,2020-09-09 11:00:00+00:00,-1,-1.0000000000000064,-0.010000000000000064,18
2020-09-09 12:00:00+00:00,2020-09-10 12:00:00+00:00,-1,-1.0000000000000069,-0.01000000000000007,25
2020-09-10 13:00:00+00:00,2020-09-10 14:00:00+00:00,-1,-0.9999999999999964,-0.009999999999999966,2
2020-09-10 15:00:00+00:00,2020-09-11 09:00:00+00:00,-1,-1.0000000000000053,-0.010000000000000054,19
2020-09-11 10:00:00+00:00,2020-09-15 12:00:00+00:00,-1,1.467998184294143,0.01467998184294143,51
2020-09-16 12:00:00+00:00,2020-09-16 14:00:00+00:00,1,-1.0000000000000087,-0.010000000000000087,3
2020-09-16 15:00:00+00:00,2020-09-18 16:00:00+00:00,1,1.200828157349873,0.01200828157349873,50
2020-09-24 11:00:00+00:00,2020-09-28 07:00:00+00:00,1,-0.9999999999999952,-0.009999999999999952,45
2020-09-28 08:00:00+00:00,2020-09-28 09:00:00+00:00,1,-1.0000000000000073,-0.010000000000000073,2
2020-09-28 10:00:00+00:00,2020-09-28 11:00:00+00:00,1,-0.9999999999999916,-0.009999999999999915,2
2020-09-28 12:00:00+00:00,2020-09-29 14:00:00+00:00,1,1.7439613526570155,0.017439613526570155,27
2020-10-07 11:00:00+00:00,2020-10-08 08:00:00+00:00,-1,1.599406528189929,0.01599406528189929,22
2020-10-12 07:00:00+00:00,2020-10-12 15:00:00+00:00,1,-0.9999999999999956,-0.009999999999999955,9
2020-10-12 16:00:00+00:00,2020-10-13 18:00:00+00:00,1,0.9515082092401743,0.009515082092401744,27
2020-10-14 14:00:00+00:00,2020-10-15 12:00:00+00:00,1,0.6993970714900763,0.006993970714900764,23
2020-10-20 11:00:00+00:00,2020-10-21 09:00:00+00:00,-1,0.9684392563770211,0.009684392563770211,23
2020-10-21 15:00:00+00:00,2020-10-23 11:00:00+00:00,1,0.7640584954017634,0.007640584954017635,45
2020-10-29 10:00:00+00:00,2020-10-30 06:00:00+00:00,1,1.409260857060696,0.014092608570606959,21
2020-10-30 10:00:00+00:00,2020-11-03 15:00:00+00:00,1,-1.0000000000000089,-0.010000000000000089,53
2020-11-03 16:00:00+00:00,2020-11-04 08:00:00+00:00,1,0.7804690503652569,0.00780469050365257,17
2020-11-04 23:00:00+00:00,2020-11-05 18:00:00+00:00,-1,0.7447511205473025,0.007447511205473025,20
2020-11-10 09:00:00+00:00,2020-11-10 09:00:00+00:00,1,-0.9999999999999887,-0.009999999999999887,1
2020-11-10 10:00:00+00:00,2020-11-11 09:00:00+00:00,1,-0.9999999999999958,-0.009999999999999959,24
2020-11-11 12:00:00+00:00,2020-11-12 10:00:00+00:00,1,2.26724763979665,0.0226724763979665,23
2020-11-18 11:00:00+00:00,2020-11-18 15:00:00+00:00,1,-0.9999999999999765,-0.009999999999999764,5
2020-11-18 16:00:00+00:00,2020-11-19 17:00:00+00:00,1,1.0954043048283635,0.010954043048283636,26
2020-11-20 16:00:00+00:00,2020-11-23 08:00:00+00:00,1,-0.9999999999999925,-0.009999999999999924,17
2020-11-23 09:00:00+00:00,2020-11-25 04:00:00+00:00,1,1.2434082708853924,0.012434082708853924,44
2020-11-27 11:00:00+00:00,2020-11-27 16:00:00+00:00,-1,-1.000000000000021,-0.010000000000000212,6
2020-11-27 17:00:00+00:00,2020-12-01 08:00:00+00:00,-1,0.9670563230605688,0.009670563230605687,40
2020-12-01 16:00:00+00:00,2020-12-02 12:00:00+00:00,-1,-0.9999999999999931,-0.00999999999999993,21
2020-12-02 13:00:00+00:00,2020-12-03 17:00:00+00:00,-1,1.011655011655001,0.01011655011655001,29
2020-12-07 09:00:00+00:00,2020-12-07 20:00:00+00:00,-1,1.7872340425532007,0.01787234042553201,12
2020-12-10 14:00:00+00:00,2020-12-11 08:00:00+00:00,-1,-0.9999999999999986,-0.009999999999999986,19
2020-12-11 09:00:00+00:00,2020-12-11 13:00:00+00:00,-1,-1.000000000000012,-0.01000000000000012,5
2020-12-11 14:00:00+00:00,2020-12-13 23:00:00+00:00,-1,1.5204414346626574,0.015204414346626574,10
2020-12-16 08:00:00+00:00,2020-12-18 03:00:00+00:00,1,0.9426822481914279,0.009426822481914279,44
2020-12-21 02:00:00+00:00,2020-12-21 08:00:00+00:00,-1,-1.000000000000004,-0.01000000000000004,7
2020-12-21 09:00:00+00:00,2020-12-23 00:00:00+00:00,-1,1.6678273715310723,0.016678273715310724,40
2020-12-24 09:00:00+00:00,2020-12-28 15:00:00+00:00,1,1.6916666666666953,0.016916666666666955,31
2020-12-31 16:00:00+00:00,2021-01-04 14:00:00+00:00,1,1.4164934164934255,0.014164934164934256,23
2021-01-06 14:00:00+00:00,2021-01-07 10:00:00+00:00,-1,1.457683741648119,0.01457683741648119,21
2021-01-08 19:00:00+00:00,2021-01-11 08:00:00+00:00,1,0.8384436076743746,0.008384436076743747,14
2021-01-11 20:00:00+00:00,2021-01-12 09:00:00+00:00,1,-1.0000000000000022,-0.010000000000000023,14
2021-01-12 10:00:00+00:00,2021-01-13 08:00:00+00:00,1,-0.999999999999985,-0.009999999999999851,23
2021-01-13 09:00:00+00:00,2021-01-13 13:00:00+00:00,1,-0.9999999999999863,-0.009999999999999863,5
2021-01-13 14:00:00+00:00,2021-01-18 07:00:00+00:00,1,0.4767199444058166,0.004767199444058166,66
2021-01-20 09:00:00+00:00,2021-01-20 10:00:00+00:00,1,-1.0000000000000113,-0.010000000000000113,2
2021-01-20 11:00:00+00:00,2021-01-22 05:00:00+00:00,1,1.1738461538461713,0.011738461538461713,43
2021-01-27 10:00:00+00:00,2021-01-28 09:00:00+00:00,1,1.930709720820678,0.01930709720820678,24
2021-02-01 09:00:00+00:00,2021-02-01 16:00:00+00:00,1,1.2879854052645225,0.012879854052645226,8
2021-02-02 11:00:00+00:00,2021-02-03 21:00:00+00:00,1,0.9807106598984934,0.009807106598984934,35
2021-02-04 13:00:00+00:00,2021-02-05 08:00:00+00:00,1,-0.9999999999999956,-0.009999999999999955,20
2021-02-05 09:00:00+00:00,2021-02-08 11:00:00+00:00,1,2.7205387205387526,0.027205387205387527,27
2021-02-11 20:00:00+00:00,2021-02-12 13:00:00+00:00,-1,0.5049309664694651,0.005049309664694651,18
2021-02-12 15:00:00+00:00,2021-02-15 02:00:00+00:00,1,-1.0000000000000246,-0.010000000000000247,12
2021-02-15 03:00:00+00:00,2021-02-16 02:00:00+00:00,1,-0.9999999999999893,-0.009999999999999894,24
2021-02-16 03:00:00+00:00,2021-02-17 08:00:00+00:00,1,-0.9999999999999772,-0.009999999999999773,30
2021-02-18 11:00:00+00:00,2021-02-18 13:00:00+00:00,1,-1.0000000000000078,-0.010000000000000078,3
2021-02-18 14:00:00+00:00,2021-02-23 14:00:00+00:00,1,-0.5427215189873367,-0.005427215189873367,73
2021-02-23 17:00:00+00:00,2021-02-24 01:00:00+00:00,1,-0.9999999999999973,-0.009999999999999974,9
2021-02-24 02:00:00+00:00,2021-02-25 10:00:00+00:00,1,1.2552114956486282,0.012552114956486282,33
2021-02-25 18:00:00+00:00,2021-03-01 01:00:00+00:00,-1,0.755995978744789,0.00755995978744789,32
2021-03-04 14:00:00+00:00,2021-03-05 12:00:00+00:00,1,0.5365607665153592,0.0053656076651535925,23
2021-03-08 09:00:00+00:00,2021-03-08 13:00:00+00:00,1,-1.0000000000000098,-0.010000000000000097,5
2021-03-08 14:00:00+00:00,2021-03-11 09:00:00+00:00,1,0.21583742116327587,0.002158374211632759,68
2021-03-12 12:00:00+00:00,2021-03-16 04:00:00+00:00,-1,-1.0000000000000224,-0.010000000000000224,42
2021-03-16 05:00:00+00:00,2021-03-16 08:00:00+00:00,-1,-0.9999999999999851,-0.009999999999999851,4
2021-03-16 09:00:00+00:00,2021-03-16 14:00:00+00:00,-1,2.235153685467054,0.02235153685467054,6
2021-03-18 11:00:00+00:00,2021-03-23 11:00:00+00:00,1,3.9203354297693576,0.039203354297693574,73
2021-03-25 17:00:00+00:00,2021-03-29 08:00:00+00:00,1,-1.000000000000002,-0.010000000000000021,40
2021-03-29 09:00:00+00:00,2021-04-01 09:00:00+00:00,1,-0.3021071337903089,-0.003021071337903089,73
2021-04-05 08:00:00+00:00,2021-04-08 08:00:00+00:00,1,7.9290123456789425,0.07929012345678943,73
2021-04-16 07:00:00+00:00,2021-04-16 12:00:00+00:00,-1,1.7016574585635615,0.017016574585635616,6
2021-04-19 02:00:00+00:00,2021-04-19 12:00:00+00:00,1,-0.9999999999999969,-0.009999999999999969,11
2021-04-19 13:00:00+00:00,2021-04-21 19:00:00+00:00,1,0.3522483940042877,0.003522483940042877,55
2021-04-22 13:00:00+00:00,2021-04-27 13:00:00+00:00,-1,0.3365384615384678,0.003365384615384678,73
2021-04-30 13:00:00+00:00,2021-04-30 16:00:00+00:00,-1,0.4437030859049344,0.0044370308590493445,4
2021-04-30 18:00:00+00:00,2021-05-03 08:00:00+00:00,-1,0.3183627060829982,0.003183627060829982,15
2021-05-03 13:00:00+00:00,2021-05-04 08:00:00+00:00,1,-1.000000000000017,-0.010000000000000172,20
2021-05-04 09:00:00+00:00,2021-05-05 06:00:00+00:00,1,-1.0000000000000087,-0.010000000000000087,22
2021-05-05 07:00:00+00:00,2021-05-06 09:00:00+00:00,1,1.9850286217526283,0.019850286217526283,27
2021-05-10 13:00:00+00:00,2021-05-12 13:00:00+00:00,1,-0.999999999999989,-0.009999999999999891,49
2021-05-17 11:00:00+00:00,2021-05-17 15:00:00+00:00,-1,1.2810457516339862,0.012810457516339862,5
2021-05-19 15:00:00+00:00,2021-05-20 17:00:00+00:00,-1,0.6600407747196757,0.006600407747196758,27
2021-05-24 11:00:00+00:00,2021-05-25 04:00:00+00:00,-1,0.8532188841201622,0.008532188841201622,18
2021-05-25 11:00:00+00:00,2021-05-25 13:00:00+00:00,-1,-1.0000000000000122,-0.010000000000000122,3
2021-05-25 14:00:00+00:00,2021-05-26 18:00:00+00:00,-1,1.4665455646381906,0.014665455646381907,29
2021-05-27 18:00:00+00:00,2021-06-01 08:00:00+00:00,1,0.4131511190335001,0.004131511190335001,63
2021-06-04 09:00:00+00:00,2021-06-07 04:00:00+00:00,1,1.6712904581756969,0.01671290458175697,20
2021-06-08 14:00:00+00:00,2021-06-08 19:00:00+00:00,-1,1.2474263400781023,0.012474263400781022,6
2021-06-09 13:00:00+00:00,2021-06-10 14:00:00+00:00,-1,0.8119658119658144,0.008119658119658145,26
2021-06-11 12:00:00+00:00,2021-06-14 09:00:00+00:00,1,1.2070707070706765,0.012070707070706765,22
2021-06-17 08:00:00+00:00,2021-06-18 09:00:00+00:00,1,1.2254995242625852,0.012254995242625853,26
2021-06-25 08:00:00+00:00,2021-06-25 12:00:00+00:00,-1,-1.00000000000001,-0.0100000000000001,5
2021-06-25 13:00:00+00:00,2021-06-28 07:00:00+00:00,-1,1.4613278576317785,0.014613278576317786,19
2021-07-01 15:00:00+00:00,2021-07-02 08:00:00+00:00,-1,0.5695792880258939,0.0056957928802589385,18
2021-07-06 02:00:00+00:00,2021-07-06 12:00:00+00:00,1,-1.0,-0.01,11
2021-07-06 13:00:00+00:00,2021-07-07 09:00:00+00:00,1,2.1207349081365434,0.021207349081365436,21
2021-07-08 11:00:00+00:00,2021-07-08 14:00:00+00:00,-1,-1.0,-0.01,4
2021-07-08 15:00:00+00:00,2021-07-09 14:00:00+00:00,-1,1.5742971887550203,0.015742971887550205,24
2021-07-16 15:00:00+00:00,2021-07-19 12:00:00+00:00,-1,-1.0000000000000109,-0.01000000000000011,22
2021-07-19 13:00:00+00:00,2021-07-19 14:00:00+00:00,-1,-1.0000000000000107,-0.010000000000000106,2
2021-07-19 15:00:00+00:00,2021-07-21 17:00:00+00:00,-1,0.6662874478574197,0.006662874478574197,51
2021-07-22 17:00:00+00:00,2021-07-27 17:00:00+00:00,1,-0.4826797385621024,-0.004826797385621024,73
2021-07-27 19:00:00+00:00,2021-07-30 06:00:00+00:00,1,0.23011176857331825,0.0023011176857331826,60
2021-08-02 11:00:00+00:00,2021-08-03 16:00:00+00:00,-1,1.323617339312401,0.013236173393124011,30
2021-08-05 09:00:00+00:00,2021-08-05 14:00:00+00:00,1,-0.9999999999999777,-0.009999999999999776,6
2021-08-05 15:00:00+00:00,2021-08-09 07:00:00+00:00,1,-0.9999999999999866,-0.009999999999999867,41
2021-08-12 17:00:00+00:00,2021-08-13 10:00:00+00:00,-1,-1.000000000000011,-0.010000000000000111,18
2021-08-13 11:00:00+00:00,2021-08-16 12:00:00+00:00,-1,1.6234652114597288,0.01623465211459729,26
2021-08-17 08:00:00+00:00,2021-08-18 13:00:00+00:00,-1,1.2123850991775518,0.012123850991775518,30
2021-08-19 09:00:00+00:00,2021-08-19 19:00:00+00:00,-1,-1.000000000000008,-0.01000000000000008,11
2021-08-19 20:00:00+00:00,2021-08-22 21:00:00+00:00,-1,-1.0000000000000082,-0.010000000000000082,26
2021-08-31 11:00:00+00:00,2021-09-02 14:00:00+00:00,-1,0.6434707903780261,0.006434707903780261,52
2021-09-03 15:00:00+00:00,2021-09-06 17:00:00+00:00,1,0.6219362745098307,0.006219362745098307,27
2021-09-07 11:00:00+00:00,2021-09-08 11:00:00+00:00,-1,1.269200316706282,0.01269200316706282,25
2021-09-09 10:00:00+00:00,2021-09-09 12:00:00+00:00,1,-1.0000000000000102,-0.010000000000000103,3
2021-09-09 13:00:00+00:00,2021-09-09 14:00:00+00:00,1,-1.0,-0.01,2
2021-09-09 15:00:00+00:00,2021-09-14 15:00:00+00:00,1,-0.007650273224051304,-7.650273224051305e-05,73
2021-09-16 11:00:00+00:00,2021-09-16 14:00:00+00:00,1,1.2287073065283542,0.012287073065283543,4
2021-09-20 08:00:00+00:00,2021-09-20 14:00:00+00:00,-1,-0.999999999999983,-0.00999999999999983,7
2021-09-20 15:00:00+00:00,2021-09-22 12:00:00+00:00,-1,-1.0000000000000122,-0.010000000000000122,46
2021-09-27 09:00:00+00:00,2021-09-28 10:00:00+00:00,1,1.1487826871055347,0.011487826871055347,26
2021-09-28 13:00:00+00:00,2021-09-29 13:00:00+00:00,-1,-1.000000000000007,-0.010000000000000071,25
2021-09-29 14:00:00+00:00,2021-09-30 14:00:00+00:00,-1,1.7526811118406276,0.017526811118406278,25
2021-10-04 14:00:00+00:00,2021-10-05 14:00:00+00:00,1,-0.9999999999999925,-0.009999999999999924,25
2021-10-07 16:00:00+00:00,2021-10-11 17:00:00+00:00,1,0.5544190925780365,0.005544190925780365,50
2021-10-14 08:00:00+00:00,2021-10-14 10:00:00+00:00,1,-1.000000000000026,-0.01000000000000026,3
2021-10-14 11:00:00+00:00,2021-10-15 02:00:00+00:00,1,0.699999999999986,0.00699999999999986,16
2021-10-15 08:00:00+00:00,2021-10-15 10:00:00+00:00,1,-0.9999999999999729,-0.00999999999999973,3
2021-10-15 11:00:00+00:00,2021-10-15 13:00:00+00:00,1,-1.0000000000000042,-0.010000000000000042,3
2021-10-15 14:00:00+00:00,2021-10-18 17:00:00+00:00,1,1.3367845844118207,0.013367845844118207,28
2021-10-22 16:00:00+00:00,2021-10-25 11:00:00+00:00,-1,0.6746987951806955,0.006746987951806956,20
2021-10-26 11:00:00+00:00,2021-10-28 06:00:00+00:00,1,1.5709570957095695,0.015709570957095697,44
2021-10-28 18:00:00+00:00,2021-10-29 15:00:00+00:00,-1,0.9397741530740115,0.009397741530740114,22
2021-11-01 17:00:00+00:00,2021-11-03 14:00:00+00:00,-1,0.1479602621010199,0.001479602621010199,46
2021-11-04 13:00:00+00:00,2021-11-05 08:00:00+00:00,-1,-0.9999999999999912,-0.009999999999999912,20
2021-11-05 09:00:00+00:00,2021-11-08 23:00:00+00:00,-1,1.8727498448169044,0.018727498448169046,38
2021-11-12 18:00:00+00:00,2021-11-15 15:00:00+00:00,1,-0.999999999999985,-0.009999999999999851,22
2021-11-15 16:00:00+00:00,2021-11-15 18:00:00+00:00,1,-0.9999999999999796,-0.009999999999999796,3
2021-11-15 19:00:00+00:00,2021-11-16 08:00:00+00:00,1,-0.9999999999999972,-0.009999999999999972,14
2021-11-16 09:00:00+00:00,2021-11-17 03:00:00+00:00,1,-1.0000000000000104,-0.010000000000000104,19
2021-11-17 04:00:00+00:00,2021-11-17 14:00:00+00:00,1,-1.0000000000000133,-0.010000000000000134,11
2021-11-25 11:00:00+00:00,2021-11-26 07:00:00+00:00,-1,-1.0000000000000153,-0.010000000000000153,21
2021-11-26 08:00:00+00:00,2021-11-26 08:00:00+00:00,-1,-0.9999999999999809,-0.00999999999999981,1
2021-11-26 09:00:00+00:00,2021-11-26 15:00:00+00:00,-1,-1.0000000000000118,-0.010000000000000118,7
2021-11-26 16:00:00+00:00,2021-11-30 14:00:00+00:00,-1,-1.0000000000000104,-0.010000000000000104,47
2021-11-30 18:00:00+00:00,2021-12-02 17:00:00+00:00,-1,0.7457921221585956,0.007457921221585956,48
2021-12-03 17:00:00+00:00,2021-12-06 14:00:00+00:00,-1,0.7678998711577371,0.007678998711577371,22
2021-12-08 11:00:00+00:00,2021-12-08 11:00:00+00:00,-1,-0.9999999999999898,-0.009999999999999898,1
2021-12-08 13:00:00+00:00,2021-12-08 21:00:00+00:00,-1,-0.9999999999999888,-0.009999999999999887,9
2021-12-08 22:00:00+00:00,2021-12-09 23:00:00+00:00,-1,0.8811188811188678,0.008811188811188678,26
2021-12-15 09:00:00+00:00,2021-12-16 08:00:00+00:00,1,1.601515151515158,0.01601515151515158,24
2021-12-16 13:00:00+00:00,2021-12-17 12:00:00+00:00,1,0.9465680230168234,0.009465680230168234,24
2021-12-20 10:00:00+00:00,2021-12-21 14:00:00+00:00,-1,0.9240924092408637,0.009240924092408637,29
2021-12-23 09:00:00+00:00,2021-12-23 11:00:00+00:00,1,-1.0000000000000193,-0.010000000000000193,3
2021-12-23 12:00:00+00:00,2021-12-28 14:00:00+00:00,1,-0.6727777777777684,-0.006727777777777684,73
2021-12-30 11:00:00+00:00,2021-12-31 07:00:00+00:00,1,-1.0,-0.01,21
2021-12-31 08:00:00+00:00,2021-12-31 18:00:00+00:00,1,2.4388609715241962,0.02438860971524196,11
2022-01-03 18:00:00+00:00,2022-01-04 14:00:00+00:00,1,-1.0000000000000144,-0.010000000000000144,21
2022-01-04 15:00:00+00:00,2022-01-06 10:00:00+00:00,1,0.6363636363635846,0.006363636363635846,44
2022-01-11 10:00:00+00:00,2022-01-11 13:00:00+00:00,1,1.0473952213082722,0.010473952213082723,4
2022-01-14 02:00:00+00:00,2022-01-14 10:00:00+00:00,-1,0.9037037037037068,0.009037037037037067,9
2022-01-18 11:00:00+00:00,2022-01-18 16:00:00+00:00,-1,0.9644444444444135,0.009644444444444135,6
2022-01-18 19:00:00+00:00,2022-01-20 14:00:00+00:00,1,-1.000000000000015,-0.010000000000000151,44
2022-01-20 15:00:00+00:00,2022-01-21 07:00:00+00:00,1,1.120700437773576,0.01120700437773576,17
2022-01-24 11:00:00+00:00,2022-01-24 16:00:00+00:00,-1,-0.9999999999999881,-0.009999999999999882,6
2022-01-24 17:00:00+00:00,2022-01-25 16:00:00+00:00,-1,1.6883743367100668,0.01688374336710067,24
2022-01-27 13:00:00+00:00,2022-01-28 14:00:00+00:00,1,-0.9999999999999931,-0.00999999999999993,26
2022-02-03 14:00:00+00:00,2022-02-03 16:00:00+00:00,-1,-1.0000000000000038,-0.010000000000000038,3
2022-02-03 17:00:00+00:00,2022-02-04 10:00:00+00:00,-1,-0.999999999999997,-0.00999999999999997,18
2022-02-04 11:00:00+00:00,2022-02-08 10:00:00+00:00,-1,1.3686067019400094,0.013686067019400094,48
2022-02-10 15:00:00+00:00,2022-02-11 14:00:00+00:00,1,-0.9999999999999772,-0.009999999999999773,24
2022-02-11 15:00:00+00:00,2022-02-11 18:00:00+00:00,1,-1.000000000000003,-0.010000000000000031,4
2022-02-11 19:00:00+00:00,2022-02-15 15:00:00+00:00,1,0.8680738786279849,0.008680738786279849,45
2022-02-17 14:00:00+00:00,2022-02-21 19:00:00+00:00,1,-0.9999999999999919,-0.009999999999999919,54
2022-02-24 16:00:00+00:00,2022-02-28 03:00:00+00:00,-1,0.3154712833195877,0.003154712833195877,36
2022-03-02 14:00:00+00:00,2022-03-03 03:00:00+00:00,1,-1.0,-0.01,14
2022-03-03 04:00:00+00:00,2022-03-04 12:00:00+00:00,1,-0.9999999999999852,-0.009999999999999853,33
2022-03-04 13:00:00+00:00,2022-03-07 01:00:00+00:00,1,-0.9999999999999882,-0.009999999999999882,13
2022-03-07 02:00:00+00:00,2022-03-07 17:00:00+00:00,1,1.5703555332999606,0.015703555332999605,16
2022-03-08 18:00:00+00:00,2022-03-09 14:00:00+00:00,-1,-1.0000000000000013,-0.010000000000000014,21
2022-03-09 15:00:00+00:00,2022-03-09 16:00:00+00:00,-1,-0.9999999999999958,-0.009999999999999959,2
2022-03-09 17:00:00+00:00,2022-03-11 19:00:00+00:00,-1,1.0072239422084606,0.010072239422084605,51
2022-03-15 08:00:00+00:00,2022-03-15 16:00:00+00:00,-1,1.567919075144515,0.015679190751445148,9
2022-03-17 14:00:00+00:00,2022-03-18 11:00:00+00:00,-1,0.6614511428133081,0.006614511428133081,22
2022-03-22 10:00:00+00:00,2022-03-22 11:00:00+00:00,1,-1.0000000000000062,-0.010000000000000063,2
2022-03-22 12:00:00+00:00,2022-03-24 16:00:00+00:00,1,0.9563953488372325,0.009563953488372325,53
2022-03-28 10:00:00+00:00,2022-03-28 14:00:00+00:00,-1,-0.9999999999999849,-0.00999999999999985,5
2022-03-28 15:00:00+00:00,2022-03-29 09:00:00+00:00,-1,-1.000000000000007,-0.010000000000000071,19
2022-03-29 10:00:00+00:00,2022-03-29 13:00:00+00:00,-1,-0.9999999999999882,-0.009999999999999882,4
2022-03-29 14:00:00+00:00,2022-03-31 16:00:00+00:00,-1,0.9504363001745072,0.009504363001745073,51
2022-04-04 14:00:00+00:00,2022-04-05 05:00:00+00:00,1,-0.999999999999982,-0.00999999999999982,16
2022-04-11 07:00:00+00:00,2022-04-12 06:00:00+00:00,-1,1.1271022883925563,0.011271022883925563,24
2022-04-13 19:00:00+00:00,2022-04-14 13:00:00+00:00,1,-1.000000000000014,-0.01000000000000014,19
2022-04-14 14:00:00+00:00,2022-04-19 06:00:00+00:00,1,0.8593272171253917,0.008593272171253918,65
2022-04-20 08:00:00+00:00,2022-04-20 09:00:00+00:00,-1,-0.9999999999999808,-0.009999999999999808,2
2022-04-20 10:00:00+00:00,2022-04-21 07:00:00+00:00,-1,-1.0000000000000158,-0.010000000000000158,22
2022-04-21 08:00:00+00:00,2022-04-22 09:00:00+00:00,-1,-0.9999999999999944,-0.009999999999999945,26
2022-04-22 10:00:00+00:00,2022-04-25 00:00:00+00:00,-1,-1.0000000000000024,-0.010000000000000024,15
2022-04-25 01:00:00+00:00,2022-04-26 16:00:00+00:00,-1,-1.0000000000000167,-0.010000000000000167,40
2022-05-05 05:00:00+00:00,2022-05-05 11:00:00+00:00,-1,-1.0000000000000038,-0.010000000000000038,7
2022-05-05 12:00:00+00:00,2022-05-06 09:00:00+00:00,-1,-0.9999999999999986,-0.009999999999999986,22
2022-05-06 10:00:00+00:00,2022-05-11 03:00:00+00:00,-1,0.7663031858028843,0.007663031858028843,66
2022-05-11 19:00:00+00:00,2022-05-12 10:00:00+00:00,-1,0.4610778443113949,0.0046107784431139495,16
2022-05-12 13:00:00+00:00,2022-05-16 19:00:00+00:00,1,-0.9999999999999901,-0.009999999999999901,55
2022-05-17 08:00:00+00:00,2022-05-18 08:00:00+00:00,1,2.09914529914532,0.0209914529914532,25
2022-05-24 08:00:00+00:00,2022-05-24 08:00:00+00:00,-1,-0.9999999999999836,-0.009999999999999835,1
2022-05-24 09:00:00+00:00,2022-05-25 16:00:00+00:00,-1,1.7271815446338725,0.017271815446338726,32
2022-06-01 14:00:00+00:00,2022-06-02 12:00:00+00:00,-1,0.8054973212205926,0.008054973212205926,23
2022-06-02 16:00:00+00:00,2022-06-03 15:00:00+00:00,-1,-0.9999999999999856,-0.009999999999999856,24
2022-06-03 16:00:00+00:00,2022-06-06 12:00:00+00:00,-1,1.4257095158596702,0.014257095158596703,21
2022-06-07 15:00:00+00:00,2022-06-08 10:00:00+00:00,1,0.8206808665574397,0.008206808665574397,20
2022-06-09 15:00:00+00:00,2022-06-10 15:00:00+00:00,1,0.7614431879375207,0.007614431879375208,25
2022-06-13 11:00:00+00:00,2022-06-14 09:00:00+00:00,-1,-1.000000000000002,-0.010000000000000021,23
2022-06-14 10:00:00+00:00,2022-06-14 11:00:00+00:00,-1,-0.9999999999999841,-0.00999999999999984,2
2022-06-14 12:00:00+00:00,2022-06-14 18:00:00+00:00,-1,-1.0000000000000073,-0.010000000000000073,7
2022-06-14 19:00:00+00:00,2022-06-15 18:00:00+00:00,-1,1.7446483180427883,0.017446483180427883,24
2022-06-22 17:00:00+00:00,2022-06-23 12:00:00+00:00,-1,0.6690058479532168,0.006690058479532169,20
2022-06-28 11:00:00+00:00,2022-06-29 05:00:00+00:00,-1,1.0695215437483596,0.010695215437483597,19
2022-06-29 11:00:00+00:00,2022-06-29 18:00:00+00:00,-1,1.1932335718932958,0.011932335718932959,8
2022-06-30 14:00:00+00:00,2022-07-01 00:00:00+00:00,1,1.2724968314321885,0.012724968314321886,11
2022-07-01 10:00:00+00:00,2022-07-01 20:00:00+00:00,-1,1.4472361809045569,0.01447236180904557,11
2022-07-05 09:00:00+00:00,2022-07-07 07:00:00+00:00,1,-0.9999999999999899,-0.0099999999999999,47
2022-07-07 09:00:00+00:00,2022-07-07 13:00:00+00:00,1,-0.9999999999999821,-0.009999999999999822,5
2022-07-07 14:00:00+00:00,2022-07-11 21:00:00+00:00,1,-0.9999999999999944,-0.009999999999999945,56
2022-07-14 15:00:00+00:00,2022-07-18 14:00:00+00:00,-1,0.41036639857017704,0.004103663985701771,48
2022-07-19 08:00:00+00:00,2022-07-20 18:00:00+00:00,-1,1.0791666666666953,0.010791666666666953,35
2022-07-21 12:00:00+00:00,2022-07-22 01:00:00+00:00,-1,0.8523028057173059,0.008523028057173058,14
2022-07-25 11:00:00+00:00,2022-07-26 10:00:00+00:00,1,-0.999999999999992,-0.00999999999999992,24
2022-07-26 11:00:00+00:00,2022-07-26 13:00:00+00:00,1,-1.00000000000001,-0.0100000000000001,3
2022-07-26 14:00:00+00:00,2022-07-26 14:00:00+00:00,1,-1.0000000000000027,-0.010000000000000026,1
2022-07-26 15:00:00+00:00,2022-07-27 18:00:00+00:00,1,-1.0,-0.01,28
2022-07-27 19:00:00+00:00,2022-07-29 14:00:00+00:00,1,0.6647286821705622,0.0066472868217056225,44
2022-08-02 15:00:00+00:00,2022-08-03 20:00:00+00:00,1,0.5705093833780396,0.005705093833780396,30
2022-08-04 12:00:00+00:00,2022-08-09 12:00:00+00:00,-1,-0.6788308835951841,-0.006788308835951841,73
2022-08-11 11:00:00+00:00,2022-08-12 18:00:00+00:00,-1,0.6643932935493015,0.0066439329354930155,32
2022-08-15 16:00:00+00:00,2022-08-17 05:00:00+00:00,1,-1.0000000000000138,-0.010000000000000137,38
2022-08-17 07:00:00+00:00,2022-08-17 15:00:00+00:00,1,2.3387096774193603,0.023387096774193605,9
2022-08-19 09:00:00+00:00,2022-08-19 14:00:00+00:00,-1,-0.9999999999999842,-0.009999999999999842,6
2022-08-19 15:00:00+00:00,2022-08-22 15:00:00+00:00,-1,1.4352713178294532,0.014352713178294531,25
2022-08-26 14:00:00+00:00,2022-08-29 01:00:00+00:00,-1,-1.0,-0.01,12
2022-08-29 02:00:00+00:00,2022-08-29 12:00:00+00:00,-1,-1.0000000000000124,-0.010000000000000125,11
2022-08-29 13:00:00+00:00,2022-08-30 14:00:00+00:00,-1,-1.0000000000000098,-0.010000000000000097,26
2022-08-30 15:00:00+00:00,2022-08-31 14:00:00+00:00,-1,-1.0000000000000062,-0.010000000000000063,24
2022-08-31 15:00:00+00:00,2022-09-05 09:00:00+00:00,-1,0.32972322503008344,0.0032972322503008345,67
2022-09-06 10:00:00+00:00,2022-09-07 04:00:00+00:00,1,1.231119387543997,0.01231119387543997,19
2022-09-07 14:00:00+00:00,2022-09-12 07:00:00+00:00,-1,-1.0000000000000036,-0.010000000000000035,66
2022-09-14 14:00:00+00:00,2022-09-15 09:00:00+00:00,1,0.992704058367531,0.00992704058367531,20
2022-09-15 15:00:00+00:00,2022-09-16 06:00:00+00:00,-1,-0.9999999999999875,-0.009999999999999875,16
2022-09-16 07:00:00+00:00,2022-09-16 14:00:00+00:00,-1,-1.0000000000000173,-0.010000000000000174,8
2022-09-16 15:00:00+00:00,2022-09-20 13:00:00+00:00,-1,0.9155977830562123,0.009155977830562123,47
2022-09-22 11:00:00+00:00,2022-09-23 03:00:00+00:00,1,1.0930725346373136,0.010930725346373136,17
2022-09-23 11:00:00+00:00,2022-09-23 14:00:00+00:00,-1,-0.9999999999999918,-0.009999999999999919,4
2022-09-23 15:00:00+00:00,2022-09-26 00:00:00+00:00,-1,-1.0000000000000018,-0.010000000000000018,10
2022-09-26 01:00:00+00:00,2022-09-28 16:00:00+00:00,-1,1.9620613681551922,0.01962061368155192,64
2022-09-29 21:00:00+00:00,2022-10-03 05:00:00+00:00,1,-0.9999999999999964,-0.009999999999999966,33
2022-10-03 06:00:00+00:00,2022-10-04 05:00:00+00:00,1,-1.0000000000000009,-0.010000000000000009,24
2022-10-07 16:00:00+00:00,2022-10-11 12:00:00+00:00,-1,0.5251572327044014,0.005251572327044014,45
2022-10-11 20:00:00+00:00,2022-10-12 12:00:00+00:00,-1,0.7135535307517228,0.007135535307517228,17
2022-10-13 12:00:00+00:00,2022-10-17 14:00:00+00:00,1,-1.0000000000000016,-0.010000000000000016,51
2022-10-20 09:00:00+00:00,2022-10-20 15:00:00+00:00,-1,1.6443825441040092,0.016443825441040092,7
2022-10-21 09:00:00+00:00,2022-10-25 12:00:00+00:00,-1,1.3589234502536967,0.013589234502536967,52
2022-10-26 09:00:00+00:00,2022-10-27 15:00:00+00:00,1,-1.000000000000007,-0.010000000000000071,31
2022-10-27 16:00:00+00:00,2022-10-28 14:00:00+00:00,1,-1.0000000000000109,-0.01000000000000011,23
2022-10-28 15:00:00+00:00,2022-11-01 08:00:00+00:00,1,0.6516194848253114,0.006516194848253114,42
2022-11-03 09:00:00+00:00,2022-11-03 12:00:00+00:00,-1,-0.9999999999999888,-0.009999999999999887,4
2022-11-03 13:00:00+00:00,2022-11-07 07:00:00+00:00,-1,-1.000000000000008,-0.01000000000000008,42
2022-11-09 14:00:00+00:00,2022-11-10 12:00:00+00:00,-1,0.9647234678624825,0.009647234678624826,23
2022-11-21 10:00:00+00:00,2022-11-22 12:00:00+00:00,1,-1.0000000000000087,-0.010000000000000087,27
2022-11-23 16:00:00+00:00,2022-11-28 09:00:00+00:00,1,0.5750191570881217,0.005750191570881217,66
2022-12-01 11:00:00+00:00,2022-12-05 11:00:00+00:00,1,0.5733882030178437,0.005733882030178437,49
2022-12-07 13:00:00+00:00,2022-12-07 18:00:00+00:00,-1,1.1833333333333875,0.011833333333333876,6
2022-12-09 13:00:00+00:00,2022-12-09 16:00:00+00:00,1,-0.9999999999999897,-0.009999999999999896,4
2022-12-09 17:00:00+00:00,2022-12-13 19:00:00+00:00,1,0.7226920366455244,0.007226920366455244,51
2022-12-15 09:00:00+00:00,2022-12-15 13:00:00+00:00,-1,-1.0000000000000162,-0.010000000000000162,5
2022-12-15 14:00:00+00:00,2022-12-15 14:00:00+00:00,-1,-1.0000000000000095,-0.010000000000000096,1
2022-12-15 15:00:00+00:00,2022-12-16 08:00:00+00:00,-1,-0.9999999999999908,-0.009999999999999908,18
2022-12-16 09:00:00+00:00,2022-12-21 09:00:00+00:00,-1,0.15437629221227872,0.0015437629221227872,73
2022-12-21 16:00:00+00:00,2022-12-22 11:00:00+00:00,-1,-1.000000000000007,-0.010000000000000071,20
2022-12-22 12:00:00+00:00,2022-12-27 11:00:00+00:00,-1,-0.9999999999999892,-0.009999999999999893,72
2022-12-27 12:00:00+00:00,2022-12-28 11:00:00+00:00,-1,0.9184679560106268,0.009184679560106268,24
2022-12-30 12:00:00+00:00,2023-01-02 17:00:00+00:00,-1,0.6561580496006831,0.006561580496006831,30
2023-01-03 13:00:00+00:00,2023-01-05 08:00:00+00:00,1,0.46666666666667705,0.00466666666666677,44
2023-01-09 10:00:00+00:00,2023-01-09 14:00:00+00:00,1,1.0998263888888749,0.010998263888888749,5
2023-01-11 13:00:00+00:00,2023-01-12 14:00:00+00:00,-1,-0.9999999999999968,-0.009999999999999967,26
2023-01-12 15:00:00+00:00,2023-01-13 20:00:00+00:00,-1,0.6932447397563873,0.006932447397563874,30
2023-01-17 12:00:00+00:00,2023-01-17 15:00:00+00:00,1,-0.9999999999999871,-0.009999999999999872,4
2023-01-17 16:00:00+00:00,2023-01-18 11:00:00+00:00,1,-0.9999999999999901,-0.009999999999999901,20
2023-01-18 12:00:00+00:00,2023-01-23 05:00:00+00:00,1,0.616526472043555,0.006165264720435551,66
2023-01-24 10:00:00+00:00,2023-01-24 12:00:00+00:00,-1,-1.000000000000006,-0.010000000000000061,3
2023-01-24 13:00:00+00:00,2023-01-26 01:00:00+00:00,-1,1.1726039016115741,0.011726039016115741,37
2023-01-31 16:00:00+00:00,2023-02-01 15:00:00+00:00,-1,-0.9999999999999823,-0.009999999999999823,24
2023-02-01 16:00:00+00:00,2023-02-01 23:00:00+00:00,-1,-1.0000000000000058,-0.010000000000000057,8
2023-02-02 00:00:00+00:00,2023-02-02 11:00:00+00:00,-1,-0.9999999999999841,-0.00999999999999984,12
2023-02-02 12:00:00+00:00,2023-02-02 12:00:00+00:00,-1,-0.9999999999999883,-0.009999999999999884,1
2023-02-02 13:00:00+00:00,2023-02-07 02:00:00+00:00,-1,0.4753855278766329,0.004753855278766329,62
2023-02-08 12:00:00+00:00,2023-02-09 12:00:00+00:00,1,-1.0000000000000133,-0.010000000000000134,25
2023-02-09 14:00:00+00:00,2023-02-10 13:00:00+00:00,1,-0.9999999999999861,-0.009999999999999861,24
2023-02-10 14:00:00+00:00,2023-02-13 11:00:00+00:00,1,1.5744434807748091,0.015744434807748092,22
2023-02-14 12:00:00+00:00,2023-02-17 12:00:00+00:00,1,3.494077834179351,0.03494077834179351,73
2023-02-21 10:00:00+00:00,2023-02-24 02:00:00+00:00,1,0.10560652395517293,0.0010560652395517293,65
2023-02-28 02:00:00+00:00,2023-02-28 15:00:00+00:00,1,-1.0000000000000113,-0.010000000000000113,14
2023-02-28 16:00:00+00:00,2023-03-01 08:00:00+00:00,1,1.6445685043033187,0.016445685043033186,17
2023-03-01 11:00:00+00:00,2023-03-01 15:00:00+00:00,-1,-0.9999999999999931,-0.00999999999999993,5
2023-03-01 16:00:00+00:00,2023-03-03 19:00:00+00:00,-1,1.1005649717514125,0.011005649717514126,52
2023-03-07 16:00:00+00:00,2023-03-09 11:00:00+00:00,-1,0.6868334302889437,0.006868334302889438,44
2023-03-10 10:00:00+00:00,2023-03-14 06:00:00+00:00,1,-1.0000000000000053,-0.010000000000000054,46
2023-03-14 07:00:00+00:00,2023-03-15 12:00:00+00:00,1,-1.0000000000000184,-0.010000000000000184,30
2023-03-15 13:00:00+00:00,2023-03-16 11:00:00+00:00,1,1.7283045224375968,0.01728304522437597,23
2023-03-16 18:00:00+00:00,2023-03-21 08:00:00+00:00,1,0.18454634693592414,0.0018454634693592415,63
2023-03-21 13:00:00+00:00,2023-03-21 15:00:00+00:00,-1,-1.0000000000000193,-0.010000000000000193,3
2023-03-21 16:00:00+00:00,2023-03-24 09:00:00+00:00,-1,0.5939863493820238,0.005939863493820238,66
2023-03-30 11:00:00+00:00,2023-03-31 02:00:00+00:00,-1,0.9236111111111259,0.009236111111111259,16
2023-04-03 13:00:00+00:00,2023-04-04 09:00:00+00:00,1,-1.0000000000000173,-0.010000000000000174,21
2023-04-04 10:00:00+00:00,2023-04-06 14:00:00+00:00,1,1.5721200387221768,0.015721200387221766,53
2023-04-12 08:00:00+00:00,2023-04-12 11:00:00+00:00,-1,-1.0,-0.01,4
2023-04-12 12:00:00+00:00,2023-04-13 13:00:00+00:00,-1,-0.9999999999999816,-0.009999999999999816,26
2023-04-13 14:00:00+00:00,2023-04-14 18:00:00+00:00,-1,-0.9999999999999885,-0.009999999999999884,29
2023-04-14 19:00:00+00:00,2023-04-17 22:00:00+00:00,-1,1.0969882593159381,0.010969882593159381,28
2023-04-19 07:00:00+00:00,2023-04-21 07:00:00+00:00,1,1.361111111111123,0.01361111111111123,49
2023-04-21 11:00:00+00:00,2023-04-25 13:00:00+00:00,-1,-0.9999999999999885,-0.009999999999999884,51
2023-04-26 14:00:00+00:00,2023-04-27 13:00:00+00:00,-1,0.9265536723163983,0.009265536723163983,24
2023-04-27 21:00:00+00:00,2023-04-28 12:00:00+00:00,1,-1.0000000000000169,-0.010000000000000168,16
2023-04-28 13:00:00+00:00,2023-04-30 21:00:00+00:00,1,-1.000000000000005,-0.01000000000000005,9
2023-04-30 22:00:00+00:00,2023-05-02 15:00:00+00:00,1,1.4409820585457944,0.014409820585457945,42
2023-05-04 15:00:00+00:00,2023-05-05 15:00:00+00:00,1,-0.9999999999999932,-0.009999999999999933,25
2023-05-05 16:00:00+00:00,2023-05-09 14:00:00+00:00,1,-0.999999999999988,-0.00999999999999988,47
2023-05-17 17:00:00+00:00,2023-05-18 09:00:00+00:00,1,1.0334486735870385,0.010334486735870386,17
2023-05-23 08:00:00+00:00,2023-05-24 11:00:00+00:00,-1,1.3953488372093406,0.013953488372093406,28
2023-05-30 08:00:00+00:00,2023-05-30 09:00:00+00:00,1,-0.9999999999999798,-0.009999999999999799,2
2023-05-30 10:00:00+00:00,2023-05-31 14:00:00+00:00,1,-0.9999999999999888,-0.009999999999999887,29
2023-05-31 15:00:00+00:00,2023-06-01 13:00:00+00:00,1,-1.0000000000000056,-0.010000000000000056,23
2023-06-01 15:00:00+00:00,2023-06-05 03:00:00+00:00,1,1.413173652694622,0.01413173652694622,37
2023-06-08 18:00:00+00:00,2023-06-09 13:00:00+00:00,1,-1.0,-0.01,20
2023-06-09 14:00:00+00:00,2023-06-09 15:00:00+00:00,1,-1.0000000000000253,-0.010000000000000253,2
2023-06-09 16:00:00+00:00,2023-06-12 14:00:00+00:00,1,1.8070175438596763,0.018070175438596764,23
2023-06-16 15:00:00+00:00,2023-06-20 06:00:00+00:00,1,0.7803153887982343,0.007803153887982342,40
2023-06-20 14:00:00+00:00,2023-06-20 20:00:00+00:00,-1,1.0868113522537413,0.010868113522537413,7
2023-06-21 09:00:00+00:00,2023-06-22 07:00:00+00:00,-1,-1.0000000000000056,-0.010000000000000056,23
2023-06-28 10:00:00+00:00,2023-06-28 11:00:00+00:00,-1,-1.0000000000000273,-0.010000000000000273,2
2023-06-28 12:00:00+00:00,2023-06-30 06:00:00+00:00,-1,1.2564102564101662,0.012564102564101662,43
2023-07-04 13:00:00+00:00,2023-07-06 02:00:00+00:00,1,-1.0000000000000078,-0.010000000000000078,38
2023-07-06 03:00:00+00:00,2023-07-06 10:00:00+00:00,1,-0.9999999999999952,-0.009999999999999952,8
2023-07-06 11:00:00+00:00,2023-07-10 03:00:00+00:00,1,0.974951830443151,0.00974951830443151,41
2023-07-10 13:00:00+00:00,2023-07-10 20:00:00+00:00,-1,1.544295070665321,0.015442950706653209,8
2023-07-11 10:00:00+00:00,2023-07-12 13:00:00+00:00,1,0.6915151515151805,0.006915151515151805,28
2023-07-18 20:00:00+00:00,2023-07-19 06:00:00+00:00,-1,-0.9999999999999803,-0.009999999999999804,11
2023-07-19 07:00:00+00:00,2023-07-19 07:00:00+00:00,-1,-0.9999999999999937,-0.009999999999999938,1
2023-07-19 08:00:00+00:00,2023-07-19 13:00:00+00:00,-1,-0.9999999999999973,-0.009999999999999974,6
2023-07-19 14:00:00+00:00,2023-07-24 02:00:00+00:00,-1,0.950836289913831,0.00950836289913831,61
2023-07-25 08:00:00+00:00,2023-07-25 14:00:00+00:00,1,-1.0000000000000173,-0.010000000000000174,7
2023-07-25 15:00:00+00:00,2023-07-25 21:00:00+00:00,1,-1.0000000000000029,-0.01000000000000003,7
2023-07-25 22:00:00+00:00,2023-07-28 06:00:00+00:00,1,0.5342195962579805,0.005342195962579806,57
2023-08-01 15:00:00+00:00,2023-08-03 10:00:00+00:00,-1,-1.000000000000005,-0.01000000000000005,44
2023-08-03 11:00:00+00:00,2023-08-07 13:00:00+00:00,-1,0.9770212765956676,0.009770212765956677,51
2023-08-09 07:00:00+00:00,2023-08-09 09:00:00+00:00,1,1.5875527426161364,0.015875527426161364,3
2023-08-10 15:00:00+00:00,2023-08-11 14:00:00+00:00,-1,0.9777777777777732,0.009777777777777732,24
2023-08-15 15:00:00+00:00,2023-08-16 14:00:00+00:00,1,-0.9999999999999943,-0.009999999999999943,24
2023-08-16 15:00:00+00:00,2023-08-17 15:00:00+00:00,1,-0.9999999999999932,-0.009999999999999933,25
2023-08-22 14:00:00+00:00,2023-08-23 07:00:00+00:00,1,-0.999999999999992,-0.00999999999999992,18
2023-08-23 08:00:00+00:00,2023-08-23 09:00:00+00:00,1,1.881396461023411,0.018813964610234112,2
2023-08-23 12:00:00+00:00,2023-08-23 18:00:00+00:00,-1,0.7289537712895459,0.007289537712895458,7
2023-08-24 12:00:00+00:00,2023-08-28 07:00:00+00:00,-1,-1.000000000000023,-0.010000000000000231,44
2023-08-29 17:00:00+00:00,2023-08-30 16:00:00+00:00,-1,0.6705174488567708,0.006705174488567708,24
2023-08-31 14:00:00+00:00,2023-09-05 10:00:00+00:00,1,0.13996316758745014,0.0013996316758745015,69
2023-09-05 15:00:00+00:00,2023-09-06 12:00:00+00:00,1,0.7600434310531573,0.007600434310531573,22
2023-09-06 17:00:00+00:00,2023-09-11 08:00:00+00:00,-1,0.3177441540577534,0.003177441540577534,64
2023-09-12 21:00:00+00:00,2023-09-13 21:00:00+00:00,-1,0.5842405391394917,0.0058424053913949175,25
2023-09-18 17:00:00+00:00,2023-09-20 06:00:00+00:00,-1,-1.0000000000000182,-0.010000000000000182,38
2023-09-20 08:00:00+00:00,2023-09-21 09:00:00+00:00,-1,-0.9999999999999876,-0.009999999999999875,26
2023-09-21 10:00:00+00:00,2023-09-21 11:00:00+00:00,-1,-1.0000000000000067,-0.010000000000000066,2
2023-09-21 12:00:00+00:00,2023-09-25 06:00:00+00:00,-1,-0.9999999999999977,-0.009999999999999978,43
2023-09-27 17:00:00+00:00,2023-09-28 09:00:00+00:00,1,-0.9999999999999971,-0.00999999999999997,17
2023-09-28 10:00:00+00:00,2023-09-29 09:00:00+00:00,1,1.778938207136661,0.01778938207136661,24
2023-10-03 11:00:00+00:00,2023-10-03 14:00:00+00:00,-1,1.3129943502824781,0.013129943502824782,4
2023-10-06 08:00:00+00:00,2023-10-09 09:00:00+00:00,1,0.9733085040348325,0.009733085040348324,26
2023-10-09 15:00:00+00:00,2023-10-10 13:00:00+00:00,1,0.4526198439241732,0.004526198439241732,23
2023-10-10 19:00:00+00:00,2023-10-12 08:00:00+00:00,1,0.27188793377910103,0.0027188793377910104,38
2023-10-13 16:00:00+00:00,2023-10-16 18:00:00+00:00,-1,0.45454545454545203,0.00454545454545452,27
2023-10-17 10:00:00+00:00,2023-10-19 06:00:00+00:00,-1,-0.9999999999999813,-0.009999999999999813,45
2023-10-19 09:00:00+00:00,2023-10-19 09:00:00+00:00,-1,-1.000000000000021,-0.010000000000000212,1
2023-10-19 10:00:00+00:00,2023-10-20 06:00:00+00:00,-1,-0.9999999999999775,-0.009999999999999775,21
2023-10-20 07:00:00+00:00,2023-10-23 16:00:00+00:00,-1,1.5645472061657226,0.015645472061657225,34
2023-10-26 01:00:00+00:00,2023-10-27 08:00:00+00:00,-1,1.199191919191928,0.011991919191919281,32
2023-10-30 13:00:00+00:00,2023-11-02 08:00:00+00:00,-1,0.9636711281070455,0.009636711281070454,68
2023-11-03 16:00:00+00:00,2023-11-06 12:00:00+00:00,1,-0.9999999999999771,-0.009999999999999771,20
2023-11-10 12:00:00+00:00,2023-11-13 13:00:00+00:00,-1,1.5975460122698955,0.015975460122698956,26
2023-11-14 15:00:00+00:00,2023-11-15 08:00:00+00:00,1,0.8819776714513654,0.008819776714513654,18
2023-11-16 08:00:00+00:00,2023-11-21 03:00:00+00:00,-1,0.8382838283828316,0.008382838283828315,68
2023-11-21 16:00:00+00:00,2023-11-22 08:00:00+00:00,1,-1.0000000000000138,-0.010000000000000137,17
2023-11-22 09:00:00+00:00,2023-11-23 09:00:00+00:00,1,-0.9999999999999891,-0.009999999999999891,25
2023-11-27 13:00:00+00:00,2023-11-29 08:00:00+00:00,1,-1.0,-0.01,44
2023-11-29 15:00:00+00:00,2023-11-30 08:00:00+00:00,1,-1.0000000000000238,-0.010000000000000238,18
2023-11-30 09:00:00+00:00,2023-12-01 08:00:00+00:00,1,-0.9999999999999868,-0.009999999999999868,24
2023-12-01 09:00:00+00:00,2023-12-01 15:00:00+00:00,1,-1.0000000000000169,-0.010000000000000168,7
2023-12-01 16:00:00+00:00,2023-12-06 16:00:00+00:00,1,-0.2727905358385371,-0.002727905358385371,73
2023-12-08 09:00:00+00:00,2023-12-08 11:00:00+00:00,-1,0.8265922826591889,0.008265922826591889,3
2023-12-11 05:00:00+00:00,2023-12-11 20:00:00+00:00,-1,0.7543224768797875,0.007543224768797875,16
2023-12-12 09:00:00+00:00,2023-12-13 07:00:00+00:00,-1,-0.9999999999999842,-0.009999999999999842,23
2023-12-13 08:00:00+00:00,2023-12-14 08:00:00+00:00,-1,-1.0,-0.01,25
2023-12-18 17:00:00+00:00,2023-12-19 10:00:00+00:00,-1,1.0918678878711934,0.010918678878711934,18
2023-12-20 08:00:00+00:00,2023-12-21 15:00:00+00:00,-1,-0.9999999999999891,-0.009999999999999891,32
2023-12-21 16:00:00+00:00,2023-12-27 03:00:00+00:00,-1,0.5585301837270098,0.005585301837270098,60
2023-12-27 09:00:00+00:00,2023-12-28 05:00:00+00:00,-1,1.2060535506402363,0.012060535506402363,21
2023-12-28 10:00:00+00:00,2023-12-29 17:00:00+00:00,-1,0.8156779661017144,0.008156779661017143,32
2023-12-29 21:00:00+00:00,2024-01-02 15:00:00+00:00,1,0.5,0.005,19
2024-01-03 12:00:00+00:00,2024-01-03 15:00:00+00:00,1,-1.0000000000000262,-0.010000000000000262,4
2024-01-03 16:00:00+00:00,2024-01-04 10:00:00+00:00,1,-1.0000000000000033,-0.010000000000000033,19
2024-01-14 22:00:00+00:00,2024-01-15 01:00:00+00:00,1,0.4246404002501678,0.004246404002501678,4
2024-01-16 08:00:00+00:00,2024-01-16 14:00:00+00:00,-1,0.9444444444444096,0.009444444444444096,7
2024-01-17 06:00:00+00:00,2024-01-19 15:00:00+00:00,-1,2.1947916666666107,0.02194791666666611,58
2024-01-23 11:00:00+00:00,2024-01-24 09:00:00+00:00,1,-1.0,-0.01,23
2024-01-24 10:00:00+00:00,2024-01-25 09:00:00+00:00,1,1.1218441273325797,0.011218441273325797,24
2024-01-25 15:00:00+00:00,2024-01-29 11:00:00+00:00,1,-0.9999999999999893,-0.009999999999999894,45
2024-01-29 16:00:00+00:00,2024-01-30 10:00:00+00:00,1,1.1011235955056382,0.011011235955056382,19
2024-02-05 13:00:00+00:00,2024-02-06 13:00:00+00:00,-1,0.6462758425374979,0.006462758425374979,25
2024-02-13 08:00:00+00:00,2024-02-13 13:00:00+00:00,1,-0.9999999999999691,-0.009999999999999691,6
2024-02-13 14:00:00+00:00,2024-02-14 10:00:00+00:00,1,1.3491749174917136,0.013491749174917135,21
2024-02-15 13:00:00+00:00,2024-02-19 11:00:00+00:00,-1,1.1797426317974318,0.011797426317974318,47
2024-02-20 11:00:00+00:00,2024-02-22 13:00:00+00:00,-1,0.6026490066224507,0.0060264900662245074,51
2024-02-23 11:00:00+00:00,2024-02-23 15:00:00+00:00,1,-0.9999999999999863,-0.009999999999999863,5
2024-02-23 16:00:00+00:00,2024-02-26 11:00:00+00:00,1,1.1947613012252163,0.011947613012252164,20
2024-03-01 15:00:00+00:00,2024-03-04 09:00:00+00:00,-1,0.6632522407170734,0.006632522407170735,19
2024-03-05 14:00:00+00:00,2024-03-06 14:00:00+00:00,1,0.5597092419522178,0.005597092419522178,25
2024-03-07 11:00:00+00:00,2024-03-07 13:00:00+00:00,1,-1.000000000000005,-0.01000000000000005,3
2024-03-07 14:00:00+00:00,2024-03-08 15:00:00+00:00,1,-1.0000000000000042,-0.010000000000000042,26
2024-03-08 16:00:00+00:00,2024-03-11 16:00:00+00:00,1,1.1131498470947543,0.011131498470947543,26
2024-03-18 10:00:00+00:00,2024-03-19 01:00:00+00:00,-1,1.1034897713598377,0.011034897713598377,16
2024-03-21 09:00:00+00:00,2024-03-21 10:00:00+00:00,1,0.8425925925925905,0.008425925925925904,2
2024-03-21 12:00:00+00:00,2024-03-21 15:00:00+00:00,-1,-1.00000000000003,-0.0100000000000003,4
2024-03-21 16:00:00+00:00,2024-03-22 10:00:00+00:00,-1,-0.9999999999999776,-0.009999999999999776,19
2024-03-22 11:00:00+00:00,2024-03-26 08:00:00+00:00,-1,1.2351476342937957,0.012351476342937958,46
2024-03-27 21:00:00+00:00,2024-03-28 11:00:00+00:00,1,-1.000000000000022,-0.01000000000000022,15
2024-03-28 12:00:00+00:00,2024-03-29 01:00:00+00:00,1,-1.000000000000036,-0.01000000000000036,14
2024-03-29 02:00:00+00:00,2024-04-01 16:00:00+00:00,1,1.2333756882676763,0.012333756882676763,39
2024-04-03 12:00:00+00:00,2024-04-08 12:00:00+00:00,-1,-0.2907580477674431,-0.0029075804776744307,73
2024-04-09 21:00:00+00:00,2024-04-10 12:00:00+00:00,1,-0.9999999999999729,-0.00999999999999973,16
2024-04-10 13:00:00+00:00,2024-04-10 19:00:00+00:00,1,1.9555555555555464,0.019555555555555465,7
2024-04-11 08:00:00+00:00,2024-04-11 12:00:00+00:00,1,-0.9999999999999492,-0.009999999999999492,5
2024-04-11 13:00:00+00:00,2024-04-12 06:00:00+00:00,1,-1.0,-0.01,18
2024-04-12 07:00:00+00:00,2024-04-16 15:00:00+00:00,1,0.9460895975702251,0.009460895975702252,57
2024-04-17 07:00:00+00:00,2024-04-17 11:00:00+00:00,1,1.1070075757576434,0.011070075757576434,5
2024-04-17 16:00:00+00:00,2024-04-19 14:00:00+00:00,-1,-0.9999999999999938,-0.009999999999999938,47
2024-04-19 15:00:00+00:00,2024-04-19 17:00:00+00:00,-1,-1.0000000000000249,-0.010000000000000248,3
2024-04-19 18:00:00+00:00,2024-04-22 10:00:00+00:00,-1,-1.000000000000009,-0.01000000000000009,17
2024-04-22 11:00:00+00:00,2024-04-23 17:00:00+00:00,-1,2.3940110323089985,0.023940110323089986,31
2024-04-29 13:00:00+00:00,2024-05-01 13:00:00+00:00,1,0.8716475095785128,0.008716475095785128,49
2024-05-03 14:00:00+00:00,2024-05-07 07:00:00+00:00,-1,-0.9999999999999712,-0.009999999999999712,42
2024-05-07 16:00:00+00:00,2024-05-08 07:00:00+00:00,-1,-0.9999999999999948,-0.009999999999999948,16
2024-05-08 08:00:00+00:00,2024-05-09 11:00:00+00:00,-1,-0.9999999999999815,-0.009999999999999815,28
2024-05-13 21:00:00+00:00,2024-05-15 07:00:00+00:00,1,0.47659574468080573,0.004765957446808057,35
2024-05-15 09:00:00+00:00,2024-05-15 09:00:00+00:00,1,-0.9999999999999742,-0.009999999999999743,1
2024-05-15 10:00:00+00:00,2024-05-17 10:00:00+00:00,1,-1.0000000000000413,-0.010000000000000413,49
2024-05-17 11:00:00+00:00,2024-05-17 15:00:00+00:00,1,-0.9999999999999759,-0.009999999999999759,5
2024-05-17 16:00:00+00:00,2024-05-20 17:00:00+00:00,1,-0.9999999999999836,-0.009999999999999835,26
2024-05-20 18:00:00+00:00,2024-05-22 06:00:00+00:00,1,-1.000000000000025,-0.010000000000000252,37
2024-05-22 07:00:00+00:00,2024-05-23 07:00:00+00:00,1,-0.9999999999999682,-0.009999999999999683,25
2024-05-28 14:00:00+00:00,2024-05-28 17:00:00+00:00,1,0.8089780324736916,0.008089780324736916,4
2024-05-29 09:00:00+00:00,2024-05-29 14:00:00+00:00,1,1.2633517495394562,0.012633517495394563,6
2024-05-31 08:00:00+00:00,2024-05-31 09:00:00+00:00,-1,-1.0000000000000302,-0.010000000000000302,2
2024-05-31 10:00:00+00:00,2024-05-31 12:00:00+00:00,-1,-1.0000000000000058,-0.010000000000000057,3
2024-05-31 13:00:00+00:00,2024-06-03 15:00:00+00:00,-1,1.3722154718509645,0.013722154718509644,27
2024-06-05 18:00:00+00:00,2024-06-06 13:00:00+00:00,1,0.8203821656050984,0.008203821656050984,20
2024-06-07 15:00:00+00:00,2024-06-09 21:00:00+00:00,1,-2.7501172058134022,-0.027501172058134023,7
2024-06-09 22:00:00+00:00,2024-06-10 14:00:00+00:00,1,-1.0000000000000102,-0.010000000000000103,17
2024-06-10 15:00:00+00:00,2024-06-11 11:00:00+00:00,1,-0.9999999999999921,-0.009999999999999922,21
2024-06-11 12:00:00+00:00,2024-06-13 03:00:00+00:00,1,1.427160493827091,0.01427160493827091,40
2024-06-13 19:00:00+00:00,2024-06-14 15:00:00+00:00,1,0.947399527186734,0.00947399527186734,21
2024-06-21 03:00:00+00:00,2024-06-21 09:00:00+00:00,-1,1.2113821138210246,0.012113821138210246,7
2024-06-24 08:00:00+00:00,2024-06-25 08:00:00+00:00,-1,0.9007210205212787,0.009007210205212788,25
2024-06-25 14:00:00+00:00,2024-06-27 07:00:00+00:00,1,1.230700580098104,0.01230700580098104,42
2024-06-28 15:00:00+00:00,2024-07-01 01:00:00+00:00,-1,-1.0,-0.01,11
2024-07-01 02:00:00+00:00,2024-07-02 12:00:00+00:00,-1,0.7693965517241482,0.007693965517241483,35
2024-07-05 14:00:00+00:00,2024-07-07 21:00:00+00:00,1,-1.1735700197239878,-0.011735700197239879,8
2024-07-07 22:00:00+00:00,2024-07-09 16:00:00+00:00,1,0.6251758087201064,0.006251758087201064,43
2024-07-10 14:00:00+00:00,2024-07-11 07:00:00+00:00,1,-0.9999999999999682,-0.009999999999999683,18
2024-07-11 08:00:00+00:00,2024-07-11 12:00:00+00:00,1,-1.0000000000000495,-0.010000000000000495,5
2024-07-11 13:00:00+00:00,2024-07-12 10:00:00+00:00,1,-1.00000000000002,-0.0100000000000002,22
2024-07-12 11:00:00+00:00,2024-07-14 21:00:00+00:00,1,-1.0215995329831211,-0.010215995329831211,11
2024-07-14 22:00:00+00:00,2024-07-17 04:00:00+00:00,1,0.6222222222221524,0.0062222222222215245,55
2024-07-17 08:00:00+00:00,2024-07-17 17:00:00+00:00,1,1.610389610389585,0.01610389610389585,10
2024-07-18 09:00:00+00:00,2024-07-19 09:00:00+00:00,-1,-0.9999999999999618,-0.009999999999999619,25
2024-07-19 10:00:00+00:00,2024-07-21 22:00:00+00:00,-1,-0.9999999999999934,-0.009999999999999934,13
2024-07-24 08:00:00+00:00,2024-07-25 08:00:00+00:00,1,1.030555555555525,0.01030555555555525,25
2024-07-26 00:00:00+00:00,2024-07-29 08:00:00+00:00,-1,-1.000000000000015,-0.010000000000000151,33
2024-07-29 09:00:00+00:00,2024-07-29 13:00:00+00:00,-1,2.06769230769231,0.0206769230769231,5
2024-08-01 10:00:00+00:00,2024-08-01 13:00:00+00:00,-1,1.1666666666666965,0.011666666666666966,4
2024-08-01 16:00:00+00:00,2024-08-02 01:00:00+00:00,-1,-0.9999999999999908,-0.009999999999999908,10
2024-08-02 02:00:00+00:00,2024-08-02 12:00:00+00:00,-1,-0.9999999999999872,-0.009999999999999872,11
2024-08-02 13:00:00+00:00,2024-08-02 14:00:00+00:00,-1,-1.000000000000003,-0.010000000000000031,2
2024-08-02 15:00:00+00:00,2024-08-05 06:00:00+00:00,-1,-0.9999999999999906,-0.009999999999999907,16
2024-08-05 07:00:00+00:00,2024-08-05 09:00:00+00:00,-1,-1.0000000000000207,-0.010000000000000207,3
2024-08-05 10:00:00+00:00,2024-08-08 10:00:00+00:00,-1,-0.8459214501510804,-0.008459214501510805,73
2024-08-14 14:00:00+00:00,2024-08-15 12:00:00+00:00,-1,1.1025393764062799,0.011025393764062799,23
2024-08-16 10:00:00+00:00,2024-08-20 17:00:00+00:00,1,1.4456521739129198,0.014456521739129199,56
2024-08-22 08:00:00+00:00,2024-08-22 09:00:00+00:00,1,-1.0000000000000342,-0.010000000000000342,2
2024-08-22 10:00:00+00:00,2024-08-23 09:00:00+00:00,1,-1.000000000000018,-0.01000000000000018,24
2024-08-23 10:00:00+00:00,2024-08-23 14:00:00+00:00,1,-0.9999999999999604,-0.009999999999999605,5
2024-08-27 16:00:00+00:00,2024-08-28 12:00:00+00:00,1,-0.9999999999999923,-0.009999999999999924,21
2024-08-28 13:00:00+00:00,2024-08-30 18:00:00+00:00,1,0.7250608272506134,0.007250608272506134,54
2024-09-06 09:00:00+00:00,2024-09-10 07:00:00+00:00,-1,0.7513416815742817,0.007513416815742817,47
2024-09-11 14:00:00+00:00,2024-09-12 07:00:00+00:00,-1,0.43983663210807883,0.004398366321080789,18
2024-09-16 18:00:00+00:00,2024-09-17 15:00:00+00:00,1,0.821765209939982,0.00821765209939982,22
2024-09-18 13:00:00+00:00,2024-09-19 11:00:00+00:00,1,-1.0000000000000098,-0.010000000000000097,23
2024-09-19 12:00:00+00:00,2024-09-23 07:00:00+00:00,1,-1.0,-0.01,44
2024-09-23 09:00:00+00:00,2024-09-23 14:00:00+00:00,1,-0.9999999999999701,-0.009999999999999702,6
2024-09-23 15:00:00+00:00,2024-09-25 08:00:00+00:00,1,0.942666666666676,0.00942666666666676,42
2024-09-30 15:00:00+00:00,2024-10-01 17:00:00+00:00,1,0.6743737957610707,0.006743737957610707,27
2024-10-03 06:00:00+00:00,2024-10-03 07:00:00+00:00,-1,-0.9999999999999712,-0.009999999999999712,2
2024-10-03 08:00:00+00:00,2024-10-03 08:00:00+00:00,-1,-1.0000000000000195,-0.010000000000000196,1
2024-10-03 09:00:00+00:00,2024-10-04 17:00:00+00:00,-1,1.8730813287514239,0.01873081328751424,33
2024-10-14 15:00:00+00:00,2024-10-15 07:00:00+00:00,1,-0.9999999999999957,-0.009999999999999957,17
2024-10-15 08:00:00+00:00,2024-10-16 12:00:00+00:00,1,1.8795180722890974,0.018795180722890974,29
2024-10-17 17:00:00+00:00,2024-10-21 12:00:00+00:00,1,0.7261003644519235,0.007261003644519235,44
2024-10-23 19:00:00+00:00,2024-10-24 08:00:00+00:00,-1,0.5444444444444119,0.005444444444444119,14
2024-10-29 12:00:00+00:00,2024-10-29 13:00:00+00:00,1,-0.9999999999999896,-0.009999999999999896,2
2024-10-29 14:00:00+00:00,2024-11-01 14:00:00+00:00,1,3.2918790349982863,0.032918790349982865,73
2024-11-06 03:00:00+00:00,2024-11-07 16:00:00+00:00,1,-0.9999999999999832,-0.009999999999999832,38
2024-11-15 17:00:00+00:00,2024-11-20 07:00:00+00:00,-1,0.31176746366619484,0.0031176746366619484,63
2024-11-26 09:00:00+00:00,2024-11-27 05:00:00+00:00,-1,1.0813008130080615,0.010813008130080615,21
2024-11-29 17:00:00+00:00,2024-12-02 07:00:00+00:00,1,-1.00000000000001,-0.0100000000000001,15
2024-12-02 08:00:00+00:00,2024-12-03 12:00:00+00:00,1,1.618233618233671,0.01618233618233671,29
2024-12-10 10:00:00+00:00,2024-12-10 15:00:00+00:00,1,-0.9999999999999936,-0.009999999999999936,6
2024-12-10 16:00:00+00:00,2024-12-11 15:00:00+00:00,1,-0.9999999999999957,-0.009999999999999957,24
2024-12-11 16:00:00+00:00,2024-12-12 15:00:00+00:00,1,1.4501792114695504,0.014501792114695504,24
2024-12-13 10:00:00+00:00,2024-12-13 15:00:00+00:00,-1,-1.0,-0.01,6
2024-12-13 16:00:00+00:00,2024-12-17 08:00:00+00:00,-1,1.8482607504793362,0.01848260750479336,41
2024-12-26 16:00:00+00:00,2024-12-27 14:00:00+00:00,-1,1.3280339162691757,0.013280339162691756,23
2024-12-30 14:00:00+00:00,2024-12-30 16:00:00+00:00,1,1.0082304526748862,0.010082304526748862,3
2024-12-31 16:00:00+00:00,2025-01-02 09:00:00+00:00,1,0.9333333333333415,0.009333333333333414,18
2025-01-06 14:00:00+00:00,2025-01-07 02:00:00+00:00,-1,0.694798301486219,0.00694798301486219,13
2025-01-08 12:00:00+00:00,2025-01-08 12:00:00+00:00,-1,-0.9999999999999828,-0.009999999999999828,1
2025-01-08 13:00:00+00:00,2025-01-09 06:00:00+00:00,-1,-1.0000000000000029,-0.01000000000000003,18
2025-01-09 07:00:00+00:00,2025-01-09 07:00:00+00:00,-1,-0.9999999999999738,-0.009999999999999738,1
2025-01-09 08:00:00+00:00,2025-01-13 03:00:00+00:00,-1,-1.0000000000000147,-0.010000000000000146,44
2025-01-14 14:00:00+00:00,2025-01-15 16:00:00+00:00,-1,1.0338461538461772,0.010338461538461772,27
2025-01-20 10:00:00+00:00,2025-01-21 22:00:00+00:00,-1,1.1355389541089025,0.011355389541089025,37
2025-01-23 18:00:00+00:00,2025-01-24 12:00:00+00:00,1,0.6174863387977954,0.006174863387977954,19
2025-01-24 16:00:00+00:00,2025-01-27 10:00:00+00:00,1,-0.999999999999985,-0.009999999999999851,19
2025-01-27 22:00:00+00:00,2025-01-29 08:00:00+00:00,1,-0.9999999999999973,-0.009999999999999974,35
2025-02-02 23:00:00+00:00,2025-02-03 17:00:00+00:00,1,-0.9999999999999886,-0.009999999999999886,19
2025-02-03 18:00:00+00:00,2025-02-05 18:00:00+00:00,1,0.9563719862227228,0.009563719862227229,49
2025-02-06 13:00:00+00:00,2025-02-07 18:00:00+00:00,-1,1.9133709981167664,0.019133709981167663,30
2025-02-17 17:00:00+00:00,2025-02-18 08:00:00+00:00,1,-1.000000000000025,-0.010000000000000252,16
2025-02-18 09:00:00+00:00,2025-02-18 22:00:00+00:00,1,-0.9999999999999742,-0.009999999999999743,14
2025-02-18 23:00:00+00:00,2025-02-23 23:00:00+00:00,1,0.4131534569982688,0.004131534569982688,73
2025-02-25 22:00:00+00:00,2025-03-02 22:00:00+00:00,-1,2.1810992487149243,0.021810992487149242,73
2025-03-04 14:00:00+00:00,2025-03-04 21:00:00+00:00,-1,-0.9999999999999808,-0.009999999999999808,8
2025-03-04 22:00:00+00:00,2025-03-05 09:00:00+00:00,-1,-1.0000000000000095,-0.010000000000000096,12
2025-03-05 10:00:00+00:00,2025-03-05 14:00:00+00:00,-1,-0.9999999999999851,-0.009999999999999851,5
2025-03-05 15:00:00+00:00,2025-03-06 13:00:00+00:00,-1,-0.9999999999999892,-0.009999999999999893,23
2025-03-11 08:00:00+00:00,2025-03-12 13:00:00+00:00,-1,1.630208333333281,0.01630208333333281,30
2025-03-20 09:00:00+00:00,2025-03-20 12:00:00+00:00,1,-1.0000000000000127,-0.010000000000000127,4
2025-03-20 13:00:00+00:00,2025-03-24 14:00:00+00:00,1,-0.9999999999999956,-0.009999999999999955,50
2025-03-25 16:00:00+00:00,2025-03-26 10:00:00+00:00,1,1.0057012542758936,0.010057012542758937,19
2025-03-28 10:00:00+00:00,2025-03-28 14:00:00+00:00,1,1.6072695035461626,0.016072695035461625,5
2025-03-31 16:00:00+00:00,2025-04-01 17:00:00+00:00,-1,0.6469696969697132,0.006469696969697132,26
2025-04-03 11:00:00+00:00,2025-04-04 03:00:00+00:00,-1,-0.9999999999999961,-0.009999999999999962,17
2025-04-04 04:00:00+00:00,2025-04-04 11:00:00+00:00,-1,-0.9999999999999849,-0.00999999999999985,8
2025-04-04 12:00:00+00:00,2025-04-07 06:00:00+00:00,-1,-1.0000000000000036,-0.010000000000000035,19
2025-04-07 09:00:00+00:00,2025-04-09 04:00:00+00:00,-1,-0.9999999999999989,-0.00999999999999999,44
2025-04-10 16:00:00+00:00,2025-04-11 00:00:00+00:00,-1,-0.9999999999999931,-0.00999999999999993,9
2025-04-11 01:00:00+00:00,2025-04-14 11:00:00+00:00,-1,0.7799370719970481,0.007799370719970481,35
2025-04-22 22:00:00+00:00,2025-04-23 12:00:00+00:00,1,0.7270800211976838,0.007270800211976838,15
2025-04-23 14:00:00+00:00,2025-04-28 14:00:00+00:00,1,-0.6755292959133247,-0.006755292959133247,73
2025-04-28 15:00:00+00:00,2025-04-30 12:00:00+00:00,1,0.6716905300176166,0.006716905300176166,46
2025-05-02 09:00:00+00:00,2025-05-05 18:00:00+00:00,-1,0.7088607594936734,0.007088607594936735,34
2025-05-06 11:00:00+00:00,2025-05-06 12:00:00+00:00,1,-0.9999999999999962,-0.009999999999999962,2
2025-05-06 13:00:00+00:00,2025-05-07 06:00:00+00:00,1,1.7711091497499505,0.017711091497499505,18
2025-05-08 12:00:00+00:00,2025-05-11 21:00:00+00:00,1,-1.033594850130753,-0.010335948501307531,34
2025-05-11 22:00:00+00:00,2025-05-12 07:00:00+00:00,1,-0.9999999999999764,-0.009999999999999764,10
2025-05-12 08:00:00+00:00,2025-05-12 15:00:00+00:00,1,-0.9999999999999882,-0.009999999999999882,8
2025-05-12 16:00:00+00:00,2025-05-14 23:00:00+00:00,1,0.34556771839449957,0.003455677183944996,56
2025-05-16 17:00:00+00:00,2025-05-19 07:00:00+00:00,1,0.7062031356509972,0.0070620313565099724,15
2025-05-21 04:00:00+00:00,2025-05-21 10:00:00+00:00,-1,-0.9999999999999876,-0.009999999999999875,7
2025-05-21 11:00:00+00:00,2025-05-22 12:00:00+00:00,-1,1.1901565995525778,0.011901565995525777,26
2025-05-23 12:00:00+00:00,2025-05-28 12:00:00+00:00,1,0.1143790849673586,0.001143790849673586,73
2025-05-29 00:00:00+00:00,2025-06-03 00:00:00+00:00,1,3.586497890295399,0.03586497890295399,73
2025-06-10 07:00:00+00:00,2025-06-10 11:00:00+00:00,-1,-0.9999999999999806,-0.009999999999999806,5
2025-06-10 12:00:00+00:00,2025-06-11 13:00:00+00:00,-1,-0.999999999999983,-0.00999999999999983,26
2025-06-11 14:00:00+00:00,2025-06-12 07:00:00+00:00,-1,-0.9999999999999841,-0.00999999999999984,18
2025-06-12 08:00:00+00:00,2025-06-12 10:00:00+00:00,-1,-1.0000000000000124,-0.010000000000000125,3
2025-06-12 11:00:00+00:00,2025-06-17 11:00:00+00:00,-1,-0.06026365348400924,-0.0006026365348400924,73
2025-06-17 18:00:00+00:00,2025-06-19 16:00:00+00:00,-1,0.35695115405259975,0.0035695115405259977,47
2025-06-23 06:00:00+00:00,2025-06-23 15:00:00+00:00,-1,1.0906583936574086,0.010906583936574087,10
2025-06-24 09:00:00+00:00,2025-06-27 09:00:00+00:00,1,-0.20681818181818712,-0.0020681818181818713,73
2025-06-30 08:00:00+00:00,2025-06-30 15:00:00+00:00,-1,-1.0000000000000284,-0.010000000000000285,8
2025-06-30 16:00:00+00:00,2025-07-02 11:00:00+00:00,-1,-1.00000000000001,-0.0100000000000001,44
2025-07-02 13:00:00+00:00,2025-07-07 10:00:00+00:00,-1,0.5438121047877361,0.0054381210478773616,70
2025-07-11 11:00:00+00:00,2025-07-11 13:00:00+00:00,-1,-0.9999999999999786,-0.009999999999999785,3
2025-07-11 14:00:00+00:00,2025-07-14 14:00:00+00:00,-1,-1.000000000000006,-0.010000000000000061,25
2025-07-14 15:00:00+00:00,2025-07-16 12:00:00+00:00,-1,1.2640692640692772,0.012640692640692772,46
2025-07-17 15:00:00+00:00,2025-07-18 15:00:00+00:00,1,0.8598425196850321,0.00859842519685032,25
2025-07-22 16:00:00+00:00,2025-07-23 09:00:00+00:00,-1,1.2132378027977195,0.012132378027977196,18
2025-07-24 15:00:00+00:00,2025-07-24 16:00:00+00:00,-1,-0.9999999999999852,-0.009999999999999853,2
2025-07-24 17:00:00+00:00,2025-07-25 13:00:00+00:00,-1,-1.0000000000000124,-0.010000000000000125,21
2025-07-25 14:00:00+00:00,2025-07-27 21:00:00+00:00,-1,-1.225159525979904,-0.01225159525979904,8
2025-07-27 22:00:00+00:00,2025-07-28 10:00:00+00:00,-1,2.31383472609101,0.0231383472609101,13
2025-07-30 13:00:00+00:00,2025-08-01 05:00:00+00:00,1,1.5898566703417818,0.01589856670341782,41
2025-08-01 14:00:00+00:00,2025-08-06 14:00:00+00:00,-1,-0.6473224817174061,-0.006473224817174062,73
2025-08-07 14:00:00+00:00,2025-08-11 18:00:00+00:00,1,-0.9999999999999846,-0.009999999999999846,53
2025-08-13 14:00:00+00:00,2025-08-14 06:00:00+00:00,1,-1.0000000000000322,-0.010000000000000323,17
2025-08-14 07:00:00+00:00,2025-08-15 14:00:00+00:00,1,1.664391353811153,0.01664391353811153,32
2025-08-20 13:00:00+00:00,2025-08-22 14:00:00+00:00,-1,0.4338028169014268,0.004338028169014268,50
2025-08-22 18:00:00+00:00,2025-08-25 16:00:00+00:00,-1,0.8473236009732671,0.008473236009732672,23
2025-08-27 08:00:00+00:00,2025-08-27 14:00:00+00:00,1,-0.9999999999999816,-0.009999999999999816,7
2025-08-27 15:00:00+00:00,2025-08-28 13:00:00+00:00,1,1.4332634521314098,0.014332634521314098,23
2025-08-29 09:00:00+00:00,2025-09-01 15:00:00+00:00,-1,1.1603942652329686,0.011603942652329686,31
2025-09-02 08:00:00+00:00,2025-09-02 12:00:00+00:00,-1,-1.0000000000000164,-0.010000000000000165,5
2025-09-02 13:00:00+00:00,2025-09-03 21:00:00+00:00,-1,0.8657894736842057,0.008657894736842057,33
2025-09-09 10:00:00+00:00,2025-09-10 07:00:00+00:00,1,-0.9999999999999944,-0.009999999999999945,22
2025-09-10 08:00:00+00:00,2025-09-11 12:00:00+00:00,1,-0.9999999999999806,-0.009999999999999806,29
2025-09-15 11:00:00+00:00,2025-09-15 14:00:00+00:00,1,0.7609427609427256,0.007609427609427256,4
2025-09-16 10:00:00+00:00,2025-09-16 14:00:00+00:00,-1,-0.9999999999999616,-0.009999999999999617,5
2025-09-16 15:00:00+00:00,2025-09-19 00:00:00+00:00,-1,-1.000000000000019,-0.010000000000000191,58
2025-09-19 07:00:00+00:00,2025-09-19 07:00:00+00:00,-1,-0.999999999999976,-0.00999999999999976,1
2025-09-19 08:00:00+00:00,2025-09-23 08:00:00+00:00,-1,-1.0000000000000042,-0.010000000000000042,49
2025-09-25 12:00:00+00:00,2025-09-26 13:00:00+00:00,-1,0.9032258064517036,0.009032258064517035,26
2025-10-01 10:00:00+00:00,2025-10-01 12:00:00+00:00,1,-1.0000000000000047,-0.010000000000000047,3
2025-10-01 13:00:00+00:00,2025-10-03 00:00:00+00:00,1,1.0718336483932553,0.010718336483932554,36
2025-10-06 08:00:00+00:00,2025-10-07 12:00:00+00:00,1,1.265456989247321,0.01265456989247321,29
2025-10-08 09:00:00+00:00,2025-10-09 07:00:00+00:00,1,1.8106666666666318,0.01810666666666632,23
2025-10-10 10:00:00+00:00,2025-10-10 10:00:00+00:00,-1,-0.9999999999999766,-0.009999999999999766,1
2025-10-10 11:00:00+00:00,2025-10-13 11:00:00+00:00,-1,1.9386892177589976,0.019386892177589977,25
2025-10-14 15:00:00+00:00,2025-10-15 11:00:00+00:00,-1,0.6878232251998361,0.006878232251998361,21
2025-10-23 14:00:00+00:00,2025-10-24 07:00:00+00:00,-1,-1.0,-0.01,18
2025-10-24 08:00:00+00:00,2025-10-24 14:00:00+00:00,-1,-1.0000000000000338,-0.010000000000000338,7
2025-10-24 15:00:00+00:00,2025-10-28 13:00:00+00:00,-1,-0.9999999999999812,-0.009999999999999813,47
2025-10-28 14:00:00+00:00,2025-10-29 09:00:00+00:00,-1,-1.000000000000003,-0.010000000000000031,20
2025-10-29 10:00:00+00:00,2025-10-31 16:00:00+00:00,-1,1.2398523985239385,0.012398523985239385,55
2025-11-04 20:00:00+00:00,2025-11-06 12:00:00+00:00,-1,0.643234550884447,0.006432345508844471,41
2025-11-10 12:00:00+00:00,2025-11-13 12:00:00+00:00,1,3.0437367303609757,0.03043736730360976,73
2025-11-14 04:00:00+00:00,2025-11-16 22:00:00+00:00,-1,1.1322404371584465,0.011322404371584464,19
2025-11-21 15:00:00+00:00,2025-11-24 11:00:00+00:00,1,0.6360274696249673,0.0063602746962496725,21
2025-11-25 17:00:00+00:00,2025-11-27 04:00:00+00:00,1,-1.0000000000000222,-0.010000000000000222,36
2025-11-27 05:00:00+00:00,2025-12-01 01:00:00+00:00,1,0.8447773616313345,0.008447773616313346,45
2025-12-02 11:00:00+00:00,2025-12-03 11:00:00+00:00,-1,1.4474153297681251,0.014474153297681251,25
2025-12-03 21:00:00+00:00,2025-12-08 13:00:00+00:00,1,0.3195849546044117,0.003195849546044117,65
2025-12-10 09:00:00+00:00,2025-12-10 18:00:00+00:00,-1,1.2064128256513298,0.012064128256513299,10
2025-12-11 09:00:00+00:00,2025-12-11 19:00:00+00:00,-1,-1.0000000000000309,-0.010000000000000309,11
2025-12-11 20:00:00+00:00,2025-12-12 15:00:00+00:00,-1,-1.0000000000000249,-0.010000000000000248,20
2025-12-12 16:00:00+00:00,2025-12-16 10:00:00+00:00,-1,1.3232956921790775,0.013232956921790774,43
2025-12-18 13:00:00+00:00,2025-12-19 15:00:00+00:00,1,1.1794871794871726,0.011794871794871726,27
2025-12-22 11:00:00+00:00,2025-12-25 22:00:00+00:00,1,-1.4097222222221912,-0.014097222222221912,60
2025-12-29 17:00:00+00:00,2025-12-30 20:00:00+00:00,1,0.3686905632772811,0.003686905632772811,28
2025-12-31 11:00:00+00:00,2025-12-31 19:00:00+00:00,-1,0.8759200841219777,0.008759200841219778,9
2026-01-02 16:00:00+00:00,2026-01-05 10:00:00+00:00,1,-1.000000000000007,-0.010000000000000071,19
2026-01-05 11:00:00+00:00,2026-01-05 16:00:00+00:00,1,-0.9999999999999829,-0.009999999999999828,6
2026-01-05 17:00:00+00:00,2026-01-07 20:00:00+00:00,1,0.6323987538940704,0.006323987538940704,52
2026-01-13 01:00:00+00:00,2026-01-13 22:00:00+00:00,1,1.253527980535264,0.01253527980535264,22
2026-01-19 01:00:00+00:00,2026-01-19 09:00:00+00:00,-1,0.5357826253348376,0.005357826253348376,9
2026-01-20 07:00:00+00:00,2026-01-20 09:00:00+00:00,-1,-0.9999999999999566,-0.009999999999999567,3
2026-01-20 10:00:00+00:00,2026-01-20 12:00:00+00:00,-1,-0.9999999999999917,-0.009999999999999917,3
2026-01-20 13:00:00+00:00,2026-01-22 10:00:00+00:00,-1,0.9002473206925115,0.009002473206925115,46
2026-01-23 17:00:00+00:00,2026-01-27 16:00:00+00:00,1,1.0509485094850874,0.010509485094850874,48
2026-01-28 18:00:00+00:00,2026-02-02 03:00:00+00:00,1,0.37560111364209137,0.0037560111364209137,58
2026-02-02 18:00:00+00:00,2026-02-04 10:00:00+00:00,1,-0.9999999999999899,-0.0099999999999999,41
2026-02-05 10:00:00+00:00,2026-02-05 12:00:00+00:00,-1,-0.9999999999999739,-0.00999999999999974,3
2026-02-05 13:00:00+00:00,2026-02-05 15:00:00+00:00,-1,-0.9999999999999848,-0.009999999999999848,3
2026-02-05 16:00:00+00:00,2026-02-10 13:00:00+00:00,-1,0.6381766381766614,0.006381766381766614,70
2026-02-15 22:00:00+00:00,2026-02-18 22:00:00+00:00,1,1.5702167766257578,0.015702167766257578,73
2026-02-24 15:00:00+00:00,2026-02-26 09:00:00+00:00,1,0.34097421203440786,0.0034097421203440788,43
2026-02-26 18:00:00+00:00,2026-02-27 15:00:00+00:00,-1,-1.000000000000003,-0.010000000000000031,22
2026-02-27 16:00:00+00:00,2026-03-02 13:00:00+00:00,-1,1.917575757575762,0.01917575757575762,22
2026-03-06 13:00:00+00:00,2026-03-08 21:00:00+00:00,1,-1.0000000000000229,-0.01000000000000023,10
2026-03-08 22:00:00+00:00,2026-03-11 15:00:00+00:00,1,-1.0000000000000104,-0.010000000000000104,66
2026-03-11 19:00:00+00:00,2026-03-13 11:00:00+00:00,1,0.5734303422258497,0.005734303422258497,41
2026-03-19 14:00:00+00:00,2026-03-23 15:00:00+00:00,1,0.5485307212822764,0.005485307212822765,50
2026-03-27 12:00:00+00:00,2026-03-27 13:00:00+00:00,-1,-0.9999999999999934,-0.009999999999999934,2
2026-03-27 14:00:00+00:00,2026-03-29 22:00:00+00:00,-1,-0.9999999999999677,-0.009999999999999678,9
2026-03-29 23:00:00+00:00,2026-03-31 14:00:00+00:00,-1,-1.0000000000000033,-0.010000000000000033,40
2026-03-31 15:00:00+00:00,2026-04-03 15:00:00+00:00,-1,0.31263084438243893,0.0031263084438243895,73
2026-04-07 14:00:00+00:00,2026-04-07 22:00:00+00:00,-1,0.500912741876577,0.00500912741876577,9
2026-04-08 02:00:00+00:00,2026-04-08 11:00:00+00:00,1,-1.0,-0.01,10
2026-04-08 12:00:00+00:00,2026-04-10 04:00:00+00:00,1,0.8615384615384938,0.008615384615384938,41
2026-04-14 12:00:00+00:00,2026-04-16 10:00:00+00:00,1,0.4585314315900399,0.004585314315900399,47
2026-04-17 07:00:00+00:00,2026-04-19 21:00:00+00:00,-1,1.754475703324788,0.01754475703324788,15
2026-04-22 04:00:00+00:00,2026-04-22 14:00:00+00:00,1,-1.0000000000000207,-0.010000000000000207,11
2026-04-22 15:00:00+00:00,2026-04-22 17:00:00+00:00,1,-0.9999999999999819,-0.00999999999999982,3
2026-04-22 18:00:00+00:00,2026-04-27 18:00:00+00:00,1,-0.5564588979222248,-0.005564588979222248,73
2026-04-30 13:00:00+00:00,2026-04-30 14:00:00+00:00,1,-0.9999999999999658,-0.009999999999999658,2
2026-04-30 15:00:00+00:00,2026-05-04 16:00:00+00:00,1,0.4412470023981062,0.004412470023981062,50
2026-05-07 17:00:00+00:00,2026-05-08 09:00:00+00:00,-1,0.5974842767295562,0.0059748427672955615,17
2026-05-10 22:00:00+00:00,2026-05-12 07:00:00+00:00,-1,-0.9999999999999921,-0.009999999999999922,34
2026-05-12 08:00:00+00:00,2026-05-13 09:00:00+00:00,-1,1.8069254984260772,0.018069254984260773,26
2026-05-14 17:00:00+00:00,2026-05-14 17:00:00+00:00,-1,-1.0000000000000147,-0.010000000000000146,1
2026-05-14 18:00:00+00:00,2026-05-18 15:00:00+00:00,-1,0.5997788833609948,0.005997788833609949,46
2026-05-25 12:00:00+00:00,2026-05-26 12:00:00+00:00,1,1.0677186061800141,0.010677186061800141,25
2026-05-27 12:00:00+00:00,2026-05-28 12:00:00+00:00,-1,-1.0000000000000082,-0.010000000000000082,25
2026-06-01 16:00:00+00:00,2026-06-04 03:00:00+00:00,1,0.3085399449036072,0.003085399449036072,60
2026-06-09 08:00:00+00:00,2026-06-10 11:00:00+00:00,1,-0.9999999999999647,-0.009999999999999646,28
2026-06-10 12:00:00+00:00,2026-06-11 13:00:00+00:00,1,1.416091954023106,0.01416091954023106,26
2026-06-15 08:00:00+00:00,2026-06-17 07:00:00+00:00,-1,-1.0000000000000162,-0.010000000000000162,48
2026-06-18 09:00:00+00:00,2026-06-21 21:00:00+00:00,-1,-1.2739463601532512,-0.012739463601532513,37
2026-06-21 22:00:00+00:00,2026-06-22 10:00:00+00:00,-1,0.8508052263749771,0.008508052263749772,13
2026-06-22 14:00:00+00:00,2026-06-24 07:00:00+00:00,1,-1.000000000000017,-0.010000000000000172,42
2026-06-26 13:00:00+00:00,2026-06-28 22:00:00+00:00,-1,1.5096418732782415,0.015096418732782415,10
2026-06-30 06:00:00+00:00,2026-06-30 14:00:00+00:00,1,1.2737254901960404,0.012737254901960404,9
2026-07-01 09:00:00+00:00,2026-07-01 09:00:00+00:00,1,-1.000000000000054,-0.01000000000000054,1
2026-07-01 10:00:00+00:00,2026-07-01 14:00:00+00:00,1,-1.0000000000000264,-0.010000000000000264,5
2026-07-01 15:00:00+00:00,2026-07-02 06:00:00+00:00,1,-0.9999999999999846,-0.009999999999999846,16
2026-07-02 07:00:00+00:00,2026-07-02 07:00:00+00:00,1,-1.0000000000000149,-0.01000000000000015,1
2026-07-02 08:00:00+00:00,2026-07-06 19:00:00+00:00,1,-0.9999999999999816,-0.009999999999999816,60
2026-07-08 15:00:00+00:00,2026-07-10 10:00:00+00:00,1,-1.0000000000000304,-0.010000000000000304,44
2026-07-10 11:00:00+00:00,2026-07-13 08:00:00+00:00,1,1.5967233774416225,0.015967233774416226,22
2026-07-14 16:00:00+00:00,2026-07-15 10:00:00+00:00,-1,0.6507936507936143,0.006507936507936143,19
2026-07-15 12:00:00+00:00,2026-07-15 14:00:00+00:00,1,-0.9999999999999952,-0.009999999999999952,3
2026-07-15 15:00:00+00:00,2026-07-15 16:00:00+00:00,1,-1.00000000000001,-0.0100000000000001,2
2026-07-15 17:00:00+00:00,2026-07-17 08:00:00+00:00,1,1.4873969375736327,0.014873969375736327,40
2026-07-21 13:00:00+00:00,2026-07-23 07:00:00+00:00,-1,-1.0,-0.01,43
2026-07-27 11:00:00+00:00,2026-07-28 16:00:00+00:00,-1,-1.000000000000038,-0.01000000000000038,30
2026-07-28 17:00:00+00:00,2026-07-30 13:00:00+00:00,-1,-1.0000000000000084,-0.010000000000000085,45
2026-08-05 18:00:00+00:00,2026-08-06 13:00:00+00:00,-1,0.9501915708812861,0.009501915708812862,20
2026-08-10 12:00:00+00:00,2026-08-10 14:00:00+00:00,1,-1.0000000000000169,-0.010000000000000168,3
2026-08-10 15:00:00+00:00,2026-08-13 08:00:00+00:00,1,0.362694300518111,0.0036269430051811104,66
2026-08-17 08:00:00+00:00,2026-08-17 16:00:00+00:00,-1,1.0623306233062109,0.010623306233062109,9
2026-08-18 10:00:00+00:00,2026-08-19 14:00:00+00:00,-1,-1.0000000000000504,-0.010000000000000505,29
2026-08-19 15:00:00+00:00,2026-08-19 20:00:00+00:00,-1,-0.9999999999999633,-0.009999999999999632,6
2026-08-19 21:00:00+00:00,2026-08-21 14:00:00+00:00,-1,1.2556634304207237,0.012556634304207238,42
2026-08-27 01:00:00+00:00,2026-08-31 08:00:00+00:00,-1,1.017832647462364,0.01017832647462364,56
2026-09-02 12:00:00+00:00,2026-09-03 05:00:00+00:00,-1,-0.9999999999999588,-0.009999999999999589,18
2026-09-03 06:00:00+00:00,2026-09-03 11:00:00+00:00,-1,-1.000000000000057,-0.010000000000000571,6
2026-09-03 12:00:00+00:00,2026-09-07 07:00:00+00:00,-1,1.467806267806169,0.01467806267806169,44
2026-09-08 12:00:00+00:00,2026-09-09 09:00:00+00:00,1,1.4091503267973744,0.014091503267973744,22
2026-09-11 02:00:00+00:00,2026-09-11 08:00:00+00:00,-1,0.8093480934810156,0.008093480934810156,7
2026-09-11 17:00:00+00:00,2026-09-14 04:00:00+00:00,1,-1.0000000000000115,-0.010000000000000116,12
2026-09-14 05:00:00+00:00,2026-09-14 12:00:00+00:00,1,-1.0000000000000384,-0.010000000000000384,8
2026-09-14 13:00:00+00:00,2026-09-16 08:00:00+00:00,1,0.7095088819227132,0.007095088819227133,44
2026-09-17 13:00:00+00:00,2026-09-17 14:00:00+00:00,-1,-0.9999999999999702,-0.009999999999999702,2
2026-09-17 15:00:00+00:00,2026-09-18 16:00:00+00:00,-1,1.3719704952582332,0.013719704952582332,26
2026-09-23 16:00:00+00:00,2026-09-25 15:00:00+00:00,-1,-0.9999999999999889,-0.00999999999999989,48
2026-09-28 14:00:00+00:00,2026-09-29 22:00:00+00:00,1,0.2721257237386719,0.0027212572373867187,33
