time,ret
2017-01-01 00:00:00+00:00,0.0
2017-01-02 00:00:00+00:00,0.0
2017-01-03 00:00:00+00:00,0.0
2017-01-04 00:00:00+00:00,0.0
2017-01-05 00:00:00+00:00,0.0
2017-01-06 00:00:00+00:00,0.0038069340584639157
2017-01-08 00:00:00+00:00,-0.009580784047133894
2017-01-09 00:00:00+00:00,-0.025662313649940583
2017-01-10 00:00:00+00:00,0.008745175175872897
2017-01-11 00:00:00+00:00,-0.0019207982538197465
2017-01-12 00:00:00+00:00,0.0016152167134392647
2017-01-13 00:00:00+00:00,0.013125
2017-01-15 00:00:00+00:00,-0.029772259633370886
2017-01-16 00:00:00+00:00,0.002345679012345754
2017-01-17 00:00:00+00:00,0.0176440329218108
2017-01-18 00:00:00+00:00,-0.0036522633744855582
2017-01-19 00:00:00+00:00,0.0
2017-01-20 00:00:00+00:00,0.0
2017-01-22 00:00:00+00:00,0.0
2017-01-23 00:00:00+00:00,-0.0013175470552518635
2017-01-24 00:00:00+00:00,0.008227673883883329
2017-01-25 00:00:00+00:00,-0.008207850221072522
2017-01-26 00:00:00+00:00,-0.006448243114909721
2017-01-27 00:00:00+00:00,0.0083760683760684
2017-01-29 00:00:00+00:00,-0.0024153213042102752
2017-01-30 00:00:00+00:00,0.004520417853751286
2017-01-31 00:00:00+00:00,0.010270802560314976
2017-02-01 00:00:00+00:00,0.009604464139175942
2017-02-02 00:00:00+00:00,0.004205875855975161
2017-02-03 00:00:00+00:00,-0.0036492158162136894
2017-02-05 00:00:00+00:00,-0.0027059863043958836
2017-02-06 00:00:00+00:00,0.0032162580075104368
2017-02-07 00:00:00+00:00,0.00446874309697379
2017-02-08 00:00:00+00:00,0.006436781609195301
2017-02-09 00:00:00+00:00,-0.002430213464696111
2017-02-10 00:00:00+00:00,-0.01346469622331694
2017-02-12 00:00:00+00:00,0.006272577996715843
2017-02-13 00:00:00+00:00,-0.0053458886258611294
2017-02-14 00:00:00+00:00,0.014667503136762888
2017-02-15 00:00:00+00:00,0.0
2017-02-16 00:00:00+00:00,-0.0006365862189577605
2017-02-17 00:00:00+00:00,0.0010487004608594492
2017-02-19 00:00:00+00:00,-0.0025761932144910283
2017-02-20 00:00:00+00:00,0.006574659766149119
2017-02-21 00:00:00+00:00,-0.009999999999999907
2017-02-22 00:00:00+00:00,0.006084962587497035
2017-02-23 00:00:00+00:00,-0.014395365677045508
2017-02-24 00:00:00+00:00,0.010678252474052512
2017-02-26 00:00:00+00:00,0.0
2017-02-27 00:00:00+00:00,0.003143101970865552
2017-02-28 00:00:00+00:00,-0.00676606683804639
2017-03-01 00:00:00+00:00,-0.006377035132819238
2017-03-02 00:00:00+00:00,0.0
2017-03-03 00:00:00+00:00,0.0027842628620840322
2017-03-05 00:00:00+00:00,-0.008292261132728136
2017-03-06 00:00:00+00:00,-0.00028454852653946386
2017-03-07 00:00:00+00:00,-0.004159368023355649
2017-03-08 00:00:00+00:00,-0.0002644684870343038
2017-03-09 00:00:00+00:00,-0.006414432523204833
2017-03-10 00:00:00+00:00,-0.017171774200446938
2017-03-12 00:00:00+00:00,-0.0037923763179236155
2017-03-13 00:00:00+00:00,0.016168694241686838
2017-03-14 00:00:00+00:00,0.0
2017-03-15 00:00:00+00:00,0.0
2017-03-16 00:00:00+00:00,0.008916155419222941
2017-03-17 00:00:00+00:00,-0.01177914110429442
2017-03-19 00:00:00+00:00,0.002085889570552184
2017-03-20 00:00:00+00:00,0.0014928425357873343
2017-03-21 00:00:00+00:00,0.003578732106339292
2017-03-22 00:00:00+00:00,0.0
2017-03-23 00:00:00+00:00,-0.0021794123370303137
2017-03-24 00:00:00+00:00,0.010488421871959292
2017-03-26 00:00:00+00:00,0.0
2017-03-27 00:00:00+00:00,0.0
2017-03-28 00:00:00+00:00,-0.0009689487467264667
2017-03-29 00:00:00+00:00,0.005363185812869131
2017-03-30 00:00:00+00:00,-0.015470916621645986
2017-03-31 00:00:00+00:00,-0.014529083378354093
2017-04-02 00:00:00+00:00,0.0010307898259704431
2017-04-03 00:00:00+00:00,0.007552878179384219
2017-04-04 00:00:00+00:00,0.005416331994645399
2017-04-05 00:00:00+00:00,0.0
2017-04-06 00:00:00+00:00,0.0
2017-04-07 00:00:00+00:00,0.0
2017-04-09 00:00:00+00:00,0.0
2017-04-10 00:00:00+00:00,0.0
2017-04-11 00:00:00+00:00,-0.005829557713052876
2017-04-12 00:00:00+00:00,-0.004170442286947197
2017-04-13 00:00:00+00:00,0.0
2017-04-14 00:00:00+00:00,0.0
2017-04-16 00:00:00+00:00,0.0
2017-04-17 00:00:00+00:00,0.0
2017-04-18 00:00:00+00:00,-0.030401851851851694
2017-04-19 00:00:00+00:00,0.0033574074074073906
2017-04-20 00:00:00+00:00,-0.001801851851851859
2017-04-21 00:00:00+00:00,-0.000777777777777694
2017-04-23 00:00:00+00:00,-9.590917987866607e-05
2017-04-24 00:00:00+00:00,-0.0007672734390291765
2017-04-25 00:00:00+00:00,-0.0022059111372088633
2017-04-26 00:00:00+00:00,0.007823448815815426
2017-04-27 00:00:00+00:00,0.0
2017-04-28 00:00:00+00:00,-0.003568773234200712
2017-04-30 00:00:00+00:00,0.005947955390334428
2017-05-01 00:00:00+00:00,0.004857496902106441
2017-05-02 00:00:00+00:00,0.0
2017-05-03 00:00:00+00:00,0.0
2017-05-04 00:00:00+00:00,-0.006929899856938624
2017-05-05 00:00:00+00:00,0.008938446865486192
2017-05-08 00:00:00+00:00,0.0020512820512817442
2017-05-09 00:00:00+00:00,-0.0010216572504709045
2017-05-10 00:00:00+00:00,-0.000659133709981087
2017-05-11 00:00:00+00:00,0.01048022598870031
2017-05-12 00:00:00+00:00,-0.005295508274231829
2017-05-15 00:00:00+00:00,-0.00880383813099711
2017-05-16 00:00:00+00:00,-0.01632249916915886
2017-05-17 00:00:00+00:00,-0.002873822975518269
2017-05-18 00:00:00+00:00,0.01389453860640297
2017-05-19 00:00:00+00:00,0.0
2017-05-22 00:00:00+00:00,-0.0035404221425726435
2017-05-23 00:00:00+00:00,0.0073690586355983755
2017-05-24 00:00:00+00:00,0.004582977512097861
2017-05-25 00:00:00+00:00,0.0
2017-05-26 00:00:00+00:00,-0.01696422918645123
2017-05-29 00:00:00+00:00,0.009882874327318882
2017-05-30 00:00:00+00:00,0.0005096549540992968
2017-05-31 00:00:00+00:00,0.0
2017-06-01 00:00:00+00:00,0.0
2017-06-02 00:00:00+00:00,0.003316141356255688
2017-06-05 00:00:00+00:00,0.00903915950334292
2017-06-06 00:00:00+00:00,0.0
2017-06-07 00:00:00+00:00,-0.0025782688766115033
2017-06-08 00:00:00+00:00,0.022693533674119127
2017-06-09 00:00:00+00:00,-0.0018535825545171747
2017-06-12 00:00:00+00:00,0.011884735202492367
2017-06-13 00:00:00+00:00,-0.010074766355140348
2017-06-14 00:00:00+00:00,0.0
2017-06-15 00:00:00+00:00,-0.0016888074515192233
2017-06-16 00:00:00+00:00,0.004916781187967558
2017-06-19 00:00:00+00:00,-0.0012826385707742588
2017-06-20 00:00:00+00:00,0.01376698732630935
2017-06-21 00:00:00+00:00,0.027962403491104567
2017-06-22 00:00:00+00:00,0.0
2017-06-23 00:00:00+00:00,0.0
2017-06-26 00:00:00+00:00,0.0
2017-06-27 00:00:00+00:00,-0.004998870056497243
2017-06-28 00:00:00+00:00,0.015452115381030128
2017-06-29 00:00:00+00:00,0.0
2017-06-30 00:00:00+00:00,0.0
2017-07-03 00:00:00+00:00,0.0
2017-07-04 00:00:00+00:00,0.0
2017-07-05 00:00:00+00:00,0.0
2017-07-06 00:00:00+00:00,0.0040760331497860965
2017-07-07 00:00:00+00:00,-0.013607590882399902
2017-07-10 00:00:00+00:00,-0.0008743927827897164
2017-07-11 00:00:00+00:00,-0.022311034561563275
2017-07-12 00:00:00+00:00,0.014371084337349306
2017-07-13 00:00:00+00:00,0.0
2017-07-14 00:00:00+00:00,0.0014215686274510705
2017-07-17 00:00:00+00:00,0.009044117647058937
2017-07-18 00:00:00+00:00,0.005122549019608036
2017-07-19 00:00:00+00:00,0.0
2017-07-20 00:00:00+00:00,-0.011825033099093607
2017-07-21 00:00:00+00:00,-0.0004990324880333508
2017-07-24 00:00:00+00:00,0.005389550870760632
2017-07-25 00:00:00+00:00,0.0007841939097668527
2017-07-26 00:00:00+00:00,0.0
2017-07-27 00:00:00+00:00,0.00977233676975925
2017-07-28 00:00:00+00:00,0.0
2017-07-31 00:00:00+00:00,0.0009236111111112202
2017-08-01 00:00:00+00:00,0.004131944444444507
2017-08-02 00:00:00+00:00,0.003297644539614545
2017-08-03 00:00:00+00:00,-0.0026339257380159566
2017-08-04 00:00:00+00:00,0.002425900592795321
2017-08-07 00:00:00+00:00,-0.004915640674874673
2017-08-08 00:00:00+00:00,-0.0024031007751935773
2017-08-09 00:00:00+00:00,0.0
2017-08-10 00:00:00+00:00,0.02003144654088013
2017-08-11 00:00:00+00:00,0.00542976939203315
2017-08-14 00:00:00+00:00,-0.0010639412997903808
2017-08-15 00:00:00+00:00,-0.007819949945210437
2017-08-16 00:00:00+00:00,-0.0024666310731447714
2017-08-17 00:00:00+00:00,0.007649047873287282
2017-08-18 00:00:00+00:00,0.002530730296456697
2017-08-21 00:00:00+00:00,-0.000628202709924381
2017-08-22 00:00:00+00:00,-0.005441442881500674
2017-08-23 00:00:00+00:00,-0.01646794300262094
2017-08-24 00:00:00+00:00,0.0036474312149988104
2017-08-25 00:00:00+00:00,-0.006341672875821957
2017-08-28 00:00:00+00:00,0.00018704074816292132
2017-08-29 00:00:00+00:00,0.002767431330973402
2017-08-30 00:00:00+00:00,0.005486211901306504
2017-08-31 00:00:00+00:00,0.0
2017-09-01 00:00:00+00:00,-0.0003218390804598353
2017-09-04 00:00:00+00:00,0.012850574712643836
2017-09-05 00:00:00+00:00,-0.003830409356725277
2017-09-06 00:00:00+00:00,-0.0004678362573100886
2017-09-07 00:00:00+00:00,0.006315789473684413
2017-09-08 00:00:00+00:00,0.0
2017-09-11 00:00:00+00:00,-0.0037544107268879445
2017-09-12 00:00:00+00:00,-0.01243207434382975
2017-09-13 00:00:00+00:00,-0.001808975030557166
2017-09-14 00:00:00+00:00,-0.015853715075472924
2017-09-15 00:00:00+00:00,-0.018199421950383595
2017-09-18 00:00:00+00:00,0.011276681433749498
2017-09-19 00:00:00+00:00,0.007818499127399745
2017-09-20 00:00:00+00:00,0.0
2017-09-21 00:00:00+00:00,0.0
2017-09-22 00:00:00+00:00,0.0
2017-09-25 00:00:00+00:00,0.0
2017-09-26 00:00:00+00:00,0.0008958696916811998
2017-09-27 00:00:00+00:00,0.0009365910413028875
2017-09-28 00:00:00+00:00,0.0012216404886565104
2017-09-29 00:00:00+00:00,0.004562917430652173
2017-10-02 00:00:00+00:00,-0.007955878454503705
2017-10-03 00:00:00+00:00,-0.010109075043629814
2017-10-04 00:00:00+00:00,-0.0038917975567189047
2017-10-05 00:00:00+00:00,-0.0028282828282828964
2017-10-06 00:00:00+00:00,-0.017641847959981926
2017-10-09 00:00:00+00:00,0.01417815482502655
2017-10-10 00:00:00+00:00,0.0
2017-10-11 00:00:00+00:00,0.0
2017-10-12 00:00:00+00:00,0.01287870809197834
2017-10-13 00:00:00+00:00,0.005996138318413209
2017-10-16 00:00:00+00:00,-0.0010812708443040141
2017-10-17 00:00:00+00:00,-0.005160610847814904
2017-10-18 00:00:00+00:00,0.0
2017-10-19 00:00:00+00:00,-0.01848757497857742
2017-10-20 00:00:00+00:00,0.023036364413647367
2017-10-23 00:00:00+00:00,0.0
2017-10-24 00:00:00+00:00,0.0
2017-10-25 00:00:00+00:00,0.0
2017-10-26 00:00:00+00:00,-0.000774985038898833
2017-10-27 00:00:00+00:00,-0.005152603231597941
2017-10-30 00:00:00+00:00,0.0010202444132555036
2017-10-31 00:00:00+00:00,-0.01509265614275857
2017-11-01 00:00:00+00:00,0.0
2017-11-02 00:00:00+00:00,-0.008805690752527143
2017-11-03 00:00:00+00:00,0.009696742792961448
2017-11-06 00:00:00+00:00,0.006080119805316181
2017-11-07 00:00:00+00:00,0.0
2017-11-08 00:00:00+00:00,0.0
2017-11-09 00:00:00+00:00,0.0
2017-11-10 00:00:00+00:00,0.0
2017-11-13 00:00:00+00:00,-0.002678144428503092
2017-11-14 00:00:00+00:00,-0.025247781497422708
2017-11-15 00:00:00+00:00,0.006830717462951316
2017-11-16 00:00:00+00:00,0.007143746110765066
2017-11-17 00:00:00+00:00,0.0
2017-11-20 00:00:00+00:00,-0.005576144834930834
2017-11-21 00:00:00+00:00,-0.004423855165069308
2017-11-22 00:00:00+00:00,0.0
2017-11-23 00:00:00+00:00,0.0
2017-11-24 00:00:00+00:00,-0.018728923476005636
2017-11-27 00:00:00+00:00,0.0013748378728924305
2017-11-28 00:00:00+00:00,0.01831387808041527
2017-11-29 00:00:00+00:00,0.00760051880674419
2017-11-30 00:00:00+00:00,-0.004280078895463711
2017-12-01 00:00:00+00:00,0.008099934253780604
2017-12-04 00:00:00+00:00,0.0005752794214332052
2017-12-05 00:00:00+00:00,0.0
2017-12-06 00:00:00+00:00,0.0
2017-12-07 00:00:00+00:00,-0.007715251077711588
2017-12-08 00:00:00+00:00,0.013436795793158545
2017-12-11 00:00:00+00:00,0.0
2017-12-12 00:00:00+00:00,0.0
2017-12-13 00:00:00+00:00,0.0
2017-12-14 00:00:00+00:00,3.550145809563596e-05
2017-12-15 00:00:00+00:00,0.01540573487397479
2017-12-18 00:00:00+00:00,0.004018007878446889
2017-12-19 00:00:00+00:00,0.0018098859315590192
2017-12-20 00:00:00+00:00,-0.011809885931559103
2017-12-21 00:00:00+00:00,0.006172839506172477
2017-12-22 00:00:00+00:00,0.0030452674897123956
2017-12-26 00:00:00+00:00,0.0
2017-12-27 00:00:00+00:00,0.0
2017-12-28 00:00:00+00:00,0.0
2017-12-29 00:00:00+00:00,0.0
2018-01-02 00:00:00+00:00,0.0060751118894725445
2018-01-03 00:00:00+00:00,-0.0017435298696243723
2018-01-04 00:00:00+00:00,0.0019946984758114593
2018-01-05 00:00:00+00:00,0.007375745526839338
2018-01-08 00:00:00+00:00,-0.006310272536687558
2018-01-09 00:00:00+00:00,-0.0036897274633124135
2018-01-10 00:00:00+00:00,0.0
2018-01-11 00:00:00+00:00,0.002203969883641239
2018-01-12 00:00:00+00:00,0.002172028291124843
2018-01-15 00:00:00+00:00,-0.0018526123659594667
2018-01-16 00:00:00+00:00,0.00507871321012998
2018-01-17 00:00:00+00:00,-0.012369700016758679
2018-01-18 00:00:00+00:00,-0.0009854198089491496
2018-01-19 00:00:00+00:00,0.0028389475448299594
2018-01-21 00:00:00+00:00,0.0010792693145631929
2018-01-22 00:00:00+00:00,-0.013541124149159634
2018-01-23 00:00:00+00:00,0.006414212248714255
2018-01-24 00:00:00+00:00,-0.023286543966649358
2018-01-25 00:00:00+00:00,0.010367995113757758
2018-01-26 00:00:00+00:00,0.0
2018-01-28 00:00:00+00:00,0.0
2018-01-29 00:00:00+00:00,0.0
2018-01-30 00:00:00+00:00,0.023827956989246966
2018-01-31 00:00:00+00:00,0.0
2018-02-01 00:00:00+00:00,0.01392840539284072
2018-02-02 00:00:00+00:00,0.004686192468619231
2018-02-04 00:00:00+00:00,0.0
2018-02-05 00:00:00+00:00,-0.0030088115194497945
2018-02-06 00:00:00+00:00,-0.0008688037078586229
2018-02-07 00:00:00+00:00,0.005725971370143211
2018-02-08 00:00:00+00:00,0.011166341780376749
2018-02-09 00:00:00+00:00,0.010961663417803823
2018-02-11 00:00:00+00:00,0.0
2018-02-12 00:00:00+00:00,0.0
2018-02-13 00:00:00+00:00,0.0
2018-02-14 00:00:00+00:00,0.0
2018-02-15 00:00:00+00:00,0.0
2018-02-16 00:00:00+00:00,-0.00340461215932921
2018-02-18 00:00:00+00:00,0.001056603773584961
2018-02-19 00:00:00+00:00,0.004637316561844835
2018-02-20 00:00:00+00:00,-0.014092673055175245
2018-02-21 00:00:00+00:00,0.013470031545741406
2018-02-22 00:00:00+00:00,0.0
2018-02-23 00:00:00+00:00,0.002783927839278479
2018-02-25 00:00:00+00:00,-0.0010906109061092001
2018-02-26 00:00:00+00:00,0.005137351373513634
2018-02-27 00:00:00+00:00,0.0
2018-02-28 00:00:00+00:00,-0.002781144781144726
2018-03-01 00:00:00+00:00,-0.012661310461822207
2018-03-02 00:00:00+00:00,-0.004180371110204752
2018-03-04 00:00:00+00:00,-0.0014744060739657673
2018-03-05 00:00:00+00:00,0.0073034533431304265
2018-03-06 00:00:00+00:00,-0.008503551310311306
2018-03-07 00:00:00+00:00,-0.007702669605681721
2018-03-08 00:00:00+00:00,0.0
2018-03-09 00:00:00+00:00,-0.006044685990337968
2018-03-11 00:00:00+00:00,-0.00012681159420279252
2018-03-12 00:00:00+00:00,-0.005655244411692404
2018-03-13 00:00:00+00:00,-0.0015819209039549264
2018-03-14 00:00:00+00:00,-0.005141242937853146
2018-03-15 00:00:00+00:00,0.0030833841719495477
2018-03-16 00:00:00+00:00,-0.005984680009883799
2018-03-18 00:00:00+00:00,-0.0013862120088951534
2018-03-19 00:00:00+00:00,0.0013154326010306888
2018-03-20 00:00:00+00:00,-0.018985625169514492
2018-03-21 00:00:00+00:00,-0.000608495956106383
2018-03-22 00:00:00+00:00,-0.01172131147540965
2018-03-23 00:00:00+00:00,0.0
2018-03-25 00:00:00+00:00,0.0
2018-03-26 00:00:00+00:00,0.0
2018-03-27 00:00:00+00:00,0.01590597453476942
2018-03-28 00:00:00+00:00,0.004067907280444252
2018-03-29 00:00:00+00:00,0.0
2018-03-30 00:00:00+00:00,0.0
2018-04-01 00:00:00+00:00,0.0026101694915250267
2018-04-02 00:00:00+00:00,0.0024519774011302624
2018-04-03 00:00:00+00:00,-0.002438095238095521
2018-04-04 00:00:00+00:00,-0.001866666666666599
2018-04-05 00:00:00+00:00,0.009828571428571365
2018-04-06 00:00:00+00:00,0.0026701877934273833
2018-04-08 00:00:00+00:00,-0.0025058685446009282
2018-04-09 00:00:00+00:00,0.003697183098591586
2018-04-10 00:00:00+00:00,0.0015610328638494975
2018-04-11 00:00:00+00:00,0.0
2018-04-12 00:00:00+00:00,-0.01896505376344112
2018-04-13 00:00:00+00:00,0.00031362007168490153
2018-04-15 00:00:00+00:00,-0.0010976702508962845
2018-04-16 00:00:00+00:00,-0.006397849462365372
2018-04-17 00:00:00+00:00,-0.0038530465949822004
2018-04-18 00:00:00+00:00,-0.0029931972789119976
2018-04-19 00:00:00+00:00,-0.006944469684578787
2018-04-20 00:00:00+00:00,-0.0023686553873553803
2018-04-22 00:00:00+00:00,0.0019323241317898367
2018-04-23 00:00:00+00:00,0.0011843276936775746
2018-04-24 00:00:00+00:00,0.0030750964677946995
2018-04-25 00:00:00+00:00,0.0006226834692367203
2018-04-26 00:00:00+00:00,-0.01327005381294298
2018-04-27 00:00:00+00:00,0.007670005196768847
2018-04-29 00:00:00+00:00,-0.0008415300546450063
2018-04-30 00:00:00+00:00,0.0059289617486338155
2018-05-01 00:00:00+00:00,-0.007439890710382356
2018-05-02 00:00:00+00:00,0.0023907103825135906
2018-05-03 00:00:00+00:00,0.000864731315627153
2018-05-04 00:00:00+00:00,-0.0019024088943795446
2018-05-06 00:00:00+00:00,0.0017294626312539857
2018-05-07 00:00:00+00:00,0.010983132414060202
2018-05-08 00:00:00+00:00,-0.015048194753384892
2018-05-09 00:00:00+00:00,-0.002230869001296923
2018-05-10 00:00:00+00:00,0.00887159533073916
2018-05-11 00:00:00+00:00,0.0
2018-05-13 00:00:00+00:00,0.0
2018-05-14 00:00:00+00:00,0.0
2018-05-15 00:00:00+00:00,0.0
2018-05-16 00:00:00+00:00,-0.010000000000000156
2018-05-17 00:00:00+00:00,0.0012777053455018809
2018-05-18 00:00:00+00:00,0.003985223815732387
2018-05-20 00:00:00+00:00,-0.0028292046936114284
2018-05-21 00:00:00+00:00,0.004529289758625069
2018-05-22 00:00:00+00:00,0.0025276461295419073
2018-05-23 00:00:00+00:00,0.006192733017377725
2018-05-24 00:00:00+00:00,0.0
2018-05-25 00:00:00+00:00,0.0
2018-05-27 00:00:00+00:00,0.0
2018-05-28 00:00:00+00:00,0.0028357175275984525
2018-05-29 00:00:00+00:00,-0.007301123968197303
2018-05-30 00:00:00+00:00,0.015905680600214436
2018-05-31 00:00:00+00:00,0.0
2018-06-01 00:00:00+00:00,0.0
2018-06-03 00:00:00+00:00,0.0
2018-06-04 00:00:00+00:00,0.0
2018-06-05 00:00:00+00:00,0.0071014492753623095
2018-06-06 00:00:00+00:00,0.005268817204301058
2018-06-07 00:00:00+00:00,0.013392812887236738
2018-06-08 00:00:00+00:00,0.006765799256505678
2018-06-10 00:00:00+00:00,0.0
2018-06-11 00:00:00+00:00,0.006772310258548555
2018-06-12 00:00:00+00:00,0.007823185988323756
2018-06-13 00:00:00+00:00,-0.005760355852099034
2018-06-14 00:00:00+00:00,-0.013553079541937517
2018-06-15 00:00:00+00:00,0.0030981120396160844
2018-06-17 00:00:00+00:00,-0.0012349117920147743
2018-06-18 00:00:00+00:00,0.0067595171773445345
2018-06-19 00:00:00+00:00,0.0
2018-06-20 00:00:00+00:00,0.0
2018-06-21 00:00:00+00:00,0.0
2018-06-22 00:00:00+00:00,0.0
2018-06-24 00:00:00+00:00,0.0
2018-06-25 00:00:00+00:00,-3.070175438582521e-05
2018-06-26 00:00:00+00:00,0.0002763157894734494
2018-06-27 00:00:00+00:00,-0.0005833333333330649
2018-06-28 00:00:00+00:00,-0.008084180862784802
2018-06-29 00:00:00+00:00,-0.0010064696343120363
2018-07-01 00:00:00+00:00,0.001251470242295707
2018-07-02 00:00:00+00:00,0.001910138790872802
2018-07-03 00:00:00+00:00,0.0
2018-07-04 00:00:00+00:00,-0.009114219114218986
2018-07-05 00:00:00+00:00,0.010769230769230092
2018-07-06 00:00:00+00:00,0.0
2018-07-08 00:00:00+00:00,0.0
2018-07-09 00:00:00+00:00,-0.0007269822248852726
2018-07-10 00:00:00+00:00,0.008611943279408816
2018-07-11 00:00:00+00:00,0.0
2018-07-12 00:00:00+00:00,0.0
2018-07-13 00:00:00+00:00,0.0
2018-07-15 00:00:00+00:00,0.0
2018-07-16 00:00:00+00:00,0.0
2018-07-17 00:00:00+00:00,-0.01050450450450481
2018-07-18 00:00:00+00:00,-0.005978701817821322
2018-07-19 00:00:00+00:00,-0.013516793677674175
2018-07-20 00:00:00+00:00,0.0
2018-07-22 00:00:00+00:00,0.0
2018-07-23 00:00:00+00:00,0.0
2018-07-24 00:00:00+00:00,-0.0058550185873607365
2018-07-25 00:00:00+00:00,-0.004144981412639264
2018-07-26 00:00:00+00:00,0.00630518518518499
2018-07-27 00:00:00+00:00,0.0044799999999998365
2018-07-29 00:00:00+00:00,0.0
2018-07-30 00:00:00+00:00,-0.001516245487365175
2018-07-31 00:00:00+00:00,0.000864656903627338
2018-08-01 00:00:00+00:00,0.005201938610662281
2018-08-02 00:00:00+00:00,0.0
2018-08-03 00:00:00+00:00,0.0
2018-08-05 00:00:00+00:00,0.0
2018-08-06 00:00:00+00:00,-0.0035259259259261687
2018-08-07 00:00:00+00:00,-0.01764839938406663
2018-08-08 00:00:00+00:00,-0.019648949218017873
2018-08-09 00:00:00+00:00,0.013649025069638172
2018-08-10 00:00:00+00:00,0.00749613122872199
2018-08-12 00:00:00+00:00,0.0
2018-08-13 00:00:00+00:00,0.0
2018-08-14 00:00:00+00:00,0.0
2018-08-15 00:00:00+00:00,0.0
2018-08-16 00:00:00+00:00,0.0
2018-08-17 00:00:00+00:00,-0.004574209245742246
2018-08-19 00:00:00+00:00,-0.0012652068126516858
2018-08-20 00:00:00+00:00,0.013868613138685924
2018-08-21 00:00:00+00:00,0.012080241824676942
2018-08-22 00:00:00+00:00,0.007395577395577339
2018-08-23 00:00:00+00:00,-0.014972234171047453
2018-08-24 00:00:00+00:00,-0.011710380261566483
2018-08-26 00:00:00+00:00,-0.0038564814814815392
2018-08-27 00:00:00+00:00,-0.0008101851851850917
2018-08-28 00:00:00+00:00,-0.0037934227330784394
2018-08-29 00:00:00+00:00,0.012631647728427228
2018-08-30 00:00:00+00:00,-0.003103495172038475
2018-08-31 00:00:00+00:00,-0.0028178974568204376
2018-09-02 00:00:00+00:00,0.00466476268189849
2018-09-03 00:00:00+00:00,0.007482660138718927
2018-09-04 00:00:00+00:00,0.0
2018-09-05 00:00:00+00:00,0.015723270440251583
2018-09-06 00:00:00+00:00,0.003312368972745663
2018-09-07 00:00:00+00:00,-0.006927696927697424
2018-09-09 00:00:00+00:00,0.00019404019404038741
2018-09-10 00:00:00+00:00,-0.018413855375546337
2018-09-11 00:00:00+00:00,-0.0048524878907967965
2018-09-12 00:00:00+00:00,0.0
2018-09-13 00:00:00+00:00,0.0
2018-09-14 00:00:00+00:00,0.0
2018-09-16 00:00:00+00:00,0.0002993197278910046
2018-09-17 00:00:00+00:00,-0.004462585034013567
2018-09-18 00:00:00+00:00,0.007319727891156429
2018-09-19 00:00:00+00:00,0.004820512820512919
2018-09-20 00:00:00+00:00,-0.0034871794871795744
2018-09-21 00:00:00+00:00,-0.01638447835058012
2018-09-23 00:00:00+00:00,-0.00012826385707730658
2018-09-24 00:00:00+00:00,0.0048312719499160744
2018-09-25 00:00:00+00:00,0.005173308902122147
2018-09-26 00:00:00+00:00,0.0
2018-09-27 00:00:00+00:00,0.0008142799839547774
2018-09-28 00:00:00+00:00,0.0019935820296830306
2018-09-30 00:00:00+00:00,-0.0015443241075007944
2018-10-01 00:00:00+00:00,-0.012043315112649708
2018-10-02 00:00:00+00:00,0.006598114824335837
2018-10-03 00:00:00+00:00,0.0008218029350103254
2018-10-04 00:00:00+00:00,-0.0072788259958072275
2018-10-05 00:00:00+00:00,-0.019966365756958322
2018-10-07 00:00:00+00:00,-0.0014639351259069311
2018-10-08 00:00:00+00:00,-2.987622705918902e-05
2018-10-09 00:00:00+00:00,-0.000615475538279852
2018-10-10 00:00:00+00:00,-0.0030209617755857015
2018-10-11 00:00:00+00:00,0.008228524455404824
2018-10-12 00:00:00+00:00,0.0
2018-10-14 00:00:00+00:00,0.00018779342723023256
2018-10-15 00:00:00+00:00,0.002276995305164355
2018-10-16 00:00:00+00:00,0.00908450704225325
2018-10-17 00:00:00+00:00,0.0
2018-10-18 00:00:00+00:00,0.0
2018-10-19 00:00:00+00:00,0.004826484018264894
2018-10-21 00:00:00+00:00,0.0005753424657532924
2018-10-22 00:00:00+00:00,-0.010643835616438216
2018-10-23 00:00:00+00:00,0.0097808219178081
2018-10-24 00:00:00+00:00,0.0
2018-10-25 00:00:00+00:00,0.002136924803591542
2018-10-26 00:00:00+00:00,-0.0050280583613919036
2018-10-28 00:00:00+00:00,0.001445566778900181
2018-10-29 00:00:00+00:00,-0.0006285072951739007
2018-10-30 00:00:00+00:00,-0.014456781298811157
2018-10-31 00:00:00+00:00,0.014743864665236688
2018-11-01 00:00:00+00:00,-0.009096650192202375
2018-11-02 00:00:00+00:00,0.0024217462932455366
2018-11-04 00:00:00+00:00,-0.003613399231191627
2018-11-05 00:00:00+00:00,-0.005035694673256351
2018-11-06 00:00:00+00:00,-0.0038440417353102596
2018-11-07 00:00:00+00:00,0.0
2018-11-08 00:00:00+00:00,0.0
2018-11-09 00:00:00+00:00,0.0
2018-11-11 00:00:00+00:00,0.0031690397955458395
2018-11-12 00:00:00+00:00,0.007079225994888427
2018-11-13 00:00:00+00:00,0.002548028311425623
2018-11-14 00:00:00+00:00,0.007573306370070661
2018-11-15 00:00:00+00:00,-0.018800934336880258
2018-11-16 00:00:00+00:00,-0.0033428497274850815
2018-11-18 00:00:00+00:00,0.0006419240418720412
2018-11-19 00:00:00+00:00,-0.0018894368024915853
2018-11-20 00:00:00+00:00,0.0013686305043689913
2018-11-21 00:00:00+00:00,0.0
2018-11-22 00:00:00+00:00,0.0008584743684080564
2018-11-23 00:00:00+00:00,-0.004361049791513383
2018-11-25 00:00:00+00:00,0.001648270787343773
2018-11-26 00:00:00+00:00,-0.0008241353936718865
2018-11-27 00:00:00+00:00,0.006318371351484209
2018-11-28 00:00:00+00:00,0.016111111111110795
2018-11-29 00:00:00+00:00,0.01961538461538447
2018-11-30 00:00:00+00:00,-0.015427350427350377
2018-12-02 00:00:00+00:00,0.0
2018-12-03 00:00:00+00:00,0.0
2018-12-04 00:00:00+00:00,0.0
2018-12-05 00:00:00+00:00,0.0
2018-12-06 00:00:00+00:00,0.0
2018-12-07 00:00:00+00:00,-0.0021424802110818716
2018-12-09 00:00:00+00:00,-0.004875989445910211
2018-12-10 00:00:00+00:00,-0.017842102174988
2018-12-11 00:00:00+00:00,-0.003591010707142166
2018-12-12 00:00:00+00:00,0.010328273914578277
2018-12-13 00:00:00+00:00,0.0
2018-12-14 00:00:00+00:00,0.0
2018-12-16 00:00:00+00:00,0.0
2018-12-17 00:00:00+00:00,0.0
2018-12-18 00:00:00+00:00,0.0
2018-12-19 00:00:00+00:00,-0.006064257028112464
2018-12-20 00:00:00+00:00,-0.007809013833110481
2018-12-21 00:00:00+00:00,0.009152164212405237
2018-12-23 00:00:00+00:00,0.0
2018-12-24 00:00:00+00:00,0.000894905057341336
2018-12-26 00:00:00+00:00,0.0030795262267343747
2018-12-27 00:00:00+00:00,0.004711411919533953
2018-12-28 00:00:00+00:00,0.0
2018-12-30 00:00:00+00:00,0.0
2018-12-31 00:00:00+00:00,0.009220543806646725
2019-01-02 00:00:00+00:00,0.004286002014098693
2019-01-03 00:00:00+00:00,0.0
2019-01-04 00:00:00+00:00,-0.0007083090095347263
2019-01-06 00:00:00+00:00,0.0012531620937926036
2019-01-07 00:00:00+00:00,0.004958163066744294
2019-01-08 00:00:00+00:00,0.004277096711422628
2019-01-09 00:00:00+00:00,0.0
2019-01-10 00:00:00+00:00,0.0036640292148509084
2019-01-11 00:00:00+00:00,0.002092879069410581
2019-01-13 00:00:00+00:00,-0.0021954380508033785
2019-01-14 00:00:00+00:00,0.0019781686085228152
2019-01-15 00:00:00+00:00,0.011472581638940103
2019-01-16 00:00:00+00:00,0.0
2019-01-17 00:00:00+00:00,-0.012377062309787065
2019-01-18 00:00:00+00:00,0.011840461316674631
2019-01-20 00:00:00+00:00,0.0032292167227294666
2019-01-21 00:00:00+00:00,0.000134550696780531
2019-01-22 00:00:00+00:00,0.0011068211068209427
2019-01-23 00:00:00+00:00,-0.016191712574691288
2019-01-24 00:00:00+00:00,-0.011386016634358979
2019-01-25 00:00:00+00:00,0.0037493202827622303
2019-01-27 00:00:00+00:00,-0.0003235454051114817
2019-01-28 00:00:00+00:00,0.009896682979880387
2019-01-29 00:00:00+00:00,-0.00015840687938428258
2019-01-30 00:00:00+00:00,-0.002090970807875238
2019-01-31 00:00:00+00:00,0.003643358225842896
2019-02-01 00:00:00+00:00,-0.00416610092781175
2019-02-03 00:00:00+00:00,0.0
2019-02-04 00:00:00+00:00,0.0
2019-02-05 00:00:00+00:00,-0.0015590989622879991
2019-02-06 00:00:00+00:00,0.006307263983801523
2019-02-07 00:00:00+00:00,0.011197165274613704
2019-02-08 00:00:00+00:00,0.001452796760313908
2019-02-10 00:00:00+00:00,0.0
2019-02-11 00:00:00+00:00,0.0
2019-02-12 00:00:00+00:00,0.0
2019-02-13 00:00:00+00:00,0.0
2019-02-14 00:00:00+00:00,-0.008150943396226152
2019-02-15 00:00:00+00:00,0.011740041928720758
2019-02-17 00:00:00+00:00,0.0
2019-02-18 00:00:00+00:00,0.0
2019-02-19 00:00:00+00:00,-0.014478114478114652
2019-02-20 00:00:00+00:00,0.0042424242424242125
2019-02-21 00:00:00+00:00,-0.0005597643097643762
2019-02-22 00:00:00+00:00,0.0029461279461279345
2019-02-24 00:00:00+00:00,0.0
2019-02-25 00:00:00+00:00,4.604505837834684e-05
2019-02-26 00:00:00+00:00,-0.01850132961122384
2019-02-27 00:00:00+00:00,-0.007804878048780545
2019-02-28 00:00:00+00:00,0.0047317073170733085
2019-03-01 00:00:00+00:00,0.0024552845528455513
2019-03-03 00:00:00+00:00,0.0
2019-03-04 00:00:00+00:00,0.0
2019-03-05 00:00:00+00:00,0.015062439961575658
2019-03-06 00:00:00+00:00,0.0
2019-03-07 00:00:00+00:00,-0.002076923076923045
2019-03-08 00:00:00+00:00,0.01003550712853054
2019-03-10 00:00:00+00:00,-0.004859055673009303
2019-03-11 00:00:00+00:00,0.012626692273915725
2019-03-12 00:00:00+00:00,0.009881771660490616
2019-03-13 00:00:00+00:00,0.0045281582952814755
2019-03-14 00:00:00+00:00,0.00014649923896491556
2019-03-15 00:00:00+00:00,0.004781202435312094
2019-03-17 00:00:00+00:00,0.0
2019-03-18 00:00:00+00:00,0.0
2019-03-19 00:00:00+00:00,0.0
2019-03-20 00:00:00+00:00,-0.01573930348258697
2019-03-21 00:00:00+00:00,-0.0078660877566494
2019-03-22 00:00:00+00:00,0.011007113440658923
2019-03-24 00:00:00+00:00,0.0
2019-03-25 00:00:00+00:00,0.0
2019-03-26 00:00:00+00:00,0.0
2019-03-27 00:00:00+00:00,0.0
2019-03-28 00:00:00+00:00,-0.0009217660728118021
2019-03-29 00:00:00+00:00,-0.000650658404337778
2019-03-31 00:00:00+00:00,-0.0022773044151821235
2019-04-01 00:00:00+00:00,0.008783888458559303
2019-04-02 00:00:00+00:00,0.0
2019-04-03 00:00:00+00:00,0.0053381497090107385
2019-04-04 00:00:00+00:00,0.013991571342564853
2019-04-05 00:00:00+00:00,-0.00381790594481201
2019-04-07 00:00:00+00:00,-0.0002110249784668791
2019-04-08 00:00:00+00:00,-0.0048927071153263115
2019-04-09 00:00:00+00:00,-0.0038780260707632496
2019-04-10 00:00:00+00:00,0.006582867783984864
2019-04-11 00:00:00+00:00,0.0
2019-04-12 00:00:00+00:00,0.010515796260476953
2019-04-14 00:00:00+00:00,0.0
2019-04-15 00:00:00+00:00,0.0
2019-04-16 00:00:00+00:00,0.001391941391941567
2019-04-17 00:00:00+00:00,-0.00479853479853493
2019-04-18 00:00:00+00:00,0.00589743589743591
2019-04-19 00:00:00+00:00,0.0
2019-04-21 00:00:00+00:00,0.0
2019-04-22 00:00:00+00:00,-0.0012056737588660954
2019-04-23 00:00:00+00:00,0.01080799877941473
2019-04-24 00:00:00+00:00,0.010201249132546775
2019-04-25 00:00:00+00:00,0.0025584085126068423
2019-04-26 00:00:00+00:00,0.002849872773536861
2019-04-28 00:00:00+00:00,-0.000680083275502541
2019-04-29 00:00:00+00:00,0.0
2019-04-30 00:00:00+00:00,-0.008381096028154605
2019-05-01 00:00:00+00:00,-0.006581196581196801
2019-05-02 00:00:00+00:00,-0.0029562594268475314
2019-05-03 00:00:00+00:00,-0.016323872206225408
2019-05-05 00:00:00+00:00,0.0008318478906713334
2019-05-06 00:00:00+00:00,0.013087740146563914
2019-05-07 00:00:00+00:00,0.0014973262032085223
2019-05-08 00:00:00+00:00,-0.0013474494706452286
2019-05-09 00:00:00+00:00,-0.001272534793713604
2019-05-10 00:00:00+00:00,-0.005874639391555018
2019-05-12 00:00:00+00:00,0.0007710464201413798
2019-05-13 00:00:00+00:00,-0.012033156039640296
2019-05-14 00:00:00+00:00,-0.007540750350923324
2019-05-15 00:00:00+00:00,-0.017177402218413126
2019-05-16 00:00:00+00:00,-0.003044271243373173
2019-05-17 00:00:00+00:00,-0.011670925556505982
2019-05-19 00:00:00+00:00,0.0009256198347108301
2019-05-20 00:00:00+00:00,-0.0014655647382922192
2019-05-21 00:00:00+00:00,0.011068870523416761
2019-05-22 00:00:00+00:00,-0.011409788166544732
2019-05-23 00:00:00+00:00,-0.00818115412710032
2019-05-24 00:00:00+00:00,0.006238130021913809
2019-05-26 00:00:00+00:00,0.002283905527148976
2019-05-27 00:00:00+00:00,0.0
2019-05-28 00:00:00+00:00,0.0
2019-05-29 00:00:00+00:00,0.0
2019-05-30 00:00:00+00:00,0.003784946236558657
2019-05-31 00:00:00+00:00,-0.0046099628699592145
2019-06-02 00:00:00+00:00,0.0006986027944110906
2019-06-03 00:00:00+00:00,-0.0032997053741325045
2019-06-04 00:00:00+00:00,0.005995174909529442
2019-06-05 00:00:00+00:00,0.0003940490550868425
2019-06-06 00:00:00+00:00,0.0
2019-06-07 00:00:00+00:00,-0.0006502005488705794
2019-06-09 00:00:00+00:00,0.00011821828161295192
2019-06-10 00:00:00+00:00,-0.0061938910305518995
2019-06-11 00:00:00+00:00,0.006092362344583029
2019-06-12 00:00:00+00:00,0.0037300177619894494
2019-06-13 00:00:00+00:00,0.0
2019-06-14 00:00:00+00:00,0.0
2019-06-16 00:00:00+00:00,0.0
2019-06-17 00:00:00+00:00,-0.01575905974534702
2019-06-18 00:00:00+00:00,0.020755759415314594
2019-06-19 00:00:00+00:00,0.0
2019-06-20 00:00:00+00:00,0.0
2019-06-21 00:00:00+00:00,0.0
2019-06-23 00:00:00+00:00,0.0
2019-06-24 00:00:00+00:00,0.0011310919989576402
2019-06-25 00:00:00+00:00,-0.0035027365129009754
2019-06-26 00:00:00+00:00,-0.00036486838676045045
2019-06-27 00:00:00+00:00,0.005966250859580568
2019-06-28 00:00:00+00:00,0.005207196280574299
2019-06-30 00:00:00+00:00,0.0
2019-07-01 00:00:00+00:00,-0.000777777777777592
2019-07-02 00:00:00+00:00,0.007501792114695292
2019-07-03 00:00:00+00:00,0.0
2019-07-04 00:00:00+00:00,0.0
2019-07-05 00:00:00+00:00,0.0
2019-07-07 00:00:00+00:00,0.0
2019-07-08 00:00:00+00:00,0.0
2019-07-09 00:00:00+00:00,-0.003299057412167679
2019-07-10 00:00:00+00:00,-0.006430018543324183
2019-07-11 00:00:00+00:00,0.0136139332365753
2019-07-12 00:00:00+00:00,0.0
2019-07-14 00:00:00+00:00,0.0
2019-07-15 00:00:00+00:00,0.0
2019-07-16 00:00:00+00:00,-0.009772801038623167
2019-07-17 00:00:00+00:00,0.002590068159688228
2019-07-18 00:00:00+00:00,0.01058747160012957
2019-07-19 00:00:00+00:00,0.004447974583002759
2019-07-21 00:00:00+00:00,-0.002928249933810184
2019-07-22 00:00:00+00:00,0.012268996558115156
2019-07-23 00:00:00+00:00,0.0
2019-07-24 00:00:00+00:00,-0.004451345755693638
2019-07-25 00:00:00+00:00,0.010724637681159908
2019-07-26 00:00:00+00:00,8.28157349892722e-05
2019-07-28 00:00:00+00:00,0.0
2019-07-29 00:00:00+00:00,-0.030818354522869806
2019-07-30 00:00:00+00:00,-0.012739882814851484
2019-07-31 00:00:00+00:00,0.01707441945511043
2019-08-01 00:00:00+00:00,0.0011263485097823957
2019-08-02 00:00:00+00:00,0.0
2019-08-04 00:00:00+00:00,0.0
2019-08-05 00:00:00+00:00,-0.008075248756218881
2019-08-06 00:00:00+00:00,0.008793532338308546
2019-08-07 00:00:00+00:00,-0.004766791044776172
2019-08-08 00:00:00+00:00,-0.005951492537313374
2019-08-09 00:00:00+00:00,-0.02041431261770256
2019-08-11 00:00:00+00:00,-0.0019209039548020968
2019-08-12 00:00:00+00:00,0.0070621468926552414
2019-08-13 00:00:00+00:00,0.006158192090395492
2019-08-14 00:00:00+00:00,0.0
2019-08-15 00:00:00+00:00,-0.016295944233206773
2019-08-16 00:00:00+00:00,-0.015716067778804972
2019-08-18 00:00:00+00:00,-0.002270270270270245
2019-08-19 00:00:00+00:00,0.004036036036036095
2019-08-20 00:00:00+00:00,0.011379379379379438
2019-08-21 00:00:00+00:00,0.0
2019-08-22 00:00:00+00:00,-0.004206008583690883
2019-08-23 00:00:00+00:00,0.0044730567477347764
2019-08-25 00:00:00+00:00,0.004740104911778669
2019-08-26 00:00:00+00:00,0.00100143061516466
2019-08-27 00:00:00+00:00,0.0
2019-08-28 00:00:00+00:00,0.0
2019-08-29 00:00:00+00:00,0.0
2019-08-30 00:00:00+00:00,0.0
2019-09-01 00:00:00+00:00,0.0
2019-09-02 00:00:00+00:00,0.0
2019-09-03 00:00:00+00:00,0.006942675159235164
2019-09-04 00:00:00+00:00,0.0006438050190515091
2019-09-05 00:00:00+00:00,-0.01362053363113922
2019-09-06 00:00:00+00:00,0.004640883977900462
2019-09-08 00:00:00+00:00,-0.0003515821195378782
2019-09-09 00:00:00+00:00,-0.001752949297734398
2019-09-10 00:00:00+00:00,-0.0014778162625764734
2019-09-11 00:00:00+00:00,-0.0029787234042553414
2019-09-12 00:00:00+00:00,0.016047505642616946
2019-09-13 00:00:00+00:00,-0.010000000000000118
2019-09-15 00:00:00+00:00,-0.000469319341203586
2019-09-16 00:00:00+00:00,-0.002856726424719587
2019-09-17 00:00:00+00:00,0.0006325608511879443
2019-09-18 00:00:00+00:00,-0.007306515085264787
2019-09-19 00:00:00+00:00,0.0020040899795502752
2019-09-20 00:00:00+00:00,0.00302658486707549
2019-09-22 00:00:00+00:00,0.00040899795501017633
2019-09-23 00:00:00+00:00,0.002147239263803883
2019-09-24 00:00:00+00:00,0.0
2019-09-25 00:00:00+00:00,0.001541450777202081
2019-09-26 00:00:00+00:00,0.0006347150259068576
2019-09-27 00:00:00+00:00,-0.013011693273707414
2019-09-29 00:00:00+00:00,0.0003686150605581553
2019-09-30 00:00:00+00:00,0.009239950851325408
2019-10-01 00:00:00+00:00,0.0021048466864490366
2019-10-02 00:00:00+00:00,-0.0034619188921859202
2019-10-03 00:00:00+00:00,0.00415430267062335
2019-10-04 00:00:00+00:00,0.0
2019-10-06 00:00:00+00:00,0.0
2019-10-07 00:00:00+00:00,0.0
2019-10-08 00:00:00+00:00,-0.008939393939393874
2019-10-09 00:00:00+00:00,-0.009508881922674952
2019-10-10 00:00:00+00:00,-1.1615103663170905e-05
2019-10-11 00:00:00+00:00,-0.02484473423363009
2019-10-13 00:00:00+00:00,0.0023965975544923018
2019-10-14 00:00:00+00:00,0.0004912280701755187
2019-10-15 00:00:00+00:00,-0.009583200425305756
2019-10-16 00:00:00+00:00,0.0
2019-10-17 00:00:00+00:00,0.0
2019-10-18 00:00:00+00:00,0.0
2019-10-20 00:00:00+00:00,0.0
2019-10-21 00:00:00+00:00,0.0012723141837066136
2019-10-22 00:00:00+00:00,0.006088932164881632
2019-10-23 00:00:00+00:00,0.0
2019-10-24 00:00:00+00:00,0.0
2019-10-25 00:00:00+00:00,0.0
2019-10-27 00:00:00+00:00,0.0
2019-10-28 00:00:00+00:00,0.0
2019-10-29 00:00:00+00:00,0.0
2019-10-30 00:00:00+00:00,0.009386213408876156
2019-10-31 00:00:00+00:00,0.008157552083333124
2019-11-01 00:00:00+00:00,0.0012760416666669273
2019-11-03 00:00:00+00:00,0.0
2019-11-04 00:00:00+00:00,0.0
2019-11-05 00:00:00+00:00,-0.001634615384615441
2019-11-06 00:00:00+00:00,0.005576923076923039
2019-11-07 00:00:00+00:00,0.0
2019-11-08 00:00:00+00:00,0.0
2019-11-10 00:00:00+00:00,0.0
2019-11-11 00:00:00+00:00,0.005073274713562075
2019-11-12 00:00:00+00:00,-0.005893951505461866
2019-11-13 00:00:00+00:00,-0.0013056221689317666
2019-11-14 00:00:00+00:00,-0.00044764188649083216
2019-11-15 00:00:00+00:00,0.0
2019-11-17 00:00:00+00:00,0.0
2019-11-18 00:00:00+00:00,-0.002968696250429616
2019-11-19 00:00:00+00:00,0.008290020952559556
2019-11-20 00:00:00+00:00,-0.0006698564593304124
2019-11-21 00:00:00+00:00,0.003237639553429225
2019-11-22 00:00:00+00:00,0.002022390754785517
2019-11-24 00:00:00+00:00,0.00500541711809299
2019-11-25 00:00:00+00:00,-0.0007161820542099791
2019-11-26 00:00:00+00:00,0.013873873873874
2019-11-27 00:00:00+00:00,-0.004359965635738691
2019-11-28 00:00:00+00:00,0.0050816151202748286
2019-11-29 00:00:00+00:00,0.00294673539518895
2019-12-01 00:00:00+00:00,0.0
2019-12-02 00:00:00+00:00,0.0
2019-12-03 00:00:00+00:00,0.0
2019-12-04 00:00:00+00:00,-0.02145575828919006
2019-12-05 00:00:00+00:00,-0.00401020207965473
2019-12-06 00:00:00+00:00,-0.0045340396311555585
2019-12-08 00:00:00+00:00,0.0
2019-12-09 00:00:00+00:00,0.0
2019-12-10 00:00:00+00:00,0.0
2019-12-11 00:00:00+00:00,0.0
2019-12-12 00:00:00+00:00,0.02522508038585223
2019-12-13 00:00:00+00:00,-0.0057020364415862005
2019-12-15 00:00:00+00:00,0.0
2019-12-16 00:00:00+00:00,-0.00952840300107184
2019-12-17 00:00:00+00:00,0.0
2019-12-18 00:00:00+00:00,0.0
2019-12-19 00:00:00+00:00,0.0
2019-12-20 00:00:00+00:00,0.0
2019-12-22 00:00:00+00:00,0.0
2019-12-23 00:00:00+00:00,-0.006052819414703525
2019-12-24 00:00:00+00:00,0.00474660956459652
2019-12-26 00:00:00+00:00,0.005071377587437815
2019-12-27 00:00:00+00:00,0.0
2019-12-29 00:00:00+00:00,0.0
2019-12-30 00:00:00+00:00,0.0
2019-12-31 00:00:00+00:00,-0.012498605688789823
2020-01-02 00:00:00+00:00,0.007860197062651062
2020-01-03 00:00:00+00:00,0.005908161368284016
2020-01-05 00:00:00+00:00,0.0
2020-01-06 00:00:00+00:00,0.0
2020-01-07 00:00:00+00:00,0.0
2020-01-08 00:00:00+00:00,0.007415619610742053
2020-01-09 00:00:00+00:00,0.0065188470066518435
2020-01-10 00:00:00+00:00,0.0
2020-01-12 00:00:00+00:00,0.0012431693989071475
2020-01-13 00:00:00+00:00,-0.024016304651151045
2020-01-14 00:00:00+00:00,-0.007226864747756006
2020-01-15 00:00:00+00:00,0.0
2020-01-16 00:00:00+00:00,-3.17244504870523e-05
2020-01-17 00:00:00+00:00,0.002062089281667557
2020-01-19 00:00:00+00:00,0.002347609336052789
2020-01-20 00:00:00+00:00,0.0032676184001811798
2020-01-21 00:00:00+00:00,-0.00014583333333331716
2020-01-22 00:00:00+00:00,-0.0181175857013983
2020-01-23 00:00:00+00:00,-0.004767704104645913
2020-01-24 00:00:00+00:00,-0.006968876860622737
2020-01-26 00:00:00+00:00,0.0
2020-01-27 00:00:00+00:00,0.0
2020-01-28 00:00:00+00:00,0.0006965174129356234
2020-01-29 00:00:00+00:00,0.001671641791044491
2020-01-30 00:00:00+00:00,0.010447761194029714
2020-01-31 00:00:00+00:00,0.004669176829360085
2020-02-02 00:00:00+00:00,0.003928931960428051
2020-02-03 00:00:00+00:00,0.0023364027859574185
2020-02-04 00:00:00+00:00,0.015816452806612803
2020-02-05 00:00:00+00:00,0.004776041666666333
2020-02-06 00:00:00+00:00,0.0
2020-02-07 00:00:00+00:00,0.0
2020-02-09 00:00:00+00:00,0.0
2020-02-10 00:00:00+00:00,0.0004245393048750841
2020-02-11 00:00:00+00:00,-0.006368089573128074
2020-02-12 00:00:00+00:00,-0.013437141899324039
2020-02-13 00:00:00+00:00,-0.030573240046967046
2020-02-14 00:00:00+00:00,-0.001174728529121449
2020-02-16 00:00:00+00:00,0.0002073050345509192
2020-02-17 00:00:00+00:00,0.005919710431062777
2020-02-18 00:00:00+00:00,0.001635406383678819
2020-02-19 00:00:00+00:00,-0.004771277565153893
2020-02-20 00:00:00+00:00,-0.006216550150201488
2020-02-21 00:00:00+00:00,0.009274344569288582
2020-02-23 00:00:00+00:00,0.0
2020-02-24 00:00:00+00:00,0.0
2020-02-25 00:00:00+00:00,0.0
2020-02-26 00:00:00+00:00,-0.010507706255666271
2020-02-27 00:00:00+00:00,-0.022866413136250395
2020-02-28 00:00:00+00:00,-0.0174100651220862
2020-03-01 00:00:00+00:00,-0.004105436573311449
2020-03-02 00:00:00+00:00,-0.014720044340194784
2020-03-03 00:00:00+00:00,0.0015468814539445087
2020-03-04 00:00:00+00:00,0.008124741842214041
2020-03-05 00:00:00+00:00,0.0
2020-03-06 00:00:00+00:00,0.0
2020-03-08 00:00:00+00:00,0.0
2020-03-09 00:00:00+00:00,0.0
2020-03-10 00:00:00+00:00,0.00022958346999013367
2020-03-11 00:00:00+00:00,-0.008443194056001519
2020-03-12 00:00:00+00:00,-0.016739448016617337
2020-03-13 00:00:00+00:00,-0.015046941397371179
2020-03-15 00:00:00+00:00,0.003445818019824023
2020-03-16 00:00:00+00:00,-0.008045439358503183
2020-03-17 00:00:00+00:00,0.0007094331217285388
2020-03-18 00:00:00+00:00,-0.02028697661529973
2020-03-19 00:00:00+00:00,0.015656632630508795
2020-03-20 00:00:00+00:00,0.0
2020-03-22 00:00:00+00:00,0.0
2020-03-23 00:00:00+00:00,0.0
2020-03-24 00:00:00+00:00,0.0
2020-03-25 00:00:00+00:00,0.021209661835748843
2020-03-26 00:00:00+00:00,0.0015911789652248215
2020-03-27 00:00:00+00:00,-0.010388551375533057
2020-03-29 00:00:00+00:00,0.0002436696423558725
2020-03-30 00:00:00+00:00,-0.0022244680253775697
2020-03-31 00:00:00+00:00,-0.002287350513727528
2020-04-01 00:00:00+00:00,-0.006934478692942572
2020-04-02 00:00:00+00:00,-0.004618556701030869
2020-04-03 00:00:00+00:00,0.015452920962199353
2020-04-05 00:00:00+00:00,0.0
2020-04-06 00:00:00+00:00,0.0
2020-04-07 00:00:00+00:00,0.0
2020-04-08 00:00:00+00:00,0.0
2020-04-09 00:00:00+00:00,0.011387010858430573
2020-04-10 00:00:00+00:00,0.0020938332308953036
2020-04-12 00:00:00+00:00,-0.0013194017619340582
2020-04-13 00:00:00+00:00,-0.015029707027248367
2020-04-14 00:00:00+00:00,-0.006046463982314319
2020-04-15 00:00:00+00:00,0.011609114399812246
2020-04-16 00:00:00+00:00,0.0
2020-04-17 00:00:00+00:00,0.0
2020-04-19 00:00:00+00:00,0.0
2020-04-20 00:00:00+00:00,-0.0010144927536235313
2020-04-21 00:00:00+00:00,-0.026835652864592205
2020-04-22 00:00:00+00:00,0.010304474450622212
2020-04-23 00:00:00+00:00,0.0006671961874504096
2020-04-24 00:00:00+00:00,0.0
2020-04-26 00:00:00+00:00,0.0
2020-04-27 00:00:00+00:00,0.0
2020-04-28 00:00:00+00:00,0.0
2020-04-29 00:00:00+00:00,0.0
2020-04-30 00:00:00+00:00,0.001962983735277695
2020-05-01 00:00:00+00:00,-0.008667950115636354
2020-05-03 00:00:00+00:00,-0.005269662921348254
2020-05-04 00:00:00+00:00,0.009777686342775479
2020-05-05 00:00:00+00:00,0.0030760563380281348
2020-05-06 00:00:00+00:00,0.0
2020-05-07 00:00:00+00:00,0.0
2020-05-08 00:00:00+00:00,0.0
2020-05-10 00:00:00+00:00,0.0
2020-05-11 00:00:00+00:00,0.0036717428087986517
2020-05-12 00:00:00+00:00,-0.022299008372234218
2020-05-13 00:00:00+00:00,0.003018733568454619
2020-05-14 00:00:00+00:00,0.0016004461173844897
2020-05-15 00:00:00+00:00,-0.021196467662069056
2020-05-17 00:00:00+00:00,-0.004936616152065952
2020-05-18 00:00:00+00:00,0.001210025929127135
2020-05-19 00:00:00+00:00,0.006211466436185438
2020-05-20 00:00:00+00:00,-0.011535580524344384
2020-05-21 00:00:00+00:00,0.0
2020-05-22 00:00:00+00:00,0.0
2020-05-24 00:00:00+00:00,0.0
2020-05-25 00:00:00+00:00,0.0
2020-05-26 00:00:00+00:00,-0.008851950354610106
2020-05-27 00:00:00+00:00,0.010514646627596574
2020-05-28 00:00:00+00:00,-0.0018224622628443723
2020-05-29 00:00:00+00:00,0.007380821563362099
2020-05-31 00:00:00+00:00,-0.003306820920703717
2020-06-01 00:00:00+00:00,0.01154013015184374
2020-06-02 00:00:00+00:00,0.004769297110823366
2020-06-03 00:00:00+00:00,0.013523070288917733
2020-06-04 00:00:00+00:00,0.0
2020-06-05 00:00:00+00:00,0.0
2020-06-07 00:00:00+00:00,0.0
2020-06-08 00:00:00+00:00,0.0
2020-06-09 00:00:00+00:00,0.0
2020-06-10 00:00:00+00:00,0.0
2020-06-11 00:00:00+00:00,-0.003929762605454141
2020-06-12 00:00:00+00:00,0.0006592113007652034
2020-06-14 00:00:00+00:00,-0.005411026093780711
2020-06-15 00:00:00+00:00,0.006537178732587602
2020-06-16 00:00:00+00:00,0.000878948401020474
2020-06-17 00:00:00+00:00,0.0
2020-06-18 00:00:00+00:00,-0.0004160800875956152
2020-06-19 00:00:00+00:00,-0.007055899987124194
2020-06-21 00:00:00+00:00,-0.00040680780406816304
2020-06-22 00:00:00+00:00,0.008978829389788098
2020-06-23 00:00:00+00:00,-0.002876712328766943
2020-06-24 00:00:00+00:00,0.00037193311454915664
2020-06-25 00:00:00+00:00,0.004135021097046549
2020-06-26 00:00:00+00:00,0.0006499535747445846
2020-06-28 00:00:00+00:00,-0.00020798514391820935
2020-06-29 00:00:00+00:00,-0.016923621221452443
2020-06-30 00:00:00+00:00,0.010857230958988447
2020-07-01 00:00:00+00:00,0.0
2020-07-02 00:00:00+00:00,0.0
2020-07-03 00:00:00+00:00,0.0
2020-07-05 00:00:00+00:00,0.0
2020-07-06 00:00:00+00:00,0.0
2020-07-07 00:00:00+00:00,-0.0010816777041941492
2020-07-08 00:00:00+00:00,-0.00030905077262724306
2020-07-09 00:00:00+00:00,-0.008264726814400688
2020-07-10 00:00:00+00:00,-0.0013016133442713075
2020-07-12 00:00:00+00:00,0.001952420016406536
2020-07-13 00:00:00+00:00,-0.0016676994866977176
2020-07-14 00:00:00+00:00,-0.024189014353214577
2020-07-15 00:00:00+00:00,0.0030778894472361373
2020-07-16 00:00:00+00:00,-2.9313232830687763e-05
2020-07-17 00:00:00+00:00,-0.01571189279731987
2020-07-19 00:00:00+00:00,0.0
2020-07-20 00:00:00+00:00,0.020184138941200854
2020-07-21 00:00:00+00:00,-0.004716467880309592
2020-07-22 00:00:00+00:00,0.0
2020-07-23 00:00:00+00:00,0.0
2020-07-24 00:00:00+00:00,0.0
2020-07-26 00:00:00+00:00,0.0
2020-07-27 00:00:00+00:00,0.0
2020-07-28 00:00:00+00:00,-0.003919900762006113
2020-07-29 00:00:00+00:00,0.0038242310741914125
2020-07-30 00:00:00+00:00,-0.019904330312185227
2020-07-31 00:00:00+00:00,-0.0022399999999999794
2020-08-02 00:00:00+00:00,-0.001378461538461624
2020-08-03 00:00:00+00:00,-0.00060307692307704
2020-08-04 00:00:00+00:00,0.009074871794871826
2020-08-05 00:00:00+00:00,0.0
2020-08-06 00:00:00+00:00,0.0
2020-08-07 00:00:00+00:00,0.0
2020-08-09 00:00:00+00:00,0.0
2020-08-10 00:00:00+00:00,-0.01419086203015996
2020-08-11 00:00:00+00:00,0.00532523069997763
2020-08-12 00:00:00+00:00,0.014872833670942562
2020-08-13 00:00:00+00:00,-0.001354940355615326
2020-08-14 00:00:00+00:00,0.0
2020-08-16 00:00:00+00:00,0.0
2020-08-17 00:00:00+00:00,0.0
2020-08-18 00:00:00+00:00,-0.0015487372156126815
2020-08-19 00:00:00+00:00,0.006487163431433877
2020-08-20 00:00:00+00:00,-0.0031744455478318135
2020-08-21 00:00:00+00:00,0.020343395319520365
2020-08-23 00:00:00+00:00,0.0
2020-08-24 00:00:00+00:00,0.0
2020-08-25 00:00:00+00:00,0.0
2020-08-26 00:00:00+00:00,-0.0012712066905613234
2020-08-27 00:00:00+00:00,-0.004280248823993628
2020-08-28 00:00:00+00:00,-0.01148011480114814
2020-08-30 00:00:00+00:00,0.0024108241082409694
2020-08-31 00:00:00+00:00,0.009241492414924248
2020-09-01 00:00:00+00:00,-0.005426356589147114
2020-09-02 00:00:00+00:00,-0.011659688240932269
2020-09-03 00:00:00+00:00,-0.0029139551699202747
2020-09-04 00:00:00+00:00,0.0
2020-09-06 00:00:00+00:00,0.0
2020-09-07 00:00:00+00:00,-0.00819476520400296
2020-09-08 00:00:00+00:00,-0.025077908268404094
2020-09-09 00:00:00+00:00,0.005741734133798665
2020-09-10 00:00:00+00:00,-0.03331098506001718
2020-09-11 00:00:00+00:00,-0.0046036800801155485
2020-09-13 00:00:00+00:00,0.002520804962929156
2020-09-14 00:00:00+00:00,0.0019912240883644627
2020-09-15 00:00:00+00:00,0.005613557270388717
2020-09-16 00:00:00+00:00,-0.00797101449275376
2020-09-17 00:00:00+00:00,0.004658385093167624
2020-09-18 00:00:00+00:00,0.005320910973084778
2020-09-20 00:00:00+00:00,0.0
2020-09-21 00:00:00+00:00,0.0
2020-09-22 00:00:00+00:00,0.0
2020-09-23 00:00:00+00:00,0.0
2020-09-24 00:00:00+00:00,0.006513017498932793
2020-09-25 00:00:00+00:00,-0.008395219803670344
2020-09-27 00:00:00+00:00,-0.0026291079812206007
2020-09-28 00:00:00+00:00,-0.019908979569114138
2020-09-29 00:00:00+00:00,0.011859903381642506
2020-09-30 00:00:00+00:00,0.0
2020-10-01 00:00:00+00:00,0.0
2020-10-02 00:00:00+00:00,0.0
2020-10-04 00:00:00+00:00,0.0
2020-10-05 00:00:00+00:00,0.0
2020-10-06 00:00:00+00:00,0.0
2020-10-07 00:00:00+00:00,0.010489614243323711
2020-10-08 00:00:00+00:00,0.00550445103857558
2020-10-09 00:00:00+00:00,0.0
2020-10-11 00:00:00+00:00,0.0
2020-10-12 00:00:00+00:00,-0.008957617411225605
2020-10-13 00:00:00+00:00,0.008472699503627393
2020-10-14 00:00:00+00:00,0.0008240022968705526
2020-10-15 00:00:00+00:00,0.006169968418030211
2020-10-16 00:00:00+00:00,0.0
2020-10-18 00:00:00+00:00,0.0
2020-10-19 00:00:00+00:00,0.0
2020-10-20 00:00:00+00:00,-0.0032079550367486395
2020-10-21 00:00:00+00:00,0.01327226618939257
2020-10-22 00:00:00+00:00,0.001519674355495352
2020-10-23 00:00:00+00:00,0.005740992009648561
2020-10-25 00:00:00+00:00,0.0
2020-10-26 00:00:00+00:00,0.0
2020-10-27 00:00:00+00:00,0.0
2020-10-28 00:00:00+00:00,0.0
2020-10-29 00:00:00+00:00,0.006925510497555525
2020-10-30 00:00:00+00:00,0.00012236963854695034
2020-11-01 00:00:00+00:00,0.005218317358892195
2020-11-02 00:00:00+00:00,0.0007082002129926217
2020-11-03 00:00:00+00:00,-0.012245879871713338
2020-11-04 00:00:00+00:00,0.0121265542976696
2020-11-05 00:00:00+00:00,0.006489738145788911
2020-11-06 00:00:00+00:00,0.0
2020-11-08 00:00:00+00:00,0.0
2020-11-09 00:00:00+00:00,0.0
2020-11-10 00:00:00+00:00,-0.010237020316026774
2020-11-11 00:00:00+00:00,-0.00018055412115530224
2020-11-12 00:00:00+00:00,0.013090050835148732
2020-11-13 00:00:00+00:00,0.0
2020-11-15 00:00:00+00:00,0.0
2020-11-16 00:00:00+00:00,0.0
2020-11-17 00:00:00+00:00,0.0
2020-11-18 00:00:00+00:00,-0.005968586387434178
2020-11-19 00:00:00+00:00,0.006922629435718049
2020-11-20 00:00:00+00:00,-0.00012436153675305414
2020-11-22 00:00:00+00:00,-0.0015234288252275882
2020-11-23 00:00:00+00:00,-0.006525953740156467
2020-11-24 00:00:00+00:00,0.00687760199833506
2020-11-25 00:00:00+00:00,0.003730224812656048
2020-11-26 00:00:00+00:00,0.0
2020-11-27 00:00:00+00:00,-0.009628055260361298
2020-11-29 00:00:00+00:00,-0.0002727594757351664
2020-11-30 00:00:00+00:00,0.007389302160821711
2020-12-01 00:00:00+00:00,0.004399019590519977
2020-12-02 00:00:00+00:00,-0.015760067327763097
2020-12-03 00:00:00+00:00,0.013659673659673426
2020-12-04 00:00:00+00:00,0.0
2020-12-06 00:00:00+00:00,0.0
2020-12-07 00:00:00+00:00,0.01787234042553201
2020-12-08 00:00:00+00:00,0.0
2020-12-09 00:00:00+00:00,0.0
2020-12-10 00:00:00+00:00,-0.0004214559386973133
2020-12-11 00:00:00+00:00,-0.013538915267723647
2020-12-13 00:00:00+00:00,0.00916478555304743
2020-12-14 00:00:00+00:00,0.0
2020-12-15 00:00:00+00:00,0.0
2020-12-16 00:00:00+00:00,0.004700426636987476
2020-12-17 00:00:00+00:00,0.001064737525505518
2020-12-18 00:00:00+00:00,0.003661658319421285
2020-12-20 00:00:00+00:00,0.0
2020-12-21 00:00:00+00:00,0.005924870739685634
2020-12-22 00:00:00+00:00,0.0006204495093383611
2020-12-23 00:00:00+00:00,0.00013295346628668713
2020-12-24 00:00:00+00:00,0.0036400000000000304
2020-12-27 00:00:00+00:00,0.00023333333333356744
2020-12-28 00:00:00+00:00,0.013043333333333356
2020-12-29 00:00:00+00:00,0.0
2020-12-30 00:00:00+00:00,0.0
2020-12-31 00:00:00+00:00,-0.0030464310464309538
2021-01-03 00:00:00+00:00,0.0030464310464309538
2021-01-04 00:00:00+00:00,0.014164934164934256
2021-01-05 00:00:00+00:00,0.0
2021-01-06 00:00:00+00:00,0.0061321455085376125
2021-01-07 00:00:00+00:00,0.008444691907943579
2021-01-08 00:00:00+00:00,0.002560516406670291
2021-01-10 00:00:00+00:00,0.0011798457952303298
2021-01-11 00:00:00+00:00,0.004133435576970904
2021-01-12 00:00:00+00:00,-0.013061749561381009
2021-01-13 00:00:00+00:00,-0.009649757148854392
2021-01-14 00:00:00+00:00,-0.010247857308315523
2021-01-15 00:00:00+00:00,0.0027241139680331352
2021-01-17 00:00:00+00:00,0.001005327773917153
2021-01-18 00:00:00+00:00,0.004507760018531286
2021-01-19 00:00:00+00:00,0.0
2021-01-20 00:00:00+00:00,-0.0036820512820513506
2021-01-21 00:00:00+00:00,-0.0009692307692307578
2021-01-22 00:00:00+00:00,0.0063897435897437085
2021-01-24 00:00:00+00:00,0.0
2021-01-25 00:00:00+00:00,0.0
2021-01-26 00:00:00+00:00,0.0
2021-01-27 00:00:00+00:00,0.011866801210897691
2021-01-28 00:00:00+00:00,0.00744029599730909
2021-01-29 00:00:00+00:00,0.0
2021-01-31 00:00:00+00:00,0.0
2021-02-01 00:00:00+00:00,0.012879854052645226
2021-02-02 00:00:00+00:00,0.0037901861252116475
2021-02-03 00:00:00+00:00,0.0060169204737732865
2021-02-04 00:00:00+00:00,-0.007226890756302329
2021-02-05 00:00:00+00:00,0.013051806581217965
2021-02-07 00:00:00+00:00,-0.0014141414141409592
2021-02-08 00:00:00+00:00,0.012794612794612891
2021-02-09 00:00:00+00:00,0.0
2021-02-10 00:00:00+00:00,0.0
2021-02-11 00:00:00+00:00,0.001104536489152133
2021-02-12 00:00:00+00:00,0.0030132142401815987
2021-02-14 00:00:00+00:00,-0.0043916349809888094
2021-02-15 00:00:00+00:00,-0.009911705412509571
2021-02-16 00:00:00+00:00,-0.0069927628498433845
2021-02-17 00:00:00+00:00,-0.007772337821297227
2021-02-18 00:00:00+00:00,-0.0064556962025314225
2021-02-19 00:00:00+00:00,-0.0025843881856541595
2021-02-21 00:00:00+00:00,-0.002289029535864832
2021-02-22 00:00:00+00:00,0.0009968354430379568
2021-02-23 00:00:00+00:00,-0.00947100508492962
2021-02-24 00:00:00+00:00,0.0014879890399018842
2021-02-25 00:00:00+00:00,0.005399981740592124
2021-02-26 00:00:00+00:00,0.002533390779836349
2021-02-28 00:00:00+00:00,0.003377854373115058
2021-03-01 00:00:00+00:00,0.0016889271865574162
2021-03-02 00:00:00+00:00,0.0
2021-03-03 00:00:00+00:00,0.0
2021-03-04 00:00:00+00:00,-0.0031417044881494167
2021-03-05 00:00:00+00:00,0.008507312153303009
2021-03-07 00:00:00+00:00,0.0
2021-03-08 00:00:00+00:00,-0.009771081523008695
2021-03-09 00:00:00+00:00,-0.0023872926886241612
2021-03-10 00:00:00+00:00,-0.002256482130343256
2021-03-11 00:00:00+00:00,0.006573230553608774
2021-03-12 00:00:00+00:00,-0.0016594391442609948
2021-03-14 00:00:00+00:00,0.0029141370338245922
2021-03-15 00:00:00+00:00,-0.0009713790112750137
2021-03-16 00:00:00+00:00,0.0020682179763818823
2021-03-17 00:00:00+00:00,0.0
2021-03-18 00:00:00+00:00,0.008805031446541154
2021-03-19 00:00:00+00:00,0.011153039832284904
2021-03-21 00:00:00+00:00,0.0018867924528299463
2021-03-22 00:00:00+00:00,0.008050314465408803
2021-03-23 00:00:00+00:00,0.009308176100628769
2021-03-24 00:00:00+00:00,0.0
2021-03-25 00:00:00+00:00,-0.00013464127716837285
2021-03-26 00:00:00+00:00,-0.004308520869398095
2021-03-28 00:00:00+00:00,-0.000700134641277273
2021-03-29 00:00:00+00:00,0.003104708313611768
2021-03-30 00:00:00+00:00,-0.005402386392485292
2021-03-31 00:00:00+00:00,-0.0077837014470678876
2021-04-01 00:00:00+00:00,0.0022036049758820436
2021-04-02 00:00:00+00:00,0.0
2021-04-04 00:00:00+00:00,0.0
2021-04-05 00:00:00+00:00,0.0036188271604941096
2021-04-06 00:00:00+00:00,0.049367283950616354
2021-04-07 00:00:00+00:00,0.029382716049382404
2021-04-08 00:00:00+00:00,-0.003078703703703445
2021-04-09 00:00:00+00:00,0.0
2021-04-11 00:00:00+00:00,0.0
2021-04-12 00:00:00+00:00,0.0
2021-04-13 00:00:00+00:00,0.0
2021-04-14 00:00:00+00:00,0.0
2021-04-15 00:00:00+00:00,0.0
2021-04-16 00:00:00+00:00,0.017016574585635616
2021-04-18 00:00:00+00:00,0.0
2021-04-19 00:00:00+00:00,-0.014197002141327623
2021-04-20 00:00:00+00:00,0.006495360456816666
2021-04-21 00:00:00+00:00,0.0012241256245538645
2021-04-22 00:00:00+00:00,0.006020299145299179
2021-04-23 00:00:00+00:00,-0.012115384615384757
2021-04-25 00:00:00+00:00,-0.0018696581196583385
2021-04-26 00:00:00+00:00,0.009647435897436048
2021-04-27 00:00:00+00:00,0.0016826923076925465
2021-04-28 00:00:00+00:00,0.0
2021-04-29 00:00:00+00:00,0.0
2021-04-30 00:00:00+00:00,0.006400267546561103
2021-05-02 00:00:00+00:00,-0.0009816183437558793
2021-05-03 00:00:00+00:00,1.450871707399078e-05
2021-05-04 00:00:00+00:00,-0.010076799802761006
2021-05-05 00:00:00+00:00,-0.005393119836165005
2021-05-06 00:00:00+00:00,0.017507705856452147
2021-05-07 00:00:00+00:00,0.0
2021-05-09 00:00:00+00:00,0.0
2021-05-10 00:00:00+00:00,-0.0034639746634995143
2021-05-11 00:00:00+00:00,-0.0001108471892320978
2021-05-12 00:00:00+00:00,-0.006425178147268278
2021-05-13 00:00:00+00:00,0.0
2021-05-14 00:00:00+00:00,0.0
2021-05-16 00:00:00+00:00,0.0
2021-05-17 00:00:00+00:00,0.012810457516339862
2021-05-18 00:00:00+00:00,0.0
2021-05-19 00:00:00+00:00,0.0030326197757390826
2021-05-20 00:00:00+00:00,0.0035677879714576745
2021-05-21 00:00:00+00:00,0.0
2021-05-23 00:00:00+00:00,0.0
2021-05-24 00:00:00+00:00,0.006088698140200181
2021-05-25 00:00:00+00:00,-0.004123266792186376
2021-05-26 00:00:00+00:00,0.0112322131395696
2021-05-27 00:00:00+00:00,-0.0021073479897008823
2021-05-28 00:00:00+00:00,0.0018577936224996683
2021-05-30 00:00:00+00:00,0.0014141414141414421
2021-05-31 00:00:00+00:00,0.00047138047138048074
2021-06-01 00:00:00+00:00,0.0024955436720142917
2021-06-02 00:00:00+00:00,0.0
2021-06-03 00:00:00+00:00,0.0
2021-06-04 00:00:00+00:00,0.010298444724674128
2021-06-06 00:00:00+00:00,-0.0014123581336696778
2021-06-07 00:00:00+00:00,0.00782681799075252
2021-06-08 00:00:00+00:00,0.012474263400781022
2021-06-09 00:00:00+00:00,-0.0015811965811964959
2021-06-10 00:00:00+00:00,0.00970085470085464
2021-06-11 00:00:00+00:00,0.00257575757575756
2021-06-13 00:00:00+00:00,-0.0007575757575756539
2021-06-14 00:00:00+00:00,0.01025252525252486
2021-06-15 00:00:00+00:00,0.0
2021-06-16 00:00:00+00:00,0.0
2021-06-17 00:00:00+00:00,-0.00359657469077055
2021-06-18 00:00:00+00:00,0.015851569933396405
2021-06-20 00:00:00+00:00,0.0
2021-06-21 00:00:00+00:00,0.0
2021-06-22 00:00:00+00:00,0.0
2021-06-23 00:00:00+00:00,0.0
2021-06-24 00:00:00+00:00,0.0
2021-06-25 00:00:00+00:00,-0.009281314168377993
2021-06-27 00:00:00+00:00,0.002156057494866323
2021-06-28 00:00:00+00:00,0.011738535249829355
2021-06-29 00:00:00+00:00,0.0
2021-06-30 00:00:00+00:00,0.0
2021-07-01 00:00:00+00:00,0.0005501618122977547
2021-07-02 00:00:00+00:00,0.005145631067961184
2021-07-04 00:00:00+00:00,0.0
2021-07-05 00:00:00+00:00,0.0
2021-07-06 00:00:00+00:00,0.002650918635170951
2021-07-07 00:00:00+00:00,0.008556430446194483
2021-07-08 00:00:00+00:00,-0.002591542641153126
2021-07-09 00:00:00+00:00,0.00833451452870333
2021-07-11 00:00:00+00:00,0.0
2021-07-12 00:00:00+00:00,0.0
2021-07-13 00:00:00+00:00,0.0
2021-07-14 00:00:00+00:00,0.0
2021-07-15 00:00:00+00:00,0.0
2021-07-16 00:00:00+00:00,-0.0038219584569730864
2021-07-18 00:00:00+00:00,-0.0017725024727991217
2021-07-19 00:00:00+00:00,-0.012388095005002408
2021-07-20 00:00:00+00:00,-0.003769434963974167
2021-07-21 00:00:00+00:00,0.008414865377322766
2021-07-22 00:00:00+00:00,0.00036601307189528144
2021-07-23 00:00:00+00:00,0.00338562091503275
2021-07-25 00:00:00+00:00,-0.0010065359477124047
2021-07-26 00:00:00+00:00,-0.004552287581699181
2021-07-27 00:00:00+00:00,-0.002804836859135668
2021-07-28 00:00:00+00:00,0.0009511286434364458
2021-07-29 00:00:00+00:00,-0.0009511286434364458
2021-07-30 00:00:00+00:00,0.0020863467017313824
2021-08-01 00:00:00+00:00,0.0
2021-08-02 00:00:00+00:00,0.002720478325859843
2021-08-03 00:00:00+00:00,0.010515695067264168
2021-08-04 00:00:00+00:00,0.0
2021-08-05 00:00:00+00:00,-0.010576550387596683
2021-08-06 00:00:00+00:00,-0.006545542635658822
2021-08-08 00:00:00+00:00,-0.0018313953488371438
2021-08-09 00:00:00+00:00,-0.001046511627906993
2021-08-10 00:00:00+00:00,0.0
2021-08-11 00:00:00+00:00,0.0
2021-08-12 00:00:00+00:00,-0.0014056224899596733
2021-08-13 00:00:00+00:00,-0.0031191615027645414
2021-08-15 00:00:00+00:00,-0.001591632560254498
2021-08-16 00:00:00+00:00,0.012351068667575888
2021-08-17 00:00:00+00:00,0.00528301886792467
2021-08-18 00:00:00+00:00,0.006840832123850848
2021-08-19 00:00:00+00:00,-0.011200097967181322
2021-08-20 00:00:00+00:00,-0.00720058780308593
2021-08-22 00:00:00+00:00,-0.001599314229732911
2021-08-23 00:00:00+00:00,0.0
2021-08-24 00:00:00+00:00,0.0
2021-08-25 00:00:00+00:00,0.0
2021-08-26 00:00:00+00:00,0.0
2021-08-27 00:00:00+00:00,0.0
2021-08-29 00:00:00+00:00,0.0
2021-08-30 00:00:00+00:00,0.0
2021-08-31 00:00:00+00:00,0.0033075601374573994
2021-09-01 00:00:00+00:00,-0.006254295532646391
2021-09-02 00:00:00+00:00,0.009381443298969254
2021-09-03 00:00:00+00:00,0.001844362745098217
2021-09-05 00:00:00+00:00,0.0026593137254899983
2021-09-06 00:00:00+00:00,0.0017156862745100914
2021-09-07 00:00:00+00:00,0.007371338083927564
2021-09-08 00:00:00+00:00,0.005320665083135255
2021-09-09 00:00:00+00:00,-0.017092896174863578
2021-09-10 00:00:00+00:00,-0.0016448087431691191
2021-09-12 00:00:00+00:00,-0.0017213114754100573
2021-09-13 00:00:00+00:00,-0.00015300546448060136
2021-09-14 00:00:00+00:00,0.0005355191256827419
2021-09-15 00:00:00+00:00,0.0
2021-09-16 00:00:00+00:00,0.012287073065283543
2021-09-17 00:00:00+00:00,0.0
2021-09-19 00:00:00+00:00,0.0
2021-09-20 00:00:00+00:00,-0.011512345679012156
2021-09-21 00:00:00+00:00,0.0
2021-09-22 00:00:00+00:00,-0.008487654320987798
2021-09-23 00:00:00+00:00,0.0
2021-09-24 00:00:00+00:00,0.0
2021-09-26 00:00:00+00:00,0.0
2021-09-27 00:00:00+00:00,0.0018515178839795924
2021-09-28 00:00:00+00:00,0.007389071130081991
2021-09-29 00:00:00+00:00,-0.004382221543312794
2021-09-30 00:00:00+00:00,0.014156270518712762
2021-10-01 00:00:00+00:00,0.0
2021-10-03 00:00:00+00:00,0.0
2021-10-04 00:00:00+00:00,-0.0003119429590017487
2021-10-05 00:00:00+00:00,-0.009688057040998175
2021-10-06 00:00:00+00:00,0.0
2021-10-07 00:00:00+00:00,0.002349855756622028
2021-10-08 00:00:00+00:00,0.004148964070285806
2021-10-10 00:00:00+00:00,-0.0017623918174663167
2021-10-11 00:00:00+00:00,0.0008077629163388477
2021-10-12 00:00:00+00:00,0.0
2021-10-13 00:00:00+00:00,0.0
2021-10-14 00:00:00+00:00,-0.0046739130434784075
2021-10-15 00:00:00+00:00,-0.015064654687324331
2021-10-17 00:00:00+00:00,-0.00414725337934984
2021-10-18 00:00:00+00:00,0.014253666954270612
2021-10-19 00:00:00+00:00,0.0
2021-10-20 00:00:00+00:00,0.0
2021-10-21 00:00:00+00:00,0.0
2021-10-22 00:00:00+00:00,0.00047347283872312216
2021-10-24 00:00:00+00:00,0.0013612344113295514
2021-10-25 00:00:00+00:00,0.004912280701754282
2021-10-26 00:00:00+00:00,0.007716171617161569
2021-10-27 00:00:00+00:00,0.010257425742574374
2021-10-28 00:00:00+00:00,0.0001366427734365164
2021-10-29 00:00:00+00:00,0.006997072354663352
2021-10-31 00:00:00+00:00,0.0
2021-11-01 00:00:00+00:00,-0.002781652927499634
2021-11-02 00:00:00+00:00,-0.002692876770238759
2021-11-03 00:00:00+00:00,0.006954132318748592
2021-11-04 00:00:00+00:00,-0.005197604790419037
2021-11-05 00:00:00+00:00,0.001193880395633019
2021-11-07 00:00:00+00:00,-0.0017815021725632407
2021-11-08 00:00:00+00:00,0.014512725015518391
2021-11-09 00:00:00+00:00,0.0
2021-11-10 00:00:00+00:00,0.0
2021-11-11 00:00:00+00:00,0.0
2021-11-12 00:00:00+00:00,0.00022598870056477938
2021-11-14 00:00:00+00:00,-0.0013559322033899308
2021-11-15 00:00:00+00:00,-0.019359811619613383
2021-11-16 00:00:00+00:00,-0.0162957358093937
2021-11-17 00:00:00+00:00,-0.01321450906816762
2021-11-18 00:00:00+00:00,0.0
2021-11-19 00:00:00+00:00,0.0
2021-11-21 00:00:00+00:00,0.0
2021-11-22 00:00:00+00:00,0.0
2021-11-23 00:00:00+00:00,0.0
2021-11-24 00:00:00+00:00,0.0
2021-11-25 00:00:00+00:00,0.0032095369096741084
2021-11-26 00:00:00+00:00,-0.032050116619819116
2021-11-28 00:00:00+00:00,0.004321475625823731
2021-11-29 00:00:00+00:00,-0.004532279314888211
2021-11-30 00:00:00+00:00,-0.009782557256699005
2021-12-01 00:00:00+00:00,-0.0007773728960613105
2021-12-02 00:00:00+00:00,0.007069234773555571
2021-12-03 00:00:00+00:00,-0.00015461071231379387
2021-12-05 00:00:00+00:00,0.0010565065341432568
2021-12-06 00:00:00+00:00,0.006777102889747908
2021-12-07 00:00:00+00:00,0.0
2021-12-08 00:00:00+00:00,-0.02007678595913876
2021-12-09 00:00:00+00:00,0.008887974770327654
2021-12-10 00:00:00+00:00,0.0
2021-12-12 00:00:00+00:00,0.0
2021-12-13 00:00:00+00:00,0.0
2021-12-14 00:00:00+00:00,0.0
2021-12-15 00:00:00+00:00,0.010181818181818321
2021-12-16 00:00:00+00:00,0.011932799013563136
2021-12-17 00:00:00+00:00,0.003366214549938358
2021-12-19 00:00:00+00:00,0.0
2021-12-20 00:00:00+00:00,0.0011761176117609465
2021-12-21 00:00:00+00:00,0.00806480648064769
2021-12-22 00:00:00+00:00,0.0
2021-12-23 00:00:00+00:00,-0.0042055555555558935
2021-12-24 00:00:00+00:00,-0.00311111111111114
2021-12-26 00:00:00+00:00,0.00416111111111109
2021-12-27 00:00:00+00:00,-0.007816666666666345
2021-12-28 00:00:00+00:00,-0.0057555555555555875
2021-12-29 00:00:00+00:00,0.0
2021-12-30 00:00:00+00:00,-0.0037262357414448995
2021-12-31 00:00:00+00:00,0.01811484545668686
2022-01-02 00:00:00+00:00,0.0
2022-01-03 00:00:00+00:00,0.0017216828478963464
2022-01-04 00:00:00+00:00,-0.015363096989310819
2022-01-05 00:00:00+00:00,0.0018383838383840467
2022-01-06 00:00:00+00:00,0.008166666666666126
2022-01-07 00:00:00+00:00,0.0
2022-01-09 00:00:00+00:00,0.0
2022-01-10 00:00:00+00:00,0.0
2022-01-11 00:00:00+00:00,0.010473952213082723
2022-01-12 00:00:00+00:00,0.0
2022-01-13 00:00:00+00:00,0.0
2022-01-14 00:00:00+00:00,0.009037037037037067
2022-01-16 00:00:00+00:00,0.0
2022-01-17 00:00:00+00:00,0.0
2022-01-18 00:00:00+00:00,0.006558422939067648
2022-01-19 00:00:00+00:00,0.0017688172043013712
2022-01-20 00:00:00+00:00,-0.005224384191733336
2022-01-21 00:00:00+00:00,0.0077485928705440625
2022-01-23 00:00:00+00:00,0.0
2022-01-24 00:00:00+00:00,-0.00496864447660418
2022-01-25 00:00:00+00:00,0.011852387843704966
2022-01-26 00:00:00+00:00,0.0
2022-01-27 00:00:00+00:00,-0.0038632800250867163
2022-01-28 00:00:00+00:00,-0.006136719974913215
2022-01-30 00:00:00+00:00,0.0
2022-01-31 00:00:00+00:00,0.0
2022-02-01 00:00:00+00:00,0.0
2022-02-02 00:00:00+00:00,0.0
2022-02-03 00:00:00+00:00,-0.012099125364431479
2022-02-04 00:00:00+00:00,-0.011146024547385258
2022-02-06 00:00:00+00:00,-0.00017636684303349193
2022-02-07 00:00:00+00:00,0.004444444444444239
2022-02-08 00:00:00+00:00,0.012663139329806075
2022-02-09 00:00:00+00:00,0.0
2022-02-10 00:00:00+00:00,0.004242424242424098
2022-02-11 00:00:00+00:00,-0.023657551771007822
2022-02-13 00:00:00+00:00,0.002524186455584671
2022-02-14 00:00:00+00:00,-0.006402814423922534
2022-02-15 00:00:00+00:00,0.011974494283201631
2022-02-16 00:00:00+00:00,0.0
2022-02-17 00:00:00+00:00,0.0014415708812261648
2022-02-18 00:00:00+00:00,-0.005665708812260697
2022-02-20 00:00:00+00:00,-0.0012404214559386118
2022-02-21 00:00:00+00:00,-0.004535440613026776
2022-02-22 00:00:00+00:00,0.0
2022-02-23 00:00:00+00:00,0.0
2022-02-24 00:00:00+00:00,-0.00011541632316582001
2022-02-25 00:00:00+00:00,-0.00682879912063741
2022-02-27 00:00:00+00:00,0.008252267106347909
2022-02-28 00:00:00+00:00,0.0018466611706511981
2022-03-01 00:00:00+00:00,0.0
2022-03-02 00:00:00+00:00,-0.007787918296392715
2022-03-03 00:00:00+00:00,-0.002274138441196001
2022-03-04 00:00:00+00:00,-0.0058903242147919565
2022-03-06 00:00:00+00:00,-0.008779761904762038
2022-03-07 00:00:00+00:00,0.010435698190142579
2022-03-08 00:00:00+00:00,0.0017935452081792353
2022-03-09 00:00:00+00:00,-0.019358044692183423
2022-03-10 00:00:00+00:00,-0.0014241486068110793
2022-03-11 00:00:00+00:00,0.0090608875128999
2022-03-13 00:00:00+00:00,0.0
2022-03-14 00:00:00+00:00,0.0
2022-03-15 00:00:00+00:00,0.015679190751445148
2022-03-16 00:00:00+00:00,0.0
2022-03-17 00:00:00+00:00,0.0009019788311090131
2022-03-18 00:00:00+00:00,0.005712532597024068
2022-03-20 00:00:00+00:00,0.0
2022-03-21 00:00:00+00:00,0.0
2022-03-22 00:00:00+00:00,-0.012000968992248073
2022-03-23 00:00:00+00:00,0.006986434108527025
2022-03-24 00:00:00+00:00,0.0045784883720933105
2022-03-25 00:00:00+00:00,0.0
2022-03-27 00:00:00+00:00,0.0
2022-03-28 00:00:00+00:00,-0.011405761316872268
2022-03-29 00:00:00+00:00,-0.017690224721521996
2022-03-30 00:00:00+00:00,-0.006083769633507832
2022-03-31 00:00:00+00:00,0.014684118673647367
2022-04-01 00:00:00+00:00,0.0
2022-04-03 00:00:00+00:00,0.0
2022-04-04 00:00:00+00:00,-0.0039298245614037075
2022-04-05 00:00:00+00:00,-0.006070175438596113
2022-04-06 00:00:00+00:00,0.0
2022-04-07 00:00:00+00:00,0.0
2022-04-08 00:00:00+00:00,0.0
2022-04-10 00:00:00+00:00,0.0
2022-04-11 00:00:00+00:00,0.009032258064515535
2022-04-12 00:00:00+00:00,0.0022387648194100284
2022-04-13 00:00:00+00:00,0.00024451097804357633
2022-04-14 00:00:00+00:00,-0.004403532384771538
2022-04-15 00:00:00+00:00,-0.0009174311926604667
2022-04-17 00:00:00+00:00,0.0013149847094802742
2022-04-18 00:00:00+00:00,0.0015902140672782094
2022-04-19 00:00:00+00:00,0.0007645259938837213
2022-04-20 00:00:00+00:00,0.0006508875739642869
2022-04-21 00:00:00+00:00,-0.006876867589337166
2022-04-22 00:00:00+00:00,-0.027993543151519005
2022-04-24 00:00:00+00:00,-0.0050382366171838
2022-04-25 00:00:00+00:00,0.004256511344624837
2022-04-26 00:00:00+00:00,-0.01499875156054925
2022-04-27 00:00:00+00:00,0.0
2022-04-28 00:00:00+00:00,0.0
2022-04-29 00:00:00+00:00,0.0
2022-05-01 00:00:00+00:00,0.0
2022-05-02 00:00:00+00:00,0.0
2022-05-03 00:00:00+00:00,0.0
2022-05-04 00:00:00+00:00,0.0
2022-05-05 00:00:00+00:00,-0.012804704665891141
2022-05-06 00:00:00+00:00,-0.002046695804495826
2022-05-08 00:00:00+00:00,0.0006585418002993171
2022-05-09 00:00:00+00:00,-0.005388069275176354
2022-05-10 00:00:00+00:00,0.002304896301047777
2022-05-11 00:00:00+00:00,0.0032100215860774843
2022-05-12 00:00:00+00:00,0.0034101676433420636
2022-05-13 00:00:00+00:00,-0.003033541110121452
2022-05-15 00:00:00+00:00,-0.001267438409023427
2022-05-16 00:00:00+00:00,-0.0027693677649155758
2022-05-17 00:00:00+00:00,0.008649572649572798
2022-05-18 00:00:00+00:00,0.012341880341880405
2022-05-19 00:00:00+00:00,0.0
2022-05-20 00:00:00+00:00,0.0
2022-05-22 00:00:00+00:00,0.0
2022-05-23 00:00:00+00:00,0.0
2022-05-24 00:00:00+00:00,-0.006536275493146146
2022-05-25 00:00:00+00:00,0.013808090939485037
2022-05-26 00:00:00+00:00,0.0
2022-05-27 00:00:00+00:00,0.0
2022-05-29 00:00:00+00:00,0.0
2022-05-30 00:00:00+00:00,0.0
2022-05-31 00:00:00+00:00,0.0
2022-06-01 00:00:00+00:00,0.0030654553924996247
2022-06-02 00:00:00+00:00,0.00520690912405394
2022-06-03 00:00:00+00:00,-0.013762188188042715
2022-06-05 00:00:00+00:00,-0.0017918753478014572
2022-06-06 00:00:00+00:00,0.01959376739009338
2022-06-07 00:00:00+00:00,-0.002981977061714931
2022-06-08 00:00:00+00:00,0.011188785727289327
2022-06-09 00:00:00+00:00,0.0018470651588583372
2022-06-10 00:00:00+00:00,0.0057673667205168705
2022-06-12 00:00:00+00:00,0.0
2022-06-13 00:00:00+00:00,0.0005314533622560718
2022-06-14 00:00:00+00:00,-0.02942543909110402
2022-06-15 00:00:00+00:00,0.016340468909275898
2022-06-16 00:00:00+00:00,0.0
2022-06-17 00:00:00+00:00,0.0
2022-06-19 00:00:00+00:00,0.0
2022-06-20 00:00:00+00:00,0.0
2022-06-21 00:00:00+00:00,0.0
2022-06-22 00:00:00+00:00,-0.00021052631578955647
2022-06-23 00:00:00+00:00,0.006900584795321725
2022-06-24 00:00:00+00:00,0.0
2022-06-26 00:00:00+00:00,0.0
2022-06-27 00:00:00+00:00,0.0
2022-06-28 00:00:00+00:00,0.0027755749405234727
2022-06-29 00:00:00+00:00,0.01985197621589308
2022-06-30 00:00:00+00:00,0.012699619771862911
2022-07-01 00:00:00+00:00,0.014497710351504543
2022-07-03 00:00:00+00:00,0.0
2022-07-04 00:00:00+00:00,0.0
2022-07-05 00:00:00+00:00,0.007627586206896405
2022-07-06 00:00:00+00:00,-0.012809195402298643
2022-07-07 00:00:00+00:00,-0.021705524730230675
2022-07-08 00:00:00+00:00,0.0025567620927937746
2022-07-10 00:00:00+00:00,-0.0008292201382034076
2022-07-11 00:00:00+00:00,-0.00484040802895712
2022-07-12 00:00:00+00:00,0.0
2022-07-13 00:00:00+00:00,0.0
2022-07-14 00:00:00+00:00,0.003478105451296114
2022-07-15 00:00:00+00:00,-0.007982126899017115
2022-07-17 00:00:00+00:00,0.0018516532618408532
2022-07-18 00:00:00+00:00,0.006756032171581918
2022-07-19 00:00:00+00:00,0.0012962962962965263
2022-07-20 00:00:00+00:00,0.009495370370370427
2022-07-21 00:00:00+00:00,0.006694900299982383
2022-07-22 00:00:00+00:00,0.0018281277571906762
2022-07-24 00:00:00+00:00,0.0
2022-07-25 00:00:00+00:00,-0.0033497536945809973
2022-07-26 00:00:00+00:00,-0.025802824055366824
2022-07-27 00:00:00+00:00,-0.009151685815943618
2022-07-28 00:00:00+00:00,-0.004137596899224849
2022-07-29 00:00:00+00:00,0.009089147286821862
2022-07-31 00:00:00+00:00,0.0
2022-08-01 00:00:00+00:00,0.0
2022-08-02 00:00:00+00:00,0.003703306523682006
2022-08-03 00:00:00+00:00,0.0020017873100983898
2022-08-04 00:00:00+00:00,-0.002105085318465828
2022-08-05 00:00:00+00:00,-0.0010880216252745765
2022-08-07 00:00:00+00:00,-0.000260179084304647
2022-08-08 00:00:00+00:00,-0.0011589795573579004
2022-08-09 00:00:00+00:00,-0.0021760432505488893
2022-08-10 00:00:00+00:00,0.0
2022-08-11 00:00:00+00:00,0.002148337595907784
2022-08-12 00:00:00+00:00,0.004495595339585232
2022-08-14 00:00:00+00:00,0.0
2022-08-15 00:00:00+00:00,0.0006534021125031634
2022-08-16 00:00:00+00:00,-0.006774748219110622
2022-08-17 00:00:00+00:00,0.019508442880800926
2022-08-18 00:00:00+00:00,0.0
2022-08-19 00:00:00+00:00,-0.00430232558139495
2022-08-21 00:00:00+00:00,-0.001519379844961244
2022-08-22 00:00:00+00:00,0.010174418604650884
2022-08-23 00:00:00+00:00,0.0
2022-08-24 00:00:00+00:00,0.0
2022-08-25 00:00:00+00:00,0.0
2022-08-26 00:00:00+00:00,-0.0034954007884364082
2022-08-28 00:00:00+00:00,-0.0036487078405604513
2022-08-29 00:00:00+00:00,-0.012324166616758395
2022-08-30 00:00:00+00:00,-0.01304669481412503
2022-08-31 00:00:00+00:00,-0.011576486017135772
2022-09-01 00:00:00+00:00,0.009145607701564537
2022-09-02 00:00:00+00:00,-0.007172081829121574
2022-09-04 00:00:00+00:00,0.002815884476534336
2022-09-05 00:00:00+00:00,0.002599277978339305
2022-09-06 00:00:00+00:00,0.005243120215187527
2022-09-07 00:00:00+00:00,0.006730072694535435
2022-09-08 00:00:00+00:00,-0.002681474328021944
2022-09-09 00:00:00+00:00,0.004551746338322919
2022-09-11 00:00:00+00:00,0.00047320135200371066
2022-09-12 00:00:00+00:00,-0.012005472396587714
2022-09-13 00:00:00+00:00,0.0
2022-09-14 00:00:00+00:00,0.0030962152302781787
2022-09-15 00:00:00+00:00,0.001066273603443935
2022-09-16 00:00:00+00:00,-0.012506232098027837
2022-09-18 00:00:00+00:00,0.0003547110055422237
2022-09-19 00:00:00+00:00,0.0002660332541567906
2022-09-20 00:00:00+00:00,0.006806017418844092
2022-09-21 00:00:00+00:00,0.0
2022-09-22 00:00:00+00:00,0.00791850040749787
2022-09-23 00:00:00+00:00,-0.009392928962341623
2022-09-25 00:00:00+00:00,-0.005266841644794332
2022-09-26 00:00:00+00:00,0.017480690263621007
2022-09-27 00:00:00+00:00,-0.0008200333172120455
2022-09-28 00:00:00+00:00,0.0006319522811542444
2022-09-29 00:00:00+00:00,-0.0025584398811830983
2022-09-30 00:00:00+00:00,-0.0017900038744672402
2022-10-02 00:00:00+00:00,0.0014374273537388399
2022-10-03 00:00:00+00:00,-0.015833677351878496
2022-10-04 00:00:00+00:00,-0.0012553062462099774
2022-10-05 00:00:00+00:00,0.0
2022-10-06 00:00:00+00:00,0.0
2022-10-07 00:00:00+00:00,0.003490566037735831
2022-10-09 00:00:00+00:00,-0.0018081761006288972
2022-10-10 00:00:00+00:00,0.004056603773584927
2022-10-11 00:00:00+00:00,-0.001816198908325
2022-10-12 00:00:00+00:00,0.008464312832194381
2022-10-13 00:00:00+00:00,-0.0019492219492219893
2022-10-14 00:00:00+00:00,0.010606060606060713
2022-10-16 00:00:00+00:00,-0.00655473655473664
2022-10-17 00:00:00+00:00,-0.0121021021021021
2022-10-18 00:00:00+00:00,0.0
2022-10-19 00:00:00+00:00,0.0
2022-10-20 00:00:00+00:00,0.016443825441040092
2022-10-21 00:00:00+00:00,0.011767041694242284
2022-10-23 00:00:00+00:00,0.009203617913081885
2022-10-24 00:00:00+00:00,-0.01392896536510022
2022-10-25 00:00:00+00:00,0.006547540260313018
2022-10-26 00:00:00+00:00,0.005137085137085108
2022-10-27 00:00:00+00:00,-0.017146217557176484
2022-10-28 00:00:00+00:00,-0.008865644422550977
2022-10-30 00:00:00+00:00,0.0009283346085181786
2022-10-31 00:00:00+00:00,0.006284111196123619
2022-11-01 00:00:00+00:00,0.00017852588625348777
2022-11-02 00:00:00+00:00,0.0
2022-11-03 00:00:00+00:00,-0.010366404948845944
2022-11-04 00:00:00+00:00,-0.004513442778967364
2022-11-06 00:00:00+00:00,-0.00144896502498221
2022-11-07 00:00:00+00:00,-0.0036711872472044494
2022-11-08 00:00:00+00:00,0.0
2022-11-09 00:00:00+00:00,-0.005294469357249697
2022-11-10 00:00:00+00:00,0.014941704035874524
2022-11-11 00:00:00+00:00,0.0
2022-11-13 00:00:00+00:00,0.0
2022-11-14 00:00:00+00:00,0.0
2022-11-15 00:00:00+00:00,0.0
2022-11-16 00:00:00+00:00,0.0
2022-11-17 00:00:00+00:00,0.0
2022-11-18 00:00:00+00:00,0.0
2022-11-20 00:00:00+00:00,0.0
2022-11-21 00:00:00+00:00,-0.00025205761316837293
2022-11-22 00:00:00+00:00,-0.009747942386831713
2022-11-23 00:00:00+00:00,0.005535632183908063
2022-11-24 00:00:00+00:00,-0.007337931034482659
2022-11-25 00:00:00+00:00,0.001330268199233608
2022-11-27 00:00:00+00:00,0.0002789272030652919
2022-11-28 00:00:00+00:00,0.005943295019156913
2022-11-29 00:00:00+00:00,0.0
2022-11-30 00:00:00+00:00,0.0
2022-12-01 00:00:00+00:00,0.0015363511659808122
2022-12-02 00:00:00+00:00,-0.0035939643347051736
2022-12-04 00:00:00+00:00,-0.00013717421124827045
2022-12-05 00:00:00+00:00,0.007928669410151069
2022-12-06 00:00:00+00:00,0.0
2022-12-07 00:00:00+00:00,0.011833333333333876
2022-12-08 00:00:00+00:00,0.0
2022-12-09 00:00:00+00:00,-0.006102889358703132
2022-12-11 00:00:00+00:00,0.0027625088090204707
2022-12-12 00:00:00+00:00,-0.00167723749119102
2022-12-13 00:00:00+00:00,0.0022445384073290294
2022-12-14 00:00:00+00:00,0.0
2022-12-15 00:00:00+00:00,-0.025920110192837756
2022-12-16 00:00:00+00:00,0.0074018469261248375
2022-12-18 00:00:00+00:00,0.004695612221456514
2022-12-19 00:00:00+00:00,-0.008587181254307557
2022-12-20 00:00:00+00:00,0.004470480128647267
2022-12-21 00:00:00+00:00,-0.014909041769705766
2022-12-22 00:00:00+00:00,-0.0040795780300425
2022-12-23 00:00:00+00:00,-0.0007914230019493518
2022-12-25 00:00:00+00:00,0.0006003898635477528
2022-12-26 00:00:00+00:00,-0.0010370370370371652
2022-12-27 00:00:00+00:00,-0.008946383782740592
2022-12-28 00:00:00+00:00,0.007830868411073243
2022-12-29 00:00:00+00:00,0.0
2022-12-30 00:00:00+00:00,0.005561160151324185
2023-01-01 00:00:00+00:00,-0.0036191677175285153
2023-01-02 00:00:00+00:00,0.0046195880622111616
2023-01-03 00:00:00+00:00,-7.035175879390993e-05
2023-01-04 00:00:00+00:00,-0.00351758793969836
2023-01-05 00:00:00+00:00,0.008254606365159041
2023-01-06 00:00:00+00:00,0.0
2023-01-08 00:00:00+00:00,0.0
2023-01-09 00:00:00+00:00,0.010998263888888749
2023-01-10 00:00:00+00:00,0.0
2023-01-11 00:00:00+00:00,0.004526748971193279
2023-01-12 00:00:00+00:00,-0.015213349192677264
2023-01-13 00:00:00+00:00,0.0076190476190478905
2023-01-15 00:00:00+00:00,0.0
2023-01-16 00:00:00+00:00,0.0
2023-01-17 00:00:00+00:00,-0.012894697976665204
2023-01-18 00:00:00+00:00,-0.006528030045765774
2023-01-19 00:00:00+00:00,-0.000646544614876999
2023-01-20 00:00:00+00:00,0.003301995711693969
2023-01-22 00:00:00+00:00,0.0001616361537190575
2023-01-23 00:00:00+00:00,0.0027709054923307284
2023-01-24 00:00:00+00:00,-0.008367260390161344
2023-01-25 00:00:00+00:00,0.009232400339271024
2023-01-26 00:00:00+00:00,0.0008608990670060002
2023-01-27 00:00:00+00:00,0.0
2023-01-29 00:00:00+00:00,0.0
2023-01-30 00:00:00+00:00,0.0
2023-01-31 00:00:00+00:00,0.00038069340584638865
2023-02-01 00:00:00+00:00,-0.02038069340584627
2023-02-02 00:00:00+00:00,-0.017550415183866956
2023-02-03 00:00:00+00:00,-0.006622182680901581
2023-02-05 00:00:00+00:00,-0.0008511269276394257
2023-02-06 00:00:00+00:00,0.007763938315539649
2023-02-07 00:00:00+00:00,0.002013641755634919
2023-02-08 00:00:00+00:00,-0.0006763285024156699
2023-02-09 00:00:00+00:00,-0.0036990638390787672
2023-02-10 00:00:00+00:00,-0.006194136424044542
2023-02-12 00:00:00+00:00,0.00186180977161035
2023-02-13 00:00:00+00:00,0.004452153801676728
2023-02-14 00:00:00+00:00,0.0011449520586576864
2023-02-15 00:00:00+00:00,0.025228426395939
2023-02-16 00:00:00+00:00,0.009830795262267267
2023-02-17 00:00:00+00:00,-0.0012633953750704442
2023-02-19 00:00:00+00:00,0.0
2023-02-20 00:00:00+00:00,0.0
2023-02-21 00:00:00+00:00,-0.0066218144750253725
2023-02-22 00:00:00+00:00,0.002055045871559762
2023-02-23 00:00:00+00:00,0.004452599388379169
2023-02-24 00:00:00+00:00,0.0011702344546381715
2023-02-26 00:00:00+00:00,0.0
2023-02-27 00:00:00+00:00,0.0
2023-02-28 00:00:00+00:00,-0.0002954175389627625
2023-03-01 00:00:00+00:00,0.00040211953114831526
2023-03-02 00:00:00+00:00,0.0003389830508474173
2023-03-03 00:00:00+00:00,0.007005649717514297
2023-03-05 00:00:00+00:00,0.0
2023-03-06 00:00:00+00:00,0.0
2023-03-07 00:00:00+00:00,-0.0016831491177039842
2023-03-08 00:00:00+00:00,0.004425053325576988
2023-03-09 00:00:00+00:00,0.0041264300950164335
2023-03-10 00:00:00+00:00,0.004774585377248434
2023-03-12 00:00:00+00:00,0.0012099976640974946
2023-03-13 00:00:00+00:00,-0.010497547302032546
2023-03-14 00:00:00+00:00,0.007862785640186536
2023-03-15 00:00:00+00:00,-0.016162812474314
2023-03-16 00:00:00+00:00,0.012942761883626905
2023-03-17 00:00:00+00:00,-0.0017080353386622555
2023-03-19 00:00:00+00:00,0.00157060720796527
2023-03-20 00:00:00+00:00,-0.006086102930865232
2023-03-21 00:00:00+00:00,-2.5840238459694763e-05
2023-03-22 00:00:00+00:00,-0.010536801328168146
2023-03-23 00:00:00+00:00,0.0077992990223206505
2023-03-24 00:00:00+00:00,0.0039254750046116005
2023-03-26 00:00:00+00:00,0.0
2023-03-27 00:00:00+00:00,0.0
2023-03-28 00:00:00+00:00,0.0
2023-03-29 00:00:00+00:00,0.0
2023-03-30 00:00:00+00:00,0.005833333333333762
2023-03-31 00:00:00+00:00,0.003402777777777497
2023-04-02 00:00:00+00:00,0.0
2023-04-03 00:00:00+00:00,0.0031884057971013646
2023-04-04 00:00:00+00:00,2.946251946616546e-06
2023-04-05 00:00:00+00:00,-0.00813165537270093
2023-04-06 00:00:00+00:00,0.010661503710874544
2023-04-07 00:00:00+00:00,0.0
2023-04-09 00:00:00+00:00,0.0
2023-04-10 00:00:00+00:00,0.0
2023-04-11 00:00:00+00:00,0.0
2023-04-12 00:00:00+00:00,-0.009184352892217877
2023-04-13 00:00:00+00:00,-0.008263563774448826
2023-04-14 00:00:00+00:00,-0.011515840352220145
2023-04-16 00:00:00+00:00,-0.0007146503318018573
2023-04-17 00:00:00+00:00,0.010648289943848388
2023-04-18 00:00:00+00:00,0.0
2023-04-19 00:00:00+00:00,0.007828947368421295
2023-04-20 00:00:00+00:00,0.0020979532163744007
2023-04-21 00:00:00+00:00,0.014531317964331915
2023-04-23 00:00:00+00:00,0.000626721763085758
2023-04-24 00:00:00+00:00,-0.0078099173553722
2023-04-25 00:00:00+00:00,-0.013663911845729822
2023-04-26 00:00:00+00:00,0.005612052730696811
2023-04-27 00:00:00+00:00,0.0046494189518165915
2023-04-28 00:00:00+00:00,-0.02046090026044669
2023-04-30 00:00:00+00:00,-0.0007663850294034676
2023-05-01 00:00:00+00:00,0.005982058545798161
2023-05-02 00:00:00+00:00,0.008659112370160302
2023-05-03 00:00:00+00:00,0.0
2023-05-04 00:00:00+00:00,0.0027024875621888657
2023-05-05 00:00:00+00:00,-0.010650370298345181
2023-05-07 00:00:00+00:00,0.00026601520086867947
2023-05-08 00:00:00+00:00,-0.002090119435396526
2023-05-09 00:00:00+00:00,-0.01022801302931565
2023-05-10 00:00:00+00:00,0.0
2023-05-11 00:00:00+00:00,0.0
2023-05-12 00:00:00+00:00,0.0
2023-05-14 00:00:00+00:00,0.0
2023-05-15 00:00:00+00:00,0.0
2023-05-16 00:00:00+00:00,0.0
2023-05-17 00:00:00+00:00,0.004642445213378953
2023-05-18 00:00:00+00:00,0.005692041522491432
2023-05-19 00:00:00+00:00,0.0
2023-05-21 00:00:00+00:00,0.0
2023-05-22 00:00:00+00:00,0.0
2023-05-23 00:00:00+00:00,0.025271317829458042
2023-05-24 00:00:00+00:00,-0.011317829457364634
2023-05-25 00:00:00+00:00,0.0
2023-05-26 00:00:00+00:00,0.0
2023-05-28 00:00:00+00:00,0.0
2023-05-29 00:00:00+00:00,0.0
2023-05-30 00:00:00+00:00,-0.004976525821595945
2023-05-31 00:00:00+00:00,-0.018921303041749573
2023-06-01 00:00:00+00:00,0.0011233777655413803
2023-06-02 00:00:00+00:00,0.003872255489022105
2023-06-04 00:00:00+00:00,0.0021157684630735553
2023-06-05 00:00:00+00:00,0.0009181636726549547
2023-06-06 00:00:00+00:00,0.0
2023-06-07 00:00:00+00:00,0.0
2023-06-08 00:00:00+00:00,-0.0009416195856876705
2023-06-09 00:00:00+00:00,-0.019847854098522934
2023-06-11 00:00:00+00:00,0.0006140350877189458
2023-06-12 00:00:00+00:00,0.01824561403508817
2023-06-13 00:00:00+00:00,0.0
2023-06-14 00:00:00+00:00,0.0
2023-06-15 00:00:00+00:00,0.0
2023-06-16 00:00:00+00:00,0.001865144100054283
2023-06-18 00:00:00+00:00,-0.0024361065796626854
2023-06-19 00:00:00+00:00,0.004605764002174698
2023-06-20 00:00:00+00:00,0.01463646588795346
2023-06-21 00:00:00+00:00,-0.0064145454545456865
2023-06-22 00:00:00+00:00,-0.0035854545454543697
2023-06-23 00:00:00+00:00,0.0
2023-06-25 00:00:00+00:00,0.0
2023-06-26 00:00:00+00:00,0.0
2023-06-27 00:00:00+00:00,0.0
2023-06-28 00:00:00+00:00,-0.008324786324786747
2023-06-29 00:00:00+00:00,0.007259259259258757
2023-06-30 00:00:00+00:00,0.0036296296296293796
2023-07-02 00:00:00+00:00,0.0
2023-07-03 00:00:00+00:00,0.0
2023-07-04 00:00:00+00:00,-0.001103942652330312
2023-07-05 00:00:00+00:00,-0.006272401433691713
2023-07-06 00:00:00+00:00,-0.004068742619180556
2023-07-07 00:00:00+00:00,-0.0013487475915220392
2023-07-09 00:00:00+00:00,-0.00015414258188840347
2023-07-10 00:00:00+00:00,0.018140445889697716
2023-07-11 00:00:00+00:00,-0.0036909090909093586
2023-07-12 00:00:00+00:00,0.010606060606061164
2023-07-13 00:00:00+00:00,0.0
2023-07-14 00:00:00+00:00,0.0
2023-07-16 00:00:00+00:00,0.0
2023-07-17 00:00:00+00:00,0.0
2023-07-18 00:00:00+00:00,-0.0013120567375889856
2023-07-19 00:00:00+00:00,-0.021544844766043195
2023-07-20 00:00:00+00:00,0.0026254434870756917
2023-07-21 00:00:00+00:00,-0.0013955059976349716
2023-07-23 00:00:00+00:00,4.730528805546253e-05
2023-07-24 00:00:00+00:00,0.0010880216252745945
2023-07-25 00:00:00+00:00,-0.020448055145248722
2023-07-26 00:00:00+00:00,-0.0002067946824226588
2023-07-27 00:00:00+00:00,0.0039290989660266925
2023-07-28 00:00:00+00:00,0.0020679468242242923
2023-07-30 00:00:00+00:00,0.0
2023-07-31 00:00:00+00:00,0.0
2023-08-01 00:00:00+00:00,-0.00015981735159815408
2023-08-02 00:00:00+00:00,-0.0002876712328768193
2023-08-03 00:00:00+00:00,-0.0010532206353839006
2023-08-04 00:00:00+00:00,-0.008697872340424835
2023-08-06 00:00:00+00:00,0.001509219858155712
2023-08-07 00:00:00+00:00,0.008459574468084622
2023-08-08 00:00:00+00:00,0.0
2023-08-09 00:00:00+00:00,0.015875527426161364
2023-08-10 00:00:00+00:00,-0.007200000000000325
2023-08-11 00:00:00+00:00,0.016977777777778057
2023-08-13 00:00:00+00:00,0.0
2023-08-14 00:00:00+00:00,0.0
2023-08-15 00:00:00+00:00,0.00010980392156853376
2023-08-16 00:00:00+00:00,-0.014038265222832597
2023-08-17 00:00:00+00:00,-0.00607153869873581
2023-08-18 00:00:00+00:00,0.0
2023-08-20 00:00:00+00:00,0.0
2023-08-21 00:00:00+00:00,0.0
2023-08-22 00:00:00+00:00,-0.0018912011683101038
2023-08-23 00:00:00+00:00,0.017994703491439754
2023-08-24 00:00:00+00:00,-0.005006944444444953
2023-08-25 00:00:00+00:00,-0.0029166666666669374
2023-08-27 00:00:00+00:00,0.0027708333333337255
2023-08-28 00:00:00+00:00,-0.004847222222222066
2023-08-29 00:00:00+00:00,0.0016847172081827096
2023-08-30 00:00:00+00:00,0.005020457280384998
2023-08-31 00:00:00+00:00,-0.0009208103130753837
2023-09-01 00:00:00+00:00,0.0006998158379370464
2023-09-03 00:00:00+00:00,-0.00018416206261507678
2023-09-04 00:00:00+00:00,-0.0033517495395946418
2023-09-05 00:00:00+00:00,0.005650565983406998
2023-09-06 00:00:00+00:00,0.005533732994606666
2023-09-07 00:00:00+00:00,0.0015726730857404678
2023-09-08 00:00:00+00:00,-0.0027281063732233694
2023-09-10 00:00:00+00:00,0.0008023842274188898
2023-09-11 00:00:00+00:00,0.005103163686382014
2023-09-12 00:00:00+00:00,-0.00039917055469134544
2023-09-13 00:00:00+00:00,0.006241575946086262
2023-09-14 00:00:00+00:00,0.0
2023-09-15 00:00:00+00:00,0.0
2023-09-17 00:00:00+00:00,0.0
2023-09-18 00:00:00+00:00,-0.004026143790849598
2023-09-19 00:00:00+00:00,0.007183006535947971
2023-09-20 00:00:00+00:00,-0.008521446078432035
2023-09-21 00:00:00+00:00,-0.02557298417584746
2023-09-22 00:00:00+00:00,-0.007772737092244681
2023-09-24 00:00:00+00:00,-0.00027219701879432234
2023-09-25 00:00:00+00:00,-0.001017498379779973
2023-09-26 00:00:00+00:00,0.0
2023-09-27 00:00:00+00:00,-0.0021112844513781555
2023-09-28 00:00:00+00:00,9.213736695715125e-05
2023-09-29 00:00:00+00:00,0.009808529155787643
2023-10-01 00:00:00+00:00,0.0
2023-10-02 00:00:00+00:00,0.0
2023-10-03 00:00:00+00:00,0.013129943502824782
2023-10-04 00:00:00+00:00,0.0
2023-10-05 00:00:00+00:00,0.0
2023-10-06 00:00:00+00:00,0.004953445065176877
2023-10-08 00:00:00+00:00,-0.0035630043451267026
2023-10-09 00:00:00+00:00,0.008147549559986018
2023-10-10 00:00:00+00:00,0.0036515701814071903
2023-10-11 00:00:00+00:00,-0.0012034383954154417
2023-10-12 00:00:00+00:00,0.004992040751353126
2023-10-13 00:00:00+00:00,-0.000562770562770404
2023-10-15 00:00:00+00:00,-0.0015584415584416734
2023-10-16 00:00:00+00:00,0.006666666666666598
2023-10-17 00:00:00+00:00,-0.004016877637130106
2023-10-18 00:00:00+00:00,0.001417721518987405
2023-10-19 00:00:00+00:00,-0.02520690448791822
2023-10-20 00:00:00+00:00,0.010052688737082375
2023-10-22 00:00:00+00:00,0.0015105973025051434
2023-10-23 00:00:00+00:00,0.0018882466281308274
2023-10-24 00:00:00+00:00,0.0
2023-10-25 00:00:00+00:00,0.0
2023-10-26 00:00:00+00:00,0.01634747474747512
2023-10-27 00:00:00+00:00,-0.0043555555555558415
2023-10-29 00:00:00+00:00,0.0
2023-10-30 00:00:00+00:00,0.003792224346717724
2023-10-31 00:00:00+00:00,0.008744423199489933
2023-11-01 00:00:00+00:00,0.006826003824091902
2023-11-02 00:00:00+00:00,-0.009725940089229102
2023-11-03 00:00:00+00:00,-0.0035929203539825333
2023-11-05 00:00:00+00:00,0.0026843657817111357
2023-11-06 00:00:00+00:00,-0.009091445427728374
2023-11-07 00:00:00+00:00,0.0
2023-11-08 00:00:00+00:00,0.0
2023-11-09 00:00:00+00:00,0.0
2023-11-10 00:00:00+00:00,0.003950920245398544
2023-11-12 00:00:00+00:00,-0.0018895705521468807
2023-11-13 00:00:00+00:00,0.013914110429447292
2023-11-14 00:00:00+00:00,0.0038330675172780215
2023-11-15 00:00:00+00:00,0.004986709197235633
2023-11-16 00:00:00+00:00,0.008646864686468844
2023-11-17 00:00:00+00:00,-0.00851485148514858
2023-11-19 00:00:00+00:00,-0.0011881188118809075
2023-11-20 00:00:00+00:00,0.004620462046204098
2023-11-21 00:00:00+00:00,-0.003705904607236468
2023-11-22 00:00:00+00:00,0.010518478035922863
2023-11-23 00:00:00+00:00,-0.021994091580501564
2023-11-24 00:00:00+00:00,0.0
2023-11-26 00:00:00+00:00,0.0
2023-11-27 00:00:00+00:00,0.004295454545454465
2023-11-28 00:00:00+00:00,-0.009386363636363984
2023-11-29 00:00:00+00:00,-0.005956099456099217
2023-11-30 00:00:00+00:00,-0.010556466966419712
2023-12-01 00:00:00+00:00,-0.023397684310278583
2023-12-03 00:00:00+00:00,0.0006170262120158504
2023-12-04 00:00:00+00:00,0.004578983994432561
2023-12-05 00:00:00+00:00,-0.0026629552308046977
2023-12-06 00:00:00+00:00,-0.00025980051032233054
2023-12-07 00:00:00+00:00,0.0
2023-12-08 00:00:00+00:00,0.008265922826591889
2023-12-10 00:00:00+00:00,0.0
2023-12-11 00:00:00+00:00,0.007543224768797875
2023-12-12 00:00:00+00:00,0.0009483065953655168
2023-12-13 00:00:00+00:00,-0.01601290607856992
2023-12-14 00:00:00+00:00,-0.004935400516795443
2023-12-15 00:00:00+00:00,0.0
2023-12-17 00:00:00+00:00,0.0
2023-12-18 00:00:00+00:00,0.0038467943380517443
2023-12-19 00:00:00+00:00,0.00707188454066019
2023-12-20 00:00:00+00:00,0.0004993514915696507
2023-12-21 00:00:00+00:00,-0.00877231737083478
2023-12-22 00:00:00+00:00,0.0017270341207351713
2023-12-25 00:00:00+00:00,-0.002461942257217607
2023-12-26 00:00:00+00:00,0.0011758530183726308
2023-12-27 00:00:00+00:00,0.013576422563011208
2023-12-28 00:00:00+00:00,0.005015842557697405
2023-12-29 00:00:00+00:00,0.0068353021742853124
2024-01-01 00:00:00+00:00,-0.0013888888888890288
2024-01-02 00:00:00+00:00,0.004595959595959749
2024-01-03 00:00:00+00:00,-0.01641883519206995
2024-01-04 00:00:00+00:00,-0.0035811648079303437
2024-01-05 00:00:00+00:00,0.0
2024-01-07 00:00:00+00:00,0.0
2024-01-08 00:00:00+00:00,0.0
2024-01-09 00:00:00+00:00,0.0
2024-01-10 00:00:00+00:00,0.0
2024-01-11 00:00:00+00:00,0.0
2024-01-12 00:00:00+00:00,0.0
2024-01-14 00:00:00+00:00,0.0018824265165730393
2024-01-15 00:00:00+00:00,0.002363977485928639
2024-01-16 00:00:00+00:00,0.009444444444444096
2024-01-17 00:00:00+00:00,0.01990624999999985
2024-01-18 00:00:00+00:00,0.020562499999999286
2024-01-19 00:00:00+00:00,-0.018520833333333032
2024-01-21 00:00:00+00:00,0.0
2024-01-22 00:00:00+00:00,0.0
2024-01-23 00:00:00+00:00,0.0027582534611278265
2024-01-24 00:00:00+00:00,-0.005996453241589131
2024-01-25 00:00:00+00:00,0.003919728302109211
2024-01-26 00:00:00+00:00,0.0047427293064874485
2024-01-28 00:00:00+00:00,-0.002953020134228146
2024-01-29 00:00:00+00:00,-0.008840811401854576
2024-01-30 00:00:00+00:00,0.008599250936329652
2024-01-31 00:00:00+00:00,0.0
2024-02-01 00:00:00+00:00,0.0
2024-02-02 00:00:00+00:00,0.0
2024-02-04 00:00:00+00:00,0.0
2024-02-05 00:00:00+00:00,-0.0036080430472957416
2024-02-06 00:00:00+00:00,0.010070801472670721
2024-02-07 00:00:00+00:00,0.0
2024-02-08 00:00:00+00:00,0.0
2024-02-09 00:00:00+00:00,0.0
2024-02-11 00:00:00+00:00,0.0
2024-02-12 00:00:00+00:00,0.0
2024-02-13 00:00:00+00:00,-0.009815181518151835
2024-02-14 00:00:00+00:00,0.013306930693069279
2024-02-15 00:00:00+00:00,0.005404732254047331
2024-02-16 00:00:00+00:00,-0.0007555002075548018
2024-02-18 00:00:00+00:00,0.00017434620174331671
2024-02-19 00:00:00+00:00,0.006973848069738472
2024-02-20 00:00:00+00:00,0.0034768211920526986
2024-02-21 00:00:00+00:00,7.726269315638356e-05
2024-02-22 00:00:00+00:00,0.0024724061810154248
2024-02-23 00:00:00+00:00,-0.007693282636248224
2024-02-25 00:00:00+00:00,-0.001537811575834645
2024-02-26 00:00:00+00:00,0.01117870722433517
2024-02-27 00:00:00+00:00,0.0
2024-02-28 00:00:00+00:00,0.0
2024-02-29 00:00:00+00:00,0.0
2024-03-01 00:00:00+00:00,0.002449850618864872
2024-03-03 00:00:00+00:00,0.0011352966282545337
2024-03-04 00:00:00+00:00,0.0030473751600513287
2024-03-05 00:00:00+00:00,-0.001889927310488438
2024-03-06 00:00:00+00:00,0.0074870197300106155
2024-03-07 00:00:00+00:00,-0.000327085630283332
2024-03-08 00:00:00+00:00,-0.0212427410771584
2024-03-10 00:00:00+00:00,0.00261637784573536
2024-03-11 00:00:00+00:00,0.010084947332653822
2024-03-12 00:00:00+00:00,0.0
2024-03-13 00:00:00+00:00,0.0
2024-03-14 00:00:00+00:00,0.0
2024-03-15 00:00:00+00:00,0.0
2024-03-17 00:00:00+00:00,0.0
2024-03-18 00:00:00+00:00,0.012214199759325726
2024-03-19 00:00:00+00:00,-0.0011793020457273485
2024-03-20 00:00:00+00:00,0.0
2024-03-21 00:00:00+00:00,-0.004402356902357293
2024-03-22 00:00:00+00:00,0.001643651024654115
2024-03-24 00:00:00+00:00,-0.0008964781216652218
2024-03-25 00:00:00+00:00,0.0013447171824978333
2024-03-26 00:00:00+00:00,0.0030878690857343506
2024-03-27 00:00:00+00:00,0.0010468319559230111
2024-03-28 00:00:00+00:00,-0.01210400563445634
2024-03-29 00:00:00+00:00,-0.005207121111810181
2024-03-31 00:00:00+00:00,-0.0011859381617957288
2024-04-01 00:00:00+00:00,0.00978398983481542
2024-04-02 00:00:00+00:00,0.0
2024-04-03 00:00:00+00:00,0.005088265835928842
2024-04-04 00:00:00+00:00,-0.004942886812045806
2024-04-05 00:00:00+00:00,-0.0015991692627206544
2024-04-07 00:00:00+00:00,-0.002544132917964421
2024-04-08 00:00:00+00:00,0.001090342679127609
2024-04-09 00:00:00+00:00,0.00027330405075674867
2024-04-10 00:00:00+00:00,0.009282251504798987
2024-04-11 00:00:00+00:00,-0.012794411177644755
2024-04-12 00:00:00+00:00,0.004912862202701949
2024-04-14 00:00:00+00:00,-0.0028701594533030238
2024-04-15 00:00:00+00:00,-0.00839787395596048
2024-04-16 00:00:00+00:00,0.008610478359909069
2024-04-17 00:00:00+00:00,0.005697796261585507
2024-04-18 00:00:00+00:00,0.0035681557846504544
2024-04-19 00:00:00+00:00,-0.019891444689430417
2024-04-21 00:00:00+00:00,0.0010019267822737531
2024-04-22 00:00:00+00:00,-0.0013079344256317384
2024-04-23 00:00:00+00:00,0.015941686367218582
2024-04-24 00:00:00+00:00,0.0
2024-04-25 00:00:00+00:00,0.0
2024-04-26 00:00:00+00:00,0.0
2024-04-28 00:00:00+00:00,0.0
2024-04-29 00:00:00+00:00,-0.007576628352490098
2024-04-30 00:00:00+00:00,0.006034482758619958
2024-05-01 00:00:00+00:00,0.01025862068965527
2024-05-02 00:00:00+00:00,0.0
2024-05-03 00:00:00+00:00,-0.003989637305699586
2024-05-05 00:00:00+00:00,-0.00018134715025959036
2024-05-06 00:00:00+00:00,0.0033246977547499905
2024-05-07 00:00:00+00:00,-0.014446474940100193
2024-05-08 00:00:00+00:00,0.003969478559232509
2024-05-09 00:00:00+00:00,-0.018676716917922605
2024-05-10 00:00:00+00:00,0.0
2024-05-12 00:00:00+00:00,0.0
2024-05-13 00:00:00+00:00,-6.619385342832858e-05
2024-05-14 00:00:00+00:00,0.00046335697399536044
2024-05-15 00:00:00+00:00,-0.002682011126052028
2024-05-16 00:00:00+00:00,-0.003816604708798025
2024-05-17 00:00:00+00:00,-0.018994522777765477
2024-05-19 00:00:00+00:00,-0.0004142011834316148
2024-05-20 00:00:00+00:00,-0.01129407673459857
2024-05-21 00:00:00+00:00,-0.0030148048452215376
2024-05-22 00:00:00+00:00,-0.008930966033051404
2024-05-23 00:00:00+00:00,-0.006484018264840006
2024-05-24 00:00:00+00:00,0.0
2024-05-26 00:00:00+00:00,0.0
2024-05-27 00:00:00+00:00,0.0
2024-05-28 00:00:00+00:00,0.008089780324736916
2024-05-29 00:00:00+00:00,0.012633517495394563
2024-05-30 00:00:00+00:00,0.0
2024-05-31 00:00:00+00:00,-0.007978938841636366
2024-06-02 00:00:00+00:00,-0.0009072498987447264
2024-06-03 00:00:00+00:00,0.0026083434588903788
2024-06-04 00:00:00+00:00,0.0
2024-06-05 00:00:00+00:00,-0.0011295116772824822
2024-06-06 00:00:00+00:00,0.009333333333333466
2024-06-07 00:00:00+00:00,-0.004791373652133888
2024-06-09 00:00:00+00:00,-0.021553835103247827
2024-06-10 00:00:00+00:00,-0.0027398365928892904
2024-06-11 00:00:00+00:00,-0.014860571154307873
2024-06-12 00:00:00+00:00,0.009728395061727683
2024-06-13 00:00:00+00:00,0.0031389545573945665
2024-06-14 00:00:00+00:00,0.007322695035460837
2024-06-16 00:00:00+00:00,0.0
2024-06-17 00:00:00+00:00,0.0
2024-06-18 00:00:00+00:00,0.0
2024-06-19 00:00:00+00:00,0.0
2024-06-20 00:00:00+00:00,0.0
2024-06-21 00:00:00+00:00,0.012113821138210246
2024-06-23 00:00:00+00:00,0.0
2024-06-24 00:00:00+00:00,0.002174154187464858
2024-06-25 00:00:00+00:00,0.010331494214980603
2024-06-26 00:00:00+00:00,0.01174475680499759
2024-06-27 00:00:00+00:00,-0.0029361892012492244
2024-06-28 00:00:00+00:00,0.0026819923371645456
2024-06-30 00:00:00+00:00,-0.007938697318008128
2024-07-01 00:00:00+00:00,-0.004894157088121806
2024-07-02 00:00:00+00:00,0.00784482758620687
2024-07-03 00:00:00+00:00,0.0
2024-07-04 00:00:00+00:00,0.0
2024-07-05 00:00:00+00:00,0.003451676528599288
2024-07-07 00:00:00+00:00,-0.01100312918716118
2024-07-08 00:00:00+00:00,-0.0010829817158930933
2024-07-09 00:00:00+00:00,0.003150492264416172
2024-07-10 00:00:00+00:00,-0.005808297567954428
2024-07-11 00:00:00+00:00,-0.017349122368897702
2024-07-12 00:00:00+00:00,-0.011092434120358367
2024-07-14 00:00:00+00:00,-0.005632807939288051
2024-07-15 00:00:00+00:00,0.0046666666666662976
2024-07-16 00:00:00+00:00,-0.0012777777777774858
2024-07-17 00:00:00+00:00,0.01860389610389552
2024-07-18 00:00:00+00:00,-0.0007204116638081935
2024-07-19 00:00:00+00:00,-0.008180554519766629
2024-07-21 00:00:00+00:00,-0.011099033816424731
2024-07-22 00:00:00+00:00,0.0
2024-07-23 00:00:00+00:00,0.0
2024-07-24 00:00:00+00:00,-0.000875000000000351
2024-07-25 00:00:00+00:00,0.0111805555555556
2024-07-26 00:00:00+00:00,0.0022857142857137967
2024-07-28 00:00:00+00:00,0.0014603174603171874
2024-07-29 00:00:00+00:00,0.006930891330891965
2024-07-30 00:00:00+00:00,0.0
2024-07-31 00:00:00+00:00,0.0
2024-08-01 00:00:00+00:00,0.00432783766645551
2024-08-02 00:00:00+00:00,-0.020457634992889145
2024-08-04 00:00:00+00:00,-0.003320396722725276
2024-08-05 00:00:00+00:00,-0.010593109072693934
2024-08-06 00:00:00+00:00,-0.014296072507552772
2024-08-07 00:00:00+00:00,-0.0007049345417924624
2024-08-08 00:00:00+00:00,-0.0017482376636456833
2024-08-09 00:00:00+00:00,0.0
2024-08-11 00:00:00+00:00,0.0
2024-08-12 00:00:00+00:00,0.0
2024-08-13 00:00:00+00:00,0.0
2024-08-14 00:00:00+00:00,0.0004950176792025749
2024-08-15 00:00:00+00:00,0.010530376084860224
2024-08-16 00:00:00+00:00,0.00245169082125517
2024-08-18 00:00:00+00:00,-0.002874396135265718
2024-08-19 00:00:00+00:00,0.015809178743961448
2024-08-20 00:00:00+00:00,-0.0009299516908217021
2024-08-21 00:00:00+00:00,0.0
2024-08-22 00:00:00+00:00,-0.009829683698297322
2024-08-23 00:00:00+00:00,-0.020170316301702802
2024-08-25 00:00:00+00:00,0.0
2024-08-26 00:00:00+00:00,0.0
2024-08-27 00:00:00+00:00,-0.0004425711275022582
2024-08-28 00:00:00+00:00,0.00022359302531246676
2024-08-29 00:00:00+00:00,-0.0077372262773722665
2024-08-30 00:00:00+00:00,0.005206812652068269
2024-09-01 00:00:00+00:00,0.0
2024-09-02 00:00:00+00:00,0.0
2024-09-03 00:00:00+00:00,0.0
2024-09-04 00:00:00+00:00,0.0
2024-09-05 00:00:00+00:00,0.0
2024-09-06 00:00:00+00:00,0.00033392963625556593
2024-09-08 00:00:00+00:00,-0.000417412045318994
2024-09-09 00:00:00+00:00,0.0
2024-09-10 00:00:00+00:00,0.0075968992248062455
2024-09-11 00:00:00+00:00,0.002199183160540638
2024-09-12 00:00:00+00:00,0.00219918316054015
2024-09-13 00:00:00+00:00,0.0
2024-09-15 00:00:00+00:00,0.0
2024-09-16 00:00:00+00:00,0.0013196229648671292
2024-09-17 00:00:00+00:00,0.0068980291345326905
2024-09-18 00:00:00+00:00,0.0020505992010655372
2024-09-19 00:00:00+00:00,-0.010739960903193077
2024-09-20 00:00:00+00:00,-0.009214184397163134
2024-09-22 00:00:00+00:00,0.0013900709219856712
2024-09-23 00:00:00+00:00,-0.020579858156027968
2024-09-24 00:00:00+00:00,0.005273333333333164
2024-09-25 00:00:00+00:00,0.011246666666666764
2024-09-26 00:00:00+00:00,0.0
2024-09-27 00:00:00+00:00,0.0
2024-09-29 00:00:00+00:00,0.0
2024-09-30 00:00:00+00:00,0.0017196531791907638
2024-10-01 00:00:00+00:00,0.005024084778419944
2024-10-02 00:00:00+00:00,0.0
2024-10-03 00:00:00+00:00,-0.016888888888888703
2024-10-04 00:00:00+00:00,0.015619702176403032
2024-10-06 00:00:00+00:00,0.0
2024-10-07 00:00:00+00:00,0.0
2024-10-08 00:00:00+00:00,0.0
2024-10-09 00:00:00+00:00,0.0
2024-10-10 00:00:00+00:00,0.0
2024-10-11 00:00:00+00:00,0.0
2024-10-13 00:00:00+00:00,0.0
2024-10-14 00:00:00+00:00,-0.006058479532164083
2024-10-15 00:00:00+00:00,-0.009242725287112747
2024-10-16 00:00:00+00:00,0.024096385542167847
2024-10-17 00:00:00+00:00,0.00011774600504615659
2024-10-18 00:00:00+00:00,0.0023549201009253106
2024-10-20 00:00:00+00:00,3.9248668348573494e-05
2024-10-21 00:00:00+00:00,0.004749088870199195
2024-10-22 00:00:00+00:00,0.0
2024-10-23 00:00:00+00:00,-0.0019239766081869817
2024-10-24 00:00:00+00:00,0.0073684210526311
2024-10-25 00:00:00+00:00,0.0
2024-10-27 00:00:00+00:00,0.0
2024-10-28 00:00:00+00:00,0.0
2024-10-29 00:00:00+00:00,-0.008239891267414205
2024-10-30 00:00:00+00:00,0.030302412504247003
2024-10-31 00:00:00+00:00,0.028352021746517245
2024-11-01 00:00:00+00:00,-0.027495752633367076
2024-11-03 00:00:00+00:00,0.0
2024-11-04 00:00:00+00:00,0.0
2024-11-05 00:00:00+00:00,0.0
2024-11-06 00:00:00+00:00,-0.002967769846420009
2024-11-07 00:00:00+00:00,-0.007032230153579824
2024-11-08 00:00:00+00:00,0.0
2024-11-10 00:00:00+00:00,0.0
2024-11-11 00:00:00+00:00,0.0
2024-11-12 00:00:00+00:00,0.0
2024-11-13 00:00:00+00:00,0.0
2024-11-14 00:00:00+00:00,0.0
2024-11-15 00:00:00+00:00,0.0015424285044540631
2024-11-17 00:00:00+00:00,0.00029535864978877337
2024-11-18 00:00:00+00:00,-0.002198781059540712
2024-11-19 00:00:00+00:00,9.845288326292452e-05
2024-11-20 00:00:00+00:00,0.0033802156586968998
2024-11-21 00:00:00+00:00,0.0
2024-11-22 00:00:00+00:00,0.0
2024-11-24 00:00:00+00:00,0.0
2024-11-25 00:00:00+00:00,0.0
2024-11-26 00:00:00+00:00,0.00607046070460655
2024-11-27 00:00:00+00:00,0.0047425474254740654
2024-11-28 00:00:00+00:00,0.0
2024-11-29 00:00:00+00:00,-0.0005870020964361934
2024-12-01 00:00:00+00:00,-0.0019287211740043031
2024-12-02 00:00:00+00:00,0.00015105090576815212
2024-12-03 00:00:00+00:00,0.008547008547008954
2024-12-04 00:00:00+00:00,0.0
2024-12-05 00:00:00+00:00,0.0
2024-12-06 00:00:00+00:00,0.0
2024-12-08 00:00:00+00:00,0.0
2024-12-09 00:00:00+00:00,0.0
2024-12-10 00:00:00+00:00,-0.013440860215053595
2024-12-11 00:00:00+00:00,-0.008164874551971306
2024-12-12 00:00:00+00:00,0.016107526881720513
2024-12-13 00:00:00+00:00,-0.012722541769378204
2024-12-15 00:00:00+00:00,-0.0008436044919204388
2024-12-16 00:00:00+00:00,0.014072856751575132
2024-12-17 00:00:00+00:00,0.007975897014516875
2024-12-18 00:00:00+00:00,0.0
2024-12-19 00:00:00+00:00,0.0
2024-12-20 00:00:00+00:00,0.0
2024-12-22 00:00:00+00:00,0.0
2024-12-23 00:00:00+00:00,0.0
2024-12-24 00:00:00+00:00,0.0
2024-12-25 00:00:00+00:00,0.0
2024-12-26 00:00:00+00:00,7.419183889738338e-05
2024-12-27 00:00:00+00:00,0.013206147323794373
2024-12-29 00:00:00+00:00,0.0
2024-12-30 00:00:00+00:00,0.010082304526748862
2024-12-31 00:00:00+00:00,0.0033177083333332308
2025-01-01 00:00:00+00:00,-0.0029531249999999354
2025-01-02 00:00:00+00:00,0.008968750000000119
2025-01-03 00:00:00+00:00,0.0
2025-01-05 00:00:00+00:00,0.0
2025-01-06 00:00:00+00:00,0.0036411889596602537
2025-01-07 00:00:00+00:00,0.0033067940552019364
2025-01-08 00:00:00+00:00,-0.013992869875222767
2025-01-09 00:00:00+00:00,-0.006082962633844183
2025-01-10 00:00:00+00:00,-0.00877019452687077
2025-01-12 00:00:00+00:00,-0.0010616551269368234
2025-01-13 00:00:00+00:00,-0.0100923178371252
2025-01-14 00:00:00+00:00,-0.001615384615384876
2025-01-15 00:00:00+00:00,0.011953846153846648
2025-01-16 00:00:00+00:00,0.0
2025-01-17 00:00:00+00:00,0.0
2025-01-19 00:00:00+00:00,0.0
2025-01-20 00:00:00+00:00,0.005926716471006958
2025-01-21 00:00:00+00:00,0.005428673070082067
2025-01-22 00:00:00+00:00,0.0
2025-01-23 00:00:00+00:00,-0.0022950819672129855
2025-01-24 00:00:00+00:00,0.0030889608642941857
2025-01-26 00:00:00+00:00,-0.001982467970330456
2025-01-27 00:00:00+00:00,-0.006616939695635638
2025-01-28 00:00:00+00:00,-0.00030882352941150824
2025-01-29 00:00:00+00:00,-0.0057107843137254675
2025-01-30 00:00:00+00:00,0.0
2025-01-31 00:00:00+00:00,0.0
2025-02-02 00:00:00+00:00,0.002139611730689991
2025-02-03 00:00:00+00:00,-0.009005283372480908
2025-02-04 00:00:00+00:00,0.0017680826636050362
2025-02-05 00:00:00+00:00,0.004661308840413223
2025-02-06 00:00:00+00:00,0.007683615819208841
2025-02-07 00:00:00+00:00,0.011450094161958822
2025-02-09 00:00:00+00:00,0.0
2025-02-10 00:00:00+00:00,0.0
2025-02-11 00:00:00+00:00,0.0
2025-02-12 00:00:00+00:00,0.0
2025-02-13 00:00:00+00:00,0.0
2025-02-14 00:00:00+00:00,0.0
2025-02-16 00:00:00+00:00,0.0
2025-02-17 00:00:00+00:00,-0.0018940248027052742
2025-02-18 00:00:00+00:00,-0.01743706007644073
2025-02-19 00:00:00+00:00,0.0022428330522764038
2025-02-20 00:00:00+00:00,0.0024395727937045874
2025-02-21 00:00:00+00:00,-0.002596964586846523
2025-02-23 00:00:00+00:00,0.0013771781899942293
2025-02-24 00:00:00+00:00,0.0
2025-02-25 00:00:00+00:00,-0.001162514827995489
2025-02-26 00:00:00+00:00,0.017382364570976742
2025-02-27 00:00:00+00:00,0.010794780545670204
2025-02-28 00:00:00+00:00,0.0016053776196131686
2025-03-02 00:00:00+00:00,-0.006809015421115383
2025-03-03 00:00:00+00:00,0.0
2025-03-04 00:00:00+00:00,-0.009754869774567644
2025-03-05 00:00:00+00:00,-0.021983585793922848
2025-03-06 00:00:00+00:00,-0.008261544431509154
2025-03-07 00:00:00+00:00,0.0
2025-03-09 00:00:00+00:00,0.0
2025-03-10 00:00:00+00:00,0.0
2025-03-11 00:00:00+00:00,0.0016666666666659852
2025-03-12 00:00:00+00:00,0.014635416666666826
2025-03-13 00:00:00+00:00,0.0
2025-03-14 00:00:00+00:00,0.0
2025-03-16 00:00:00+00:00,0.0
2025-03-17 00:00:00+00:00,0.0
2025-03-18 00:00:00+00:00,0.0
2025-03-19 00:00:00+00:00,0.0
2025-03-20 00:00:00+00:00,-0.007034372501998402
2025-03-21 00:00:00+00:00,0.0008393285371701587
2025-03-23 00:00:00+00:00,0.005987210231814544
2025-03-24 00:00:00+00:00,-0.019792166266986384
2025-03-25 00:00:00+00:00,-0.005427594070695561
2025-03-26 00:00:00+00:00,0.015484606613454499
2025-03-27 00:00:00+00:00,0.0
2025-03-28 00:00:00+00:00,0.016072695035461625
2025-03-30 00:00:00+00:00,0.0
2025-03-31 00:00:00+00:00,-7.070707070714326e-05
2025-04-01 00:00:00+00:00,0.006540404040404275
2025-04-02 00:00:00+00:00,0.0
2025-04-03 00:00:00+00:00,-0.005528748049453881
2025-04-04 00:00:00+00:00,-0.015467929691409846
2025-04-06 00:00:00+00:00,-0.002148394241417295
2025-04-07 00:00:00+00:00,-0.012120879327283913
2025-04-08 00:00:00+00:00,-0.0021483789085034277
2025-04-09 00:00:00+00:00,-0.0025856697819314723
2025-04-10 00:00:00+00:00,-0.0023262411347517577
2025-04-11 00:00:00+00:00,-0.006663209170634059
2025-04-13 00:00:00+00:00,0.0015935591338144994
2025-04-14 00:00:00+00:00,0.005195261891541867
2025-04-15 00:00:00+00:00,0.0
2025-04-16 00:00:00+00:00,0.0
2025-04-17 00:00:00+00:00,0.0
2025-04-18 00:00:00+00:00,0.0
2025-04-20 00:00:00+00:00,0.0
2025-04-21 00:00:00+00:00,0.0
2025-04-22 00:00:00+00:00,0.00027203674262511355
2025-04-23 00:00:00+00:00,0.00913564185438368
2025-04-24 00:00:00+00:00,-0.0017922205809945766
2025-04-25 00:00:00+00:00,0.0006663384211390354
2025-04-27 00:00:00+00:00,0.00011488593467912645
2025-04-28 00:00:00+00:00,-0.009745028422178673
2025-04-29 00:00:00+00:00,0.000773674956041195
2025-04-30 00:00:00+00:00,0.007807083647324856
2025-05-01 00:00:00+00:00,0.0
2025-05-02 00:00:00+00:00,0.004816617981174715
2025-05-04 00:00:00+00:00,-0.007270366764037354
2025-05-05 00:00:00+00:00,0.009542356377799373
2025-05-06 00:00:00+00:00,0.001285672256546331
2025-05-07 00:00:00+00:00,0.006425419240953212
2025-05-08 00:00:00+00:00,0.0009012271172805087
2025-05-09 00:00:00+00:00,-0.007125326895996931
2025-05-11 00:00:00+00:00,-0.0030444501254579745
2025-05-12 00:00:00+00:00,-0.020706806195329792
2025-05-13 00:00:00+00:00,-0.0034857265507621062
2025-05-14 00:00:00+00:00,0.006580811332904113
2025-05-15 00:00:00+00:00,0.0
2025-05-16 00:00:00+00:00,0.0024335378323113877
2025-05-18 00:00:00+00:00,0.002194955691887726
2025-05-19 00:00:00+00:00,0.0024335378323108586
2025-05-20 00:00:00+00:00,0.0
2025-05-21 00:00:00+00:00,-0.005659955257270426
2025-05-22 00:00:00+00:00,0.007561521252796328
2025-05-23 00:00:00+00:00,-0.0005490196078426711
2025-05-25 00:00:00+00:00,0.004209150326797029
2025-05-26 00:00:00+00:00,-0.0030653594771239507
2025-05-27 00:00:00+00:00,-0.002928104575163283
2025-05-28 00:00:00+00:00,0.0034771241830064623
2025-05-29 00:00:00+00:00,0.027257383966244917
2025-05-30 00:00:00+00:00,0.002531645569620453
2025-06-01 00:00:00+00:00,-0.0018565400843881764
2025-06-02 00:00:00+00:00,0.007932489451476794
2025-06-03 00:00:00+00:00,0.0
2025-06-04 00:00:00+00:00,0.0
2025-06-05 00:00:00+00:00,0.0
2025-06-06 00:00:00+00:00,0.0
2025-06-08 00:00:00+00:00,0.0
2025-06-09 00:00:00+00:00,0.0
2025-06-10 00:00:00+00:00,-0.012175502742230185
2025-06-11 00:00:00+00:00,-0.007423063566013338
2025-06-12 00:00:00+00:00,-0.0156933357633194
2025-06-13 00:00:00+00:00,0.0027871939736348527
2025-06-15 00:00:00+00:00,-0.0019209039548022456
2025-06-16 00:00:00+00:00,7.532956685464498e-05
2025-06-17 00:00:00+00:00,-0.008995241864315592
2025-06-18 00:00:00+00:00,-0.0018035426731075783
2025-06-19 00:00:00+00:00,0.008115942028985145
2025-06-20 00:00:00+00:00,0.0
2025-06-22 00:00:00+00:00,0.0
2025-06-23 00:00:00+00:00,0.010906583936574087
2025-06-24 00:00:00+00:00,0.0025984848484848543
2025-06-25 00:00:00+00:00,0.002863636363636346
2025-06-26 00:00:00+00:00,-0.007954545454545341
2025-06-27 00:00:00+00:00,0.00042424242424226905
2025-06-29 00:00:00+00:00,0.0
2025-06-30 00:00:00+00:00,-0.01232710002968225
2025-07-01 00:00:00+00:00,-0.001786880379934877
2025-07-02 00:00:00+00:00,-0.007435251749371497
2025-07-03 00:00:00+00:00,0.010180668473351485
2025-07-04 00:00:00+00:00,-0.005406504065040661
2025-07-06 00:00:00+00:00,-0.00015808491418245861
2025-07-07 00:00:00+00:00,0.0023712737127372352
2025-07-08 00:00:00+00:00,0.0
2025-07-09 00:00:00+00:00,0.0
2025-07-10 00:00:00+00:00,0.0
2025-07-11 00:00:00+00:00,-0.011568306010928434
2025-07-13 00:00:00+00:00,0.0032513661202187077
2025-07-14 00:00:00+00:00,-0.011466609892839924
2025-07-15 00:00:00+00:00,0.009004329004328867
2025-07-16 00:00:00+00:00,0.003419913419913713
2025-07-17 00:00:00+00:00,0.0022414698162729367
2025-07-18 00:00:00+00:00,0.006356955380577385
2025-07-20 00:00:00+00:00,0.0
2025-07-21 00:00:00+00:00,0.0
2025-07-22 00:00:00+00:00,0.003964517229614431
2025-07-23 00:00:00+00:00,0.008167860798362766
2025-07-24 00:00:00+00:00,-0.008541666666666602
2025-07-25 00:00:00+00:00,-0.017711751747189267
2025-07-27 00:00:00+00:00,-0.004784930173086671
2025-07-28 00:00:00+00:00,0.021925100588053623
2025-07-29 00:00:00+00:00,0.0
2025-07-30 00:00:00+00:00,0.00025725836089726824
2025-07-31 00:00:00+00:00,0.013583241455346973
2025-08-01 00:00:00+00:00,-0.0025986917823239896
2025-08-03 00:00:00+00:00,0.0025760792639773463
2025-08-04 00:00:00+00:00,0.0024109459778249714
2025-08-05 00:00:00+00:00,0.001486199575371377
2025-08-06 00:00:00+00:00,-0.00828969096485019
2025-08-07 00:00:00+00:00,0.0023349548297430314
2025-08-08 00:00:00+00:00,-0.008593930970581481
2025-08-10 00:00:00+00:00,0.0032429928190873037
2025-08-11 00:00:00+00:00,-0.0069840166782487
2025-08-12 00:00:00+00:00,0.0
2025-08-13 00:00:00+00:00,-0.0009867330016584302
2025-08-14 00:00:00+00:00,-0.0047925616513565025
2025-08-15 00:00:00+00:00,0.01242320819112614
2025-08-17 00:00:00+00:00,0.0
2025-08-18 00:00:00+00:00,0.0
2025-08-19 00:00:00+00:00,0.0
2025-08-20 00:00:00+00:00,-0.000438184663536726
2025-08-21 00:00:00+00:00,-0.0007887323943660094
2025-08-22 00:00:00+00:00,0.007608740847355139
2025-08-24 00:00:00+00:00,-0.0006812652068128697
2025-08-25 00:00:00+00:00,0.007110705596107405
2025-08-26 00:00:00+00:00,0.0
2025-08-27 00:00:00+00:00,-0.003738644304681636
2025-08-28 00:00:00+00:00,0.008071278825995919
2025-08-29 00:00:00+00:00,0.005958781362007118
2025-08-31 00:00:00+00:00,-0.002320788530465798
2025-09-01 00:00:00+00:00,0.007965949820788368
2025-09-02 00:00:00+00:00,-0.0077894736842105735
2025-09-03 00:00:00+00:00,0.006447368421052466
2025-09-04 00:00:00+00:00,0.0
2025-09-05 00:00:00+00:00,0.0
2025-09-07 00:00:00+00:00,0.0
2025-09-08 00:00:00+00:00,0.0
2025-09-09 00:00:00+00:00,-0.004326241134750889
2025-09-10 00:00:00+00:00,-0.0060000991915888
2025-09-11 00:00:00+00:00,-0.009673659673660063
2025-09-12 00:00:00+00:00,0.0
2025-09-14 00:00:00+00:00,0.0
2025-09-15 00:00:00+00:00,0.007609427609427256
2025-09-16 00:00:00+00:00,-0.01810350697991085
2025-09-17 00:00:00+00:00,0.008961525366019848
2025-09-18 00:00:00+00:00,-0.010010214504596633
2025-09-19 00:00:00+00:00,-0.008527361892561314
2025-09-21 00:00:00+00:00,0.0009797421731124716
2025-09-22 00:00:00+00:00,-0.007476979742173524
2025-09-23 00:00:00+00:00,-0.005823204419889612
2025-09-24 00:00:00+00:00,0.0
2025-09-25 00:00:00+00:00,0.001300097751710849
2025-09-26 00:00:00+00:00,0.007732160312806186
2025-09-28 00:00:00+00:00,0.0
2025-09-29 00:00:00+00:00,0.0
2025-09-30 00:00:00+00:00,0.0
2025-10-01 00:00:00+00:00,-0.005677378701953335
2025-10-02 00:00:00+00:00,0.006439823566477956
2025-10-03 00:00:00+00:00,-4.410838059211386e-05
2025-10-05 00:00:00+00:00,0.0
2025-10-06 00:00:00+00:00,0.003951612903225653
2025-10-07 00:00:00+00:00,0.008702956989247558
2025-10-08 00:00:00+00:00,0.009768888888888562
2025-10-09 00:00:00+00:00,0.008337777777777758
2025-10-10 00:00:00+00:00,0.0017406624383374397
2025-10-12 00:00:00+00:00,0.0006412966878081417
2025-10-13 00:00:00+00:00,0.007004933051444629
2025-10-14 00:00:00+00:00,0.003060648801128725
2025-10-15 00:00:00+00:00,0.003817583450869636
2025-10-16 00:00:00+00:00,0.0
2025-10-17 00:00:00+00:00,0.0
2025-10-19 00:00:00+00:00,0.0
2025-10-20 00:00:00+00:00,0.0
2025-10-21 00:00:00+00:00,0.0
2025-10-22 00:00:00+00:00,0.0
2025-10-23 00:00:00+00:00,-0.0049091677228558115
2025-10-24 00:00:00+00:00,-0.012725396602512463
2025-10-26 00:00:00+00:00,0.00097996620806185
2025-10-27 00:00:00+00:00,-0.0009123823316437266
2025-10-28 00:00:00+00:00,-0.01199762232175943
2025-10-29 00:00:00+00:00,-0.00366212949661358
2025-10-30 00:00:00+00:00,-0.00011480114801159403
2025-10-31 00:00:00+00:00,0.005740057400573955
2025-11-02 00:00:00+00:00,0.0
2025-11-03 00:00:00+00:00,0.0
2025-11-04 00:00:00+00:00,-0.00035377900298626377
2025-11-05 00:00:00+00:00,0.004020215943027704
2025-11-06 00:00:00+00:00,0.0027659085688030295
2025-11-07 00:00:00+00:00,0.0
2025-11-09 00:00:00+00:00,0.0
2025-11-10 00:00:00+00:00,-0.001783439490445683
2025-11-11 00:00:00+00:00,0.021401273885350177
2025-11-12 00:00:00+00:00,0.011830148619957948
2025-11-13 00:00:00+00:00,-0.0010106157112526849
2025-11-14 00:00:00+00:00,0.01231693989071071
2025-11-16 00:00:00+00:00,-0.000994535519126245
2025-11-17 00:00:00+00:00,0.0
2025-11-18 00:00:00+00:00,0.0
2025-11-19 00:00:00+00:00,0.0
2025-11-20 00:00:00+00:00,0.0
2025-11-21 00:00:00+00:00,-0.0026254622292657265
2025-11-23 00:00:00+00:00,-0.0012572636027470142
2025-11-24 00:00:00+00:00,0.010243000528262413
2025-11-25 00:00:00+00:00,0.007004002287021337
2025-11-26 00:00:00+00:00,-0.011726700971984052
2025-11-27 00:00:00+00:00,0.00019918640864155512
2025-11-28 00:00:00+00:00,-0.0014565126924675949
2025-11-30 00:00:00+00:00,0.002330420307948152
2025-12-01 00:00:00+00:00,0.0020973782771537253
2025-12-02 00:00:00+00:00,-0.0009150326797389423
2025-12-03 00:00:00+00:00,0.015352869505306222
2025-12-04 00:00:00+00:00,-0.00018158236057067015
2025-12-05 00:00:00+00:00,-0.0025421530479897854
2025-12-07 00:00:00+00:00,0.0007989623865110293
2025-12-08 00:00:00+00:00,0.005156939040207516
2025-12-09 00:00:00+00:00,0.0
2025-12-10 00:00:00+00:00,0.012064128256513299
2025-12-11 00:00:00+00:00,-0.009374301675977918
2025-12-12 00:00:00+00:00,-0.005180277997798529
2025-12-14 00:00:00+00:00,-0.0007026348808037397
2025-12-15 00:00:00+00:00,-0.002576327896277131
2025-12-16 00:00:00+00:00,0.011066499372647533
2025-12-17 00:00:00+00:00,0.0
2025-12-18 00:00:00+00:00,0.0070862470862473135
2025-12-19 00:00:00+00:00,0.004708624708624412
2025-12-21 00:00:00+00:00,0.0
2025-12-22 00:00:00+00:00,0.0003645833333330171
2025-12-23 00:00:00+00:00,-0.0037065972222221555
2025-12-24 00:00:00+00:00,-0.00552951388888859
2025-12-25 00:00:00+00:00,-0.005225694444444185
2025-12-26 00:00:00+00:00,0.0
2025-12-28 00:00:00+00:00,0.0
2025-12-29 00:00:00+00:00,0.0005803462570108825
2025-12-30 00:00:00+00:00,0.0031065593757619286
2025-12-31 00:00:00+00:00,0.008759200841219778
2026-01-01 00:00:00+00:00,0.0
2026-01-02 00:00:00+00:00,-4.4828690361627414e-05
2026-01-04 00:00:00+00:00,0.0014793467819401748
2026-01-05 00:00:00+00:00,-0.023833271985659706
2026-01-06 00:00:00+00:00,0.0003489096573212272
2026-01-07 00:00:00+00:00,0.008373831775700735
2026-01-08 00:00:00+00:00,0.0
2026-01-09 00:00:00+00:00,0.0
2026-01-11 00:00:00+00:00,0.0
2026-01-12 00:00:00+00:00,0.0
2026-01-13 00:00:00+00:00,0.01253527980535264
2026-01-14 00:00:00+00:00,0.0
2026-01-15 00:00:00+00:00,0.0
2026-01-16 00:00:00+00:00,0.0
2026-01-18 00:00:00+00:00,0.0
2026-01-19 00:00:00+00:00,0.005357826253348376
2026-01-20 00:00:00+00:00,-0.02188513327837265
2026-01-21 00:00:00+00:00,0.00988733168452868
2026-01-22 00:00:00+00:00,0.0010002748007695995
2026-01-23 00:00:00+00:00,0.0026558265582656442
2026-01-25 00:00:00+00:00,0.003452574525745043
2026-01-26 00:00:00+00:00,0.0014417344173443148
2026-01-27 00:00:00+00:00,0.0029593495934958727
2026-01-28 00:00:00+00:00,0.0015236648949630265
2026-01-29 00:00:00+00:00,0.0009212857504430436
2026-01-30 00:00:00+00:00,-0.0028347253859782634
2026-02-01 00:00:00+00:00,0.0009212857504430438
2026-02-02 00:00:00+00:00,-0.0009255301214835974
2026-02-03 00:00:00+00:00,-0.0011857229280098863
2026-02-04 00:00:00+00:00,-0.004664246823956353
2026-02-05 00:00:00+00:00,-0.01857905982905953
2026-02-06 00:00:00+00:00,0.007528490028490289
2026-02-08 00:00:00+00:00,-0.0026424501424502688
2026-02-09 00:00:00+00:00,-0.0024430199430201483
2026-02-10 00:00:00+00:00,0.002517806267806686
2026-02-11 00:00:00+00:00,0.0
2026-02-12 00:00:00+00:00,0.0
2026-02-13 00:00:00+00:00,0.0
2026-02-15 00:00:00+00:00,-0.0010116242538488174
2026-02-16 00:00:00+00:00,0.00035186930568679997
2026-02-17 00:00:00+00:00,0.018253220232484435
2026-02-18 00:00:00+00:00,-0.0018912975180648407
2026-02-19 00:00:00+00:00,0.0
2026-02-20 00:00:00+00:00,0.0
2026-02-22 00:00:00+00:00,0.0
2026-02-23 00:00:00+00:00,0.0
2026-02-24 00:00:00+00:00,0.0012034383954159938
2026-02-25 00:00:00+00:00,-0.0065520534861518475
2026-02-26 00:00:00+00:00,0.011009290314726233
2026-02-27 00:00:00+00:00,-0.0033842664369794287
2026-03-01 00:00:00+00:00,-0.004793939393939759
2026-03-02 00:00:00+00:00,0.015103030303030476
2026-03-03 00:00:00+00:00,0.0
2026-03-04 00:00:00+00:00,0.0
2026-03-05 00:00:00+00:00,0.0
2026-03-06 00:00:00+00:00,-0.004981595092024489
2026-03-08 00:00:00+00:00,-0.003572679643806567
2026-03-09 00:00:00+00:00,-0.0026224783861670932
2026-03-10 00:00:00+00:00,-0.00040345821325650456
2026-03-11 00:00:00+00:00,-0.008608417066793626
2026-03-12 00:00:00+00:00,0.0012449474535167824
2026-03-13 00:00:00+00:00,0.004677984370789661
2026-03-15 00:00:00+00:00,0.0
2026-03-16 00:00:00+00:00,0.0
2026-03-17 00:00:00+00:00,0.0
2026-03-18 00:00:00+00:00,0.0
2026-03-19 00:00:00+00:00,-0.001745325022261705
2026-03-20 00:00:00+00:00,0.020279014544375237
2026-03-22 00:00:00+00:00,-0.0006648857227661442
2026-03-23 00:00:00+00:00,-0.012383496586524623
2026-03-24 00:00:00+00:00,0.0
2026-03-25 00:00:00+00:00,0.0
2026-03-26 00:00:00+00:00,0.0
2026-03-27 00:00:00+00:00,-0.01775510204081561
2026-03-29 00:00:00+00:00,-0.003370903321114228
2026-03-30 00:00:00+00:00,-0.006922847780756379
2026-03-31 00:00:00+00:00,-0.0032212096626166335
2026-04-01 00:00:00+00:00,0.008629913933472701
2026-04-02 00:00:00+00:00,-0.0040707141195626155
2026-04-03 00:00:00+00:00,-0.0001628285647824901
2026-04-05 00:00:00+00:00,0.0
2026-04-06 00:00:00+00:00,0.0
2026-04-07 00:00:00+00:00,0.00500912741876577
2026-04-08 00:00:00+00:00,-0.003802968960863304
2026-04-09 00:00:00+00:00,0.000151147098515253
2026-04-10 00:00:00+00:00,0.0022672064777329894
2026-04-12 00:00:00+00:00,0.0
2026-04-13 00:00:00+00:00,0.0
2026-04-14 00:00:00+00:00,-0.0019228737453780105
2026-04-15 00:00:00+00:00,0.00539883782356061
2026-04-16 00:00:00+00:00,0.0011093502377177988
2026-04-17 00:00:00+00:00,0.019335038363172293
2026-04-19 00:00:00+00:00,-0.0017902813299244147
2026-04-20 00:00:00+00:00,0.0
2026-04-21 00:00:00+00:00,0.0
2026-04-22 00:00:00+00:00,-0.018102981029809874
2026-04-23 00:00:00+00:00,0.0034146341463412917
2026-04-24 00:00:00+00:00,-0.00999096657633237
2026-04-26 00:00:00+00:00,0.0011382113821142314
2026-04-27 00:00:00+00:00,-0.0020234869015355547
2026-04-28 00:00:00+00:00,0.0
2026-04-29 00:00:00+00:00,0.0
2026-04-30 00:00:00+00:00,-0.01565947242206193
2026-05-01 00:00:00+00:00,0.005323741007194091
2026-05-03 00:00:00+00:00,-0.0001438848920862116
2026-05-04 00:00:00+00:00,0.004892086330935456
2026-05-05 00:00:00+00:00,0.0
2026-05-06 00:00:00+00:00,0.0
2026-05-07 00:00:00+00:00,-0.0018867924528299569
2026-05-08 00:00:00+00:00,0.007861635220125517
2026-05-10 00:00:00+00:00,0.006336206896551799
2026-05-11 00:00:00+00:00,-0.0009051724137928752
2026-05-12 00:00:00+00:00,-0.005637400344948338
2026-05-13 00:00:00+00:00,0.008275620846450265
2026-05-14 00:00:00+00:00,-0.010464344941956635
2026-05-15 00:00:00+00:00,-0.00611387506909907
2026-05-17 00:00:00+00:00,-0.0005417357656164768
2026-05-18 00:00:00+00:00,0.013117744610281985
2026-05-19 00:00:00+00:00,0.0
2026-05-20 00:00:00+00:00,0.0
2026-05-21 00:00:00+00:00,0.0
2026-05-22 00:00:00+00:00,0.0
2026-05-24 00:00:00+00:00,0.0
2026-05-25 00:00:00+00:00,-0.004142011834319804
2026-05-26 00:00:00+00:00,0.014819197896119945
2026-05-27 00:00:00+00:00,0.002551252847380598
2026-05-28 00:00:00+00:00,-0.01255125284738068
2026-05-29 00:00:00+00:00,0.0
2026-05-31 00:00:00+00:00,0.0
2026-06-01 00:00:00+00:00,0.0012855831037647922
2026-06-02 00:00:00+00:00,-0.003921028466483044
2026-06-03 00:00:00+00:00,0.005078053259871929
2026-06-04 00:00:00+00:00,0.000642791551882396
2026-06-05 00:00:00+00:00,0.0
2026-06-07 00:00:00+00:00,0.0
2026-06-08 00:00:00+00:00,0.0
2026-06-09 00:00:00+00:00,-0.006666666666666843
2026-06-10 00:00:00+00:00,0.006750957854407298
2026-06-11 00:00:00+00:00,0.004076628352490959
2026-06-12 00:00:00+00:00,0.0
2026-06-14 00:00:00+00:00,0.0
2026-06-15 00:00:00+00:00,-0.00020497803806717555
2026-06-16 00:00:00+00:00,-0.0050561249389943766
2026-06-17 00:00:00+00:00,-0.004738897022938611
2026-06-18 00:00:00+00:00,-0.0069061302681989924
2026-06-19 00:00:00+00:00,0.0069061302681989924
2026-06-21 00:00:00+00:00,-0.011633416807244881
2026-06-22 00:00:00+00:00,0.004405063573438011
2026-06-23 00:00:00+00:00,-0.002311926605504518
2026-06-24 00:00:00+00:00,-0.004691131498471524
2026-06-25 00:00:00+00:00,0.0
2026-06-26 00:00:00+00:00,0.012617079889807441
2026-06-28 00:00:00+00:00,0.0024793388429749743
2026-06-29 00:00:00+00:00,0.0
2026-06-30 00:00:00+00:00,0.012737254901960404
2026-07-01 00:00:00+00:00,-0.02702928870292965
2026-07-02 00:00:00+00:00,-0.005695973873080562
2026-07-03 00:00:00+00:00,0.002244333886124993
2026-07-05 00:00:00+00:00,-0.0009286898839138203
2026-07-06 00:00:00+00:00,-0.018590381426201577
2026-07-07 00:00:00+00:00,0.0
2026-07-08 00:00:00+00:00,-0.002368541380886863
2026-07-09 00:00:00+00:00,-0.002432556012802436
2026-07-10 00:00:00+00:00,-0.0003469807411564012
2026-07-12 00:00:00+00:00,0.001676118462507029
2026-07-13 00:00:00+00:00,0.009439193446754592
2026-07-14 00:00:00+00:00,0.005555555555555431
2026-07-15 00:00:00+00:00,-0.014958101968702873
2026-07-16 00:00:00+00:00,0.006497055359246316
2026-07-17 00:00:00+00:00,0.004287396937573545
2026-07-19 00:00:00+00:00,0.0
2026-07-20 00:00:00+00:00,0.0
2026-07-21 00:00:00+00:00,0.002575145805294049
2026-07-22 00:00:00+00:00,-0.005652759084791594
2026-07-23 00:00:00+00:00,-0.006922386720502456
2026-07-24 00:00:00+00:00,0.0
2026-07-26 00:00:00+00:00,0.0
2026-07-27 00:00:00+00:00,0.0003975014196478807
2026-07-28 00:00:00+00:00,-0.011470298354514024
2026-07-29 00:00:00+00:00,-0.004988505747126276
2026-07-30 00:00:00+00:00,-0.003938697318008046
2026-07-31 00:00:00+00:00,0.0
2026-08-02 00:00:00+00:00,0.0
2026-08-03 00:00:00+00:00,0.0
2026-08-04 00:00:00+00:00,0.0
2026-08-05 00:00:00+00:00,-0.000996168582375247
2026-08-06 00:00:00+00:00,0.010498084291188108
2026-08-07 00:00:00+00:00,0.0
2026-08-09 00:00:00+00:00,0.0
2026-08-10 00:00:00+00:00,-0.008791018998273132
2026-08-11 00:00:00+00:00,-0.00072538860103658
2026-08-12 00:00:00+00:00,-0.003143350604490654
2026-08-13 00:00:00+00:00,0.006286701208981307
2026-08-14 00:00:00+00:00,0.0
2026-08-16 00:00:00+00:00,0.0
2026-08-17 00:00:00+00:00,0.010623306233062109
2026-08-18 00:00:00+00:00,0.005452898550725139
2026-08-19 00:00:00+00:00,-0.02648849725622725
2026-08-20 00:00:00+00:00,0.01106796116504891
2026-08-21 00:00:00+00:00,0.002524271844660304
2026-08-23 00:00:00+00:00,0.0
2026-08-24 00:00:00+00:00,0.0
2026-08-25 00:00:00+00:00,0.0
2026-08-26 00:00:00+00:00,0.0
2026-08-27 00:00:00+00:00,0.0046090534979428615
2026-08-28 00:00:00+00:00,0.012194787379972843
2026-08-30 00:00:00+00:00,-0.000576131687242325
2026-08-31 00:00:00+00:00,-0.0060493827160497384
2026-09-01 00:00:00+00:00,0.0
2026-09-02 00:00:00+00:00,-0.006469500924214499
2026-09-03 00:00:00+00:00,-0.0056330631783506075
2026-09-04 00:00:00+00:00,0.0027122507122506532
2026-09-06 00:00:00+00:00,0.0
2026-09-07 00:00:00+00:00,0.004068376068375983
2026-09-08 00:00:00+00:00,0.010065359477124104
2026-09-09 00:00:00+00:00,0.004026143790849641
2026-09-10 00:00:00+00:00,0.0
2026-09-11 00:00:00+00:00,0.005240816358007463
2026-09-13 00:00:00+00:00,-0.0018286311389758775
2026-09-14 00:00:00+00:00,-0.02146290491118099
2026-09-15 00:00:00+00:00,0.007680250783699231
2026-09-16 00:00:00+00:00,0.005559038662486962
2026-09-17 00:00:00+00:00,-0.00518089216719322
2026-09-18 00:00:00+00:00,0.00890059711977585
2026-09-20 00:00:00+00:00,0.0
2026-09-21 00:00:00+00:00,0.0
2026-09-22 00:00:00+00:00,0.0
2026-09-23 00:00:00+00:00,-0.00021084337349379023
2026-09-24 00:00:00+00:00,-0.008785140562249324
2026-09-25 00:00:00+00:00,-0.0010040160642567765
2026-09-27 00:00:00+00:00,0.0
2026-09-28 00:00:00+00:00,0.0068899917287014905
2026-09-29 00:00:00+00:00,-0.004168734491314771
