time,ret
2017-05-22 00:00:00+00:00,0.0
2017-05-26 00:00:00+00:00,0.0
2017-06-01 00:00:00+00:00,0.0
2017-06-02 00:00:00+00:00,0.0
2017-08-03 00:00:00+00:00,0.0
2017-08-14 00:00:00+00:00,0.0
2017-08-30 00:00:00+00:00,0.0
2017-08-31 00:00:00+00:00,0.0
2017-09-05 00:00:00+00:00,0.0
2017-09-18 00:00:00+00:00,0.0
2017-09-21 00:00:00+00:00,0.0
2017-09-22 00:00:00+00:00,0.0
2017-10-02 00:00:00+00:00,0.0
2017-10-03 00:00:00+00:00,0.0
2017-10-06 00:00:00+00:00,0.0
2017-10-09 00:00:00+00:00,0.0
2017-10-16 00:00:00+00:00,0.0
2017-10-19 00:00:00+00:00,0.0
2017-10-20 00:00:00+00:00,0.0
2017-10-23 00:00:00+00:00,0.0
2017-10-30 00:00:00+00:00,0.0
2017-11-13 00:00:00+00:00,0.0
2017-11-17 00:00:00+00:00,0.0
2017-11-20 00:00:00+00:00,0.0
2017-11-27 00:00:00+00:00,0.0
2017-12-04 00:00:00+00:00,-0.0001232943707240819
2017-12-11 00:00:00+00:00,0.01916707000817511
2017-12-18 00:00:00+00:00,0.021140234714078682
2017-12-25 00:00:00+00:00,-0.02582602716735153
2018-01-01 00:00:00+00:00,0.0
2018-01-08 00:00:00+00:00,0.0
2018-01-15 00:00:00+00:00,0.0
2018-01-17 00:00:00+00:00,0.0
2018-01-19 00:00:00+00:00,0.0
2018-01-21 00:00:00+00:00,0.0
2018-01-28 00:00:00+00:00,0.0
2018-02-02 00:00:00+00:00,0.0
2018-02-04 00:00:00+00:00,0.0
2018-02-09 00:00:00+00:00,0.0
2018-02-10 00:00:00+00:00,0.0
2018-02-11 00:00:00+00:00,0.0
2018-02-13 00:00:00+00:00,0.0
2018-02-14 00:00:00+00:00,0.0
2018-02-15 00:00:00+00:00,0.0
2018-02-16 00:00:00+00:00,0.0
2018-02-17 00:00:00+00:00,0.0
2018-02-18 00:00:00+00:00,0.0
2018-02-19 00:00:00+00:00,0.0
2018-02-20 00:00:00+00:00,-0.0009784468906017714
2018-02-21 00:00:00+00:00,-0.004021553109398229
2018-02-22 00:00:00+00:00,0.0
2018-02-23 00:00:00+00:00,0.0
2018-02-24 00:00:00+00:00,0.0
2018-02-25 00:00:00+00:00,0.0
2018-02-26 00:00:00+00:00,0.0
2018-02-27 00:00:00+00:00,-0.0008563666581437046
2018-02-28 00:00:00+00:00,-0.0016247123497826646
2018-03-01 00:00:00+00:00,0.003756647916133984
2018-03-02 00:00:00+00:00,0.0007198926105855331
2018-03-03 00:00:00+00:00,0.0027285860393761107
2018-03-04 00:00:00+00:00,-0.004801265660956267
2018-03-05 00:00:00+00:00,-0.0005944771158271539
2018-03-06 00:00:00+00:00,0.000342488555174744
2018-03-07 00:00:00+00:00,0.013902852737085572
2018-03-08 00:00:00+00:00,0.011463377023901308
2018-03-09 00:00:00+00:00,-0.0062174248265227305
2018-03-10 00:00:00+00:00,0.009606784888203542
2018-03-11 00:00:00+00:00,-0.008289899768696984
2018-03-12 00:00:00+00:00,-0.0020015420200462895
2018-03-13 00:00:00+00:00,0.0
2018-03-14 00:00:00+00:00,0.004183484638595386
2018-03-15 00:00:00+00:00,-0.00020003485401729804
2018-03-16 00:00:00+00:00,0.0010974059217743407
2018-03-17 00:00:00+00:00,0.006973201056512028
2018-03-18 00:00:00+00:00,-0.0014501104563574463
2018-03-19 00:00:00+00:00,-0.0009957269085855737
2018-03-20 00:00:00+00:00,0.0
2018-03-21 00:00:00+00:00,0.0
2018-03-22 00:00:00+00:00,0.0
2018-03-23 00:00:00+00:00,0.0
2018-03-24 00:00:00+00:00,0.0
2018-03-25 00:00:00+00:00,0.0
2018-03-26 00:00:00+00:00,-0.0007696301503664028
2018-03-27 00:00:00+00:00,0.008785527213439157
2018-03-28 00:00:00+00:00,-0.0008424393854709974
2018-03-29 00:00:00+00:00,0.017220722618293296
2018-03-30 00:00:00+00:00,0.0006704461977261776
2018-03-31 00:00:00+00:00,-0.0008448053783548026
2018-04-01 00:00:00+00:00,0.003393319846685008
2018-04-02 00:00:00+00:00,-0.003013979669725043
2018-04-03 00:00:00+00:00,-0.005280824417905136
2018-04-04 00:00:00+00:00,0.0
2018-04-05 00:00:00+00:00,0.0
2018-04-06 00:00:00+00:00,0.0
2018-04-07 00:00:00+00:00,0.0
2018-04-08 00:00:00+00:00,0.0
2018-04-09 00:00:00+00:00,0.0
2018-04-10 00:00:00+00:00,0.0
2018-04-11 00:00:00+00:00,0.0
2018-04-12 00:00:00+00:00,0.0
2018-04-13 00:00:00+00:00,0.0
2018-04-14 00:00:00+00:00,0.0
2018-04-15 00:00:00+00:00,0.0
2018-04-16 00:00:00+00:00,0.0
2018-04-17 00:00:00+00:00,0.0
2018-04-18 00:00:00+00:00,0.0
2018-04-19 00:00:00+00:00,0.0
2018-04-20 00:00:00+00:00,0.008366377694230423
2018-04-21 00:00:00+00:00,-0.0011712231936161235
2018-04-22 00:00:00+00:00,0.0007169221221127583
2018-04-23 00:00:00+00:00,0.00545401137615854
2018-04-24 00:00:00+00:00,0.01900475842514051
2018-04-25 00:00:00+00:00,-0.016237097912590294
2018-04-26 00:00:00+00:00,0.0
2018-04-27 00:00:00+00:00,0.0
2018-04-28 00:00:00+00:00,0.0
2018-04-29 00:00:00+00:00,0.0
2018-04-30 00:00:00+00:00,0.0
2018-05-01 00:00:00+00:00,0.0
2018-05-02 00:00:00+00:00,0.0
2018-05-03 00:00:00+00:00,0.007349680776242167
2018-05-04 00:00:00+00:00,8.490765664509784e-05
2018-05-05 00:00:00+00:00,0.00490108808393204
2018-05-06 00:00:00+00:00,-0.005708747501602832
2018-05-07 00:00:00+00:00,-0.007862744501432367
2018-05-08 00:00:00+00:00,0.0
2018-05-09 00:00:00+00:00,0.0
2018-05-10 00:00:00+00:00,0.0
2018-05-11 00:00:00+00:00,0.0
2018-05-12 00:00:00+00:00,0.0
2018-05-13 00:00:00+00:00,0.0
2018-05-14 00:00:00+00:00,0.0
2018-05-15 00:00:00+00:00,0.0
2018-05-16 00:00:00+00:00,-0.0018032664513056797
2018-05-17 00:00:00+00:00,0.0025688618901144123
2018-05-18 00:00:00+00:00,-0.0016035341510186737
2018-05-19 00:00:00+00:00,0.00013135304186669014
2018-05-20 00:00:00+00:00,-0.0013549723934671112
2018-05-21 00:00:00+00:00,0.0
2018-05-22 00:00:00+00:00,0.0
2018-05-23 00:00:00+00:00,0.005209618540473562
2018-05-24 00:00:00+00:00,-0.0011281020797749442
2018-05-25 00:00:00+00:00,0.001833908257700063
2018-05-26 00:00:00+00:00,0.0020139544749210236
2018-05-27 00:00:00+00:00,-0.00014722529220670633
2018-05-28 00:00:00+00:00,0.0059655294114589
2018-05-29 00:00:00+00:00,-0.012462975233287588
2018-05-30 00:00:00+00:00,-0.00087965990843689
2018-05-31 00:00:00+00:00,0.0
2018-06-01 00:00:00+00:00,0.0
2018-06-02 00:00:00+00:00,0.0
2018-06-03 00:00:00+00:00,0.0
2018-06-04 00:00:00+00:00,0.0
2018-06-05 00:00:00+00:00,0.0
2018-06-06 00:00:00+00:00,0.0
2018-06-07 00:00:00+00:00,0.0
2018-06-08 00:00:00+00:00,0.0
2018-06-09 00:00:00+00:00,0.0
2018-06-10 00:00:00+00:00,0.02314916573303423
2018-06-11 00:00:00+00:00,-0.004590471210658367
2018-06-12 00:00:00+00:00,0.017788116183366866
2018-06-13 00:00:00+00:00,0.01071406483435774
2018-06-14 00:00:00+00:00,-0.018757528782333444
2018-06-15 00:00:00+00:00,0.0
2018-06-16 00:00:00+00:00,0.0
2018-06-17 00:00:00+00:00,0.0
2018-06-18 00:00:00+00:00,0.0
2018-06-19 00:00:00+00:00,0.0
2018-06-20 00:00:00+00:00,0.0
2018-06-21 00:00:00+00:00,0.0
2018-06-22 00:00:00+00:00,0.010613689948033715
2018-06-23 00:00:00+00:00,-0.004656635486187459
2018-06-24 00:00:00+00:00,0.0036080303524988998
2018-06-25 00:00:00+00:00,-0.004302754643610421
2018-06-26 00:00:00+00:00,0.005312539462053277
2018-06-27 00:00:00+00:00,-0.0021621416845561225
2018-06-28 00:00:00+00:00,0.0037903775729258606
2018-06-29 00:00:00+00:00,-0.0026253314812476236
2018-06-30 00:00:00+00:00,-0.0014830155322641725
2018-07-01 00:00:00+00:00,0.0
2018-07-02 00:00:00+00:00,0.0
2018-07-03 00:00:00+00:00,0.0
2018-07-04 00:00:00+00:00,0.0
2018-07-05 00:00:00+00:00,0.0
2018-07-06 00:00:00+00:00,0.0
2018-07-07 00:00:00+00:00,0.0
2018-07-08 00:00:00+00:00,0.0
2018-07-09 00:00:00+00:00,0.0
2018-07-10 00:00:00+00:00,0.0011303064875787848
2018-07-11 00:00:00+00:00,-0.004368032074200987
2018-07-12 00:00:00+00:00,0.0065868599464324745
2018-07-13 00:00:00+00:00,0.0006032995592876019
2018-07-14 00:00:00+00:00,-0.0012675293163101314
2018-07-15 00:00:00+00:00,-0.003550712238827367
2018-07-16 00:00:00+00:00,0.0
2018-07-17 00:00:00+00:00,0.0
2018-07-18 00:00:00+00:00,0.0
2018-07-19 00:00:00+00:00,0.0
2018-07-20 00:00:00+00:00,0.0
2018-07-21 00:00:00+00:00,0.0
2018-07-22 00:00:00+00:00,0.0
2018-07-23 00:00:00+00:00,-0.000733048977790856
2018-07-24 00:00:00+00:00,0.01159648477717312
2018-07-25 00:00:00+00:00,-0.003910452517527092
2018-07-26 00:00:00+00:00,-0.004816100406922601
2018-07-27 00:00:00+00:00,0.0
2018-07-28 00:00:00+00:00,0.0
2018-07-29 00:00:00+00:00,0.0
2018-07-30 00:00:00+00:00,-0.0013999999999999991
2018-07-31 00:00:00+00:00,0.008542131979695437
2018-08-01 00:00:00+00:00,0.004349238578680205
2018-08-02 00:00:00+00:00,0.0031375634517766438
2018-08-03 00:00:00+00:00,-0.002448223350253802
2018-08-04 00:00:00+00:00,0.0038624365482233516
2018-08-05 00:00:00+00:00,-0.0006218274111675126
2018-08-06 00:00:00+00:00,0.0014284263959390797
2018-08-07 00:00:00+00:00,0.009451776649746202
2018-08-08 00:00:00+00:00,0.014969282438356287
2018-08-09 00:00:00+00:00,-0.007078229108490368
2018-08-10 00:00:00+00:00,0.018065263508925743
2018-08-11 00:00:00+00:00,0.003242012701728928
2018-08-12 00:00:00+00:00,-0.001344041276154505
2018-08-13 00:00:00+00:00,0.013150100358548213
2018-08-14 00:00:00+00:00,0.002931134623202927
2018-08-15 00:00:00+00:00,-0.010117105780143562
2018-08-16 00:00:00+00:00,0.0
2018-08-17 00:00:00+00:00,0.0
2018-08-18 00:00:00+00:00,0.0
2018-08-19 00:00:00+00:00,0.0
2018-08-20 00:00:00+00:00,0.0
2018-08-21 00:00:00+00:00,-0.0023616406701328714
2018-08-22 00:00:00+00:00,-0.002638359329867132
2018-08-23 00:00:00+00:00,0.0
2018-08-24 00:00:00+00:00,0.0
2018-08-25 00:00:00+00:00,0.0
2018-08-26 00:00:00+00:00,0.0
2018-08-27 00:00:00+00:00,0.0
2018-08-28 00:00:00+00:00,0.0
2018-08-29 00:00:00+00:00,0.0
2018-08-30 00:00:00+00:00,0.0
2018-08-31 00:00:00+00:00,0.0
2018-09-01 00:00:00+00:00,0.00048340326008800916
2018-09-02 00:00:00+00:00,0.002336485963290444
2018-09-03 00:00:00+00:00,-0.0008227811095045199
2018-09-04 00:00:00+00:00,0.0022106020021965727
2018-09-05 00:00:00+00:00,0.00474551487377108
2018-09-06 00:00:00+00:00,-0.0004464763603925104
2018-09-07 00:00:00+00:00,0.004480374665477268
2018-09-08 00:00:00+00:00,0.005549768610750783
2018-09-09 00:00:00+00:00,-0.0007701427208165919
2018-09-10 00:00:00+00:00,-0.0016212797035157342
2018-09-11 00:00:00+00:00,0.004189692654864566
2018-09-12 00:00:00+00:00,-0.00023902658872885564
2018-09-13 00:00:00+00:00,-0.005013658017911309
2018-09-14 00:00:00+00:00,0.0
2018-09-15 00:00:00+00:00,0.0
2018-09-16 00:00:00+00:00,0.0
2018-09-17 00:00:00+00:00,0.0
2018-09-18 00:00:00+00:00,0.0
2018-09-19 00:00:00+00:00,0.0
2018-09-20 00:00:00+00:00,0.0
2018-09-21 00:00:00+00:00,0.0
2018-09-22 00:00:00+00:00,0.0
2018-09-23 00:00:00+00:00,0.0
2018-09-24 00:00:00+00:00,0.0
2018-09-25 00:00:00+00:00,-0.003451379885163921
2018-09-26 00:00:00+00:00,0.0013250601963326583
2018-09-27 00:00:00+00:00,-0.002873680311168736
2018-09-28 00:00:00+00:00,0.0
2018-09-29 00:00:00+00:00,0.0
2018-09-30 00:00:00+00:00,0.0
2018-10-01 00:00:00+00:00,0.0
2018-10-02 00:00:00+00:00,0.0
2018-10-03 00:00:00+00:00,-0.0012818188572702339
2018-10-04 00:00:00+00:00,-0.0037181811427297548
2018-10-05 00:00:00+00:00,0.0
2018-10-06 00:00:00+00:00,0.0
2018-10-07 00:00:00+00:00,0.0
2018-10-08 00:00:00+00:00,0.0
2018-10-09 00:00:00+00:00,0.0
2018-10-10 00:00:00+00:00,-0.0025854273967316314
2018-10-11 00:00:00+00:00,0.020531660822081778
2018-10-12 00:00:00+00:00,-0.0038195462313029877
2018-10-13 00:00:00+00:00,-0.0025127457552007225
2018-10-14 00:00:00+00:00,-0.003195949302982089
2018-10-15 00:00:00+00:00,0.0
2018-10-16 00:00:00+00:00,0.0
2018-10-17 00:00:00+00:00,0.0
2018-10-18 00:00:00+00:00,0.0
2018-10-19 00:00:00+00:00,0.0
2018-10-20 00:00:00+00:00,0.0
2018-10-21 00:00:00+00:00,0.0
2018-10-22 00:00:00+00:00,0.0
2018-10-23 00:00:00+00:00,0.0
2018-10-24 00:00:00+00:00,0.0
2018-10-25 00:00:00+00:00,0.0
2018-10-26 00:00:00+00:00,0.0
2018-10-27 00:00:00+00:00,0.0
2018-10-28 00:00:00+00:00,-0.0027464078095865113
2018-10-29 00:00:00+00:00,0.011269137102208317
2018-10-30 00:00:00+00:00,0.00035642886733259723
2018-10-31 00:00:00+00:00,-0.004941171407231238
2018-11-01 00:00:00+00:00,-0.002617832157675814
2018-11-02 00:00:00+00:00,-0.001579231045634215
2018-11-03 00:00:00+00:00,0.0
2018-11-04 00:00:00+00:00,0.0
2018-11-05 00:00:00+00:00,0.0
2018-11-06 00:00:00+00:00,0.0
2018-11-07 00:00:00+00:00,0.0
2018-11-08 00:00:00+00:00,0.0
2018-11-09 00:00:00+00:00,0.0
2018-11-10 00:00:00+00:00,0.0
2018-11-11 00:00:00+00:00,-0.003256643134023689
2018-11-12 00:00:00+00:00,-0.001743356865976321
2018-11-13 00:00:00+00:00,0.0
2018-11-14 00:00:00+00:00,0.03523938993453005
2018-11-15 00:00:00+00:00,0.005108420978782479
2018-11-16 00:00:00+00:00,0.008073837404448303
2018-11-17 00:00:00+00:00,0.0008492539504022645
2018-11-18 00:00:00+00:00,-0.003729374348963792
2018-11-19 00:00:00+00:00,0.01739397609673296
2018-11-20 00:00:00+00:00,0.018276008189406265
2018-11-21 00:00:00+00:00,-0.006442734981713831
2018-11-22 00:00:00+00:00,0.012883184769104234
2018-11-23 00:00:00+00:00,-0.00022431553712355396
2018-11-24 00:00:00+00:00,0.017971842161443288
2018-11-25 00:00:00+00:00,-0.0065070222408875455
2018-11-26 00:00:00+00:00,0.009947964372582994
2018-11-27 00:00:00+00:00,-0.001471880728647177
2018-11-28 00:00:00+00:00,-0.014966969534708715
2018-11-29 00:00:00+00:00,0.0
2018-11-30 00:00:00+00:00,0.0
2018-12-01 00:00:00+00:00,0.0
2018-12-02 00:00:00+00:00,0.0
2018-12-03 00:00:00+00:00,-0.0013543066542982926
2018-12-04 00:00:00+00:00,-0.0018621165525975552
2018-12-05 00:00:00+00:00,0.007998566168818149
2018-12-06 00:00:00+00:00,0.010374426431160919
2018-12-07 00:00:00+00:00,-0.0008165504972914486
2018-12-08 00:00:00+00:00,0.0008593769161286625
2018-12-09 00:00:00+00:00,-0.007153991344622017
2018-12-10 00:00:00+00:00,0.0018197948496586557
2018-12-11 00:00:00+00:00,0.0011544080060886285
2018-12-12 00:00:00+00:00,-0.002151420490043508
2018-12-13 00:00:00+00:00,0.0
2018-12-14 00:00:00+00:00,-0.0006825116865404791
2018-12-15 00:00:00+00:00,-0.00019274119499122886
2018-12-16 00:00:00+00:00,-0.001101150634315339
2018-12-17 00:00:00+00:00,-0.007326847838884069
2018-12-18 00:00:00+00:00,0.0
2018-12-19 00:00:00+00:00,0.0
2018-12-20 00:00:00+00:00,0.0
2018-12-21 00:00:00+00:00,0.0
2018-12-22 00:00:00+00:00,0.0
2018-12-23 00:00:00+00:00,0.0
2018-12-24 00:00:00+00:00,0.0
2018-12-25 00:00:00+00:00,0.0
2018-12-26 00:00:00+00:00,0.0
2018-12-27 00:00:00+00:00,0.0003756937753322532
2018-12-28 00:00:00+00:00,-0.005375693775332257
2018-12-29 00:00:00+00:00,0.0
2018-12-30 00:00:00+00:00,0.0
2018-12-31 00:00:00+00:00,0.0
2019-01-01 00:00:00+00:00,0.0
2019-01-02 00:00:00+00:00,0.0021044057756386407
2019-01-03 00:00:00+00:00,-0.0033691225472047416
2019-01-04 00:00:00+00:00,0.0031255090707145534
2019-01-05 00:00:00+00:00,0.00016586449463161458
2019-01-06 00:00:00+00:00,0.0011403184005923828
2019-01-07 00:00:00+00:00,-0.002975194372454654
2019-01-08 00:00:00+00:00,-0.0008759718622732317
2019-01-09 00:00:00+00:00,-0.0003420955201777252
2019-01-10 00:00:00+00:00,0.0001907263028313565
2019-01-11 00:00:00+00:00,-6.306478821867244e-05
2019-01-12 00:00:00+00:00,0.0003005152053982578
2019-01-13 00:00:00+00:00,0.0016471981160383726
2019-01-14 00:00:00+00:00,-0.007450882062602903
2019-01-15 00:00:00+00:00,0.0
2019-01-16 00:00:00+00:00,0.0
2019-01-17 00:00:00+00:00,0.0
2019-01-18 00:00:00+00:00,0.0
2019-01-19 00:00:00+00:00,0.0
2019-01-20 00:00:00+00:00,-0.0003003240809795598
2019-01-21 00:00:00+00:00,0.0001180793795001879
2019-01-22 00:00:00+00:00,-0.0019078742186123003
2019-01-23 00:00:00+00:00,-0.0003079718497023545
2019-01-24 00:00:00+00:00,0.0
2019-01-25 00:00:00+00:00,0.0
2019-01-26 00:00:00+00:00,0.0
2019-01-27 00:00:00+00:00,0.0
2019-01-28 00:00:00+00:00,0.0017719615593982823
2019-01-29 00:00:00+00:00,0.002683272205830158
2019-01-30 00:00:00+00:00,-0.006076627052106676
2019-01-31 00:00:00+00:00,-0.00215282916927397
2019-02-01 00:00:00+00:00,0.0
2019-02-02 00:00:00+00:00,0.0
2019-02-03 00:00:00+00:00,0.0
2019-02-04 00:00:00+00:00,0.0
2019-02-05 00:00:00+00:00,0.0
2019-02-06 00:00:00+00:00,-0.0026453214486578565
2019-02-07 00:00:00+00:00,0.0014247583093751626
2019-02-08 00:00:00+00:00,-0.008028142764191157
2019-02-09 00:00:00+00:00,0.0
2019-02-10 00:00:00+00:00,0.0
2019-02-11 00:00:00+00:00,0.0
2019-02-12 00:00:00+00:00,0.0
2019-02-13 00:00:00+00:00,0.0
2019-02-14 00:00:00+00:00,0.0
2019-02-15 00:00:00+00:00,0.0
2019-02-16 00:00:00+00:00,0.0
2019-02-17 00:00:00+00:00,0.006089926803764387
2019-02-18 00:00:00+00:00,0.012092018124782142
2019-02-19 00:00:00+00:00,-0.0037834429680392925
2019-02-20 00:00:00+00:00,0.005970923086467373
2019-02-21 00:00:00+00:00,-0.003944590409570379
2019-02-22 00:00:00+00:00,0.003977355361526222
2019-02-23 00:00:00+00:00,0.014711687881568025
2019-02-24 00:00:00+00:00,-0.009284310071406366
2019-02-25 00:00:00+00:00,0.0
2019-02-26 00:00:00+00:00,0.0
2019-02-27 00:00:00+00:00,0.0
2019-02-28 00:00:00+00:00,0.0
2019-03-01 00:00:00+00:00,0.0
2019-03-02 00:00:00+00:00,0.0
2019-03-03 00:00:00+00:00,0.0
2019-03-04 00:00:00+00:00,0.0
2019-03-05 00:00:00+00:00,0.0
2019-03-06 00:00:00+00:00,0.0
2019-03-07 00:00:00+00:00,0.0
2019-03-08 00:00:00+00:00,-0.005
2019-03-09 00:00:00+00:00,-0.0005098324836125266
2019-03-10 00:00:00+00:00,-0.0008547829725248438
2019-03-11 00:00:00+00:00,-0.003635384543862633
2019-03-12 00:00:00+00:00,0.0
2019-03-13 00:00:00+00:00,0.0
2019-03-14 00:00:00+00:00,0.0
2019-03-15 00:00:00+00:00,-0.0009388971684053424
2019-03-16 00:00:00+00:00,0.006731641957230126
2019-03-17 00:00:00+00:00,-0.0033806365706353075
2019-03-18 00:00:00+00:00,-0.00119237534326769
2019-03-19 00:00:00+00:00,0.002624295348803992
2019-03-20 00:00:00+00:00,0.0002796204025255647
2019-03-21 00:00:00+00:00,-0.005044299767924263
2019-03-22 00:00:00+00:00,0.0
2019-03-23 00:00:00+00:00,0.0
2019-03-24 00:00:00+00:00,0.0
2019-03-25 00:00:00+00:00,0.0
2019-03-26 00:00:00+00:00,0.0
2019-03-27 00:00:00+00:00,0.0008274785645513004
2019-03-28 00:00:00+00:00,-0.002648422844766187
2019-03-29 00:00:00+00:00,0.011605268029228323
2019-03-30 00:00:00+00:00,-0.0016326874564346157
2019-03-31 00:00:00+00:00,-0.0012338707917661808
2019-04-01 00:00:00+00:00,-0.00041475089374129557
2019-04-02 00:00:00+00:00,0.04154692689731411
2019-04-03 00:00:00+00:00,-0.008492261933499227
2019-04-04 00:00:00+00:00,-0.0007803310579612005
2019-04-05 00:00:00+00:00,0.0016322755458287738
2019-04-06 00:00:00+00:00,-0.0012626752123391235
2019-04-07 00:00:00+00:00,0.0
2019-04-08 00:00:00+00:00,-0.0004241948153966988
2019-04-09 00:00:00+00:00,-0.0014485467399842932
2019-04-10 00:00:00+00:00,-0.0019844316104836754
2019-04-11 00:00:00+00:00,-0.00563480304331501
2019-04-12 00:00:00+00:00,0.0
2019-04-13 00:00:00+00:00,0.0
2019-04-14 00:00:00+00:00,0.0
2019-04-15 00:00:00+00:00,0.0
2019-04-16 00:00:00+00:00,-0.0002441989828353389
2019-04-17 00:00:00+00:00,0.0007509535918626813
2019-04-18 00:00:00+00:00,0.0018560862414800676
2019-04-19 00:00:00+00:00,-0.0003969504517862307
2019-04-20 00:00:00+00:00,0.00045934445608530395
2019-04-21 00:00:00+00:00,-0.003932033735731124
2019-04-22 00:00:00+00:00,0.002572155117609646
2019-04-23 00:00:00+00:00,0.0038810394151303157
2019-04-24 00:00:00+00:00,-0.002999086141131587
2019-04-25 00:00:00+00:00,-0.00320383026064843
2019-04-26 00:00:00+00:00,0.0
2019-04-27 00:00:00+00:00,0.0
2019-04-28 00:00:00+00:00,0.0
2019-04-29 00:00:00+00:00,0.0
2019-04-30 00:00:00+00:00,0.0
2019-05-01 00:00:00+00:00,0.00012084667734186732
2019-05-02 00:00:00+00:00,0.002829213370696545
2019-05-03 00:00:00+00:00,0.00846815014419761
2019-05-04 00:00:00+00:00,-0.001265437974461814
2019-05-05 00:00:00+00:00,-0.0016193454763810933
2019-05-06 00:00:00+00:00,-0.001419614284130218
2019-05-07 00:00:00+00:00,-0.0005442866951789085
2019-05-08 00:00:00+00:00,0.0036696655909984693
2019-05-09 00:00:00+00:00,0.005701511208967198
2019-05-10 00:00:00+00:00,0.005744595676541242
2019-05-11 00:00:00+00:00,0.029366511854908066
2019-05-12 00:00:00+00:00,-0.008291460660162068
2019-05-13 00:00:00+00:00,0.032126134335374645
2019-05-14 00:00:00+00:00,0.014420551849598432
2019-05-15 00:00:00+00:00,0.0201453729766878
2019-05-16 00:00:00+00:00,-0.004811036192550757
2019-05-17 00:00:00+00:00,-0.02921399831199173
2019-05-18 00:00:00+00:00,-0.004509821038847664
2019-05-19 00:00:00+00:00,0.010905863523934247
2019-05-20 00:00:00+00:00,-0.007695038556671046
2019-05-21 00:00:00+00:00,0.0
2019-05-22 00:00:00+00:00,0.0
2019-05-23 00:00:00+00:00,0.0
2019-05-24 00:00:00+00:00,0.0
2019-05-25 00:00:00+00:00,0.0
2019-05-26 00:00:00+00:00,0.0018195662225756251
2019-05-27 00:00:00+00:00,0.0013830589425739685
2019-05-28 00:00:00+00:00,-0.0008685780769569303
2019-05-29 00:00:00+00:00,-0.0011510101902054907
2019-05-30 00:00:00+00:00,-0.005892458452274779
2019-05-31 00:00:00+00:00,0.0
2019-06-01 00:00:00+00:00,0.0
2019-06-02 00:00:00+00:00,0.0
2019-06-03 00:00:00+00:00,0.0
2019-06-04 00:00:00+00:00,0.0
2019-06-05 00:00:00+00:00,0.0
2019-06-06 00:00:00+00:00,0.0
2019-06-07 00:00:00+00:00,0.0
2019-06-08 00:00:00+00:00,0.0
2019-06-09 00:00:00+00:00,0.0
2019-06-10 00:00:00+00:00,0.0
2019-06-11 00:00:00+00:00,0.0
2019-06-12 00:00:00+00:00,0.0019588961355747007
2019-06-13 00:00:00+00:00,-0.0018794789622883857
2019-06-14 00:00:00+00:00,0.008124803923900855
2019-06-15 00:00:00+00:00,0.0037000549397401246
2019-06-16 00:00:00+00:00,0.0010703995834443875
2019-06-17 00:00:00+00:00,0.006070060413700394
2019-06-18 00:00:00+00:00,-0.006115470752804438
2019-06-19 00:00:00+00:00,0.0039570277345965564
2019-06-20 00:00:00+00:00,0.0040295537379388905
2019-06-21 00:00:00+00:00,0.015624388312509799
2019-06-22 00:00:00+00:00,0.009888593383038317
2019-06-23 00:00:00+00:00,0.0012926059309495818
2019-06-24 00:00:00+00:00,0.003553612997558928
2019-06-25 00:00:00+00:00,0.009760573658828462
2019-06-26 00:00:00+00:00,0.006717778190184456
2019-06-27 00:00:00+00:00,0.0
2019-06-28 00:00:00+00:00,0.0
2019-06-29 00:00:00+00:00,0.0
2019-06-30 00:00:00+00:00,0.0
2019-07-01 00:00:00+00:00,0.0
2019-07-02 00:00:00+00:00,0.0
2019-07-03 00:00:00+00:00,0.0
2019-07-04 00:00:00+00:00,0.0
2019-07-05 00:00:00+00:00,0.0
2019-07-06 00:00:00+00:00,0.0
2019-07-07 00:00:00+00:00,-0.0007311620736172616
2019-07-08 00:00:00+00:00,0.0023289281953800907
2019-07-09 00:00:00+00:00,0.0003792113723855813
2019-07-10 00:00:00+00:00,-0.009734783973012546
2019-07-11 00:00:00+00:00,0.0
2019-07-12 00:00:00+00:00,0.0
2019-07-13 00:00:00+00:00,0.0
2019-07-14 00:00:00+00:00,0.0
2019-07-15 00:00:00+00:00,0.0
2019-07-16 00:00:00+00:00,0.0
2019-07-17 00:00:00+00:00,0.0
2019-07-18 00:00:00+00:00,0.0
2019-07-19 00:00:00+00:00,0.0
2019-07-20 00:00:00+00:00,0.0
2019-07-21 00:00:00+00:00,0.0
2019-07-22 00:00:00+00:00,0.0
2019-07-23 00:00:00+00:00,0.0
2019-07-24 00:00:00+00:00,-0.004044816708365052
2019-07-25 00:00:00+00:00,-0.0009551832916349473
2019-07-26 00:00:00+00:00,0.0
2019-07-27 00:00:00+00:00,4.444674000997379e-05
2019-07-28 00:00:00+00:00,-0.000601718230807636
2019-07-29 00:00:00+00:00,0.00016457827591551504
2019-07-30 00:00:00+00:00,-0.002353652531721872
2019-07-31 00:00:00+00:00,0.0
2019-08-01 00:00:00+00:00,0.0
2019-08-02 00:00:00+00:00,0.0
2019-08-03 00:00:00+00:00,0.0
2019-08-04 00:00:00+00:00,-0.0002504369392935533
2019-08-05 00:00:00+00:00,0.0090585905559108
2019-08-06 00:00:00+00:00,-0.003650107539382663
2019-08-07 00:00:00+00:00,0.005567881571043807
2019-08-08 00:00:00+00:00,0.00045660253056639455
2019-08-09 00:00:00+00:00,-0.0016991338753504282
2019-08-10 00:00:00+00:00,-0.003725022517670257
2019-08-11 00:00:00+00:00,-0.0039429230325742325
2019-08-12 00:00:00+00:00,0.0018604785240703425
2019-08-13 00:00:00+00:00,0.001109829922167772
2019-08-14 00:00:00+00:00,0.00887460363217066
2019-08-15 00:00:00+00:00,-0.0006215047564139609
2019-08-16 00:00:00+00:00,0.0011622946093975306
2019-08-17 00:00:00+00:00,-0.00017757278754684246
2019-08-18 00:00:00+00:00,-0.00041222254251945813
2019-08-19 00:00:00+00:00,0.0
2019-08-20 00:00:00+00:00,0.0
2019-08-21 00:00:00+00:00,-0.001623806411180811
2019-08-22 00:00:00+00:00,0.00015981455150709367
2019-08-23 00:00:00+00:00,-0.0035360081403262894
2019-08-24 00:00:00+00:00,0.0
2019-08-25 00:00:00+00:00,0.0
2019-08-26 00:00:00+00:00,0.0
2019-08-27 00:00:00+00:00,0.0
2019-08-28 00:00:00+00:00,-0.0016465297215895079
2019-08-29 00:00:00+00:00,0.004181286019539496
2019-08-30 00:00:00+00:00,-0.0006356953714931311
2019-08-31 00:00:00+00:00,-0.002863866444552717
2019-09-01 00:00:00+00:00,-0.0011515021021497552
2019-09-02 00:00:00+00:00,0.0
2019-09-03 00:00:00+00:00,0.0
2019-09-04 00:00:00+00:00,0.0
2019-09-05 00:00:00+00:00,0.0
2019-09-06 00:00:00+00:00,-0.005000000000000001
2019-09-07 00:00:00+00:00,-0.004999999999999996
2019-09-08 00:00:00+00:00,0.0
2019-09-09 00:00:00+00:00,0.0
2019-09-10 00:00:00+00:00,0.0
2019-09-11 00:00:00+00:00,0.0
2019-09-12 00:00:00+00:00,0.0
2019-09-13 00:00:00+00:00,0.0
2019-09-14 00:00:00+00:00,0.0
2019-09-15 00:00:00+00:00,0.0
2019-09-16 00:00:00+00:00,0.0
2019-09-17 00:00:00+00:00,0.0
2019-09-18 00:00:00+00:00,0.0
2019-09-19 00:00:00+00:00,-0.005539240788155393
2019-09-20 00:00:00+00:00,-0.0008447066681509457
2019-09-21 00:00:00+00:00,-0.0010161416008015204
2019-09-22 00:00:00+00:00,-0.0025999109428921337
2019-09-23 00:00:00+00:00,0.0
2019-09-24 00:00:00+00:00,0.012960617863444164
2019-09-25 00:00:00+00:00,0.000978594493824716
2019-09-26 00:00:00+00:00,0.005035986550817246
2019-09-27 00:00:00+00:00,-0.0021348247278537838
2019-09-28 00:00:00+00:00,0.00017044508805218905
2019-09-29 00:00:00+00:00,0.0018071174140284385
2019-09-30 00:00:00+00:00,-0.002815235432033587
2019-10-01 00:00:00+00:00,0.0
2019-10-02 00:00:00+00:00,0.0
2019-10-03 00:00:00+00:00,0.0
2019-10-04 00:00:00+00:00,0.0
2019-10-05 00:00:00+00:00,0.0
2019-10-06 00:00:00+00:00,0.0021377906935231734
2019-10-07 00:00:00+00:00,-0.0071377906935231866
2019-10-08 00:00:00+00:00,0.0
2019-10-09 00:00:00+00:00,0.0
2019-10-10 00:00:00+00:00,0.0
2019-10-11 00:00:00+00:00,0.0
2019-10-12 00:00:00+00:00,0.0
2019-10-13 00:00:00+00:00,0.0
2019-10-14 00:00:00+00:00,0.0
2019-10-15 00:00:00+00:00,0.0
2019-10-16 00:00:00+00:00,0.0021903423277102054
2019-10-17 00:00:00+00:00,-0.003344787097211796
2019-10-18 00:00:00+00:00,0.005340556972359276
2019-10-19 00:00:00+00:00,6.0944893171128425e-05
2019-10-20 00:00:00+00:00,-0.006009221852448056
2019-10-21 00:00:00+00:00,-0.0013880295897780754
2019-10-22 00:00:00+00:00,0.0
2019-10-23 00:00:00+00:00,0.0016396854856146976
2019-10-24 00:00:00+00:00,0.002001296426117857
2019-10-25 00:00:00+00:00,-0.009821962743198819
2019-10-26 00:00:00+00:00,0.0
2019-10-27 00:00:00+00:00,0.0
2019-10-28 00:00:00+00:00,0.0
2019-10-29 00:00:00+00:00,0.0
2019-10-30 00:00:00+00:00,0.0
2019-10-31 00:00:00+00:00,0.0
2019-11-01 00:00:00+00:00,0.0
2019-11-02 00:00:00+00:00,0.0
2019-11-03 00:00:00+00:00,0.0
2019-11-04 00:00:00+00:00,-0.0007728237791932292
2019-11-05 00:00:00+00:00,0.0022165605095541573
2019-11-06 00:00:00+00:00,0.0020127388535031944
2019-11-07 00:00:00+00:00,-0.004067940552017014
2019-11-08 00:00:00+00:00,-0.0034152259629966738
2019-11-09 00:00:00+00:00,0.0
2019-11-10 00:00:00+00:00,0.0
2019-11-11 00:00:00+00:00,0.0
2019-11-12 00:00:00+00:00,0.0
2019-11-13 00:00:00+00:00,0.0
2019-11-14 00:00:00+00:00,0.0
2019-11-15 00:00:00+00:00,-0.005630672096939748
2019-11-16 00:00:00+00:00,-0.0004294657174871454
2019-11-17 00:00:00+00:00,-0.00039865540354666287
2019-11-18 00:00:00+00:00,0.0061243013667380075
2019-11-19 00:00:00+00:00,0.0009710884924282504
2019-11-20 00:00:00+00:00,0.0007069464107192003
2019-11-21 00:00:00+00:00,0.01281322661508807
2019-11-22 00:00:00+00:00,0.013381598131870866
2019-11-23 00:00:00+00:00,-0.001900866940797893
2019-11-24 00:00:00+00:00,0.014798055029921597
2019-11-25 00:00:00+00:00,-0.010505775763730407
2019-11-26 00:00:00+00:00,0.0
2019-11-27 00:00:00+00:00,0.0
2019-11-28 00:00:00+00:00,0.0
2019-11-29 00:00:00+00:00,0.0
2019-11-30 00:00:00+00:00,0.0
2019-12-01 00:00:00+00:00,0.0
2019-12-02 00:00:00+00:00,0.0
2019-12-03 00:00:00+00:00,0.0
2019-12-04 00:00:00+00:00,-0.009999999999999983
2019-12-05 00:00:00+00:00,0.0
2019-12-06 00:00:00+00:00,0.0
2019-12-07 00:00:00+00:00,0.0
2019-12-08 00:00:00+00:00,0.0
2019-12-09 00:00:00+00:00,0.0
2019-12-10 00:00:00+00:00,-0.0006699845434487532
2019-12-11 00:00:00+00:00,0.0030201875874763637
2019-12-12 00:00:00+00:00,-0.0015093370586052011
2019-12-13 00:00:00+00:00,-0.0012219583296345536
2019-12-14 00:00:00+00:00,0.007168085751777997
2019-12-15 00:00:00+00:00,-0.0017132482605917783
2019-12-16 00:00:00+00:00,0.015841902972597695
2019-12-17 00:00:00+00:00,0.016903182000488466
2019-12-18 00:00:00+00:00,-0.01756383663752284
2019-12-19 00:00:00+00:00,0.0
2019-12-20 00:00:00+00:00,0.0
2019-12-21 00:00:00+00:00,0.0
2019-12-22 00:00:00+00:00,0.0
2019-12-23 00:00:00+00:00,0.0
2019-12-24 00:00:00+00:00,0.0
2019-12-25 00:00:00+00:00,-0.0009306487695749381
2019-12-26 00:00:00+00:00,-0.00406935123042506
2019-12-27 00:00:00+00:00,-0.0031429530952647496
2019-12-28 00:00:00+00:00,-0.0018570469047352433
2019-12-29 00:00:00+00:00,0.0
2019-12-30 00:00:00+00:00,0.0
2019-12-31 00:00:00+00:00,0.0
2020-01-01 00:00:00+00:00,0.0
2020-01-02 00:00:00+00:00,0.004343951950125452
2020-01-03 00:00:00+00:00,-0.006234666724592961
2020-01-04 00:00:00+00:00,0.0
2020-01-05 00:00:00+00:00,0.0
2020-01-06 00:00:00+00:00,0.0
2020-01-07 00:00:00+00:00,0.0
2020-01-08 00:00:00+00:00,-0.004999999999999997
2020-01-09 00:00:00+00:00,0.0
2020-01-10 00:00:00+00:00,0.0
2020-01-11 00:00:00+00:00,0.0
2020-01-12 00:00:00+00:00,0.0
2020-01-13 00:00:00+00:00,0.0
2020-01-14 00:00:00+00:00,0.017616213644763287
2020-01-15 00:00:00+00:00,0.0006615582868657078
2020-01-16 00:00:00+00:00,-0.003443447286183813
2020-01-17 00:00:00+00:00,0.0076064021065378904
2020-01-18 00:00:00+00:00,0.0041725528309682755
2020-01-19 00:00:00+00:00,-0.01067150968707356
2020-01-20 00:00:00+00:00,8.647313156260328e-06
2020-01-21 00:00:00+00:00,-0.0015911056207535547
2020-01-22 00:00:00+00:00,0.0
2020-01-23 00:00:00+00:00,0.0
2020-01-24 00:00:00+00:00,0.0
2020-01-25 00:00:00+00:00,0.0
2020-01-26 00:00:00+00:00,0.0
2020-01-27 00:00:00+00:00,0.002860290663629777
2020-01-28 00:00:00+00:00,0.016783067078363672
2020-01-29 00:00:00+00:00,-0.004391916813601685
2020-01-30 00:00:00+00:00,0.014430722027843916
2020-01-31 00:00:00+00:00,-0.007664368656496305
2020-02-01 00:00:00+00:00,0.004113069179799033
2020-02-02 00:00:00+00:00,0.0027537685097204783
2020-02-03 00:00:00+00:00,1.627716035570428e-05
2020-02-04 00:00:00+00:00,-0.004688577832683561
2020-02-05 00:00:00+00:00,0.012177031901427087
2020-02-06 00:00:00+00:00,0.010221231640456458
2020-02-07 00:00:00+00:00,0.009579093657361162
2020-02-08 00:00:00+00:00,0.0013858288766735157
2020-02-09 00:00:00+00:00,0.009106515344569516
2020-02-10 00:00:00+00:00,-0.009909664072248203
2020-02-11 00:00:00+00:00,0.011329773781886446
2020-02-12 00:00:00+00:00,0.025223147725552064
2020-02-13 00:00:00+00:00,0.0007611330596233624
2020-02-14 00:00:00+00:00,0.016093362735182075
2020-02-15 00:00:00+00:00,-0.023860452333802743
2020-02-16 00:00:00+00:00,-0.010725261216963702
2020-02-17 00:00:00+00:00,0.0
2020-02-18 00:00:00+00:00,0.0
2020-02-19 00:00:00+00:00,0.0
2020-02-20 00:00:00+00:00,0.0
2020-02-21 00:00:00+00:00,0.0
2020-02-22 00:00:00+00:00,0.0
2020-02-23 00:00:00+00:00,0.0
2020-02-24 00:00:00+00:00,0.0
2020-02-25 00:00:00+00:00,0.0
2020-02-26 00:00:00+00:00,0.0
2020-02-27 00:00:00+00:00,0.0
2020-02-28 00:00:00+00:00,0.0
2020-02-29 00:00:00+00:00,0.0
2020-03-01 00:00:00+00:00,0.0
2020-03-02 00:00:00+00:00,0.0
2020-03-03 00:00:00+00:00,0.0
2020-03-04 00:00:00+00:00,0.0
2020-03-05 00:00:00+00:00,0.0
2020-03-06 00:00:00+00:00,0.0037322049267039556
2020-03-07 00:00:00+00:00,-0.003321747015263726
2020-03-08 00:00:00+00:00,0.002246353424329679
2020-03-09 00:00:00+00:00,0.0016243294754578242
2020-03-10 00:00:00+00:00,0.0006007899897798408
2020-03-11 00:00:00+00:00,-0.0006881860619285663
2020-03-12 00:00:00+00:00,0.06300124864115145
2020-03-13 00:00:00+00:00,-0.0181495926356511
2020-03-14 00:00:00+00:00,0.01030997943374659
2020-03-15 00:00:00+00:00,-0.006861890779472309
2020-03-16 00:00:00+00:00,0.0
2020-03-17 00:00:00+00:00,0.0
2020-03-18 00:00:00+00:00,0.0
2020-03-19 00:00:00+00:00,0.0
2020-03-20 00:00:00+00:00,0.0
2020-03-21 00:00:00+00:00,0.0
2020-03-22 00:00:00+00:00,0.0
2020-03-23 00:00:00+00:00,0.0
2020-03-24 00:00:00+00:00,0.0
2020-03-25 00:00:00+00:00,0.0
2020-03-26 00:00:00+00:00,0.0
2020-03-27 00:00:00+00:00,0.0
2020-03-28 00:00:00+00:00,0.0
2020-03-29 00:00:00+00:00,0.00027961141615880276
2020-03-30 00:00:00+00:00,-0.005279611416158806
2020-03-31 00:00:00+00:00,0.0
2020-04-01 00:00:00+00:00,0.0
2020-04-02 00:00:00+00:00,0.0
2020-04-03 00:00:00+00:00,0.0
2020-04-04 00:00:00+00:00,0.0
2020-04-05 00:00:00+00:00,0.0
2020-04-06 00:00:00+00:00,0.0
2020-04-07 00:00:00+00:00,0.0
2020-04-08 00:00:00+00:00,0.0
2020-04-09 00:00:00+00:00,0.0
2020-04-10 00:00:00+00:00,0.0
2020-04-11 00:00:00+00:00,0.0
2020-04-12 00:00:00+00:00,0.0
2020-04-13 00:00:00+00:00,-0.0026755882095687938
2020-04-14 00:00:00+00:00,-0.00027689582786669
2020-04-15 00:00:00+00:00,0.0039045526108632913
2020-04-16 00:00:00+00:00,-0.004783280853669227
2020-04-17 00:00:00+00:00,0.0
2020-04-18 00:00:00+00:00,0.001050389445239226
2020-04-19 00:00:00+00:00,-0.0032757908122714985
2020-04-20 00:00:00+00:00,-0.0027745986329677274
2020-04-21 00:00:00+00:00,0.0
2020-04-22 00:00:00+00:00,0.0
2020-04-23 00:00:00+00:00,0.0
2020-04-24 00:00:00+00:00,0.0
2020-04-25 00:00:00+00:00,-0.00048262440922991766
2020-04-26 00:00:00+00:00,0.001354462051709755
2020-04-27 00:00:00+00:00,0.00020358436605631615
2020-04-28 00:00:00+00:00,-0.000549912189060551
2020-04-29 00:00:00+00:00,0.025911753520348624
2020-04-30 00:00:00+00:00,-0.007622577293924965
2020-05-01 00:00:00+00:00,0.0
2020-05-02 00:00:00+00:00,0.0
2020-05-03 00:00:00+00:00,0.0
2020-05-04 00:00:00+00:00,0.0
2020-05-05 00:00:00+00:00,0.0
2020-05-06 00:00:00+00:00,-0.0019735065084336726
2020-05-07 00:00:00+00:00,0.009601218355794368
2020-05-08 00:00:00+00:00,-0.002142237292031828
2020-05-09 00:00:00+00:00,-0.0031955403580356916
2020-05-10 00:00:00+00:00,-0.004173229833297082
2020-05-11 00:00:00+00:00,0.0
2020-05-12 00:00:00+00:00,0.0
2020-05-13 00:00:00+00:00,0.0
2020-05-14 00:00:00+00:00,0.0
2020-05-15 00:00:00+00:00,0.0
2020-05-16 00:00:00+00:00,0.0
2020-05-17 00:00:00+00:00,-0.001283271637581523
2020-05-18 00:00:00+00:00,0.0038744932134672973
2020-05-19 00:00:00+00:00,9.871320289093766e-06
2020-05-20 00:00:00+00:00,-0.002428344791115819
2020-05-21 00:00:00+00:00,-0.0037243081262118855
2020-05-22 00:00:00+00:00,0.0
2020-05-23 00:00:00+00:00,0.0
2020-05-24 00:00:00+00:00,0.0
2020-05-25 00:00:00+00:00,0.0
2020-05-26 00:00:00+00:00,0.0
2020-05-27 00:00:00+00:00,0.0
2020-05-28 00:00:00+00:00,0.004575968862565637
2020-05-29 00:00:00+00:00,-0.0021363420247121445
2020-05-30 00:00:00+00:00,0.017670763817334765
2020-05-31 00:00:00+00:00,-0.010875821629374382
2020-06-01 00:00:00+00:00,0.020706124002659268
2020-06-02 00:00:00+00:00,-0.017473669429237403
2020-06-03 00:00:00+00:00,0.0
2020-06-04 00:00:00+00:00,0.0
2020-06-05 00:00:00+00:00,0.0
2020-06-06 00:00:00+00:00,0.0
2020-06-07 00:00:00+00:00,0.0
2020-06-08 00:00:00+00:00,0.0
2020-06-09 00:00:00+00:00,0.0
2020-06-10 00:00:00+00:00,0.0
2020-06-11 00:00:00+00:00,0.0
2020-06-12 00:00:00+00:00,0.0
2020-06-13 00:00:00+00:00,0.0
2020-06-14 00:00:00+00:00,0.0
2020-06-15 00:00:00+00:00,0.0
2020-06-16 00:00:00+00:00,0.0
2020-06-17 00:00:00+00:00,0.0
2020-06-18 00:00:00+00:00,0.0
2020-06-19 00:00:00+00:00,0.0
2020-06-20 00:00:00+00:00,0.0
2020-06-21 00:00:00+00:00,0.0
2020-06-22 00:00:00+00:00,0.0036631649658555457
2020-06-23 00:00:00+00:00,-0.0014691376708194236
2020-06-24 00:00:00+00:00,-0.01088416324532288
2020-06-25 00:00:00+00:00,0.0
2020-06-26 00:00:00+00:00,0.0
2020-06-27 00:00:00+00:00,0.0
2020-06-28 00:00:00+00:00,0.0
2020-06-29 00:00:00+00:00,0.0
2020-06-30 00:00:00+00:00,0.0
2020-07-01 00:00:00+00:00,0.0
2020-07-02 00:00:00+00:00,0.0
2020-07-03 00:00:00+00:00,0.0
2020-07-04 00:00:00+00:00,0.0
2020-07-05 00:00:00+00:00,0.0
2020-07-06 00:00:00+00:00,0.00667148014440434
2020-07-07 00:00:00+00:00,-0.0016251041377395193
2020-07-08 00:00:00+00:00,0.005982197878759572
2020-07-09 00:00:00+00:00,-0.009263786326413006
2020-07-10 00:00:00+00:00,-0.0006453762843654632
2020-07-11 00:00:00+00:00,-0.001555123576784226
2020-07-12 00:00:00+00:00,2.2216051096903278e-05
2020-07-13 00:00:00+00:00,0.0
2020-07-14 00:00:00+00:00,0.0
2020-07-15 00:00:00+00:00,0.0
2020-07-16 00:00:00+00:00,0.0
2020-07-17 00:00:00+00:00,0.0
2020-07-18 00:00:00+00:00,0.0
2020-07-19 00:00:00+00:00,0.0
2020-07-20 00:00:00+00:00,0.0
2020-07-21 00:00:00+00:00,0.002384428223844292
2020-07-22 00:00:00+00:00,0.016171532846715315
2020-07-23 00:00:00+00:00,0.011115806087615197
2020-07-24 00:00:00+00:00,0.0017874221813298642
2020-07-25 00:00:00+00:00,0.026046156553110635
2020-07-26 00:00:00+00:00,0.010363065851671393
2020-07-27 00:00:00+00:00,0.036091596736308115
2020-07-28 00:00:00+00:00,-0.006273088310553834
2020-07-29 00:00:00+00:00,0.004924303120675888
2020-07-30 00:00:00+00:00,0.014396373875016572
2020-07-31 00:00:00+00:00,0.015278304763521886
2020-08-01 00:00:00+00:00,0.0469773642270444
2020-08-02 00:00:00+00:00,-0.03754036767172356
2020-08-03 00:00:00+00:00,0.0
2020-08-04 00:00:00+00:00,0.0
2020-08-05 00:00:00+00:00,0.0
2020-08-06 00:00:00+00:00,0.0
2020-08-07 00:00:00+00:00,0.0
2020-08-08 00:00:00+00:00,0.0
2020-08-09 00:00:00+00:00,0.0
2020-08-10 00:00:00+00:00,-0.004999999999999994
2020-08-11 00:00:00+00:00,0.0
2020-08-12 00:00:00+00:00,0.0
2020-08-13 00:00:00+00:00,0.0
2020-08-14 00:00:00+00:00,0.00211861940515686
2020-08-15 00:00:00+00:00,-0.0007349979628659645
2020-08-16 00:00:00+00:00,0.00010430126302311382
2020-08-17 00:00:00+00:00,-0.0023614817448785476
2020-08-18 00:00:00+00:00,-0.004540386598058412
2020-08-19 00:00:00+00:00,-0.0021756591583726253
2020-08-20 00:00:00+00:00,0.0
2020-08-21 00:00:00+00:00,0.0
2020-08-22 00:00:00+00:00,0.0
2020-08-23 00:00:00+00:00,0.0
2020-08-24 00:00:00+00:00,0.0
2020-08-25 00:00:00+00:00,0.0
2020-08-26 00:00:00+00:00,0.0
2020-08-27 00:00:00+00:00,0.0
2020-08-28 00:00:00+00:00,0.0
2020-08-29 00:00:00+00:00,0.0
2020-08-30 00:00:00+00:00,0.0031871743486973987
2020-08-31 00:00:00+00:00,-8.079175355646048e-06
2020-09-01 00:00:00+00:00,0.017080908630206112
2020-09-02 00:00:00+00:00,-0.019046277715423485
2020-09-03 00:00:00+00:00,0.0
2020-09-04 00:00:00+00:00,0.0
2020-09-05 00:00:00+00:00,0.0
2020-09-06 00:00:00+00:00,0.0
2020-09-07 00:00:00+00:00,0.0
2020-09-08 00:00:00+00:00,0.0
2020-09-09 00:00:00+00:00,0.0
2020-09-10 00:00:00+00:00,0.0
2020-09-11 00:00:00+00:00,0.0
2020-09-12 00:00:00+00:00,0.0
2020-09-13 00:00:00+00:00,0.0
2020-09-14 00:00:00+00:00,0.0
2020-09-15 00:00:00+00:00,0.0
2020-09-16 00:00:00+00:00,0.0
2020-09-17 00:00:00+00:00,0.0
2020-09-18 00:00:00+00:00,0.0
2020-09-19 00:00:00+00:00,-0.001315898498187478
2020-09-20 00:00:00+00:00,-0.0036841015018125077
2020-09-21 00:00:00+00:00,0.0
2020-09-22 00:00:00+00:00,0.0
2020-09-23 00:00:00+00:00,0.0013156167453774134
2020-09-24 00:00:00+00:00,-0.010550948531177474
2020-09-25 00:00:00+00:00,0.0
2020-09-26 00:00:00+00:00,0.0
2020-09-27 00:00:00+00:00,0.0
2020-09-28 00:00:00+00:00,0.0
2020-09-29 00:00:00+00:00,0.0
2020-09-30 00:00:00+00:00,0.0
2020-10-01 00:00:00+00:00,0.0
2020-10-02 00:00:00+00:00,-0.0012110569105691078
2020-10-03 00:00:00+00:00,-0.0002549593495935054
2020-10-04 00:00:00+00:00,-0.002310677506775048
2020-10-05 00:00:00+00:00,0.0
2020-10-06 00:00:00+00:00,0.0
2020-10-07 00:00:00+00:00,0.0
2020-10-08 00:00:00+00:00,0.0
2020-10-09 00:00:00+00:00,0.0
2020-10-10 00:00:00+00:00,-0.0018061522837213057
2020-10-11 00:00:00+00:00,0.0011414918352620521
2020-10-12 00:00:00+00:00,0.002466250260759168
2020-10-13 00:00:00+00:00,-0.0032530051755355702
2020-10-14 00:00:00+00:00,-0.0007648547625000498
2020-10-15 00:00:00+00:00,-0.004882390910691592
2020-10-16 00:00:00+00:00,0.0
2020-10-17 00:00:00+00:00,0.0
2020-10-18 00:00:00+00:00,0.0
2020-10-19 00:00:00+00:00,-0.00119197861761062
2020-10-20 00:00:00+00:00,0.0034239596243150297
2020-10-21 00:00:00+00:00,0.01809535397269975
2020-10-22 00:00:00+00:00,0.00982121676114411
2020-10-23 00:00:00+00:00,-0.0023029182452203763
2020-10-24 00:00:00+00:00,0.004710358722872528
2020-10-25 00:00:00+00:00,-0.0033095537282677484
2020-10-26 00:00:00+00:00,-0.0019616315983535574
2020-10-27 00:00:00+00:00,0.01272105836854763
2020-10-28 00:00:00+00:00,-0.012839497693031334
2020-10-29 00:00:00+00:00,0.0
2020-10-30 00:00:00+00:00,0.0
2020-10-31 00:00:00+00:00,-0.0012423195291830919
2020-11-01 00:00:00+00:00,-0.0001903352950704626
2020-11-02 00:00:00+00:00,-0.003567345175746448
2020-11-03 00:00:00+00:00,0.0
2020-11-04 00:00:00+00:00,0.00028850346794232623
2020-11-05 00:00:00+00:00,0.011691235683321508
2020-11-06 00:00:00+00:00,0.008389535764687067
2020-11-07 00:00:00+00:00,-0.010336213755121898
2020-11-08 00:00:00+00:00,0.009235816174742058
2020-11-09 00:00:00+00:00,-0.003327892259985512
2020-11-10 00:00:00+00:00,0.0010107116731895216
2020-11-11 00:00:00+00:00,0.005893388103160157
2020-11-12 00:00:00+00:00,0.004431230842764105
2020-11-13 00:00:00+00:00,0.003241058499866141
2020-11-14 00:00:00+00:00,-0.0053601799436601505
2020-11-15 00:00:00+00:00,-0.004548328383378496
2020-11-16 00:00:00+00:00,0.005844544795547937
2020-11-17 00:00:00+00:00,0.007165281536796988
2020-11-18 00:00:00+00:00,-0.003638594317271587
2020-11-19 00:00:00+00:00,0.00024206491356236094
2020-11-20 00:00:00+00:00,0.00729121910668339
2020-11-21 00:00:00+00:00,0.006798316477213396
2020-11-22 00:00:00+00:00,-0.0009227282912445591
2020-11-23 00:00:00+00:00,0.007488700080909583
2020-11-24 00:00:00+00:00,0.005577556995167297
2020-11-25 00:00:00+00:00,-0.009005604440408148
2020-11-26 00:00:00+00:00,-0.010468290185664628
2020-11-27 00:00:00+00:00,0.0
2020-11-28 00:00:00+00:00,0.0
2020-11-29 00:00:00+00:00,0.0
2020-11-30 00:00:00+00:00,0.0
2020-12-01 00:00:00+00:00,-0.004999999999999996
2020-12-02 00:00:00+00:00,0.0
2020-12-03 00:00:00+00:00,0.0
2020-12-04 00:00:00+00:00,0.0
2020-12-05 00:00:00+00:00,0.0
2020-12-06 00:00:00+00:00,0.0
2020-12-07 00:00:00+00:00,0.0
2020-12-08 00:00:00+00:00,0.0
2020-12-09 00:00:00+00:00,0.0
2020-12-10 00:00:00+00:00,0.0
2020-12-11 00:00:00+00:00,0.0
2020-12-12 00:00:00+00:00,0.0
2020-12-13 00:00:00+00:00,-0.0014176563549014465
2020-12-14 00:00:00+00:00,-2.7757639857292908e-05
2020-12-15 00:00:00+00:00,0.0016335298111988283
2020-12-16 00:00:00+00:00,0.02151736510466181
2020-12-17 00:00:00+00:00,0.011128987814144875
2020-12-18 00:00:00+00:00,0.004177968655928021
2020-12-19 00:00:00+00:00,0.005573542498195123
2020-12-20 00:00:00+00:00,-0.006150436117749806
2020-12-21 00:00:00+00:00,-0.011264356070227686
2020-12-22 00:00:00+00:00,0.0
2020-12-23 00:00:00+00:00,0.0
2020-12-24 00:00:00+00:00,0.0
2020-12-25 00:00:00+00:00,0.00034679357981472723
2020-12-26 00:00:00+00:00,0.0050586101849875425
2020-12-27 00:00:00+00:00,0.004781531735820184
2020-12-28 00:00:00+00:00,0.008101458900926468
2020-12-29 00:00:00+00:00,0.0011874940146069546
2020-12-30 00:00:00+00:00,0.007789659698341394
2020-12-31 00:00:00+00:00,-0.0014352609211570845
2021-01-01 00:00:00+00:00,0.0006864749378765279
2021-01-02 00:00:00+00:00,0.014875445539519323
2021-01-03 00:00:00+00:00,0.026327957578800968
2021-01-04 00:00:00+00:00,-0.011787082042722807
2021-01-05 00:00:00+00:00,0.0
2021-01-06 00:00:00+00:00,0.0
2021-01-07 00:00:00+00:00,0.0036558738194453566
2021-01-08 00:00:00+00:00,0.0013123516193363073
2021-01-09 00:00:00+00:00,0.0014394952441237848
2021-01-10 00:00:00+00:00,-0.007310043997730091
2021-01-11 00:00:00+00:00,-0.0053699486781386046
2021-01-12 00:00:00+00:00,0.0
2021-01-13 00:00:00+00:00,0.0
2021-01-14 00:00:00+00:00,0.0
2021-01-15 00:00:00+00:00,0.0
2021-01-16 00:00:00+00:00,-0.001626685332017582
2021-01-17 00:00:00+00:00,0.00018923911920962517
2021-01-18 00:00:00+00:00,0.0007871576265935351
2021-01-19 00:00:00+00:00,0.0035042972380635506
2021-01-20 00:00:00+00:00,0.0002926941215619194
2021-01-21 00:00:00+00:00,-0.004850497423952074
2021-01-22 00:00:00+00:00,0.0
2021-01-23 00:00:00+00:00,0.0
2021-01-24 00:00:00+00:00,0.0
2021-01-25 00:00:00+00:00,-0.005000000000000003
2021-01-26 00:00:00+00:00,0.0
2021-01-27 00:00:00+00:00,0.0
2021-01-28 00:00:00+00:00,0.0
2021-01-29 00:00:00+00:00,-0.003457398427482464
2021-01-30 00:00:00+00:00,-0.0015426015725175408
2021-01-31 00:00:00+00:00,0.0
2021-02-01 00:00:00+00:00,0.0
2021-02-02 00:00:00+00:00,-0.0001895292207792146
2021-02-03 00:00:00+00:00,0.006155438311688307
2021-02-04 00:00:00+00:00,-0.004459715341139607
2021-02-05 00:00:00+00:00,0.00796185180201931
2021-02-06 00:00:00+00:00,0.000500287161199245
2021-02-07 00:00:00+00:00,-0.006605496684625554
2021-02-08 00:00:00+00:00,0.017058862638781286
2021-02-09 00:00:00+00:00,0.0003258488252000946
2021-02-10 00:00:00+00:00,-0.0038777885360185807
2021-02-11 00:00:00+00:00,0.007238958817454153
2021-02-12 00:00:00+00:00,-0.0014161691733054764
2021-02-13 00:00:00+00:00,-0.001446360449131221
2021-02-14 00:00:00+00:00,0.00263611802238698
2021-02-15 00:00:00+00:00,-0.004957444583787096
2021-02-16 00:00:00+00:00,0.0027080945003872927
2021-02-17 00:00:00+00:00,0.006667576813839391
2021-02-18 00:00:00+00:00,0.00039857988751740205
2021-02-19 00:00:00+00:00,0.010497212484451377
2021-02-20 00:00:00+00:00,-0.003114940320700274
2021-02-21 00:00:00+00:00,0.003599564291247095
2021-02-22 00:00:00+00:00,-0.01149069842499352
2021-02-23 00:00:00+00:00,0.0
2021-02-24 00:00:00+00:00,0.0
2021-02-25 00:00:00+00:00,0.0
2021-02-26 00:00:00+00:00,0.0
2021-02-27 00:00:00+00:00,0.0
2021-02-28 00:00:00+00:00,0.0
2021-03-01 00:00:00+00:00,0.0
2021-03-02 00:00:00+00:00,0.0
2021-03-03 00:00:00+00:00,-0.0018994881679772764
2021-03-04 00:00:00+00:00,-0.003100511832022727
2021-03-05 00:00:00+00:00,0.0
2021-03-06 00:00:00+00:00,0.0
2021-03-07 00:00:00+00:00,0.0
2021-03-08 00:00:00+00:00,0.0038758896441423375
2021-03-09 00:00:00+00:00,0.0054425341520797825
2021-03-10 00:00:00+00:00,-0.0013322129462033487
2021-03-11 00:00:00+00:00,0.00427020181234687
2021-03-12 00:00:00+00:00,-0.003078799038374624
2021-03-13 00:00:00+00:00,0.011953346613815124
2021-03-14 00:00:00+00:00,-0.006211167180417536
2021-03-15 00:00:00+00:00,-0.008304909014605557
2021-03-16 00:00:00+00:00,0.0
2021-03-17 00:00:00+00:00,0.0
2021-03-18 00:00:00+00:00,0.0
2021-03-19 00:00:00+00:00,0.0
2021-03-20 00:00:00+00:00,-0.0029598765432098805
2021-03-21 00:00:00+00:00,-0.0020401234567901144
2021-03-22 00:00:00+00:00,0.0
2021-03-23 00:00:00+00:00,0.0
2021-03-24 00:00:00+00:00,0.0
2021-03-25 00:00:00+00:00,0.0
2021-03-26 00:00:00+00:00,0.0
2021-03-27 00:00:00+00:00,0.0
2021-03-28 00:00:00+00:00,0.0
2021-03-29 00:00:00+00:00,0.002849573805369503
2021-03-30 00:00:00+00:00,0.003830040405579247
2021-03-31 00:00:00+00:00,0.005269267008703734
2021-04-01 00:00:00+00:00,0.0031768929219057286
2021-04-02 00:00:00+00:00,0.011578957282317831
2021-04-03 00:00:00+00:00,-0.011861657551010556
2021-04-04 00:00:00+00:00,0.004157151434197725
2021-04-05 00:00:00+00:00,0.0020472753693388237
2021-04-06 00:00:00+00:00,0.00037704044562847816
2021-04-07 00:00:00+00:00,-0.009217437636231503
2021-04-08 00:00:00+00:00,0.0
2021-04-09 00:00:00+00:00,0.0
2021-04-10 00:00:00+00:00,-0.0030264354174404763
2021-04-11 00:00:00+00:00,0.0010980530254848517
2021-04-12 00:00:00+00:00,-0.0009231194873767232
2021-04-13 00:00:00+00:00,0.015160718385311283
2021-04-14 00:00:00+00:00,0.005114019492642398
2021-04-15 00:00:00+00:00,0.004459240080893771
2021-04-16 00:00:00+00:00,-0.009838051375873465
2021-04-17 00:00:00+00:00,-0.005145345416029168
2021-04-18 00:00:00+00:00,-0.0023968123203147455
2021-04-19 00:00:00+00:00,0.0
2021-04-20 00:00:00+00:00,0.0
2021-04-21 00:00:00+00:00,0.0
2021-04-22 00:00:00+00:00,-0.0028222015722609217
2021-04-23 00:00:00+00:00,-0.003078707051727971
2021-04-24 00:00:00+00:00,0.0011212385732463897
2021-04-25 00:00:00+00:00,0.0009958471209761777
2021-04-26 00:00:00+00:00,-0.003257510553650099
2021-04-27 00:00:00+00:00,-6.179925969637054e-05
2021-04-28 00:00:00+00:00,0.0017591330937181474
2021-04-29 00:00:00+00:00,0.00019526849417949495
2021-04-30 00:00:00+00:00,0.000327879405611291
2021-05-01 00:00:00+00:00,0.0037603132879137327
2021-05-02 00:00:00+00:00,6.051177511936401e-05
2021-05-03 00:00:00+00:00,0.0070983177331447565
2021-05-04 00:00:00+00:00,-0.005895646202647465
2021-05-05 00:00:00+00:00,0.006171771900649099
2021-05-06 00:00:00+00:00,-0.0007512472506839707
2021-05-07 00:00:00+00:00,-0.00014591491872753881
2021-05-08 00:00:00+00:00,0.009171181803551308
2021-05-09 00:00:00+00:00,0.00029891100262861235
2021-05-10 00:00:00+00:00,0.0004727214205246533
2021-05-11 00:00:00+00:00,0.004843516978702862
2021-05-12 00:00:00+00:00,-0.006789549916849955
2021-05-13 00:00:00+00:00,-0.003832381769831472
2021-05-14 00:00:00+00:00,0.0
2021-05-15 00:00:00+00:00,0.0
2021-05-16 00:00:00+00:00,0.0003190217843186145
2021-05-17 00:00:00+00:00,0.0035647986474875936
2021-05-18 00:00:00+00:00,0.0008382476234029046
2021-05-19 00:00:00+00:00,0.0024793589423796453
2021-05-20 00:00:00+00:00,0.0
2021-05-21 00:00:00+00:00,0.0
2021-05-22 00:00:00+00:00,0.0
2021-05-23 00:00:00+00:00,-0.0017044369657969241
2021-05-24 00:00:00+00:00,-0.003295563034203074
2021-05-25 00:00:00+00:00,0.0
2021-05-26 00:00:00+00:00,0.0
2021-05-27 00:00:00+00:00,0.0
2021-05-28 00:00:00+00:00,0.0
2021-05-29 00:00:00+00:00,0.0004573863641192373
2021-05-30 00:00:00+00:00,-0.003002889318279067
2021-05-31 00:00:00+00:00,-0.0062238141769064255
2021-06-01 00:00:00+00:00,0.0007552900736707563
2021-06-02 00:00:00+00:00,-0.001394254080668238
2021-06-03 00:00:00+00:00,0.0
2021-06-04 00:00:00+00:00,0.0
2021-06-05 00:00:00+00:00,0.0
2021-06-06 00:00:00+00:00,0.0
2021-06-07 00:00:00+00:00,0.0
2021-06-08 00:00:00+00:00,-0.00022856348626820906
2021-06-09 00:00:00+00:00,-0.006339690236114186
2021-06-10 00:00:00+00:00,0.00297903981895576
2021-06-11 00:00:00+00:00,0.002504014224904366
2021-06-12 00:00:00+00:00,-0.0003286815022361117
2021-06-13 00:00:00+00:00,-0.0033241015140902004
2021-06-14 00:00:00+00:00,0.0
2021-06-15 00:00:00+00:00,0.0
2021-06-16 00:00:00+00:00,0.0
2021-06-17 00:00:00+00:00,0.0
2021-06-18 00:00:00+00:00,-0.0015738482174860974
2021-06-19 00:00:00+00:00,0.0026445014589730536
2021-06-20 00:00:00+00:00,-0.002409844958070077
2021-06-21 00:00:00+00:00,0.01799726336656582
2021-06-22 00:00:00+00:00,-0.0017114328468865302
2021-06-23 00:00:00+00:00,-0.004735146117812594
2021-06-24 00:00:00+00:00,-0.001961762607997217
2021-06-25 00:00:00+00:00,-0.0006448750544452697
2021-06-26 00:00:00+00:00,0.0
2021-06-27 00:00:00+00:00,0.0
2021-06-28 00:00:00+00:00,0.0
2021-06-29 00:00:00+00:00,0.0
2021-06-30 00:00:00+00:00,0.0
2021-07-01 00:00:00+00:00,0.0
2021-07-02 00:00:00+00:00,0.0
2021-07-03 00:00:00+00:00,0.0
2021-07-04 00:00:00+00:00,0.0
2021-07-05 00:00:00+00:00,0.0
2021-07-06 00:00:00+00:00,0.0
2021-07-07 00:00:00+00:00,0.0
2021-07-08 00:00:00+00:00,-0.0011568935621284917
2021-07-09 00:00:00+00:00,-0.0035427837082006777
2021-07-10 00:00:00+00:00,0.0019731878381248407
2021-07-11 00:00:00+00:00,-0.002870530202058038
2021-07-12 00:00:00+00:00,0.003638961441673509
2021-07-13 00:00:00+00:00,0.003012487029947405
2021-07-14 00:00:00+00:00,-0.004845359516982886
2021-07-15 00:00:00+00:00,0.00548248805608197
2021-07-16 00:00:00+00:00,0.002796049425080058
2021-07-17 00:00:00+00:00,-0.0012067205769436956
2021-07-18 00:00:00+00:00,-0.0005011398136573916
2021-07-19 00:00:00+00:00,0.005298902347228242
2021-07-20 00:00:00+00:00,0.00442711106383044
2021-07-21 00:00:00+00:00,-0.009353358451485598
2021-07-22 00:00:00+00:00,0.0
2021-07-23 00:00:00+00:00,0.0
2021-07-24 00:00:00+00:00,0.0
2021-07-25 00:00:00+00:00,0.0
2021-07-26 00:00:00+00:00,0.0
2021-07-27 00:00:00+00:00,0.0
2021-07-28 00:00:00+00:00,-0.0011176131790597839
2021-07-29 00:00:00+00:00,-6.8245750403862775e-06
2021-07-30 00:00:00+00:00,0.003263986537360034
2021-07-31 00:00:00+00:00,0.0012606681496546122
2021-08-01 00:00:00+00:00,-0.0015872210055729878
2021-08-02 00:00:00+00:00,0.0006857154401533302
2021-08-03 00:00:00+00:00,-0.003575040113201344
2021-08-04 00:00:00+00:00,0.007671513941706357
2021-08-05 00:00:00+00:00,0.0036935477757703552
2021-08-06 00:00:00+00:00,0.0033393610781105466
2021-08-07 00:00:00+00:00,0.012488458829106557
2021-08-08 00:00:00+00:00,-0.006760066549793324
2021-08-09 00:00:00+00:00,0.009664648765169846
2021-08-10 00:00:00+00:00,-0.0019562377052504353
2021-08-11 00:00:00+00:00,0.0005802424590565958
2021-08-12 00:00:00+00:00,-0.00602114591638999
2021-08-13 00:00:00+00:00,0.015637732507797538
2021-08-14 00:00:00+00:00,-0.003241189274636822
2021-08-15 00:00:00+00:00,0.001457463332403668
2021-08-16 00:00:00+00:00,-0.0077214860005846075
2021-08-17 00:00:00+00:00,-0.004627014607973339
2021-08-18 00:00:00+00:00,0.0
2021-08-19 00:00:00+00:00,0.0
2021-08-20 00:00:00+00:00,0.0010658924905552062
2021-08-21 00:00:00+00:00,-0.0009000967266662307
2021-08-22 00:00:00+00:00,0.0008501008759817297
2021-08-23 00:00:00+00:00,-0.0002790597618528236
2021-08-24 00:00:00+00:00,-0.007831920143216292
2021-08-25 00:00:00+00:00,-0.0006877796536614087
2021-08-26 00:00:00+00:00,0.0
2021-08-27 00:00:00+00:00,0.0
2021-08-28 00:00:00+00:00,0.0
2021-08-29 00:00:00+00:00,0.0
2021-08-30 00:00:00+00:00,-0.0040534297280233654
2021-08-31 00:00:00+00:00,0.000899219027108718
2021-09-01 00:00:00+00:00,0.01050228899104309
2021-09-02 00:00:00+00:00,-0.001039533671389985
2021-09-03 00:00:00+00:00,0.002864270875570208
2021-09-04 00:00:00+00:00,-0.001672027311701579
2021-09-05 00:00:00+00:00,0.005643537831495323
2021-09-06 00:00:00+00:00,0.0013331471251333798
2021-09-07 00:00:00+00:00,-0.009361433336306936
2021-09-08 00:00:00+00:00,0.0
2021-09-09 00:00:00+00:00,0.0
2021-09-10 00:00:00+00:00,0.0
2021-09-11 00:00:00+00:00,0.0
2021-09-12 00:00:00+00:00,0.0
2021-09-13 00:00:00+00:00,0.0
2021-09-14 00:00:00+00:00,0.0
2021-09-15 00:00:00+00:00,0.004382704739252867
2021-09-16 00:00:00+00:00,-0.0016956924786965617
2021-09-17 00:00:00+00:00,-0.005560169722591335
2021-09-18 00:00:00+00:00,0.0018765677641209128
2021-09-19 00:00:00+00:00,-0.0019426287785496883
2021-09-20 00:00:00+00:00,-0.002060751544280431
2021-09-21 00:00:00+00:00,0.0
2021-09-22 00:00:00+00:00,0.0
2021-09-23 00:00:00+00:00,0.0
2021-09-24 00:00:00+00:00,0.0
2021-09-25 00:00:00+00:00,0.0
2021-09-26 00:00:00+00:00,0.0
2021-09-27 00:00:00+00:00,0.0
2021-09-28 00:00:00+00:00,0.0
2021-09-29 00:00:00+00:00,0.0
2021-09-30 00:00:00+00:00,0.0
2021-10-01 00:00:00+00:00,0.0
2021-10-02 00:00:00+00:00,0.0
2021-10-03 00:00:00+00:00,-0.003132737202888201
2021-10-04 00:00:00+00:00,-0.007357503401800086
2021-10-05 00:00:00+00:00,0.005570370282660532
2021-10-06 00:00:00+00:00,0.01036181168042828
2021-10-07 00:00:00+00:00,-0.0032587559338300293
2021-10-08 00:00:00+00:00,-0.00021268046128022824
2021-10-09 00:00:00+00:00,0.0025241047362855214
2021-10-10 00:00:00+00:00,-0.004074263396816014
2021-10-11 00:00:00+00:00,0.006404417873491127
2021-10-12 00:00:00+00:00,-0.003380347630605829
2021-10-13 00:00:00+00:00,0.003175959079283899
2021-10-14 00:00:00+00:00,0.003482456411536168
2021-10-15 00:00:00+00:00,0.01180640413592282
2021-10-16 00:00:00+00:00,-0.002860493201947472
2021-10-17 00:00:00+00:00,-0.0018878878105923853
2021-10-18 00:00:00+00:00,0.0011227914705067875
2021-10-19 00:00:00+00:00,0.005177402381611742
2021-10-20 00:00:00+00:00,0.005853447170407576
2021-10-21 00:00:00+00:00,-0.01163743434081843
2021-10-22 00:00:00+00:00,-0.0010564562567417454
2021-10-23 00:00:00+00:00,0.0
2021-10-24 00:00:00+00:00,0.0
2021-10-25 00:00:00+00:00,0.0
2021-10-26 00:00:00+00:00,0.0
2021-10-27 00:00:00+00:00,0.0
2021-10-28 00:00:00+00:00,0.0
2021-10-29 00:00:00+00:00,0.0005572652722749391
2021-10-30 00:00:00+00:00,-0.0015203860683681934
2021-10-31 00:00:00+00:00,-0.0005243711416198213
2021-11-01 00:00:00+00:00,0.0005006680180595259
2021-11-02 00:00:00+00:00,0.003171204979902825
2021-11-03 00:00:00+00:00,-0.0036119817236603046
2021-11-04 00:00:00+00:00,-0.0011175942135815057
2021-11-05 00:00:00+00:00,-0.000870404496452587
2021-11-06 00:00:00+00:00,-0.0014548972634294724
2021-11-07 00:00:00+00:00,0.0
2021-11-08 00:00:00+00:00,0.007582173616579577
2021-11-09 00:00:00+00:00,-0.003664044157439258
2021-11-10 00:00:00+00:00,-0.01005517929460508
2021-11-11 00:00:00+00:00,0.0
2021-11-12 00:00:00+00:00,0.0
2021-11-13 00:00:00+00:00,0.0
2021-11-14 00:00:00+00:00,0.0
2021-11-15 00:00:00+00:00,0.0
2021-11-16 00:00:00+00:00,0.0
2021-11-17 00:00:00+00:00,0.0
2021-11-18 00:00:00+00:00,0.0
2021-11-19 00:00:00+00:00,0.0
2021-11-20 00:00:00+00:00,0.0
2021-11-21 00:00:00+00:00,0.0
2021-11-22 00:00:00+00:00,0.0
2021-11-23 00:00:00+00:00,0.0
2021-11-24 00:00:00+00:00,0.0
2021-11-25 00:00:00+00:00,0.0008368268535771776
2021-11-26 00:00:00+00:00,-0.005916203396321305
2021-11-27 00:00:00+00:00,-0.0016887552293111943
2021-11-28 00:00:00+00:00,-0.0032318682279446776
2021-11-29 00:00:00+00:00,0.0
2021-11-30 00:00:00+00:00,0.0006279189571636372
2021-12-01 00:00:00+00:00,-0.0008994268051724517
2021-12-02 00:00:00+00:00,-0.0013148137279835193
2021-12-03 00:00:00+00:00,-0.003322730207171775
2021-12-04 00:00:00+00:00,0.006465307544539297
2021-12-05 00:00:00+00:00,-0.00031956738127883244
2021-12-06 00:00:00+00:00,0.0006645520569171082
2021-12-07 00:00:00+00:00,0.0
2021-12-08 00:00:00+00:00,0.0
2021-12-09 00:00:00+00:00,0.0
2021-12-10 00:00:00+00:00,0.0
2021-12-11 00:00:00+00:00,-0.0035050157837804388
2021-12-12 00:00:00+00:00,-0.0014949842162195598
2021-12-13 00:00:00+00:00,0.0004764008179959107
2021-12-14 00:00:00+00:00,-0.0014780640763462861
2021-12-15 00:00:00+00:00,-0.003998336741649626
2021-12-16 00:00:00+00:00,0.0
2021-12-17 00:00:00+00:00,0.0
2021-12-18 00:00:00+00:00,0.0
2021-12-19 00:00:00+00:00,0.0
2021-12-20 00:00:00+00:00,0.0
2021-12-21 00:00:00+00:00,0.0
2021-12-22 00:00:00+00:00,0.0
2021-12-23 00:00:00+00:00,0.0
2021-12-24 00:00:00+00:00,0.0
2021-12-25 00:00:00+00:00,0.0
2021-12-26 00:00:00+00:00,0.0
2021-12-27 00:00:00+00:00,0.0
2021-12-28 00:00:00+00:00,0.0006693434266961079
2021-12-29 00:00:00+00:00,0.0077185293815731654
2021-12-30 00:00:00+00:00,-0.003988784889529227
2021-12-31 00:00:00+00:00,0.0031566885797407653
2022-01-01 00:00:00+00:00,-0.006445206420912001
2022-01-02 00:00:00+00:00,-0.0014251108787808858
2022-01-03 00:00:00+00:00,0.0019651822765534193
2022-01-04 00:00:00+00:00,0.001450575742046859
2022-01-05 00:00:00+00:00,0.005412738262476304
2022-01-06 00:00:00+00:00,0.0037015012386530702
2022-01-07 00:00:00+00:00,0.008278495064220683
2022-01-08 00:00:00+00:00,0.0023607796824495165
2022-01-09 00:00:00+00:00,-0.002076004859085834
2022-01-10 00:00:00+00:00,0.0018533192971158785
2022-01-11 00:00:00+00:00,-0.0061110000623176
2022-01-12 00:00:00+00:00,0.0
2022-01-13 00:00:00+00:00,0.0
2022-01-14 00:00:00+00:00,0.0
2022-01-15 00:00:00+00:00,0.0
2022-01-16 00:00:00+00:00,0.0
2022-01-17 00:00:00+00:00,0.0
2022-01-18 00:00:00+00:00,-0.0013497053677804327
2022-01-19 00:00:00+00:00,0.0009675322758964943
2022-01-20 00:00:00+00:00,-0.0011162866631795332
2022-01-21 00:00:00+00:00,0.022754489828142314
2022-01-22 00:00:00+00:00,0.007948244858610745
2022-01-23 00:00:00+00:00,-0.006693491684902389
2022-01-24 00:00:00+00:00,0.00197878632499865
2022-01-25 00:00:00+00:00,-0.0011150000616962298
2022-01-26 00:00:00+00:00,-0.0054852529281138925
2022-01-27 00:00:00+00:00,0.0
2022-01-28 00:00:00+00:00,0.0
2022-01-29 00:00:00+00:00,0.0
2022-01-30 00:00:00+00:00,0.0
2022-01-31 00:00:00+00:00,0.0
2022-02-01 00:00:00+00:00,0.0
2022-02-02 00:00:00+00:00,0.0
2022-02-03 00:00:00+00:00,0.0
2022-02-04 00:00:00+00:00,0.0
2022-02-05 00:00:00+00:00,0.0
2022-02-06 00:00:00+00:00,0.0
2022-02-07 00:00:00+00:00,0.0
2022-02-08 00:00:00+00:00,0.0
2022-02-09 00:00:00+00:00,0.0
2022-02-10 00:00:00+00:00,0.0
2022-02-11 00:00:00+00:00,0.0
2022-02-12 00:00:00+00:00,0.00015253563607172708
2022-02-13 00:00:00+00:00,0.0010769146838540803
2022-02-14 00:00:00+00:00,-0.001294479818565831
2022-02-15 00:00:00+00:00,-0.0034855312482951553
2022-02-16 00:00:00+00:00,0.0
2022-02-17 00:00:00+00:00,0.0
2022-02-18 00:00:00+00:00,0.0001623126706710427
2022-02-19 00:00:00+00:00,0.00013385704283086698
2022-02-20 00:00:00+00:00,0.007243577939289456
2022-02-21 00:00:00+00:00,0.004383667889935629
2022-02-22 00:00:00+00:00,-0.0044979943693916
2022-02-23 00:00:00+00:00,0.0036923523174748948
2022-02-24 00:00:00+00:00,-0.004123329248935923
2022-02-25 00:00:00+00:00,0.0
2022-02-26 00:00:00+00:00,0.0
2022-02-27 00:00:00+00:00,0.0
2022-02-28 00:00:00+00:00,0.0
2022-03-01 00:00:00+00:00,0.0
2022-03-02 00:00:00+00:00,0.0
2022-03-03 00:00:00+00:00,0.0
2022-03-04 00:00:00+00:00,0.0
2022-03-05 00:00:00+00:00,0.0
2022-03-06 00:00:00+00:00,0.0
2022-03-07 00:00:00+00:00,0.0019607075655076705
2022-03-08 00:00:00+00:00,-0.005469709002170358
2022-03-09 00:00:00+00:00,-0.0064909985633373034
2022-03-10 00:00:00+00:00,0.0
2022-03-11 00:00:00+00:00,0.0
2022-03-12 00:00:00+00:00,0.0
2022-03-13 00:00:00+00:00,0.0
2022-03-14 00:00:00+00:00,-0.008732124548054599
2022-03-15 00:00:00+00:00,-0.0012678754519453983
2022-03-16 00:00:00+00:00,0.0
2022-03-17 00:00:00+00:00,0.0
2022-03-18 00:00:00+00:00,0.0
2022-03-19 00:00:00+00:00,0.0
2022-03-20 00:00:00+00:00,0.0
2022-03-21 00:00:00+00:00,0.0
2022-03-22 00:00:00+00:00,-0.0012439168021105786
2022-03-23 00:00:00+00:00,0.0021115586648764594
2022-03-24 00:00:00+00:00,0.0024980868302767714
2022-03-25 00:00:00+00:00,0.0007013576480599572
2022-03-26 00:00:00+00:00,0.001905902620383182
2022-03-27 00:00:00+00:00,0.0114572923588536
2022-03-28 00:00:00+00:00,0.0020248743227994203
2022-03-29 00:00:00+00:00,0.003231760619823846
2022-03-30 00:00:00+00:00,-0.0016182180592175532
2022-03-31 00:00:00+00:00,-0.007068174957089264
2022-04-01 00:00:00+00:00,-0.001212540927614062
2022-04-02 00:00:00+00:00,0.0
2022-04-03 00:00:00+00:00,0.0
2022-04-04 00:00:00+00:00,0.0
2022-04-05 00:00:00+00:00,0.0
2022-04-06 00:00:00+00:00,0.0
2022-04-07 00:00:00+00:00,0.0
2022-04-08 00:00:00+00:00,0.0
2022-04-09 00:00:00+00:00,0.0
2022-04-10 00:00:00+00:00,0.0
2022-04-11 00:00:00+00:00,0.005826974282462729
2022-04-12 00:00:00+00:00,-0.0021141525409885
2022-04-13 00:00:00+00:00,-0.004043060403269281
2022-04-14 00:00:00+00:00,0.004607294349547231
2022-04-15 00:00:00+00:00,-0.0023886653344151066
2022-04-16 00:00:00+00:00,0.0006944769642089144
2022-04-17 00:00:00+00:00,0.0026155710077375533
2022-04-18 00:00:00+00:00,-0.007578892343546648
2022-04-19 00:00:00+00:00,0.0
2022-04-20 00:00:00+00:00,0.0
2022-04-21 00:00:00+00:00,0.0
2022-04-22 00:00:00+00:00,0.0
2022-04-23 00:00:00+00:00,0.0
2022-04-24 00:00:00+00:00,0.0
2022-04-25 00:00:00+00:00,-0.009571097444716518
2022-04-26 00:00:00+00:00,0.0
2022-04-27 00:00:00+00:00,0.0
2022-04-28 00:00:00+00:00,0.0
2022-04-29 00:00:00+00:00,0.0
2022-04-30 00:00:00+00:00,0.0
2022-05-01 00:00:00+00:00,-0.0064927940240831015
2022-05-02 00:00:00+00:00,-0.0035072059759169135
2022-05-03 00:00:00+00:00,0.0
2022-05-04 00:00:00+00:00,0.0
2022-05-05 00:00:00+00:00,0.0009876125156830827
2022-05-06 00:00:00+00:00,0.0009601610667877375
2022-05-07 00:00:00+00:00,0.0032599047848655624
2022-05-08 00:00:00+00:00,0.007683401076311519
2022-05-09 00:00:00+00:00,0.020088637257987978
2022-05-10 00:00:00+00:00,-0.006135753138230098
2022-05-11 00:00:00+00:00,0.013621384607010206
2022-05-12 00:00:00+00:00,0.004153932038117452
2022-05-13 00:00:00+00:00,-0.002411917801486605
2022-05-14 00:00:00+00:00,-0.0041116145965908475
2022-05-15 00:00:00+00:00,0.000303045623907765
2022-05-16 00:00:00+00:00,0.0
2022-05-17 00:00:00+00:00,0.0
2022-05-18 00:00:00+00:00,0.0
2022-05-19 00:00:00+00:00,-0.0037372442258716073
2022-05-20 00:00:00+00:00,-0.0012627557741283929
2022-05-21 00:00:00+00:00,0.0
2022-05-22 00:00:00+00:00,0.0
2022-05-23 00:00:00+00:00,0.0
2022-05-24 00:00:00+00:00,0.0
2022-05-25 00:00:00+00:00,0.0
2022-05-26 00:00:00+00:00,0.000983455151533687
2022-05-27 00:00:00+00:00,0.002858313709899384
2022-05-28 00:00:00+00:00,-0.00284375668980702
2022-05-29 00:00:00+00:00,-0.0009115263463714565
2022-05-30 00:00:00+00:00,-0.0017946726199577954
2022-05-31 00:00:00+00:00,0.0
2022-06-01 00:00:00+00:00,0.0
2022-06-02 00:00:00+00:00,0.0
2022-06-03 00:00:00+00:00,-0.0006357055763917942
2022-06-04 00:00:00+00:00,-0.0012765970582333853
2022-06-05 00:00:00+00:00,-7.865289932244363e-05
2022-06-06 00:00:00+00:00,-0.00187797687950487
2022-06-07 00:00:00+00:00,0.0
2022-06-08 00:00:00+00:00,0.0
2022-06-09 00:00:00+00:00,0.0
2022-06-10 00:00:00+00:00,0.0031064095237817143
2022-06-11 00:00:00+00:00,0.010139608345904143
2022-06-12 00:00:00+00:00,0.012954522499598395
2022-06-13 00:00:00+00:00,0.029651712667207696
2022-06-14 00:00:00+00:00,0.0015343121862140352
2022-06-15 00:00:00+00:00,-0.0035252470858078986
2022-06-16 00:00:00+00:00,0.018611508788588277
2022-06-17 00:00:00+00:00,-0.0010740779687230706
2022-06-18 00:00:00+00:00,0.011117056620440038
2022-06-19 00:00:00+00:00,-0.012628856863337985
2022-06-20 00:00:00+00:00,0.0
2022-06-21 00:00:00+00:00,0.0
2022-06-22 00:00:00+00:00,0.0
2022-06-23 00:00:00+00:00,0.0
2022-06-24 00:00:00+00:00,0.0
2022-06-25 00:00:00+00:00,0.0
2022-06-26 00:00:00+00:00,0.0
2022-06-27 00:00:00+00:00,0.0
2022-06-28 00:00:00+00:00,0.0
2022-06-29 00:00:00+00:00,0.0016051281499371555
2022-06-30 00:00:00+00:00,0.0025207675106050246
2022-07-01 00:00:00+00:00,-0.001799750754969573
2022-07-02 00:00:00+00:00,-0.00043159355679859516
2022-07-03 00:00:00+00:00,-0.00043277116541194703
2022-07-04 00:00:00+00:00,-0.0010127434074946521
2022-07-05 00:00:00+00:00,0.0
2022-07-06 00:00:00+00:00,0.0
2022-07-07 00:00:00+00:00,0.0
2022-07-08 00:00:00+00:00,0.0
2022-07-09 00:00:00+00:00,0.0
2022-07-10 00:00:00+00:00,0.0
2022-07-11 00:00:00+00:00,0.0
2022-07-12 00:00:00+00:00,0.007972186432098217
2022-07-13 00:00:00+00:00,-0.011144769500173053
2022-07-14 00:00:00+00:00,-0.00348279570293244
2022-07-15 00:00:00+00:00,0.0
2022-07-16 00:00:00+00:00,0.0
2022-07-17 00:00:00+00:00,0.0
2022-07-18 00:00:00+00:00,0.0
2022-07-19 00:00:00+00:00,0.0
2022-07-20 00:00:00+00:00,0.0
2022-07-21 00:00:00+00:00,0.0
2022-07-22 00:00:00+00:00,-0.0038225356949452465
2022-07-23 00:00:00+00:00,-0.0011774643050547534
2022-07-24 00:00:00+00:00,0.0
2022-07-25 00:00:00+00:00,0.0026591162007180602
2022-07-26 00:00:00+00:00,0.0002343140090864243
2022-07-27 00:00:00+00:00,-0.004676138780649663
2022-07-28 00:00:00+00:00,-0.00015958130973764932
2022-07-29 00:00:00+00:00,-9.469318963031812e-05
2022-07-30 00:00:00+00:00,-0.0007448162686004481
2022-07-31 00:00:00+00:00,-0.0005588450535559842
2022-08-01 00:00:00+00:00,-0.0016083649346905345
2022-08-02 00:00:00+00:00,0.0
2022-08-03 00:00:00+00:00,0.0
2022-08-04 00:00:00+00:00,0.0
2022-08-05 00:00:00+00:00,0.0
2022-08-06 00:00:00+00:00,-0.002120792962774104
2022-08-07 00:00:00+00:00,0.0004676185619581855
2022-08-08 00:00:00+00:00,0.0034085288118307034
2022-08-09 00:00:00+00:00,-0.0035930647628760917
2022-08-10 00:00:00+00:00,0.0006859697489009689
2022-08-11 00:00:00+00:00,-0.000685873152955406
2022-08-12 00:00:00+00:00,0.005379043324334894
2022-08-13 00:00:00+00:00,0.0012010137627770196
2022-08-14 00:00:00+00:00,-0.002532430692828155
2022-08-15 00:00:00+00:00,-0.003202546915804204
2022-08-16 00:00:00+00:00,-0.0017748171609181275
2022-08-17 00:00:00+00:00,0.0
2022-08-18 00:00:00+00:00,0.0
2022-08-19 00:00:00+00:00,0.0
2022-08-20 00:00:00+00:00,-0.0013154627983574924
2022-08-21 00:00:00+00:00,-0.001757337791331634
2022-08-22 00:00:00+00:00,0.0004905725219648055
2022-08-23 00:00:00+00:00,-0.000559099792677386
2022-08-24 00:00:00+00:00,0.0007408499424282216
2022-08-25 00:00:00+00:00,-0.0008279479236423149
2022-08-26 00:00:00+00:00,0.0020109151657749947
2022-08-27 00:00:00+00:00,0.0019598798720260285
2022-08-28 00:00:00+00:00,0.0058228469569528065
2022-08-29 00:00:00+00:00,-0.010176681470950591
2022-08-30 00:00:00+00:00,0.002893682721501512
2022-08-31 00:00:00+00:00,-0.001466947281258622
2022-09-01 00:00:00+00:00,-0.00044873033397734355
2022-09-02 00:00:00+00:00,0.0010476814794369127
2022-09-03 00:00:00+00:00,0.0007489908225227682
2022-09-04 00:00:00+00:00,-0.0010689345845983844
2022-09-05 00:00:00+00:00,0.0012922129450731478
2022-09-06 00:00:00+00:00,0.00606558791057135
2022-09-07 00:00:00+00:00,-0.008024824040850122
2022-09-08 00:00:00+00:00,-0.00025727125310516573
2022-09-09 00:00:00+00:00,-0.002780490960529932
2022-09-10 00:00:00+00:00,0.0
2022-09-11 00:00:00+00:00,-0.0004975901941728326
2022-09-12 00:00:00+00:00,-0.0027695114936829367
2022-09-13 00:00:00+00:00,-0.0017328983121442287
2022-09-14 00:00:00+00:00,0.0
2022-09-15 00:00:00+00:00,0.0
2022-09-16 00:00:00+00:00,0.0
2022-09-17 00:00:00+00:00,0.0
2022-09-18 00:00:00+00:00,0.002756740196078433
2022-09-19 00:00:00+00:00,-0.007531862745098048
2022-09-20 00:00:00+00:00,0.003251838235294115
2022-09-21 00:00:00+00:00,0.004665441176470596
2022-09-22 00:00:00+00:00,-0.004908700980392167
2022-09-23 00:00:00+00:00,-2.267156862744424e-05
2022-09-24 00:00:00+00:00,0.0005821078431372551
2022-09-25 00:00:00+00:00,-0.0007730217086834929
2022-09-26 00:00:00+00:00,0.0
2022-09-27 00:00:00+00:00,0.0
2022-09-28 00:00:00+00:00,0.0
2022-09-29 00:00:00+00:00,0.0
2022-09-30 00:00:00+00:00,0.0
2022-10-01 00:00:00+00:00,0.0
2022-10-02 00:00:00+00:00,0.0
2022-10-03 00:00:00+00:00,0.0
2022-10-04 00:00:00+00:00,0.0
2022-10-05 00:00:00+00:00,0.0
2022-10-06 00:00:00+00:00,0.0
2022-10-07 00:00:00+00:00,0.0
2022-10-08 00:00:00+00:00,0.0
2022-10-09 00:00:00+00:00,0.0
2022-10-10 00:00:00+00:00,0.0
2022-10-11 00:00:00+00:00,0.0013323903818953395
2022-10-12 00:00:00+00:00,-0.002019801980198011
2022-10-13 00:00:00+00:00,-0.0028118470799932856
2022-10-14 00:00:00+00:00,0.0
2022-10-15 00:00:00+00:00,0.0
2022-10-16 00:00:00+00:00,0.0
2022-10-17 00:00:00+00:00,0.0
2022-10-18 00:00:00+00:00,0.0
2022-10-19 00:00:00+00:00,0.0
2022-10-20 00:00:00+00:00,0.0
2022-10-21 00:00:00+00:00,0.0
2022-10-22 00:00:00+00:00,0.0
2022-10-23 00:00:00+00:00,0.0
2022-10-24 00:00:00+00:00,0.0
2022-10-25 00:00:00+00:00,0.0
2022-10-26 00:00:00+00:00,0.0
2022-10-27 00:00:00+00:00,0.0
2022-10-28 00:00:00+00:00,0.0
2022-10-29 00:00:00+00:00,0.0013503475709418884
2022-10-30 00:00:00+00:00,-0.0016249384612355032
2022-10-31 00:00:00+00:00,-0.0009803666725743867
2022-11-01 00:00:00+00:00,0.00030822551741792754
2022-11-02 00:00:00+00:00,-0.002256907110927303
2022-11-03 00:00:00+00:00,0.0
2022-11-04 00:00:00+00:00,0.0021115279778622957
2022-11-05 00:00:00+00:00,0.0011179744421528173
2022-11-06 00:00:00+00:00,-0.0028410770362846563
2022-11-07 00:00:00+00:00,-0.0010921160363572512
2022-11-08 00:00:00+00:00,0.0
2022-11-09 00:00:00+00:00,0.0
2022-11-10 00:00:00+00:00,-0.005000000000000003
2022-11-11 00:00:00+00:00,0.0
2022-11-12 00:00:00+00:00,0.0
2022-11-13 00:00:00+00:00,0.0
2022-11-14 00:00:00+00:00,0.0
2022-11-15 00:00:00+00:00,0.0
2022-11-16 00:00:00+00:00,0.0
2022-11-17 00:00:00+00:00,0.0
2022-11-18 00:00:00+00:00,0.0
2022-11-19 00:00:00+00:00,0.0
2022-11-20 00:00:00+00:00,0.003249623493975907
2022-11-21 00:00:00+00:00,0.012079198084885136
2022-11-22 00:00:00+00:00,-0.010995496656978384
2022-11-23 00:00:00+00:00,-0.009256875134794142
2022-11-24 00:00:00+00:00,0.0
2022-11-25 00:00:00+00:00,0.0
2022-11-26 00:00:00+00:00,0.0
2022-11-27 00:00:00+00:00,0.0
2022-11-28 00:00:00+00:00,0.0
2022-11-29 00:00:00+00:00,0.0
2022-11-30 00:00:00+00:00,0.0
2022-12-01 00:00:00+00:00,0.0
2022-12-02 00:00:00+00:00,0.0
2022-12-03 00:00:00+00:00,0.0
2022-12-04 00:00:00+00:00,0.0
2022-12-05 00:00:00+00:00,0.0
2022-12-06 00:00:00+00:00,0.0
2022-12-07 00:00:00+00:00,-0.001836576930132954
2022-12-08 00:00:00+00:00,-0.008106377843047873
2022-12-09 00:00:00+00:00,0.0
2022-12-10 00:00:00+00:00,0.0
2022-12-11 00:00:00+00:00,0.0
2022-12-12 00:00:00+00:00,0.0
2022-12-13 00:00:00+00:00,0.0
2022-12-14 00:00:00+00:00,0.0
2022-12-15 00:00:00+00:00,0.0
2022-12-16 00:00:00+00:00,0.006141269077012389
2022-12-17 00:00:00+00:00,-0.0031099089027805
2022-12-18 00:00:00+00:00,0.0006669617638039135
2022-12-19 00:00:00+00:00,0.0038816015758285534
2022-12-20 00:00:00+00:00,-0.005979510812428673
2022-12-21 00:00:00+00:00,0.0
2022-12-22 00:00:00+00:00,0.0
2022-12-23 00:00:00+00:00,0.0
2022-12-24 00:00:00+00:00,0.0
2022-12-25 00:00:00+00:00,0.0
2022-12-26 00:00:00+00:00,0.0
2022-12-27 00:00:00+00:00,0.0
2022-12-28 00:00:00+00:00,0.0
2022-12-29 00:00:00+00:00,-0.0017361943830861472
2022-12-30 00:00:00+00:00,0.0008376143893973119
2022-12-31 00:00:00+00:00,0.0009749195329756713
2023-01-01 00:00:00+00:00,-0.0012641969075418266
2023-01-02 00:00:00+00:00,7.510255601135996e-05
2023-01-03 00:00:00+00:00,0.0
2023-01-04 00:00:00+00:00,0.0
2023-01-05 00:00:00+00:00,0.0
2023-01-06 00:00:00+00:00,0.0
2023-01-07 00:00:00+00:00,0.0
2023-01-08 00:00:00+00:00,0.0
2023-01-09 00:00:00+00:00,0.006516503667481653
2023-01-10 00:00:00+00:00,0.0032988997555011812
2023-01-11 00:00:00+00:00,0.017555364899113857
2023-01-12 00:00:00+00:00,0.0198801739751184
2023-01-13 00:00:00+00:00,0.02434597296549146
2023-01-14 00:00:00+00:00,0.03785337676209295
2023-01-15 00:00:00+00:00,-0.0010387985933680267
2023-01-16 00:00:00+00:00,0.010068051835501447
2023-01-17 00:00:00+00:00,-0.0029988085156664557
2023-01-18 00:00:00+00:00,-0.018860209639692736
2023-01-19 00:00:00+00:00,0.014796203105707199
2023-01-20 00:00:00+00:00,0.048128648220555986
2023-01-21 00:00:00+00:00,-0.004748980853245781
2023-01-22 00:00:00+00:00,-0.0007834184702533697
2023-01-23 00:00:00+00:00,0.0027220528344022287
2023-01-24 00:00:00+00:00,-0.011892735945418113
2023-01-25 00:00:00+00:00,0.006444485827309343
2023-01-26 00:00:00+00:00,-0.0007958827811542336
2023-01-27 00:00:00+00:00,0.0010254673912429802
2023-01-28 00:00:00+00:00,-0.0007671254521548044
2023-01-29 00:00:00+00:00,0.010543369372162612
2023-01-30 00:00:00+00:00,-0.015654403360661883
2023-01-31 00:00:00+00:00,0.0
2023-02-01 00:00:00+00:00,0.0
2023-02-02 00:00:00+00:00,-0.001956456065420085
2023-02-03 00:00:00+00:00,0.0014204906505547175
2023-02-04 00:00:00+00:00,0.00019469764050211475
2023-02-05 00:00:00+00:00,-0.0025162768894213326
2023-02-06 00:00:00+00:00,0.0
2023-02-07 00:00:00+00:00,0.0
2023-02-08 00:00:00+00:00,0.0
2023-02-09 00:00:00+00:00,0.0
2023-02-10 00:00:00+00:00,0.0
2023-02-11 00:00:00+00:00,0.0
2023-02-12 00:00:00+00:00,0.0
2023-02-13 00:00:00+00:00,0.0
2023-02-14 00:00:00+00:00,0.0
2023-02-15 00:00:00+00:00,0.021889228905702718
2023-02-16 00:00:00+00:00,-0.008848702913765725
2023-02-17 00:00:00+00:00,0.0032096714978404896
2023-02-18 00:00:00+00:00,-0.0002325719371106616
2023-02-19 00:00:00+00:00,-0.0008442059275639857
2023-02-20 00:00:00+00:00,-0.0019113831881556443
2023-02-21 00:00:00+00:00,0.0
2023-02-22 00:00:00+00:00,0.0
2023-02-23 00:00:00+00:00,0.0
2023-02-24 00:00:00+00:00,0.0
2023-02-25 00:00:00+00:00,0.0
2023-02-26 00:00:00+00:00,0.0
2023-02-27 00:00:00+00:00,0.0
2023-02-28 00:00:00+00:00,0.0
2023-03-01 00:00:00+00:00,0.0
2023-03-02 00:00:00+00:00,0.0
2023-03-03 00:00:00+00:00,0.0
2023-03-04 00:00:00+00:00,0.0
2023-03-05 00:00:00+00:00,0.0
2023-03-06 00:00:00+00:00,0.0
2023-03-07 00:00:00+00:00,0.0
2023-03-08 00:00:00+00:00,0.0
2023-03-09 00:00:00+00:00,0.02053084870957647
2023-03-10 00:00:00+00:00,0.001876396733643113
2023-03-11 00:00:00+00:00,-0.008758894858971553
2023-03-12 00:00:00+00:00,-0.003346477346629081
2023-03-13 00:00:00+00:00,0.0
2023-03-14 00:00:00+00:00,0.0
2023-03-15 00:00:00+00:00,0.0
2023-03-16 00:00:00+00:00,0.0
2023-03-17 00:00:00+00:00,0.00168061920741355
2023-03-18 00:00:00+00:00,-0.0030942942736531614
2023-03-19 00:00:00+00:00,0.004677193239154397
2023-03-20 00:00:00+00:00,-0.0032394101662956004
2023-03-21 00:00:00+00:00,0.004795291251635494
2023-03-22 00:00:00+00:00,-0.007937679650862464
2023-03-23 00:00:00+00:00,0.003990224686314556
2023-03-24 00:00:00+00:00,-0.0032513131018383364
2023-03-25 00:00:00+00:00,-0.0015613510358914577
2023-03-26 00:00:00+00:00,0.0
2023-03-27 00:00:00+00:00,0.0
2023-03-28 00:00:00+00:00,0.0
2023-03-29 00:00:00+00:00,-6.852914970166729e-05
2023-03-30 00:00:00+00:00,-0.001257920440318959
2023-03-31 00:00:00+00:00,0.0011313800990094428
2023-04-01 00:00:00+00:00,-5.539319622989134e-05
2023-04-02 00:00:00+00:00,-0.003385713008320244
2023-04-03 00:00:00+00:00,-0.0013138181161103967
2023-04-04 00:00:00+00:00,0.0004014336917562743
2023-04-05 00:00:00+00:00,0.002657041882848327
2023-04-06 00:00:00+00:00,-0.0025454545454545443
2023-04-07 00:00:00+00:00,-0.0018800411058475753
2023-04-08 00:00:00+00:00,0.0
2023-04-09 00:00:00+00:00,0.0
2023-04-10 00:00:00+00:00,0.0033955603451794837
2023-04-11 00:00:00+00:00,0.001405267807751455
2023-04-12 00:00:00+00:00,-0.004238790276802594
2023-04-13 00:00:00+00:00,0.005580315488422954
2023-04-14 00:00:00+00:00,0.0072139220201833465
2023-04-15 00:00:00+00:00,-0.002021060887232348
2023-04-16 00:00:00+00:00,0.001866976578933175
2023-04-17 00:00:00+00:00,-0.004001653230039701
2023-04-18 00:00:00+00:00,0.002131745172351578
2023-04-19 00:00:00+00:00,-0.004741279294609048
2023-04-20 00:00:00+00:00,0.0
2023-04-21 00:00:00+00:00,0.0
2023-04-22 00:00:00+00:00,0.0
2023-04-23 00:00:00+00:00,0.0
2023-04-24 00:00:00+00:00,0.0
2023-04-25 00:00:00+00:00,0.0
2023-04-26 00:00:00+00:00,-0.008696572084060801
2023-04-27 00:00:00+00:00,0.0
2023-04-28 00:00:00+00:00,0.0
2023-04-29 00:00:00+00:00,0.0
2023-04-30 00:00:00+00:00,0.0
2023-05-01 00:00:00+00:00,0.0
2023-05-02 00:00:00+00:00,0.0
2023-05-03 00:00:00+00:00,0.0
2023-05-04 00:00:00+00:00,0.0
2023-05-05 00:00:00+00:00,0.00300703560934846
2023-05-06 00:00:00+00:00,-0.006158449470307577
2023-05-07 00:00:00+00:00,0.0
2023-05-08 00:00:00+00:00,0.0
2023-05-09 00:00:00+00:00,0.0
2023-05-10 00:00:00+00:00,0.0
2023-05-11 00:00:00+00:00,0.0
2023-05-12 00:00:00+00:00,-0.0037993840210185327
2023-05-13 00:00:00+00:00,0.0008414265124828417
2023-05-14 00:00:00+00:00,-0.0024643402157903107
2023-05-15 00:00:00+00:00,0.0
2023-05-16 00:00:00+00:00,0.0
2023-05-17 00:00:00+00:00,0.0
2023-05-18 00:00:00+00:00,0.0
2023-05-19 00:00:00+00:00,0.0
2023-05-20 00:00:00+00:00,0.0
2023-05-21 00:00:00+00:00,0.0
2023-05-22 00:00:00+00:00,0.0
2023-05-23 00:00:00+00:00,0.0
2023-05-24 00:00:00+00:00,-0.0008413625690161408
2023-05-25 00:00:00+00:00,-0.0017708762372941615
2023-05-26 00:00:00+00:00,-0.004605334108862226
2023-05-27 00:00:00+00:00,-0.0002280302632139092
2023-05-28 00:00:00+00:00,0.0
2023-05-29 00:00:00+00:00,0.0
2023-05-30 00:00:00+00:00,0.0
2023-05-31 00:00:00+00:00,0.0
2023-06-01 00:00:00+00:00,0.0
2023-06-02 00:00:00+00:00,0.0
2023-06-03 00:00:00+00:00,0.0
2023-06-04 00:00:00+00:00,0.0
2023-06-05 00:00:00+00:00,0.0019532162710148584
2023-06-06 00:00:00+00:00,-0.006313655210567981
2023-06-07 00:00:00+00:00,0.0
2023-06-08 00:00:00+00:00,0.0
2023-06-09 00:00:00+00:00,0.0
2023-06-10 00:00:00+00:00,-0.0019053902397551449
2023-06-11 00:00:00+00:00,-0.00011236184322392595
2023-06-12 00:00:00+00:00,0.0010655330726066841
2023-06-13 00:00:00+00:00,0.00021044040129230085
2023-06-14 00:00:00+00:00,0.008404284985546684
2023-06-15 00:00:00+00:00,-0.0044076994611638755
2023-06-16 00:00:00+00:00,-0.006519999909691414
2023-06-17 00:00:00+00:00,0.0
2023-06-18 00:00:00+00:00,0.0
2023-06-19 00:00:00+00:00,0.0
2023-06-20 00:00:00+00:00,0.0
2023-06-21 00:00:00+00:00,0.0005359081600277022
2023-06-22 00:00:00+00:00,-0.00043010758891229344
2023-06-23 00:00:00+00:00,0.003345922870576022
2023-06-24 00:00:00+00:00,-0.0006621823531108473
2023-06-25 00:00:00+00:00,-0.00028691338083013384
2023-06-26 00:00:00+00:00,-0.0019610372378782268
2023-06-27 00:00:00+00:00,0.0
2023-06-28 00:00:00+00:00,0.0
2023-06-29 00:00:00+00:00,0.0
2023-06-30 00:00:00+00:00,0.00038126231052497113
2023-07-01 00:00:00+00:00,-0.0006048642630812795
2023-07-02 00:00:00+00:00,0.0008338614370129362
2023-07-03 00:00:00+00:00,0.0010370814421512345
2023-07-04 00:00:00+00:00,-0.0011773571979104142
2023-07-05 00:00:00+00:00,-0.0019499015158003109
2023-07-06 00:00:00+00:00,0.0
2023-07-07 00:00:00+00:00,0.0
2023-07-08 00:00:00+00:00,0.0
2023-07-09 00:00:00+00:00,0.0
2023-07-10 00:00:00+00:00,0.0
2023-07-11 00:00:00+00:00,0.0
2023-07-12 00:00:00+00:00,0.0
2023-07-13 00:00:00+00:00,0.007137442738641102
2023-07-14 00:00:00+00:00,-0.012362652011017161
2023-07-15 00:00:00+00:00,0.0
2023-07-16 00:00:00+00:00,0.0
2023-07-17 00:00:00+00:00,0.0
2023-07-18 00:00:00+00:00,0.0
2023-07-19 00:00:00+00:00,0.0
2023-07-20 00:00:00+00:00,0.0
2023-07-21 00:00:00+00:00,0.0
2023-07-22 00:00:00+00:00,0.0
2023-07-23 00:00:00+00:00,0.0
2023-07-24 00:00:00+00:00,0.0
2023-07-25 00:00:00+00:00,0.0
2023-07-26 00:00:00+00:00,0.0
2023-07-27 00:00:00+00:00,0.0
2023-07-28 00:00:00+00:00,0.0
2023-07-29 00:00:00+00:00,0.0
2023-07-30 00:00:00+00:00,0.0
2023-07-31 00:00:00+00:00,0.0
2023-08-01 00:00:00+00:00,-0.009999999999999998
2023-08-02 00:00:00+00:00,0.0
2023-08-03 00:00:00+00:00,0.0
2023-08-04 00:00:00+00:00,0.0
2023-08-05 00:00:00+00:00,0.0
2023-08-06 00:00:00+00:00,0.0
2023-08-07 00:00:00+00:00,0.0
2023-08-08 00:00:00+00:00,0.0
2023-08-09 00:00:00+00:00,0.0
2023-08-10 00:00:00+00:00,0.0
2023-08-11 00:00:00+00:00,0.0
2023-08-12 00:00:00+00:00,0.0
2023-08-13 00:00:00+00:00,0.0
2023-08-14 00:00:00+00:00,0.0
2023-08-15 00:00:00+00:00,-0.00033003043844313465
2023-08-16 00:00:00+00:00,0.003925911534227061
2023-08-17 00:00:00+00:00,0.044378170807047035
2023-08-18 00:00:00+00:00,0.00618807314129084
2023-08-19 00:00:00+00:00,-0.00041122756988790424
2023-08-20 00:00:00+00:00,-0.0010884311435375694
2023-08-21 00:00:00+00:00,0.0008476193365389185
2023-08-22 00:00:00+00:00,0.000612965856174248
2023-08-23 00:00:00+00:00,-0.002429748054666505
2023-08-24 00:00:00+00:00,0.0
2023-08-25 00:00:00+00:00,0.0
2023-08-26 00:00:00+00:00,0.0
2023-08-27 00:00:00+00:00,0.0
2023-08-28 00:00:00+00:00,0.0
2023-08-29 00:00:00+00:00,0.0
2023-08-30 00:00:00+00:00,0.0
2023-08-31 00:00:00+00:00,0.0
2023-09-01 00:00:00+00:00,-0.0010623069179770276
2023-09-02 00:00:00+00:00,-0.0007114443403103136
2023-09-03 00:00:00+00:00,5.345551737303861e-05
2023-09-04 00:00:00+00:00,0.0005782915061265623
2023-09-05 00:00:00+00:00,-0.00045971744940817295
2023-09-06 00:00:00+00:00,-0.0015939463362143868
2023-09-07 00:00:00+00:00,0.0
2023-09-08 00:00:00+00:00,0.0
2023-09-09 00:00:00+00:00,0.0
2023-09-10 00:00:00+00:00,0.0
2023-09-11 00:00:00+00:00,0.005000613737614704
2023-09-12 00:00:00+00:00,-0.012876365123666654
2023-09-13 00:00:00+00:00,0.0
2023-09-14 00:00:00+00:00,0.0
2023-09-15 00:00:00+00:00,0.0
2023-09-16 00:00:00+00:00,0.0
2023-09-17 00:00:00+00:00,0.0
2023-09-18 00:00:00+00:00,0.0
2023-09-19 00:00:00+00:00,0.0
2023-09-20 00:00:00+00:00,0.0
2023-09-21 00:00:00+00:00,0.0010779479193701973
2023-09-22 00:00:00+00:00,-0.0009907431438705835
2023-09-23 00:00:00+00:00,-0.0001247512760619396
2023-09-24 00:00:00+00:00,-4.066095683018972e-05
2023-09-25 00:00:00+00:00,-0.0008349658343941729
2023-09-26 00:00:00+00:00,0.001444594559484466
2023-09-27 00:00:00+00:00,-0.005287069032710665
2023-09-28 00:00:00+00:00,0.0
2023-09-29 00:00:00+00:00,0.0
2023-09-30 00:00:00+00:00,0.0
2023-10-01 00:00:00+00:00,0.0
2023-10-02 00:00:00+00:00,-0.0050000000000000105
2023-10-03 00:00:00+00:00,0.0
2023-10-04 00:00:00+00:00,0.0
2023-10-05 00:00:00+00:00,0.0006166266986410865
2023-10-06 00:00:00+00:00,-0.0036964028776978407
2023-10-07 00:00:00+00:00,0.0012287769784172693
2023-10-08 00:00:00+00:00,8.057553956832303e-05
2023-10-09 00:00:00+00:00,0.005823820943245428
2023-10-10 00:00:00+00:00,0.0014414068745003871
2023-10-11 00:00:00+00:00,0.0001533173461231152
2023-10-12 00:00:00+00:00,0.002892885691446834
2023-10-13 00:00:00+00:00,-0.001271302957633882
2023-10-14 00:00:00+00:00,-0.0002887290167865886
2023-10-15 00:00:00+00:00,-0.0005386091127098369
2023-10-16 00:00:00+00:00,0.0
2023-10-17 00:00:00+00:00,0.0
2023-10-18 00:00:00+00:00,0.0
2023-10-19 00:00:00+00:00,0.0
2023-10-20 00:00:00+00:00,0.0
2023-10-21 00:00:00+00:00,0.0
2023-10-22 00:00:00+00:00,0.0
2023-10-23 00:00:00+00:00,0.014299172815354519
2023-10-24 00:00:00+00:00,0.003955373738450663
2023-10-25 00:00:00+00:00,0.003488170059741229
2023-10-26 00:00:00+00:00,-0.0009730774818528028
2023-10-27 00:00:00+00:00,-0.003004707248557484
2023-10-28 00:00:00+00:00,0.0006866605984139734
2023-10-29 00:00:00+00:00,-0.0006467135969438798
2023-10-30 00:00:00+00:00,0.0
2023-10-31 00:00:00+00:00,0.0
2023-11-01 00:00:00+00:00,0.0007136343269813715
2023-11-02 00:00:00+00:00,-0.008394744471679726
2023-11-03 00:00:00+00:00,0.002413220526607105
2023-11-04 00:00:00+00:00,0.0017386995598429105
2023-11-05 00:00:00+00:00,0.00266413642233996
2023-11-06 00:00:00+00:00,0.0005483250309691245
2023-11-07 00:00:00+00:00,-0.001404231972841414
2023-11-08 00:00:00+00:00,0.0011224357224157155
2023-11-09 00:00:00+00:00,0.017595610703035752
2023-11-10 00:00:00+00:00,-0.003039034290081992
2023-11-11 00:00:00+00:00,-0.001749031390843665
2023-11-12 00:00:00+00:00,-0.0006590232202630464
2023-11-13 00:00:00+00:00,0.0007276560976252533
2023-11-14 00:00:00+00:00,-0.00198666350386123
2023-11-15 00:00:00+00:00,0.0
2023-11-16 00:00:00+00:00,-0.0050000000000000044
2023-11-17 00:00:00+00:00,0.0
2023-11-18 00:00:00+00:00,0.0
2023-11-19 00:00:00+00:00,0.0
2023-11-20 00:00:00+00:00,0.0
2023-11-21 00:00:00+00:00,0.0
2023-11-22 00:00:00+00:00,-0.0007006212876357079
2023-11-23 00:00:00+00:00,-4.444596163036024e-05
2023-11-24 00:00:00+00:00,-0.0012092216650662975
2023-11-25 00:00:00+00:00,0.00036218914852739276
2023-11-26 00:00:00+00:00,-0.0033306877693258467
2023-11-27 00:00:00+00:00,-0.000808240134438219
2023-11-28 00:00:00+00:00,0.0
2023-11-29 00:00:00+00:00,0.0
2023-11-30 00:00:00+00:00,0.0
2023-12-01 00:00:00+00:00,0.0005375979317632015
2023-12-02 00:00:00+00:00,0.004065455779016258
2023-12-03 00:00:00+00:00,0.004649193628244862
2023-12-04 00:00:00+00:00,0.01314574712611305
2023-12-05 00:00:00+00:00,0.014198560266771479
2023-12-06 00:00:00+00:00,-0.00612600665368343
2023-12-07 00:00:00+00:00,0.006978867890609829
2023-12-08 00:00:00+00:00,0.004600613037039723
2023-12-09 00:00:00+00:00,-0.0036218531816261754
2023-12-10 00:00:00+00:00,0.0011200571295623863
2023-12-11 00:00:00+00:00,-0.006756786388415887
2023-12-12 00:00:00+00:00,0.0
2023-12-13 00:00:00+00:00,0.0
2023-12-14 00:00:00+00:00,0.0
2023-12-15 00:00:00+00:00,0.0
2023-12-16 00:00:00+00:00,0.0
2023-12-17 00:00:00+00:00,0.0
2023-12-18 00:00:00+00:00,0.0
2023-12-19 00:00:00+00:00,0.0
2023-12-20 00:00:00+00:00,-0.0010600158731273509
2023-12-21 00:00:00+00:00,0.0005620772726314968
2023-12-22 00:00:00+00:00,0.0009752271840868915
2023-12-23 00:00:00+00:00,-0.0015667761705053726
2023-12-24 00:00:00+00:00,-0.003936167202158342
2023-12-25 00:00:00+00:00,0.00029560409357671456
2023-12-26 00:00:00+00:00,-0.0013367177016474737
2023-12-27 00:00:00+00:00,0.002218766641814882
2023-12-28 00:00:00+00:00,-0.0022396421344125974
2023-12-29 00:00:00+00:00,-0.0033004579827457504
2023-12-30 00:00:00+00:00,0.0
2023-12-31 00:00:00+00:00,0.0
2024-01-01 00:00:00+00:00,0.0
2024-01-02 00:00:00+00:00,0.0028391634104418823
2024-01-03 00:00:00+00:00,-0.005520352985464437
2024-01-04 00:00:00+00:00,0.0
2024-01-05 00:00:00+00:00,0.0
2024-01-06 00:00:00+00:00,0.0
2024-01-07 00:00:00+00:00,0.0
2024-01-08 00:00:00+00:00,0.005785330635656654
2024-01-09 00:00:00+00:00,-0.006764881380369415
2024-01-10 00:00:00+00:00,0.0009469171831860967
2024-01-11 00:00:00+00:00,0.001281963673140266
2024-01-12 00:00:00+00:00,-0.003607101368065724
2024-01-13 00:00:00+00:00,0.002068744960297394
2024-01-14 00:00:00+00:00,-0.002554305785236914
2024-01-15 00:00:00+00:00,0.0
2024-01-16 00:00:00+00:00,0.0
2024-01-17 00:00:00+00:00,0.0
2024-01-18 00:00:00+00:00,0.0
2024-01-19 00:00:00+00:00,0.0
2024-01-20 00:00:00+00:00,0.0
2024-01-21 00:00:00+00:00,0.0
2024-01-22 00:00:00+00:00,0.0011436423627493508
2024-01-23 00:00:00+00:00,-0.001530891027137961
2024-01-24 00:00:00+00:00,-0.0011105932290897185
2024-01-25 00:00:00+00:00,0.0007871743181352474
2024-01-26 00:00:00+00:00,-0.003032526485852764
2024-01-27 00:00:00+00:00,0.0
2024-01-28 00:00:00+00:00,0.0
2024-01-29 00:00:00+00:00,0.0
2024-01-30 00:00:00+00:00,0.0
2024-01-31 00:00:00+00:00,0.0
2024-02-01 00:00:00+00:00,0.0
2024-02-02 00:00:00+00:00,0.0
2024-02-03 00:00:00+00:00,0.0
2024-02-04 00:00:00+00:00,0.0
2024-02-05 00:00:00+00:00,0.0
2024-02-06 00:00:00+00:00,-0.0005264038584575923
2024-02-07 00:00:00+00:00,0.0065295850545674435
2024-02-08 00:00:00+00:00,0.003852438215894949
2024-02-09 00:00:00+00:00,0.012445546695783374
2024-02-10 00:00:00+00:00,0.003725014956194499
2024-02-11 00:00:00+00:00,0.0027563768947319765
2024-02-12 00:00:00+00:00,0.017043620878816713
2024-02-13 00:00:00+00:00,-0.0016414494248991507
2024-02-14 00:00:00+00:00,0.01758572935744411
2024-02-15 00:00:00+00:00,0.003989976264294644
2024-02-16 00:00:00+00:00,-0.000495654793779905
2024-02-17 00:00:00+00:00,-0.003307682786927
2024-02-18 00:00:00+00:00,0.008036350733748945
2024-02-19 00:00:00+00:00,0.0031608048335900344
2024-02-20 00:00:00+00:00,0.0006169802505787119
2024-02-21 00:00:00+00:00,-0.0028993552832324364
2024-02-22 00:00:00+00:00,0.00018534376691766496
2024-02-23 00:00:00+00:00,-0.0035173975097199774
2024-02-24 00:00:00+00:00,0.0049188444313204285
2024-02-25 00:00:00+00:00,0.0082433190609774
2024-02-26 00:00:00+00:00,0.011131792470758704
2024-02-27 00:00:00+00:00,0.015364202862526
2024-02-28 00:00:00+00:00,0.03204583359665294
2024-02-29 00:00:00+00:00,-0.008321840133065677
2024-03-01 00:00:00+00:00,0.011412607837791477
2024-03-02 00:00:00+00:00,-0.002387935808876085
2024-03-03 00:00:00+00:00,0.009524356658076837
2024-03-04 00:00:00+00:00,0.030834201595723948
2024-03-05 00:00:00+00:00,-0.02321401223993725
2024-03-06 00:00:00+00:00,-0.0008768490500520873
2024-03-07 00:00:00+00:00,0.0007419812490698952
2024-03-08 00:00:00+00:00,0.00021139937496899368
2024-03-09 00:00:00+00:00,0.00031793243712486196
2024-03-10 00:00:00+00:00,-0.00041960414703110324
2024-03-11 00:00:00+00:00,0.0025785639749055875
2024-03-12 00:00:00+00:00,-0.01408683323429345
2024-03-13 00:00:00+00:00,0.0
2024-03-14 00:00:00+00:00,0.0
2024-03-15 00:00:00+00:00,0.0
2024-03-16 00:00:00+00:00,0.0
2024-03-17 00:00:00+00:00,0.0
2024-03-18 00:00:00+00:00,0.0
2024-03-19 00:00:00+00:00,0.0
2024-03-20 00:00:00+00:00,0.0
2024-03-21 00:00:00+00:00,0.0
2024-03-22 00:00:00+00:00,0.0
2024-03-23 00:00:00+00:00,0.0
2024-03-24 00:00:00+00:00,0.0
2024-03-25 00:00:00+00:00,-0.0013695509101044098
2024-03-26 00:00:00+00:00,9.113677850924721e-05
2024-03-27 00:00:00+00:00,-0.004367495458638445
2024-03-28 00:00:00+00:00,0.0021131096233962723
2024-03-29 00:00:00+00:00,-0.0013758534209380804
2024-03-30 00:00:00+00:00,-0.00038760544697078727
2024-03-31 00:00:00+00:00,0.0027401828092938284
2024-04-01 00:00:00+00:00,-0.0029816355717157896
2024-04-02 00:00:00+00:00,0.0
2024-04-03 00:00:00+00:00,0.0
2024-04-04 00:00:00+00:00,0.0
2024-04-05 00:00:00+00:00,0.0
2024-04-06 00:00:00+00:00,0.0
2024-04-07 00:00:00+00:00,0.0
2024-04-08 00:00:00+00:00,0.013729232002649958
2024-04-09 00:00:00+00:00,-0.016382637885512457
2024-04-10 00:00:00+00:00,0.0
2024-04-11 00:00:00+00:00,0.0
2024-04-12 00:00:00+00:00,0.0
2024-04-13 00:00:00+00:00,0.0
2024-04-14 00:00:00+00:00,0.0
2024-04-15 00:00:00+00:00,0.0
2024-04-16 00:00:00+00:00,0.0
2024-04-17 00:00:00+00:00,-0.0011715202040079463
2024-04-18 00:00:00+00:00,-0.0025677792993081612
2024-04-19 00:00:00+00:00,-0.0012607004966838902
2024-04-20 00:00:00+00:00,0.0
2024-04-21 00:00:00+00:00,0.0
2024-04-22 00:00:00+00:00,0.0
2024-04-23 00:00:00+00:00,0.0
2024-04-24 00:00:00+00:00,0.0
2024-04-25 00:00:00+00:00,0.0
2024-04-26 00:00:00+00:00,0.0
2024-04-27 00:00:00+00:00,0.0
2024-04-28 00:00:00+00:00,0.0
2024-04-29 00:00:00+00:00,-0.004999999999999993
2024-04-30 00:00:00+00:00,0.0009331977648769185
2024-05-01 00:00:00+00:00,0.00607814894718371
2024-05-02 00:00:00+00:00,-0.0020726271451756827
2024-05-03 00:00:00+00:00,-0.00923060928352919
2024-05-04 00:00:00+00:00,0.0
2024-05-05 00:00:00+00:00,0.0
2024-05-06 00:00:00+00:00,0.0
2024-05-07 00:00:00+00:00,0.0
2024-05-08 00:00:00+00:00,0.0
2024-05-09 00:00:00+00:00,-0.006507273420394413
2024-05-10 00:00:00+00:00,0.009877387320250973
2024-05-11 00:00:00+00:00,-0.00027097286972910207
2024-05-12 00:00:00+00:00,-0.001977783299600166
2024-05-13 00:00:00+00:00,-0.0030045113867038283
2024-05-14 00:00:00+00:00,0.002780640102644537
2024-05-15 00:00:00+00:00,-0.004652362962434967
2024-05-16 00:00:00+00:00,0.0
2024-05-17 00:00:00+00:00,-0.00038301263369917496
2024-05-18 00:00:00+00:00,-0.00024087667030393896
2024-05-19 00:00:00+00:00,-0.0011942702769502094
2024-05-20 00:00:00+00:00,0.009298606426477984
2024-05-21 00:00:00+00:00,-0.0020578063196882894
2024-05-22 00:00:00+00:00,-0.002930451416201291
2024-05-23 00:00:00+00:00,-0.00571976641165585
2024-05-24 00:00:00+00:00,0.0
2024-05-25 00:00:00+00:00,0.0
2024-05-26 00:00:00+00:00,0.0
2024-05-27 00:00:00+00:00,-0.0024948774773633975
2024-05-28 00:00:00+00:00,-0.0025051225226366057
2024-05-29 00:00:00+00:00,0.0
2024-05-30 00:00:00+00:00,0.0
2024-05-31 00:00:00+00:00,0.0
2024-06-01 00:00:00+00:00,0.0
2024-06-02 00:00:00+00:00,0.0
2024-06-03 00:00:00+00:00,-0.002529641843699653
2024-06-04 00:00:00+00:00,0.005471364187979032
2024-06-05 00:00:00+00:00,0.0012398613183922682
2024-06-06 00:00:00+00:00,-0.005499354332562416
2024-06-07 00:00:00+00:00,-0.0051724013479922575
2024-06-08 00:00:00+00:00,0.0
2024-06-09 00:00:00+00:00,0.0
2024-06-10 00:00:00+00:00,0.0
2024-06-11 00:00:00+00:00,0.0
2024-06-12 00:00:00+00:00,0.0
2024-06-13 00:00:00+00:00,0.0
2024-06-14 00:00:00+00:00,0.0
2024-06-15 00:00:00+00:00,0.0
2024-06-16 00:00:00+00:00,0.0
2024-06-17 00:00:00+00:00,0.0
2024-06-18 00:00:00+00:00,0.0
2024-06-19 00:00:00+00:00,0.0
2024-06-20 00:00:00+00:00,0.0
2024-06-21 00:00:00+00:00,-0.0011131579852018338
2024-06-22 00:00:00+00:00,-0.00027316534585992747
2024-06-23 00:00:00+00:00,0.0029189822070245543
2024-06-24 00:00:00+00:00,0.006917227781964706
2024-06-25 00:00:00+00:00,-0.007624528381939218
2024-06-26 00:00:00+00:00,0.0
2024-06-27 00:00:00+00:00,0.0
2024-06-28 00:00:00+00:00,0.0
2024-06-29 00:00:00+00:00,0.0
2024-06-30 00:00:00+00:00,0.0
2024-07-01 00:00:00+00:00,0.0
2024-07-02 00:00:00+00:00,0.0
2024-07-03 00:00:00+00:00,0.00043953900068644354
2024-07-04 00:00:00+00:00,0.016135081930894996
2024-07-05 00:00:00+00:00,0.004679254991760243
2024-07-06 00:00:00+00:00,-0.007606570901988431
2024-07-07 00:00:00+00:00,0.0030818420958201834
2024-07-08 00:00:00+00:00,0.0
2024-07-09 00:00:00+00:00,0.0
2024-07-10 00:00:00+00:00,0.0
2024-07-11 00:00:00+00:00,0.0
2024-07-12 00:00:00+00:00,0.0
2024-07-13 00:00:00+00:00,0.0
2024-07-14 00:00:00+00:00,0.0
2024-07-15 00:00:00+00:00,0.0
2024-07-16 00:00:00+00:00,0.0
2024-07-17 00:00:00+00:00,0.0
2024-07-18 00:00:00+00:00,0.0
2024-07-19 00:00:00+00:00,-0.0017874227983471413
2024-07-20 00:00:00+00:00,0.001396323187667707
2024-07-21 00:00:00+00:00,0.002751182387361852
2024-07-22 00:00:00+00:00,-0.0046209111022259665
2024-07-23 00:00:00+00:00,-0.005256213220433672
2024-07-24 00:00:00+00:00,0.0
2024-07-25 00:00:00+00:00,0.0
2024-07-26 00:00:00+00:00,0.0
2024-07-27 00:00:00+00:00,-0.0021537339692893373
2024-07-28 00:00:00+00:00,0.0007116130401113455
2024-07-29 00:00:00+00:00,-0.003557879070822
2024-07-30 00:00:00+00:00,0.0
2024-07-31 00:00:00+00:00,0.0
2024-08-01 00:00:00+00:00,-0.0008668875965493601
2024-08-02 00:00:00+00:00,0.0077243620327268475
2024-08-03 00:00:00+00:00,0.003001431316166144
2024-08-04 00:00:00+00:00,0.009230223720245083
2024-08-05 00:00:00+00:00,0.016139384099710122
2024-08-06 00:00:00+00:00,-0.008477541261853135
2024-08-07 00:00:00+00:00,0.0
2024-08-08 00:00:00+00:00,0.0
2024-08-09 00:00:00+00:00,0.0
2024-08-10 00:00:00+00:00,0.0
2024-08-11 00:00:00+00:00,0.0
2024-08-12 00:00:00+00:00,0.0
2024-08-13 00:00:00+00:00,0.0
2024-08-14 00:00:00+00:00,0.0
2024-08-15 00:00:00+00:00,-0.0007880944874382612
2024-08-16 00:00:00+00:00,-0.002071694396864148
2024-08-17 00:00:00+00:00,-0.0009409263911956706
2024-08-18 00:00:00+00:00,-0.0010564387254185026
2024-08-19 00:00:00+00:00,0.0
2024-08-20 00:00:00+00:00,0.0
2024-08-21 00:00:00+00:00,0.0
2024-08-22 00:00:00+00:00,0.0
2024-08-23 00:00:00+00:00,0.0
2024-08-24 00:00:00+00:00,0.0
2024-08-25 00:00:00+00:00,0.0
2024-08-26 00:00:00+00:00,0.0
2024-08-27 00:00:00+00:00,0.006375599161174324
2024-08-28 00:00:00+00:00,-0.0037081336129418736
2024-08-29 00:00:00+00:00,-2.6213301377930877e-06
2024-08-30 00:00:00+00:00,7.130017974833536e-05
2024-08-31 00:00:00+00:00,0.0006967495506291155
2024-09-01 00:00:00+00:00,0.004598861593768726
2024-09-02 00:00:00+00:00,-0.005823621929298972
2024-09-03 00:00:00+00:00,0.0
2024-09-04 00:00:00+00:00,-0.005552211326899181
2024-09-05 00:00:00+00:00,0.006763695823160819
2024-09-06 00:00:00+00:00,0.009854994800605352
2024-09-07 00:00:00+00:00,-0.002164539043071981
2024-09-08 00:00:00+00:00,-0.0024107659758894704
2024-09-09 00:00:00+00:00,-0.0006560933373010161
2024-09-10 00:00:00+00:00,0.0
2024-09-11 00:00:00+00:00,0.0
2024-09-12 00:00:00+00:00,0.0
2024-09-13 00:00:00+00:00,0.0
2024-09-14 00:00:00+00:00,0.0
2024-09-15 00:00:00+00:00,0.0
2024-09-16 00:00:00+00:00,0.0
2024-09-17 00:00:00+00:00,0.0
2024-09-18 00:00:00+00:00,0.0
2024-09-19 00:00:00+00:00,0.002027710609456911
2024-09-20 00:00:00+00:00,0.00036453358473525154
2024-09-21 00:00:00+00:00,0.00028299026263911954
2024-09-22 00:00:00+00:00,0.00040573980267221424
2024-09-23 00:00:00+00:00,-0.0004186231363199988
2024-09-24 00:00:00+00:00,0.001577305175183027
2024-09-25 00:00:00+00:00,-0.0019491665819666166
2024-09-26 00:00:00+00:00,0.003527000041994985
2024-09-27 00:00:00+00:00,0.0010264574545069483
2024-09-28 00:00:00+00:00,0.0001413247168533094
2024-09-29 00:00:00+00:00,-0.0004483434192323621
2024-09-30 00:00:00+00:00,-0.001464376377390141
2024-10-01 00:00:00+00:00,0.0
2024-10-02 00:00:00+00:00,0.0
2024-10-03 00:00:00+00:00,0.0005027576908935105
2024-10-04 00:00:00+00:00,-0.002286946929770816
2024-10-05 00:00:00+00:00,6.142909670302593e-05
2024-10-06 00:00:00+00:00,-0.00017855129305060808
2024-10-07 00:00:00+00:00,-0.005000000000000009
2024-10-08 00:00:00+00:00,0.0
2024-10-09 00:00:00+00:00,0.0
2024-10-10 00:00:00+00:00,-0.0007248466737321302
2024-10-11 00:00:00+00:00,-0.0027524714630713836
2024-10-12 00:00:00+00:00,-0.001017912677867162
2024-10-13 00:00:00+00:00,0.0
2024-10-14 00:00:00+00:00,0.005283763369387885
2024-10-15 00:00:00+00:00,0.0030349567949724933
2024-10-16 00:00:00+00:00,0.0016515499425947355
2024-10-17 00:00:00+00:00,-0.0006326061997703936
2024-10-18 00:00:00+00:00,0.0030377062058130387
2024-10-19 00:00:00+00:00,-0.00016263822587468058
2024-10-20 00:00:00+00:00,0.005013012913402946
2024-10-21 00:00:00+00:00,-0.009892584348889679
2024-10-22 00:00:00+00:00,0.0
2024-10-23 00:00:00+00:00,0.0
2024-10-24 00:00:00+00:00,0.0
2024-10-25 00:00:00+00:00,0.0
2024-10-26 00:00:00+00:00,0.0
2024-10-27 00:00:00+00:00,0.0
2024-10-28 00:00:00+00:00,0.0009523646248598357
2024-10-29 00:00:00+00:00,0.009091357009916477
2024-10-30 00:00:00+00:00,-0.0012137503449328735
2024-10-31 00:00:00+00:00,-0.006603951316028956
2024-11-01 00:00:00+00:00,0.0
2024-11-02 00:00:00+00:00,0.0
2024-11-03 00:00:00+00:00,0.0
2024-11-04 00:00:00+00:00,0.0
2024-11-05 00:00:00+00:00,-0.001430887791725103
2024-11-06 00:00:00+00:00,-0.00182919142788622
2024-11-07 00:00:00+00:00,0.00041595101289891915
2024-11-08 00:00:00+00:00,0.0023599022184304054
2024-11-09 00:00:00+00:00,0.004391860091589243
2024-11-10 00:00:00+00:00,0.0064994008254136496
2024-11-11 00:00:00+00:00,0.016162174748844564
2024-11-12 00:00:00+00:00,-0.004156123117384238
2024-11-13 00:00:00+00:00,0.0020258022104394377
2024-11-14 00:00:00+00:00,-0.00777339824968599
2024-11-15 00:00:00+00:00,0.005078800859471007
2024-11-16 00:00:00+00:00,-0.0006419809021699585
2024-11-17 00:00:00+00:00,-0.0009758977421724335
2024-11-18 00:00:00+00:00,0.0008665691867290182
2024-11-19 00:00:00+00:00,0.0025861564758943123
2024-11-20 00:00:00+00:00,0.0027351634848391273
2024-11-21 00:00:00+00:00,0.00789590950149558
2024-11-22 00:00:00+00:00,-0.0002839525362381865
2024-11-23 00:00:00+00:00,0.0002757966621048649
2024-11-24 00:00:00+00:00,-0.003380271897812999
2024-11-25 00:00:00+00:00,0.001614752917447053
2024-11-26 00:00:00+00:00,-0.0026932718628439657
2024-11-27 00:00:00+00:00,0.009551361475291748
2024-11-28 00:00:00+00:00,-0.0021357153147961495
2024-11-29 00:00:00+00:00,0.0003889929404984871
2024-11-30 00:00:00+00:00,0.003200403400086449
2024-12-01 00:00:00+00:00,0.00010805359458291309
2024-12-02 00:00:00+00:00,-0.0019302694136291555
2024-12-03 00:00:00+00:00,-0.003408689567168173
2024-12-04 00:00:00+00:00,0.0004252406933347096
2024-12-05 00:00:00+00:00,-0.0033146934040162576
2024-12-06 00:00:00+00:00,0.00518035838957411
2024-12-07 00:00:00+00:00,-8.084882648531466e-05
2024-12-08 00:00:00+00:00,0.00017328196243719397
2024-12-09 00:00:00+00:00,-0.002499900878304414
2024-12-10 00:00:00+00:00,0.0
2024-12-11 00:00:00+00:00,0.0
2024-12-12 00:00:00+00:00,0.0
2024-12-13 00:00:00+00:00,0.0
2024-12-14 00:00:00+00:00,0.0
2024-12-15 00:00:00+00:00,0.0
2024-12-16 00:00:00+00:00,0.0007458639364041667
2024-12-17 00:00:00+00:00,-0.002942414656956515
2024-12-18 00:00:00+00:00,-0.007211583506767463
2024-12-19 00:00:00+00:00,0.0
2024-12-20 00:00:00+00:00,0.0
2024-12-21 00:00:00+00:00,0.0
2024-12-22 00:00:00+00:00,0.0
2024-12-23 00:00:00+00:00,0.0
2024-12-24 00:00:00+00:00,0.0
2024-12-25 00:00:00+00:00,0.0
2024-12-26 00:00:00+00:00,0.0
2024-12-27 00:00:00+00:00,0.0
2024-12-28 00:00:00+00:00,0.0
2024-12-29 00:00:00+00:00,0.0
2024-12-30 00:00:00+00:00,0.0
2024-12-31 00:00:00+00:00,0.0
2025-01-01 00:00:00+00:00,0.0
2025-01-02 00:00:00+00:00,0.0003332731413861615
2025-01-03 00:00:00+00:00,0.002020310933837593
2025-01-04 00:00:00+00:00,0.00014299712085140943
2025-01-05 00:00:00+00:00,0.00027168789863599526
2025-01-06 00:00:00+00:00,0.005325317090711487
2025-01-07 00:00:00+00:00,-0.01001671593774956
2025-01-08 00:00:00+00:00,0.0
2025-01-09 00:00:00+00:00,0.0
2025-01-10 00:00:00+00:00,0.0
2025-01-11 00:00:00+00:00,0.0
2025-01-12 00:00:00+00:00,0.0
2025-01-13 00:00:00+00:00,-0.008142349087505848
2025-01-14 00:00:00+00:00,-0.0010604452169262679
2025-01-15 00:00:00+00:00,0.001577230645630201
2025-01-16 00:00:00+00:00,-0.0005698022328634332
2025-01-17 00:00:00+00:00,0.004428037563351575
2025-01-18 00:00:00+00:00,0.00039933469563784295
2025-01-19 00:00:00+00:00,-0.010110178073758757
2025-01-20 00:00:00+00:00,-0.004999999999999997
2025-01-21 00:00:00+00:00,0.0
2025-01-22 00:00:00+00:00,0.0
2025-01-23 00:00:00+00:00,0.0
2025-01-24 00:00:00+00:00,0.0
2025-01-25 00:00:00+00:00,0.0
2025-01-26 00:00:00+00:00,0.0
2025-01-27 00:00:00+00:00,-0.004999999999999994
2025-01-28 00:00:00+00:00,0.0
2025-01-29 00:00:00+00:00,0.0
2025-01-30 00:00:00+00:00,0.0
2025-01-31 00:00:00+00:00,0.0
2025-02-01 00:00:00+00:00,0.0
2025-02-02 00:00:00+00:00,0.002082292936751895
2025-02-03 00:00:00+00:00,0.005383695969500795
2025-02-04 00:00:00+00:00,0.0
2025-02-05 00:00:00+00:00,0.0
2025-02-06 00:00:00+00:00,0.0
2025-02-07 00:00:00+00:00,0.0
2025-02-08 00:00:00+00:00,0.0
2025-02-09 00:00:00+00:00,0.0
2025-02-10 00:00:00+00:00,0.0
2025-02-11 00:00:00+00:00,0.0
2025-02-12 00:00:00+00:00,0.0
2025-02-13 00:00:00+00:00,0.0
2025-02-14 00:00:00+00:00,0.0
2025-02-15 00:00:00+00:00,0.0
2025-02-16 00:00:00+00:00,0.0
2025-02-17 00:00:00+00:00,0.0
2025-02-18 00:00:00+00:00,-0.0031477669487726054
2025-02-19 00:00:00+00:00,-0.001852233051227405
2025-02-20 00:00:00+00:00,0.0
2025-02-21 00:00:00+00:00,0.0
2025-02-22 00:00:00+00:00,0.0
2025-02-23 00:00:00+00:00,0.0
2025-02-24 00:00:00+00:00,0.007160345918582554
2025-02-25 00:00:00+00:00,0.008302375965608335
2025-02-26 00:00:00+00:00,0.01638106108918032
2025-02-27 00:00:00+00:00,-0.0004270638134322214
2025-02-28 00:00:00+00:00,0.00298992157656563
2025-03-01 00:00:00+00:00,-0.004011803789397025
2025-03-02 00:00:00+00:00,-0.003326414527578068
2025-03-03 00:00:00+00:00,0.0
2025-03-04 00:00:00+00:00,0.0
2025-03-05 00:00:00+00:00,0.0
2025-03-06 00:00:00+00:00,0.0
2025-03-07 00:00:00+00:00,0.0
2025-03-08 00:00:00+00:00,0.0
2025-03-09 00:00:00+00:00,0.0
2025-03-10 00:00:00+00:00,0.002809319029805243
2025-03-11 00:00:00+00:00,-0.007118494401670705
2025-03-12 00:00:00+00:00,-0.0017086714905409969
2025-03-13 00:00:00+00:00,0.0011245442333525253
2025-03-14 00:00:00+00:00,-0.0012424998400818773
2025-03-15 00:00:00+00:00,0.0
2025-03-16 00:00:00+00:00,0.0
2025-03-17 00:00:00+00:00,0.0
2025-03-18 00:00:00+00:00,0.0
2025-03-19 00:00:00+00:00,0.0
2025-03-20 00:00:00+00:00,0.0
2025-03-21 00:00:00+00:00,0.0
2025-03-22 00:00:00+00:00,0.0
2025-03-23 00:00:00+00:00,0.0
2025-03-24 00:00:00+00:00,0.0
2025-03-25 00:00:00+00:00,0.0
2025-03-26 00:00:00+00:00,0.0
2025-03-27 00:00:00+00:00,0.0
2025-03-28 00:00:00+00:00,2.4057567113547492e-05
2025-03-29 00:00:00+00:00,0.007382074689699918
2025-03-30 00:00:00+00:00,0.0015630496299702213
2025-03-31 00:00:00+00:00,-0.0010208726100349864
2025-04-01 00:00:00+00:00,-0.009635652823947669
2025-04-02 00:00:00+00:00,0.0
2025-04-03 00:00:00+00:00,0.0
2025-04-04 00:00:00+00:00,0.0
2025-04-05 00:00:00+00:00,0.0
2025-04-06 00:00:00+00:00,0.0045947440546091015
2025-04-07 00:00:00+00:00,-0.0051447010615384035
2025-04-08 00:00:00+00:00,0.0
2025-04-09 00:00:00+00:00,0.0
2025-04-10 00:00:00+00:00,0.0
2025-04-11 00:00:00+00:00,0.0
2025-04-12 00:00:00+00:00,0.0
2025-04-13 00:00:00+00:00,0.0
2025-04-14 00:00:00+00:00,0.0
2025-04-15 00:00:00+00:00,0.0
2025-04-16 00:00:00+00:00,0.0
2025-04-17 00:00:00+00:00,0.0
2025-04-18 00:00:00+00:00,0.0
2025-04-19 00:00:00+00:00,0.0
2025-04-20 00:00:00+00:00,0.0
2025-04-21 00:00:00+00:00,0.0
2025-04-22 00:00:00+00:00,0.003906922463751766
2025-04-23 00:00:00+00:00,0.00041575420139244645
2025-04-24 00:00:00+00:00,0.00047650456189222593
2025-04-25 00:00:00+00:00,0.0010953056592239608
2025-04-26 00:00:00+00:00,-3.6307579380875365e-05
2025-04-27 00:00:00+00:00,-0.0014982225379067489
2025-04-28 00:00:00+00:00,-0.0013715141800432046
2025-04-29 00:00:00+00:00,0.0
2025-04-30 00:00:00+00:00,0.0
2025-05-01 00:00:00+00:00,0.0004906841250122338
2025-05-02 00:00:00+00:00,0.0008429191827368276
2025-05-03 00:00:00+00:00,-0.0019020456889515197
2025-05-04 00:00:00+00:00,-0.0012764643475583048
2025-05-05 00:00:00+00:00,0.0
2025-05-06 00:00:00+00:00,-0.0032946669060872763
2025-05-07 00:00:00+00:00,-0.0017053330939127188
2025-05-08 00:00:00+00:00,0.006936038439206655
2025-05-09 00:00:00+00:00,0.004380905277584313
2025-05-10 00:00:00+00:00,0.011540347070625434
2025-05-11 00:00:00+00:00,-0.0035972360885848844
2025-05-12 00:00:00+00:00,-0.005771603024230288
2025-05-13 00:00:00+00:00,0.006589951830810481
2025-05-14 00:00:00+00:00,-0.0025060179713018416
2025-05-15 00:00:00+00:00,-0.002184313875014301
2025-05-16 00:00:00+00:00,-0.00040568879399091265
2025-05-17 00:00:00+00:00,-0.0020040416364814884
2025-05-18 00:00:00+00:00,-0.004999999999999984
2025-05-19 00:00:00+00:00,-0.005000000000000003
2025-05-20 00:00:00+00:00,0.0
2025-05-21 00:00:00+00:00,0.0008789930618691891
2025-05-22 00:00:00+00:00,0.0036717074381671594
2025-05-23 00:00:00+00:00,-0.009827029462701168
2025-05-24 00:00:00+00:00,0.0006616089996419239
2025-05-25 00:00:00+00:00,0.0012963417017149868
2025-05-26 00:00:00+00:00,0.0006478616030139051
2025-05-27 00:00:00+00:00,-0.0006620346936027408
2025-05-28 00:00:00+00:00,-0.0020039649270066347
2025-05-29 00:00:00+00:00,-0.0044807193582006395
2025-05-30 00:00:00+00:00,-0.000519280641799354
2025-05-31 00:00:00+00:00,0.0
2025-06-01 00:00:00+00:00,0.0
2025-06-02 00:00:00+00:00,0.0
2025-06-03 00:00:00+00:00,0.0
2025-06-04 00:00:00+00:00,-0.0025065396971087712
2025-06-05 00:00:00+00:00,-0.0024934603028912254
2025-06-06 00:00:00+00:00,0.0
2025-06-07 00:00:00+00:00,0.0
2025-06-08 00:00:00+00:00,0.0
2025-06-09 00:00:00+00:00,0.006635155623645617
2025-06-10 00:00:00+00:00,0.00675962936920514
2025-06-11 00:00:00+00:00,-0.006621857884393127
2025-06-12 00:00:00+00:00,-0.010768622655591545
2025-06-13 00:00:00+00:00,-0.0015307310044152423
2025-06-14 00:00:00+00:00,0.0
2025-06-15 00:00:00+00:00,0.0
2025-06-16 00:00:00+00:00,0.0
2025-06-17 00:00:00+00:00,0.0
2025-06-18 00:00:00+00:00,0.0
2025-06-19 00:00:00+00:00,0.0
2025-06-20 00:00:00+00:00,0.0
2025-06-21 00:00:00+00:00,0.0
2025-06-22 00:00:00+00:00,0.0
2025-06-23 00:00:00+00:00,0.0
2025-06-24 00:00:00+00:00,0.0
2025-06-25 00:00:00+00:00,0.00017210228989648343
2025-06-26 00:00:00+00:00,-0.0005087923625729099
2025-06-27 00:00:00+00:00,0.00013679557897863657
2025-06-28 00:00:00+00:00,0.0003571111759855418
2025-06-29 00:00:00+00:00,0.001397927774277976
2025-06-30 00:00:00+00:00,-0.0016372590896752367
2025-07-01 00:00:00+00:00,-0.0007845878852132427
2025-07-02 00:00:00+00:00,-0.0013663160248233164
2025-07-03 00:00:00+00:00,0.002402658573793448
2025-07-04 00:00:00+00:00,-0.007676481387601313
2025-07-05 00:00:00+00:00,0.00045942011721719276
2025-07-06 00:00:00+00:00,-0.00028481248319020715
2025-07-07 00:00:00+00:00,0.0
2025-07-08 00:00:00+00:00,0.00022931671519299621
2025-07-09 00:00:00+00:00,0.006295397291123529
2025-07-10 00:00:00+00:00,0.01807338677302784
2025-07-11 00:00:00+00:00,0.0034424404821142996
2025-07-12 00:00:00+00:00,-0.0008740514874700623
2025-07-13 00:00:00+00:00,0.004651505413880133
2025-07-14 00:00:00+00:00,0.003701384851872931
2025-07-15 00:00:00+00:00,0.00413556480175657
2025-07-16 00:00:00+00:00,0.011029132825935192
2025-07-17 00:00:00+00:00,0.00509693347635833
2025-07-18 00:00:00+00:00,0.0033801569869404435
2025-07-19 00:00:00+00:00,0.0020972229316715296
2025-07-20 00:00:00+00:00,0.007850164308457206
2025-07-21 00:00:00+00:00,0.00024790996237082473
2025-07-22 00:00:00+00:00,-0.0007251366399346182
2025-07-23 00:00:00+00:00,-0.008508351637125218
2025-07-24 00:00:00+00:00,0.0
2025-07-25 00:00:00+00:00,0.0
2025-07-26 00:00:00+00:00,0.0
2025-07-27 00:00:00+00:00,0.001644053549828805
2025-07-28 00:00:00+00:00,-0.0021532279557988387
2025-07-29 00:00:00+00:00,-0.0022690202349467913
2025-07-30 00:00:00+00:00,0.0
2025-07-31 00:00:00+00:00,0.0
2025-08-01 00:00:00+00:00,0.0
2025-08-02 00:00:00+00:00,0.0
2025-08-03 00:00:00+00:00,0.0
2025-08-04 00:00:00+00:00,0.0
2025-08-05 00:00:00+00:00,0.0
2025-08-06 00:00:00+00:00,0.0
2025-08-07 00:00:00+00:00,0.003835876343091404
2025-08-08 00:00:00+00:00,0.0011135768796616014
2025-08-09 00:00:00+00:00,0.006190702819606169
2025-08-10 00:00:00+00:00,0.004766496657864682
2025-08-11 00:00:00+00:00,-0.0017404294231199084
2025-08-12 00:00:00+00:00,0.012156214027252706
2025-08-13 00:00:00+00:00,0.009929527370498225
2025-08-14 00:00:00+00:00,-0.011857607147507592
2025-08-15 00:00:00+00:00,-0.003892814653951482
2025-08-16 00:00:00+00:00,0.0
2025-08-17 00:00:00+00:00,0.0
2025-08-18 00:00:00+00:00,0.0
2025-08-19 00:00:00+00:00,0.0
2025-08-20 00:00:00+00:00,0.0
2025-08-21 00:00:00+00:00,0.0
2025-08-22 00:00:00+00:00,0.0037297964062718574
2025-08-23 00:00:00+00:00,-0.0009134885613642347
2025-08-24 00:00:00+00:00,6.498213309255818e-05
2025-08-25 00:00:00+00:00,-0.0033531035008965144
2025-08-26 00:00:00+00:00,-0.0023337671008339445
2025-08-27 00:00:00+00:00,0.0007567144010810037
2025-08-28 00:00:00+00:00,-0.001852634987646605
2025-08-29 00:00:00+00:00,0.005860828595872612
2025-08-30 00:00:00+00:00,-0.0006053435358647899
2025-08-31 00:00:00+00:00,0.0007803477336147852
2025-09-01 00:00:00+00:00,-0.0013592034669417247
2025-09-02 00:00:00+00:00,-0.001478707412826738
2025-09-03 00:00:00+00:00,0.0
2025-09-04 00:00:00+00:00,0.0
2025-09-05 00:00:00+00:00,0.0
2025-09-06 00:00:00+00:00,0.0
2025-09-07 00:00:00+00:00,0.0
2025-09-08 00:00:00+00:00,0.0
2025-09-09 00:00:00+00:00,0.0
2025-09-10 00:00:00+00:00,0.0
2025-09-11 00:00:00+00:00,0.0
2025-09-12 00:00:00+00:00,0.005153845072759466
2025-09-13 00:00:00+00:00,-0.0016572315536110434
2025-09-14 00:00:00+00:00,-0.0033303938965693848
2025-09-15 00:00:00+00:00,-0.003958538932316017
2025-09-16 00:00:00+00:00,-7.865974715722424e-05
2025-09-17 00:00:00+00:00,-0.0007568379040256944
2025-09-18 00:00:00+00:00,0.0013959179940360783
2025-09-19 00:00:00+00:00,-0.0031517104024448572
2025-09-20 00:00:00+00:00,0.00011864088723629235
2025-09-21 00:00:00+00:00,-0.00031455068130675085
2025-09-22 00:00:00+00:00,0.0
2025-09-23 00:00:00+00:00,0.0
2025-09-24 00:00:00+00:00,0.0
2025-09-25 00:00:00+00:00,0.0015096034922611509
2025-09-26 00:00:00+00:00,-0.005044290430688532
2025-09-27 00:00:00+00:00,0.000377243698722321
2025-09-28 00:00:00+00:00,-0.0027808429827944608
2025-09-29 00:00:00+00:00,0.0
2025-09-30 00:00:00+00:00,0.0
2025-10-01 00:00:00+00:00,0.0
2025-10-02 00:00:00+00:00,0.0010478372043468947
2025-10-03 00:00:00+00:00,0.0028844337795168816
2025-10-04 00:00:00+00:00,0.00021917798268213386
2025-10-05 00:00:00+00:00,-0.0008673565231804171
2025-10-06 00:00:00+00:00,0.006940076917125768
2025-10-07 00:00:00+00:00,-0.011865084668930315
2025-10-08 00:00:00+00:00,0.0
2025-10-09 00:00:00+00:00,0.0
2025-10-10 00:00:00+00:00,0.0
2025-10-11 00:00:00+00:00,0.0
2025-10-12 00:00:00+00:00,0.0
2025-10-13 00:00:00+00:00,0.0
2025-10-14 00:00:00+00:00,0.0
2025-10-15 00:00:00+00:00,0.0
2025-10-16 00:00:00+00:00,0.00040212745325897604
2025-10-17 00:00:00+00:00,0.0004108408808647123
2025-10-18 00:00:00+00:00,-0.001871556711380676
2025-10-19 00:00:00+00:00,-0.0029854053908149134
2025-10-20 00:00:00+00:00,0.0
2025-10-21 00:00:00+00:00,0.0
2025-10-22 00:00:00+00:00,0.0
2025-10-23 00:00:00+00:00,0.0
2025-10-24 00:00:00+00:00,0.0
2025-10-25 00:00:00+00:00,0.0
2025-10-26 00:00:00+00:00,0.0
2025-10-27 00:00:00+00:00,0.0
2025-10-28 00:00:00+00:00,0.0
2025-10-29 00:00:00+00:00,0.0
2025-10-30 00:00:00+00:00,-0.0013640803260156315
2025-10-31 00:00:00+00:00,-0.0023553377440963365
2025-11-01 00:00:00+00:00,-0.0011224948866647199
2025-11-02 00:00:00+00:00,-0.0007191403948199435
2025-11-03 00:00:00+00:00,-0.0019628779278982895
2025-11-04 00:00:00+00:00,0.018635968481027342
2025-11-05 00:00:00+00:00,-0.008492492440829936
2025-11-06 00:00:00+00:00,0.007972125173774554
2025-11-07 00:00:00+00:00,-0.005673866923913728
2025-11-08 00:00:00+00:00,0.0018180906729257673
2025-11-09 00:00:00+00:00,-0.002318146048967961
2025-11-10 00:00:00+00:00,0.0
2025-11-11 00:00:00+00:00,0.0
2025-11-12 00:00:00+00:00,0.0
2025-11-13 00:00:00+00:00,-0.0018180364237514919
2025-11-14 00:00:00+00:00,0.008177533418960579
2025-11-15 00:00:00+00:00,-0.0022730879115390374
2025-11-16 00:00:00+00:00,0.0029906295394383046
2025-11-17 00:00:00+00:00,0.003632160643050419
2025-11-18 00:00:00+00:00,-0.0027528902713730777
2025-11-19 00:00:00+00:00,0.0035890508989908825
2025-11-20 00:00:00+00:00,0.009403985451990261
2025-11-21 00:00:00+00:00,0.002976898304027701
2025-11-22 00:00:00+00:00,0.000340084300071587
2025-11-23 00:00:00+00:00,-0.0038536431719058692
2025-11-24 00:00:00+00:00,-0.0009158100866220254
2025-11-25 00:00:00+00:00,0.0
2025-11-26 00:00:00+00:00,0.0
2025-11-27 00:00:00+00:00,0.0
2025-11-28 00:00:00+00:00,0.0
2025-11-29 00:00:00+00:00,0.0
2025-11-30 00:00:00+00:00,0.0
2025-12-01 00:00:00+00:00,-0.0016380674531880958
2025-12-02 00:00:00+00:00,-0.007371227763518326
2025-12-03 00:00:00+00:00,0.0
2025-12-04 00:00:00+00:00,0.0
2025-12-05 00:00:00+00:00,0.0
2025-12-06 00:00:00+00:00,0.0
2025-12-07 00:00:00+00:00,0.0
2025-12-08 00:00:00+00:00,0.0
2025-12-09 00:00:00+00:00,0.0
2025-12-10 00:00:00+00:00,0.0
2025-12-11 00:00:00+00:00,0.0
2025-12-12 00:00:00+00:00,0.0
2025-12-13 00:00:00+00:00,0.0
2025-12-14 00:00:00+00:00,0.0
2025-12-15 00:00:00+00:00,-0.0020363646739438848
2025-12-16 00:00:00+00:00,-0.0029044177024307796
2025-12-17 00:00:00+00:00,0.0014286854967157565
2025-12-18 00:00:00+00:00,-0.0010693473725548067
2025-12-19 00:00:00+00:00,-0.009251553419954279
2025-12-20 00:00:00+00:00,5.309549342190634e-05
2025-12-21 00:00:00+00:00,0.00017649674365077876
2025-12-22 00:00:00+00:00,0.0
2025-12-23 00:00:00+00:00,0.0
2025-12-24 00:00:00+00:00,0.0
2025-12-25 00:00:00+00:00,0.0
2025-12-26 00:00:00+00:00,0.0
2025-12-27 00:00:00+00:00,0.0
2025-12-28 00:00:00+00:00,0.0
2025-12-29 00:00:00+00:00,0.0
2025-12-30 00:00:00+00:00,0.0
2025-12-31 00:00:00+00:00,0.0
2026-01-01 00:00:00+00:00,0.0
2026-01-02 00:00:00+00:00,0.0
2026-01-03 00:00:00+00:00,0.0
2026-01-04 00:00:00+00:00,0.0
2026-01-05 00:00:00+00:00,0.0
2026-01-06 00:00:00+00:00,0.0009869675876238177
2026-01-07 00:00:00+00:00,-0.005986967587623817
2026-01-08 00:00:00+00:00,0.0
2026-01-09 00:00:00+00:00,0.0
2026-01-10 00:00:00+00:00,0.0
2026-01-11 00:00:00+00:00,0.0
2026-01-12 00:00:00+00:00,0.0
2026-01-13 00:00:00+00:00,0.0
2026-01-14 00:00:00+00:00,0.00029212599030929785
2026-01-15 00:00:00+00:00,-0.002104254881899204
2026-01-16 00:00:00+00:00,-0.00012768492092360363
2026-01-17 00:00:00+00:00,-0.0005937448829212424
2026-01-18 00:00:00+00:00,-1.70735969175978e-05
2026-01-19 00:00:00+00:00,0.0
2026-01-20 00:00:00+00:00,0.0
2026-01-21 00:00:00+00:00,0.0
2026-01-22 00:00:00+00:00,0.0
2026-01-23 00:00:00+00:00,0.0
2026-01-24 00:00:00+00:00,0.0
2026-01-25 00:00:00+00:00,-0.0007168731686718005
2026-01-26 00:00:00+00:00,-0.009283126831328179
2026-01-27 00:00:00+00:00,0.0
2026-01-28 00:00:00+00:00,0.0
2026-01-29 00:00:00+00:00,0.0004438425497520163
2026-01-30 00:00:00+00:00,0.0016684478849439762
2026-01-31 00:00:00+00:00,0.016471530824270997
2026-02-01 00:00:00+00:00,0.008310952307929815
2026-02-02 00:00:00+00:00,-0.005147781578355924
2026-02-03 00:00:00+00:00,0.008267372241669879
2026-02-04 00:00:00+00:00,0.006895548998099666
2026-02-05 00:00:00+00:00,0.02597261081376033
2026-02-06 00:00:00+00:00,-0.018635322000057637
2026-02-07 00:00:00+00:00,-0.0007326201437419356
2026-02-08 00:00:00+00:00,7.789885072700287e-05
2026-02-09 00:00:00+00:00,0.0
2026-02-10 00:00:00+00:00,0.0
2026-02-11 00:00:00+00:00,0.0
2026-02-12 00:00:00+00:00,0.0
2026-02-13 00:00:00+00:00,0.0
2026-02-14 00:00:00+00:00,0.0
2026-02-15 00:00:00+00:00,0.0
2026-02-16 00:00:00+00:00,0.0
2026-02-17 00:00:00+00:00,0.0
2026-02-18 00:00:00+00:00,-0.00044196184132459223
2026-02-19 00:00:00+00:00,-0.0008978611482846875
2026-02-20 00:00:00+00:00,-0.0016036255719309852
2026-02-21 00:00:00+00:00,2.93808183626626e-05
2026-02-22 00:00:00+00:00,0.0005541023694263789
2026-02-23 00:00:00+00:00,-0.00021797544008006573
2026-02-24 00:00:00+00:00,-0.0002355823658516025
2026-02-25 00:00:00+00:00,-0.008623383755693858
2026-02-26 00:00:00+00:00,0.0
2026-02-27 00:00:00+00:00,0.0
2026-02-28 00:00:00+00:00,0.0
2026-03-01 00:00:00+00:00,0.0
2026-03-02 00:00:00+00:00,0.0
2026-03-03 00:00:00+00:00,0.0
2026-03-04 00:00:00+00:00,0.0
2026-03-05 00:00:00+00:00,0.0
2026-03-06 00:00:00+00:00,0.0
2026-03-07 00:00:00+00:00,0.0
2026-03-08 00:00:00+00:00,0.0
2026-03-09 00:00:00+00:00,-0.005000000000000007
2026-03-10 00:00:00+00:00,0.0
2026-03-11 00:00:00+00:00,0.0
2026-03-12 00:00:00+00:00,0.0
2026-03-13 00:00:00+00:00,0.0
2026-03-14 00:00:00+00:00,0.0
2026-03-15 00:00:00+00:00,0.0
2026-03-16 00:00:00+00:00,0.0
2026-03-17 00:00:00+00:00,0.0
2026-03-18 00:00:00+00:00,0.0
2026-03-19 00:00:00+00:00,0.00043129441850784734
2026-03-20 00:00:00+00:00,-0.0009366752202085225
2026-03-21 00:00:00+00:00,0.0025845503326668894
2026-03-22 00:00:00+00:00,0.0035475800392767943
2026-03-23 00:00:00+00:00,-0.01111224315907846
2026-03-24 00:00:00+00:00,0.0
2026-03-25 00:00:00+00:00,0.0
2026-03-26 00:00:00+00:00,0.0
2026-03-27 00:00:00+00:00,0.0004801957257805567
2026-03-28 00:00:00+00:00,-3.374585873399554e-05
2026-03-29 00:00:00+00:00,0.001185274430582077
2026-03-30 00:00:00+00:00,-0.006230821495548516
2026-03-31 00:00:00+00:00,0.0
2026-04-01 00:00:00+00:00,0.0
2026-04-02 00:00:00+00:00,0.0
2026-04-03 00:00:00+00:00,0.0
2026-04-04 00:00:00+00:00,0.0
2026-04-05 00:00:00+00:00,0.0
2026-04-06 00:00:00+00:00,0.0
2026-04-07 00:00:00+00:00,0.0
2026-04-08 00:00:00+00:00,0.0
2026-04-09 00:00:00+00:00,0.0
2026-04-10 00:00:00+00:00,0.0
2026-04-11 00:00:00+00:00,-0.0030509087120259236
2026-04-12 00:00:00+00:00,-0.00694909128797408
2026-04-13 00:00:00+00:00,0.0
2026-04-14 00:00:00+00:00,-0.0025486381988093732
2026-04-15 00:00:00+00:00,0.002870237245287021
2026-04-16 00:00:00+00:00,0.0001795497270556045
2026-04-17 00:00:00+00:00,0.006853823606176165
2026-04-18 00:00:00+00:00,-0.005595567438808598
2026-04-19 00:00:00+00:00,-0.0031388985253600126
2026-04-20 00:00:00+00:00,0.0
2026-04-21 00:00:00+00:00,0.0
2026-04-22 00:00:00+00:00,-0.0020702376446154426
2026-04-23 00:00:00+00:00,0.00010967455666570647
2026-04-24 00:00:00+00:00,-0.0015119367806648528
2026-04-25 00:00:00+00:00,0.00033392251653294956
2026-04-26 00:00:00+00:00,0.0019167528710207682
2026-04-27 00:00:00+00:00,-0.0020605996097686854
2026-04-28 00:00:00+00:00,0.0
2026-04-29 00:00:00+00:00,0.0
2026-04-30 00:00:00+00:00,0.0
2026-05-01 00:00:00+00:00,0.0
2026-05-02 00:00:00+00:00,0.0
2026-05-03 00:00:00+00:00,0.0
2026-05-04 00:00:00+00:00,-0.010000000000000005
2026-05-05 00:00:00+00:00,5.739856258300536e-05
2026-05-06 00:00:00+00:00,-0.002227687295068644
2026-05-07 00:00:00+00:00,-0.004522193737825128
2026-05-08 00:00:00+00:00,-0.0013914140440756744
2026-05-09 00:00:00+00:00,0.0
2026-05-10 00:00:00+00:00,0.0
2026-05-11 00:00:00+00:00,0.0
2026-05-12 00:00:00+00:00,0.0
2026-05-13 00:00:00+00:00,0.0
2026-05-14 00:00:00+00:00,0.0
2026-05-15 00:00:00+00:00,0.0
2026-05-16 00:00:00+00:00,-0.00029503559473856566
2026-05-17 00:00:00+00:00,0.0032797133562774052
2026-05-18 00:00:00+00:00,6.864362830606485e-05
2026-05-19 00:00:00+00:00,0.0012210645419829331
2026-05-20 00:00:00+00:00,-0.0011154589599736042
2026-05-21 00:00:00+00:00,-0.0002851350714252143
2026-05-22 00:00:00+00:00,0.004510018386686176
2026-05-23 00:00:00+00:00,-0.00405940313988027
2026-05-24 00:00:00+00:00,0.0
2026-05-25 00:00:00+00:00,0.0
2026-05-26 00:00:00+00:00,0.0
2026-05-27 00:00:00+00:00,0.0
2026-05-28 00:00:00+00:00,-0.0025173004166756173
2026-05-29 00:00:00+00:00,4.8843915117749285e-05
2026-05-30 00:00:00+00:00,-0.001395573292869955
2026-05-31 00:00:00+00:00,0.0013553396910208704
2026-06-01 00:00:00+00:00,0.0050117808883982096
2026-06-02 00:00:00+00:00,0.018924773249446435
2026-06-03 00:00:00+00:00,0.008494092148273364
2026-06-04 00:00:00+00:00,0.0030862429069825207
2026-06-05 00:00:00+00:00,0.017121261476931528
2026-06-06 00:00:00+00:00,0.001216268158844458
2026-06-07 00:00:00+00:00,-0.015003726343861736
2026-06-08 00:00:00+00:00,0.0
2026-06-09 00:00:00+00:00,0.0
2026-06-10 00:00:00+00:00,0.0
2026-06-11 00:00:00+00:00,0.0
2026-06-12 00:00:00+00:00,0.0
2026-06-13 00:00:00+00:00,0.0
2026-06-14 00:00:00+00:00,0.0
2026-06-15 00:00:00+00:00,0.0
2026-06-16 00:00:00+00:00,0.0
2026-06-17 00:00:00+00:00,0.0
2026-06-18 00:00:00+00:00,-0.001145706454797414
2026-06-19 00:00:00+00:00,-0.0011788450265942808
2026-06-20 00:00:00+00:00,-0.0014576863503206533
2026-06-21 00:00:00+00:00,0.001921391607624563
2026-06-22 00:00:00+00:00,-0.0023700953593284112
2026-06-23 00:00:00+00:00,-0.00045842518514849917
2026-06-24 00:00:00+00:00,0.0014694764641442289
2026-06-25 00:00:00+00:00,0.006491283316552403
2026-06-26 00:00:00+00:00,-0.001442409692329813
2026-06-27 00:00:00+00:00,0.0004792839164222604
2026-06-28 00:00:00+00:00,0.0011308101560725268
2026-06-29 00:00:00+00:00,-0.0035354570776409775
2026-06-30 00:00:00+00:00,0.0
2026-07-01 00:00:00+00:00,0.0
2026-07-02 00:00:00+00:00,0.0
2026-07-03 00:00:00+00:00,0.0
2026-07-04 00:00:00+00:00,0.0
2026-07-05 00:00:00+00:00,0.0
2026-07-06 00:00:00+00:00,0.0
2026-07-07 00:00:00+00:00,0.0
2026-07-08 00:00:00+00:00,-0.0012325498798704774
2026-07-09 00:00:00+00:00,-0.0001123158884362177
2026-07-10 00:00:00+00:00,-0.0036551342316933095
2026-07-11 00:00:00+00:00,0.0
2026-07-12 00:00:00+00:00,0.0
2026-07-13 00:00:00+00:00,0.0
2026-07-14 00:00:00+00:00,0.0
2026-07-15 00:00:00+00:00,0.0016601666123702578
2026-07-16 00:00:00+00:00,-0.0034708428352026818
2026-07-17 00:00:00+00:00,-0.001983618001582344
2026-07-18 00:00:00+00:00,0.0
2026-07-19 00:00:00+00:00,0.0
2026-07-20 00:00:00+00:00,0.0
2026-07-21 00:00:00+00:00,-0.0002972772418517062
2026-07-22 00:00:00+00:00,0.0003620069638677986
2026-07-23 00:00:00+00:00,-0.005064729722016088
2026-07-24 00:00:00+00:00,0.0
2026-07-25 00:00:00+00:00,0.0
2026-07-26 00:00:00+00:00,0.0
2026-07-27 00:00:00+00:00,0.0
2026-07-28 00:00:00+00:00,-0.0019582299451279786
2026-07-29 00:00:00+00:00,-0.00016972988535194218
2026-07-30 00:00:00+00:00,-0.0028720401695200804
2026-07-31 00:00:00+00:00,0.0
2026-08-01 00:00:00+00:00,0.0
2026-08-02 00:00:00+00:00,0.0
2026-08-03 00:00:00+00:00,0.0
2026-08-04 00:00:00+00:00,0.0
2026-08-05 00:00:00+00:00,-0.0007394999082961517
2026-08-06 00:00:00+00:00,-0.00040655376902855105
2026-08-07 00:00:00+00:00,0.0009329339120865579
2026-08-08 00:00:00+00:00,0.0001694687289845344
2026-08-09 00:00:00+00:00,-0.000520388824356539
2026-08-10 00:00:00+00:00,-0.0009454056367304465
2026-08-11 00:00:00+00:00,0.0
2026-08-12 00:00:00+00:00,0.0
2026-08-13 00:00:00+00:00,0.0
2026-08-14 00:00:00+00:00,0.0
2026-08-15 00:00:00+00:00,0.0
2026-08-16 00:00:00+00:00,0.0
2026-08-17 00:00:00+00:00,0.0
2026-08-18 00:00:00+00:00,0.0
2026-08-19 00:00:00+00:00,0.0
2026-08-20 00:00:00+00:00,0.001907520722283775
2026-08-21 00:00:00+00:00,0.008893544158747584
2026-08-22 00:00:00+00:00,-0.002117277909812526
2026-08-23 00:00:00+00:00,0.001131976183562945
2026-08-24 00:00:00+00:00,0.0020870162659621582
2026-08-25 00:00:00+00:00,-0.0007496490026896941
2026-08-26 00:00:00+00:00,0.0008207613564806371
2026-08-27 00:00:00+00:00,0.00208738429037604
2026-08-28 00:00:00+00:00,-0.0044146918213743246
2026-08-29 00:00:00+00:00,0.0
2026-08-30 00:00:00+00:00,0.0
2026-08-31 00:00:00+00:00,0.0
2026-09-01 00:00:00+00:00,0.0
2026-09-02 00:00:00+00:00,0.0
2026-09-03 00:00:00+00:00,-0.00019751883859204264
2026-09-04 00:00:00+00:00,-0.002885215114512156
2026-09-05 00:00:00+00:00,0.00028937791735178075
2026-09-06 00:00:00+00:00,-0.00042969653047813806
2026-09-07 00:00:00+00:00,0.0
2026-09-08 00:00:00+00:00,0.0
2026-09-09 00:00:00+00:00,0.0
2026-09-10 00:00:00+00:00,0.0
2026-09-11 00:00:00+00:00,0.0
2026-09-12 00:00:00+00:00,0.0
2026-09-13 00:00:00+00:00,0.0
2026-09-14 00:00:00+00:00,0.0
2026-09-15 00:00:00+00:00,0.0
2026-09-16 00:00:00+00:00,0.0
2026-09-17 00:00:00+00:00,0.0
2026-09-18 00:00:00+00:00,0.00036617324302762186
2026-09-19 00:00:00+00:00,0.0006993232705235176
2026-09-20 00:00:00+00:00,-0.0001538191806440381
2026-09-21 00:00:00+00:00,0.010698989517769495
2026-09-22 00:00:00+00:00,-0.000764147349728519
2026-09-23 00:00:00+00:00,-0.0035970857892442744
2026-09-24 00:00:00+00:00,-0.0017530497185985604
2026-09-25 00:00:00+00:00,0.0
2026-09-26 00:00:00+00:00,0.0
2026-09-27 00:00:00+00:00,0.0
2026-09-28 00:00:00+00:00,0.0
2026-09-29 00:00:00+00:00,0.00037341038190144067
