Date,ret
2015-07-24 00:00:00+00:00,0.0
2015-07-27 00:00:00+00:00,-0.004522260566639179
2015-07-28 00:00:00+00:00,0.003971546174834935
2015-07-29 00:00:00+00:00,0.005664027572663525
2015-07-30 00:00:00+00:00,0.0016225539564396947
2015-07-31 00:00:00+00:00,-0.00453862808820175
2015-08-03 00:00:00+00:00,0.0019024675282336794
2015-08-04 00:00:00+00:00,-0.0021996571632493986
2015-08-05 00:00:00+00:00,-0.0012841728946528057
2015-08-06 00:00:00+00:00,-0.00622403400942273
2015-08-07 00:00:00+00:00,0.002854152397120909
2015-08-10 00:00:00+00:00,0.0007635730215726314
2015-08-11 00:00:00+00:00,-0.0045711894454834034
2015-08-12 00:00:00+00:00,0.0013653890668207473
2015-08-13 00:00:00+00:00,0.0017676488449892929
2015-08-14 00:00:00+00:00,0.001307801986486205
2015-08-17 00:00:00+00:00,0.0008532253815809465
2015-08-18 00:00:00+00:00,0.00026873223260256057
2015-08-19 00:00:00+00:00,-0.0003132191628258951
2015-08-20 00:00:00+00:00,-0.0020162426360753973
2015-08-21 00:00:00+00:00,-0.012774069098123434
2015-08-24 00:00:00+00:00,0.0
2015-08-25 00:00:00+00:00,0.0
2015-08-26 00:00:00+00:00,0.0
2015-08-27 00:00:00+00:00,0.0
2015-08-28 00:00:00+00:00,0.0
2015-08-31 00:00:00+00:00,0.0
2015-09-01 00:00:00+00:00,0.0
2015-09-02 00:00:00+00:00,0.0
2015-09-03 00:00:00+00:00,0.0
2015-09-04 00:00:00+00:00,0.0
2015-09-08 00:00:00+00:00,0.0
2015-09-09 00:00:00+00:00,0.0
2015-09-10 00:00:00+00:00,0.0
2015-09-11 00:00:00+00:00,0.0
2015-09-14 00:00:00+00:00,0.0
2015-09-15 00:00:00+00:00,0.0
2015-09-16 00:00:00+00:00,0.0
2015-09-17 00:00:00+00:00,0.0
2015-09-18 00:00:00+00:00,0.0
2015-09-21 00:00:00+00:00,0.0
2015-09-22 00:00:00+00:00,0.0
2015-09-23 00:00:00+00:00,0.0
2015-09-24 00:00:00+00:00,0.0
2015-09-25 00:00:00+00:00,0.0
2015-09-28 00:00:00+00:00,-0.007959940542549226
2015-09-29 00:00:00+00:00,-0.006740903276998685
2015-09-30 00:00:00+00:00,0.009191930551602537
2015-10-01 00:00:00+00:00,0.002331203681536017
2015-10-02 00:00:00+00:00,0.003714757643705916
2015-10-05 00:00:00+00:00,-0.002502402859959544
2015-10-06 00:00:00+00:00,-0.0028968931948439858
2015-10-07 00:00:00+00:00,-0.0029494147070426857
2015-10-08 00:00:00+00:00,0.007671299623158712
2015-10-09 00:00:00+00:00,8.003977284124868e-05
2015-10-12 00:00:00+00:00,0.003975306174408185
2015-10-13 00:00:00+00:00,-0.001634667795901638
2015-10-14 00:00:00+00:00,7.944356423246941e-05
2015-10-15 00:00:00+00:00,0.007814113091419403
2015-10-16 00:00:00+00:00,0.004348232851328164
2015-10-19 00:00:00+00:00,0.00700031918440458
2015-10-20 00:00:00+00:00,-0.0021019662286562526
2015-10-21 00:00:00+00:00,0.000251920430066388
2015-10-22 00:00:00+00:00,-0.00015101117906875702
2015-10-23 00:00:00+00:00,-0.0050661960903494166
2015-10-26 00:00:00+00:00,0.0
2015-10-27 00:00:00+00:00,0.0
2015-10-28 00:00:00+00:00,0.0
2015-10-29 00:00:00+00:00,0.0031881614483614262
2015-10-30 00:00:00+00:00,-0.002848556027582013
2015-11-02 00:00:00+00:00,0.004686272859017793
2015-11-03 00:00:00+00:00,-0.008386237961396406
2015-11-04 00:00:00+00:00,-0.003475722785191593
2015-11-05 00:00:00+00:00,-0.0054080310905434414
2015-11-06 00:00:00+00:00,0.0025306448926163774
2015-11-09 00:00:00+00:00,0.0016562257536529106
2015-11-10 00:00:00+00:00,-0.01726650178012749
2015-11-11 00:00:00+00:00,-0.0006258713161315285
2015-11-12 00:00:00+00:00,0.0025428282527552395
2015-11-13 00:00:00+00:00,-0.008884628185563015
2015-11-16 00:00:00+00:00,0.0020883084302158275
2015-11-17 00:00:00+00:00,-0.001134835637139305
2015-11-18 00:00:00+00:00,0.003662579631636372
2015-11-19 00:00:00+00:00,0.005518762941871554
2015-11-20 00:00:00+00:00,0.0012929651811580307
2015-11-23 00:00:00+00:00,-0.003998266831950518
2015-11-24 00:00:00+00:00,0.004530334030615535
2015-11-25 00:00:00+00:00,-0.001755786682499908
2015-11-27 00:00:00+00:00,-0.0011731700621651815
2015-11-30 00:00:00+00:00,0.003465235479251779
2015-12-01 00:00:00+00:00,-0.004130252807861981
2015-12-02 00:00:00+00:00,0.0
2015-12-03 00:00:00+00:00,0.0
2015-12-04 00:00:00+00:00,0.0
2015-12-07 00:00:00+00:00,0.0
2015-12-08 00:00:00+00:00,0.0
2015-12-09 00:00:00+00:00,0.0
2015-12-10 00:00:00+00:00,0.0
2015-12-11 00:00:00+00:00,0.0
2015-12-14 00:00:00+00:00,0.0
2015-12-15 00:00:00+00:00,0.0
2015-12-16 00:00:00+00:00,0.0
2015-12-17 00:00:00+00:00,0.0
2015-12-18 00:00:00+00:00,0.0
2015-12-21 00:00:00+00:00,0.0
2015-12-22 00:00:00+00:00,0.0
2015-12-23 00:00:00+00:00,0.0
2015-12-24 00:00:00+00:00,0.0
2015-12-28 00:00:00+00:00,0.0
2015-12-29 00:00:00+00:00,0.0
2015-12-30 00:00:00+00:00,0.0
2015-12-31 00:00:00+00:00,0.0
2016-01-04 00:00:00+00:00,0.0
2016-01-05 00:00:00+00:00,0.0
2016-01-06 00:00:00+00:00,0.0
2016-01-07 00:00:00+00:00,0.0
2016-01-08 00:00:00+00:00,0.0
2016-01-11 00:00:00+00:00,0.0
2016-01-12 00:00:00+00:00,0.0
2016-01-13 00:00:00+00:00,0.0
2016-01-14 00:00:00+00:00,0.0
2016-01-15 00:00:00+00:00,0.0
2016-01-19 00:00:00+00:00,0.0
2016-01-20 00:00:00+00:00,0.0
2016-01-21 00:00:00+00:00,0.0
2016-01-22 00:00:00+00:00,0.0
2016-01-25 00:00:00+00:00,0.0
2016-01-26 00:00:00+00:00,0.0
2016-01-27 00:00:00+00:00,0.0
2016-01-28 00:00:00+00:00,-0.0027239669020768425
2016-01-29 00:00:00+00:00,-0.011513900026550061
2016-02-01 00:00:00+00:00,0.0022907035199936088
2016-02-02 00:00:00+00:00,0.0023487264802871297
2016-02-03 00:00:00+00:00,-0.002146968291079595
2016-02-04 00:00:00+00:00,-0.0058154408213408155
2016-02-05 00:00:00+00:00,-0.0007787945012348215
2016-02-08 00:00:00+00:00,-0.021075746092686216
2016-02-09 00:00:00+00:00,0.002824532320845526
2016-02-10 00:00:00+00:00,0.011405084084878428
2016-02-11 00:00:00+00:00,-0.005967376812520501
2016-02-12 00:00:00+00:00,0.008461557818311224
2016-02-16 00:00:00+00:00,-0.006179419911288342
2016-02-17 00:00:00+00:00,-7.855601825612624e-05
2016-02-18 00:00:00+00:00,0.002662828058764647
2016-02-19 00:00:00+00:00,0.0021187076491857213
2016-02-22 00:00:00+00:00,0.004214502547043623
2016-02-23 00:00:00+00:00,0.0033831973926225314
2016-02-24 00:00:00+00:00,-0.006349328260472742
2016-02-25 00:00:00+00:00,0.003964980656653258
2016-02-26 00:00:00+00:00,-0.0024565192063649897
2016-02-29 00:00:00+00:00,-0.0018916308619351485
2016-03-01 00:00:00+00:00,0.0
2016-03-02 00:00:00+00:00,0.0
2016-03-03 00:00:00+00:00,0.0
2016-03-04 00:00:00+00:00,0.0
2016-03-07 00:00:00+00:00,0.0
2016-03-08 00:00:00+00:00,0.0
2016-03-09 00:00:00+00:00,0.0
2016-03-10 00:00:00+00:00,0.0
2016-03-11 00:00:00+00:00,0.0
2016-03-14 00:00:00+00:00,0.0
2016-03-15 00:00:00+00:00,0.0
2016-03-16 00:00:00+00:00,0.0
2016-03-17 00:00:00+00:00,0.0
2016-03-18 00:00:00+00:00,0.0
2016-03-21 00:00:00+00:00,0.0
2016-03-22 00:00:00+00:00,0.0
2016-03-23 00:00:00+00:00,0.0
2016-03-24 00:00:00+00:00,0.0038840526434561853
2016-03-28 00:00:00+00:00,0.0016761600367576346
2016-03-29 00:00:00+00:00,-0.0008151534487124875
2016-03-30 00:00:00+00:00,-0.002981460263929462
2016-03-31 00:00:00+00:00,0.003062499706471026
2016-04-01 00:00:00+00:00,-0.0006507532168926004
2016-04-04 00:00:00+00:00,0.008767642676392184
2016-04-05 00:00:00+00:00,0.001667575244230779
2016-04-06 00:00:00+00:00,-0.0035752235193238224
2016-04-07 00:00:00+00:00,5.520300186615904e-05
2016-04-08 00:00:00+00:00,0.004864629066239005
2016-04-11 00:00:00+00:00,0.00841470603301723
2016-04-12 00:00:00+00:00,-0.0036257139434627828
2016-04-13 00:00:00+00:00,-0.005864025826590587
2016-04-14 00:00:00+00:00,0.0005035844833719919
2016-04-15 00:00:00+00:00,-5.5988768235426534e-05
2016-04-18 00:00:00+00:00,-0.0003922284234532854
2016-04-19 00:00:00+00:00,5.5938401317715915e-05
2016-04-20 00:00:00+00:00,-0.00033578607154309087
2016-04-21 00:00:00+00:00,-0.002905210021877047
2016-04-22 00:00:00+00:00,0.0
2016-04-25 00:00:00+00:00,0.0
2016-04-26 00:00:00+00:00,0.0
2016-04-27 00:00:00+00:00,0.0
2016-04-28 00:00:00+00:00,0.009855474881651321
2016-04-29 00:00:00+00:00,0.003831414556700367
2016-05-02 00:00:00+00:00,0.000355565123693428
2016-05-03 00:00:00+00:00,-0.005481886412581775
2016-05-04 00:00:00+00:00,0.0034670814293902654
2016-05-05 00:00:00+00:00,0.0013529150567714865
2016-05-06 00:00:00+00:00,0.0018589843038589275
2016-05-09 00:00:00+00:00,-0.00025163626124650545
2016-05-10 00:00:00+00:00,-0.002263108351576504
2016-05-11 00:00:00+00:00,0.0032469100407003606
2016-05-12 00:00:00+00:00,0.007819036429010273
2016-05-13 00:00:00+00:00,-0.000664275226346008
2016-05-16 00:00:00+00:00,-0.012372898805521615
2016-05-17 00:00:00+00:00,0.0013848375841662985
2016-05-18 00:00:00+00:00,-0.0038151541475894835
2016-05-19 00:00:00+00:00,0.006279356677361607
2016-05-20 00:00:00+00:00,-0.003776301905107952
2016-05-23 00:00:00+00:00,-0.008203100133067317
2016-05-24 00:00:00+00:00,-0.0019962800935829548
2016-05-25 00:00:00+00:00,-0.004765647701602075
2016-05-26 00:00:00+00:00,0.0009173010934261742
2016-05-27 00:00:00+00:00,0.00079004745474065
2016-05-31 00:00:00+00:00,-0.000912543959032619
2016-06-01 00:00:00+00:00,0.0005821920600077579
2016-06-02 00:00:00+00:00,0.00203488720252872
2016-06-03 00:00:00+00:00,-0.003095429028447357
2016-06-06 00:00:00+00:00,-0.006499520299909596
2016-06-07 00:00:00+00:00,0.0046315542232654066
2016-06-08 00:00:00+00:00,-0.002765781876018688
2016-06-09 00:00:00+00:00,-0.0008875176116776018
2016-06-10 00:00:00+00:00,-0.0015253414902128837
2016-06-13 00:00:00+00:00,-0.003447933266442401
2016-06-14 00:00:00+00:00,-0.006107479966248682
2016-06-15 00:00:00+00:00,0.004206084469957109
2016-06-16 00:00:00+00:00,0.004556050389377676
2016-06-17 00:00:00+00:00,0.0
2016-06-20 00:00:00+00:00,0.0
2016-06-21 00:00:00+00:00,0.0
2016-06-22 00:00:00+00:00,0.0
2016-06-23 00:00:00+00:00,0.0
2016-06-24 00:00:00+00:00,0.0
2016-06-27 00:00:00+00:00,0.0
2016-06-28 00:00:00+00:00,0.0
2016-06-29 00:00:00+00:00,0.0
2016-06-30 00:00:00+00:00,8.992985114234919e-05
2016-07-01 00:00:00+00:00,0.002475900279953702
2016-07-05 00:00:00+00:00,-0.002457645623492044
2016-07-06 00:00:00+00:00,0.003623243289642364
2016-07-07 00:00:00+00:00,0.00071679847703184
2016-07-08 00:00:00+00:00,0.0047686574914387325
2016-07-11 00:00:00+00:00,0.0006465421926695747
2016-07-12 00:00:00+00:00,0.007214502712882857
2016-07-13 00:00:00+00:00,-0.0004018523154006119
2016-07-14 00:00:00+00:00,0.0028739872077014153
2016-07-15 00:00:00+00:00,-0.0035333025177575936
2016-07-18 00:00:00+00:00,-0.0007489293818892703
2016-07-19 00:00:00+00:00,0.0001155717020503803
2016-07-20 00:00:00+00:00,0.0
2016-07-21 00:00:00+00:00,-0.004443768360914646
2016-07-22 00:00:00+00:00,-0.0015206517524020136
2016-07-25 00:00:00+00:00,0.0024090992902497574
2016-07-26 00:00:00+00:00,-0.004491985449671221
2016-07-27 00:00:00+00:00,-0.0034297384978420795
2016-07-28 00:00:00+00:00,0.0018024079629733371
2016-07-29 00:00:00+00:00,-0.000415264869789526
2016-08-01 00:00:00+00:00,0.005885549608009096
2016-08-02 00:00:00+00:00,-0.004934719383730209
2016-08-03 00:00:00+00:00,0.004179374649527186
2016-08-04 00:00:00+00:00,0.0020590946150672953
2016-08-05 00:00:00+00:00,0.00506920585461527
2016-08-08 00:00:00+00:00,0.0027601657387608856
2016-08-09 00:00:00+00:00,0.0013533948237131426
2016-08-10 00:00:00+00:00,-0.0024814744720996393
2016-08-11 00:00:00+00:00,-0.0002158744093861594
2016-08-12 00:00:00+00:00,0.0007720463579166115
2016-08-15 00:00:00+00:00,0.004005610795124144
2016-08-16 00:00:00+00:00,-0.00030445152622038396
2016-08-17 00:00:00+00:00,-0.00048758301467470105
2016-08-18 00:00:00+00:00,0.0011904280719363303
2016-08-19 00:00:00+00:00,-0.005206498899046119
2016-08-22 00:00:00+00:00,-0.0003206355632228153
2016-08-23 00:00:00+00:00,0.0010013144175207895
2016-08-24 00:00:00+00:00,-0.0013782614171666814
2016-08-25 00:00:00+00:00,-0.002209029149010888
2016-08-26 00:00:00+00:00,0.002452782073799842
2016-08-29 00:00:00+00:00,-0.0012139575070586606
2016-08-30 00:00:00+00:00,0.0026778943920405807
2016-08-31 00:00:00+00:00,0.0
2016-09-01 00:00:00+00:00,0.0005223316831836078
2016-09-02 00:00:00+00:00,-0.0022674846838519613
2016-09-06 00:00:00+00:00,0.004114696017799495
2016-09-07 00:00:00+00:00,0.0024996132574440035
2016-09-08 00:00:00+00:00,0.00578824504809768
2016-09-09 00:00:00+00:00,0.010612076473370369
2016-09-12 00:00:00+00:00,-0.003390585574586306
2016-09-13 00:00:00+00:00,0.006528929860448766
2016-09-14 00:00:00+00:00,-0.00018769931721866287
2016-09-15 00:00:00+00:00,-0.0012237400550758242
2016-09-16 00:00:00+00:00,0.0
2016-09-19 00:00:00+00:00,0.0
2016-09-20 00:00:00+00:00,0.0
2016-09-21 00:00:00+00:00,0.0
2016-09-22 00:00:00+00:00,0.0
2016-09-23 00:00:00+00:00,0.0
2016-09-26 00:00:00+00:00,0.0
2016-09-27 00:00:00+00:00,0.0
2016-09-28 00:00:00+00:00,0.0
2016-09-29 00:00:00+00:00,0.006489767709723612
2016-09-30 00:00:00+00:00,-0.003131397074112844
2016-10-03 00:00:00+00:00,-0.0001266442701274665
2016-10-04 00:00:00+00:00,0.0033542122084110337
2016-10-05 00:00:00+00:00,0.00012788301237206165
2016-10-06 00:00:00+00:00,0.0005756662041190852
2016-10-07 00:00:00+00:00,0.0015374452602753645
2016-10-10 00:00:00+00:00,0.0
2016-10-11 00:00:00+00:00,-0.0001929788797450834
2016-10-12 00:00:00+00:00,-0.00398817402673927
2016-10-13 00:00:00+00:00,0.002606183861935859
2016-10-14 00:00:00+00:00,0.0026266644857408927
2016-10-17 00:00:00+00:00,0.003809840612494083
2016-10-18 00:00:00+00:00,-0.001241026635054654
2016-10-19 00:00:00+00:00,-0.0037745897160748796
2016-10-20 00:00:00+00:00,-0.0005790521770982308
2016-10-21 00:00:00+00:00,0.0007706551129616676
2016-10-24 00:00:00+00:00,-0.0006438996565319618
2016-10-25 00:00:00+00:00,0.00526972947595498
2016-10-26 00:00:00+00:00,-0.006340634901704222
2016-10-27 00:00:00+00:00,0.0
2016-10-28 00:00:00+00:00,0.0
2016-10-31 00:00:00+00:00,0.0
2016-11-01 00:00:00+00:00,0.0
2016-11-02 00:00:00+00:00,0.0
2016-11-03 00:00:00+00:00,0.0
2016-11-04 00:00:00+00:00,0.0
2016-11-07 00:00:00+00:00,0.0
2016-11-08 00:00:00+00:00,0.0
2016-11-09 00:00:00+00:00,0.0
2016-11-10 00:00:00+00:00,0.0
2016-11-11 00:00:00+00:00,0.0
2016-11-14 00:00:00+00:00,0.0
2016-11-15 00:00:00+00:00,0.0
2016-11-16 00:00:00+00:00,0.0
2016-11-17 00:00:00+00:00,0.0
2016-11-18 00:00:00+00:00,0.0
2016-11-21 00:00:00+00:00,0.0
2016-11-22 00:00:00+00:00,0.0
2016-11-23 00:00:00+00:00,0.0
2016-11-25 00:00:00+00:00,0.0
2016-11-28 00:00:00+00:00,0.0
2016-11-29 00:00:00+00:00,0.0
2016-11-30 00:00:00+00:00,0.0
2016-12-01 00:00:00+00:00,0.0
2016-12-02 00:00:00+00:00,0.0
2016-12-05 00:00:00+00:00,0.0
2016-12-06 00:00:00+00:00,0.0
2016-12-07 00:00:00+00:00,0.0
2016-12-08 00:00:00+00:00,0.0
2016-12-09 00:00:00+00:00,0.0
2016-12-12 00:00:00+00:00,0.0
2016-12-13 00:00:00+00:00,0.0
2016-12-14 00:00:00+00:00,0.0
2016-12-15 00:00:00+00:00,0.0
2016-12-16 00:00:00+00:00,0.0
2016-12-19 00:00:00+00:00,0.0
2016-12-20 00:00:00+00:00,0.0
2016-12-21 00:00:00+00:00,0.0
2016-12-22 00:00:00+00:00,0.0
2016-12-23 00:00:00+00:00,0.0
2016-12-27 00:00:00+00:00,0.0
2016-12-28 00:00:00+00:00,0.0
2016-12-29 00:00:00+00:00,0.0
2016-12-30 00:00:00+00:00,0.0
2017-01-03 00:00:00+00:00,0.0
2017-01-04 00:00:00+00:00,0.0
2017-01-05 00:00:00+00:00,0.0
2017-01-06 00:00:00+00:00,0.0
2017-01-09 00:00:00+00:00,0.0
2017-01-10 00:00:00+00:00,0.0
2017-01-11 00:00:00+00:00,0.0
2017-01-12 00:00:00+00:00,0.0
2017-01-13 00:00:00+00:00,0.0
2017-01-17 00:00:00+00:00,0.0
2017-01-18 00:00:00+00:00,0.0
2017-01-19 00:00:00+00:00,0.0
2017-01-20 00:00:00+00:00,0.0
2017-01-23 00:00:00+00:00,0.0
2017-01-24 00:00:00+00:00,0.0
2017-01-25 00:00:00+00:00,0.0
2017-01-26 00:00:00+00:00,0.0
2017-01-27 00:00:00+00:00,0.0
2017-01-30 00:00:00+00:00,0.0
2017-01-31 00:00:00+00:00,0.0
2017-02-01 00:00:00+00:00,0.011212559024957658
2017-02-02 00:00:00+00:00,-0.00011200205691834004
2017-02-03 00:00:00+00:00,-0.004441017303146462
2017-02-06 00:00:00+00:00,0.004597115793607332
2017-02-07 00:00:00+00:00,0.004141246239036223
2017-02-08 00:00:00+00:00,-0.002871189452121947
2017-02-09 00:00:00+00:00,0.0033861950186993006
2017-02-10 00:00:00+00:00,-0.0022640870228322063
2017-02-13 00:00:00+00:00,0.0014450631965747067
2017-02-14 00:00:00+00:00,0.004402083746062546
2017-02-15 00:00:00+00:00,0.004405696227966753
2017-02-16 00:00:00+00:00,0.0021000746662155345
2017-02-17 00:00:00+00:00,0.002096500218557266
2017-02-21 00:00:00+00:00,0.001603181207836905
2017-02-22 00:00:00+00:00,0.007043285084054866
2017-02-23 00:00:00+00:00,0.001705155722720934
2017-02-24 00:00:00+00:00,-0.002194752090184308
2017-02-27 00:00:00+00:00,-0.0026890960629714447
2017-02-28 00:00:00+00:00,0.002948381604957732
2017-03-01 00:00:00+00:00,0.006961356332651122
2017-03-02 00:00:00+00:00,-0.008665921436500652
2017-03-03 00:00:00+00:00,0.006285865351433199
2017-03-06 00:00:00+00:00,0.004113998511031855
2017-03-07 00:00:00+00:00,-0.0012802009705044453
2017-03-08 00:00:00+00:00,0.003537262652529775
2017-03-09 00:00:00+00:00,0.00028648558279109615
2017-03-10 00:00:00+00:00,0.0024882794477177526
2017-03-13 00:00:00+00:00,0.0016527964687828762
2017-03-14 00:00:00+00:00,7.30680469365937e-05
2017-03-15 00:00:00+00:00,0.0027881246914721234
2017-03-16 00:00:00+00:00,-0.0012409522246279077
2017-03-17 00:00:00+00:00,-0.0002548821588532017
2017-03-20 00:00:00+00:00,-0.003973767827661383
2017-03-21 00:00:00+00:00,-0.0004266662841674318
2017-03-22 00:00:00+00:00,-4.918473145891037e-05
2017-03-23 00:00:00+00:00,-0.007341833847474036
2017-03-24 00:00:00+00:00,-0.005172659103561461
2017-03-27 00:00:00+00:00,-0.00035329147272022965
2017-03-28 00:00:00+00:00,-0.0019232058276895299
2017-03-29 00:00:00+00:00,-0.002774188708541181
2017-03-30 00:00:00+00:00,0.0028479925152608
2017-03-31 00:00:00+00:00,0.0019075911497291973
2017-04-03 00:00:00+00:00,0.001016785119472563
2017-04-04 00:00:00+00:00,0.003119765903712509
2017-04-05 00:00:00+00:00,0.0003633657472247309
2017-04-06 00:00:00+00:00,-0.0009700504689281372
2017-04-07 00:00:00+00:00,0.00018134012978654468
2017-04-10 00:00:00+00:00,0.0012702308941061984
2017-04-11 00:00:00+00:00,-0.0001215194890572165
2017-04-12 00:00:00+00:00,-0.0039450848025662415
2017-04-13 00:00:00+00:00,0.0013796653147082338
2017-04-17 00:00:00+00:00,-0.005421123799607723
2017-04-18 00:00:00+00:00,0.0007705240035954519
2017-04-19 00:00:00+00:00,0.001485260166163238
2017-04-20 00:00:00+00:00,-0.0035556449305509754
2017-04-21 00:00:00+00:00,0.0
2017-04-24 00:00:00+00:00,0.0
2017-04-25 00:00:00+00:00,0.0
2017-04-26 00:00:00+00:00,-0.0023564414338923534
2017-04-27 00:00:00+00:00,7.101895233474487e-05
2017-04-28 00:00:00+00:00,-0.0022242739463224823
2017-05-01 00:00:00+00:00,0.00290608164591973
2017-05-02 00:00:00+00:00,0.000188960483088918
2017-05-03 00:00:00+00:00,0.0032807672126996166
2017-05-04 00:00:00+00:00,0.0019398137765373284
2017-05-05 00:00:00+00:00,0.0011852226491620617
2017-05-08 00:00:00+00:00,0.0006482639539109325
2017-05-09 00:00:00+00:00,0.0002772692116424687
2017-05-10 00:00:00+00:00,0.0003694732889501691
2017-05-11 00:00:00+00:00,-0.0007150508877257211
2017-05-12 00:00:00+00:00,0.0026581417402869643
2017-05-15 00:00:00+00:00,0.0021098563764545553
2017-05-16 00:00:00+00:00,0.0023014144801225545
2017-05-17 00:00:00+00:00,-0.001991505930052558
2017-05-18 00:00:00+00:00,0.001366059584191559
2017-05-19 00:00:00+00:00,0.0025848049050839115
2017-05-22 00:00:00+00:00,9.000533345027151e-05
2017-05-23 00:00:00+00:00,-0.0011656041875188388
2017-05-24 00:00:00+00:00,0.0
2017-05-25 00:00:00+00:00,-0.006511567090946172
2017-05-26 00:00:00+00:00,0.0017214014674263867
2017-05-30 00:00:00+00:00,0.006179743959440209
2017-05-31 00:00:00+00:00,0.002686537481226825
2017-06-01 00:00:00+00:00,-0.007024697923010044
2017-06-02 00:00:00+00:00,0.0008702380468751011
2017-06-05 00:00:00+00:00,0.0032410751915640987
2017-06-06 00:00:00+00:00,0.0031051364791135163
2017-06-07 00:00:00+00:00,0.0038542471797220848
2017-06-08 00:00:00+00:00,0.0006427717522058396
2017-06-09 00:00:00+00:00,-0.004336249222162729
2017-06-12 00:00:00+00:00,-0.001610457595989064
2017-06-13 00:00:00+00:00,-0.0026150818224193184
2017-06-14 00:00:00+00:00,-0.003808314615763845
2017-06-15 00:00:00+00:00,0.0007034041153910117
2017-06-16 00:00:00+00:00,0.002446346384704016
2017-06-19 00:00:00+00:00,-0.005346662798064654
2017-06-20 00:00:00+00:00,0.0025490371454634695
2017-06-21 00:00:00+00:00,0.005468442606677337
2017-06-22 00:00:00+00:00,0.0030363429594562064
2017-06-23 00:00:00+00:00,0.0
2017-06-26 00:00:00+00:00,0.0
2017-06-27 00:00:00+00:00,0.0
2017-06-28 00:00:00+00:00,0.0
2017-06-29 00:00:00+00:00,0.0
2017-06-30 00:00:00+00:00,0.0
2017-07-03 00:00:00+00:00,-0.0023105430854559366
2017-07-05 00:00:00+00:00,-0.006195015898410243
2017-07-06 00:00:00+00:00,-0.0023164477502518968
2017-07-07 00:00:00+00:00,0.004781889442184273
2017-07-10 00:00:00+00:00,0.004311811437625786
2017-07-11 00:00:00+00:00,-0.003121561066096105
2017-07-12 00:00:00+00:00,0.00022913368350222876
2017-07-13 00:00:00+00:00,-0.0016031590675521512
2017-07-14 00:00:00+00:00,0.00034526249032477513
2017-07-17 00:00:00+00:00,-0.0012069047915950204
2017-07-18 00:00:00+00:00,-0.0008075186218630866
2017-07-19 00:00:00+00:00,0.0006938216463969749
2017-07-20 00:00:00+00:00,0.007674070563940945
2017-07-21 00:00:00+00:00,0.004794200737249084
2017-07-24 00:00:00+00:00,-0.005560210798736291
2017-07-25 00:00:00+00:00,0.0024880424699146677
2017-07-26 00:00:00+00:00,-0.011478953123156683
2017-07-27 00:00:00+00:00,-0.00026224391030134814
2017-07-28 00:00:00+00:00,-0.005471748530189501
2017-07-31 00:00:00+00:00,-0.0016079552357238047
2017-08-01 00:00:00+00:00,-0.0020006137713755776
2017-08-02 00:00:00+00:00,0.002219939298072996
2017-08-03 00:00:00+00:00,-0.008423075920389229
2017-08-04 00:00:00+00:00,-0.001766410060956532
2017-08-07 00:00:00+00:00,0.008215459380017257
2017-08-08 00:00:00+00:00,0.0024686650841005595
2017-08-09 00:00:00+00:00,0.0004915642754705907
2017-08-10 00:00:00+00:00,-0.004987988822224805
2017-08-11 00:00:00+00:00,0.004520125688957248
2017-08-14 00:00:00+00:00,-0.0017982040085141964
2017-08-15 00:00:00+00:00,0.0029756738921395964
2017-08-16 00:00:00+00:00,-0.000327185374815131
2017-08-17 00:00:00+00:00,-0.003173800618125481
2017-08-18 00:00:00+00:00,-0.00227421797067473
2017-08-21 00:00:00+00:00,-0.0007870940690278087
2017-08-22 00:00:00+00:00,0.005555291668511801
2017-08-23 00:00:00+00:00,0.003471330323901308
2017-08-24 00:00:00+00:00,0.00026725411417856913
2017-08-25 00:00:00+00:00,-0.002162212919203451
2017-08-28 00:00:00+00:00,0.0013120055382889924
2017-08-29 00:00:00+00:00,0.004553587216983179
2017-08-30 00:00:00+00:00,-0.0015207699362358806
2017-08-31 00:00:00+00:00,9.020590046319536e-05
2017-09-01 00:00:00+00:00,-0.003428405998565346
2017-09-05 00:00:00+00:00,-0.00459935246579161
2017-09-06 00:00:00+00:00,-0.007884130317454682
2017-09-07 00:00:00+00:00,-0.0009034812923759036
2017-09-08 00:00:00+00:00,-0.0037761608856705653
2017-09-11 00:00:00+00:00,0.004497546317684213
2017-09-12 00:00:00+00:00,-0.004989235520263646
2017-09-13 00:00:00+00:00,0.0033901178260438147
2017-09-14 00:00:00+00:00,-0.0025686164858862437
2017-09-15 00:00:00+00:00,0.001996600165861858
2017-09-18 00:00:00+00:00,0.0013679047247936078
2017-09-19 00:00:00+00:00,0.0007725516399872031
2017-09-20 00:00:00+00:00,-0.0018068080508720403
2017-09-21 00:00:00+00:00,-0.0008894911808318138
2017-09-22 00:00:00+00:00,0.0
2017-09-25 00:00:00+00:00,0.0
2017-09-26 00:00:00+00:00,0.0
2017-09-27 00:00:00+00:00,0.0
2017-09-28 00:00:00+00:00,0.0
2017-09-29 00:00:00+00:00,0.0
2017-10-02 00:00:00+00:00,0.0
2017-10-03 00:00:00+00:00,0.0
2017-10-04 00:00:00+00:00,0.0
2017-10-05 00:00:00+00:00,0.0
2017-10-06 00:00:00+00:00,0.0
2017-10-09 00:00:00+00:00,0.0049290809467023395
2017-10-10 00:00:00+00:00,-0.004872408997838844
2017-10-11 00:00:00+00:00,-0.0021249360155036387
2017-10-12 00:00:00+00:00,0.0013724882257369158
2017-10-13 00:00:00+00:00,-0.005576124814230088
2017-10-16 00:00:00+00:00,0.002168787406672479
2017-10-17 00:00:00+00:00,0.0009024223919443797
2017-10-18 00:00:00+00:00,0.0017468798250744137
2017-10-19 00:00:00+00:00,-0.001925306206483605
2017-10-20 00:00:00+00:00,-0.004859301874330517
2017-10-23 00:00:00+00:00,-0.0026330337257468215
2017-10-24 00:00:00+00:00,-0.0005143552549467708
2017-10-25 00:00:00+00:00,0.00022601837239707065
2017-10-26 00:00:00+00:00,-0.0005755848358731294
2017-10-27 00:00:00+00:00,0.00016414418625265714
2017-10-30 00:00:00+00:00,0.0044134735406069865
2017-10-31 00:00:00+00:00,-0.0017682195461819668
2017-11-01 00:00:00+00:00,-0.003331565284322139
2017-11-02 00:00:00+00:00,-0.004630633893084897
2017-11-03 00:00:00+00:00,-0.0033443907151442147
2017-11-06 00:00:00+00:00,0.0
2017-11-07 00:00:00+00:00,0.0
2017-11-08 00:00:00+00:00,0.0
2017-11-09 00:00:00+00:00,0.0
2017-11-10 00:00:00+00:00,0.0
2017-11-13 00:00:00+00:00,0.0
2017-11-14 00:00:00+00:00,0.0
2017-11-15 00:00:00+00:00,0.0
2017-11-16 00:00:00+00:00,0.0
2017-11-17 00:00:00+00:00,0.0
2017-11-20 00:00:00+00:00,0.0
2017-11-21 00:00:00+00:00,0.0
2017-11-22 00:00:00+00:00,0.0
2017-11-24 00:00:00+00:00,0.0
2017-11-27 00:00:00+00:00,0.0
2017-11-28 00:00:00+00:00,0.0
2017-11-29 00:00:00+00:00,0.0
2017-11-30 00:00:00+00:00,0.0
2017-12-01 00:00:00+00:00,0.0
2017-12-04 00:00:00+00:00,0.0
2017-12-05 00:00:00+00:00,0.0
2017-12-06 00:00:00+00:00,0.0
2017-12-07 00:00:00+00:00,0.0
2017-12-08 00:00:00+00:00,0.0
2017-12-11 00:00:00+00:00,0.0
2017-12-12 00:00:00+00:00,0.0
2017-12-13 00:00:00+00:00,0.0
2017-12-14 00:00:00+00:00,0.0
2017-12-15 00:00:00+00:00,0.0
2017-12-18 00:00:00+00:00,-0.0010597023112006347
2017-12-19 00:00:00+00:00,-0.006898556236872115
2017-12-20 00:00:00+00:00,-0.001451467221397736
2017-12-21 00:00:00+00:00,-0.0012619842280707412
2017-12-22 00:00:00+00:00,-0.00030343996404750645
2017-12-26 00:00:00+00:00,-0.00014289123877812374
2017-12-27 00:00:00+00:00,-0.0004467380830186496
2017-12-28 00:00:00+00:00,0.0005726080575432224
2017-12-29 00:00:00+00:00,-0.0008931104098463353
2018-01-02 00:00:00+00:00,0.003940108222774723
2018-01-03 00:00:00+00:00,0.004000262931775911
2018-01-04 00:00:00+00:00,-0.0025885341570783447
2018-01-05 00:00:00+00:00,-0.0023797219299658647
2018-01-08 00:00:00+00:00,0.0012959943376399756
2018-01-09 00:00:00+00:00,-0.00387310665791174
2018-01-10 00:00:00+00:00,-0.001556614193185979
2018-01-11 00:00:00+00:00,0.007118888722832025
2018-01-12 00:00:00+00:00,0.0043299892992233096
2018-01-16 00:00:00+00:00,-0.0005387143300894884
2018-01-17 00:00:00+00:00,0.0009894198795946667
2018-01-18 00:00:00+00:00,0.0
2018-01-19 00:00:00+00:00,0.0
2018-01-22 00:00:00+00:00,0.0
2018-01-23 00:00:00+00:00,0.0
2018-01-24 00:00:00+00:00,0.0
2018-01-25 00:00:00+00:00,-0.001700717875409559
2018-01-26 00:00:00+00:00,-0.010712636509255432
2018-01-29 00:00:00+00:00,0.00028111284258129215
2018-01-30 00:00:00+00:00,-0.011156591613814104
2018-01-31 00:00:00+00:00,-0.009860747914195814
2018-02-01 00:00:00+00:00,-0.0012290047895401333
2018-02-02 00:00:00+00:00,-0.006003168757859945
2018-02-05 00:00:00+00:00,0.00013253191628243043
2018-02-06 00:00:00+00:00,-0.010331560350275529
2018-02-07 00:00:00+00:00,0.014231120848217557
2018-02-08 00:00:00+00:00,0.010628802822745512
2018-02-09 00:00:00+00:00,-0.00039210996741675014
2018-02-12 00:00:00+00:00,-0.005677389036347773
2018-02-13 00:00:00+00:00,-0.0005682337930049316
2018-02-14 00:00:00+00:00,-0.0001236477469865697
2018-02-15 00:00:00+00:00,-0.011085524900302271
2018-02-16 00:00:00+00:00,0.0031449927054413482
2018-02-20 00:00:00+00:00,0.0036296755041442252
2018-02-21 00:00:00+00:00,0.0012522322875964664
2018-02-22 00:00:00+00:00,-0.0013180106755747063
2018-02-23 00:00:00+00:00,-0.0028139254576772022
2018-02-26 00:00:00+00:00,-0.0010154435487093715
2018-02-27 00:00:00+00:00,0.01097818395350672
2018-02-28 00:00:00+00:00,-0.004102397080423481
2018-03-01 00:00:00+00:00,0.0056707222065846
2018-03-02 00:00:00+00:00,0.007264253681884081
2018-03-05 00:00:00+00:00,-0.008680343036888694
2018-03-06 00:00:00+00:00,0.0011477517010805387
2018-03-07 00:00:00+00:00,-0.009740894838652555
2018-03-08 00:00:00+00:00,0.007159356495614055
2018-03-09 00:00:00+00:00,0.003185813182864742
2018-03-12 00:00:00+00:00,0.0036005799773142964
2018-03-13 00:00:00+00:00,0.002382376761367951
2018-03-14 00:00:00+00:00,0.007089632108239097
2018-03-15 00:00:00+00:00,0.00030713566617653526
2018-03-16 00:00:00+00:00,-0.005980191826974772
2018-03-19 00:00:00+00:00,0.00579837338580184
2018-03-20 00:00:00+00:00,0.009565372164325367
2018-03-21 00:00:00+00:00,-0.010410491736635588
2018-03-22 00:00:00+00:00,0.016282861495336236
2018-03-23 00:00:00+00:00,0.016061562864814267
2018-03-26 00:00:00+00:00,-0.01604659221881159
2018-03-27 00:00:00+00:00,0.02651580306668666
2018-03-28 00:00:00+00:00,0.00597694184744102
2018-03-29 00:00:00+00:00,0.0
2018-04-02 00:00:00+00:00,0.0
2018-04-03 00:00:00+00:00,0.0
2018-04-04 00:00:00+00:00,0.0
2018-04-05 00:00:00+00:00,0.0
2018-04-06 00:00:00+00:00,0.0
2018-04-09 00:00:00+00:00,0.0
2018-04-10 00:00:00+00:00,0.0
2018-04-11 00:00:00+00:00,0.0
2018-04-12 00:00:00+00:00,0.0
2018-04-13 00:00:00+00:00,0.0
2018-04-16 00:00:00+00:00,0.0
2018-04-17 00:00:00+00:00,0.0
2018-04-18 00:00:00+00:00,0.0
2018-04-19 00:00:00+00:00,0.0
2018-04-20 00:00:00+00:00,0.0
2018-04-23 00:00:00+00:00,0.0
2018-04-24 00:00:00+00:00,0.0
2018-04-25 00:00:00+00:00,0.0
2018-04-26 00:00:00+00:00,-0.0012394132744133106
2018-04-27 00:00:00+00:00,0.002276529014851137
2018-04-30 00:00:00+00:00,-0.010142436653628373
2018-05-01 00:00:00+00:00,0.011732885683979547
2018-05-02 00:00:00+00:00,-0.012099318895043657
2018-05-03 00:00:00+00:00,-0.0009963506303717815
2018-05-04 00:00:00+00:00,0.01986428549407374
2018-05-07 00:00:00+00:00,0.006183830153568445
2018-05-08 00:00:00+00:00,0.001327058006847134
2018-05-09 00:00:00+00:00,0.011306377733285768
2018-05-10 00:00:00+00:00,0.013999212813744975
2018-05-11 00:00:00+00:00,0.0012496915647011164
2018-05-14 00:00:00+00:00,0.007037930926396517
2018-05-15 00:00:00+00:00,-0.005337774867364864
2018-05-16 00:00:00+00:00,0.010104933933482456
2018-05-17 00:00:00+00:00,-0.003751493722498484
2018-05-18 00:00:00+00:00,0.001990636008659436
2018-05-21 00:00:00+00:00,0.004422544351395711
2018-05-22 00:00:00+00:00,-0.00372553029238043
2018-05-23 00:00:00+00:00,0.004641076381497118
2018-05-24 00:00:00+00:00,0.0030199429274207737
2018-05-25 00:00:00+00:00,0.003135982859995797
2018-05-29 00:00:00+00:00,-0.009962432865858035
2018-05-30 00:00:00+00:00,0.004998034876702917
2018-05-31 00:00:00+00:00,-0.009699262887552221
2018-06-01 00:00:00+00:00,0.0028767932876093325
2018-06-04 00:00:00+00:00,0.006121944067450776
2018-06-05 00:00:00+00:00,-0.00030737567218093914
2018-06-06 00:00:00+00:00,0.0033845574472544104
2018-06-07 00:00:00+00:00,0.002639931302674444
2018-06-08 00:00:00+00:00,0.0031899372585192007
2018-06-11 00:00:00+00:00,0.0009311486499810062
2018-06-12 00:00:00+00:00,0.0
2018-06-13 00:00:00+00:00,-0.003449284725827432
2018-06-14 00:00:00+00:00,-0.001005480828199734
2018-06-15 00:00:00+00:00,6.727077498388152e-05
2018-06-18 00:00:00+00:00,-0.0019829505387307655
2018-06-19 00:00:00+00:00,-0.0014538106977930083
2018-06-20 00:00:00+00:00,0.0009508410578210983
2018-06-21 00:00:00+00:00,0.0017660772720678273
2018-06-22 00:00:00+00:00,0.0
2018-06-25 00:00:00+00:00,0.0
2018-06-26 00:00:00+00:00,0.0
2018-06-27 00:00:00+00:00,0.0
2018-06-28 00:00:00+00:00,0.0
2018-06-29 00:00:00+00:00,0.0
2018-07-02 00:00:00+00:00,-0.005897268628344831
2018-07-03 00:00:00+00:00,-0.008806742147261034
2018-07-05 00:00:00+00:00,0.0011799453394646757
2018-07-06 00:00:00+00:00,-0.0003047728769718372
2018-07-09 00:00:00+00:00,0.003486628437819809
2018-07-10 00:00:00+00:00,0.0012509961125843905
2018-07-11 00:00:00+00:00,-0.002269359912169181
2018-07-12 00:00:00+00:00,-0.0029483757214909443
2018-07-13 00:00:00+00:00,0.0035099795173891093
2018-07-16 00:00:00+00:00,0.002392494689132348
2018-07-17 00:00:00+00:00,0.004465434629631189
2018-07-18 00:00:00+00:00,-0.007646933459354595
2018-07-19 00:00:00+00:00,-0.0005558792867209986
2018-07-20 00:00:00+00:00,0.0004960159721924725
2018-07-23 00:00:00+00:00,-0.00419144693970878
2018-07-24 00:00:00+00:00,0.0035930349967481234
2018-07-25 00:00:00+00:00,0.006652134673755805
2018-07-26 00:00:00+00:00,0.00296220172255543
2018-07-27 00:00:00+00:00,0.0002921641318129519
2018-07-30 00:00:00+00:00,-0.0006699319336187818
2018-07-31 00:00:00+00:00,-0.0019739834100962104
2018-08-01 00:00:00+00:00,-0.003596209891255142
2018-08-02 00:00:00+00:00,0.004472461957380349
2018-08-03 00:00:00+00:00,0.0008341844174250783
2018-08-06 00:00:00+00:00,0.009810858996260727
2018-08-07 00:00:00+00:00,-0.0006312016094362888
2018-08-08 00:00:00+00:00,0.0005786384230242655
2018-08-09 00:00:00+00:00,-0.005634628964147903
2018-08-10 00:00:00+00:00,-0.004865428064219135
2018-08-13 00:00:00+00:00,0.0030547593526024466
2018-08-14 00:00:00+00:00,0.00621805426009379
2018-08-15 00:00:00+00:00,-0.0033570209095488803
2018-08-16 00:00:00+00:00,-0.00039719290697888266
2018-08-17 00:00:00+00:00,0.010919768975527377
2018-08-20 00:00:00+00:00,0.004098488219487417
2018-08-21 00:00:00+00:00,0.0055185069190234245
2018-08-22 00:00:00+00:00,0.003934135477007362
2018-08-23 00:00:00+00:00,0.017263538534233836
2018-08-24 00:00:00+00:00,-0.0012436630744965627
2018-08-27 00:00:00+00:00,0.00327542778633938
2018-08-28 00:00:00+00:00,0.006742877864039339
2018-08-29 00:00:00+00:00,0.005905538447721607
2018-08-30 00:00:00+00:00,-0.0024536907847981793
2018-08-31 00:00:00+00:00,0.0026881793283917896
2018-09-04 00:00:00+00:00,0.0036167936715669757
2018-09-05 00:00:00+00:00,-0.004608883977273622
2018-09-06 00:00:00+00:00,0.002982484729622629
2018-09-07 00:00:00+00:00,0.0006398448604363338
2018-09-10 00:00:00+00:00,0.008516635825771854
2018-09-11 00:00:00+00:00,0.005308949044662947
2018-09-12 00:00:00+00:00,0.0004670943428923824
2018-09-13 00:00:00+00:00,-0.0046352724859480094
2018-09-14 00:00:00+00:00,0.0033702727230628207
2018-09-17 00:00:00+00:00,-0.0004391115922478169
2018-09-18 00:00:00+00:00,0.005304539634969352
2018-09-19 00:00:00+00:00,0.0020482378675323876
2018-09-20 00:00:00+00:00,0.0009280870003569959
2018-09-21 00:00:00+00:00,0.0
2018-09-24 00:00:00+00:00,0.0
2018-09-25 00:00:00+00:00,0.0
2018-09-26 00:00:00+00:00,0.0
2018-09-27 00:00:00+00:00,0.0
2018-09-28 00:00:00+00:00,0.0
2018-10-01 00:00:00+00:00,0.0
2018-10-02 00:00:00+00:00,0.0
2018-10-03 00:00:00+00:00,0.0
2018-10-04 00:00:00+00:00,0.0
2018-10-05 00:00:00+00:00,0.0
2018-10-08 00:00:00+00:00,-0.008117527503161859
2018-10-09 00:00:00+00:00,-0.00035717876012671584
2018-10-10 00:00:00+00:00,0.0046392872770971705
2018-10-11 00:00:00+00:00,-0.0011611592586215913
2018-10-12 00:00:00+00:00,-0.007708902797718779
2018-10-15 00:00:00+00:00,0.0035837231737587683
2018-10-16 00:00:00+00:00,-0.004706504712135369
2018-10-17 00:00:00+00:00,-0.0011859248914897573
2018-10-18 00:00:00+00:00,-0.00013117301599511558
2018-10-19 00:00:00+00:00,-0.0015895904589930214
2018-10-22 00:00:00+00:00,0.0008853448824664619
2018-10-23 00:00:00+00:00,0.0004510615948349894
2018-10-24 00:00:00+00:00,0.007314428111368584
2018-10-25 00:00:00+00:00,-0.005418270336970427
2018-10-26 00:00:00+00:00,0.020802162965944226
2018-10-29 00:00:00+00:00,0.0008950155300224139
2018-10-30 00:00:00+00:00,-0.014219438857001701
2018-10-31 00:00:00+00:00,-0.004288926304709524
2018-11-01 00:00:00+00:00,-0.02750087567195708
2018-11-02 00:00:00+00:00,0.006592933606770232
2018-11-05 00:00:00+00:00,0.008382501248156777
2018-11-06 00:00:00+00:00,-0.010445055041842713
2018-11-07 00:00:00+00:00,-0.012182599090753662
2018-11-08 00:00:00+00:00,0.004346512983840645
2018-11-09 00:00:00+00:00,0.012107869385465153
2018-11-12 00:00:00+00:00,0.027258785655940625
2018-11-13 00:00:00+00:00,-0.006112253644858155
2018-11-14 00:00:00+00:00,-0.004948835278591468
2018-11-15 00:00:00+00:00,-0.01574874418635871
2018-11-16 00:00:00+00:00,0.0035791257430472906
2018-11-19 00:00:00+00:00,0.01585717445986255
2018-11-20 00:00:00+00:00,0.0023233698873500463
2018-11-21 00:00:00+00:00,0.0005914979319573573
2018-11-23 00:00:00+00:00,-0.0032273732416654875
2018-11-26 00:00:00+00:00,-0.01309797600039316
2018-11-27 00:00:00+00:00,-0.007013764113101506
2018-11-28 00:00:00+00:00,-0.02675263167847756
2018-11-29 00:00:00+00:00,-0.004286764126230598
2018-11-30 00:00:00+00:00,-0.003244185673758726
2018-12-03 00:00:00+00:00,-0.016733143425554358
2018-12-04 00:00:00+00:00,0.021946646209408043
2018-12-06 00:00:00+00:00,-0.002287955838041015
2018-12-07 00:00:00+00:00,0.012217909699050936
2018-12-10 00:00:00+00:00,-0.007887119347253502
2018-12-11 00:00:00+00:00,-0.00018626170716284918
2018-12-12 00:00:00+00:00,-0.009797319999345744
2018-12-13 00:00:00+00:00,-0.007889168767028979
2018-12-14 00:00:00+00:00,0.003287775428528169
2018-12-17 00:00:00+00:00,0.029991548306189518
2018-12-18 00:00:00+00:00,-0.012202289511783851
2018-12-19 00:00:00+00:00,0.00896782423656676
2018-12-20 00:00:00+00:00,0.019970299101211914
2018-12-21 00:00:00+00:00,0.01942988838437924
2018-12-24 00:00:00+00:00,-0.006427297069797314
2018-12-26 00:00:00+00:00,-0.020029585436354802
2018-12-27 00:00:00+00:00,-0.00437242128082375
2018-12-28 00:00:00+00:00,-0.00010862386381867613
2018-12-31 00:00:00+00:00,-0.0037653102322245204
2019-01-02 00:00:00+00:00,0.0003827233462923389
2019-01-03 00:00:00+00:00,0.014335159372999598
2019-01-04 00:00:00+00:00,-0.02381101526243859
2019-01-07 00:00:00+00:00,-0.0001744303555686333
2019-01-08 00:00:00+00:00,-0.007032636354546984
2019-01-09 00:00:00+00:00,-0.009274584415285697
2019-01-10 00:00:00+00:00,-0.004720101220565598
2019-01-11 00:00:00+00:00,0.001596871553254553
2019-01-14 00:00:00+00:00,0.008863656775824014
2019-01-15 00:00:00+00:00,-0.01047720131180474
2019-01-16 00:00:00+00:00,-0.004928187648308713
2019-01-17 00:00:00+00:00,0.0042426934520789494
2019-01-18 00:00:00+00:00,0.003507570888023522
2019-01-22 00:00:00+00:00,0.008724953413901745
2019-01-23 00:00:00+00:00,-0.0027132856963419196
2019-01-24 00:00:00+00:00,0.00264212347301133
2019-01-25 00:00:00+00:00,-0.0038039080724831713
2019-01-28 00:00:00+00:00,0.011299999257515497
2019-01-29 00:00:00+00:00,-0.0022887547351404893
2019-01-30 00:00:00+00:00,-0.02444944059127378
2019-01-31 00:00:00+00:00,0.005063048873004528
2019-02-01 00:00:00+00:00,0.0031732902829768226
2019-02-04 00:00:00+00:00,0.00802561654585716
2019-02-05 00:00:00+00:00,-0.0032805694129706573
2019-02-06 00:00:00+00:00,0.01145714363832695
2019-02-07 00:00:00+00:00,-0.015627222483645075
2019-02-08 00:00:00+00:00,0.003949553642575721
2019-02-11 00:00:00+00:00,-0.00024475951583051713
2019-02-12 00:00:00+00:00,0.00648643589250486
2019-02-13 00:00:00+00:00,0.0010542658385768843
2019-02-14 00:00:00+00:00,0.0031368737575895532
2019-02-15 00:00:00+00:00,0.0035704686400580003
2019-02-19 00:00:00+00:00,0.003990246813626919
2019-02-20 00:00:00+00:00,0.0026424642889875485
2019-02-21 00:00:00+00:00,-0.0023452438543973275
2019-02-22 00:00:00+00:00,0.0031393455351590256
2019-02-25 00:00:00+00:00,0.007626460969904248
2019-02-26 00:00:00+00:00,-0.003118575198457735
2019-02-27 00:00:00+00:00,-0.007959754307948097
2019-02-28 00:00:00+00:00,-0.006743867055266861
2019-03-01 00:00:00+00:00,0.005210345603002191
2019-03-04 00:00:00+00:00,-0.001983259903404644
2019-03-05 00:00:00+00:00,0.0003650837519805587
2019-03-06 00:00:00+00:00,0.0010965226556570729
2019-03-07 00:00:00+00:00,0.0012468248411651173
2019-03-08 00:00:00+00:00,0.0032390397181516115
2019-03-11 00:00:00+00:00,-0.007558439868828611
2019-03-12 00:00:00+00:00,0.005683789269526914
2019-03-13 00:00:00+00:00,0.003662946638863277
2019-03-14 00:00:00+00:00,-0.002708825268517493
2019-03-15 00:00:00+00:00,0.0022423778865203747
2019-03-18 00:00:00+00:00,0.0030643933417736635
2019-03-19 00:00:00+00:00,-0.0027917322730731295
2019-03-20 00:00:00+00:00,0.0007718750054664936
2019-03-21 00:00:00+00:00,-0.0020970563459490332
2019-03-22 00:00:00+00:00,0.002910019245009147
2019-03-25 00:00:00+00:00,-0.005040633761752492
2019-03-26 00:00:00+00:00,-0.005516759921788165
2019-03-27 00:00:00+00:00,0.005712458210288947
2019-03-28 00:00:00+00:00,-0.0028031621504892947
2019-03-29 00:00:00+00:00,-0.003147103832126833
2019-04-01 00:00:00+00:00,-0.008320138509817202
2019-04-02 00:00:00+00:00,-0.0006693409377243423
2019-04-03 00:00:00+00:00,0.0021648418531661218
2019-04-04 00:00:00+00:00,0.0038751723909169846
2019-04-05 00:00:00+00:00,0.0017500545008082666
2019-04-08 00:00:00+00:00,0.0009202151002057531
2019-04-09 00:00:00+00:00,0.0015470406462694264
2019-04-10 00:00:00+00:00,-0.0055824849522883024
2019-04-11 00:00:00+00:00,-0.0008640216189340263
2019-04-12 00:00:00+00:00,-0.0051471094678460965
2019-04-15 00:00:00+00:00,-0.0022803565855351593
2019-04-16 00:00:00+00:00,-0.0037238302667153
2019-04-17 00:00:00+00:00,-0.003530776100193478
2019-04-18 00:00:00+00:00,-0.0018889654047667954
2019-04-22 00:00:00+00:00,0.004837660065758957
2019-04-23 00:00:00+00:00,0.0017135689932340863
2019-04-24 00:00:00+00:00,-0.0004458312502165403
2019-04-25 00:00:00+00:00,0.0014640172125072925
2019-04-26 00:00:00+00:00,-0.0029791221074733456
2019-04-29 00:00:00+00:00,0.0044950349548937285
2019-04-30 00:00:00+00:00,-0.000983866845752912
2019-05-01 00:00:00+00:00,0.005833043767836138
2019-05-02 00:00:00+00:00,0.0012941983911303858
2019-05-03 00:00:00+00:00,-0.00885358160283154
2019-05-06 00:00:00+00:00,0.004235626041264951
2019-05-07 00:00:00+00:00,0.004826244195135243
2019-05-08 00:00:00+00:00,0.008059560581666037
2019-05-09 00:00:00+00:00,0.011837376918859666
2019-05-10 00:00:00+00:00,0.0021657533296760567
2019-05-13 00:00:00+00:00,0.005023351880725624
2019-05-14 00:00:00+00:00,-0.0025618118569327385
2019-05-15 00:00:00+00:00,0.00014688694528155465
2019-05-16 00:00:00+00:00,0.002274201122587405
2019-05-17 00:00:00+00:00,0.012062417199918962
2019-05-20 00:00:00+00:00,0.0024749469614770425
2019-05-21 00:00:00+00:00,-0.007776920073377602
2019-05-22 00:00:00+00:00,0.004803260555227479
2019-05-23 00:00:00+00:00,0.0036466797001995514
2019-05-24 00:00:00+00:00,-0.003917288309017053
2019-05-28 00:00:00+00:00,0.010854860965479792
2019-05-29 00:00:00+00:00,-0.0065241679038324785
2019-05-30 00:00:00+00:00,-0.0009286788759188163
2019-05-31 00:00:00+00:00,0.0021305266145713597
2019-06-03 00:00:00+00:00,-0.002001147606384146
2019-06-04 00:00:00+00:00,-0.010620938303321928
2019-06-05 00:00:00+00:00,0.0019966399821556013
2019-06-06 00:00:00+00:00,3.460671525157277e-05
2019-06-07 00:00:00+00:00,-0.001801006700120104
2019-06-10 00:00:00+00:00,0.0015502074696787844
2019-06-11 00:00:00+00:00,-0.00013849178186860675
2019-06-12 00:00:00+00:00,6.920202331002952e-05
2019-06-13 00:00:00+00:00,-0.007924158661140934
2019-06-14 00:00:00+00:00,-0.0034137604767620435
2019-06-17 00:00:00+00:00,-0.0015056094978683394
2019-06-18 00:00:00+00:00,0.002564688675073201
2019-06-19 00:00:00+00:00,0.0019466914161926363
2019-06-20 00:00:00+00:00,0.002660498337914375
2019-06-21 00:00:00+00:00,-0.0030673142388434327
2019-06-24 00:00:00+00:00,0.000601352541950669
2019-06-25 00:00:00+00:00,-0.01322794776653565
2019-06-26 00:00:00+00:00,0.0008681459837491801
2019-06-27 00:00:00+00:00,0.005206901434558005
2019-06-28 00:00:00+00:00,0.0016141855164368835
2019-07-01 00:00:00+00:00,0.007149734097103104
2019-07-02 00:00:00+00:00,0.00046517751052799206
2019-07-03 00:00:00+00:00,0.004766799771188213
2019-07-05 00:00:00+00:00,-0.001875478303370463
2019-07-08 00:00:00+00:00,-0.0011623544534549908
2019-07-09 00:00:00+00:00,0.001408511292923927
2019-07-10 00:00:00+00:00,0.003046240047929268
2019-07-11 00:00:00+00:00,0.0006732198568841034
2019-07-12 00:00:00+00:00,0.0019722662419868384
2019-07-15 00:00:00+00:00,-0.0007110116060883298
2019-07-16 00:00:00+00:00,-0.003303533987358609
2019-07-17 00:00:00+00:00,0.004023555003880963
2019-07-18 00:00:00+00:00,0.00041003468239716117
2019-07-19 00:00:00+00:00,0.0
2019-07-22 00:00:00+00:00,0.0
2019-07-23 00:00:00+00:00,0.0
2019-07-24 00:00:00+00:00,-0.003707784706655152
2019-07-25 00:00:00+00:00,-0.004118720383493312
2019-07-26 00:00:00+00:00,0.015019972859621505
2019-07-29 00:00:00+00:00,-0.003990672660604266
2019-07-30 00:00:00+00:00,0.002511777163137857
2019-07-31 00:00:00+00:00,-0.010240595001135833
2019-08-01 00:00:00+00:00,0.002143393865383647
2019-08-02 00:00:00+00:00,0.005250791197592752
2019-08-05 00:00:00+00:00,-0.00014567092469717214
2019-08-06 00:00:00+00:00,-0.000720915404580591
2019-08-07 00:00:00+00:00,0.006928550601441463
2019-08-08 00:00:00+00:00,-0.0228874322712453
2019-08-09 00:00:00+00:00,-0.007286073546641481
2019-08-12 00:00:00+00:00,0.011563255843919484
2019-08-13 00:00:00+00:00,0.006243483078318568
2019-08-14 00:00:00+00:00,0.008593227689401762
2019-08-15 00:00:00+00:00,0.005532477381709189
2019-08-16 00:00:00+00:00,-0.0010861714391231735
2019-08-19 00:00:00+00:00,0.0029905313870250082
2019-08-20 00:00:00+00:00,-0.0006201679636735012
2019-08-21 00:00:00+00:00,-0.0015315191702964352
2019-08-22 00:00:00+00:00,-0.0010048616291355632
2019-08-23 00:00:00+00:00,0.013851606856502366
2019-08-26 00:00:00+00:00,-0.006510264568609332
2019-08-27 00:00:00+00:00,-0.0009179098216777944
2019-08-28 00:00:00+00:00,0.0057050879181456135
2019-08-29 00:00:00+00:00,0.02165331983120981
2019-08-30 00:00:00+00:00,-0.0002894788975282096
2019-09-03 00:00:00+00:00,-0.008646513961803418
2019-09-04 00:00:00+00:00,0.004373835100967671
2019-09-05 00:00:00+00:00,0.012768696762287238
2019-09-06 00:00:00+00:00,0.005813318070972444
2019-09-09 00:00:00+00:00,0.0027417393282233395
2019-09-10 00:00:00+00:00,0.001609024481172024
2019-09-11 00:00:00+00:00,-0.005662214776594676
2019-09-12 00:00:00+00:00,0.002778584337735331
2019-09-13 00:00:00+00:00,-0.0012652679754540837
2019-09-16 00:00:00+00:00,-0.006406242840989118
2019-09-17 00:00:00+00:00,-0.0008294614927169356
2019-09-18 00:00:00+00:00,0.00017990847100905332
2019-09-19 00:00:00+00:00,-0.002494381580618099
2019-09-20 00:00:00+00:00,0.0
2019-09-23 00:00:00+00:00,0.0
2019-09-24 00:00:00+00:00,0.0
2019-09-25 00:00:00+00:00,0.0
2019-09-26 00:00:00+00:00,0.004658748576526188
2019-09-27 00:00:00+00:00,0.0005064267905313299
2019-09-30 00:00:00+00:00,0.005813567330425003
2019-10-01 00:00:00+00:00,-0.005820427948494207
2019-10-02 00:00:00+00:00,-0.0028537555067667344
2019-10-03 00:00:00+00:00,0.002659833606818207
2019-10-04 00:00:00+00:00,0.003072292461124911
2019-10-07 00:00:00+00:00,0.00035816133038594583
2019-10-08 00:00:00+00:00,-0.005080377235534672
2019-10-09 00:00:00+00:00,0.002797479330918007
2019-10-10 00:00:00+00:00,0.001729357644555618
2019-10-11 00:00:00+00:00,0.0031542167055971237
2019-10-14 00:00:00+00:00,0.003550649859467514
2019-10-15 00:00:00+00:00,-0.00031628254350613005
2019-10-16 00:00:00+00:00,0.0003165829324714616
2019-10-17 00:00:00+00:00,0.002388939434688838
2019-10-18 00:00:00+00:00,0.0018835978006541687
2019-10-21 00:00:00+00:00,0.0004162777717058308
2019-10-22 00:00:00+00:00,-0.002147849994547942
2019-10-23 00:00:00+00:00,-0.012002919292797915
2019-10-24 00:00:00+00:00,0.006517635975529198
2019-10-25 00:00:00+00:00,-0.0035138968557206773
2019-10-28 00:00:00+00:00,0.0076957861799363085
2019-10-29 00:00:00+00:00,-0.004732083130733182
2019-10-30 00:00:00+00:00,0.0020023064633291343
2019-10-31 00:00:00+00:00,0.0007834203147079333
2019-11-01 00:00:00+00:00,-0.0016484487355488686
2019-11-04 00:00:00+00:00,0.002406084180778839
2019-11-05 00:00:00+00:00,-0.0055508564416249795
2019-11-06 00:00:00+00:00,-0.0010555106234639844
2019-11-07 00:00:00+00:00,0.003171993592919198
2019-11-08 00:00:00+00:00,0.010407546913988264
2019-11-11 00:00:00+00:00,-0.0007429837801262495
2019-11-12 00:00:00+00:00,-0.002648003687781797
2019-11-13 00:00:00+00:00,-0.0012718298661180904
2019-11-14 00:00:00+00:00,0.0015702612797138694
2019-11-15 00:00:00+00:00,0.0013757460108958953
2019-11-18 00:00:00+00:00,-0.0016731515327208291
2019-11-19 00:00:00+00:00,-0.003241356174953669
2019-11-20 00:00:00+00:00,0.0013265703211951866
2019-11-21 00:00:00+00:00,0.0009215443647738742
2019-11-22 00:00:00+00:00,-0.00035243187024518435
2019-11-25 00:00:00+00:00,-0.0010529119187875913
2019-11-26 00:00:00+00:00,0.0015648188310412316
2019-11-27 00:00:00+00:00,-0.0007882789245381439
2019-11-29 00:00:00+00:00,-0.004427620136661536
2019-12-02 00:00:00+00:00,-0.0037421327575993812
2019-12-03 00:00:00+00:00,-0.006182071942957205
2019-12-04 00:00:00+00:00,0.009197124270066878
2019-12-05 00:00:00+00:00,0.004130276034995754
2019-12-06 00:00:00+00:00,0.0046466592774138124
2019-12-09 00:00:00+00:00,0.0010577634823882853
2019-12-10 00:00:00+00:00,-0.0029609517107749284
2019-12-11 00:00:00+00:00,0.009398106389007843
2019-12-12 00:00:00+00:00,0.0014668423728226483
2019-12-13 00:00:00+00:00,-0.0023609273077968376
2019-12-16 00:00:00+00:00,0.007997159298371748
2019-12-17 00:00:00+00:00,-0.006474629144557431
2019-12-18 00:00:00+00:00,0.0007896710273220442
2019-12-19 00:00:00+00:00,0.0055207963374739695
2019-12-20 00:00:00+00:00,-2.0368027909167807e-05
2019-12-23 00:00:00+00:00,0.0013634371309233877
2019-12-24 00:00:00+00:00,0.0006991968544367566
2019-12-26 00:00:00+00:00,0.001577475922492318
2019-12-27 00:00:00+00:00,-0.0004126445722603493
2019-12-30 00:00:00+00:00,-0.002468849465162052
2019-12-31 00:00:00+00:00,0.0014923567410800587
2020-01-02 00:00:00+00:00,0.004669350182819221
2020-01-03 00:00:00+00:00,-0.0026114036565369667
2020-01-06 00:00:00+00:00,0.0019087167459933922
2020-01-07 00:00:00+00:00,-0.0003196156491503584
2020-01-08 00:00:00+00:00,0.004479218804712544
2020-01-09 00:00:00+00:00,0.002545374579107825
2020-01-10 00:00:00+00:00,-0.0006266359479996098
2020-01-13 00:00:00+00:00,0.005709079942745721
2020-01-14 00:00:00+00:00,-0.0012977557753211333
2020-01-15 00:00:00+00:00,0.0
2020-01-16 00:00:00+00:00,0.0
2020-01-17 00:00:00+00:00,0.0
2020-01-21 00:00:00+00:00,0.0
2020-01-22 00:00:00+00:00,0.0
2020-01-23 00:00:00+00:00,-0.0026961917627675858
2020-01-24 00:00:00+00:00,-0.005389523474639428
2020-01-27 00:00:00+00:00,-0.018467907061399707
2020-01-28 00:00:00+00:00,0.01045666641251423
2020-01-29 00:00:00+00:00,-0.009295944452952898
2020-01-30 00:00:00+00:00,-0.010767322804319837
2020-01-31 00:00:00+00:00,0.016166525968963816
2020-02-03 00:00:00+00:00,0.0025555782725262027
2020-02-04 00:00:00+00:00,-0.003152781127782659
2020-02-05 00:00:00+00:00,0.0021822947464148795
2020-02-06 00:00:00+00:00,0.002621967057301127
2020-02-07 00:00:00+00:00,0.000900871483558536
2020-02-10 00:00:00+00:00,-0.003356602184760693
2020-02-11 00:00:00+00:00,-0.003773406580526467
2020-02-12 00:00:00+00:00,-0.0005495577515544081
2020-02-13 00:00:00+00:00,-0.004402198419792572
2020-02-14 00:00:00+00:00,-0.008275242091708018
2020-02-18 00:00:00+00:00,-0.008076436734908946
2020-02-19 00:00:00+00:00,-0.0037851864499700155
2020-02-20 00:00:00+00:00,0.0030230681848707197
2020-02-21 00:00:00+00:00,0.017191321451013448
2020-02-24 00:00:00+00:00,0.016339993219784316
2020-02-25 00:00:00+00:00,0.0186596724313155
2020-02-26 00:00:00+00:00,0.003980176016477266
2020-02-27 00:00:00+00:00,0.022401795281134635
2020-02-28 00:00:00+00:00,-0.003193786714492423
2020-03-02 00:00:00+00:00,-0.025537129155537408
2020-03-03 00:00:00+00:00,0.003235351624100343
2020-03-04 00:00:00+00:00,0.001387540192759514
2020-03-05 00:00:00+00:00,0.012835395539833224
2020-03-06 00:00:00+00:00,0.0002665112343899582
2020-03-09 00:00:00+00:00,0.021446507121492393
2020-03-10 00:00:00+00:00,-0.034670680464920244
2020-03-11 00:00:00+00:00,0.015606056293621218
2020-03-12 00:00:00+00:00,0.03103039665085472
2020-03-13 00:00:00+00:00,-0.0243549648599158
2020-03-16 00:00:00+00:00,0.03308076772203202
2020-03-17 00:00:00+00:00,0.02453306248338209
2020-03-18 00:00:00+00:00,0.02122968333622795
2020-03-19 00:00:00+00:00,-0.010268543553958823
2020-03-20 00:00:00+00:00,0.0035533703605764946
2020-03-23 00:00:00+00:00,0.006231442174383576
2020-03-24 00:00:00+00:00,-0.0437445726338741
2020-03-25 00:00:00+00:00,-0.0324154074797132
2020-03-26 00:00:00+00:00,0.04024705990111995
2020-03-27 00:00:00+00:00,-0.021627455297665226
2020-03-30 00:00:00+00:00,0.02230020844426946
2020-03-31 00:00:00+00:00,-0.010464001074984871
2020-04-01 00:00:00+00:00,-0.03197831029087813
2020-04-02 00:00:00+00:00,0.0068718366123160885
2020-04-03 00:00:00+00:00,-0.01667421528760804
2020-04-06 00:00:00+00:00,0.05336184392044071
2020-04-07 00:00:00+00:00,-0.012505081687356534
2020-04-08 00:00:00+00:00,0.013416879096600423
2020-04-09 00:00:00+00:00,0.0074200195834575045
2020-04-13 00:00:00+00:00,-0.0072426074363279485
2020-04-14 00:00:00+00:00,0.011879405841264715
2020-04-15 00:00:00+00:00,-0.005872946709510292
2020-04-16 00:00:00+00:00,0.009476179982641275
2020-04-17 00:00:00+00:00,0.019177483365629373
2020-04-20 00:00:00+00:00,-0.008219403431850791
2020-04-21 00:00:00+00:00,-0.014612498191034015
2020-04-22 00:00:00+00:00,0.013725325101143809
2020-04-23 00:00:00+00:00,-0.008049301264313108
2020-04-24 00:00:00+00:00,-0.00017898369792020605
2020-04-27 00:00:00+00:00,0.0009787052969528753
2020-04-28 00:00:00+00:00,-0.011625351177805868
2020-04-29 00:00:00+00:00,0.004955148430328605
2020-04-30 00:00:00+00:00,0.002688924220845308
2020-05-01 00:00:00+00:00,0.006539216667901582
2020-05-04 00:00:00+00:00,-0.00036455336271652694
2020-05-05 00:00:00+00:00,-0.0003426222993463818
2020-05-06 00:00:00+00:00,0.001391991940933951
2020-05-07 00:00:00+00:00,0.007375906861609022
2020-05-08 00:00:00+00:00,-0.008485504393452165
2020-05-11 00:00:00+00:00,-0.004764145366956851
2020-05-12 00:00:00+00:00,0.006308810826958694
2020-05-13 00:00:00+00:00,0.011803607909689135
2020-05-14 00:00:00+00:00,-0.013168168011076549
2020-05-15 00:00:00+00:00,0.0022380937249341726
2020-05-18 00:00:00+00:00,-0.012809481770066198
2020-05-19 00:00:00+00:00,0.004976315693636372
2020-05-20 00:00:00+00:00,0.00376377470700016
2020-05-21 00:00:00+00:00,0.001308683017586154
2020-05-22 00:00:00+00:00,-0.00402741640101254
2020-05-26 00:00:00+00:00,0.0015563465232732332
2020-05-27 00:00:00+00:00,-0.012096297107181962
2020-05-28 00:00:00+00:00,0.01077741898302757
2020-05-29 00:00:00+00:00,0.003862923455916064
2020-06-01 00:00:00+00:00,-0.001087599718208746
2020-06-02 00:00:00+00:00,0.0
2020-06-03 00:00:00+00:00,0.0
2020-06-04 00:00:00+00:00,0.0
2020-06-05 00:00:00+00:00,0.0
2020-06-08 00:00:00+00:00,0.0
2020-06-09 00:00:00+00:00,0.0
2020-06-10 00:00:00+00:00,0.0
2020-06-11 00:00:00+00:00,0.0
2020-06-12 00:00:00+00:00,0.0
2020-06-15 00:00:00+00:00,-0.004596966348316707
2020-06-16 00:00:00+00:00,0.008579605973407492
2020-06-17 00:00:00+00:00,0.0014736534499940241
2020-06-18 00:00:00+00:00,0.005618839137840966
2020-06-19 00:00:00+00:00,0.005985522573676756
2020-06-22 00:00:00+00:00,0.008278626387447844
2020-06-23 00:00:00+00:00,0.0014514355589606194
2020-06-24 00:00:00+00:00,-0.006711304326382043
2020-06-25 00:00:00+00:00,0.004069387525223345
2020-06-26 00:00:00+00:00,-0.007651522675431788
2020-06-29 00:00:00+00:00,-0.010285947938225532
2020-06-30 00:00:00+00:00,0.0011504561998316731
2020-07-01 00:00:00+00:00,0.005655634101654187
2020-07-02 00:00:00+00:00,-0.0011452472312067918
2020-07-06 00:00:00+00:00,0.002106939846512853
2020-07-07 00:00:00+00:00,0.007225826727445946
2020-07-08 00:00:00+00:00,9.369633782648397e-05
2020-07-09 00:00:00+00:00,0.008540518208532818
2020-07-10 00:00:00+00:00,0.0004401923480070735
2020-07-13 00:00:00+00:00,-0.012095712016642538
2020-07-14 00:00:00+00:00,-0.0010367100109212786
2020-07-15 00:00:00+00:00,-0.006131996936838006
2020-07-16 00:00:00+00:00,0.00432989026328312
2020-07-17 00:00:00+00:00,0.003358691603997451
2020-07-20 00:00:00+00:00,0.00218111738432214
2020-07-21 00:00:00+00:00,-0.009444012220613788
2020-07-22 00:00:00+00:00,-0.0018640026185098673
2020-07-23 00:00:00+00:00,0.00205567246325263
2020-07-24 00:00:00+00:00,-0.0004407699109474361
2020-07-27 00:00:00+00:00,0.010185531633370772
2020-07-28 00:00:00+00:00,0.0022191261463492262
2020-07-29 00:00:00+00:00,0.007920385543950062
2020-07-30 00:00:00+00:00,0.009464828923462714
2020-07-31 00:00:00+00:00,-0.0029947588123880593
2020-08-03 00:00:00+00:00,0.009795558891338384
2020-08-04 00:00:00+00:00,0.02293147138641949
2020-08-05 00:00:00+00:00,0.003505405490302449
2020-08-06 00:00:00+00:00,0.012598666938902381
2020-08-07 00:00:00+00:00,0.0022332963410302553
2020-08-10 00:00:00+00:00,-0.008348471190265827
2020-08-11 00:00:00+00:00,-0.010166683436244958
2020-08-12 00:00:00+00:00,0.02889630093369111
2020-08-13 00:00:00+00:00,0.0006397430849255555
2020-08-14 00:00:00+00:00,-0.00020096033915417686
2020-08-17 00:00:00+00:00,-0.0007636608724109444
2020-08-18 00:00:00+00:00,9.988753491077926e-05
2020-08-19 00:00:00+00:00,-0.0017282377766408047
2020-08-20 00:00:00+00:00,0.0013439995390779494
2020-08-21 00:00:00+00:00,0.011601040759900776
2020-08-24 00:00:00+00:00,0.010743605008178373
2020-08-25 00:00:00+00:00,0.0036100767496290245
2020-08-26 00:00:00+00:00,0.0033627313343956673
2020-08-27 00:00:00+00:00,0.0009793690245449408
2020-08-28 00:00:00+00:00,0.004347676934885396
2020-08-31 00:00:00+00:00,-0.00918347076903677
2020-09-01 00:00:00+00:00,0.005746694376314772
2020-09-02 00:00:00+00:00,0.0011660675128186326
2020-09-03 00:00:00+00:00,0.011551213226696907
2020-09-04 00:00:00+00:00,0.0010582379062078113
2020-09-08 00:00:00+00:00,0.006696053389514771
2020-09-09 00:00:00+00:00,-0.0010833711413603304
2020-09-10 00:00:00+00:00,0.00465153740101835
2020-09-11 00:00:00+00:00,-0.0029446862971159726
2020-09-14 00:00:00+00:00,0.0
2020-09-15 00:00:00+00:00,0.0
2020-09-16 00:00:00+00:00,0.0
2020-09-17 00:00:00+00:00,0.000857151405484073
2020-09-18 00:00:00+00:00,0.004743833139169558
2020-09-21 00:00:00+00:00,-0.005767673380164151
2020-09-22 00:00:00+00:00,-0.007807013559118762
2020-09-23 00:00:00+00:00,0.011223402886972026
2020-09-24 00:00:00+00:00,-0.004594752894009345
2020-09-25 00:00:00+00:00,-0.010020845288876071
2020-09-28 00:00:00+00:00,-0.005823799933920053
2020-09-29 00:00:00+00:00,0.004883393162926038
2020-09-30 00:00:00+00:00,-0.0028861835317928186
2020-10-01 00:00:00+00:00,-0.0032507626463575967
2020-10-02 00:00:00+00:00,0.013693432317054185
2020-10-05 00:00:00+00:00,-0.001862612617418898
2020-10-06 00:00:00+00:00,0.004454627232809909
2020-10-07 00:00:00+00:00,-0.003567956567128346
2020-10-08 00:00:00+00:00,0.0006643936562539995
2020-10-09 00:00:00+00:00,-0.01413686319017693
2020-10-12 00:00:00+00:00,-0.011176175939843028
2020-10-13 00:00:00+00:00,-0.00842980201937967
2020-10-14 00:00:00+00:00,0.00311670479715979
2020-10-15 00:00:00+00:00,0.0007197848436960586
2020-10-16 00:00:00+00:00,0.00019177624297498733
2020-10-19 00:00:00+00:00,-0.002569724410764603
2020-10-20 00:00:00+00:00,-0.018870418133789906
2020-10-21 00:00:00+00:00,0.0017719349822519592
2020-10-22 00:00:00+00:00,-0.005100781755945008
2020-10-23 00:00:00+00:00,-0.003913119942830908
2020-10-26 00:00:00+00:00,0.014111424235331155
2020-10-27 00:00:00+00:00,0.006839563532061389
2020-10-28 00:00:00+00:00,0.023452700393881032
2020-10-29 00:00:00+00:00,-0.014732030816983032
2020-10-30 00:00:00+00:00,0.0077382128478623805
2020-11-02 00:00:00+00:00,-0.005345675787832319
2020-11-03 00:00:00+00:00,-0.01552242446519566
2020-11-04 00:00:00+00:00,-0.011524026724821095
2020-11-05 00:00:00+00:00,-0.020283637902573953
2020-11-06 00:00:00+00:00,-0.004364164170970946
2020-11-09 00:00:00+00:00,-0.0067997137816973455
2020-11-10 00:00:00+00:00,0.011793794730210753
2020-11-11 00:00:00+00:00,-0.007858030722735712
2020-11-12 00:00:00+00:00,0.00570119118374743
2020-11-13 00:00:00+00:00,-0.007381049098135784
2020-11-16 00:00:00+00:00,-0.007255116907450366
2020-11-17 00:00:00+00:00,0.004862167253761374
2020-11-18 00:00:00+00:00,0.004320653916611739
2020-11-19 00:00:00+00:00,-0.005103864281150112
2020-11-20 00:00:00+00:00,0.007045302073908351
2020-11-23 00:00:00+00:00,-0.005071834390570407
2020-11-24 00:00:00+00:00,-0.006167287022026725
2020-11-25 00:00:00+00:00,-0.003181330941714281
2020-11-27 00:00:00+00:00,0.00048294326465703197
2020-11-30 00:00:00+00:00,0.0007948834229358219
2020-12-01 00:00:00+00:00,0.018469665762979853
2020-12-02 00:00:00+00:00,0.004740310477642155
2020-12-03 00:00:00+00:00,0.0011639564686027153
2020-12-04 00:00:00+00:00,0.023171531297692116
2020-12-07 00:00:00+00:00,-0.00464737008180464
2020-12-08 00:00:00+00:00,0.0017950563983609353
2020-12-09 00:00:00+00:00,-0.017189621657475618
2020-12-10 00:00:00+00:00,-0.002946959396344151
2020-12-11 00:00:00+00:00,0.004993241371304931
2020-12-14 00:00:00+00:00,-0.0057295495684381486
2020-12-15 00:00:00+00:00,-0.006746324855986992
2020-12-16 00:00:00+00:00,0.0002653569206613933
2020-12-17 00:00:00+00:00,-0.0010277738738920792
2020-12-18 00:00:00+00:00,0.0
2020-12-21 00:00:00+00:00,0.0
2020-12-22 00:00:00+00:00,-0.00396703143393314
2020-12-23 00:00:00+00:00,-0.0016146331486345995
2020-12-24 00:00:00+00:00,-0.0003762100474065111
2020-12-28 00:00:00+00:00,0.0019537675133058188
2020-12-29 00:00:00+00:00,-0.0020126025002606593
2020-12-30 00:00:00+00:00,2.3601609582257765e-05
2020-12-31 00:00:00+00:00,-0.0002590449635454147
2021-01-04 00:00:00+00:00,-0.0032279985196561243
2021-01-05 00:00:00+00:00,0.0026886227016561883
2021-01-06 00:00:00+00:00,0.0026433524811751616
2021-01-07 00:00:00+00:00,0.0060883016406262
2021-01-08 00:00:00+00:00,0.0032194407811251637
2021-01-11 00:00:00+00:00,0.0015944368354709286
2021-01-12 00:00:00+00:00,-0.004533585593997673
2021-01-13 00:00:00+00:00,-0.00461909269039625
2021-01-14 00:00:00+00:00,-0.0040547558214411765
2021-01-15 00:00:00+00:00,-0.0013682949007001177
2021-01-19 00:00:00+00:00,-0.003434677504205933
2021-01-20 00:00:00+00:00,0.008448727924739385
2021-01-21 00:00:00+00:00,-0.003111176869805295
2021-01-22 00:00:00+00:00,0.0
2021-01-25 00:00:00+00:00,0.006594929500141844
2021-01-26 00:00:00+00:00,-0.009608246841520285
2021-01-27 00:00:00+00:00,0.009835228595255615
2021-01-28 00:00:00+00:00,-0.013142744081839186
2021-01-29 00:00:00+00:00,0.01818959815304251
2021-02-01 00:00:00+00:00,-0.018772042029429406
2021-02-02 00:00:00+00:00,-0.011160928946372804
2021-02-03 00:00:00+00:00,0.006467367735004702
2021-02-04 00:00:00+00:00,-0.010101964411507597
2021-02-05 00:00:00+00:00,0.002129320612230096
2021-02-08 00:00:00+00:00,-0.01794300337461225
2021-02-09 00:00:00+00:00,0.004016747108042685
2021-02-10 00:00:00+00:00,-0.004902597933970052
2021-02-11 00:00:00+00:00,-0.005222336729490055
2021-02-12 00:00:00+00:00,-0.00630631422333488
2021-02-16 00:00:00+00:00,0.0014734142778713248
2021-02-17 00:00:00+00:00,0.007933713800948058
2021-02-18 00:00:00+00:00,0.004128658954216793
2021-02-19 00:00:00+00:00,-0.006249946041072294
2021-02-22 00:00:00+00:00,0.01723064103817814
2021-02-23 00:00:00+00:00,-4.2669751976278014e-05
2021-02-24 00:00:00+00:00,-0.013243321091402832
2021-02-25 00:00:00+00:00,0.026244102631930492
2021-02-26 00:00:00+00:00,-0.002606938401065434
2021-03-01 00:00:00+00:00,-0.013617337482530545
2021-03-02 00:00:00+00:00,0.00841801479548765
2021-03-03 00:00:00+00:00,0.02188547918163102
2021-03-04 00:00:00+00:00,0.021171360551074537
2021-03-05 00:00:00+00:00,-0.01630914738088443
2021-03-08 00:00:00+00:00,0.006857507047573079
2021-03-09 00:00:00+00:00,-0.04068984025925482
2021-03-10 00:00:00+00:00,-0.007285011353346471
2021-03-11 00:00:00+00:00,-0.02184126074052739
2021-03-12 00:00:00+00:00,-0.0033036592604146118
2021-03-15 00:00:00+00:00,-0.020481414268107494
2021-03-16 00:00:00+00:00,-0.008925538457755197
2021-03-17 00:00:00+00:00,0.0028604609952564606
2021-03-18 00:00:00+00:00,0.010912371134265983
2021-03-19 00:00:00+00:00,-0.019028458695172557
2021-03-22 00:00:00+00:00,-0.011499434736802372
2021-03-23 00:00:00+00:00,0.0051670740776323665
2021-03-24 00:00:00+00:00,0.01968461217578458
2021-03-25 00:00:00+00:00,0.01382217132214166
2021-03-26 00:00:00+00:00,-0.011271754271764337
2021-03-29 00:00:00+00:00,-0.0012532871917002215
2021-03-30 00:00:00+00:00,0.0013484683333540766
2021-03-31 00:00:00+00:00,0.00015046411583385932
2021-04-01 00:00:00+00:00,0.0009029187327460978
2021-04-05 00:00:00+00:00,-0.006514205987611914
2021-04-06 00:00:00+00:00,-0.005032544819465468
2021-04-07 00:00:00+00:00,0.0015068145315487724
2021-04-08 00:00:00+00:00,0.0069820271242913385
2021-04-09 00:00:00+00:00,-0.0044135424695091645
2021-04-12 00:00:00+00:00,-0.002928523086652035
2021-04-13 00:00:00+00:00,0.0075625800907586456
2021-04-14 00:00:00+00:00,0.003194910398553944
2021-04-15 00:00:00+00:00,-0.003553560108383221
2021-04-16 00:00:00+00:00,-0.0010746564761630417
2021-04-19 00:00:00+00:00,0.002987610834021548
2021-04-20 00:00:00+00:00,0.005720271264332499
2021-04-21 00:00:00+00:00,0.014587554109546338
2021-04-22 00:00:00+00:00,-0.007168329257424981
2021-04-23 00:00:00+00:00,0.00588239514933712
2021-04-26 00:00:00+00:00,-0.0033506974346324916
2021-04-27 00:00:00+00:00,0.004372222203121427
2021-04-28 00:00:00+00:00,0.008519504951819051
2021-04-29 00:00:00+00:00,0.0037650895030502123
2021-04-30 00:00:00+00:00,-0.0038230703541621835
2021-05-03 00:00:00+00:00,0.004813049226004937
2021-05-04 00:00:00+00:00,0.0006927465866446575
2021-05-05 00:00:00+00:00,-0.0073752367770875404
2021-05-06 00:00:00+00:00,0.001385144874095523
2021-05-07 00:00:00+00:00,-0.002609048567974087
2021-05-10 00:00:00+00:00,0.0010930653830761583
2021-05-11 00:00:00+00:00,-0.0002936841140745161
2021-05-12 00:00:00+00:00,-0.00414949075193681
2021-05-13 00:00:00+00:00,0.005940329990960197
2021-05-14 00:00:00+00:00,-0.0055779223036768345
2021-05-17 00:00:00+00:00,-0.0026972084634835675
2021-05-18 00:00:00+00:00,0.004160497405189106
2021-05-19 00:00:00+00:00,0.0030266777864619288
2021-05-20 00:00:00+00:00,-0.0040643476831524845
2021-05-21 00:00:00+00:00,-0.002494588420284049
2021-05-24 00:00:00+00:00,-0.002763536451987081
2021-05-25 00:00:00+00:00,0.006383993098361196
2021-05-26 00:00:00+00:00,-0.0007639781243364006
2021-05-27 00:00:00+00:00,0.009918411247113347
2021-05-28 00:00:00+00:00,-0.0028573306771312312
2021-06-01 00:00:00+00:00,0.0
2021-06-02 00:00:00+00:00,0.0
2021-06-03 00:00:00+00:00,0.0
2021-06-04 00:00:00+00:00,0.0
2021-06-07 00:00:00+00:00,0.0
2021-06-08 00:00:00+00:00,0.0
2021-06-09 00:00:00+00:00,0.0
2021-06-10 00:00:00+00:00,0.0
2021-06-11 00:00:00+00:00,0.0
2021-06-14 00:00:00+00:00,0.0
2021-06-15 00:00:00+00:00,0.0
2021-06-16 00:00:00+00:00,0.0
2021-06-17 00:00:00+00:00,0.0
2021-06-18 00:00:00+00:00,0.0
2021-06-21 00:00:00+00:00,0.0
2021-06-22 00:00:00+00:00,0.0
2021-06-23 00:00:00+00:00,0.0
2021-06-24 00:00:00+00:00,0.0
2021-06-25 00:00:00+00:00,0.0
2021-06-28 00:00:00+00:00,-0.004630934451327487
2021-06-29 00:00:00+00:00,0.007854214555090463
2021-06-30 00:00:00+00:00,-0.003120726982629033
2021-07-01 00:00:00+00:00,0.0075733870081104255
2021-07-02 00:00:00+00:00,0.0036708539265814335
2021-07-06 00:00:00+00:00,0.0007720611996218837
2021-07-07 00:00:00+00:00,0.0001040962121009829
2021-07-08 00:00:00+00:00,0.0009782337755605368
2021-07-09 00:00:00+00:00,0.0007677486475673086
2021-07-12 00:00:00+00:00,0.00169774076045844
2021-07-13 00:00:00+00:00,-0.00047381700415775424
2021-07-14 00:00:00+00:00,-0.00010310825430296748
2021-07-15 00:00:00+00:00,0.0003095587319083363
2021-07-16 00:00:00+00:00,-0.0037932725018770728
2021-07-19 00:00:00+00:00,-0.004128949445090864
2021-07-20 00:00:00+00:00,0.0039484744596409715
2021-07-21 00:00:00+00:00,0.0027962401234766787
2021-07-22 00:00:00+00:00,0.005380197839622551
2021-07-23 00:00:00+00:00,-0.002092919246155585
2021-07-26 00:00:00+00:00,-0.013965759031045206
2021-07-27 00:00:00+00:00,0.012477389422755706
2021-07-28 00:00:00+00:00,0.00263881333491763
2021-07-29 00:00:00+00:00,0.005909662311527175
2021-07-30 00:00:00+00:00,0.004080501249508318
2021-08-02 00:00:00+00:00,0.0019538000159747644
2021-08-03 00:00:00+00:00,0.0013789749502114794
2021-08-04 00:00:00+00:00,0.010771257110958906
2021-08-05 00:00:00+00:00,-0.013033104423621952
2021-08-06 00:00:00+00:00,-0.004242739077365147
2021-08-09 00:00:00+00:00,0.00022063431371710518
2021-08-10 00:00:00+00:00,-0.0004762152302025073
2021-08-11 00:00:00+00:00,0.002186369141311965
2021-08-12 00:00:00+00:00,0.0003375199113341276
2021-08-13 00:00:00+00:00,0.007633092706767579
2021-08-16 00:00:00+00:00,-0.009062514816877976
2021-08-17 00:00:00+00:00,0.0037664077376694896
2021-08-18 00:00:00+00:00,-0.0009559199333357374
2021-08-19 00:00:00+00:00,-0.0004922722110063252
2021-08-20 00:00:00+00:00,0.010681905351446197
2021-08-23 00:00:00+00:00,0.011128228205099927
2021-08-24 00:00:00+00:00,-0.002647228160502238
2021-08-25 00:00:00+00:00,0.005655023902480596
2021-08-26 00:00:00+00:00,-0.0034450329275357663
2021-08-27 00:00:00+00:00,0.0013723685388225217
2021-08-30 00:00:00+00:00,-0.002940582009619608
2021-08-31 00:00:00+00:00,-0.0043986798930485405
2021-09-01 00:00:00+00:00,0.0008316556317457535
2021-09-02 00:00:00+00:00,0.0017491133929195268
2021-09-03 00:00:00+00:00,0.002338258477317501
2021-09-07 00:00:00+00:00,-0.004208221796806161
2021-09-08 00:00:00+00:00,-0.007702977454268373
2021-09-09 00:00:00+00:00,-0.0036199016520958305
2021-09-10 00:00:00+00:00,0.0018540034134721939
2021-09-13 00:00:00+00:00,-0.0032503523552021574
2021-09-14 00:00:00+00:00,-0.0005184663645634024
2021-09-15 00:00:00+00:00,0.0010991749833179356
2021-09-16 00:00:00+00:00,0.00151042353364513
2021-09-17 00:00:00+00:00,-0.008583056436741435
2021-09-20 00:00:00+00:00,0.0
2021-09-21 00:00:00+00:00,0.0
2021-09-22 00:00:00+00:00,0.0
2021-09-23 00:00:00+00:00,-0.002867625881513051
2021-09-24 00:00:00+00:00,0.004295861886115008
2021-09-27 00:00:00+00:00,0.007866121354378587
2021-09-28 00:00:00+00:00,0.010347236129533996
2021-09-29 00:00:00+00:00,0.0022728927410562796
2021-09-30 00:00:00+00:00,0.0011456647017182853
2021-10-01 00:00:00+00:00,-0.0059701646663983254
2021-10-04 00:00:00+00:00,0.004685222794140224
2021-10-05 00:00:00+00:00,-0.005536069644415849
2021-10-06 00:00:00+00:00,0.0016641336628423116
2021-10-07 00:00:00+00:00,-0.009269521958554424
2021-10-08 00:00:00+00:00,-0.0009245204914229976
2021-10-11 00:00:00+00:00,0.00541328697770201
2021-10-12 00:00:00+00:00,-0.013339441297184155
2021-10-13 00:00:00+00:00,-0.013570646026522396
2021-10-14 00:00:00+00:00,-0.007021477572313861
2021-10-15 00:00:00+00:00,0.002849200598126461
2021-10-18 00:00:00+00:00,-0.004199053088297849
2021-10-19 00:00:00+00:00,-0.00015477726338394837
2021-10-20 00:00:00+00:00,0.007955283259284573
2021-10-21 00:00:00+00:00,0.0029548782923611108
2021-10-22 00:00:00+00:00,0.004505279208769309
2021-10-25 00:00:00+00:00,0.00024449729985751055
2021-10-26 00:00:00+00:00,0.008684337530138864
2021-10-27 00:00:00+00:00,0.0009961564945669466
2021-10-28 00:00:00+00:00,0.0017795048534536427
2021-10-29 00:00:00+00:00,0.0019224631985984564
2021-11-01 00:00:00+00:00,-0.005196501875423804
2021-11-02 00:00:00+00:00,0.0026435257727151647
2021-11-03 00:00:00+00:00,-2.514583344500912e-05
2021-11-04 00:00:00+00:00,0.00015341839917527476
2021-11-05 00:00:00+00:00,-0.01324046248200734
2021-11-08 00:00:00+00:00,0.004475857707218885
2021-11-09 00:00:00+00:00,0.0033283575170094857
2021-11-10 00:00:00+00:00,-0.0017022526875927109
2021-11-11 00:00:00+00:00,0.006858346814977304
2021-11-12 00:00:00+00:00,0.0024450640549872156
2021-11-15 00:00:00+00:00,0.0009017819989605158
2021-11-16 00:00:00+00:00,0.005963039208117342
2021-11-17 00:00:00+00:00,0.003116817173738513
2021-11-18 00:00:00+00:00,0.004825820191365477
2021-11-19 00:00:00+00:00,0.0032915918597731324
2021-11-22 00:00:00+00:00,-0.001552731705274683
2021-11-23 00:00:00+00:00,0.0029616440421860366
2021-11-24 00:00:00+00:00,-1.93532799544026e-05
2021-11-26 00:00:00+00:00,-0.018435221272724775
2021-11-29 00:00:00+00:00,0.016592658919000452
2021-11-30 00:00:00+00:00,-0.003471699981344467
2021-12-01 00:00:00+00:00,-0.008462827953738029
2021-12-02 00:00:00+00:00,-0.00151402783046235
2021-12-03 00:00:00+00:00,-0.008642333851985718
2021-12-06 00:00:00+00:00,-0.010847524524707053
2021-12-07 00:00:00+00:00,0.01453348276676214
2021-12-08 00:00:00+00:00,-0.007226203916085777
2021-12-09 00:00:00+00:00,-0.012111535486983599
2021-12-10 00:00:00+00:00,-0.007185498544983293
2021-12-13 00:00:00+00:00,-0.02124360745435358
2021-12-14 00:00:00+00:00,-0.0020600986451405068
2021-12-15 00:00:00+00:00,0.021843583503698
2021-12-16 00:00:00+00:00,-0.032363630505327166
2021-12-17 00:00:00+00:00,-0.00463019996965816
2021-12-20 00:00:00+00:00,0.0046921901193990685
2021-12-21 00:00:00+00:00,-0.006600802601377372
2021-12-22 00:00:00+00:00,-0.003985149428031964
2021-12-23 00:00:00+00:00,-0.002445263192783228
2021-12-27 00:00:00+00:00,0.007060408098856478
2021-12-28 00:00:00+00:00,0.0031854529647766436
2021-12-29 00:00:00+00:00,0.006615881594869551
2021-12-30 00:00:00+00:00,-0.005540104800575318
2021-12-31 00:00:00+00:00,0.0026358292147942164
2022-01-03 00:00:00+00:00,-0.0029998938918900744
2022-01-04 00:00:00+00:00,0.008147862017380788
2022-01-05 00:00:00+00:00,0.007060844181109897
2022-01-06 00:00:00+00:00,-0.0023576770729426544
2022-01-07 00:00:00+00:00,-0.014464700244751438
2022-01-10 00:00:00+00:00,-0.03488028504541803
2022-01-11 00:00:00+00:00,-0.002883917701671438
2022-01-12 00:00:00+00:00,0.0026760156374177058
2022-01-13 00:00:00+00:00,0.003948469750832555
2022-01-14 00:00:00+00:00,-0.005861258938775093
2022-01-18 00:00:00+00:00,-0.002766883243069692
2022-01-19 00:00:00+00:00,-0.004173685034000914
2022-01-20 00:00:00+00:00,-0.005800573834396952
2022-01-21 00:00:00+00:00,0.0
2022-01-24 00:00:00+00:00,0.0
2022-01-25 00:00:00+00:00,0.0
2022-01-26 00:00:00+00:00,-0.0048399381418029455
2022-01-27 00:00:00+00:00,-0.004319941771863752
2022-01-28 00:00:00+00:00,0.006866877373775079
2022-01-31 00:00:00+00:00,-0.0038587628962677045
2022-02-01 00:00:00+00:00,-0.0011236268618951735
2022-02-02 00:00:00+00:00,0.0034308794355872546
2022-02-03 00:00:00+00:00,-0.0014875021643920988
2022-02-04 00:00:00+00:00,-0.0008498526432462585
2022-02-07 00:00:00+00:00,-0.0004044570284993386
2022-02-08 00:00:00+00:00,0.004283282501476425
2022-02-09 00:00:00+00:00,-0.0014734099776984126
2022-02-10 00:00:00+00:00,-0.0030106606714627635
2022-02-11 00:00:00+00:00,-0.009686281125147628
2022-02-14 00:00:00+00:00,0.0032785722275105586
2022-02-15 00:00:00+00:00,0.0027990574720251605
2022-02-16 00:00:00+00:00,-0.0005359062733559452
2022-02-17 00:00:00+00:00,-0.003959238778549628
2022-02-18 00:00:00+00:00,0.005619413005149938
2022-02-22 00:00:00+00:00,-0.0005104536076607055
2022-02-23 00:00:00+00:00,-0.005011037701490443
2022-02-24 00:00:00+00:00,0.0019892087048418478
2022-02-25 00:00:00+00:00,-0.007399815186089287
2022-02-28 00:00:00+00:00,-0.004277887311160359
2022-03-01 00:00:00+00:00,-0.003046368410797504
2022-03-02 00:00:00+00:00,-0.0031279400253205625
2022-03-03 00:00:00+00:00,-0.006565031070879926
2022-03-04 00:00:00+00:00,-0.0011587428575762064
2022-03-07 00:00:00+00:00,-0.008717932152789709
2022-03-08 00:00:00+00:00,-0.0006712444888690161
2022-03-09 00:00:00+00:00,-0.020932290960856987
2022-03-10 00:00:00+00:00,0.004353788198965887
2022-03-11 00:00:00+00:00,0.00436714450536598
2022-03-14 00:00:00+00:00,0.009961999050419834
2022-03-15 00:00:00+00:00,-0.03633462532040873
2022-03-16 00:00:00+00:00,-0.0245031034167383
2022-03-17 00:00:00+00:00,-0.00916400347397032
2022-03-18 00:00:00+00:00,-0.027379798478800864
2022-03-21 00:00:00+00:00,0.011122848716490016
2022-03-22 00:00:00+00:00,-0.0006976171148759255
2022-03-23 00:00:00+00:00,0.0
2022-03-24 00:00:00+00:00,-0.007616395432576638
2022-03-25 00:00:00+00:00,0.000401119632235436
2022-03-28 00:00:00+00:00,-0.014202319058801205
2022-03-29 00:00:00+00:00,-0.012088602810665186
2022-03-30 00:00:00+00:00,0.004481797006564037
2022-03-31 00:00:00+00:00,0.003216973485319352
2022-04-01 00:00:00+00:00,-0.0018802272008553444
2022-04-04 00:00:00+00:00,-0.007726048917552575
2022-04-05 00:00:00+00:00,0.007273743477885564
2022-04-06 00:00:00+00:00,0.010358062146376431
2022-04-07 00:00:00+00:00,-0.006294131915457172
2022-04-08 00:00:00+00:00,0.005433825810591708
2022-04-11 00:00:00+00:00,0.008158555999249232
2022-04-12 00:00:00+00:00,0.005884980959880511
2022-04-13 00:00:00+00:00,-0.0038272172678521046
2022-04-14 00:00:00+00:00,0.008671755922349663
2022-04-18 00:00:00+00:00,-0.003987884716082135
2022-04-19 00:00:00+00:00,-0.008563073498658222
2022-04-20 00:00:00+00:00,0.007473556843761165
2022-04-21 00:00:00+00:00,0.010336386811830172
2022-04-22 00:00:00+00:00,-0.007122335042500705
2022-04-25 00:00:00+00:00,0.010257051416550237
2022-04-26 00:00:00+00:00,-0.009356869032774476
2022-04-27 00:00:00+00:00,-0.013856043229253379
2022-04-28 00:00:00+00:00,0.008711173667368845
2022-04-29 00:00:00+00:00,-0.020582626912904786
2022-05-02 00:00:00+00:00,-0.002607936282158242
2022-05-03 00:00:00+00:00,-0.006708244515324361
2022-05-04 00:00:00+00:00,0.0005356738523121875
2022-05-05 00:00:00+00:00,-0.0055120723915833775
2022-05-06 00:00:00+00:00,-0.002375424723801626
2022-05-09 00:00:00+00:00,-0.006226272504888763
2022-05-10 00:00:00+00:00,-0.0033549444741926373
2022-05-11 00:00:00+00:00,0.005867236936360213
2022-05-12 00:00:00+00:00,-0.0033560219414488983
2022-05-13 00:00:00+00:00,0.0050769371061780404
2022-05-16 00:00:00+00:00,-0.0010983171661895035
2022-05-17 00:00:00+00:00,0.008807597205085919
2022-05-18 00:00:00+00:00,0.0028609923015833127
2022-05-19 00:00:00+00:00,0.0021019795635636085
2022-05-20 00:00:00+00:00,-0.0012193313888526995
2022-05-23 00:00:00+00:00,0.0043670392395603885
2022-05-24 00:00:00+00:00,-0.004710098945739245
2022-05-25 00:00:00+00:00,-0.004666587597541532
2022-05-26 00:00:00+00:00,-0.004325931920200486
2022-05-27 00:00:00+00:00,-0.005664509473546985
2022-05-31 00:00:00+00:00,0.005720948252053548
2022-06-01 00:00:00+00:00,-0.0027000169784865136
2022-06-02 00:00:00+00:00,0.026465151875569998
2022-06-03 00:00:00+00:00,-0.009749192782931996
2022-06-06 00:00:00+00:00,-0.0016654525253569918
2022-06-07 00:00:00+00:00,0.0026166080450488924
2022-06-08 00:00:00+00:00,0.005379698361131206
2022-06-09 00:00:00+00:00,-0.008997041335825684
2022-06-10 00:00:00+00:00,-0.0003968142940262709
2022-06-13 00:00:00+00:00,-0.01507338288142294
2022-06-14 00:00:00+00:00,0.012675563122921804
2022-06-15 00:00:00+00:00,0.005626981535237145
2022-06-16 00:00:00+00:00,-0.0015775465898177166
2022-06-17 00:00:00+00:00,0.0050891072428176
2022-06-21 00:00:00+00:00,0.014399688103990801
2022-06-22 00:00:00+00:00,-0.004145038752629356
2022-06-23 00:00:00+00:00,-0.0027505320275347986
2022-06-24 00:00:00+00:00,0.01851051976454084
2022-06-27 00:00:00+00:00,-0.005335593112070694
2022-06-28 00:00:00+00:00,0.0
2022-06-29 00:00:00+00:00,-0.0018576151981292881
2022-06-30 00:00:00+00:00,0.003389812326687817
2022-07-01 00:00:00+00:00,0.003326776666937592
2022-07-05 00:00:00+00:00,-0.010344620164794094
2022-07-06 00:00:00+00:00,0.0002876205854480303
2022-07-07 00:00:00+00:00,-0.012472436133719844
2022-07-08 00:00:00+00:00,0.0006165079392394338
2022-07-11 00:00:00+00:00,0.008709420792307706
2022-07-12 00:00:00+00:00,0.0042811722782418364
2022-07-13 00:00:00+00:00,-0.004336872979362323
2022-07-14 00:00:00+00:00,0.005993688607961086
2022-07-15 00:00:00+00:00,-0.00477944125350042
2022-07-18 00:00:00+00:00,-0.004445114380525194
2022-07-19 00:00:00+00:00,-0.007800072001741709
2022-07-20 00:00:00+00:00,-0.010600630602726091
2022-07-21 00:00:00+00:00,0.00562685365816229
2022-07-22 00:00:00+00:00,0.003912164805795741
2022-07-25 00:00:00+00:00,0.003910148214918567
2022-07-26 00:00:00+00:00,0.014972758291647237
2022-07-27 00:00:00+00:00,-0.01069499790990397
2022-07-28 00:00:00+00:00,0.007915576321353469
2022-07-29 00:00:00+00:00,0.0017752589581633601
2022-08-01 00:00:00+00:00,-0.008174274732384454
2022-08-02 00:00:00+00:00,-0.0013198068457674478
2022-08-03 00:00:00+00:00,0.005985870111211529
2022-08-04 00:00:00+00:00,0.0008113548889398049
2022-08-05 00:00:00+00:00,-0.0007360975095894887
2022-08-08 00:00:00+00:00,-0.001706493046524728
2022-08-09 00:00:00+00:00,0.006152827366886419
2022-08-10 00:00:00+00:00,-0.004247265519241475
2022-08-11 00:00:00+00:00,-0.0029839313611351283
2022-08-12 00:00:00+00:00,0.0007756201808300224
2022-08-15 00:00:00+00:00,-0.0018590400903469788
2022-08-16 00:00:00+00:00,-0.00011290982939105755
2022-08-17 00:00:00+00:00,0.0006210081999543501
2022-08-18 00:00:00+00:00,-0.003674653596086689
2022-08-19 00:00:00+00:00,-0.002172371870333603
2022-08-22 00:00:00+00:00,-0.003229211541596076
2022-08-23 00:00:00+00:00,4.378782101646715e-06
2022-08-24 00:00:00+00:00,0.002639295423364511
2022-08-25 00:00:00+00:00,-0.004581020367128639
2022-08-26 00:00:00+00:00,-0.005977947923527524
2022-08-29 00:00:00+00:00,-0.0023163178845195622
2022-08-30 00:00:00+00:00,-0.0011000452429030618
2022-08-31 00:00:00+00:00,-0.0048308872183489004
2022-09-01 00:00:00+00:00,0.006784620055709611
2022-09-02 00:00:00+00:00,-0.0064571623255009316
2022-09-06 00:00:00+00:00,-0.004351566108537485
2022-09-07 00:00:00+00:00,0.02054202262742616
2022-09-08 00:00:00+00:00,0.00821849911933381
2022-09-09 00:00:00+00:00,0.015283099953004586
2022-09-12 00:00:00+00:00,0.004842314235296352
2022-09-13 00:00:00+00:00,-0.06999545415484416
2022-09-14 00:00:00+00:00,-0.003449879480343883
2022-09-15 00:00:00+00:00,-0.01013332030609689
2022-09-16 00:00:00+00:00,0.01672969327175348
2022-09-19 00:00:00+00:00,0.008475801994463591
2022-09-20 00:00:00+00:00,0.0004981664430361299
2022-09-21 00:00:00+00:00,0.007601767362800456
2022-09-22 00:00:00+00:00,-0.018480314700124567
2022-09-23 00:00:00+00:00,0.0013754790906486869
2022-09-26 00:00:00+00:00,-0.0013648948287260003
2022-09-27 00:00:00+00:00,0.0006537632196262541
2022-09-28 00:00:00+00:00,-0.011561514692378575
2022-09-29 00:00:00+00:00,0.010086840674740935
2022-09-30 00:00:00+00:00,0.008323402845078709
2022-10-03 00:00:00+00:00,-0.02549131811039444
2022-10-04 00:00:00+00:00,-0.02987792476164904
2022-10-05 00:00:00+00:00,-0.007990436495391218
2022-10-06 00:00:00+00:00,0.000742423394107313
2022-10-07 00:00:00+00:00,0.03180219921072147
2022-10-10 00:00:00+00:00,0.007416227221324706
2022-10-11 00:00:00+00:00,-0.0052530342601489755
2022-10-12 00:00:00+00:00,-0.0006033638451280743
2022-10-13 00:00:00+00:00,-0.007071898774540619
2022-10-14 00:00:00+00:00,0.019133408613061564
2022-10-17 00:00:00+00:00,-0.01744151959900614
2022-10-18 00:00:00+00:00,-0.0005505837139712921
2022-10-19 00:00:00+00:00,0.004616882498623354
2022-10-20 00:00:00+00:00,0.0034238834544008945
2022-10-21 00:00:00+00:00,-0.009358281803373147
2022-10-24 00:00:00+00:00,0.013937742546751675
2022-10-25 00:00:00+00:00,-0.021053658342984782
2022-10-26 00:00:00+00:00,0.010284203905182532
2022-10-27 00:00:00+00:00,0.009763589444911477
2022-10-28 00:00:00+00:00,0.0049819510576012424
2022-10-31 00:00:00+00:00,-0.0013717497463289852
2022-11-01 00:00:00+00:00,0.004414666768644983
2022-11-02 00:00:00+00:00,-0.0037106965715495246
2022-11-03 00:00:00+00:00,-0.0008702950114250855
2022-11-04 00:00:00+00:00,0.0013538550632368623
2022-11-07 00:00:00+00:00,-0.0009373923071272772
2022-11-08 00:00:00+00:00,0.0022212870332050847
2022-11-09 00:00:00+00:00,-0.005507013904813748
2022-11-10 00:00:00+00:00,-0.0035984342662663442
2022-11-11 00:00:00+00:00,-0.006273816159079608
2022-11-14 00:00:00+00:00,0.004697971381483997
2022-11-15 00:00:00+00:00,-0.003686546688535075
2022-11-16 00:00:00+00:00,0.0032734697931094867
2022-11-17 00:00:00+00:00,0.0026468002149981056
2022-11-18 00:00:00+00:00,0.001362031820398735
2022-11-21 00:00:00+00:00,-0.007074510975622625
2022-11-22 00:00:00+00:00,0.00625844134016241
2022-11-23 00:00:00+00:00,-0.00542627547506083
2022-11-25 00:00:00+00:00,-0.0010157711703188434
2022-11-28 00:00:00+00:00,-0.00016304785997922578
2022-11-29 00:00:00+00:00,0.004201009302247899
2022-11-30 00:00:00+00:00,-0.013648190230635127
2022-12-01 00:00:00+00:00,0.002231581448445097
2022-12-02 00:00:00+00:00,-0.002206185591100862
2022-12-05 00:00:00+00:00,-0.0041843949765899184
2022-12-06 00:00:00+00:00,0.0007443854082631226
2022-12-07 00:00:00+00:00,0.005914516829547171
2022-12-08 00:00:00+00:00,-0.00154141568023014
2022-12-09 00:00:00+00:00,-0.00653729338243277
2022-12-12 00:00:00+00:00,0.01124626006197523
2022-12-13 00:00:00+00:00,0.012278581734617525
2022-12-14 00:00:00+00:00,-0.0008784546920678574
2022-12-15 00:00:00+00:00,-0.014536385132096614
2022-12-16 00:00:00+00:00,-0.0026870833634597595
2022-12-19 00:00:00+00:00,0.0
2022-12-20 00:00:00+00:00,0.0
2022-12-21 00:00:00+00:00,0.0
2022-12-22 00:00:00+00:00,0.0023442037205742006
2022-12-23 00:00:00+00:00,-0.001313819763154885
2022-12-27 00:00:00+00:00,0.0037562646044267587
2022-12-28 00:00:00+00:00,-0.007315372831115867
2022-12-29 00:00:00+00:00,0.006870707528464044
2022-12-30 00:00:00+00:00,-0.0009657647615840906
2023-01-03 00:00:00+00:00,0.004956830805022665
2023-01-04 00:00:00+00:00,0.006905287124268818
2023-01-05 00:00:00+00:00,-0.0016225102789036254
2023-01-06 00:00:00+00:00,0.010805214024090256
2023-01-09 00:00:00+00:00,0.000856568516938235
2023-01-10 00:00:00+00:00,0.0026431504194137645
2023-01-11 00:00:00+00:00,0.005562582498220836
2023-01-12 00:00:00+00:00,-0.0001302070811094458
2023-01-13 00:00:00+00:00,0.002502171091595488
2023-01-17 00:00:00+00:00,-0.0018367279624261397
2023-01-18 00:00:00+00:00,-0.004448291285521562
2023-01-19 00:00:00+00:00,-0.0050094004636713025
2023-01-20 00:00:00+00:00,0.005594418918546469
2023-01-23 00:00:00+00:00,0.004063010236113404
2023-01-24 00:00:00+00:00,0.0
2023-01-25 00:00:00+00:00,0.0
2023-01-26 00:00:00+00:00,0.0
2023-01-27 00:00:00+00:00,-0.0001845356626564151
2023-01-30 00:00:00+00:00,0.009313966437427065
2023-01-31 00:00:00+00:00,-0.0019483181340094191
2023-02-01 00:00:00+00:00,-0.001699676178433584
2023-02-02 00:00:00+00:00,0.010104871821979295
2023-02-03 00:00:00+00:00,-0.005971233911151999
2023-02-06 00:00:00+00:00,-0.0013905530810402467
2023-02-07 00:00:00+00:00,-0.0025374352741408396
2023-02-08 00:00:00+00:00,0.00501868010095767
2023-02-09 00:00:00+00:00,0.004148303469180131
2023-02-10 00:00:00+00:00,-0.009015733381586441
2023-02-13 00:00:00+00:00,-0.004120551452121632
2023-02-14 00:00:00+00:00,0.006313836435562839
2023-02-15 00:00:00+00:00,-0.003862740033959866
2023-02-16 00:00:00+00:00,0.003729906571391828
2023-02-17 00:00:00+00:00,-0.0010649856915245163
2023-02-21 00:00:00+00:00,0.00915692785311971
2023-02-22 00:00:00+00:00,0.0006587549260289372
2023-02-23 00:00:00+00:00,0.002001456747200503
2023-02-24 00:00:00+00:00,0.0010445267963461661
2023-02-27 00:00:00+00:00,0.002776601929160716
2023-02-28 00:00:00+00:00,0.0005054918794988039
2023-03-01 00:00:00+00:00,-0.0033875489493536692
2023-03-02 00:00:00+00:00,0.005979395663009804
2023-03-03 00:00:00+00:00,-0.005325604364269154
2023-03-06 00:00:00+00:00,-0.0017028242347779442
2023-03-07 00:00:00+00:00,0.0060942882719643154
2023-03-08 00:00:00+00:00,0.0033903661894919557
2023-03-09 00:00:00+00:00,-0.0036385457841723035
2023-03-10 00:00:00+00:00,-0.0018360399907008107
2023-03-13 00:00:00+00:00,-0.0020761817861232323
2023-03-14 00:00:00+00:00,0.016986726433868587
2023-03-15 00:00:00+00:00,-0.0025712138749726665
2023-03-16 00:00:00+00:00,0.018666800075417905
2023-03-17 00:00:00+00:00,0.005221712079505392
2023-03-20 00:00:00+00:00,0.004977302917923365
2023-03-21 00:00:00+00:00,0.010301642343336498
2023-03-22 00:00:00+00:00,0.0011212620474125117
2023-03-23 00:00:00+00:00,0.010745684687501589
2023-03-24 00:00:00+00:00,0.0065045980247165165
2023-03-27 00:00:00+00:00,0.004516551365713273
2023-03-28 00:00:00+00:00,0.0007184070088645708
2023-03-29 00:00:00+00:00,-0.005738693754959611
2023-03-30 00:00:00+00:00,0.003487801036574719
2023-03-31 00:00:00+00:00,-0.0040209209184530375
2023-04-03 00:00:00+00:00,-0.0019392302560236052
2023-04-04 00:00:00+00:00,-0.0010877163232998477
2023-04-05 00:00:00+00:00,0.004809876413532958
2023-04-06 00:00:00+00:00,0.0006358281897609711
2023-04-10 00:00:00+00:00,-0.008495630770504229
2023-04-11 00:00:00+00:00,-0.008354360544265823
2023-04-12 00:00:00+00:00,-0.0020690086308864744
2023-04-13 00:00:00+00:00,0.0005626979980536037
2023-04-14 00:00:00+00:00,0.0014426147410453083
2023-04-17 00:00:00+00:00,-0.000635164461962138
2023-04-18 00:00:00+00:00,-5.2876832478047454e-05
2023-04-19 00:00:00+00:00,0.0014261866785913273
2023-04-20 00:00:00+00:00,0.0029027037529625694
2023-04-21 00:00:00+00:00,0.0
2023-04-24 00:00:00+00:00,0.00026463615407490453
2023-04-25 00:00:00+00:00,8.530667003925352e-05
2023-04-26 00:00:00+00:00,0.002842557635806653
2023-04-27 00:00:00+00:00,0.0043931050661938
2023-04-28 00:00:00+00:00,-0.003011416929173438
2023-05-01 00:00:00+00:00,-0.003681566587141535
2023-05-02 00:00:00+00:00,-0.0011294510314939618
2023-05-03 00:00:00+00:00,0.00717168465691815
2023-05-04 00:00:00+00:00,-0.003132699794853727
2023-05-05 00:00:00+00:00,-0.007763449461259397
2023-05-08 00:00:00+00:00,-0.007059639065438084
2023-05-09 00:00:00+00:00,-0.001852256394620666
2023-05-10 00:00:00+00:00,-0.002296452451764697
2023-05-11 00:00:00+00:00,-0.004221001138950431
2023-05-12 00:00:00+00:00,0.003811844554712467
2023-05-15 00:00:00+00:00,-0.00295058416084199
2023-05-16 00:00:00+00:00,-0.0009038655743631011
2023-05-17 00:00:00+00:00,-0.007223941723019878
2023-05-18 00:00:00+00:00,-0.0038297406322636614
2023-05-19 00:00:00+00:00,0.006160206322415217
2023-05-22 00:00:00+00:00,0.00014601561284585118
2023-05-23 00:00:00+00:00,-0.0006333260243928328
2023-05-24 00:00:00+00:00,-0.00339891610181891
2023-05-25 00:00:00+00:00,-0.015783475860010096
2023-05-26 00:00:00+00:00,-0.009651642864473302
2023-05-30 00:00:00+00:00,0.001511371243451872
2023-05-31 00:00:00+00:00,0.003366839988751776
2023-06-01 00:00:00+00:00,0.00484444657477362
2023-06-02 00:00:00+00:00,-0.006035603603473083
2023-06-05 00:00:00+00:00,-0.0010074082094694845
2023-06-06 00:00:00+00:00,-0.00992861866279482
2023-06-07 00:00:00+00:00,-0.014683479739495353
2023-06-08 00:00:00+00:00,0.014947117024933343
2023-06-09 00:00:00+00:00,0.0022775601865383153
2023-06-12 00:00:00+00:00,0.008499393346477499
2023-06-13 00:00:00+00:00,0.013673631727837865
2023-06-14 00:00:00+00:00,0.019356035439385726
2023-06-15 00:00:00+00:00,-0.001415109143142838
2023-06-16 00:00:00+00:00,-0.003178556469330666
2023-06-20 00:00:00+00:00,0.006199104328673284
2023-06-21 00:00:00+00:00,-0.005856892356191468
2023-06-22 00:00:00+00:00,0.0027831275390849766
2023-06-23 00:00:00+00:00,-0.006169214256778632
2023-06-26 00:00:00+00:00,-0.01343562390792763
2023-06-27 00:00:00+00:00,0.004067346700480775
2023-06-28 00:00:00+00:00,0.0
2023-06-29 00:00:00+00:00,0.0
2023-06-30 00:00:00+00:00,0.0
2023-07-03 00:00:00+00:00,0.0
2023-07-05 00:00:00+00:00,0.0
2023-07-06 00:00:00+00:00,0.0
2023-07-07 00:00:00+00:00,0.0
2023-07-10 00:00:00+00:00,0.0
2023-07-11 00:00:00+00:00,0.0
2023-07-12 00:00:00+00:00,0.0
2023-07-13 00:00:00+00:00,0.0
2023-07-14 00:00:00+00:00,0.0
2023-07-17 00:00:00+00:00,0.0023809173877099576
2023-07-18 00:00:00+00:00,0.010962436918189248
2023-07-19 00:00:00+00:00,0.0024666266048906462
2023-07-20 00:00:00+00:00,0.0003573677791571435
2023-07-21 00:00:00+00:00,0.011989871079455743
2023-07-24 00:00:00+00:00,0.0024795956530383467
2023-07-25 00:00:00+00:00,0.004548190894669217
2023-07-26 00:00:00+00:00,0.0026467347222970026
2023-07-27 00:00:00+00:00,0.006347743392350891
2023-07-28 00:00:00+00:00,-0.006679566710256125
2023-07-31 00:00:00+00:00,-0.012324689291803581
2023-08-01 00:00:00+00:00,0.0013418662330279413
2023-08-02 00:00:00+00:00,0.005616600235951329
2023-08-03 00:00:00+00:00,-0.0025228139697358928
2023-08-04 00:00:00+00:00,-0.005046249854933041
2023-08-07 00:00:00+00:00,0.006842230884978579
2023-08-08 00:00:00+00:00,0.0037978098057199075
2023-08-09 00:00:00+00:00,0.002570293476802112
2023-08-10 00:00:00+00:00,0.0014383434481614226
2023-08-11 00:00:00+00:00,0.0040940304070212685
2023-08-14 00:00:00+00:00,-0.004394261444279645
2023-08-15 00:00:00+00:00,-0.0014353909628215427
2023-08-16 00:00:00+00:00,0.001497089894026535
2023-08-17 00:00:00+00:00,0.003278176636961326
2023-08-18 00:00:00+00:00,-0.0015450174270011292
2023-08-21 00:00:00+00:00,-0.0034654617240045815
2023-08-22 00:00:00+00:00,0.00011263562280369732
2023-08-23 00:00:00+00:00,-0.003904003653973911
2023-08-24 00:00:00+00:00,-0.0025124892654134856
2023-08-25 00:00:00+00:00,0.003105677143860884
2023-08-28 00:00:00+00:00,-5.107413179145093e-05
2023-08-29 00:00:00+00:00,-0.0019604109965529887
2023-08-30 00:00:00+00:00,-0.001093557729393568
2023-08-31 00:00:00+00:00,0.0019323842696068831
2023-09-01 00:00:00+00:00,-0.0033386860704887056
2023-09-05 00:00:00+00:00,-0.008161819215409075
2023-09-06 00:00:00+00:00,-0.002630456899164487
2023-09-07 00:00:00+00:00,0.001961591307635846
2023-09-08 00:00:00+00:00,-0.00016954691884862842
2023-09-11 00:00:00+00:00,0.0018935839880644216
2023-09-12 00:00:00+00:00,-0.004751893548558909
2023-09-13 00:00:00+00:00,-0.002993570145890634
2023-09-14 00:00:00+00:00,0.0035193266252257307
2023-09-15 00:00:00+00:00,-0.017950065543603642
2023-09-18 00:00:00+00:00,-0.00604261911492295
2023-09-19 00:00:00+00:00,-0.006140509534377355
2023-09-20 00:00:00+00:00,-0.0006659675123111086
2023-09-21 00:00:00+00:00,0.013625009777988417
2023-09-22 00:00:00+00:00,0.0006356739961588623
2023-09-25 00:00:00+00:00,0.0008448809050925673
2023-09-26 00:00:00+00:00,0.0034532305494633375
2023-09-27 00:00:00+00:00,0.0024359614053991083
2023-09-28 00:00:00+00:00,-0.0013728659630460143
2023-09-29 00:00:00+00:00,-0.003454389554623886
2023-10-02 00:00:00+00:00,-0.011369866327813782
2023-10-03 00:00:00+00:00,0.010887157869730046
2023-10-04 00:00:00+00:00,-0.004683689697920397
2023-10-05 00:00:00+00:00,0.0009254991426088655
2023-10-06 00:00:00+00:00,-0.0020160264651110094
2023-10-09 00:00:00+00:00,-0.0024412775945384193
2023-10-10 00:00:00+00:00,0.0003860046740894833
2023-10-11 00:00:00+00:00,-0.007239089233288383
2023-10-12 00:00:00+00:00,-0.0038645234358490508
2023-10-13 00:00:00+00:00,0.008357801342213238
2023-10-16 00:00:00+00:00,0.00710639381952564
2023-10-17 00:00:00+00:00,0.0031686886616691576
2023-10-18 00:00:00+00:00,0.0024593009397837484
2023-10-19 00:00:00+00:00,-0.0023128018143174778
2023-10-20 00:00:00+00:00,-0.0022345250367056626
2023-10-23 00:00:00+00:00,0.005342797807019887
2023-10-24 00:00:00+00:00,0.01332925093457534
2023-10-25 00:00:00+00:00,-0.0071955886665272155
2023-10-26 00:00:00+00:00,-0.026978862069061166
2023-10-27 00:00:00+00:00,-0.0013117191163770155
2023-10-30 00:00:00+00:00,0.001707287455321294
2023-10-31 00:00:00+00:00,0.00143193577325601
2023-11-01 00:00:00+00:00,0.006814428945690509
2023-11-02 00:00:00+00:00,-0.0069556995502167525
2023-11-03 00:00:00+00:00,0.0069124428782782596
2023-11-06 00:00:00+00:00,0.005136026072359403
2023-11-07 00:00:00+00:00,0.007820448413368562
2023-11-08 00:00:00+00:00,-0.00016015944235737455
2023-11-09 00:00:00+00:00,0.0033378986922928742
2023-11-10 00:00:00+00:00,0.006882374850920232
2023-11-13 00:00:00+00:00,-0.003950680888563374
2023-11-14 00:00:00+00:00,0.004267317390254639
2023-11-15 00:00:00+00:00,0.0031352633771639144
2023-11-16 00:00:00+00:00,0.008871396976152543
2023-11-17 00:00:00+00:00,-0.0026959783590160546
2023-11-20 00:00:00+00:00,0.0032235619974906315
2023-11-21 00:00:00+00:00,-0.006110933358662508
2023-11-22 00:00:00+00:00,0.005236774498809947
2023-11-24 00:00:00+00:00,-0.001512165814053253
2023-11-27 00:00:00+00:00,0.0003643885763833235
2023-11-28 00:00:00+00:00,-0.006237806193946052
2023-11-29 00:00:00+00:00,0.004365419517167776
2023-11-30 00:00:00+00:00,-0.00038981037942023946
2023-12-01 00:00:00+00:00,0.004934068392917117
2023-12-04 00:00:00+00:00,-0.006198417858042038
2023-12-05 00:00:00+00:00,-0.002057462297972268
2023-12-06 00:00:00+00:00,0.0017515279771693204
2023-12-07 00:00:00+00:00,0.0008512553539549531
2023-12-08 00:00:00+00:00,0.004404256503835728
2023-12-11 00:00:00+00:00,0.0007607378523682096
2023-12-12 00:00:00+00:00,0.0023765954512398936
2023-12-13 00:00:00+00:00,-0.004881619650390578
2023-12-14 00:00:00+00:00,-0.0075062173784772035
2023-12-15 00:00:00+00:00,0.00026687018058633224
2023-12-18 00:00:00+00:00,0.005676371427369514
2023-12-19 00:00:00+00:00,-0.004389682031424896
2023-12-20 00:00:00+00:00,-0.0029636911018240675
2023-12-21 00:00:00+00:00,0.008781951844361036
2023-12-22 00:00:00+00:00,0.0028643283367375907
2023-12-26 00:00:00+00:00,0.001012410444869605
2023-12-27 00:00:00+00:00,0.0061615540832102855
2023-12-28 00:00:00+00:00,-0.00616469677522441
2023-12-29 00:00:00+00:00,-0.003564414427722068
2024-01-02 00:00:00+00:00,0.010675401695787437
2024-01-03 00:00:00+00:00,0.00955702946591952
2024-01-04 00:00:00+00:00,0.010230342435379977
2024-01-05 00:00:00+00:00,0.006095336040466155
2024-01-08 00:00:00+00:00,-0.011559322007368422
2024-01-09 00:00:00+00:00,0.00235239056756531
2024-01-10 00:00:00+00:00,-0.0033003847862091242
2024-01-11 00:00:00+00:00,-0.010078978452379372
2024-01-12 00:00:00+00:00,0.007954265085045154
2024-01-16 00:00:00+00:00,0.0074611287114783875
2024-01-17 00:00:00+00:00,0.00021900469339345823
2024-01-18 00:00:00+00:00,0.005064118144133249
2024-01-19 00:00:00+00:00,0.005476457798253047
2024-01-22 00:00:00+00:00,-0.0022466324727578777
2024-01-23 00:00:00+00:00,-0.00608585809806117
2024-01-24 00:00:00+00:00,0.0005167844809642984
2024-01-25 00:00:00+00:00,0.030694817875335085
2024-01-26 00:00:00+00:00,-0.004586170379707433
2024-01-29 00:00:00+00:00,6.520616641436818e-06
2024-01-30 00:00:00+00:00,0.002554544499639122
2024-01-31 00:00:00+00:00,-0.003580008261960032
2024-02-01 00:00:00+00:00,0.005924260086052235
2024-02-02 00:00:00+00:00,-0.0010437020848203108
2024-02-05 00:00:00+00:00,-0.0016495548840077532
2024-02-06 00:00:00+00:00,-0.007118046746203488
2024-02-07 00:00:00+00:00,-0.0027127593683217597
2024-02-08 00:00:00+00:00,-0.003379124845130621
2024-02-09 00:00:00+00:00,-0.000842676640152786
2024-02-12 00:00:00+00:00,-0.0058971183649159835
2024-02-13 00:00:00+00:00,0.0036958705794255327
2024-02-14 00:00:00+00:00,0.002370719198487061
2024-02-15 00:00:00+00:00,0.001270653632104223
2024-02-16 00:00:00+00:00,0.0011651413049608048
2024-02-20 00:00:00+00:00,-0.009478557712090396
2024-02-21 00:00:00+00:00,-0.0005597357215499087
2024-02-22 00:00:00+00:00,0.00767814905954904
2024-02-23 00:00:00+00:00,0.000656739592645864
2024-02-26 00:00:00+00:00,0.0018123219555000515
2024-02-27 00:00:00+00:00,0.00047852428538323427
2024-02-28 00:00:00+00:00,0.000658495952843594
2024-02-29 00:00:00+00:00,0.0019718093804446946
2024-03-01 00:00:00+00:00,0.005780210489422702
2024-03-04 00:00:00+00:00,0.00622320554957388
2024-03-05 00:00:00+00:00,-0.0038370419544886953
2024-03-06 00:00:00+00:00,0.005327541204307495
2024-03-07 00:00:00+00:00,0.007450138011483376
2024-03-08 00:00:00+00:00,-0.009871478150652103
2024-03-11 00:00:00+00:00,-0.00103602117239967
2024-03-12 00:00:00+00:00,0.013508131967719827
2024-03-13 00:00:00+00:00,-0.0036652518720298732
2024-03-14 00:00:00+00:00,-0.008660413669472788
2024-03-15 00:00:00+00:00,-0.006948257973073135
2024-03-18 00:00:00+00:00,-0.004320218811748089
2024-03-19 00:00:00+00:00,-0.00043449563113482346
2024-03-20 00:00:00+00:00,0.0046275252611503725
2024-03-21 00:00:00+00:00,0.007755859040145641
2024-03-22 00:00:00+00:00,0.010461258501775076
2024-03-25 00:00:00+00:00,-0.003898286059579703
2024-03-26 00:00:00+00:00,0.0027429350561781196
2024-03-27 00:00:00+00:00,-0.006623322810993232
2024-03-28 00:00:00+00:00,-0.0003045179820865549
2024-04-01 00:00:00+00:00,0.011876879695612389
2024-04-02 00:00:00+00:00,0.0123039272119011
2024-04-03 00:00:00+00:00,0.006370253684655824
2024-04-04 00:00:00+00:00,0.011671975822103145
2024-04-05 00:00:00+00:00,-0.004845314596124167
2024-04-08 00:00:00+00:00,-0.0021182530849754577
2024-04-09 00:00:00+00:00,-0.010063421502896666
2024-04-10 00:00:00+00:00,0.01310780980630677
2024-04-11 00:00:00+00:00,-0.006246799882653124
2024-04-12 00:00:00+00:00,0.014424850449467693
2024-04-15 00:00:00+00:00,-0.0002605514738304168
2024-04-16 00:00:00+00:00,-0.0028320316962183365
2024-04-17 00:00:00+00:00,-0.0018356481441776555
2024-04-18 00:00:00+00:00,0.005879690101194601
2024-04-19 00:00:00+00:00,0.006043457891071006
2024-04-22 00:00:00+00:00,-0.006564833125671077
2024-04-23 00:00:00+00:00,-0.02061670161255443
2024-04-24 00:00:00+00:00,0.01724527304062451
2024-04-25 00:00:00+00:00,0.0001451925372731868
2024-04-26 00:00:00+00:00,0.010088673525675163
2024-04-29 00:00:00+00:00,-0.003680850461849308
2024-04-30 00:00:00+00:00,0.006788615397314832
2024-05-01 00:00:00+00:00,0.003461876078952708
2024-05-02 00:00:00+00:00,-0.003520593845305486
2024-05-03 00:00:00+00:00,-0.00881524320884286
2024-05-06 00:00:00+00:00,-0.007378170142831588
2024-05-07 00:00:00+00:00,0.0016680640686397195
2024-05-08 00:00:00+00:00,0.0035566519654466706
2024-05-09 00:00:00+00:00,0.001596992711047046
2024-05-10 00:00:00+00:00,0.0016576440237110468
2024-05-13 00:00:00+00:00,0.0005112823851142015
2024-05-14 00:00:00+00:00,0.001938519174003802
2024-05-15 00:00:00+00:00,0.00223173358689817
2024-05-16 00:00:00+00:00,-0.0021865981357604776
2024-05-17 00:00:00+00:00,-0.00302301320093426
2024-05-20 00:00:00+00:00,-0.00019288993191128462
2024-05-21 00:00:00+00:00,0.005071673009832356
2024-05-22 00:00:00+00:00,0.006238258607771658
2024-05-23 00:00:00+00:00,0.007701170252386647
2024-05-24 00:00:00+00:00,0.001160301087310936
2024-05-28 00:00:00+00:00,0.0031034119280800416
2024-05-29 00:00:00+00:00,0.005510156538222589
2024-05-30 00:00:00+00:00,-0.008502701136897533
2024-05-31 00:00:00+00:00,-0.01536273526235667
2024-06-03 00:00:00+00:00,0.01195948278997363
2024-06-04 00:00:00+00:00,0.006583807321163898
2024-06-05 00:00:00+00:00,0.017128248945085467
2024-06-06 00:00:00+00:00,-0.012407446700944402
2024-06-07 00:00:00+00:00,-0.00535775445130815
2024-06-10 00:00:00+00:00,0.007965412751956835
2024-06-11 00:00:00+00:00,-0.0023546867510172063
2024-06-12 00:00:00+00:00,0.016907594793274933
2024-06-13 00:00:00+00:00,0.02327202354680602
2024-06-14 00:00:00+00:00,0.002868554567886261
2024-06-17 00:00:00+00:00,-0.004678671818144408
2024-06-18 00:00:00+00:00,0.012038480926417128
2024-06-20 00:00:00+00:00,-0.02571961513440435
2024-06-21 00:00:00+00:00,-0.00853817742829499
2024-06-24 00:00:00+00:00,-0.02144179306177744
2024-06-25 00:00:00+00:00,-0.0008049916459495302
2024-06-26 00:00:00+00:00,-0.0007904518780989337
2024-06-27 00:00:00+00:00,-0.0018851260230977978
2024-06-28 00:00:00+00:00,-0.0005834140073272725
2024-07-01 00:00:00+00:00,-0.004108253026433917
2024-07-02 00:00:00+00:00,0.00801069601556518
2024-07-03 00:00:00+00:00,0.004939616872857859
2024-07-05 00:00:00+00:00,0.003946524571035281
2024-07-08 00:00:00+00:00,0.008822882708716376
2024-07-09 00:00:00+00:00,-0.0027416366894293573
2024-07-10 00:00:00+00:00,-0.0012337462718314078
2024-07-11 00:00:00+00:00,-0.007991761248098047
2024-07-12 00:00:00+00:00,0.000712616202691733
2024-07-15 00:00:00+00:00,0.0135505858830313
2024-07-16 00:00:00+00:00,-0.006855904541085903
2024-07-17 00:00:00+00:00,0.01330084857457059
2024-07-18 00:00:00+00:00,-0.004853358230540857
2024-07-19 00:00:00+00:00,-0.0024545824595459953
2024-07-22 00:00:00+00:00,-0.01488290141696147
2024-07-23 00:00:00+00:00,0.00013074966861278034
2024-07-24 00:00:00+00:00,0.014678410403955927
2024-07-25 00:00:00+00:00,0.005769330631808689
2024-07-26 00:00:00+00:00,-0.0021789210689142076
2024-07-29 00:00:00+00:00,-0.0064288028868245
2024-07-30 00:00:00+00:00,0.00770247777487236
2024-07-31 00:00:00+00:00,-0.003618629481224511
2024-08-01 00:00:00+00:00,-0.007501202298666622
2024-08-02 00:00:00+00:00,0.004574590304030061
2024-08-05 00:00:00+00:00,0.0020423730594329517
2024-08-06 00:00:00+00:00,0.0035557993829107085
2024-08-07 00:00:00+00:00,0.001511632224328126
2024-08-08 00:00:00+00:00,-0.0005877767836065713
2024-08-09 00:00:00+00:00,0.0013364244996687906
2024-08-12 00:00:00+00:00,0.004827878591130073
2024-08-13 00:00:00+00:00,-0.002447589535672645
2024-08-14 00:00:00+00:00,0.0020265991001215825
2024-08-15 00:00:00+00:00,-0.0031334294286881822
2024-08-16 00:00:00+00:00,-9.804601694514867e-05
2024-08-19 00:00:00+00:00,0.0017734478580340902
2024-08-20 00:00:00+00:00,0.0017360844276504478
2024-08-21 00:00:00+00:00,-0.0004229638234338946
2024-08-22 00:00:00+00:00,0.004206173996934827
2024-08-23 00:00:00+00:00,-0.0012022074501009884
2024-08-26 00:00:00+00:00,0.00022925390300555267
2024-08-27 00:00:00+00:00,0.0012594125523734865
2024-08-28 00:00:00+00:00,-0.00028348324632152514
2024-08-29 00:00:00+00:00,0.00023489292681551388
2024-08-30 00:00:00+00:00,-0.018596460648400193
2024-09-03 00:00:00+00:00,0.010853681427541973
2024-09-04 00:00:00+00:00,-0.0004629027650474791
2024-09-05 00:00:00+00:00,-0.004696579010106006
2024-09-06 00:00:00+00:00,0.007957731063619744
2024-09-09 00:00:00+00:00,-0.007380258670449298
2024-09-10 00:00:00+00:00,0.0018485401057721045
2024-09-11 00:00:00+00:00,-0.024853151494527603
2024-09-12 00:00:00+00:00,0.00047350921672791496
2024-09-13 00:00:00+00:00,0.004655199859058823
2024-09-16 00:00:00+00:00,0.0157027474627139
2024-09-17 00:00:00+00:00,0.0075322254726249245
2024-09-18 00:00:00+00:00,0.010867665271333649
2024-09-19 00:00:00+00:00,-0.025242358850413
2024-09-20 00:00:00+00:00,0.007909708187857448
2024-09-23 00:00:00+00:00,-0.004301931347997723
2024-09-24 00:00:00+00:00,-0.010817950327409473
2024-09-25 00:00:00+00:00,-0.0033561031421444065
2024-09-26 00:00:00+00:00,0.00019158973926288367
2024-09-27 00:00:00+00:00,0.0066964691074482925
2024-09-30 00:00:00+00:00,-0.0014873185608705135
2024-10-01 00:00:00+00:00,0.009643761608089663
2024-10-02 00:00:00+00:00,-0.0019954984345679585
2024-10-03 00:00:00+00:00,0.005002486674591319
2024-10-04 00:00:00+00:00,-0.002871822686440595
2024-10-07 00:00:00+00:00,0.01884572210046224
2024-10-08 00:00:00+00:00,-0.005867866086869511
2024-10-09 00:00:00+00:00,-0.005482293288386564
2024-10-10 00:00:00+00:00,-0.004987514177625181
2024-10-11 00:00:00+00:00,0.004858429614426544
2024-10-14 00:00:00+00:00,0.0022317355773659267
2024-10-15 00:00:00+00:00,-0.002124229674275243
2024-10-16 00:00:00+00:00,-0.016738944000447918
2024-10-17 00:00:00+00:00,0.005242259125864179
2024-10-18 00:00:00+00:00,-0.00018973708677731219
2024-10-21 00:00:00+00:00,0.007936372618259377
2024-10-22 00:00:00+00:00,-0.0021959079413568596
2024-10-23 00:00:00+00:00,0.0021414637833712855
2024-10-24 00:00:00+00:00,0.012390011079960656
2024-10-25 00:00:00+00:00,0.0014404322381441472
2024-10-28 00:00:00+00:00,-0.0017890061605234811
2024-10-29 00:00:00+00:00,0.008168496608413678
2024-10-30 00:00:00+00:00,0.004261762278023535
2024-10-31 00:00:00+00:00,0.0012318014377940697
2024-11-01 00:00:00+00:00,-0.0018589227181507017
2024-11-04 00:00:00+00:00,-0.0011229483499161177
2024-11-05 00:00:00+00:00,0.0007012566788712297
2024-11-06 00:00:00+00:00,0.0025756223912010066
2024-11-07 00:00:00+00:00,-0.0005822853371826494
2024-11-08 00:00:00+00:00,-0.0016841660601002912
2024-11-11 00:00:00+00:00,-0.0170686149479032
2024-11-12 00:00:00+00:00,-0.004996015457156805
2024-11-13 00:00:00+00:00,0.0087226091651135
2024-11-14 00:00:00+00:00,0.0012163083984670817
2024-11-15 00:00:00+00:00,0.0037597664848613623
2024-11-18 00:00:00+00:00,0.0012469825398085236
2024-11-19 00:00:00+00:00,-0.008275656354454243
2024-11-20 00:00:00+00:00,-0.0029605176863042497
2024-11-21 00:00:00+00:00,-0.0016120833724441275
2024-11-22 00:00:00+00:00,0.0034249472510001072
2024-11-25 00:00:00+00:00,-0.004318366250414929
2024-11-26 00:00:00+00:00,0.0009392225833922685
2024-11-27 00:00:00+00:00,0.004395110491395363
2024-11-29 00:00:00+00:00,0.0028222712111353188
2024-12-02 00:00:00+00:00,0.0013328741215262734
2024-12-03 00:00:00+00:00,-0.0048872272731284765
2024-12-04 00:00:00+00:00,0.004121208835074312
2024-12-05 00:00:00+00:00,-0.004916744859006542
2024-12-06 00:00:00+00:00,-0.0029263271203914254
2024-12-09 00:00:00+00:00,-0.016526690214171153
2024-12-10 00:00:00+00:00,0.002653842282905846
2024-12-11 00:00:00+00:00,0.008140865419014043
2024-12-12 00:00:00+00:00,0.009305269054398066
2024-12-13 00:00:00+00:00,-0.000729722302898222
2024-12-16 00:00:00+00:00,0.008633951981700508
2024-12-17 00:00:00+00:00,0.0017205673102360282
2024-12-18 00:00:00+00:00,0.007443505747798137
2024-12-19 00:00:00+00:00,0.0019724470735066704
2024-12-20 00:00:00+00:00,-9.730423594741151e-05
2024-12-23 00:00:00+00:00,-0.00040686313425445747
2024-12-24 00:00:00+00:00,0.0005918795194324774
2024-12-26 00:00:00+00:00,-0.0042746835936588274
2024-12-27 00:00:00+00:00,-0.00046478201910127304
2024-12-30 00:00:00+00:00,-0.0021613228478217414
2024-12-31 00:00:00+00:00,-0.0005625239447244098
2025-01-02 00:00:00+00:00,-0.0009004991487655175
2025-01-03 00:00:00+00:00,0.009808411812844458
2025-01-06 00:00:00+00:00,-0.0004722308731730518
2025-01-07 00:00:00+00:00,0.00660975921749829
2025-01-08 00:00:00+00:00,0.0024055858752011585
2025-01-10 00:00:00+00:00,0.010852100975331402
2025-01-13 00:00:00+00:00,-0.0021186329711275764
2025-01-14 00:00:00+00:00,-0.003768658878072724
2025-01-15 00:00:00+00:00,0.0
2025-01-16 00:00:00+00:00,0.0
2025-01-17 00:00:00+00:00,0.00020852074648084878
2025-01-21 00:00:00+00:00,-0.009958937489531397
2025-01-22 00:00:00+00:00,0.0033461298184423263
2025-01-23 00:00:00+00:00,0.004007054809115526
2025-01-24 00:00:00+00:00,-0.00418454595061446
2025-01-27 00:00:00+00:00,-0.011881865300801967
2025-01-28 00:00:00+00:00,0.012130616849649667
2025-01-29 00:00:00+00:00,0.0054127951362271665
2025-01-30 00:00:00+00:00,-0.015545969725590266
2025-01-31 00:00:00+00:00,-0.0016354585164037728
2025-02-03 00:00:00+00:00,0.013989809230566684
2025-02-04 00:00:00+00:00,-0.0006851589630467503
2025-02-05 00:00:00+00:00,0.003352601799346942
2025-02-06 00:00:00+00:00,-0.0009188528294614012
2025-02-07 00:00:00+00:00,0.005263410569106678
2025-02-10 00:00:00+00:00,-0.006575855999990089
2025-02-11 00:00:00+00:00,-6.538406018685058e-05
2025-02-12 00:00:00+00:00,0.00824267237201532
2025-02-13 00:00:00+00:00,0.00036862306795254485
2025-02-14 00:00:00+00:00,0.001670357000841554
2025-02-18 00:00:00+00:00,-0.004713937279015982
2025-02-19 00:00:00+00:00,-0.006390013766564268
2025-02-20 00:00:00+00:00,-0.004839516129303053
2025-02-21 00:00:00+00:00,0.008984504858136655
2025-02-24 00:00:00+00:00,0.005558475043202785
2025-02-25 00:00:00+00:00,-0.0012555421411679923
2025-02-26 00:00:00+00:00,0.0010625383580622205
2025-02-27 00:00:00+00:00,0.008188623311058199
2025-02-28 00:00:00+00:00,-0.008938829252209271
2025-03-03 00:00:00+00:00,0.016703771736962195
2025-03-04 00:00:00+00:00,0.0015015832232313307
2025-03-05 00:00:00+00:00,-0.009663339897804163
2025-03-06 00:00:00+00:00,0.019150861271108422
2025-03-07 00:00:00+00:00,0.00353430917149479
2025-03-10 00:00:00+00:00,0.02412227058132277
2025-03-11 00:00:00+00:00,-0.010521186374094642
2025-03-12 00:00:00+00:00,-0.015731436011894705
2025-03-13 00:00:00+00:00,0.023511285142464394
2025-03-14 00:00:00+00:00,-0.03031994336115853
2025-03-17 00:00:00+00:00,-0.007531462324542537
2025-03-18 00:00:00+00:00,0.020616777110178043
2025-03-19 00:00:00+00:00,-0.005381827633999326
2025-03-20 00:00:00+00:00,0.0005702545795572613
2025-03-21 00:00:00+00:00,-0.0020358370511317225
2025-03-24 00:00:00+00:00,-0.016105461729667446
2025-03-25 00:00:00+00:00,-0.0037053637978162078
2025-03-26 00:00:00+00:00,0.02216735167017232
2025-03-27 00:00:00+00:00,0.004675824114415028
2025-03-28 00:00:00+00:00,0.024727527349161577
2025-03-31 00:00:00+00:00,-0.004896562816774345
2025-04-01 00:00:00+00:00,-0.009472615644113799
2025-04-02 00:00:00+00:00,-0.007003699055452062
2025-04-03 00:00:00+00:00,0.06345221734389676
2025-04-04 00:00:00+00:00,0.023592976031372448
2025-04-07 00:00:00+00:00,0.01793901710995068
2025-04-08 00:00:00+00:00,0.034151871707876556
2025-04-09 00:00:00+00:00,-0.06992688639843718
2025-04-10 00:00:00+00:00,0.05110443683207363
2025-04-11 00:00:00+00:00,-0.0015652298751154998
2025-04-14 00:00:00+00:00,-0.013963216189143054
2025-04-15 00:00:00+00:00,0.004728887253309888
2025-04-16 00:00:00+00:00,0.017434693758675752
2025-04-17 00:00:00+00:00,-0.016300118126096958
2025-04-21 00:00:00+00:00,0.023759958015791192
2025-04-22 00:00:00+00:00,-0.008541180147291069
2025-04-23 00:00:00+00:00,-0.0068809624869842585
2025-04-24 00:00:00+00:00,-0.0033608760834048144
2025-04-25 00:00:00+00:00,-0.004387904845288522
2025-04-28 00:00:00+00:00,-0.006863618991969633
2025-04-29 00:00:00+00:00,0.0004160701527900351
2025-04-30 00:00:00+00:00,-0.0018649368821436565
2025-05-01 00:00:00+00:00,0.006879429609694294
2025-05-02 00:00:00+00:00,0.0021296592636426233
2025-05-05 00:00:00+00:00,0.0030326685708705124
2025-05-06 00:00:00+00:00,-0.004413154360292548
2025-05-07 00:00:00+00:00,0.0008615430411485862
2025-05-08 00:00:00+00:00,0.00048059536080385517
2025-05-09 00:00:00+00:00,0.0031660447999209886
2025-05-12 00:00:00+00:00,0.007924497283130657
2025-05-13 00:00:00+00:00,0.014073627405769664
2025-05-14 00:00:00+00:00,0.00251263556727464
2025-05-15 00:00:00+00:00,0.003923392695014516
2025-05-16 00:00:00+00:00,-0.004058730866888857
2025-05-19 00:00:00+00:00,0.002214260208427572
2025-05-20 00:00:00+00:00,-0.00043842868612017276
2025-05-21 00:00:00+00:00,0.00153750333458246
2025-05-22 00:00:00+00:00,0.003376529823503996
2025-05-23 00:00:00+00:00,0.002334062278095554
2025-05-27 00:00:00+00:00,0.007740427262030566
2025-05-28 00:00:00+00:00,-0.0032088641418268615
2025-05-29 00:00:00+00:00,0.000401136418985167
2025-05-30 00:00:00+00:00,0.0005871907263437787
2025-06-02 00:00:00+00:00,0.008771425660709747
2025-06-03 00:00:00+00:00,0.005921517773516238
2025-06-04 00:00:00+00:00,0.0011351168758223728
2025-06-05 00:00:00+00:00,-0.014688354821798689
2025-06-06 00:00:00+00:00,0.002784802541307807
2025-06-09 00:00:00+00:00,0.000900158123873479
2025-06-10 00:00:00+00:00,0.0034575408864879476
2025-06-11 00:00:00+00:00,-0.0060794598765819274
2025-06-12 00:00:00+00:00,0.007889525788382312
2025-06-13 00:00:00+00:00,-0.004498502788925746
2025-06-16 00:00:00+00:00,-0.008653776079859427
2025-06-17 00:00:00+00:00,0.010244805561347325
2025-06-18 00:00:00+00:00,0.007379550057684842
2025-06-20 00:00:00+00:00,-0.0017668414407993882
2025-06-23 00:00:00+00:00,0.0019361351612978694
2025-06-24 00:00:00+00:00,-0.002994096586288436
2025-06-25 00:00:00+00:00,0.006734505491799492
2025-06-26 00:00:00+00:00,-0.000874798327387738
2025-06-27 00:00:00+00:00,0.001423741928738787
2025-06-30 00:00:00+00:00,-0.004576772161934713
2025-07-01 00:00:00+00:00,0.00662299827437803
2025-07-02 00:00:00+00:00,0.025118453231486093
2025-07-03 00:00:00+00:00,-0.0007398176299145595
2025-07-07 00:00:00+00:00,0.0027024384277353577
2025-07-08 00:00:00+00:00,-0.016063916327878697
2025-07-09 00:00:00+00:00,0.006103017250026488
2025-07-10 00:00:00+00:00,0.006544157464338525
2025-07-11 00:00:00+00:00,-0.0016382019866781894
2025-07-14 00:00:00+00:00,-0.0050833445179632175
2025-07-15 00:00:00+00:00,0.0010194710212168005
2025-07-16 00:00:00+00:00,0.0005093099548876268
2025-07-17 00:00:00+00:00,9.394221960223913e-05
2025-07-18 00:00:00+00:00,-0.006232374211340966
2025-07-21 00:00:00+00:00,-0.0015508286074389364
2025-07-22 00:00:00+00:00,0.026469531410833136
2025-07-23 00:00:00+00:00,0.008395061756345024
2025-07-24 00:00:00+00:00,-0.0047758464875646825
2025-07-25 00:00:00+00:00,0.0003720422386058744
2025-07-28 00:00:00+00:00,-0.0028474734519228495
2025-07-29 00:00:00+00:00,0.007502201413787911
2025-07-30 00:00:00+00:00,0.0014631312689472107
2025-07-31 00:00:00+00:00,0.015076534741838787
2025-08-01 00:00:00+00:00,0.007592523705849286
2025-08-04 00:00:00+00:00,0.002073745235945057
2025-08-05 00:00:00+00:00,-0.009765971670427528
2025-08-06 00:00:00+00:00,-0.0023861577002735825
2025-08-07 00:00:00+00:00,-0.00023672724541960526
2025-08-08 00:00:00+00:00,-0.0017025211927824294
2025-08-11 00:00:00+00:00,0.0001540489334497955
2025-08-12 00:00:00+00:00,-0.011385147436142575
2025-08-13 00:00:00+00:00,-0.012611316873481595
2025-08-14 00:00:00+00:00,-0.007716193181408482
2025-08-15 00:00:00+00:00,-0.01252993616818997
2025-08-18 00:00:00+00:00,1.8482767904786694e-05
2025-08-19 00:00:00+00:00,-0.003372546072284907
2025-08-20 00:00:00+00:00,0.005535792096535523
2025-08-21 00:00:00+00:00,0.0010015298048110018
2025-08-22 00:00:00+00:00,-0.0106046888124125
2025-08-25 00:00:00+00:00,0.0057006754311754605
2025-08-26 00:00:00+00:00,-0.003516765525517372
2025-08-27 00:00:00+00:00,-0.0009667111933691551
2025-08-28 00:00:00+00:00,-0.0029257818055116814
2025-08-29 00:00:00+00:00,0.008700006793574161
2025-09-02 00:00:00+00:00,-0.0027319016760138557
2025-09-03 00:00:00+00:00,-0.0038777434191028894
2025-09-04 00:00:00+00:00,0.0005346224099216001
2025-09-05 00:00:00+00:00,-0.0022889565677005987
2025-09-08 00:00:00+00:00,-0.007089633822168502
2025-09-09 00:00:00+00:00,-0.0034063926359693872
2025-09-10 00:00:00+00:00,0.016982848041316372
2025-09-11 00:00:00+00:00,-0.004314522551210971
2025-09-12 00:00:00+00:00,0.0014618336212338285
2025-09-15 00:00:00+00:00,-0.0002988971787687052
2025-09-16 00:00:00+00:00,0.004286373185151422
2025-09-17 00:00:00+00:00,-0.01121942828799723
2025-09-18 00:00:00+00:00,-0.0007068385201632887
2025-09-19 00:00:00+00:00,-8.153170075701272e-05
2025-09-22 00:00:00+00:00,-0.003507504304223715
2025-09-23 00:00:00+00:00,0.006848511214605835
2025-09-24 00:00:00+00:00,-0.0018127837941030271
2025-09-25 00:00:00+00:00,0.006696741759274001
2025-09-26 00:00:00+00:00,-0.003430856935083826
2025-09-29 00:00:00+00:00,-0.0022867705754987533
2025-09-30 00:00:00+00:00,0.011015933568967795
2025-10-01 00:00:00+00:00,0.001842451671652238
2025-10-02 00:00:00+00:00,-0.0035160085173862035
2025-10-03 00:00:00+00:00,-0.01180099281442363
2025-10-06 00:00:00+00:00,-0.003521940004417634
2025-10-07 00:00:00+00:00,-0.010585004505588413
2025-10-08 00:00:00+00:00,0.000870667206930964
2025-10-09 00:00:00+00:00,-0.00496933018262576
2025-10-10 00:00:00+00:00,-0.0018730256201120081
2025-10-13 00:00:00+00:00,0.008396458220933193
2025-10-14 00:00:00+00:00,0.007219017740202431
2025-10-15 00:00:00+00:00,0.003205155353819563
2025-10-16 00:00:00+00:00,-0.004557966198787715
2025-10-17 00:00:00+00:00,0.004913819893518652
2025-10-20 00:00:00+00:00,0.0010851767424419068
2025-10-21 00:00:00+00:00,0.002649771817449076
2025-10-22 00:00:00+00:00,0.0009321397510267211
2025-10-23 00:00:00+00:00,-0.004342524083309485
2025-10-24 00:00:00+00:00,0.00033498289555940674
2025-10-27 00:00:00+00:00,-0.00031072144252271744
2025-10-28 00:00:00+00:00,-0.004582563889595048
2025-10-29 00:00:00+00:00,-0.005654688638508455
2025-10-30 00:00:00+00:00,-0.0005967884767780682
2025-10-31 00:00:00+00:00,-0.0021100733306617936
2025-11-03 00:00:00+00:00,0.0015173266276590658
2025-11-04 00:00:00+00:00,-0.005178698817872552
2025-11-05 00:00:00+00:00,-0.0009470258948558019
2025-11-06 00:00:00+00:00,0.0003173987085987596
2025-11-07 00:00:00+00:00,0.0037607954687178926
2025-11-10 00:00:00+00:00,-0.002329811749542843
2025-11-11 00:00:00+00:00,0.0010965950072387876
2025-11-12 00:00:00+00:00,-0.005612310664238174
2025-11-13 00:00:00+00:00,-0.005498881227642749
2025-11-14 00:00:00+00:00,0.00603476888915964
2025-11-17 00:00:00+00:00,0.0038316777900179824
2025-11-18 00:00:00+00:00,-0.010630691772574178
2025-11-19 00:00:00+00:00,0.006791807091742356
2025-11-20 00:00:00+00:00,-0.002295955107282078
2025-11-21 00:00:00+00:00,-0.001550448004188141
2025-11-24 00:00:00+00:00,0.0003695586797517932
2025-11-25 00:00:00+00:00,0.003285442174980502
2025-11-26 00:00:00+00:00,0.0021560060137074074
2025-11-28 00:00:00+00:00,0.000795747421031956
2025-12-01 00:00:00+00:00,-0.0015002151848055494
2025-12-02 00:00:00+00:00,0.0012503788549443578
2025-12-03 00:00:00+00:00,0.0014011879290242804
2025-12-04 00:00:00+00:00,-0.0009041023956520526
2025-12-05 00:00:00+00:00,0.007480051024680592
2025-12-08 00:00:00+00:00,-0.006688477247170572
2025-12-09 00:00:00+00:00,0.005780652259588158
2025-12-10 00:00:00+00:00,-0.0011077693615744813
2025-12-11 00:00:00+00:00,-0.0025127177320184275
2025-12-12 00:00:00+00:00,0.0019099654809669072
2025-12-15 00:00:00+00:00,-0.004447283480063513
2025-12-16 00:00:00+00:00,-0.0031515981087608
2025-12-17 00:00:00+00:00,0.009281126383442228
2025-12-18 00:00:00+00:00,-0.006853919073010861
2025-12-19 00:00:00+00:00,-0.012480038685668344
2025-12-22 00:00:00+00:00,0.014179715571176293
2025-12-23 00:00:00+00:00,-0.002210616689541515
2025-12-24 00:00:00+00:00,-0.013147672422920179
2025-12-26 00:00:00+00:00,-0.004136301701133993
2025-12-29 00:00:00+00:00,-0.0013438699396422689
2025-12-30 00:00:00+00:00,-0.00027918054032431233
2025-12-31 00:00:00+00:00,-0.014993813724522945
2026-01-02 00:00:00+00:00,-0.011956303158418558
2026-01-05 00:00:00+00:00,-0.0034480054297902534
2026-01-06 00:00:00+00:00,-0.004235791268186517
2026-01-07 00:00:00+00:00,0.010864576818147231
2026-01-08 00:00:00+00:00,-0.0107561265169586
2026-01-09 00:00:00+00:00,0.0023188750951511627
2026-01-12 00:00:00+00:00,0.0014764269508939683
2026-01-13 00:00:00+00:00,-0.004427251731452901
2026-01-14 00:00:00+00:00,0.0019488429794782085
2026-01-15 00:00:00+00:00,0.012703507068548614
2026-01-16 00:00:00+00:00,0.0021224347292416366
2026-01-20 00:00:00+00:00,0.004365230252362018
2026-01-21 00:00:00+00:00,-0.012944040408016888
2026-01-22 00:00:00+00:00,-0.0030226087521697162
2026-01-23 00:00:00+00:00,-0.001757522515104748
2026-01-26 00:00:00+00:00,0.01645246854199552
2026-01-27 00:00:00+00:00,-0.016067939109206526
2026-01-28 00:00:00+00:00,-0.042651935242483854
2026-01-29 00:00:00+00:00,0.0030620132916952814
2026-01-30 00:00:00+00:00,-0.0013601477393595514
2026-02-02 00:00:00+00:00,0.003419646195949357
2026-02-03 00:00:00+00:00,0.00018307041994149506
2026-02-04 00:00:00+00:00,0.0019790621190196433
2026-02-05 00:00:00+00:00,0.006382576194315585
2026-02-06 00:00:00+00:00,-0.009159912553733796
2026-02-09 00:00:00+00:00,-0.002111387539541608
2026-02-10 00:00:00+00:00,0.003891922025062944
2026-02-11 00:00:00+00:00,0.0017452377976848405
2026-02-12 00:00:00+00:00,-0.0021145790554574872
2026-02-13 00:00:00+00:00,-0.004304217228947588
2026-02-17 00:00:00+00:00,-0.002244431086676404
2026-02-18 00:00:00+00:00,0.0007626604092560502
2026-02-19 00:00:00+00:00,0.00010794471844191887
2026-02-20 00:00:00+00:00,0.001673770070789529
2026-02-23 00:00:00+00:00,-0.0010392110298814644
2026-02-24 00:00:00+00:00,-0.006107196335209071
2026-02-25 00:00:00+00:00,-0.0011185065537304565
2026-02-26 00:00:00+00:00,0.0023614545680911408
2026-02-27 00:00:00+00:00,0.0004997128917827386
2026-03-02 00:00:00+00:00,0.0015344902010156851
2026-03-03 00:00:00+00:00,0.008707432606583621
2026-03-04 00:00:00+00:00,-0.02038509344345079
2026-03-05 00:00:00+00:00,0.012035761062060793
2026-03-06 00:00:00+00:00,0.01610180810293053
2026-03-09 00:00:00+00:00,-0.0016743975703535474
2026-03-10 00:00:00+00:00,-0.01355826542787325
2026-03-11 00:00:00+00:00,0.0002054229983245448
2026-03-12 00:00:00+00:00,0.019192172907813804
2026-03-13 00:00:00+00:00,-0.004351960531930682
2026-03-16 00:00:00+00:00,-0.004528700197479446
2026-03-17 00:00:00+00:00,-0.0019035139600525608
2026-03-18 00:00:00+00:00,0.017915372376042654
2026-03-19 00:00:00+00:00,0.0048891877391724625
2026-03-20 00:00:00+00:00,0.01203802988369801
2026-03-23 00:00:00+00:00,-0.014704561470915312
2026-03-24 00:00:00+00:00,-0.0062875589211301985
2026-03-25 00:00:00+00:00,-0.006834427664786702
2026-03-26 00:00:00+00:00,0.014854162808810764
2026-03-27 00:00:00+00:00,0.008358253656712203
2026-03-30 00:00:00+00:00,-0.008928076765753504
2026-03-31 00:00:00+00:00,-0.0026956370820101494
2026-04-01 00:00:00+00:00,0.0023449162154930794
2026-04-02 00:00:00+00:00,0.0008123999630950123
2026-04-06 00:00:00+00:00,-0.0007690441737928655
2026-04-07 00:00:00+00:00,0.015901131022947324
2026-04-08 00:00:00+00:00,-0.0022835607638903945
2026-04-09 00:00:00+00:00,0.0063275757887017265
2026-04-10 00:00:00+00:00,0.01710845559035031
2026-04-13 00:00:00+00:00,-0.024434145816938407
2026-04-14 00:00:00+00:00,-0.010020957872775163
2026-04-15 00:00:00+00:00,-0.009351434978011275
2026-04-16 00:00:00+00:00,-0.001907280172649332
2026-04-17 00:00:00+00:00,-0.0024069930809162234
2026-04-20 00:00:00+00:00,0.004903076663101266
2026-04-21 00:00:00+00:00,0.008554348700651748
2026-04-22 00:00:00+00:00,0.009626864136503007
2026-04-23 00:00:00+00:00,0.009049549609465135
2026-04-24 00:00:00+00:00,-0.00336212333389021
2026-04-27 00:00:00+00:00,0.0031523234690888917
2026-04-28 00:00:00+00:00,-0.0029106749506021914
2026-04-29 00:00:00+00:00,0.02100772118427685
2026-04-30 00:00:00+00:00,0.00044317510453619787
2026-05-01 00:00:00+00:00,0.0018523843034177361
2026-05-04 00:00:00+00:00,-0.0003182970870388693
2026-05-05 00:00:00+00:00,0.020754331015965386
2026-05-06 00:00:00+00:00,0.008658417873024364
2026-05-07 00:00:00+00:00,-0.007559293679437039
2026-05-08 00:00:00+00:00,0.02425971343737221
2026-05-11 00:00:00+00:00,0.0163250083721757
2026-05-12 00:00:00+00:00,-0.006802239295336573
2026-05-13 00:00:00+00:00,0.003349113909373281
2026-05-14 00:00:00+00:00,-0.00391449627682867
2026-05-15 00:00:00+00:00,-0.011372209793927432
2026-05-18 00:00:00+00:00,-0.001945496676983235
2026-05-19 00:00:00+00:00,-0.0015948829354459888
2026-05-20 00:00:00+00:00,0.011314482262235498
2026-05-21 00:00:00+00:00,-0.003386660870325492
2026-05-22 00:00:00+00:00,0.01258855829939564
2026-05-26 00:00:00+00:00,0.00897941970093709
2026-05-27 00:00:00+00:00,-0.0057122962973255665
2026-05-28 00:00:00+00:00,0.002127228927009913
2026-05-29 00:00:00+00:00,-0.0019162844336894742
2026-06-01 00:00:00+00:00,0.0010319374900969276
2026-06-02 00:00:00+00:00,0.013630623640478134
2026-06-03 00:00:00+00:00,-0.0066417860995536815
2026-06-04 00:00:00+00:00,-0.00573118409578508
2026-06-05 00:00:00+00:00,-0.02449881089817252
2026-06-08 00:00:00+00:00,0.0032266711672148674
2026-06-09 00:00:00+00:00,-0.00542670218612451
2026-06-10 00:00:00+00:00,-0.014201550627760925
2026-06-11 00:00:00+00:00,0.011353759772657809
2026-06-12 00:00:00+00:00,-0.006099740518348754
2026-06-15 00:00:00+00:00,-0.0025666104545490898
2026-06-16 00:00:00+00:00,-0.004590623785143559
2026-06-17 00:00:00+00:00,0.03286225398147021
2026-06-18 00:00:00+00:00,0.009463997220760448
2026-06-22 00:00:00+00:00,0.00014582337167849246
2026-06-23 00:00:00+00:00,-0.006544923830964648
2026-06-24 00:00:00+00:00,0.0002650653902577608
2026-06-25 00:00:00+00:00,0.011896305786622005
2026-06-26 00:00:00+00:00,-0.019706395910033942
2026-06-29 00:00:00+00:00,-0.004366292556013099
2026-06-30 00:00:00+00:00,0.007650236185942294
2026-07-01 00:00:00+00:00,-0.006489283674097661
2026-07-02 00:00:00+00:00,-0.018359458110297454
2026-07-06 00:00:00+00:00,-0.005081228085052181
2026-07-07 00:00:00+00:00,0.0025347612079044124
2026-07-08 00:00:00+00:00,0.005380799378811492
2026-07-09 00:00:00+00:00,-0.008063552376444405
2026-07-10 00:00:00+00:00,0.005443657449568012
2026-07-13 00:00:00+00:00,-0.008644240254202407
2026-07-14 00:00:00+00:00,0.010268949757875373
2026-07-15 00:00:00+00:00,0.005898179958301358
2026-07-16 00:00:00+00:00,-0.010127041530040515
2026-07-17 00:00:00+00:00,0.00832688970658843
2026-07-20 00:00:00+00:00,0.003470353511996116
2026-07-21 00:00:00+00:00,-0.005739596605110342
2026-07-22 00:00:00+00:00,-0.0022761885951558146
2026-07-23 00:00:00+00:00,-0.01805413201344812
2026-07-24 00:00:00+00:00,-0.004589241357573897
2026-07-27 00:00:00+00:00,-0.00250419515247699
2026-07-28 00:00:00+00:00,-0.0018484775257393837
2026-07-29 00:00:00+00:00,0.0057360403928303026
2026-07-30 00:00:00+00:00,-0.013680289802630042
2026-07-31 00:00:00+00:00,0.003178860588095378
2026-08-03 00:00:00+00:00,0.001056483760063278
2026-08-04 00:00:00+00:00,-0.020479202935089435
2026-08-05 00:00:00+00:00,-0.0014816576247989129
2026-08-06 00:00:00+00:00,0.003607242519404408
2026-08-07 00:00:00+00:00,-0.004099448032090558
2026-08-10 00:00:00+00:00,0.0038030020140745113
2026-08-11 00:00:00+00:00,-0.0050656224827621155
2026-08-12 00:00:00+00:00,0.0012652909526123652
2026-08-13 00:00:00+00:00,-0.008824388391979469
2026-08-14 00:00:00+00:00,-0.0014980515689642885
2026-08-17 00:00:00+00:00,-0.002819991075382393
2026-08-18 00:00:00+00:00,0.011968156901182043
2026-08-19 00:00:00+00:00,0.006880845793766048
2026-08-20 00:00:00+00:00,-0.00018197919650391863
2026-08-21 00:00:00+00:00,0.002274103946702975
2026-08-24 00:00:00+00:00,0.0023519179417650863
2026-08-25 00:00:00+00:00,-0.00755003699479928
2026-08-26 00:00:00+00:00,-0.0024588165298685435
2026-08-27 00:00:00+00:00,7.678016269029207e-05
2026-08-28 00:00:00+00:00,0.0021546298756917794
2026-08-31 00:00:00+00:00,-0.0030142393358851194
2026-09-01 00:00:00+00:00,-0.004123369657196697
2026-09-02 00:00:00+00:00,0.008091180999989567
2026-09-03 00:00:00+00:00,0.008249127299119974
2026-09-04 00:00:00+00:00,-0.0012326288097315174
2026-09-08 00:00:00+00:00,-0.012162718569058706
2026-09-09 00:00:00+00:00,-0.007335773012947161
2026-09-10 00:00:00+00:00,-0.002067231944418324
2026-09-11 00:00:00+00:00,-0.009744839058792643
2026-09-14 00:00:00+00:00,-0.0014400448191870252
2026-09-15 00:00:00+00:00,8.038003066275963e-05
2026-09-16 00:00:00+00:00,-0.002125358901846286
2026-09-17 00:00:00+00:00,0.0010162517216558327
2026-09-18 00:00:00+00:00,-0.002460169586403086
2026-09-21 00:00:00+00:00,0.005561806392691364
2026-09-22 00:00:00+00:00,-0.002242860617521325
2026-09-23 00:00:00+00:00,0.0012506572200518355
2026-09-24 00:00:00+00:00,-0.00047670879914333647
2026-09-25 00:00:00+00:00,-0.00581629119084596
2026-09-28 00:00:00+00:00,0.0
2026-09-29 00:00:00+00:00,0.0
