Date,ret
2000-01-03 00:00:00+00:00,0.0
2000-01-04 00:00:00+00:00,0.0
2000-01-05 00:00:00+00:00,0.0
2000-01-06 00:00:00+00:00,0.0
2000-01-07 00:00:00+00:00,0.0
2000-01-10 00:00:00+00:00,0.0
2000-01-11 00:00:00+00:00,0.0
2000-01-12 00:00:00+00:00,0.0
2000-01-13 00:00:00+00:00,0.0
2000-01-14 00:00:00+00:00,0.0
2000-01-18 00:00:00+00:00,0.0
2000-01-19 00:00:00+00:00,0.0
2000-01-20 00:00:00+00:00,0.0
2000-01-21 00:00:00+00:00,0.0
2000-01-24 00:00:00+00:00,0.0
2000-01-25 00:00:00+00:00,0.0
2000-01-26 00:00:00+00:00,0.0
2000-01-27 00:00:00+00:00,0.0
2000-01-28 00:00:00+00:00,0.0
2000-01-31 00:00:00+00:00,0.0
2000-02-01 00:00:00+00:00,0.0
2000-02-02 00:00:00+00:00,0.0
2000-02-03 00:00:00+00:00,0.0
2000-02-04 00:00:00+00:00,0.0
2000-02-07 00:00:00+00:00,0.0
2000-02-08 00:00:00+00:00,0.0
2000-02-09 00:00:00+00:00,0.0
2000-02-10 00:00:00+00:00,0.0
2000-02-11 00:00:00+00:00,0.0
2000-02-14 00:00:00+00:00,0.0
2000-02-15 00:00:00+00:00,0.0
2000-02-16 00:00:00+00:00,0.0
2000-02-17 00:00:00+00:00,0.0
2000-02-18 00:00:00+00:00,0.0
2000-02-22 00:00:00+00:00,0.0
2000-02-23 00:00:00+00:00,0.0
2000-02-24 00:00:00+00:00,0.0
2000-02-25 00:00:00+00:00,0.0
2000-02-28 00:00:00+00:00,0.0
2000-02-29 00:00:00+00:00,0.0
2000-03-01 00:00:00+00:00,0.0
2000-03-02 00:00:00+00:00,0.0
2000-03-03 00:00:00+00:00,0.0
2000-03-06 00:00:00+00:00,0.0
2000-03-07 00:00:00+00:00,0.0
2000-03-08 00:00:00+00:00,0.0
2000-03-09 00:00:00+00:00,0.0
2000-03-10 00:00:00+00:00,0.0
2000-03-13 00:00:00+00:00,0.0
2000-03-14 00:00:00+00:00,0.0
2000-03-15 00:00:00+00:00,0.0
2000-03-16 00:00:00+00:00,0.0
2000-03-17 00:00:00+00:00,0.0
2000-03-20 00:00:00+00:00,0.0
2000-03-21 00:00:00+00:00,0.0
2000-03-22 00:00:00+00:00,0.0
2000-03-23 00:00:00+00:00,0.0
2000-03-24 00:00:00+00:00,0.0
2000-03-27 00:00:00+00:00,0.0
2000-03-28 00:00:00+00:00,0.0
2000-03-29 00:00:00+00:00,0.0
2000-03-30 00:00:00+00:00,0.0
2000-03-31 00:00:00+00:00,0.0
2000-04-03 00:00:00+00:00,0.0
2000-04-04 00:00:00+00:00,0.0
2000-04-05 00:00:00+00:00,0.0
2000-04-06 00:00:00+00:00,0.0
2000-04-07 00:00:00+00:00,0.0
2000-04-10 00:00:00+00:00,0.0
2000-04-11 00:00:00+00:00,0.0
2000-04-12 00:00:00+00:00,0.0
2000-04-13 00:00:00+00:00,0.0
2000-04-14 00:00:00+00:00,0.0
2000-04-17 00:00:00+00:00,0.0
2000-04-18 00:00:00+00:00,0.0
2000-04-19 00:00:00+00:00,0.0
2000-04-20 00:00:00+00:00,0.0
2000-04-24 00:00:00+00:00,0.0
2000-04-25 00:00:00+00:00,0.0
2000-04-26 00:00:00+00:00,0.0
2000-04-27 00:00:00+00:00,0.0
2000-04-28 00:00:00+00:00,0.0
2000-05-01 00:00:00+00:00,0.0
2000-05-02 00:00:00+00:00,0.0
2000-05-03 00:00:00+00:00,0.0
2000-05-04 00:00:00+00:00,0.0
2000-05-05 00:00:00+00:00,0.0
2000-05-08 00:00:00+00:00,0.0
2000-05-09 00:00:00+00:00,0.0
2000-05-10 00:00:00+00:00,0.0
2000-05-11 00:00:00+00:00,0.0
2000-05-12 00:00:00+00:00,0.0
2000-05-15 00:00:00+00:00,0.0
2000-05-16 00:00:00+00:00,0.0
2000-05-17 00:00:00+00:00,0.0
2000-05-18 00:00:00+00:00,0.0
2000-05-19 00:00:00+00:00,0.0
2000-05-22 00:00:00+00:00,0.0
2000-05-23 00:00:00+00:00,0.0
2000-05-24 00:00:00+00:00,0.0
2000-05-25 00:00:00+00:00,0.0
2000-05-26 00:00:00+00:00,0.0
2000-05-30 00:00:00+00:00,0.0
2000-05-31 00:00:00+00:00,0.0
2000-06-01 00:00:00+00:00,0.0
2000-06-02 00:00:00+00:00,0.0
2000-06-05 00:00:00+00:00,0.0
2000-06-06 00:00:00+00:00,0.0
2000-06-07 00:00:00+00:00,0.0
2000-06-08 00:00:00+00:00,0.0
2000-06-09 00:00:00+00:00,0.0
2000-06-12 00:00:00+00:00,0.0
2000-06-13 00:00:00+00:00,0.0
2000-06-14 00:00:00+00:00,0.0
2000-06-15 00:00:00+00:00,0.0
2000-06-16 00:00:00+00:00,0.0
2000-06-19 00:00:00+00:00,0.0
2000-06-20 00:00:00+00:00,0.0
2000-06-21 00:00:00+00:00,0.0
2000-06-22 00:00:00+00:00,0.0
2000-06-23 00:00:00+00:00,0.0
2000-06-26 00:00:00+00:00,0.0
2000-06-27 00:00:00+00:00,0.0
2000-06-28 00:00:00+00:00,0.0
2000-06-29 00:00:00+00:00,0.0
2000-06-30 00:00:00+00:00,0.0
2000-07-03 00:00:00+00:00,0.0
2000-07-05 00:00:00+00:00,0.0
2000-07-06 00:00:00+00:00,0.0
2000-07-07 00:00:00+00:00,0.0
2000-07-10 00:00:00+00:00,0.0
2000-07-11 00:00:00+00:00,0.0
2000-07-12 00:00:00+00:00,0.0
2000-07-13 00:00:00+00:00,0.0
2000-07-14 00:00:00+00:00,0.0
2000-07-17 00:00:00+00:00,0.0
2000-07-18 00:00:00+00:00,0.0
2000-07-19 00:00:00+00:00,0.0
2000-07-20 00:00:00+00:00,0.0
2000-07-21 00:00:00+00:00,0.0
2000-07-24 00:00:00+00:00,0.0
2000-07-25 00:00:00+00:00,0.0
2000-07-26 00:00:00+00:00,0.0
2000-07-27 00:00:00+00:00,0.0
2000-07-28 00:00:00+00:00,0.0
2000-07-31 00:00:00+00:00,0.0
2000-08-01 00:00:00+00:00,0.0
2000-08-02 00:00:00+00:00,0.0
2000-08-03 00:00:00+00:00,0.0
2000-08-04 00:00:00+00:00,0.0
2000-08-07 00:00:00+00:00,0.0
2000-08-08 00:00:00+00:00,0.0
2000-08-09 00:00:00+00:00,0.0
2000-08-10 00:00:00+00:00,0.0
2000-08-11 00:00:00+00:00,0.0
2000-08-14 00:00:00+00:00,0.0
2000-08-15 00:00:00+00:00,0.0
2000-08-16 00:00:00+00:00,0.0
2000-08-17 00:00:00+00:00,0.0
2000-08-18 00:00:00+00:00,0.0
2000-08-21 00:00:00+00:00,0.0
2000-08-22 00:00:00+00:00,0.0
2000-08-23 00:00:00+00:00,0.0
2000-08-24 00:00:00+00:00,0.0
2000-08-25 00:00:00+00:00,0.0
2000-08-28 00:00:00+00:00,0.0
2000-08-29 00:00:00+00:00,0.0
2000-08-30 00:00:00+00:00,0.0
2000-08-31 00:00:00+00:00,0.0
2000-09-01 00:00:00+00:00,0.0
2000-09-05 00:00:00+00:00,0.0
2000-09-06 00:00:00+00:00,0.0
2000-09-07 00:00:00+00:00,0.0
2000-09-08 00:00:00+00:00,0.0
2000-09-11 00:00:00+00:00,0.0
2000-09-12 00:00:00+00:00,0.0
2000-09-13 00:00:00+00:00,0.0
2000-09-14 00:00:00+00:00,0.0
2000-09-15 00:00:00+00:00,0.0
2000-09-18 00:00:00+00:00,0.0
2000-09-19 00:00:00+00:00,0.0
2000-09-20 00:00:00+00:00,0.0
2000-09-21 00:00:00+00:00,0.0
2000-09-22 00:00:00+00:00,0.0
2000-09-25 00:00:00+00:00,0.0
2000-09-26 00:00:00+00:00,0.0
2000-09-27 00:00:00+00:00,0.0
2000-09-28 00:00:00+00:00,0.0
2000-09-29 00:00:00+00:00,0.0
2000-10-02 00:00:00+00:00,0.0
2000-10-03 00:00:00+00:00,0.0
2000-10-04 00:00:00+00:00,0.0
2000-10-05 00:00:00+00:00,0.0
2000-10-06 00:00:00+00:00,0.0
2000-10-09 00:00:00+00:00,0.0
2000-10-10 00:00:00+00:00,0.0
2000-10-11 00:00:00+00:00,0.0
2000-10-12 00:00:00+00:00,0.0
2000-10-13 00:00:00+00:00,0.0
2000-10-16 00:00:00+00:00,0.0
2000-10-17 00:00:00+00:00,0.0
2000-10-18 00:00:00+00:00,0.0
2000-10-19 00:00:00+00:00,0.0
2000-10-20 00:00:00+00:00,0.0
2000-10-23 00:00:00+00:00,0.0
2000-10-24 00:00:00+00:00,0.0
2000-10-25 00:00:00+00:00,0.0
2000-10-26 00:00:00+00:00,0.0
2000-10-27 00:00:00+00:00,0.0
2000-10-30 00:00:00+00:00,0.0
2000-10-31 00:00:00+00:00,0.0
2000-11-01 00:00:00+00:00,0.0
2000-11-02 00:00:00+00:00,0.0
2000-11-03 00:00:00+00:00,0.0
2000-11-06 00:00:00+00:00,0.0
2000-11-07 00:00:00+00:00,0.0
2000-11-08 00:00:00+00:00,0.0
2000-11-09 00:00:00+00:00,0.0
2000-11-10 00:00:00+00:00,0.0
2000-11-13 00:00:00+00:00,0.0
2000-11-14 00:00:00+00:00,0.0
2000-11-15 00:00:00+00:00,0.0
2000-11-16 00:00:00+00:00,0.0
2000-11-17 00:00:00+00:00,0.0
2000-11-20 00:00:00+00:00,0.0
2000-11-21 00:00:00+00:00,0.0
2000-11-22 00:00:00+00:00,0.0
2000-11-24 00:00:00+00:00,0.0
2000-11-27 00:00:00+00:00,0.0
2000-11-28 00:00:00+00:00,0.0
2000-11-29 00:00:00+00:00,0.0
2000-11-30 00:00:00+00:00,0.0
2000-12-01 00:00:00+00:00,0.0
2000-12-04 00:00:00+00:00,0.0
2000-12-05 00:00:00+00:00,0.0
2000-12-06 00:00:00+00:00,0.0
2000-12-07 00:00:00+00:00,0.0
2000-12-08 00:00:00+00:00,0.0
2000-12-11 00:00:00+00:00,0.0
2000-12-12 00:00:00+00:00,0.0
2000-12-13 00:00:00+00:00,0.0
2000-12-14 00:00:00+00:00,0.0
2000-12-15 00:00:00+00:00,0.0
2000-12-18 00:00:00+00:00,0.0
2000-12-19 00:00:00+00:00,0.0
2000-12-20 00:00:00+00:00,0.0
2000-12-21 00:00:00+00:00,0.0
2000-12-22 00:00:00+00:00,0.0
2000-12-26 00:00:00+00:00,0.0
2000-12-27 00:00:00+00:00,0.0
2000-12-28 00:00:00+00:00,0.0
2000-12-29 00:00:00+00:00,0.0
2001-01-02 00:00:00+00:00,0.0
2001-01-03 00:00:00+00:00,0.0
2001-01-04 00:00:00+00:00,0.0
2001-01-05 00:00:00+00:00,0.0
2001-01-08 00:00:00+00:00,0.0
2001-01-09 00:00:00+00:00,0.0
2001-01-10 00:00:00+00:00,0.0
2001-01-11 00:00:00+00:00,0.0
2001-01-12 00:00:00+00:00,0.0
2001-01-16 00:00:00+00:00,0.0
2001-01-17 00:00:00+00:00,0.0
2001-01-18 00:00:00+00:00,0.0
2001-01-19 00:00:00+00:00,0.0
2001-01-22 00:00:00+00:00,0.0
2001-01-23 00:00:00+00:00,0.0
2001-01-24 00:00:00+00:00,0.0
2001-01-25 00:00:00+00:00,0.0
2001-01-26 00:00:00+00:00,0.0
2001-01-29 00:00:00+00:00,0.0
2001-01-30 00:00:00+00:00,0.0
2001-01-31 00:00:00+00:00,0.0
2001-02-01 00:00:00+00:00,0.0
2001-02-02 00:00:00+00:00,0.0
2001-02-05 00:00:00+00:00,0.0
2001-02-06 00:00:00+00:00,0.0
2001-02-07 00:00:00+00:00,0.0
2001-02-08 00:00:00+00:00,0.0
2001-02-09 00:00:00+00:00,0.0
2001-02-12 00:00:00+00:00,0.0
2001-02-13 00:00:00+00:00,0.0
2001-02-14 00:00:00+00:00,0.0
2001-02-15 00:00:00+00:00,0.0
2001-02-16 00:00:00+00:00,0.0
2001-02-20 00:00:00+00:00,0.0
2001-02-21 00:00:00+00:00,0.0
2001-02-22 00:00:00+00:00,0.0
2001-02-23 00:00:00+00:00,0.0
2001-02-26 00:00:00+00:00,0.0
2001-02-27 00:00:00+00:00,0.0
2001-02-28 00:00:00+00:00,0.0
2001-03-01 00:00:00+00:00,0.0
2001-03-02 00:00:00+00:00,0.0
2001-03-05 00:00:00+00:00,0.0
2001-03-06 00:00:00+00:00,0.0
2001-03-07 00:00:00+00:00,0.0
2001-03-08 00:00:00+00:00,0.0
2001-03-09 00:00:00+00:00,0.0
2001-03-12 00:00:00+00:00,0.0
2001-03-13 00:00:00+00:00,0.0
2001-03-14 00:00:00+00:00,0.0
2001-03-15 00:00:00+00:00,0.0
2001-03-16 00:00:00+00:00,0.0
2001-03-19 00:00:00+00:00,0.0
2001-03-20 00:00:00+00:00,0.0
2001-03-21 00:00:00+00:00,0.0
2001-03-22 00:00:00+00:00,0.0
2001-03-23 00:00:00+00:00,0.0
2001-03-26 00:00:00+00:00,0.0
2001-03-27 00:00:00+00:00,0.0
2001-03-28 00:00:00+00:00,0.0
2001-03-29 00:00:00+00:00,0.0
2001-03-30 00:00:00+00:00,0.0
2001-04-02 00:00:00+00:00,0.0
2001-04-03 00:00:00+00:00,0.0
2001-04-04 00:00:00+00:00,0.0
2001-04-05 00:00:00+00:00,0.0
2001-04-06 00:00:00+00:00,0.0
2001-04-09 00:00:00+00:00,0.0
2001-04-10 00:00:00+00:00,0.0
2001-04-11 00:00:00+00:00,0.0
2001-04-12 00:00:00+00:00,0.0
2001-04-16 00:00:00+00:00,0.0
2001-04-17 00:00:00+00:00,0.0
2001-04-18 00:00:00+00:00,0.0
2001-04-19 00:00:00+00:00,0.0
2001-04-20 00:00:00+00:00,0.0
2001-04-23 00:00:00+00:00,0.0
2001-04-24 00:00:00+00:00,0.0
2001-04-25 00:00:00+00:00,0.0
2001-04-26 00:00:00+00:00,0.0
2001-04-27 00:00:00+00:00,0.0
2001-04-30 00:00:00+00:00,0.0
2001-05-01 00:00:00+00:00,0.0
2001-05-02 00:00:00+00:00,0.0
2001-05-03 00:00:00+00:00,0.0
2001-05-04 00:00:00+00:00,0.0
2001-05-07 00:00:00+00:00,0.0
2001-05-08 00:00:00+00:00,0.0
2001-05-09 00:00:00+00:00,0.0
2001-05-10 00:00:00+00:00,0.0
2001-05-11 00:00:00+00:00,0.0
2001-05-14 00:00:00+00:00,0.0
2001-05-15 00:00:00+00:00,0.0
2001-05-16 00:00:00+00:00,0.0
2001-05-17 00:00:00+00:00,0.0
2001-05-18 00:00:00+00:00,0.0
2001-05-21 00:00:00+00:00,0.0
2001-05-22 00:00:00+00:00,0.0
2001-05-23 00:00:00+00:00,0.0
2001-05-24 00:00:00+00:00,0.0
2001-05-25 00:00:00+00:00,0.0
2001-05-29 00:00:00+00:00,0.0
2001-05-30 00:00:00+00:00,0.0
2001-05-31 00:00:00+00:00,0.0
2001-06-01 00:00:00+00:00,0.0
2001-06-04 00:00:00+00:00,0.0
2001-06-05 00:00:00+00:00,0.0
2001-06-06 00:00:00+00:00,0.0
2001-06-07 00:00:00+00:00,0.0
2001-06-08 00:00:00+00:00,0.0
2001-06-11 00:00:00+00:00,0.0
2001-06-12 00:00:00+00:00,0.0
2001-06-13 00:00:00+00:00,0.0
2001-06-14 00:00:00+00:00,0.0
2001-06-15 00:00:00+00:00,0.0
2001-06-18 00:00:00+00:00,0.0
2001-06-19 00:00:00+00:00,0.0
2001-06-20 00:00:00+00:00,0.0
2001-06-21 00:00:00+00:00,0.0
2001-06-22 00:00:00+00:00,0.0
2001-06-25 00:00:00+00:00,0.0
2001-06-26 00:00:00+00:00,0.0
2001-06-27 00:00:00+00:00,0.0
2001-06-28 00:00:00+00:00,0.0
2001-06-29 00:00:00+00:00,0.0
2001-07-02 00:00:00+00:00,0.0
2001-07-03 00:00:00+00:00,0.0
2001-07-05 00:00:00+00:00,0.0
2001-07-06 00:00:00+00:00,0.0
2001-07-09 00:00:00+00:00,0.0
2001-07-10 00:00:00+00:00,0.0
2001-07-11 00:00:00+00:00,0.0
2001-07-12 00:00:00+00:00,0.0
2001-07-13 00:00:00+00:00,0.0
2001-07-16 00:00:00+00:00,0.0
2001-07-17 00:00:00+00:00,0.0
2001-07-18 00:00:00+00:00,0.0
2001-07-19 00:00:00+00:00,0.0
2001-07-20 00:00:00+00:00,0.0
2001-07-23 00:00:00+00:00,0.0
2001-07-24 00:00:00+00:00,0.0
2001-07-25 00:00:00+00:00,0.0
2001-07-26 00:00:00+00:00,0.0
2001-07-27 00:00:00+00:00,0.0
2001-07-30 00:00:00+00:00,0.0
2001-07-31 00:00:00+00:00,0.0
2001-08-01 00:00:00+00:00,0.0
2001-08-02 00:00:00+00:00,0.0
2001-08-03 00:00:00+00:00,0.0
2001-08-06 00:00:00+00:00,0.0
2001-08-07 00:00:00+00:00,0.0
2001-08-08 00:00:00+00:00,0.0
2001-08-09 00:00:00+00:00,0.0
2001-08-10 00:00:00+00:00,0.0
2001-08-13 00:00:00+00:00,0.0
2001-08-14 00:00:00+00:00,0.0
2001-08-15 00:00:00+00:00,0.0
2001-08-16 00:00:00+00:00,0.0
2001-08-17 00:00:00+00:00,0.0
2001-08-20 00:00:00+00:00,0.0
2001-08-21 00:00:00+00:00,0.0
2001-08-22 00:00:00+00:00,0.0
2001-08-23 00:00:00+00:00,0.0
2001-08-24 00:00:00+00:00,0.0
2001-08-27 00:00:00+00:00,0.0
2001-08-28 00:00:00+00:00,0.0
2001-08-29 00:00:00+00:00,0.0
2001-08-30 00:00:00+00:00,0.0
2001-08-31 00:00:00+00:00,0.0
2001-09-04 00:00:00+00:00,0.0
2001-09-05 00:00:00+00:00,0.0
2001-09-06 00:00:00+00:00,0.0
2001-09-07 00:00:00+00:00,0.0
2001-09-10 00:00:00+00:00,0.0
2001-09-17 00:00:00+00:00,0.0
2001-09-18 00:00:00+00:00,0.0
2001-09-19 00:00:00+00:00,0.0
2001-09-20 00:00:00+00:00,0.0
2001-09-21 00:00:00+00:00,0.0
2001-09-24 00:00:00+00:00,0.0
2001-09-25 00:00:00+00:00,0.0
2001-09-26 00:00:00+00:00,0.0
2001-09-27 00:00:00+00:00,0.0
2001-09-28 00:00:00+00:00,0.0
2001-10-01 00:00:00+00:00,0.0
2001-10-02 00:00:00+00:00,0.0
2001-10-03 00:00:00+00:00,0.0
2001-10-04 00:00:00+00:00,0.0
2001-10-05 00:00:00+00:00,0.0
2001-10-08 00:00:00+00:00,0.0
2001-10-09 00:00:00+00:00,0.0
2001-10-10 00:00:00+00:00,0.0
2001-10-11 00:00:00+00:00,0.0
2001-10-12 00:00:00+00:00,0.0
2001-10-15 00:00:00+00:00,0.0
2001-10-16 00:00:00+00:00,0.0
2001-10-17 00:00:00+00:00,0.0
2001-10-18 00:00:00+00:00,0.0
2001-10-19 00:00:00+00:00,0.0
2001-10-22 00:00:00+00:00,0.0
2001-10-23 00:00:00+00:00,0.0
2001-10-24 00:00:00+00:00,0.0
2001-10-25 00:00:00+00:00,0.0
2001-10-26 00:00:00+00:00,0.0
2001-10-29 00:00:00+00:00,0.0
2001-10-30 00:00:00+00:00,0.0
2001-10-31 00:00:00+00:00,0.0
2001-11-01 00:00:00+00:00,0.0
2001-11-02 00:00:00+00:00,0.0
2001-11-05 00:00:00+00:00,0.0
2001-11-06 00:00:00+00:00,0.0
2001-11-07 00:00:00+00:00,0.0
2001-11-08 00:00:00+00:00,0.0
2001-11-09 00:00:00+00:00,0.0
2001-11-12 00:00:00+00:00,0.0
2001-11-13 00:00:00+00:00,0.0
2001-11-14 00:00:00+00:00,0.0
2001-11-15 00:00:00+00:00,0.0
2001-11-16 00:00:00+00:00,0.0
2001-11-19 00:00:00+00:00,0.0
2001-11-20 00:00:00+00:00,0.0
2001-11-21 00:00:00+00:00,0.0
2001-11-23 00:00:00+00:00,0.0
2001-11-26 00:00:00+00:00,0.0
2001-11-27 00:00:00+00:00,0.0
2001-11-28 00:00:00+00:00,0.0
2001-11-29 00:00:00+00:00,0.0
2001-11-30 00:00:00+00:00,0.0
2001-12-03 00:00:00+00:00,0.0
2001-12-04 00:00:00+00:00,0.0
2001-12-05 00:00:00+00:00,0.0
2001-12-06 00:00:00+00:00,0.0
2001-12-07 00:00:00+00:00,0.0
2001-12-10 00:00:00+00:00,0.0
2001-12-11 00:00:00+00:00,0.0
2001-12-12 00:00:00+00:00,0.0
2001-12-13 00:00:00+00:00,0.0
2001-12-14 00:00:00+00:00,0.0
2001-12-17 00:00:00+00:00,0.0
2001-12-18 00:00:00+00:00,0.0
2001-12-19 00:00:00+00:00,0.0
2001-12-20 00:00:00+00:00,0.0
2001-12-21 00:00:00+00:00,0.0
2001-12-24 00:00:00+00:00,0.0
2001-12-26 00:00:00+00:00,0.0
2001-12-27 00:00:00+00:00,0.0
2001-12-28 00:00:00+00:00,0.0
2001-12-31 00:00:00+00:00,0.0
2002-01-02 00:00:00+00:00,0.0
2002-01-03 00:00:00+00:00,0.0
2002-01-04 00:00:00+00:00,0.0
2002-01-07 00:00:00+00:00,0.0
2002-01-08 00:00:00+00:00,0.0
2002-01-09 00:00:00+00:00,0.0
2002-01-10 00:00:00+00:00,0.0
2002-01-11 00:00:00+00:00,0.0
2002-01-14 00:00:00+00:00,0.0
2002-01-15 00:00:00+00:00,0.0
2002-01-16 00:00:00+00:00,0.0
2002-01-17 00:00:00+00:00,0.0
2002-01-18 00:00:00+00:00,0.0
2002-01-22 00:00:00+00:00,0.0
2002-01-23 00:00:00+00:00,0.0
2002-01-24 00:00:00+00:00,0.0
2002-01-25 00:00:00+00:00,0.0
2002-01-28 00:00:00+00:00,0.0
2002-01-29 00:00:00+00:00,0.0
2002-01-30 00:00:00+00:00,0.0
2002-01-31 00:00:00+00:00,0.0
2002-02-01 00:00:00+00:00,0.0
2002-02-04 00:00:00+00:00,0.0
2002-02-05 00:00:00+00:00,0.0
2002-02-06 00:00:00+00:00,0.0
2002-02-07 00:00:00+00:00,0.0
2002-02-08 00:00:00+00:00,0.0
2002-02-11 00:00:00+00:00,0.0
2002-02-12 00:00:00+00:00,0.0
2002-02-13 00:00:00+00:00,0.0
2002-02-14 00:00:00+00:00,0.0
2002-02-15 00:00:00+00:00,0.0
2002-02-19 00:00:00+00:00,0.0
2002-02-20 00:00:00+00:00,0.0
2002-02-21 00:00:00+00:00,0.0
2002-02-22 00:00:00+00:00,0.0
2002-02-25 00:00:00+00:00,0.0
2002-02-26 00:00:00+00:00,0.0
2002-02-27 00:00:00+00:00,0.0
2002-02-28 00:00:00+00:00,0.0
2002-03-01 00:00:00+00:00,0.0
2002-03-04 00:00:00+00:00,0.0
2002-03-05 00:00:00+00:00,0.0
2002-03-06 00:00:00+00:00,0.0
2002-03-07 00:00:00+00:00,0.0
2002-03-08 00:00:00+00:00,0.0
2002-03-11 00:00:00+00:00,0.0
2002-03-12 00:00:00+00:00,0.0
2002-03-13 00:00:00+00:00,0.0
2002-03-14 00:00:00+00:00,0.0
2002-03-15 00:00:00+00:00,0.0
2002-03-18 00:00:00+00:00,0.0
2002-03-19 00:00:00+00:00,0.0
2002-03-20 00:00:00+00:00,0.0
2002-03-21 00:00:00+00:00,0.0
2002-03-22 00:00:00+00:00,0.0
2002-03-25 00:00:00+00:00,0.0
2002-03-26 00:00:00+00:00,0.0
2002-03-27 00:00:00+00:00,0.0
2002-03-28 00:00:00+00:00,0.0
2002-04-01 00:00:00+00:00,0.0
2002-04-02 00:00:00+00:00,0.0
2002-04-03 00:00:00+00:00,0.0
2002-04-04 00:00:00+00:00,0.0
2002-04-05 00:00:00+00:00,0.0
2002-04-08 00:00:00+00:00,0.0
2002-04-09 00:00:00+00:00,0.0
2002-04-10 00:00:00+00:00,0.0
2002-04-11 00:00:00+00:00,0.0
2002-04-12 00:00:00+00:00,0.0
2002-04-15 00:00:00+00:00,0.0
2002-04-16 00:00:00+00:00,0.0
2002-04-17 00:00:00+00:00,0.0
2002-04-18 00:00:00+00:00,0.0
2002-04-19 00:00:00+00:00,0.0
2002-04-22 00:00:00+00:00,0.0
2002-04-23 00:00:00+00:00,0.0
2002-04-24 00:00:00+00:00,0.0
2002-04-25 00:00:00+00:00,0.0
2002-04-26 00:00:00+00:00,0.0
2002-04-29 00:00:00+00:00,0.0
2002-04-30 00:00:00+00:00,0.0
2002-05-01 00:00:00+00:00,0.0
2002-05-02 00:00:00+00:00,0.0
2002-05-03 00:00:00+00:00,0.0
2002-05-06 00:00:00+00:00,0.0
2002-05-07 00:00:00+00:00,0.0
2002-05-08 00:00:00+00:00,0.0
2002-05-09 00:00:00+00:00,0.0
2002-05-10 00:00:00+00:00,0.0
2002-05-13 00:00:00+00:00,0.0
2002-05-14 00:00:00+00:00,0.0
2002-05-15 00:00:00+00:00,0.0
2002-05-16 00:00:00+00:00,0.0
2002-05-17 00:00:00+00:00,0.0
2002-05-20 00:00:00+00:00,0.0
2002-05-21 00:00:00+00:00,0.0
2002-05-22 00:00:00+00:00,0.0
2002-05-23 00:00:00+00:00,0.0
2002-05-24 00:00:00+00:00,0.0
2002-05-28 00:00:00+00:00,0.0
2002-05-29 00:00:00+00:00,0.0
2002-05-30 00:00:00+00:00,0.0
2002-05-31 00:00:00+00:00,0.0
2002-06-03 00:00:00+00:00,0.0
2002-06-04 00:00:00+00:00,0.0
2002-06-05 00:00:00+00:00,0.0
2002-06-06 00:00:00+00:00,0.0
2002-06-07 00:00:00+00:00,0.0
2002-06-10 00:00:00+00:00,0.0
2002-06-11 00:00:00+00:00,0.0
2002-06-12 00:00:00+00:00,0.0
2002-06-13 00:00:00+00:00,0.0
2002-06-14 00:00:00+00:00,0.0
2002-06-17 00:00:00+00:00,0.0
2002-06-18 00:00:00+00:00,0.0
2002-06-19 00:00:00+00:00,0.0
2002-06-20 00:00:00+00:00,0.0
2002-06-21 00:00:00+00:00,0.0
2002-06-24 00:00:00+00:00,0.0
2002-06-25 00:00:00+00:00,0.0
2002-06-26 00:00:00+00:00,0.0
2002-06-27 00:00:00+00:00,0.0
2002-06-28 00:00:00+00:00,0.0
2002-07-01 00:00:00+00:00,0.0
2002-07-02 00:00:00+00:00,0.0
2002-07-03 00:00:00+00:00,0.0
2002-07-05 00:00:00+00:00,0.0
2002-07-08 00:00:00+00:00,0.0
2002-07-09 00:00:00+00:00,0.0
2002-07-10 00:00:00+00:00,0.0
2002-07-11 00:00:00+00:00,0.0
2002-07-12 00:00:00+00:00,0.0
2002-07-15 00:00:00+00:00,0.0
2002-07-16 00:00:00+00:00,0.0
2002-07-17 00:00:00+00:00,0.0
2002-07-18 00:00:00+00:00,0.0
2002-07-19 00:00:00+00:00,0.0
2002-07-22 00:00:00+00:00,0.0
2002-07-23 00:00:00+00:00,0.0
2002-07-24 00:00:00+00:00,0.0
2002-07-25 00:00:00+00:00,0.0
2002-07-26 00:00:00+00:00,0.0
2002-07-29 00:00:00+00:00,0.0
2002-07-30 00:00:00+00:00,0.0
2002-07-31 00:00:00+00:00,0.0
2002-08-01 00:00:00+00:00,0.0
2002-08-02 00:00:00+00:00,0.0
2002-08-05 00:00:00+00:00,0.0
2002-08-06 00:00:00+00:00,0.0
2002-08-07 00:00:00+00:00,0.0
2002-08-08 00:00:00+00:00,0.0
2002-08-09 00:00:00+00:00,0.0
2002-08-12 00:00:00+00:00,0.0
2002-08-13 00:00:00+00:00,0.0
2002-08-14 00:00:00+00:00,0.0
2002-08-15 00:00:00+00:00,0.0
2002-08-16 00:00:00+00:00,0.0
2002-08-19 00:00:00+00:00,0.0
2002-08-20 00:00:00+00:00,0.0
2002-08-21 00:00:00+00:00,0.0
2002-08-22 00:00:00+00:00,0.0
2002-08-23 00:00:00+00:00,0.0
2002-08-26 00:00:00+00:00,0.0
2002-08-27 00:00:00+00:00,0.0
2002-08-28 00:00:00+00:00,0.0
2002-08-29 00:00:00+00:00,0.0
2002-08-30 00:00:00+00:00,0.0
2002-09-03 00:00:00+00:00,0.0
2002-09-04 00:00:00+00:00,0.0
2002-09-05 00:00:00+00:00,0.0
2002-09-06 00:00:00+00:00,0.0
2002-09-09 00:00:00+00:00,0.0
2002-09-10 00:00:00+00:00,0.0
2002-09-11 00:00:00+00:00,0.0
2002-09-12 00:00:00+00:00,0.0
2002-09-13 00:00:00+00:00,0.0
2002-09-16 00:00:00+00:00,0.0
2002-09-17 00:00:00+00:00,0.0
2002-09-18 00:00:00+00:00,0.0
2002-09-19 00:00:00+00:00,0.0
2002-09-20 00:00:00+00:00,0.0
2002-09-23 00:00:00+00:00,0.0
2002-09-24 00:00:00+00:00,0.0
2002-09-25 00:00:00+00:00,0.0
2002-09-26 00:00:00+00:00,0.0
2002-09-27 00:00:00+00:00,0.0
2002-09-30 00:00:00+00:00,0.0
2002-10-01 00:00:00+00:00,0.0
2002-10-02 00:00:00+00:00,0.0
2002-10-03 00:00:00+00:00,0.0
2002-10-04 00:00:00+00:00,0.0
2002-10-07 00:00:00+00:00,0.0
2002-10-08 00:00:00+00:00,0.0
2002-10-09 00:00:00+00:00,0.0
2002-10-10 00:00:00+00:00,0.0
2002-10-11 00:00:00+00:00,0.0
2002-10-14 00:00:00+00:00,0.0
2002-10-15 00:00:00+00:00,0.0
2002-10-16 00:00:00+00:00,0.0
2002-10-17 00:00:00+00:00,0.0
2002-10-18 00:00:00+00:00,0.0
2002-10-21 00:00:00+00:00,0.0
2002-10-22 00:00:00+00:00,0.0
2002-10-23 00:00:00+00:00,0.0
2002-10-24 00:00:00+00:00,0.0
2002-10-25 00:00:00+00:00,0.0
2002-10-28 00:00:00+00:00,0.0
2002-10-29 00:00:00+00:00,0.0
2002-10-30 00:00:00+00:00,0.0
2002-10-31 00:00:00+00:00,0.0
2002-11-01 00:00:00+00:00,0.0
2002-11-04 00:00:00+00:00,0.0
2002-11-05 00:00:00+00:00,0.0
2002-11-06 00:00:00+00:00,0.0
2002-11-07 00:00:00+00:00,0.0
2002-11-08 00:00:00+00:00,0.0
2002-11-11 00:00:00+00:00,0.0
2002-11-12 00:00:00+00:00,0.0
2002-11-13 00:00:00+00:00,0.0
2002-11-14 00:00:00+00:00,0.0
2002-11-15 00:00:00+00:00,0.0
2002-11-18 00:00:00+00:00,0.0
2002-11-19 00:00:00+00:00,0.0
2002-11-20 00:00:00+00:00,0.0
2002-11-21 00:00:00+00:00,0.0
2002-11-22 00:00:00+00:00,0.0
2002-11-25 00:00:00+00:00,0.0
2002-11-26 00:00:00+00:00,0.0
2002-11-27 00:00:00+00:00,0.0
2002-11-29 00:00:00+00:00,0.0
2002-12-02 00:00:00+00:00,0.0
2002-12-03 00:00:00+00:00,0.0
2002-12-04 00:00:00+00:00,0.0
2002-12-05 00:00:00+00:00,0.0
2002-12-06 00:00:00+00:00,0.0
2002-12-09 00:00:00+00:00,0.0
2002-12-10 00:00:00+00:00,0.0
2002-12-11 00:00:00+00:00,0.0
2002-12-12 00:00:00+00:00,0.0
2002-12-13 00:00:00+00:00,0.0
2002-12-16 00:00:00+00:00,0.0
2002-12-17 00:00:00+00:00,0.0
2002-12-18 00:00:00+00:00,0.0
2002-12-19 00:00:00+00:00,0.0
2002-12-20 00:00:00+00:00,0.0
2002-12-23 00:00:00+00:00,0.0
2002-12-24 00:00:00+00:00,0.0
2002-12-26 00:00:00+00:00,0.0
2002-12-27 00:00:00+00:00,0.0
2002-12-30 00:00:00+00:00,0.0
2002-12-31 00:00:00+00:00,0.0
2003-01-02 00:00:00+00:00,0.0
2003-01-03 00:00:00+00:00,0.0
2003-01-06 00:00:00+00:00,0.0
2003-01-07 00:00:00+00:00,0.0
2003-01-08 00:00:00+00:00,0.0
2003-01-09 00:00:00+00:00,0.0
2003-01-10 00:00:00+00:00,0.0
2003-01-13 00:00:00+00:00,0.0
2003-01-14 00:00:00+00:00,0.0
2003-01-15 00:00:00+00:00,0.0
2003-01-16 00:00:00+00:00,0.0
2003-01-17 00:00:00+00:00,0.0
2003-01-21 00:00:00+00:00,0.0
2003-01-22 00:00:00+00:00,0.0
2003-01-23 00:00:00+00:00,0.0
2003-01-24 00:00:00+00:00,0.0
2003-01-27 00:00:00+00:00,0.0
2003-01-28 00:00:00+00:00,0.0
2003-01-29 00:00:00+00:00,0.0
2003-01-30 00:00:00+00:00,0.0
2003-01-31 00:00:00+00:00,0.0
2003-02-03 00:00:00+00:00,0.0
2003-02-04 00:00:00+00:00,0.0
2003-02-05 00:00:00+00:00,0.0
2003-02-06 00:00:00+00:00,0.0
2003-02-07 00:00:00+00:00,0.0
2003-02-10 00:00:00+00:00,0.0
2003-02-11 00:00:00+00:00,0.0
2003-02-12 00:00:00+00:00,0.0
2003-02-13 00:00:00+00:00,0.0
2003-02-14 00:00:00+00:00,0.0
2003-02-18 00:00:00+00:00,0.0
2003-02-19 00:00:00+00:00,0.0
2003-02-20 00:00:00+00:00,0.0
2003-02-21 00:00:00+00:00,0.0
2003-02-24 00:00:00+00:00,0.0
2003-02-25 00:00:00+00:00,0.0
2003-02-26 00:00:00+00:00,0.0
2003-02-27 00:00:00+00:00,0.0
2003-02-28 00:00:00+00:00,0.0
2003-03-03 00:00:00+00:00,0.0
2003-03-04 00:00:00+00:00,0.0
2003-03-05 00:00:00+00:00,0.0
2003-03-06 00:00:00+00:00,0.0
2003-03-07 00:00:00+00:00,0.0
2003-03-10 00:00:00+00:00,0.0
2003-03-11 00:00:00+00:00,0.0
2003-03-12 00:00:00+00:00,0.0
2003-03-13 00:00:00+00:00,0.0
2003-03-14 00:00:00+00:00,0.0
2003-03-17 00:00:00+00:00,0.0
2003-03-18 00:00:00+00:00,0.0
2003-03-19 00:00:00+00:00,0.0
2003-03-20 00:00:00+00:00,0.0
2003-03-21 00:00:00+00:00,0.0
2003-03-24 00:00:00+00:00,0.0
2003-03-25 00:00:00+00:00,0.0
2003-03-26 00:00:00+00:00,0.0
2003-03-27 00:00:00+00:00,0.0
2003-03-28 00:00:00+00:00,0.0
2003-03-31 00:00:00+00:00,0.0
2003-04-01 00:00:00+00:00,0.0
2003-04-02 00:00:00+00:00,0.0
2003-04-03 00:00:00+00:00,0.0
2003-04-04 00:00:00+00:00,0.0
2003-04-07 00:00:00+00:00,0.0
2003-04-08 00:00:00+00:00,0.0
2003-04-09 00:00:00+00:00,0.0
2003-04-10 00:00:00+00:00,0.0
2003-04-11 00:00:00+00:00,0.0
2003-04-14 00:00:00+00:00,0.0
2003-04-15 00:00:00+00:00,0.0
2003-04-16 00:00:00+00:00,0.0
2003-04-17 00:00:00+00:00,0.0
2003-04-21 00:00:00+00:00,0.0
2003-04-22 00:00:00+00:00,0.0
2003-04-23 00:00:00+00:00,0.0
2003-04-24 00:00:00+00:00,0.0
2003-04-25 00:00:00+00:00,0.0
2003-04-28 00:00:00+00:00,0.0
2003-04-29 00:00:00+00:00,0.0
2003-04-30 00:00:00+00:00,0.0
2003-05-01 00:00:00+00:00,0.0
2003-05-02 00:00:00+00:00,0.0
2003-05-05 00:00:00+00:00,0.0
2003-05-06 00:00:00+00:00,0.0
2003-05-07 00:00:00+00:00,0.0
2003-05-08 00:00:00+00:00,0.0
2003-05-09 00:00:00+00:00,0.0
2003-05-12 00:00:00+00:00,0.0
2003-05-13 00:00:00+00:00,0.0
2003-05-14 00:00:00+00:00,0.0
2003-05-15 00:00:00+00:00,0.0
2003-05-16 00:00:00+00:00,0.0
2003-05-19 00:00:00+00:00,0.0
2003-05-20 00:00:00+00:00,0.0
2003-05-21 00:00:00+00:00,0.0
2003-05-22 00:00:00+00:00,0.0
2003-05-23 00:00:00+00:00,0.0
2003-05-27 00:00:00+00:00,0.0
2003-05-28 00:00:00+00:00,0.0
2003-05-29 00:00:00+00:00,0.0
2003-05-30 00:00:00+00:00,0.0
2003-06-02 00:00:00+00:00,0.0
2003-06-03 00:00:00+00:00,0.0
2003-06-04 00:00:00+00:00,0.0
2003-06-05 00:00:00+00:00,0.0
2003-06-06 00:00:00+00:00,0.0
2003-06-09 00:00:00+00:00,0.0
2003-06-10 00:00:00+00:00,0.0
2003-06-11 00:00:00+00:00,0.0
2003-06-12 00:00:00+00:00,0.0
2003-06-13 00:00:00+00:00,0.0
2003-06-16 00:00:00+00:00,0.0
2003-06-17 00:00:00+00:00,0.0
2003-06-18 00:00:00+00:00,0.0
2003-06-19 00:00:00+00:00,0.0
2003-06-20 00:00:00+00:00,0.0
2003-06-23 00:00:00+00:00,0.0
2003-06-24 00:00:00+00:00,0.0
2003-06-25 00:00:00+00:00,0.0
2003-06-26 00:00:00+00:00,0.0
2003-06-27 00:00:00+00:00,0.0
2003-06-30 00:00:00+00:00,0.0
2003-07-01 00:00:00+00:00,0.0
2003-07-02 00:00:00+00:00,0.0
2003-07-03 00:00:00+00:00,0.0
2003-07-07 00:00:00+00:00,0.0
2003-07-08 00:00:00+00:00,0.0
2003-07-09 00:00:00+00:00,0.0
2003-07-10 00:00:00+00:00,0.0
2003-07-11 00:00:00+00:00,0.0
2003-07-14 00:00:00+00:00,0.0
2003-07-15 00:00:00+00:00,0.0
2003-07-16 00:00:00+00:00,0.0
2003-07-17 00:00:00+00:00,0.0
2003-07-18 00:00:00+00:00,0.0
2003-07-21 00:00:00+00:00,0.0
2003-07-22 00:00:00+00:00,0.0
2003-07-23 00:00:00+00:00,0.0
2003-07-24 00:00:00+00:00,0.0
2003-07-25 00:00:00+00:00,0.0
2003-07-28 00:00:00+00:00,0.0
2003-07-29 00:00:00+00:00,0.0
2003-07-30 00:00:00+00:00,0.0
2003-07-31 00:00:00+00:00,0.0
2003-08-01 00:00:00+00:00,0.0
2003-08-04 00:00:00+00:00,0.0
2003-08-05 00:00:00+00:00,0.0
2003-08-06 00:00:00+00:00,0.0
2003-08-07 00:00:00+00:00,0.0
2003-08-08 00:00:00+00:00,0.0
2003-08-11 00:00:00+00:00,0.0
2003-08-12 00:00:00+00:00,0.0
2003-08-13 00:00:00+00:00,0.0
2003-08-14 00:00:00+00:00,0.0
2003-08-15 00:00:00+00:00,0.0
2003-08-18 00:00:00+00:00,0.0
2003-08-19 00:00:00+00:00,0.0
2003-08-20 00:00:00+00:00,0.0
2003-08-21 00:00:00+00:00,0.0
2003-08-22 00:00:00+00:00,0.0
2003-08-25 00:00:00+00:00,0.0
2003-08-26 00:00:00+00:00,0.0
2003-08-27 00:00:00+00:00,0.0
2003-08-28 00:00:00+00:00,0.0
2003-08-29 00:00:00+00:00,0.0
2003-09-02 00:00:00+00:00,0.0
2003-09-03 00:00:00+00:00,0.0
2003-09-04 00:00:00+00:00,0.0
2003-09-05 00:00:00+00:00,0.0
2003-09-08 00:00:00+00:00,0.0
2003-09-09 00:00:00+00:00,0.0
2003-09-10 00:00:00+00:00,0.0
2003-09-11 00:00:00+00:00,0.0
2003-09-12 00:00:00+00:00,0.0
2003-09-15 00:00:00+00:00,0.0
2003-09-16 00:00:00+00:00,0.0
2003-09-17 00:00:00+00:00,0.0
2003-09-18 00:00:00+00:00,0.0
2003-09-19 00:00:00+00:00,0.0
2003-09-22 00:00:00+00:00,0.0
2003-09-23 00:00:00+00:00,0.0
2003-09-24 00:00:00+00:00,0.0
2003-09-25 00:00:00+00:00,0.0
2003-09-26 00:00:00+00:00,0.0
2003-09-29 00:00:00+00:00,0.0
2003-09-30 00:00:00+00:00,0.0
2003-10-01 00:00:00+00:00,0.0
2003-10-02 00:00:00+00:00,0.0
2003-10-03 00:00:00+00:00,0.0
2003-10-06 00:00:00+00:00,0.0
2003-10-07 00:00:00+00:00,0.0
2003-10-08 00:00:00+00:00,0.0
2003-10-09 00:00:00+00:00,0.0
2003-10-10 00:00:00+00:00,0.0
2003-10-13 00:00:00+00:00,0.0
2003-10-14 00:00:00+00:00,0.0
2003-10-15 00:00:00+00:00,0.0
2003-10-16 00:00:00+00:00,0.0
2003-10-17 00:00:00+00:00,0.0
2003-10-20 00:00:00+00:00,0.0
2003-10-21 00:00:00+00:00,0.0
2003-10-22 00:00:00+00:00,0.0
2003-10-23 00:00:00+00:00,0.0
2003-10-24 00:00:00+00:00,0.0
2003-10-27 00:00:00+00:00,0.0
2003-10-28 00:00:00+00:00,0.0
2003-10-29 00:00:00+00:00,0.0
2003-10-30 00:00:00+00:00,0.0
2003-10-31 00:00:00+00:00,0.0
2003-11-03 00:00:00+00:00,0.0
2003-11-04 00:00:00+00:00,0.0
2003-11-05 00:00:00+00:00,0.0
2003-11-06 00:00:00+00:00,0.0
2003-11-07 00:00:00+00:00,0.0
2003-11-10 00:00:00+00:00,0.0
2003-11-11 00:00:00+00:00,0.0
2003-11-12 00:00:00+00:00,0.0
2003-11-13 00:00:00+00:00,0.0
2003-11-14 00:00:00+00:00,0.0
2003-11-17 00:00:00+00:00,0.0
2003-11-18 00:00:00+00:00,0.0
2003-11-19 00:00:00+00:00,0.0
2003-11-20 00:00:00+00:00,0.0
2003-11-21 00:00:00+00:00,0.0
2003-11-24 00:00:00+00:00,0.0
2003-11-25 00:00:00+00:00,0.0
2003-11-26 00:00:00+00:00,0.0
2003-11-28 00:00:00+00:00,0.0
2003-12-01 00:00:00+00:00,0.0
2003-12-02 00:00:00+00:00,0.0
2003-12-03 00:00:00+00:00,0.0
2003-12-04 00:00:00+00:00,0.0
2003-12-05 00:00:00+00:00,0.0
2003-12-08 00:00:00+00:00,0.0
2003-12-09 00:00:00+00:00,0.0
2003-12-10 00:00:00+00:00,0.0
2003-12-11 00:00:00+00:00,0.0
2003-12-12 00:00:00+00:00,0.0
2003-12-15 00:00:00+00:00,0.0
2003-12-16 00:00:00+00:00,0.0
2003-12-17 00:00:00+00:00,0.0
2003-12-18 00:00:00+00:00,0.0
2003-12-19 00:00:00+00:00,0.0
2003-12-22 00:00:00+00:00,0.0
2003-12-23 00:00:00+00:00,0.0
2003-12-24 00:00:00+00:00,0.0
2003-12-26 00:00:00+00:00,0.0
2003-12-29 00:00:00+00:00,0.0
2003-12-30 00:00:00+00:00,0.0
2003-12-31 00:00:00+00:00,0.0
2004-01-02 00:00:00+00:00,0.0
2004-01-05 00:00:00+00:00,0.0
2004-01-06 00:00:00+00:00,0.0
2004-01-07 00:00:00+00:00,0.0
2004-01-08 00:00:00+00:00,0.0
2004-01-09 00:00:00+00:00,0.0
2004-01-12 00:00:00+00:00,0.0
2004-01-13 00:00:00+00:00,0.0
2004-01-14 00:00:00+00:00,0.0
2004-01-15 00:00:00+00:00,0.0
2004-01-16 00:00:00+00:00,0.0
2004-01-20 00:00:00+00:00,0.0
2004-01-21 00:00:00+00:00,0.0
2004-01-22 00:00:00+00:00,0.0
2004-01-23 00:00:00+00:00,0.0
2004-01-26 00:00:00+00:00,0.0
2004-01-27 00:00:00+00:00,0.0
2004-01-28 00:00:00+00:00,0.0
2004-01-29 00:00:00+00:00,0.0
2004-01-30 00:00:00+00:00,0.0
2004-02-02 00:00:00+00:00,0.0
2004-02-03 00:00:00+00:00,0.0
2004-02-04 00:00:00+00:00,0.0
2004-02-05 00:00:00+00:00,0.0
2004-02-06 00:00:00+00:00,0.0
2004-02-09 00:00:00+00:00,0.0
2004-02-10 00:00:00+00:00,0.0
2004-02-11 00:00:00+00:00,0.0
2004-02-12 00:00:00+00:00,0.0
2004-02-13 00:00:00+00:00,0.0
2004-02-17 00:00:00+00:00,0.0
2004-02-18 00:00:00+00:00,0.0
2004-02-19 00:00:00+00:00,0.0
2004-02-20 00:00:00+00:00,0.0
2004-02-23 00:00:00+00:00,0.0
2004-02-24 00:00:00+00:00,0.0
2004-02-25 00:00:00+00:00,0.0
2004-02-26 00:00:00+00:00,0.0
2004-02-27 00:00:00+00:00,0.0
2004-03-01 00:00:00+00:00,0.0
2004-03-02 00:00:00+00:00,0.0
2004-03-03 00:00:00+00:00,0.0
2004-03-04 00:00:00+00:00,0.0
2004-03-05 00:00:00+00:00,0.0
2004-03-08 00:00:00+00:00,0.0
2004-03-09 00:00:00+00:00,0.0
2004-03-10 00:00:00+00:00,0.0
2004-03-11 00:00:00+00:00,0.0
2004-03-12 00:00:00+00:00,0.0
2004-03-15 00:00:00+00:00,0.0
2004-03-16 00:00:00+00:00,0.0
2004-03-17 00:00:00+00:00,0.0
2004-03-18 00:00:00+00:00,0.0
2004-03-19 00:00:00+00:00,0.0
2004-03-22 00:00:00+00:00,0.0
2004-03-23 00:00:00+00:00,0.0
2004-03-24 00:00:00+00:00,0.0
2004-03-25 00:00:00+00:00,0.0
2004-03-26 00:00:00+00:00,0.0
2004-03-29 00:00:00+00:00,0.0
2004-03-30 00:00:00+00:00,0.0
2004-03-31 00:00:00+00:00,0.0
2004-04-01 00:00:00+00:00,0.0
2004-04-02 00:00:00+00:00,0.0
2004-04-05 00:00:00+00:00,0.0
2004-04-06 00:00:00+00:00,0.0
2004-04-07 00:00:00+00:00,0.0
2004-04-08 00:00:00+00:00,0.0
2004-04-12 00:00:00+00:00,0.0
2004-04-13 00:00:00+00:00,0.0
2004-04-14 00:00:00+00:00,0.0
2004-04-15 00:00:00+00:00,0.0
2004-04-16 00:00:00+00:00,0.0
2004-04-19 00:00:00+00:00,0.0
2004-04-20 00:00:00+00:00,0.0
2004-04-21 00:00:00+00:00,0.0
2004-04-22 00:00:00+00:00,0.0
2004-04-23 00:00:00+00:00,0.0
2004-04-26 00:00:00+00:00,0.0
2004-04-27 00:00:00+00:00,0.0
2004-04-28 00:00:00+00:00,0.0
2004-04-29 00:00:00+00:00,0.0
2004-04-30 00:00:00+00:00,0.0
2004-05-03 00:00:00+00:00,0.0
2004-05-04 00:00:00+00:00,0.0
2004-05-05 00:00:00+00:00,0.0
2004-05-06 00:00:00+00:00,0.0
2004-05-07 00:00:00+00:00,0.0
2004-05-10 00:00:00+00:00,0.0
2004-05-11 00:00:00+00:00,0.0
2004-05-12 00:00:00+00:00,0.0
2004-05-13 00:00:00+00:00,0.0
2004-05-14 00:00:00+00:00,0.0
2004-05-17 00:00:00+00:00,0.0
2004-05-18 00:00:00+00:00,0.0
2004-05-19 00:00:00+00:00,0.0
2004-05-20 00:00:00+00:00,0.0
2004-05-21 00:00:00+00:00,0.0
2004-05-24 00:00:00+00:00,0.0
2004-05-25 00:00:00+00:00,0.0
2004-05-26 00:00:00+00:00,0.0
2004-05-27 00:00:00+00:00,0.0
2004-05-28 00:00:00+00:00,0.0
2004-06-01 00:00:00+00:00,0.0
2004-06-02 00:00:00+00:00,0.0
2004-06-03 00:00:00+00:00,0.0
2004-06-04 00:00:00+00:00,0.0
2004-06-07 00:00:00+00:00,0.0
2004-06-08 00:00:00+00:00,0.0
2004-06-09 00:00:00+00:00,0.0
2004-06-10 00:00:00+00:00,0.0
2004-06-14 00:00:00+00:00,0.0
2004-06-15 00:00:00+00:00,0.0
2004-06-16 00:00:00+00:00,0.0
2004-06-17 00:00:00+00:00,0.0
2004-06-18 00:00:00+00:00,0.0
2004-06-21 00:00:00+00:00,0.0
2004-06-22 00:00:00+00:00,0.0
2004-06-23 00:00:00+00:00,0.0
2004-06-24 00:00:00+00:00,0.0
2004-06-25 00:00:00+00:00,0.0
2004-06-28 00:00:00+00:00,0.0
2004-06-29 00:00:00+00:00,0.0
2004-06-30 00:00:00+00:00,0.0
2004-07-01 00:00:00+00:00,0.0
2004-07-02 00:00:00+00:00,0.0
2004-07-06 00:00:00+00:00,0.0
2004-07-07 00:00:00+00:00,0.0
2004-07-08 00:00:00+00:00,0.0
2004-07-09 00:00:00+00:00,0.0
2004-07-12 00:00:00+00:00,0.0
2004-07-13 00:00:00+00:00,0.0
2004-07-14 00:00:00+00:00,0.0
2004-07-15 00:00:00+00:00,0.0
2004-07-16 00:00:00+00:00,0.0
2004-07-19 00:00:00+00:00,0.0
2004-07-20 00:00:00+00:00,0.0
2004-07-21 00:00:00+00:00,0.0
2004-07-22 00:00:00+00:00,0.0
2004-07-23 00:00:00+00:00,0.0
2004-07-26 00:00:00+00:00,0.0
2004-07-27 00:00:00+00:00,0.0
2004-07-28 00:00:00+00:00,0.0
2004-07-29 00:00:00+00:00,0.0
2004-07-30 00:00:00+00:00,0.0
2004-08-02 00:00:00+00:00,0.0
2004-08-03 00:00:00+00:00,0.0
2004-08-04 00:00:00+00:00,0.0
2004-08-05 00:00:00+00:00,0.0
2004-08-06 00:00:00+00:00,0.0
2004-08-09 00:00:00+00:00,0.0
2004-08-10 00:00:00+00:00,0.0
2004-08-11 00:00:00+00:00,0.0
2004-08-12 00:00:00+00:00,0.0
2004-08-13 00:00:00+00:00,0.0
2004-08-16 00:00:00+00:00,0.0
2004-08-17 00:00:00+00:00,0.0
2004-08-18 00:00:00+00:00,0.0
2004-08-19 00:00:00+00:00,0.0
2004-08-20 00:00:00+00:00,0.0
2004-08-23 00:00:00+00:00,0.0
2004-08-24 00:00:00+00:00,0.0
2004-08-25 00:00:00+00:00,0.0
2004-08-26 00:00:00+00:00,0.0
2004-08-27 00:00:00+00:00,0.0
2004-08-30 00:00:00+00:00,0.0
2004-08-31 00:00:00+00:00,0.0
2004-09-01 00:00:00+00:00,0.0
2004-09-02 00:00:00+00:00,0.0
2004-09-03 00:00:00+00:00,0.0
2004-09-07 00:00:00+00:00,0.0
2004-09-08 00:00:00+00:00,0.0
2004-09-09 00:00:00+00:00,0.0
2004-09-10 00:00:00+00:00,0.0
2004-09-13 00:00:00+00:00,0.0
2004-09-14 00:00:00+00:00,0.0
2004-09-15 00:00:00+00:00,0.0
2004-09-16 00:00:00+00:00,0.0
2004-09-17 00:00:00+00:00,0.0
2004-09-20 00:00:00+00:00,0.0
2004-09-21 00:00:00+00:00,0.0
2004-09-22 00:00:00+00:00,0.0
2004-09-23 00:00:00+00:00,0.0
2004-09-24 00:00:00+00:00,0.0
2004-09-27 00:00:00+00:00,0.0
2004-09-28 00:00:00+00:00,0.0
2004-09-29 00:00:00+00:00,0.0
2004-09-30 00:00:00+00:00,0.0
2004-10-01 00:00:00+00:00,0.0
2004-10-04 00:00:00+00:00,0.0
2004-10-05 00:00:00+00:00,0.0
2004-10-06 00:00:00+00:00,0.0
2004-10-07 00:00:00+00:00,0.0
2004-10-08 00:00:00+00:00,0.0
2004-10-11 00:00:00+00:00,0.0
2004-10-12 00:00:00+00:00,0.0
2004-10-13 00:00:00+00:00,0.0
2004-10-14 00:00:00+00:00,0.0
2004-10-15 00:00:00+00:00,0.0
2004-10-18 00:00:00+00:00,0.0
2004-10-19 00:00:00+00:00,0.0
2004-10-20 00:00:00+00:00,0.0
2004-10-21 00:00:00+00:00,0.0
2004-10-22 00:00:00+00:00,0.0
2004-10-25 00:00:00+00:00,0.0
2004-10-26 00:00:00+00:00,0.0
2004-10-27 00:00:00+00:00,0.0
2004-10-28 00:00:00+00:00,0.0
2004-10-29 00:00:00+00:00,0.0
2004-11-01 00:00:00+00:00,0.0
2004-11-02 00:00:00+00:00,0.0
2004-11-03 00:00:00+00:00,0.0
2004-11-04 00:00:00+00:00,0.0
2004-11-05 00:00:00+00:00,0.0
2004-11-08 00:00:00+00:00,0.0
2004-11-09 00:00:00+00:00,0.0
2004-11-10 00:00:00+00:00,0.0
2004-11-11 00:00:00+00:00,0.0
2004-11-12 00:00:00+00:00,0.0
2004-11-15 00:00:00+00:00,0.0
2004-11-16 00:00:00+00:00,0.0
2004-11-17 00:00:00+00:00,0.0
2004-11-18 00:00:00+00:00,0.0
2004-11-19 00:00:00+00:00,0.0
2004-11-22 00:00:00+00:00,0.0
2004-11-23 00:00:00+00:00,0.0
2004-11-24 00:00:00+00:00,0.0
2004-11-26 00:00:00+00:00,0.0
2004-11-29 00:00:00+00:00,0.0
2004-11-30 00:00:00+00:00,0.0
2004-12-01 00:00:00+00:00,0.0
2004-12-02 00:00:00+00:00,0.0
2004-12-03 00:00:00+00:00,0.0
2004-12-06 00:00:00+00:00,0.0
2004-12-07 00:00:00+00:00,0.0
2004-12-08 00:00:00+00:00,0.0
2004-12-09 00:00:00+00:00,0.0
2004-12-10 00:00:00+00:00,0.0
2004-12-13 00:00:00+00:00,0.0
2004-12-14 00:00:00+00:00,0.0
2004-12-15 00:00:00+00:00,0.0
2004-12-16 00:00:00+00:00,0.0
2004-12-17 00:00:00+00:00,0.0
2004-12-20 00:00:00+00:00,0.0
2004-12-21 00:00:00+00:00,0.0
2004-12-22 00:00:00+00:00,0.0
2004-12-23 00:00:00+00:00,0.0
2004-12-27 00:00:00+00:00,0.0
2004-12-28 00:00:00+00:00,0.0
2004-12-29 00:00:00+00:00,0.0
2004-12-30 00:00:00+00:00,0.0
2004-12-31 00:00:00+00:00,0.0
2005-01-03 00:00:00+00:00,0.0
2005-01-04 00:00:00+00:00,0.0
2005-01-05 00:00:00+00:00,0.0
2005-01-06 00:00:00+00:00,0.0
2005-01-07 00:00:00+00:00,0.0
2005-01-10 00:00:00+00:00,0.0
2005-01-11 00:00:00+00:00,0.0
2005-01-12 00:00:00+00:00,0.0
2005-01-13 00:00:00+00:00,0.0
2005-01-14 00:00:00+00:00,0.0
2005-01-18 00:00:00+00:00,0.0
2005-01-19 00:00:00+00:00,0.0
2005-01-20 00:00:00+00:00,0.0
2005-01-21 00:00:00+00:00,0.0
2005-01-24 00:00:00+00:00,0.0
2005-01-25 00:00:00+00:00,0.0
2005-01-26 00:00:00+00:00,0.0
2005-01-27 00:00:00+00:00,0.0
2005-01-28 00:00:00+00:00,0.0
2005-01-31 00:00:00+00:00,0.0
2005-02-01 00:00:00+00:00,0.0
2005-02-02 00:00:00+00:00,0.0
2005-02-03 00:00:00+00:00,0.0
2005-02-04 00:00:00+00:00,0.0
2005-02-07 00:00:00+00:00,0.0
2005-02-08 00:00:00+00:00,0.0
2005-02-09 00:00:00+00:00,0.0
2005-02-10 00:00:00+00:00,0.0
2005-02-11 00:00:00+00:00,0.0
2005-02-14 00:00:00+00:00,0.0
2005-02-15 00:00:00+00:00,0.0
2005-02-16 00:00:00+00:00,0.0
2005-02-17 00:00:00+00:00,0.0
2005-02-18 00:00:00+00:00,0.0
2005-02-22 00:00:00+00:00,0.0
2005-02-23 00:00:00+00:00,0.0
2005-02-24 00:00:00+00:00,0.0
2005-02-25 00:00:00+00:00,0.0
2005-02-28 00:00:00+00:00,0.0
2005-03-01 00:00:00+00:00,0.0
2005-03-02 00:00:00+00:00,0.0
2005-03-03 00:00:00+00:00,0.0
2005-03-04 00:00:00+00:00,0.0
2005-03-07 00:00:00+00:00,0.0
2005-03-08 00:00:00+00:00,0.0
2005-03-09 00:00:00+00:00,0.0
2005-03-10 00:00:00+00:00,0.0
2005-03-11 00:00:00+00:00,0.0
2005-03-14 00:00:00+00:00,0.0
2005-03-15 00:00:00+00:00,0.0
2005-03-16 00:00:00+00:00,0.0
2005-03-17 00:00:00+00:00,0.0
2005-03-18 00:00:00+00:00,0.0
2005-03-21 00:00:00+00:00,0.0
2005-03-22 00:00:00+00:00,0.0
2005-03-23 00:00:00+00:00,0.0
2005-03-24 00:00:00+00:00,0.0
2005-03-28 00:00:00+00:00,0.0
2005-03-29 00:00:00+00:00,0.0
2005-03-30 00:00:00+00:00,0.0
2005-03-31 00:00:00+00:00,0.0
2005-04-01 00:00:00+00:00,0.0
2005-04-04 00:00:00+00:00,0.0
2005-04-05 00:00:00+00:00,0.0
2005-04-06 00:00:00+00:00,0.0
2005-04-07 00:00:00+00:00,0.0
2005-04-08 00:00:00+00:00,0.0
2005-04-11 00:00:00+00:00,0.0
2005-04-12 00:00:00+00:00,0.0
2005-04-13 00:00:00+00:00,0.0
2005-04-14 00:00:00+00:00,0.0
2005-04-15 00:00:00+00:00,0.0
2005-04-18 00:00:00+00:00,0.0
2005-04-19 00:00:00+00:00,0.0
2005-04-20 00:00:00+00:00,0.0
2005-04-21 00:00:00+00:00,0.0
2005-04-22 00:00:00+00:00,0.0
2005-04-25 00:00:00+00:00,0.0
2005-04-26 00:00:00+00:00,0.0
2005-04-27 00:00:00+00:00,0.0
2005-04-28 00:00:00+00:00,0.0
2005-04-29 00:00:00+00:00,0.0
2005-05-02 00:00:00+00:00,0.0
2005-05-03 00:00:00+00:00,0.0
2005-05-04 00:00:00+00:00,0.0
2005-05-05 00:00:00+00:00,0.0
2005-05-06 00:00:00+00:00,0.0
2005-05-09 00:00:00+00:00,0.0
2005-05-10 00:00:00+00:00,0.0
2005-05-11 00:00:00+00:00,0.0
2005-05-12 00:00:00+00:00,0.0
2005-05-13 00:00:00+00:00,0.0
2005-05-16 00:00:00+00:00,0.0
2005-05-17 00:00:00+00:00,0.0
2005-05-18 00:00:00+00:00,0.0
2005-05-19 00:00:00+00:00,0.0
2005-05-20 00:00:00+00:00,0.0
2005-05-23 00:00:00+00:00,0.0
2005-05-24 00:00:00+00:00,0.0
2005-05-25 00:00:00+00:00,0.0
2005-05-26 00:00:00+00:00,0.0
2005-05-27 00:00:00+00:00,0.0
2005-05-31 00:00:00+00:00,0.0
2005-06-01 00:00:00+00:00,0.0
2005-06-02 00:00:00+00:00,0.0
2005-06-03 00:00:00+00:00,0.0
2005-06-06 00:00:00+00:00,0.0
2005-06-07 00:00:00+00:00,0.0
2005-06-08 00:00:00+00:00,0.0
2005-06-09 00:00:00+00:00,0.0
2005-06-10 00:00:00+00:00,0.0
2005-06-13 00:00:00+00:00,0.0
2005-06-14 00:00:00+00:00,0.0
2005-06-15 00:00:00+00:00,0.0
2005-06-16 00:00:00+00:00,0.0
2005-06-17 00:00:00+00:00,0.0
2005-06-20 00:00:00+00:00,0.0
2005-06-21 00:00:00+00:00,0.0
2005-06-22 00:00:00+00:00,0.0
2005-06-23 00:00:00+00:00,0.0
2005-06-24 00:00:00+00:00,0.0
2005-06-27 00:00:00+00:00,0.0
2005-06-28 00:00:00+00:00,0.0
2005-06-29 00:00:00+00:00,0.0
2005-06-30 00:00:00+00:00,0.0
2005-07-01 00:00:00+00:00,0.0
2005-07-05 00:00:00+00:00,0.0
2005-07-06 00:00:00+00:00,0.0
2005-07-07 00:00:00+00:00,0.0
2005-07-08 00:00:00+00:00,0.0
2005-07-11 00:00:00+00:00,0.0
2005-07-12 00:00:00+00:00,0.0
2005-07-13 00:00:00+00:00,0.0
2005-07-14 00:00:00+00:00,0.0
2005-07-15 00:00:00+00:00,0.0
2005-07-18 00:00:00+00:00,0.0
2005-07-19 00:00:00+00:00,0.0
2005-07-20 00:00:00+00:00,0.0
2005-07-21 00:00:00+00:00,0.0
2005-07-22 00:00:00+00:00,0.0
2005-07-25 00:00:00+00:00,0.0
2005-07-26 00:00:00+00:00,0.0
2005-07-27 00:00:00+00:00,0.0
2005-07-28 00:00:00+00:00,0.0
2005-07-29 00:00:00+00:00,0.0
2005-08-01 00:00:00+00:00,0.0
2005-08-02 00:00:00+00:00,0.0
2005-08-03 00:00:00+00:00,0.0
2005-08-04 00:00:00+00:00,0.0
2005-08-05 00:00:00+00:00,0.0
2005-08-08 00:00:00+00:00,0.0
2005-08-09 00:00:00+00:00,0.0
2005-08-10 00:00:00+00:00,0.0
2005-08-11 00:00:00+00:00,0.0
2005-08-12 00:00:00+00:00,0.0
2005-08-15 00:00:00+00:00,0.0
2005-08-16 00:00:00+00:00,0.0
2005-08-17 00:00:00+00:00,0.0
2005-08-18 00:00:00+00:00,0.0
2005-08-19 00:00:00+00:00,0.0
2005-08-22 00:00:00+00:00,0.0
2005-08-23 00:00:00+00:00,0.0
2005-08-24 00:00:00+00:00,0.0
2005-08-25 00:00:00+00:00,0.0
2005-08-26 00:00:00+00:00,0.0
2005-08-29 00:00:00+00:00,0.0
2005-08-30 00:00:00+00:00,0.0
2005-08-31 00:00:00+00:00,0.0
2005-09-01 00:00:00+00:00,0.0
2005-09-02 00:00:00+00:00,0.0
2005-09-06 00:00:00+00:00,0.0
2005-09-07 00:00:00+00:00,0.0
2005-09-08 00:00:00+00:00,0.0
2005-09-09 00:00:00+00:00,0.0
2005-09-12 00:00:00+00:00,0.0
2005-09-13 00:00:00+00:00,0.0
2005-09-14 00:00:00+00:00,0.0
2005-09-15 00:00:00+00:00,0.0
2005-09-16 00:00:00+00:00,0.0
2005-09-19 00:00:00+00:00,0.0
2005-09-20 00:00:00+00:00,0.0
2005-09-21 00:00:00+00:00,0.0
2005-09-22 00:00:00+00:00,0.0
2005-09-23 00:00:00+00:00,0.0
2005-09-26 00:00:00+00:00,0.0
2005-09-27 00:00:00+00:00,0.0
2005-09-28 00:00:00+00:00,0.0
2005-09-29 00:00:00+00:00,0.0
2005-09-30 00:00:00+00:00,0.0
2005-10-03 00:00:00+00:00,0.0
2005-10-04 00:00:00+00:00,0.0
2005-10-05 00:00:00+00:00,0.0
2005-10-06 00:00:00+00:00,0.0
2005-10-07 00:00:00+00:00,0.0
2005-10-10 00:00:00+00:00,0.0
2005-10-11 00:00:00+00:00,0.0
2005-10-12 00:00:00+00:00,0.0
2005-10-13 00:00:00+00:00,0.0
2005-10-14 00:00:00+00:00,0.0
2005-10-17 00:00:00+00:00,0.0
2005-10-18 00:00:00+00:00,0.0
2005-10-19 00:00:00+00:00,0.0
2005-10-20 00:00:00+00:00,0.0
2005-10-21 00:00:00+00:00,0.0
2005-10-24 00:00:00+00:00,0.0
2005-10-25 00:00:00+00:00,0.0
2005-10-26 00:00:00+00:00,0.0
2005-10-27 00:00:00+00:00,0.0
2005-10-28 00:00:00+00:00,0.0
2005-10-31 00:00:00+00:00,0.0
2005-11-01 00:00:00+00:00,0.0
2005-11-02 00:00:00+00:00,0.0
2005-11-03 00:00:00+00:00,0.0
2005-11-04 00:00:00+00:00,0.0
2005-11-07 00:00:00+00:00,0.0
2005-11-08 00:00:00+00:00,0.0
2005-11-09 00:00:00+00:00,0.0
2005-11-10 00:00:00+00:00,0.0
2005-11-11 00:00:00+00:00,0.0
2005-11-14 00:00:00+00:00,0.0
2005-11-15 00:00:00+00:00,0.0
2005-11-16 00:00:00+00:00,0.0
2005-11-17 00:00:00+00:00,0.0
2005-11-18 00:00:00+00:00,0.0
2005-11-21 00:00:00+00:00,0.0
2005-11-22 00:00:00+00:00,0.0
2005-11-23 00:00:00+00:00,0.0
2005-11-25 00:00:00+00:00,0.0
2005-11-28 00:00:00+00:00,0.0
2005-11-29 00:00:00+00:00,0.0
2005-11-30 00:00:00+00:00,0.0
2005-12-01 00:00:00+00:00,0.0
2005-12-02 00:00:00+00:00,0.0
2005-12-05 00:00:00+00:00,0.0
2005-12-06 00:00:00+00:00,0.0
2005-12-07 00:00:00+00:00,0.0
2005-12-08 00:00:00+00:00,0.0
2005-12-09 00:00:00+00:00,0.0
2005-12-12 00:00:00+00:00,0.0
2005-12-13 00:00:00+00:00,0.0
2005-12-14 00:00:00+00:00,0.0
2005-12-15 00:00:00+00:00,0.0
2005-12-16 00:00:00+00:00,0.0
2005-12-19 00:00:00+00:00,0.0
2005-12-20 00:00:00+00:00,0.0
2005-12-21 00:00:00+00:00,0.0
2005-12-22 00:00:00+00:00,0.0
2005-12-23 00:00:00+00:00,0.0
2005-12-27 00:00:00+00:00,0.0
2005-12-28 00:00:00+00:00,0.0
2005-12-29 00:00:00+00:00,0.0
2005-12-30 00:00:00+00:00,0.0
2006-01-03 00:00:00+00:00,0.0
2006-01-04 00:00:00+00:00,0.0
2006-01-05 00:00:00+00:00,0.0
2006-01-06 00:00:00+00:00,0.0
2006-01-09 00:00:00+00:00,0.0
2006-01-10 00:00:00+00:00,0.0
2006-01-11 00:00:00+00:00,0.0
2006-01-12 00:00:00+00:00,0.0
2006-01-13 00:00:00+00:00,0.0
2006-01-17 00:00:00+00:00,0.0
2006-01-18 00:00:00+00:00,0.0
2006-01-19 00:00:00+00:00,0.0
2006-01-20 00:00:00+00:00,0.0
2006-01-23 00:00:00+00:00,0.0
2006-01-24 00:00:00+00:00,0.0
2006-01-25 00:00:00+00:00,0.0
2006-01-26 00:00:00+00:00,0.0
2006-01-27 00:00:00+00:00,0.0
2006-01-30 00:00:00+00:00,0.0
2006-01-31 00:00:00+00:00,0.0
2006-02-01 00:00:00+00:00,-0.007729111169384378
2006-02-02 00:00:00+00:00,-0.01797109773470168
2006-02-03 00:00:00+00:00,-0.010442369028988735
2006-02-06 00:00:00+00:00,0.018821620336979095
2006-02-07 00:00:00+00:00,-0.031620672845232706
2006-02-08 00:00:00+00:00,0.0032378776456257197
2006-02-09 00:00:00+00:00,-0.003146047563335419
2006-02-10 00:00:00+00:00,-0.005831028092401158
2006-02-13 00:00:00+00:00,-0.018582783938354636
2006-02-14 00:00:00+00:00,0.012772810149723313
2006-02-15 00:00:00+00:00,0.003640934055644779
2006-02-16 00:00:00+00:00,0.02927313426732625
2006-02-17 00:00:00+00:00,0.0025565568392738325
2006-02-21 00:00:00+00:00,-0.004356856018169347
2006-02-22 00:00:00+00:00,0.003824341741322207
2006-02-23 00:00:00+00:00,0.0038896935682808387
2006-02-24 00:00:00+00:00,0.00560578463145428
2006-02-27 00:00:00+00:00,-0.005787167833347845
2006-02-28 00:00:00+00:00,-0.014377864583777017
2006-03-01 00:00:00+00:00,0.025147885358525718
2006-03-02 00:00:00+00:00,-0.0031899795818346455
2006-03-03 00:00:00+00:00,-0.010142650413644677
2006-03-06 00:00:00+00:00,-0.019337819881843465
2006-03-07 00:00:00+00:00,-0.025511492209489284
2006-03-08 00:00:00+00:00,-0.0042156982848879365
2006-03-09 00:00:00+00:00,-0.006389038414449738
2006-03-10 00:00:00+00:00,0.0162714932182903
2006-03-13 00:00:00+00:00,0.00600774502595966
2006-03-14 00:00:00+00:00,0.023998055724397505
2006-03-15 00:00:00+00:00,0.010867739013204758
2006-03-16 00:00:00+00:00,-0.003183782404888591
2006-03-17 00:00:00+00:00,0.004282075445821154
2006-03-20 00:00:00+00:00,0.004610762721854705
2006-03-21 00:00:00+00:00,-0.02126132203630221
2006-03-22 00:00:00+00:00,0.012972185840373351
2006-03-23 00:00:00+00:00,-0.014786884459273564
2006-03-24 00:00:00+00:00,0.00972601121111627
2006-03-27 00:00:00+00:00,-0.004087545783805352
2006-03-28 00:00:00+00:00,-0.024080561181467453
2006-03-29 00:00:00+00:00,0.02436087672153775
2006-03-30 00:00:00+00:00,0.008792148377497422
2006-03-31 00:00:00+00:00,0.0008238573791783388
2006-04-03 00:00:00+00:00,0.026216213359447516
2006-04-04 00:00:00+00:00,0.0017179207449194989
2006-04-05 00:00:00+00:00,0.00814202152718313
2006-04-06 00:00:00+00:00,-0.000134335096709709
2006-04-07 00:00:00+00:00,-0.017203379315103018
2006-04-10 00:00:00+00:00,-0.0022577672722129127
2006-04-11 00:00:00+00:00,-0.008230968773983577
2006-04-12 00:00:00+00:00,0.0011729815622240902
2006-04-13 00:00:00+00:00,-0.0015040437640923
2006-04-17 00:00:00+00:00,0.00960667868578946
2006-04-18 00:00:00+00:00,0.03289181091096349
2006-04-19 00:00:00+00:00,0.004924844620394442
2006-04-20 00:00:00+00:00,-0.005253103221833533
2006-04-21 00:00:00+00:00,0.011010323121006027
2006-04-24 00:00:00+00:00,-0.010240428919181338
2006-04-25 00:00:00+00:00,-0.005430949305996691
2006-04-26 00:00:00+00:00,0.016702427727240343
2006-04-27 00:00:00+00:00,-0.010409410354453336
2006-04-28 00:00:00+00:00,0.012122341404919329
2006-05-01 00:00:00+00:00,0.004894495580153729
2006-05-02 00:00:00+00:00,0.018899043065855214
2006-05-03 00:00:00+00:00,0.0006064885008480458
2006-05-04 00:00:00+00:00,0.0060487263635264354
2006-05-05 00:00:00+00:00,0.0161041872495718
2006-05-08 00:00:00+00:00,0.006444059275996894
2006-05-09 00:00:00+00:00,0.007294074456359434
2006-05-10 00:00:00+00:00,-0.008944756470500415
2006-05-11 00:00:00+00:00,-0.026601668864684014
2006-05-12 00:00:00+00:00,-0.0261108903896764
2006-05-15 00:00:00+00:00,-0.019144997518438955
2006-05-16 00:00:00+00:00,0.0055872579829684965
2006-05-17 00:00:00+00:00,-0.04065560067240412
2006-05-18 00:00:00+00:00,-0.010915338688750637
2006-05-19 00:00:00+00:00,0.009140139185472212
2006-05-22 00:00:00+00:00,-0.04484830903963152
2006-05-23 00:00:00+00:00,-0.014702722394848405
2006-05-24 00:00:00+00:00,-0.009926798923731661
2006-05-25 00:00:00+00:00,0.04097397341886122
2006-05-26 00:00:00+00:00,0.014433890464881916
2006-05-30 00:00:00+00:00,-0.04724784085936609
2006-05-31 00:00:00+00:00,0.0071495809218215245
2006-06-01 00:00:00+00:00,0.025230059508824454
2006-06-02 00:00:00+00:00,0.008855031699063626
2006-06-05 00:00:00+00:00,-0.03283279386909596
2006-06-06 00:00:00+00:00,-0.010233090557482727
2006-06-07 00:00:00+00:00,-0.02761364748700046
2006-06-08 00:00:00+00:00,-0.014508692980124333
2006-06-09 00:00:00+00:00,-0.014544764707732527
2006-06-12 00:00:00+00:00,-0.03672135106350802
2006-06-13 00:00:00+00:00,-0.030336777677656385
2006-06-14 00:00:00+00:00,0.02379698174793088
2006-06-15 00:00:00+00:00,0.06100173983109969
2006-06-16 00:00:00+00:00,-0.0065300490862347516
2006-06-19 00:00:00+00:00,-0.02696973887773832
2006-06-20 00:00:00+00:00,0.010939237953867309
2006-06-21 00:00:00+00:00,0.032083484458068356
2006-06-22 00:00:00+00:00,-0.007690000059332791
2006-06-23 00:00:00+00:00,0.00279612071373056
2006-06-26 00:00:00+00:00,0.0004246992679927397
2006-06-27 00:00:00+00:00,-0.0193849583748332
2006-06-28 00:00:00+00:00,0.02152708766598621
2006-06-29 00:00:00+00:00,0.05744149480526378
2006-06-30 00:00:00+00:00,0.00838803704742297
2006-07-03 00:00:00+00:00,0.029070145519473067
2006-07-05 00:00:00+00:00,-0.03297452937633519
2006-07-06 00:00:00+00:00,0.021101578407357213
2006-07-07 00:00:00+00:00,-0.012978018764322752
2006-07-10 00:00:00+00:00,0.003988497067318547
2006-07-11 00:00:00+00:00,0.003137704094759941
2006-07-12 00:00:00+00:00,-0.021789550373004896
2006-07-13 00:00:00+00:00,-0.03423626524031703
2006-07-14 00:00:00+00:00,-0.002918604536354813
2006-07-17 00:00:00+00:00,-0.011222207434012199
2006-07-18 00:00:00+00:00,0.013561755531586644
2006-07-19 00:00:00+00:00,0.046318870489532316
2006-07-20 00:00:00+00:00,-0.0200997460157063
2006-07-21 00:00:00+00:00,-0.01061996531147072
2006-07-24 00:00:00+00:00,0.03339448283768498
2006-07-25 00:00:00+00:00,0.0062656283722342665
2006-07-26 00:00:00+00:00,-0.006047747204317194
2006-07-27 00:00:00+00:00,0.014647210679325617
2006-07-28 00:00:00+00:00,0.020126148060989002
2006-07-31 00:00:00+00:00,-0.009247399356358738
2006-08-01 00:00:00+00:00,-0.01332921829243941
2006-08-02 00:00:00+00:00,0.015549308470166667
2006-08-03 00:00:00+00:00,-0.00019262795013977319
2006-08-04 00:00:00+00:00,0.00859311392865264
2006-08-07 00:00:00+00:00,-0.008069136018277023
2006-08-08 00:00:00+00:00,-0.001645084545296771
2006-08-09 00:00:00+00:00,-0.0027295096033204125
2006-08-10 00:00:00+00:00,0.008062419691472589
2006-08-11 00:00:00+00:00,-0.006478006148932097
2006-08-14 00:00:00+00:00,-0.0017397185657691272
2006-08-15 00:00:00+00:00,0.023175054901035552
2006-08-16 00:00:00+00:00,0.015438066347502888
2006-08-17 00:00:00+00:00,-0.0031292938209904197
2006-08-18 00:00:00+00:00,5.665378200514493e-06
2006-08-21 00:00:00+00:00,-0.007502260372197284
2006-08-22 00:00:00+00:00,-0.001478306026778703
2006-08-23 00:00:00+00:00,-0.020126053096363145
2006-08-24 00:00:00+00:00,-0.003334548401335652
2006-08-25 00:00:00+00:00,0.0016956276132081283
2006-08-28 00:00:00+00:00,0.01265977084400477
2006-08-29 00:00:00+00:00,0.004573515372088277
2006-08-30 00:00:00+00:00,0.00012827381703972573
2006-08-31 00:00:00+00:00,-0.004570189381056355
2006-09-01 00:00:00+00:00,0.014782726391389056
2006-09-05 00:00:00+00:00,0.008605220732291141
2006-09-06 00:00:00+00:00,-0.027364670556698584
2006-09-07 00:00:00+00:00,-0.008427442496158788
2006-09-08 00:00:00+00:00,0.00192313537800462
2006-09-11 00:00:00+00:00,-0.020689252236262695
2006-09-12 00:00:00+00:00,0.018562343148936566
2006-09-13 00:00:00+00:00,0.008422411265146257
2006-09-14 00:00:00+00:00,-0.005323668408592774
2006-09-15 00:00:00+00:00,0.002709514365259208
2006-09-18 00:00:00+00:00,0.012932873082727725
2006-09-19 00:00:00+00:00,-0.014029894813166771
2006-09-20 00:00:00+00:00,0.0038624762084299713
2006-09-21 00:00:00+00:00,-0.019156768579134925
2006-09-22 00:00:00+00:00,-0.009878955892054397
2006-09-25 00:00:00+00:00,0.007009941247751894
2006-09-26 00:00:00+00:00,0.015642282761180126
2006-09-27 00:00:00+00:00,0.005508518486696645
2006-09-28 00:00:00+00:00,0.010893636628125758
2006-09-29 00:00:00+00:00,-0.002642356302050175
2006-10-02 00:00:00+00:00,0.0016369355557208092
2006-10-03 00:00:00+00:00,-0.011921551633296251
2006-10-04 00:00:00+00:00,0.019524470577570396
2006-10-05 00:00:00+00:00,0.010514499787820986
2006-10-06 00:00:00+00:00,-0.0029791372005772976
2006-10-09 00:00:00+00:00,0.0042666611941736265
2006-10-10 00:00:00+00:00,0.00836944138062723
2006-10-11 00:00:00+00:00,-0.004503313213535587
2006-10-12 00:00:00+00:00,0.01657816882812302
2006-10-13 00:00:00+00:00,0.00731219196076105
2006-10-16 00:00:00+00:00,0.006097174935922212
2006-10-17 00:00:00+00:00,-0.009147173423438959
2006-10-18 00:00:00+00:00,0.001972101699736384
2006-10-19 00:00:00+00:00,0.006017775766430755
2006-10-20 00:00:00+00:00,-0.0016119899428237994
2006-10-23 00:00:00+00:00,0.005037771063336638
2006-10-24 00:00:00+00:00,0.0049211367875608425
2006-10-25 00:00:00+00:00,0.007261156739525709
2006-10-26 00:00:00+00:00,0.0028073912508643772
2006-10-27 00:00:00+00:00,-0.011275678279847462
2006-10-30 00:00:00+00:00,-0.010501860236734328
2006-10-31 00:00:00+00:00,0.014436568122042914
2006-11-01 00:00:00+00:00,-0.002844617488986345
2006-11-02 00:00:00+00:00,-0.0012641634500357157
2006-11-03 00:00:00+00:00,0.005660514649631604
2006-11-06 00:00:00+00:00,0.0220834636145551
2006-11-07 00:00:00+00:00,-0.0057148637574668815
2006-11-08 00:00:00+00:00,0.006419093897782835
2006-11-09 00:00:00+00:00,-0.004130441366085147
2006-11-10 00:00:00+00:00,-0.000767538326060635
2006-11-13 00:00:00+00:00,0.00028317531390767425
2006-11-14 00:00:00+00:00,0.013734433715500538
2006-11-15 00:00:00+00:00,0.0044695611322551065
2006-11-16 00:00:00+00:00,-0.01123182569331832
2006-11-17 00:00:00+00:00,-0.0020596399136216526
2006-11-20 00:00:00+00:00,-0.0010130296057426769
2006-11-21 00:00:00+00:00,0.01237372593047631
2006-11-22 00:00:00+00:00,0.005132132045606919
2006-11-24 00:00:00+00:00,-0.0019812862909675266
2006-11-27 00:00:00+00:00,-0.023218696004985134
2006-11-28 00:00:00+00:00,0.008889956121075071
2006-11-29 00:00:00+00:00,0.020824300328632972
2006-11-30 00:00:00+00:00,0.000849633514612258
2006-12-01 00:00:00+00:00,-0.006405463136695849
2006-12-04 00:00:00+00:00,0.02279976050121224
2006-12-05 00:00:00+00:00,0.01489737115203954
2006-12-06 00:00:00+00:00,-0.004162436245837814
2006-12-07 00:00:00+00:00,-0.001053735823402513
2006-12-08 00:00:00+00:00,0.002927950050646777
2006-12-11 00:00:00+00:00,0.0012789676825180896
2006-12-12 00:00:00+00:00,-0.008188300211569882
2006-12-13 00:00:00+00:00,0.005426220321573805
2006-12-14 00:00:00+00:00,0.010567934025123404
2006-12-15 00:00:00+00:00,0.002001336746382615
2006-12-18 00:00:00+00:00,-0.006070428969208674
2006-12-19 00:00:00+00:00,-0.0020338969337421464
2006-12-20 00:00:00+00:00,0.0010411358255104641
2006-12-21 00:00:00+00:00,-0.00036810210522530973
2006-12-22 00:00:00+00:00,-0.0009561492679517336
2006-12-26 00:00:00+00:00,0.006374626737785188
2006-12-27 00:00:00+00:00,0.016158908804138117
2006-12-28 00:00:00+00:00,0.0017668320466453502
2006-12-29 00:00:00+00:00,0.002212398709161817
2007-01-03 00:00:00+00:00,-0.005472636148843191
2007-01-04 00:00:00+00:00,-0.013391432904952566
2007-01-05 00:00:00+00:00,-0.020337504486838215
2007-01-08 00:00:00+00:00,0.007004314276195522
2007-01-09 00:00:00+00:00,-0.020952427953731645
2007-01-10 00:00:00+00:00,-0.0010296285059949173
2007-01-11 00:00:00+00:00,0.007026281077186808
2007-01-12 00:00:00+00:00,0.017358000676063856
2007-01-16 00:00:00+00:00,-0.003407662831619973
2007-01-17 00:00:00+00:00,0.002344254625466502
2007-01-18 00:00:00+00:00,-0.008858645401106702
2007-01-19 00:00:00+00:00,0.019187748316840225
2007-01-22 00:00:00+00:00,-0.0009397999178879513
2007-01-23 00:00:00+00:00,0.023326230166405282
2007-01-24 00:00:00+00:00,0.010320462168921019
2007-01-25 00:00:00+00:00,-0.025815410101151293
2007-01-26 00:00:00+00:00,0.005777818167003734
2007-01-29 00:00:00+00:00,-0.012967585320510372
2007-01-30 00:00:00+00:00,0.01700542298821589
2007-01-31 00:00:00+00:00,0.011930304781713474
2007-02-01 00:00:00+00:00,0.00960369086977128
2007-02-02 00:00:00+00:00,0.0016042131370424817
2007-02-05 00:00:00+00:00,0.002339938188057278
2007-02-06 00:00:00+00:00,0.00647175006010553
2007-02-07 00:00:00+00:00,0.002976577408443648
2007-02-08 00:00:00+00:00,0.00033419290436378923
2007-02-09 00:00:00+00:00,-0.006729046577574477
2007-02-12 00:00:00+00:00,-0.0034760425044675913
2007-02-13 00:00:00+00:00,0.011827121857900968
2007-02-14 00:00:00+00:00,0.011791206993390257
2007-02-15 00:00:00+00:00,-0.002309371905155788
2007-02-16 00:00:00+00:00,-0.000204739672500176
2007-02-20 00:00:00+00:00,0.0024741346641153905
2007-02-21 00:00:00+00:00,-0.002417664330154501
2007-02-22 00:00:00+00:00,-0.0004526658895739055
2007-02-23 00:00:00+00:00,0.0002479531222601694
2007-02-26 00:00:00+00:00,-0.0010236572335359795
2007-02-27 00:00:00+00:00,-0.051115724958935876
2007-02-28 00:00:00+00:00,0.014894684465889041
2007-03-01 00:00:00+00:00,-0.007802490876413548
2007-03-02 00:00:00+00:00,-0.013324106036553485
2007-03-05 00:00:00+00:00,-0.01731553965675539
2007-03-06 00:00:00+00:00,0.026262849437705016
2007-03-07 00:00:00+00:00,-0.004978471269682178
2007-03-08 00:00:00+00:00,0.015211521945667217
2007-03-09 00:00:00+00:00,0.0068006893544657054
2007-03-12 00:00:00+00:00,0.0031686281414083084
2007-03-13 00:00:00+00:00,-0.02467532918077467
2007-03-14 00:00:00+00:00,0.004468103606763307
2007-03-15 00:00:00+00:00,0.007962489674015971
2007-03-16 00:00:00+00:00,-0.0052963963647230106
2007-03-19 00:00:00+00:00,0.01641641713390607
2007-03-20 00:00:00+00:00,0.007170692282472024
2007-03-21 00:00:00+00:00,0.022198519535065575
2007-03-22 00:00:00+00:00,-0.0016263608259662887
2007-03-23 00:00:00+00:00,0.0014006253438507421
2007-03-26 00:00:00+00:00,-0.0005669645505948229
2007-03-27 00:00:00+00:00,-0.006746313437953455
2007-03-28 00:00:00+00:00,-0.00872079961673114
2007-03-29 00:00:00+00:00,0.011119746500572958
2007-03-30 00:00:00+00:00,-0.0008694384190243154
2007-04-02 00:00:00+00:00,0.016082926898819655
2007-04-03 00:00:00+00:00,0.010905887755484123
2007-04-04 00:00:00+00:00,-0.0008541221703655122
2007-04-05 00:00:00+00:00,0.003390316299910684
2007-04-09 00:00:00+00:00,0.008892386318305856
2007-04-10 00:00:00+00:00,-0.0021866975380870624
2007-04-11 00:00:00+00:00,-0.008097066597775843
2007-04-12 00:00:00+00:00,0.007392479705725263
2007-04-13 00:00:00+00:00,0.007163371402648666
2007-04-16 00:00:00+00:00,0.007831499944256387
2007-04-17 00:00:00+00:00,-0.0025811068487971434
2007-04-18 00:00:00+00:00,-0.0018154516118151498
2007-04-19 00:00:00+00:00,-0.0020806101040856673
2007-04-20 00:00:00+00:00,0.011539739593411702
2007-04-23 00:00:00+00:00,-0.003797798471386199
2007-04-24 00:00:00+00:00,-0.0004918678243128749
2007-04-25 00:00:00+00:00,0.009724801514580828
2007-04-26 00:00:00+00:00,-0.005187632124125763
2007-04-27 00:00:00+00:00,-0.002417472228393447
2007-04-30 00:00:00+00:00,-0.014750436073230677
2007-05-01 00:00:00+00:00,0.0007196795194460981
2007-05-02 00:00:00+00:00,0.015376593087376322
2007-05-03 00:00:00+00:00,0.008668191958138671
2007-05-04 00:00:00+00:00,0.006769453254905411
2007-05-07 00:00:00+00:00,0.00562072398506025
2007-05-08 00:00:00+00:00,-0.002519418497593795
2007-05-09 00:00:00+00:00,0.013297954157210246
2007-05-10 00:00:00+00:00,-0.020615259627687427
2007-05-11 00:00:00+00:00,0.0154065961880277
2007-05-14 00:00:00+00:00,-0.005390253505956927
2007-05-15 00:00:00+00:00,0.006983466158525187
2007-05-16 00:00:00+00:00,0.017295216678796355
2007-05-17 00:00:00+00:00,-0.0016743989859817898
2007-05-18 00:00:00+00:00,0.007811651024357769
2007-05-21 00:00:00+00:00,0.003989367518614478
2007-05-22 00:00:00+00:00,-0.0030905068426358706
2007-05-23 00:00:00+00:00,-0.0031791471557200135
2007-05-24 00:00:00+00:00,-0.02321802769175571
2007-05-25 00:00:00+00:00,0.013727745149162474
2007-05-29 00:00:00+00:00,0.0029910513473800637
2007-05-30 00:00:00+00:00,0.018434349225569413
2007-05-31 00:00:00+00:00,0.001952692904268194
2007-06-01 00:00:00+00:00,0.01768255369358579
2007-06-04 00:00:00+00:00,-0.004205418879263012
2007-06-05 00:00:00+00:00,-0.0074157841285060755
2007-06-06 00:00:00+00:00,-0.02310801246479971
2007-06-07 00:00:00+00:00,-0.028671190891607523
2007-06-08 00:00:00+00:00,0.020943672327677132
2007-06-11 00:00:00+00:00,0.01288884647280536
2007-06-12 00:00:00+00:00,-0.016413606447814644
2007-06-13 00:00:00+00:00,0.018061315590531868
2007-06-14 00:00:00+00:00,0.015589798154165002
2007-06-15 00:00:00+00:00,0.019282139050946334
2007-06-18 00:00:00+00:00,-0.00087215278376232
2007-06-19 00:00:00+00:00,-0.0002111630791304664
2007-06-20 00:00:00+00:00,-0.01997161702275163
2007-06-21 00:00:00+00:00,0.010953672096554956
2007-06-22 00:00:00+00:00,-0.012903629533191852
2007-06-25 00:00:00+00:00,-0.007692940173452706
2007-06-26 00:00:00+00:00,-0.011233664696144119
2007-06-27 00:00:00+00:00,0.013729697459563428
2007-06-28 00:00:00+00:00,0.0031400897006585438
2007-06-29 00:00:00+00:00,0.0046155107456868905
2007-07-02 00:00:00+00:00,0.017564515402672426
2007-07-03 00:00:00+00:00,0.006717589268245505
2007-07-05 00:00:00+00:00,0.00750413573654185
2007-07-06 00:00:00+00:00,0.012694807766672533
2007-07-09 00:00:00+00:00,0.0014758167082441487
2007-07-10 00:00:00+00:00,-0.017042680577074892
2007-07-11 00:00:00+00:00,0.010307790229337588
2007-07-12 00:00:00+00:00,0.024599525541745715
2007-07-13 00:00:00+00:00,0.006726070760042474
2007-07-16 00:00:00+00:00,-0.007392125842907327
2007-07-17 00:00:00+00:00,0.0018934532053477005
2007-07-18 00:00:00+00:00,-0.005335693242300904
2007-07-19 00:00:00+00:00,0.009317045628103093
2007-07-20 00:00:00+00:00,-0.009707778315059062
2007-07-23 00:00:00+00:00,0.01485660248057627
2007-07-24 00:00:00+00:00,-0.03410584065560948
2007-07-25 00:00:00+00:00,-0.005452335706082362
2007-07-26 00:00:00+00:00,-0.04776393971873508
2007-07-27 00:00:00+00:00,-0.011213635691507545
2007-07-30 00:00:00+00:00,0.03199872775164975
2007-07-31 00:00:00+00:00,-0.012877399151447394
2007-08-01 00:00:00+00:00,-0.004467966153050867
2007-08-02 00:00:00+00:00,0.010603250931150832
2007-08-03 00:00:00+00:00,-0.040728441800212595
2007-08-06 00:00:00+00:00,0.00834306182977057
2007-08-07 00:00:00+00:00,0.014430923145741292
2007-08-08 00:00:00+00:00,0.029650406190756984
2007-08-09 00:00:00+00:00,-0.04033430654687448
2007-08-10 00:00:00+00:00,-0.01566407493048927
2007-08-13 00:00:00+00:00,0.0033470681910880984
2007-08-14 00:00:00+00:00,-0.02804853806525237
2007-08-15 00:00:00+00:00,-0.04282900855111574
2007-08-16 00:00:00+00:00,-0.017393614614721026
2007-08-17 00:00:00+00:00,0.028554583152646473
2007-08-20 00:00:00+00:00,0.005888119273523812
2007-08-21 00:00:00+00:00,0.0011229207460616286
2007-08-22 00:00:00+00:00,0.04781905182130508
2007-08-23 00:00:00+00:00,-0.0011369009887499393
2007-08-24 00:00:00+00:00,0.027164780245156117
2007-08-27 00:00:00+00:00,-0.0014521997476996118
2007-08-28 00:00:00+00:00,-0.040031174706518624
2007-08-29 00:00:00+00:00,0.032154001758453454
2007-08-30 00:00:00+00:00,-0.003607088705744943
2007-08-31 00:00:00+00:00,0.02616708580581245
2007-09-04 00:00:00+00:00,0.017482047470806228
2007-09-05 00:00:00+00:00,-0.013249763147133914
2007-09-06 00:00:00+00:00,0.0079066853602075
2007-09-07 00:00:00+00:00,-0.024554372272625774
2007-09-10 00:00:00+00:00,-0.007025525527848159
2007-09-11 00:00:00+00:00,0.02103393490464489
2007-09-12 00:00:00+00:00,0.0023620679327414074
2007-09-13 00:00:00+00:00,0.0093229448841875
2007-09-14 00:00:00+00:00,-0.0001415209955391017
2007-09-17 00:00:00+00:00,-0.01029844681741865
2007-09-18 00:00:00+00:00,0.05342995109072579
2007-09-19 00:00:00+00:00,0.005594281336616158
2007-09-20 00:00:00+00:00,-0.004864853343633735
2007-09-21 00:00:00+00:00,0.00903431407474084
2007-09-24 00:00:00+00:00,0.009713236190379615
2007-09-25 00:00:00+00:00,-0.0019726595515171252
2007-09-26 00:00:00+00:00,0.012508002855482259
2007-09-27 00:00:00+00:00,0.016371397833650825
2007-09-28 00:00:00+00:00,-0.006926989034268888
2007-10-01 00:00:00+00:00,0.029465975983052478
2007-10-02 00:00:00+00:00,0.0018916720119518948
2007-10-03 00:00:00+00:00,-0.023529651653379002
2007-10-04 00:00:00+00:00,0.006082305038520169
2007-10-05 00:00:00+00:00,0.02615845704837605
2007-10-08 00:00:00+00:00,-0.00509105343166949
2007-10-09 00:00:00+00:00,0.01603481088508185
2007-10-10 00:00:00+00:00,0.004052415770227358
2007-10-11 00:00:00+00:00,-0.007601081092255935
2007-10-12 00:00:00+00:00,0.018425792741344704
2007-10-15 00:00:00+00:00,-0.00804673750746912
2007-10-16 00:00:00+00:00,-0.010494675572563672
2007-10-17 00:00:00+00:00,0.01515854454966678
2007-10-18 00:00:00+00:00,0.006273028629985605
2007-10-19 00:00:00+00:00,-0.045183471979991896
2007-10-22 00:00:00+00:00,-0.0015667717683807147
2007-10-23 00:00:00+00:00,0.026114834186300617
2007-10-24 00:00:00+00:00,-0.002717651931367887
2007-10-25 00:00:00+00:00,0.0071900025102286935
2007-10-26 00:00:00+00:00,0.024025640762137535
2007-10-29 00:00:00+00:00,0.01365709109562191
2007-10-30 00:00:00+00:00,-0.02147403479695581
2007-10-31 00:00:00+00:00,0.02092024120221042
2007-11-01 00:00:00+00:00,-0.03188801539321273
2007-11-02 00:00:00+00:00,0.004222550963125682
2007-11-05 00:00:00+00:00,-0.02091290589211478
2007-11-06 00:00:00+00:00,0.03240475523550446
2007-11-07 00:00:00+00:00,-0.03665659573964383
2007-11-08 00:00:00+00:00,0.016779947020674008
2007-11-09 00:00:00+00:00,-0.023251141151581833
2007-11-12 00:00:00+00:00,-0.057006383784584974
2007-11-13 00:00:00+00:00,0.06206048495518163
2007-11-14 00:00:00+00:00,0.005642050798220527
2007-11-15 00:00:00+00:00,-0.0258795789917603
2007-11-16 00:00:00+00:00,0.02179178519412367
2007-11-19 00:00:00+00:00,-0.037148275930014296
2007-11-20 00:00:00+00:00,0.023950439485517783
2007-11-21 00:00:00+00:00,-0.040566339689274644
2007-11-23 00:00:00+00:00,0.019650625078844353
2007-11-26 00:00:00+00:00,-0.0421536081248427
2007-11-27 00:00:00+00:00,0.017831333158443735
2007-11-28 00:00:00+00:00,0.049302897096140275
2007-11-29 00:00:00+00:00,0.0013111952265941196
2007-11-30 00:00:00+00:00,0.012232947131279481
2007-12-03 00:00:00+00:00,-0.001069709453695361
2007-12-04 00:00:00+00:00,-0.007380512575764497
2007-12-05 00:00:00+00:00,0.034287404803356514
2007-12-06 00:00:00+00:00,0.0216957423758522
2007-12-07 00:00:00+00:00,-0.002925524093107007
2007-12-10 00:00:00+00:00,0.0012374547379910283
2007-12-11 00:00:00+00:00,-0.03600256427240922
2007-12-12 00:00:00+00:00,0.028272981743279357
2007-12-13 00:00:00+00:00,-0.017854494942894428
2007-12-14 00:00:00+00:00,-0.017831307021913684
2007-12-17 00:00:00+00:00,-0.038779999300588425
2007-12-18 00:00:00+00:00,0.019364770307638113
2007-12-19 00:00:00+00:00,0.003710130894499425
2007-12-20 00:00:00+00:00,0.009681068484442557
2007-12-21 00:00:00+00:00,0.027806150629356652
2007-12-24 00:00:00+00:00,0.01505248041890822
2007-12-26 00:00:00+00:00,0.004781849535663851
2007-12-27 00:00:00+00:00,-0.01307425575771276
2007-12-28 00:00:00+00:00,0.0009082459622522243
2007-12-31 00:00:00+00:00,-0.01232006984453346
2008-01-02 00:00:00+00:00,0.004148333362257478
2008-01-03 00:00:00+00:00,0.006246851079803939
2008-01-04 00:00:00+00:00,-0.026026619477295676
2008-01-07 00:00:00+00:00,-0.002564730385444247
2008-01-08 00:00:00+00:00,-0.00041479877255501396
2008-01-09 00:00:00+00:00,0.021248994707120578
2008-01-10 00:00:00+00:00,0.01007790588932711
2008-01-11 00:00:00+00:00,-0.016464534898049138
2008-01-14 00:00:00+00:00,0.013621800142145812
2008-01-15 00:00:00+00:00,-0.037469641382821384
2008-01-16 00:00:00+00:00,-0.03354679529121138
2008-01-17 00:00:00+00:00,-0.027710965515625074
2008-01-18 00:00:00+00:00,0.012814612037474138
2008-01-22 00:00:00+00:00,-0.015619824922062875
2008-01-23 00:00:00+00:00,0.0019266757130808054
2008-01-24 00:00:00+00:00,0.02923947977720487
2008-01-25 00:00:00+00:00,-0.0012229743262093806
2008-01-28 00:00:00+00:00,0.01648814930404824
2008-01-29 00:00:00+00:00,0.0034018684641268504
2008-01-30 00:00:00+00:00,-0.004927621906982982
2008-01-31 00:00:00+00:00,0.007557284290169358
2008-02-01 00:00:00+00:00,0.010436166398830493
2008-02-04 00:00:00+00:00,0.0013360656966424356
2008-02-05 00:00:00+00:00,-0.041887052946229325
2008-02-06 00:00:00+00:00,-0.004176823886486547
2008-02-07 00:00:00+00:00,0.017114545199712616
2008-02-08 00:00:00+00:00,0.00546765412373984
2008-02-11 00:00:00+00:00,0.01926835386815734
2008-02-12 00:00:00+00:00,0.0014394718877831503
2008-02-13 00:00:00+00:00,0.01727662484070308
2008-02-14 00:00:00+00:00,-0.009928142420058239
2008-02-15 00:00:00+00:00,0.0008287728037704722
2008-02-19 00:00:00+00:00,0.024452127411318747
2008-02-20 00:00:00+00:00,0.017762817943537068
2008-02-21 00:00:00+00:00,-0.010517169312847574
2008-02-22 00:00:00+00:00,0.010141332242024237
2008-02-25 00:00:00+00:00,0.011865978076424227
2008-02-26 00:00:00+00:00,0.014638382243347126
2008-02-27 00:00:00+00:00,0.006650807502763867
2008-02-28 00:00:00+00:00,0.004634000369756558
2008-02-29 00:00:00+00:00,-0.03089486150588111
2008-03-03 00:00:00+00:00,0.01391313491093843
2008-03-04 00:00:00+00:00,-0.021626990622268777
2008-03-05 00:00:00+00:00,0.02531233242923875
2008-03-06 00:00:00+00:00,-0.027894265487848235
2008-03-07 00:00:00+00:00,-0.016053878096562835
2008-03-10 00:00:00+00:00,-0.01642827537095856
2008-03-11 00:00:00+00:00,0.043280390296910665
2008-03-12 00:00:00+00:00,-0.007006404933837196
2008-03-13 00:00:00+00:00,0.0026830619513792953
2008-03-14 00:00:00+00:00,-0.01680815133901506
2008-03-17 00:00:00+00:00,-0.02353493731895484
2008-03-18 00:00:00+00:00,0.029714921462190375
2008-03-19 00:00:00+00:00,-0.057923359988562795
2008-03-20 00:00:00+00:00,-0.0032234935294713774
2008-03-24 00:00:00+00:00,0.017198113267800463
2008-03-25 00:00:00+00:00,0.022695885747233413
2008-03-26 00:00:00+00:00,0.009157073619223077
2008-03-27 00:00:00+00:00,-0.009369626736564357
2008-03-28 00:00:00+00:00,-0.008120005514553108
2008-03-31 00:00:00+00:00,0.0002469594432601696
2008-04-01 00:00:00+00:00,0.013725084237556973
2008-04-02 00:00:00+00:00,0.015351708337635328
2008-04-03 00:00:00+00:00,0.008106050688433397
2008-04-04 00:00:00+00:00,0.006327956728663459
2008-04-07 00:00:00+00:00,0.007165514114278765
2008-04-08 00:00:00+00:00,0.0019332606222525472
2008-04-09 00:00:00+00:00,2.977446561944208e-05
2008-04-10 00:00:00+00:00,0.0020826350895661594
2008-04-11 00:00:00+00:00,-0.013078102772544148
2008-04-14 00:00:00+00:00,0.006081321093708597
2008-04-15 00:00:00+00:00,0.008802002094671857
2008-04-16 00:00:00+00:00,0.028514358766808523
2008-04-17 00:00:00+00:00,-0.0014548627562781802
2008-04-18 00:00:00+00:00,0.0023029983924973407
2008-04-21 00:00:00+00:00,0.007788152673027099
2008-04-22 00:00:00+00:00,-0.00273195110052174
2008-04-23 00:00:00+00:00,-0.0028319505987401683
2008-04-24 00:00:00+00:00,-0.02173717315325613
2008-04-25 00:00:00+00:00,0.009032164833211787
2008-04-28 00:00:00+00:00,-0.0001933979987461809
2008-04-29 00:00:00+00:00,-0.024598817623457392
2008-04-30 00:00:00+00:00,0.028479241875138117
2008-05-01 00:00:00+00:00,-0.006337698790951418
2008-05-02 00:00:00+00:00,0.013174308375447863
2008-05-05 00:00:00+00:00,0.009636943142334792
2008-05-06 00:00:00+00:00,0.011924749115526379
2008-05-07 00:00:00+00:00,-0.022325778240089522
2008-05-08 00:00:00+00:00,0.014404064543214412
2008-05-09 00:00:00+00:00,-0.0006972982655540638
2008-05-12 00:00:00+00:00,0.005524191272245543
2008-05-13 00:00:00+00:00,0.0015046722495757336
2008-05-14 00:00:00+00:00,-0.004839980193947324
2008-05-15 00:00:00+00:00,0.02074908955921745
2008-05-16 00:00:00+00:00,0.02533217117393799
2008-05-19 00:00:00+00:00,0.0036386803264060186
2008-05-20 00:00:00+00:00,0.0034736191807472616
2008-05-21 00:00:00+00:00,-0.007612640927931874
2008-05-22 00:00:00+00:00,-0.008799949467422186
2008-05-23 00:00:00+00:00,-0.007996443627620003
2008-05-27 00:00:00+00:00,-0.01148644846295585
2008-05-28 00:00:00+00:00,0.017039560389881803
2008-05-29 00:00:00+00:00,-0.017762987581894818
2008-05-30 00:00:00+00:00,0.010416170957463777
2008-06-02 00:00:00+00:00,-0.0020741017295237973
2008-06-03 00:00:00+00:00,-0.020147649965919223
2008-06-04 00:00:00+00:00,-0.013100484047193606
2008-06-05 00:00:00+00:00,0.03175026462443667
2008-06-06 00:00:00+00:00,-0.012884401004888274
2008-06-09 00:00:00+00:00,0.0033937298470042288
2008-06-10 00:00:00+00:00,-0.02738350615096366
2008-06-11 00:00:00+00:00,-0.0018476263852386376
2008-06-12 00:00:00+00:00,-0.0041417775967442505
2008-06-13 00:00:00+00:00,0.006325859254980554
2008-06-16 00:00:00+00:00,0.007769235699546684
2008-06-17 00:00:00+00:00,0.01199349426064017
2008-06-18 00:00:00+00:00,-0.00025101131357641027
2008-06-19 00:00:00+00:00,-0.0076146667939312185
2008-06-20 00:00:00+00:00,-0.01622835555371488
2008-06-23 00:00:00+00:00,0.005524950775822324
2008-06-24 00:00:00+00:00,-0.005402242436021276
2008-06-25 00:00:00+00:00,0.0129043183434977
2008-06-26 00:00:00+00:00,-0.009517685382360613
2008-06-27 00:00:00+00:00,0.007495835656435967
2008-06-30 00:00:00+00:00,0.0071162470089283225
2008-07-01 00:00:00+00:00,-0.004193741747358648
2008-07-02 00:00:00+00:00,-0.024170926128795067
2008-07-03 00:00:00+00:00,-0.01005729182564788
2008-07-07 00:00:00+00:00,-0.013058342753105606
2008-07-08 00:00:00+00:00,-0.0023570789973276773
2008-07-09 00:00:00+00:00,-0.015538844204248892
2008-07-10 00:00:00+00:00,0.02669428283028108
2008-07-11 00:00:00+00:00,-0.00038770817117780854
2008-07-14 00:00:00+00:00,0.006189119134572346
2008-07-15 00:00:00+00:00,-0.014391125062876292
2008-07-16 00:00:00+00:00,-0.0010145218129280487
2008-07-17 00:00:00+00:00,-0.011161016201522683
2008-07-18 00:00:00+00:00,0.00244862761980133
2008-07-21 00:00:00+00:00,0.01825755338657048
2008-07-22 00:00:00+00:00,-0.0170751472895824
2008-07-23 00:00:00+00:00,-0.019181145893535645
2008-07-24 00:00:00+00:00,-0.01616816367165161
2008-07-25 00:00:00+00:00,0.003056162180647054
2008-07-28 00:00:00+00:00,-0.003974945575810379
2008-07-29 00:00:00+00:00,0.01234623307960292
2008-07-30 00:00:00+00:00,0.021680207545057673
2008-07-31 00:00:00+00:00,-0.01789533938694804
2008-08-01 00:00:00+00:00,-0.00779283948825113
2008-08-04 00:00:00+00:00,-0.027170793316070113
2008-08-05 00:00:00+00:00,-0.005108442405576258
2008-08-06 00:00:00+00:00,0.011683000628955942
2008-08-07 00:00:00+00:00,-0.005554533482285129
2008-08-08 00:00:00+00:00,-0.012645071020657705
2008-08-11 00:00:00+00:00,-0.020846378354622663
2008-08-12 00:00:00+00:00,-0.0034315653791443523
2008-08-13 00:00:00+00:00,0.016699739298696115
2008-08-14 00:00:00+00:00,-0.01055000562967251
2008-08-15 00:00:00+00:00,-0.014574803642791123
2008-08-18 00:00:00+00:00,-0.0022563450682217268
2008-08-19 00:00:00+00:00,0.017915881884855878
2008-08-20 00:00:00+00:00,0.016724499590865943
2008-08-21 00:00:00+00:00,0.017552757315683815
2008-08-22 00:00:00+00:00,-0.01317529397801026
2008-08-25 00:00:00+00:00,-0.007730964206445506
2008-08-26 00:00:00+00:00,0.00532536558778432
2008-08-27 00:00:00+00:00,0.012163646237153491
2008-08-28 00:00:00+00:00,0.0006039150730422493
2008-08-29 00:00:00+00:00,-0.0068392392426629145
2008-09-02 00:00:00+00:00,-0.03025880392930516
2008-09-03 00:00:00+00:00,-0.005725897085755216
2008-09-04 00:00:00+00:00,-0.019202150881851454
2008-09-05 00:00:00+00:00,-0.0010402719956112694
2008-09-08 00:00:00+00:00,-0.006404411957667805
2008-09-09 00:00:00+00:00,-0.04080603834889987
2008-09-10 00:00:00+00:00,0.007552982631354566
2008-09-11 00:00:00+00:00,0.002523890944503837
2008-09-12 00:00:00+00:00,0.026523156688498667
2008-09-15 00:00:00+00:00,-0.02779297666309627
2008-09-16 00:00:00+00:00,0.011492930984927069
2008-09-17 00:00:00+00:00,0.0013709811688209506
2008-09-18 00:00:00+00:00,0.004295263324055387
2008-09-19 00:00:00+00:00,0.056548968261169424
2008-09-22 00:00:00+00:00,0.0035097346308445854
2008-09-23 00:00:00+00:00,-0.027583998320109326
2008-09-24 00:00:00+00:00,-0.0033599267926459064
2008-09-25 00:00:00+00:00,0.01829785505898046
2008-09-26 00:00:00+00:00,-0.010988391724503999
2008-09-29 00:00:00+00:00,-0.052525551369352774
2008-09-30 00:00:00+00:00,0.02272846504456788
2008-10-01 00:00:00+00:00,0.007226566904029799
2008-10-02 00:00:00+00:00,-0.011722690274713149
2008-10-03 00:00:00+00:00,0.0009869543598904351
2008-10-06 00:00:00+00:00,0.0024058102907003054
2008-10-07 00:00:00+00:00,0.0001702947273116706
2008-10-08 00:00:00+00:00,-0.004267622329779092
2008-10-09 00:00:00+00:00,-0.01582187223424747
2008-10-10 00:00:00+00:00,-0.018198715932949
2008-10-13 00:00:00+00:00,0.004752707568990655
2008-10-14 00:00:00+00:00,-0.0004635355446161449
2008-10-15 00:00:00+00:00,-0.0028192470013840842
2008-10-16 00:00:00+00:00,-0.010946762718818781
2008-10-17 00:00:00+00:00,-0.006412568443712852
2008-10-20 00:00:00+00:00,0.008231247529051744
2008-10-21 00:00:00+00:00,-0.00889144226351421
2008-10-22 00:00:00+00:00,-0.013044928286343543
2008-10-23 00:00:00+00:00,-0.000794546763869669
2008-10-24 00:00:00+00:00,-0.009639338866751945
2008-10-27 00:00:00+00:00,-0.006282381275806936
2008-10-28 00:00:00+00:00,0.019149093394820016
2008-10-29 00:00:00+00:00,-0.005388732150439057
2008-10-30 00:00:00+00:00,0.0038961737969052113
2008-10-31 00:00:00+00:00,-0.009498725623533488
2008-11-03 00:00:00+00:00,0.0036701910115385927
2008-11-04 00:00:00+00:00,0.02376792152059748
2008-11-05 00:00:00+00:00,-0.010338925619738398
2008-11-06 00:00:00+00:00,-0.0064595295686808996
2008-11-07 00:00:00+00:00,0.0004744474816271438
2008-11-10 00:00:00+00:00,0.005665523773472958
2008-11-11 00:00:00+00:00,-0.010110728623569876
2008-11-12 00:00:00+00:00,-0.010869416046314584
2008-11-13 00:00:00+00:00,0.011681719551693448
2008-11-14 00:00:00+00:00,0.001503086202707421
2008-11-17 00:00:00+00:00,-0.004414487834660752
2008-11-18 00:00:00+00:00,0.004461462962361135
2008-11-19 00:00:00+00:00,-0.0008878541597987788
2008-11-20 00:00:00+00:00,0.008343427303772605
2008-11-21 00:00:00+00:00,0.02672966561753612
2008-11-24 00:00:00+00:00,0.005774155881662996
2008-11-25 00:00:00+00:00,0.00862606356683518
2008-11-26 00:00:00+00:00,0.002024350396918728
2008-11-28 00:00:00+00:00,0.006666569241209064
2008-12-01 00:00:00+00:00,0.009323654271760323
2008-12-02 00:00:00+00:00,0.0009599989100682049
2008-12-03 00:00:00+00:00,0.0007056571058198235
2008-12-04 00:00:00+00:00,0.004925961122601796
2008-12-05 00:00:00+00:00,-0.0040516048363390955
2008-12-08 00:00:00+00:00,-0.0005432748764404582
2008-12-09 00:00:00+00:00,0.004943828295969788
2008-12-10 00:00:00+00:00,-0.0006002772221843644
2008-12-11 00:00:00+00:00,0.0004902588465011681
2008-12-12 00:00:00+00:00,0.0
2008-12-15 00:00:00+00:00,0.0028477629485685885
2008-12-16 00:00:00+00:00,0.006181253515299467
2008-12-17 00:00:00+00:00,0.006783476623374141
2008-12-18 00:00:00+00:00,0.005245661815088176
2008-12-19 00:00:00+00:00,0.00026610155857514917
2008-12-22 00:00:00+00:00,-0.0019219507768582222
2008-12-23 00:00:00+00:00,-0.00032986653425357004
2008-12-24 00:00:00+00:00,-0.0005364638719127512
2008-12-26 00:00:00+00:00,0.0008271698495089241
2008-12-29 00:00:00+00:00,-0.00029992337903272936
2008-12-30 00:00:00+00:00,0.0023809539091911303
2008-12-31 00:00:00+00:00,-0.00522962838470778
2009-01-02 00:00:00+00:00,-0.006283977262285384
2009-01-05 00:00:00+00:00,-0.006446197706748008
2009-01-06 00:00:00+00:00,-0.002514284965401542
2009-01-07 00:00:00+00:00,0.0009803482538668917
2009-01-08 00:00:00+00:00,-0.00019963826601152035
2009-01-09 00:00:00+00:00,0.00037727473714421755
2009-01-12 00:00:00+00:00,0.0025950047433476175
2009-01-13 00:00:00+00:00,0.00026325354733092166
2009-01-14 00:00:00+00:00,0.004122091396345007
2009-01-15 00:00:00+00:00,0.0004098694102004363
2009-01-16 00:00:00+00:00,-0.0038548672093716707
2009-01-20 00:00:00+00:00,-4.376446007145485e-05
2009-01-21 00:00:00+00:00,-0.007897236958931075
2009-01-22 00:00:00+00:00,-0.004811532293767767
2009-01-23 00:00:00+00:00,-0.0019578468468918753
2009-01-26 00:00:00+00:00,-0.0021820288470603966
2009-01-27 00:00:00+00:00,0.005878079815663795
2009-01-28 00:00:00+00:00,-0.0062464561587527445
2009-01-29 00:00:00+00:00,-0.005749622817273814
2009-01-30 00:00:00+00:00,-0.0007925082865549993
2009-02-02 00:00:00+00:00,0.004651206512324091
2009-02-03 00:00:00+00:00,-0.005954263894968198
2009-02-04 00:00:00+00:00,-0.0008747252895857649
2009-02-05 00:00:00+00:00,0.00021961014628402165
2009-02-06 00:00:00+00:00,-0.0007796206900534397
2009-02-09 00:00:00+00:00,0.0008065539862871507
2009-02-10 00:00:00+00:00,0.005432411855604724
2009-02-11 00:00:00+00:00,0.0032428187093657135
2009-02-12 00:00:00+00:00,-0.0023537061441663842
2009-02-13 00:00:00+00:00,-0.006653497804125025
2009-02-17 00:00:00+00:00,0.007787410694434782
2009-02-18 00:00:00+00:00,-0.0021307210224655315
2009-02-19 00:00:00+00:00,-0.0042500896938008625
2009-02-20 00:00:00+00:00,0.0024291008212175003
2009-02-23 00:00:00+00:00,0.0023091453591547184
2009-02-24 00:00:00+00:00,-0.0002619257431613342
2009-02-25 00:00:00+00:00,-0.0028872788271567806
2009-02-26 00:00:00+00:00,-0.0026314003806740816
2009-02-27 00:00:00+00:00,-0.001439413210827245
2009-03-02 00:00:00+00:00,0.0041388525156459965
2009-03-03 00:00:00+00:00,-0.0016701698134247156
2009-03-04 00:00:00+00:00,-0.001145431247766393
2009-03-05 00:00:00+00:00,0.006952620749564431
2009-03-06 00:00:00+00:00,-0.001667242420171966
2009-03-09 00:00:00+00:00,-0.0014628114417461757
2009-03-10 00:00:00+00:00,-0.004799698530410124
2009-03-11 00:00:00+00:00,0.0027050210774011707
2009-03-12 00:00:00+00:00,0.0011921666877521275
2009-03-13 00:00:00+00:00,-0.0012592161226445409
2009-03-16 00:00:00+00:00,-0.003942313722319846
2009-03-17 00:00:00+00:00,-0.0013601301730431503
2009-03-18 00:00:00+00:00,0.009472120545743035
2009-03-19 00:00:00+00:00,0.00031141834014469794
2009-03-20 00:00:00+00:00,-0.0013872767848910894
2009-03-23 00:00:00+00:00,-0.0021653836045778807
2009-03-24 00:00:00+00:00,0.0023782693156231827
2009-03-25 00:00:00+00:00,-0.0033654957851823875
2009-03-26 00:00:00+00:00,0.002899775308810304
2009-03-27 00:00:00+00:00,0.001854551683647454
2009-03-30 00:00:00+00:00,0.0009564535729243984
2009-03-31 00:00:00+00:00,0.0017861617823492493
2009-04-01 00:00:00+00:00,0.004233712863951397
2009-04-02 00:00:00+00:00,-0.009179716704342339
2009-04-03 00:00:00+00:00,-0.008522202672845203
2009-04-06 00:00:00+00:00,-0.00769058964899258
2009-04-07 00:00:00+00:00,0.004944197902073955
2009-04-08 00:00:00+00:00,0.0018394330856166263
2009-04-09 00:00:00+00:00,-0.004001468987764933
2009-04-13 00:00:00+00:00,0.006843869933565339
2009-04-14 00:00:00+00:00,-0.0001438868290470352
2009-04-15 00:00:00+00:00,-6.167488281713651e-05
2009-04-16 00:00:00+00:00,-0.006806234087920693
2009-04-17 00:00:00+00:00,-0.004466151386358447
2009-04-20 00:00:00+00:00,0.008860607851387703
2009-04-21 00:00:00+00:00,-0.0026422835139173484
2009-04-22 00:00:00+00:00,-0.00010677347046858521
2009-04-23 00:00:00+00:00,0.00403827202050594
2009-04-24 00:00:00+00:00,7.995815606673395e-05
2009-04-27 00:00:00+00:00,-0.0009094064473536279
2009-04-28 00:00:00+00:00,-0.0076231805278707265
2009-04-29 00:00:00+00:00,-0.0005619507198937612
2009-04-30 00:00:00+00:00,-0.003990198217647761
2009-05-01 00:00:00+00:00,-0.002637216039515139
2009-05-04 00:00:00+00:00,0.005683039163624004
2009-05-05 00:00:00+00:00,-0.0014081797154146258
2009-05-06 00:00:00+00:00,0.003063755221039882
2009-05-07 00:00:00+00:00,-0.006382555716405475
2009-05-08 00:00:00+00:00,0.00211651633955251
2009-05-11 00:00:00+00:00,0.002749176680815285
2009-05-12 00:00:00+00:00,0.0037239579033547243
2009-05-13 00:00:00+00:00,0.003790962329783598
2009-05-14 00:00:00+00:00,0.0008078848591498711
2009-05-15 00:00:00+00:00,0.0013516561706282681
2009-05-18 00:00:00+00:00,-0.007125583609647823
2009-05-19 00:00:00+00:00,0.0003391461326646139
2009-05-20 00:00:00+00:00,0.006175429819090472
2009-05-21 00:00:00+00:00,-0.0019513800720004915
2009-05-22 00:00:00+00:00,-0.001976297165691643
2009-05-26 00:00:00+00:00,-0.0048044053193329606
2009-05-27 00:00:00+00:00,-0.005250088878317155
2009-05-28 00:00:00+00:00,0.0057325730653858264
2009-05-29 00:00:00+00:00,0.011653666028659304
2009-06-01 00:00:00+00:00,-0.008612365159142849
2009-06-02 00:00:00+00:00,0.0029900191798361564
2009-06-03 00:00:00+00:00,-0.002711240647345625
2009-06-04 00:00:00+00:00,-0.0003461471379895553
2009-06-05 00:00:00+00:00,-0.008452410268191296
2009-06-08 00:00:00+00:00,-0.001040065480344493
2009-06-09 00:00:00+00:00,0.0006935777838913137
2009-06-10 00:00:00+00:00,-0.0038543352667589903
2009-06-11 00:00:00+00:00,0.002352084136191923
2009-06-12 00:00:00+00:00,-0.0018392654669177055
2009-06-15 00:00:00+00:00,-0.0006516374357073695
2009-06-16 00:00:00+00:00,0.006629087356446406
2009-06-17 00:00:00+00:00,-0.0002653948820663665
2009-06-18 00:00:00+00:00,-0.00578697233941089
2009-06-19 00:00:00+00:00,0.004218620244520577
2009-06-22 00:00:00+00:00,-0.001272921674659977
2009-06-23 00:00:00+00:00,0.0039925046659594066
2009-06-24 00:00:00+00:00,-0.001051246152706048
2009-06-25 00:00:00+00:00,0.006933755797051078
2009-06-26 00:00:00+00:00,0.00036986681588460635
2009-06-29 00:00:00+00:00,-0.000307468827363766
2009-06-30 00:00:00+00:00,-0.0027580177775154424
2009-07-01 00:00:00+00:00,0.0028216818660612153
2009-07-02 00:00:00+00:00,-0.0025001500134932686
2009-07-06 00:00:00+00:00,-0.0018196803727953126
2009-07-07 00:00:00+00:00,0.0015354874784321848
2009-07-08 00:00:00+00:00,0.0006487861838528064
2009-07-09 00:00:00+00:00,-0.0023071534113820735
2009-07-10 00:00:00+00:00,0.002502871126384587
2009-07-13 00:00:00+00:00,0.000299425908769968
2009-07-14 00:00:00+00:00,-0.0024354171789674195
2009-07-15 00:00:00+00:00,-0.0024925039166559526
2009-07-16 00:00:00+00:00,0.001995026898602814
2009-07-17 00:00:00+00:00,-0.003993643346891229
2009-07-20 00:00:00+00:00,0.0049860946112748605
2009-07-21 00:00:00+00:00,0.004586258113933567
2009-07-22 00:00:00+00:00,-0.0014124566179349318
2009-07-23 00:00:00+00:00,-0.005065899106169419
2009-07-24 00:00:00+00:00,0.001610793716526615
2009-07-27 00:00:00+00:00,-0.002067621681827586
2009-07-28 00:00:00+00:00,-0.0020560747596972684
2009-07-29 00:00:00+00:00,-0.0010992263222806553
2009-07-30 00:00:00+00:00,0.004695264422062806
2009-07-31 00:00:00+00:00,0.009586471768557592
2009-08-03 00:00:00+00:00,-0.0023960248480247026
2009-08-04 00:00:00+00:00,0.00016908437900747808
2009-08-05 00:00:00+00:00,-0.003472853610333726
2009-08-06 00:00:00+00:00,0.0003772693257212689
2009-08-07 00:00:00+00:00,-0.004328485480564692
2009-08-10 00:00:00+00:00,0.0009353273091009529
2009-08-11 00:00:00+00:00,0.0025159684541157246
2009-08-12 00:00:00+00:00,-0.0022395932405473995
2009-08-13 00:00:00+00:00,0.005615723849881571
2009-08-14 00:00:00+00:00,-0.0009529861134111306
2009-08-17 00:00:00+00:00,-4.084199304876801e-05
2009-08-18 00:00:00+00:00,-0.00022344793460621348
2009-08-19 00:00:00+00:00,0.0033469120618545567
2009-08-20 00:00:00+00:00,0.0013508287153123077
2009-08-21 00:00:00+00:00,-0.0014048136118919585
2009-08-24 00:00:00+00:00,0.0010350904676256212
2009-08-25 00:00:00+00:00,0.002551160996484836
2009-08-26 00:00:00+00:00,0.0012267017904745714
2009-08-27 00:00:00+00:00,9.279921546784253e-05
2009-08-28 00:00:00+00:00,0.0029691023033630026
2009-08-31 00:00:00+00:00,-0.0010184773084660204
2009-09-01 00:00:00+00:00,0.0007332057320137697
2009-09-02 00:00:00+00:00,0.009740552055275853
2009-09-03 00:00:00+00:00,0.001761745420558014
2009-09-04 00:00:00+00:00,-0.0040791295789276705
2009-09-08 00:00:00+00:00,-0.0020156723250582265
2009-09-09 00:00:00+00:00,-0.0011890066300528912
2009-09-10 00:00:00+00:00,0.006203111641352732
2009-09-11 00:00:00+00:00,0.004141457653595804
2009-09-14 00:00:00+00:00,-0.004557374770598921
2009-09-15 00:00:00+00:00,0.00111962340274957
2009-09-16 00:00:00+00:00,0.0029991430930196294
2009-09-17 00:00:00+00:00,0.0017180090050221974
2009-09-18 00:00:00+00:00,-0.003911350893118948
2009-09-21 00:00:00+00:00,-0.00021130657624254812
2009-09-22 00:00:00+00:00,0.0038505878847772124
2009-09-23 00:00:00+00:00,-0.001353250118845628
2009-09-24 00:00:00+00:00,-0.0025122431441489124
2009-09-25 00:00:00+00:00,0.0017690044485120515
2009-09-28 00:00:00+00:00,0.0023230370752736484
2009-09-29 00:00:00+00:00,0.0007511338377453602
2009-09-30 00:00:00+00:00,0.0034159326640975096
2009-10-01 00:00:00+00:00,-0.012015259124126154
2009-10-02 00:00:00+00:00,0.004370206501387336
2009-10-05 00:00:00+00:00,0.016913373045766567
2009-10-06 00:00:00+00:00,0.009512661825992974
2009-10-07 00:00:00+00:00,0.0036267661321083555
2009-10-08 00:00:00+00:00,0.009700855780629153
2009-10-09 00:00:00+00:00,-0.005972846842265095
2009-10-12 00:00:00+00:00,0.007054025946690523
2009-10-13 00:00:00+00:00,0.002946916203866501
2009-10-14 00:00:00+00:00,0.01431044180918653
2009-10-15 00:00:00+00:00,-0.004751014998939845
2009-10-16 00:00:00+00:00,-0.0024460392001351694
2009-10-19 00:00:00+00:00,0.011810739151297878
2009-10-20 00:00:00+00:00,-0.013443326583860188
2009-10-21 00:00:00+00:00,0.0019448149262890901
2009-10-22 00:00:00+00:00,0.0034200649920396176
2009-10-23 00:00:00+00:00,-0.007678481644982721
2009-10-26 00:00:00+00:00,-0.01259116121619111
2009-10-27 00:00:00+00:00,-0.008356785518373405
2009-10-28 00:00:00+00:00,-0.028989679084951925
2009-10-29 00:00:00+00:00,0.03244536964268099
2009-10-30 00:00:00+00:00,-0.019639879211345218
2009-11-02 00:00:00+00:00,0.012451567419872217
2009-11-03 00:00:00+00:00,0.010623917574161756
2009-11-04 00:00:00+00:00,0.016139802532193548
2009-11-05 00:00:00+00:00,0.015596837065481706
2009-11-06 00:00:00+00:00,-0.0014473969823900756
2009-11-09 00:00:00+00:00,0.029356778530580052
2009-11-10 00:00:00+00:00,-0.0015087892913041856
2009-11-11 00:00:00+00:00,0.0057433979975237415
2009-11-12 00:00:00+00:00,-0.020072965689056782
2009-11-13 00:00:00+00:00,0.01749404954783329
2009-11-16 00:00:00+00:00,0.021381068711728624
2009-11-17 00:00:00+00:00,0.0017066584151129716
2009-11-18 00:00:00+00:00,-0.007925059397644318
2009-11-19 00:00:00+00:00,-0.00966868564777984
2009-11-20 00:00:00+00:00,-0.0035477501509342257
2009-11-23 00:00:00+00:00,0.01796882183381665
2009-11-24 00:00:00+00:00,0.0009335453128098137
2009-11-25 00:00:00+00:00,0.015403539763507501
2009-11-27 00:00:00+00:00,-0.02403762049219954
2009-11-30 00:00:00+00:00,0.004615117629398924
2009-12-01 00:00:00+00:00,0.026578668663306187
2009-12-02 00:00:00+00:00,0.007691613321342827
2009-12-03 00:00:00+00:00,-0.006003519455440975
2009-12-04 00:00:00+00:00,0.001735523148391399
2009-12-07 00:00:00+00:00,-0.004794682247687587
2009-12-08 00:00:00+00:00,-0.019121577448354632
2009-12-09 00:00:00+00:00,0.00655358426029129
2009-12-10 00:00:00+00:00,0.0059705487813966895
2009-12-11 00:00:00+00:00,0.002780516077288825
2009-12-14 00:00:00+00:00,0.00934757312886475
2009-12-15 00:00:00+00:00,-0.005926882702884162
2009-12-16 00:00:00+00:00,0.0004145902956443903
2009-12-17 00:00:00+00:00,-0.025073489473504157
2009-12-18 00:00:00+00:00,0.005003616157159663
2009-12-21 00:00:00+00:00,8.643670673530446e-05
2009-12-22 00:00:00+00:00,0.012075637595691968
2009-12-23 00:00:00+00:00,0.00813017375491204
2009-12-24 00:00:00+00:00,0.00980809438414848
2009-12-28 00:00:00+00:00,0.0008749630506794392
2009-12-29 00:00:00+00:00,-0.0011928755501955934
2009-12-30 00:00:00+00:00,-0.0004620935342070642
2009-12-31 00:00:00+00:00,-0.002987742700805651
2010-01-04 00:00:00+00:00,0.030491631633745686
2010-01-05 00:00:00+00:00,0.0010276207688502403
2010-01-06 00:00:00+00:00,0.003717332966589798
2010-01-07 00:00:00+00:00,-0.0036619988275933824
2010-01-08 00:00:00+00:00,0.005115785097402625
2010-01-11 00:00:00+00:00,-0.002251796570368031
2010-01-12 00:00:00+00:00,-0.013690744212566469
2010-01-13 00:00:00+00:00,0.004880404736497479
2010-01-14 00:00:00+00:00,-0.005320167118315178
2010-01-15 00:00:00+00:00,-0.013653062229493196
2010-01-19 00:00:00+00:00,0.016764857608978945
2010-01-20 00:00:00+00:00,-0.023676598081753902
2010-01-21 00:00:00+00:00,-0.030209926815426197
2010-01-22 00:00:00+00:00,-0.019519150149544
2010-01-25 00:00:00+00:00,0.0004128113841359582
2010-01-26 00:00:00+00:00,-0.006675615354787279
2010-01-27 00:00:00+00:00,-0.0021820266369940444
2010-01-28 00:00:00+00:00,-0.00969385444828716
2010-01-29 00:00:00+00:00,-0.017114643793226275
2010-02-01 00:00:00+00:00,0.02664232203281064
2010-02-02 00:00:00+00:00,0.011208124848821499
2010-02-03 00:00:00+00:00,-0.0026931361077929816
2010-02-04 00:00:00+00:00,-0.04279971910450153
2010-02-05 00:00:00+00:00,-0.000199335997628447
2010-02-08 00:00:00+00:00,-0.008982047146879113
2010-02-09 00:00:00+00:00,0.025041931323919686
2010-02-10 00:00:00+00:00,-0.0033161201110553096
2010-02-11 00:00:00+00:00,0.021625338808401395
2010-02-12 00:00:00+00:00,-0.0026400413715171045
2010-02-16 00:00:00+00:00,0.02216960425204989
2010-02-17 00:00:00+00:00,0.003867658637552729
2010-02-18 00:00:00+00:00,0.009583143602502897
2010-02-19 00:00:00+00:00,-0.00224814995555106
2010-02-22 00:00:00+00:00,-0.003517190231095091
2010-02-23 00:00:00+00:00,-0.01945053963660806
2010-02-24 00:00:00+00:00,0.006850447206568966
2010-02-25 00:00:00+00:00,-0.0014677257095123408
2010-02-26 00:00:00+00:00,0.006646905261082969
2010-03-01 00:00:00+00:00,0.011615289413881652
2010-03-02 00:00:00+00:00,0.009144765251062448
2010-03-03 00:00:00+00:00,0.004082959747188558
2010-03-04 00:00:00+00:00,-0.00038570443095933826
2010-03-05 00:00:00+00:00,0.020888496881021623
2010-03-08 00:00:00+00:00,-0.0015541307854152475
2010-03-09 00:00:00+00:00,0.008505433599144796
2010-03-10 00:00:00+00:00,0.0072443103472196735
2010-03-11 00:00:00+00:00,0.003771216776675912
2010-03-12 00:00:00+00:00,-0.00365916669240543
2010-03-15 00:00:00+00:00,-0.002598461894528975
2010-03-16 00:00:00+00:00,0.01116352384788799
2010-03-17 00:00:00+00:00,0.007136400038480789
2010-03-18 00:00:00+00:00,-0.007059669211653324
2010-03-19 00:00:00+00:00,-0.010014137086469282
2010-03-22 00:00:00+00:00,0.004980227440520069
2010-03-23 00:00:00+00:00,0.010297977299159378
2010-03-24 00:00:00+00:00,-0.011200425810703879
2010-03-25 00:00:00+00:00,-0.0038500778381489464
2010-03-26 00:00:00+00:00,0.002824601929381221
2010-03-29 00:00:00+00:00,0.015627369607583208
2010-03-30 00:00:00+00:00,0.001965014951421401
2010-03-31 00:00:00+00:00,0.004549755254004639
2010-04-01 00:00:00+00:00,0.015496345026856373
2010-04-05 00:00:00+00:00,0.00850845962676866
2010-04-06 00:00:00+00:00,0.0058065298437052215
2010-04-07 00:00:00+00:00,-0.010058697016530616
2010-04-08 00:00:00+00:00,0.006708115642852397
2010-04-09 00:00:00+00:00,0.006333949648690107
2010-04-12 00:00:00+00:00,-0.0020105966605734327
2010-04-13 00:00:00+00:00,-0.0010303007525030716
2010-04-14 00:00:00+00:00,0.014928384432175201
2010-04-15 00:00:00+00:00,-0.005112761616992312
2010-04-16 00:00:00+00:00,-0.028408142125234598
2010-04-19 00:00:00+00:00,0.0006044503592841366
2010-04-20 00:00:00+00:00,0.01108100305701687
2010-04-21 00:00:00+00:00,-0.0056936763999678175
2010-04-22 00:00:00+00:00,0.005177339108140222
2010-04-23 00:00:00+00:00,0.005359015858670657
2010-04-26 00:00:00+00:00,-0.004179091402136126
2010-04-27 00:00:00+00:00,-0.04259174091837076
2010-04-28 00:00:00+00:00,0.012579913595948677
2010-04-29 00:00:00+00:00,0.020987512921253115
2010-04-30 00:00:00+00:00,-0.01564203219543081
2010-05-03 00:00:00+00:00,0.007166626880698912
2010-05-04 00:00:00+00:00,-0.04233031607582871
2010-05-05 00:00:00+00:00,-0.013394967044272954
2010-05-06 00:00:00+00:00,-0.04001477025387337
2010-05-07 00:00:00+00:00,-0.002110630717645612
2010-05-10 00:00:00+00:00,0.06704356218401719
2010-05-11 00:00:00+00:00,-0.01317890151883408
2010-05-12 00:00:00+00:00,0.013185627332273797
2010-05-13 00:00:00+00:00,-0.010523631714899645
2010-05-14 00:00:00+00:00,-0.02530632314766007
2010-05-17 00:00:00+00:00,-0.005762491743512288
2010-05-18 00:00:00+00:00,-0.025743291179289945
2010-05-19 00:00:00+00:00,-0.011578837271753212
2010-05-20 00:00:00+00:00,-0.04763024431898247
2010-05-21 00:00:00+00:00,0.03460230344626536
2010-05-24 00:00:00+00:00,-0.014303365289280195
2010-05-25 00:00:00+00:00,-0.0032018338738058205
2010-05-26 00:00:00+00:00,0.0034104356673543
2010-05-27 00:00:00+00:00,0.05437433014134596
2010-05-28 00:00:00+00:00,-0.016829573458025493
2010-06-01 00:00:00+00:00,-0.021733259870588578
2010-06-02 00:00:00+00:00,0.026215014977708784
2010-06-03 00:00:00+00:00,0.004476543674384242
2010-06-04 00:00:00+00:00,-0.04067975278463165
2010-06-07 00:00:00+00:00,-0.020397852737928435
2010-06-08 00:00:00+00:00,0.009881567312042316
2010-06-09 00:00:00+00:00,0.0012583003237467971
2010-06-10 00:00:00+00:00,0.035747952969836294
2010-06-11 00:00:00+00:00,0.006711048305547307
2010-06-14 00:00:00+00:00,0.001279881856197429
2010-06-15 00:00:00+00:00,0.02629817233561288
2010-06-16 00:00:00+00:00,-0.002500527009743042
2010-06-17 00:00:00+00:00,-0.000852743735423267
2010-06-18 00:00:00+00:00,0.0013790809781234759
2010-06-21 00:00:00+00:00,-0.003641579852985438
2010-06-22 00:00:00+00:00,-0.021433303228949235
2010-06-23 00:00:00+00:00,-0.0017083911512776606
2010-06-24 00:00:00+00:00,-0.01846136786389521
2010-06-25 00:00:00+00:00,0.011356402033305735
2010-06-28 00:00:00+00:00,-0.006246200682095249
2010-06-29 00:00:00+00:00,-0.039794037810195276
2010-06-30 00:00:00+00:00,-0.01115411107976072
2010-07-01 00:00:00+00:00,-0.009287737727840473
2010-07-02 00:00:00+00:00,-0.003710014434984893
2010-07-06 00:00:00+00:00,0.000858424245888556
2010-07-07 00:00:00+00:00,0.023729855194723426
2010-07-08 00:00:00+00:00,0.005752568225006888
2010-07-09 00:00:00+00:00,0.008332714002640684
2010-07-12 00:00:00+00:00,-0.006187316638166546
2010-07-13 00:00:00+00:00,0.01837296393496468
2010-07-14 00:00:00+00:00,-0.000319399443363233
2010-07-15 00:00:00+00:00,0.00017724205547078875
2010-07-16 00:00:00+00:00,-0.028123586901269926
2010-07-19 00:00:00+00:00,0.0025911288584407333
2010-07-20 00:00:00+00:00,0.01350062504216204
2010-07-21 00:00:00+00:00,-0.008349712245183188
2010-07-22 00:00:00+00:00,0.024358810777158735
2010-07-23 00:00:00+00:00,0.008492842719203891
2010-07-26 00:00:00+00:00,0.008373056989080307
2010-07-27 00:00:00+00:00,-0.010526595743227812
2010-07-28 00:00:00+00:00,-0.0031652944230964875
2010-07-29 00:00:00+00:00,-0.002103767659013961
2010-07-30 00:00:00+00:00,0.005496623084472463
2010-08-02 00:00:00+00:00,0.015392110297319794
2010-08-03 00:00:00+00:00,-0.004184432357635631
2010-08-04 00:00:00+00:00,0.009836427619146881
2010-08-05 00:00:00+00:00,0.0012572247970251693
2010-08-06 00:00:00+00:00,-0.003579428513781624
2010-08-09 00:00:00+00:00,0.0027827536184683865
2010-08-10 00:00:00+00:00,-0.00397490955811966
2010-08-11 00:00:00+00:00,-0.02445732027807837
2010-08-12 00:00:00+00:00,0.0013639027046883356
2010-08-13 00:00:00+00:00,-0.0033155808850122703
2010-08-16 00:00:00+00:00,0.003333920689746167
2010-08-17 00:00:00+00:00,0.010380300801704545
2010-08-18 00:00:00+00:00,0.005252518864191369
2010-08-19 00:00:00+00:00,-0.01265496601079752
2010-08-20 00:00:00+00:00,-0.0029053997944663013
2010-08-23 00:00:00+00:00,-0.009264604661161413
2010-08-24 00:00:00+00:00,-0.014481845598432797
2010-08-25 00:00:00+00:00,0.004312693510706539
2010-08-26 00:00:00+00:00,-0.006977824245936209
2010-08-27 00:00:00+00:00,0.014616513872400871
2010-08-30 00:00:00+00:00,-0.013101455172910587
2010-08-31 00:00:00+00:00,0.0031907175737512228
2010-09-01 00:00:00+00:00,0.03606084309039295
2010-09-02 00:00:00+00:00,0.01092646165589617
2010-09-03 00:00:00+00:00,0.009265943757136186
2010-09-07 00:00:00+00:00,-0.014322288596102462
2010-09-08 00:00:00+00:00,0.008728977400166926
2010-09-09 00:00:00+00:00,0.001968386253089871
2010-09-10 00:00:00+00:00,0.007258528550248
2010-09-13 00:00:00+00:00,0.01595636502046477
2010-09-14 00:00:00+00:00,0.0005044962320960855
2010-09-15 00:00:00+00:00,8.480278845524047e-05
2010-09-16 00:00:00+00:00,-0.0010931921363711017
2010-09-17 00:00:00+00:00,0.0012351339659816274
2010-09-20 00:00:00+00:00,0.013347610010727429
2010-09-21 00:00:00+00:00,0.0025141138873020497
2010-09-22 00:00:00+00:00,-0.000722742387139319
2010-09-23 00:00:00+00:00,-0.0027615858240860602
2010-09-24 00:00:00+00:00,0.015965402046159677
2010-09-27 00:00:00+00:00,-0.0027872569822287308
2010-09-28 00:00:00+00:00,0.008633816642738434
2010-09-29 00:00:00+00:00,-0.0002623206072003281
2010-09-30 00:00:00+00:00,0.0003876230795888669
2010-10-01 00:00:00+00:00,0.004838706938814302
2010-10-04 00:00:00+00:00,0.0002698251262932827
2010-10-05 00:00:00+00:00,0.01245227060655621
2010-10-06 00:00:00+00:00,0.004339031367891183
2010-10-07 00:00:00+00:00,-0.007164258487997677
2010-10-08 00:00:00+00:00,0.008355779198451097
2010-10-11 00:00:00+00:00,0.0017678967945712332
2010-10-12 00:00:00+00:00,-0.0026470544834816256
2010-10-13 00:00:00+00:00,0.007532415558166389
2010-10-14 00:00:00+00:00,-0.0036461873375992215
2010-10-15 00:00:00+00:00,-0.003938759205501685
2010-10-18 00:00:00+00:00,0.0049327304131472904
2010-10-19 00:00:00+00:00,-0.01567687171154003
2010-10-20 00:00:00+00:00,0.010532943510506654
2010-10-21 00:00:00+00:00,-0.003484562740662639
2010-10-22 00:00:00+00:00,0.0051061958312283995
2010-10-25 00:00:00+00:00,0.005634714983079936
2010-10-26 00:00:00+00:00,-0.003394020151818916
2010-10-27 00:00:00+00:00,-0.008152808597445632
2010-10-28 00:00:00+00:00,0.007306946317369223
2010-10-29 00:00:00+00:00,0.0071309871839228545
2010-11-01 00:00:00+00:00,-0.0005447600020251073
2010-11-02 00:00:00+00:00,0.009138166323940988
2010-11-03 00:00:00+00:00,0.00012689199125559547
2010-11-04 00:00:00+00:00,0.020336006645507
2010-11-05 00:00:00+00:00,0.00469596098704711
2010-11-08 00:00:00+00:00,0.001654753540038273
2010-11-09 00:00:00+00:00,-0.011802271929062191
2010-11-10 00:00:00+00:00,0.007135938186493551
2010-11-11 00:00:00+00:00,-0.0016928138862493392
2010-11-12 00:00:00+00:00,-0.01605727408789545
2010-11-15 00:00:00+00:00,-0.0024750398414372654
2010-11-16 00:00:00+00:00,-0.014307169391155283
2010-11-17 00:00:00+00:00,0.0030054215825685016
2010-11-18 00:00:00+00:00,0.01598194884857962
2010-11-19 00:00:00+00:00,0.004653648640077834
2010-11-22 00:00:00+00:00,0.0032270223180004554
2010-11-23 00:00:00+00:00,-0.011700263216803286
2010-11-24 00:00:00+00:00,0.01800790092691426
2010-11-26 00:00:00+00:00,-0.010683647346146324
2010-11-29 00:00:00+00:00,0.0010600747522671872
2010-11-30 00:00:00+00:00,0.0029212059628068165
2010-12-01 00:00:00+00:00,0.019385832864268537
2010-12-02 00:00:00+00:00,0.01122739895006336
2010-12-03 00:00:00+00:00,0.0026232004632273376
2010-12-06 00:00:00+00:00,0.002592416241652712
2010-12-07 00:00:00+00:00,0.00028027402831068415
2010-12-08 00:00:00+00:00,0.00038683906260661427
2010-12-09 00:00:00+00:00,-0.0006885171848538818
2010-12-10 00:00:00+00:00,0.007528160243034099
2010-12-13 00:00:00+00:00,-0.001580516084291217
2010-12-14 00:00:00+00:00,0.0008791680426646631
2010-12-15 00:00:00+00:00,-0.00554470826952394
2010-12-16 00:00:00+00:00,0.007460725199347373
2010-12-17 00:00:00+00:00,0.0025455762567499485
2010-12-20 00:00:00+00:00,0.0026899938994445205
2010-12-21 00:00:00+00:00,0.007837576173215843
2010-12-22 00:00:00+00:00,0.0009052951427634404
2010-12-23 00:00:00+00:00,-0.0026632184713953067
2010-12-27 00:00:00+00:00,-0.0003202814603392723
2010-12-28 00:00:00+00:00,-0.002012573602522827
2010-12-29 00:00:00+00:00,0.0022534862764254093
2010-12-30 00:00:00+00:00,-0.0012077751949248483
2010-12-31 00:00:00+00:00,-0.0007352357042690605
2011-01-03 00:00:00+00:00,0.005075066359291169
2011-01-04 00:00:00+00:00,-0.007510409618551622
2011-01-05 00:00:00+00:00,0.004437666548874314
2011-01-06 00:00:00+00:00,-0.004057889558286537
2011-01-07 00:00:00+00:00,-0.00018183443010152955
2011-01-10 00:00:00+00:00,0.00036789031899739366
2011-01-11 00:00:00+00:00,0.0017657214125010312
2011-01-12 00:00:00+00:00,0.004264685577631988
2011-01-13 00:00:00+00:00,-0.0026798483095016867
2011-01-14 00:00:00+00:00,0.0012087413702368544
2011-01-18 00:00:00+00:00,0.005044845450271729
2011-01-19 00:00:00+00:00,-0.007396844102965011
2011-01-20 00:00:00+00:00,-0.006319811124405994
2011-01-21 00:00:00+00:00,0.0011008244889300633
2011-01-24 00:00:00+00:00,0.003941369557553809
2011-01-25 00:00:00+00:00,-0.0023290846338722138
2011-01-26 00:00:00+00:00,0.0060243940633655235
2011-01-27 00:00:00+00:00,-0.004695563475022063
2011-01-28 00:00:00+00:00,-0.016071604690599067
2011-01-31 00:00:00+00:00,0.005232343915174714
2011-02-01 00:00:00+00:00,0.018912335102370864
2011-02-02 00:00:00+00:00,-0.0009663744362683746
2011-02-03 00:00:00+00:00,0.003352934319567541
2011-02-04 00:00:00+00:00,0.0005257253880439905
2011-02-07 00:00:00+00:00,0.007248254662758913
2011-02-08 00:00:00+00:00,0.005400558200824579
2011-02-09 00:00:00+00:00,-0.003692615514634262
2011-02-10 00:00:00+00:00,0.0001469555705073955
2011-02-11 00:00:00+00:00,0.010891969331809914
2011-02-14 00:00:00+00:00,-0.0009741266883306343
2011-02-15 00:00:00+00:00,-0.003793387956864014
2011-02-16 00:00:00+00:00,0.007500701866519077
2011-02-17 00:00:00+00:00,0.004862396260377655
2011-02-18 00:00:00+00:00,0.004109316681698283
2011-02-22 00:00:00+00:00,-0.027477761948480756
2011-02-23 00:00:00+00:00,-0.014762340106702687
2011-02-24 00:00:00+00:00,0.004998734180112152
2011-02-25 00:00:00+00:00,0.013516320558547623
2011-02-28 00:00:00+00:00,0.005891652629032851
2011-03-01 00:00:00+00:00,-0.01764869955939588
2011-03-02 00:00:00+00:00,0.005521548053957104
2011-03-03 00:00:00+00:00,0.019435411016254622
2011-03-04 00:00:00+00:00,-0.007199955213560205
2011-03-07 00:00:00+00:00,-0.010887066792073852
2011-03-08 00:00:00+00:00,0.004380315525754047
2011-03-09 00:00:00+00:00,-0.0037496982833808423
2011-03-10 00:00:00+00:00,-0.02315837058988776
2011-03-11 00:00:00+00:00,0.011579904037246902
2011-03-14 00:00:00+00:00,-0.0005987512781830406
2011-03-15 00:00:00+00:00,-0.011241411057316825
2011-03-16 00:00:00+00:00,-0.020125693522555416
2011-03-17 00:00:00+00:00,0.01420989165849923
2011-03-18 00:00:00+00:00,2.3431178387434137e-05
2011-03-21 00:00:00+00:00,0.021146596881553348
2011-03-22 00:00:00+00:00,-0.0014963544633859738
2011-03-23 00:00:00+00:00,0.007135697145928488
2011-03-24 00:00:00+00:00,0.010861757081282009
2011-03-25 00:00:00+00:00,0.002397898449611635
2011-03-28 00:00:00+00:00,-0.0019648187498187697
2011-03-29 00:00:00+00:00,0.008575439719397782
2011-03-30 00:00:00+00:00,0.007049653311014481
2011-03-31 00:00:00+00:00,0.0031073929208046136
2011-04-01 00:00:00+00:00,0.00030207807264123797
2011-04-04 00:00:00+00:00,0.0010410942133034506
2011-04-05 00:00:00+00:00,0.005403132863734145
2011-04-06 00:00:00+00:00,-0.0008648181069778327
2011-04-07 00:00:00+00:00,-0.0014396528977667356
2011-04-08 00:00:00+00:00,-0.0009028343703389174
2011-04-11 00:00:00+00:00,-0.00976516596336699
2011-04-12 00:00:00+00:00,-0.014538581387047611
2011-04-13 00:00:00+00:00,0.0039987754937136355
2011-04-14 00:00:00+00:00,0.005789813057178322
2011-04-15 00:00:00+00:00,0.006434971167746273
2011-04-18 00:00:00+00:00,-0.008104483143379526
2011-04-19 00:00:00+00:00,0.004148032301405036
2011-04-20 00:00:00+00:00,0.01763412090916744
2011-04-21 00:00:00+00:00,0.005389925519355521
2011-04-25 00:00:00+00:00,-0.0007591671947189127
2011-04-26 00:00:00+00:00,0.0055483140518080565
2011-04-27 00:00:00+00:00,0.007887289506972761
2011-04-28 00:00:00+00:00,0.0017651969494499042
2011-04-29 00:00:00+00:00,0.008664104521986543
2011-05-02 00:00:00+00:00,-0.010990612066957867
2011-05-03 00:00:00+00:00,-0.015778201359292976
2011-05-04 00:00:00+00:00,-0.016287504490668125
2011-05-05 00:00:00+00:00,-0.017789038883772618
2011-05-06 00:00:00+00:00,0.007708328851438073
2011-05-09 00:00:00+00:00,0.013179150107593018
2011-05-10 00:00:00+00:00,0.007374801525615038
2011-05-11 00:00:00+00:00,-0.020597942895544258
2011-05-12 00:00:00+00:00,-0.001401214713390636
2011-05-13 00:00:00+00:00,-0.008841172192050162
2011-05-16 00:00:00+00:00,-0.0029994542273869274
2011-05-17 00:00:00+00:00,-0.005417861086751963
2011-05-18 00:00:00+00:00,0.016259382638764253
2011-05-19 00:00:00+00:00,0.001247351366158611
2011-05-20 00:00:00+00:00,6.433640757277925e-05
2011-05-23 00:00:00+00:00,-0.008733313426027678
2011-05-24 00:00:00+00:00,0.00789407429608352
2011-05-25 00:00:00+00:00,0.009175222448081805
2011-05-26 00:00:00+00:00,0.0033135430112760933
2011-05-27 00:00:00+00:00,0.00784543812430133
2011-05-31 00:00:00+00:00,0.005888001315710351
2011-06-01 00:00:00+00:00,-0.02835753570546176
2011-06-02 00:00:00+00:00,0.0028740494136070827
2011-06-03 00:00:00+00:00,-0.006334423736022249
2011-06-06 00:00:00+00:00,-0.013183700937062753
2011-06-07 00:00:00+00:00,0.003075034307759378
2011-06-08 00:00:00+00:00,-0.007205469278297932
2011-06-09 00:00:00+00:00,0.012015249882137646
2011-06-10 00:00:00+00:00,-0.017764392595714384
2011-06-13 00:00:00+00:00,-0.004966489857239326
2011-06-14 00:00:00+00:00,0.019339905729995277
2011-06-15 00:00:00+00:00,-0.023482341868268475
2011-06-16 00:00:00+00:00,-0.0020461190673389806
2011-06-17 00:00:00+00:00,0.0028735199961527347
2011-06-20 00:00:00+00:00,0.004700602769964896
2011-06-21 00:00:00+00:00,0.020735160641443262
2011-06-22 00:00:00+00:00,-0.005570849783863019
2011-06-23 00:00:00+00:00,-0.005637874383458974
2011-06-24 00:00:00+00:00,-0.011557383224227252
2011-06-27 00:00:00+00:00,0.005895385638992279
2011-06-28 00:00:00+00:00,0.019047187109386965
2011-06-29 00:00:00+00:00,0.012592810149572753
2011-06-30 00:00:00+00:00,0.014371313348424897
2011-07-01 00:00:00+00:00,0.01307250897708373
2011-07-05 00:00:00+00:00,0.0035589176873990214
2011-07-06 00:00:00+00:00,0.0006494067054527153
2011-07-07 00:00:00+00:00,0.014753328864499704
2011-07-08 00:00:00+00:00,-0.0070267197911898505
2011-07-11 00:00:00+00:00,-0.021101063964707262
2011-07-12 00:00:00+00:00,-0.0045899646551191275
2011-07-13 00:00:00+00:00,0.007570594936809394
2011-07-14 00:00:00+00:00,-0.009945393108876766
2011-07-15 00:00:00+00:00,0.010739991135630678
2011-07-18 00:00:00+00:00,-0.010250093047676073
2011-07-19 00:00:00+00:00,0.01881157016931051
2011-07-20 00:00:00+00:00,-0.0025410795765039296
2011-07-21 00:00:00+00:00,0.013130629956757234
2011-07-22 00:00:00+00:00,0.0013819951104693806
2011-07-25 00:00:00+00:00,-0.006216670923202411
2011-07-26 00:00:00+00:00,-0.006218736975630079
2011-07-27 00:00:00+00:00,-0.022237913232622974
2011-07-28 00:00:00+00:00,-0.003206159764560429
2011-07-29 00:00:00+00:00,-0.006794635915052555
2011-08-01 00:00:00+00:00,-0.0044647499824014
2011-08-02 00:00:00+00:00,-0.018191205276413547
2011-08-03 00:00:00+00:00,0.0020442289137554692
2011-08-04 00:00:00+00:00,-0.04570124625601399
2011-08-05 00:00:00+00:00,-0.005252603735890982
2011-08-08 00:00:00+00:00,-0.05041521254876907
2011-08-09 00:00:00+00:00,0.04321246902512155
2011-08-10 00:00:00+00:00,-0.022680311780432394
2011-08-11 00:00:00+00:00,0.031044725431308345
2011-08-12 00:00:00+00:00,0.0053380204193096414
2011-08-15 00:00:00+00:00,0.021859809835548305
2011-08-16 00:00:00+00:00,-0.007033163105315321
2011-08-17 00:00:00+00:00,0.001437969135651307
2011-08-18 00:00:00+00:00,-0.03636419173328795
2011-08-19 00:00:00+00:00,-0.009309461419300613
2011-08-22 00:00:00+00:00,0.004283703837199587
2011-08-23 00:00:00+00:00,0.02363693081748755
2011-08-24 00:00:00+00:00,0.0011597690702364605
2011-08-25 00:00:00+00:00,-0.015362719004759079
2011-08-26 00:00:00+00:00,0.023444145143715955
2011-08-29 00:00:00+00:00,0.02134684205049739
2011-08-30 00:00:00+00:00,0.011561112280523977
2011-08-31 00:00:00+00:00,0.0009696497989871433
2011-09-01 00:00:00+00:00,-0.009571115996370283
2011-09-02 00:00:00+00:00,-0.01453950174622104
2011-09-06 00:00:00+00:00,-0.003828926478747746
2011-09-07 00:00:00+00:00,0.016986127044753746
2011-09-08 00:00:00+00:00,-0.001961739682521335
2011-09-09 00:00:00+00:00,-0.02272701662542137
2011-09-12 00:00:00+00:00,0.0009637259056688441
2011-09-13 00:00:00+00:00,0.010717810200581657
2011-09-14 00:00:00+00:00,0.009288860690317924
2011-09-15 00:00:00+00:00,0.008201060204668292
2011-09-16 00:00:00+00:00,0.004470360928312073
2011-09-19 00:00:00+00:00,-0.012198783299934401
2011-09-20 00:00:00+00:00,-0.0029729544918659367
2011-09-21 00:00:00+00:00,-0.027117770992706847
2011-09-22 00:00:00+00:00,-0.0357590112080296
2011-09-23 00:00:00+00:00,-0.01115718078048869
2011-09-26 00:00:00+00:00,0.013270110472430846
2011-09-27 00:00:00+00:00,0.0164839251834909
2011-09-28 00:00:00+00:00,-0.028335304325260297
2011-09-29 00:00:00+00:00,0.006107970860650819
2011-09-30 00:00:00+00:00,-0.020870732729214025
2011-10-03 00:00:00+00:00,-0.015355195146971451
2011-10-04 00:00:00+00:00,0.013326076341611037
2011-10-05 00:00:00+00:00,0.017016779916516234
2011-10-06 00:00:00+00:00,0.015121783071462447
2011-10-07 00:00:00+00:00,-0.003906690547205244
2011-10-10 00:00:00+00:00,0.030120484032409467
2011-10-11 00:00:00+00:00,-0.0007077636712022051
2011-10-12 00:00:00+00:00,0.007342262359606444
2011-10-13 00:00:00+00:00,-0.0027502014542760134
2011-10-14 00:00:00+00:00,0.01772062412608194
2011-10-17 00:00:00+00:00,-0.012543416691071785
2011-10-18 00:00:00+00:00,0.013786924318046845
2011-10-19 00:00:00+00:00,-0.010116231818397686
2011-10-20 00:00:00+00:00,0.0012900836793655057
2011-10-21 00:00:00+00:00,0.018341043140661095
2011-10-24 00:00:00+00:00,0.007573080188508219
2011-10-25 00:00:00+00:00,-0.006535249523163089
2011-10-26 00:00:00+00:00,0.009685941557109723
2011-10-27 00:00:00+00:00,0.024316785813970343
2011-10-28 00:00:00+00:00,-0.0007817641872244763
2011-10-31 00:00:00+00:00,-0.02233561926205202
2011-11-01 00:00:00+00:00,-0.0016575108940615753
2011-11-02 00:00:00+00:00,0.0061640448705820305
2011-11-03 00:00:00+00:00,0.006609755669328754
2011-11-04 00:00:00+00:00,-0.0035476637443347947
2011-11-07 00:00:00+00:00,0.011086821797362645
2011-11-08 00:00:00+00:00,-0.001155853537460505
2011-11-09 00:00:00+00:00,-0.008218010127400532
2011-11-10 00:00:00+00:00,-0.000982568522034516
2011-11-11 00:00:00+00:00,0.009071963165572627
2011-11-14 00:00:00+00:00,-0.0021853535531667356
2011-11-15 00:00:00+00:00,0.0015216323782106522
2011-11-16 00:00:00+00:00,-0.005620590653419771
2011-11-17 00:00:00+00:00,-0.006608781827410204
2011-11-18 00:00:00+00:00,0.0031857166910017887
2011-11-21 00:00:00+00:00,-0.011785119145637957
2011-11-22 00:00:00+00:00,0.002734224070963548
2011-11-23 00:00:00+00:00,-0.004893256435341081
2011-11-25 00:00:00+00:00,-0.0036128377856659843
2011-11-28 00:00:00+00:00,0.011910126068449545
2011-11-29 00:00:00+00:00,0.0036510875720661973
2011-11-30 00:00:00+00:00,0.014052267187264156
2011-12-01 00:00:00+00:00,-0.0025802985707857884
2011-12-02 00:00:00+00:00,-0.0018735400666817226
2011-12-05 00:00:00+00:00,-0.0017961717605706473
2011-12-06 00:00:00+00:00,0.0006554638699051707
2011-12-07 00:00:00+00:00,0.004207033460417453
2011-12-08 00:00:00+00:00,-0.010197854778153465
2011-12-09 00:00:00+00:00,0.0023505402288785393
2011-12-12 00:00:00+00:00,-0.00894066104025204
2011-12-13 00:00:00+00:00,-0.0026450248480528182
2011-12-14 00:00:00+00:00,-0.005779052312846339
2011-12-15 00:00:00+00:00,0.003965436474559936
2011-12-16 00:00:00+00:00,0.006103541054823497
2011-12-19 00:00:00+00:00,0.0007062667247133836
2011-12-20 00:00:00+00:00,0.007731304699339914
2011-12-21 00:00:00+00:00,0.002135241116028558
2011-12-22 00:00:00+00:00,0.0013697557474693367
2011-12-23 00:00:00+00:00,0.0008594467784425186
2011-12-27 00:00:00+00:00,0.0015485871871383228
2011-12-28 00:00:00+00:00,-0.005263918533916001
2011-12-29 00:00:00+00:00,0.0030721431741710936
2011-12-30 00:00:00+00:00,0.001324997752613577
2012-01-03 00:00:00+00:00,-0.0022161207393898152
2012-01-04 00:00:00+00:00,-0.003659703585274815
2012-01-05 00:00:00+00:00,0.001605435637534125
2012-01-06 00:00:00+00:00,-0.0019160950095968854
2012-01-09 00:00:00+00:00,-0.0008097735411310147
2012-01-10 00:00:00+00:00,0.004207080359299342
2012-01-11 00:00:00+00:00,0.002654877773200115
2012-01-12 00:00:00+00:00,0.0003220099983382574
2012-01-13 00:00:00+00:00,0.00036333844402311466
2012-01-17 00:00:00+00:00,0.0038230232551634546
2012-01-18 00:00:00+00:00,-0.0008421268169310214
2012-01-19 00:00:00+00:00,-0.005642251405224924
2012-01-20 00:00:00+00:00,-0.0010743474075123327
2012-01-23 00:00:00+00:00,0.0008794760787658173
2012-01-24 00:00:00+00:00,-0.004714986518379871
2012-01-25 00:00:00+00:00,0.013211613504886116
2012-01-26 00:00:00+00:00,0.004525800739665964
2012-01-27 00:00:00+00:00,-0.0014263892981602189
2012-01-30 00:00:00+00:00,-0.0016608174225701267
2012-01-31 00:00:00+00:00,0.00618004024654234
2012-02-01 00:00:00+00:00,0.00016571695686889987
2012-02-02 00:00:00+00:00,0.0025907403936438755
2012-02-03 00:00:00+00:00,-0.008936160898368767
2012-02-06 00:00:00+00:00,0.0005708625430490832
2012-02-07 00:00:00+00:00,0.0027014719886042926
2012-02-08 00:00:00+00:00,-0.0012110341043365114
2012-02-09 00:00:00+00:00,-0.001911631700234534
2012-02-10 00:00:00+00:00,0.0009001203305309957
2012-02-13 00:00:00+00:00,0.0016598870302179658
2012-02-14 00:00:00+00:00,0.0014238356925863616
2012-02-15 00:00:00+00:00,0.00045559691422986104
2012-02-16 00:00:00+00:00,0.0021025638989396744
2012-02-17 00:00:00+00:00,-0.0009466869738261885
2012-02-21 00:00:00+00:00,0.0003519263334195444
2012-02-22 00:00:00+00:00,0.005552764949414396
2012-02-23 00:00:00+00:00,0.0011976712108730247
2012-02-24 00:00:00+00:00,0.002394285803587831
2012-02-27 00:00:00+00:00,0.001372026570840179
2012-02-28 00:00:00+00:00,0.0014038555176064116
2012-02-29 00:00:00+00:00,-0.014400099245606868
2012-03-01 00:00:00+00:00,0.0028843269754738887
2012-03-02 00:00:00+00:00,0.0013875363649790695
2012-03-05 00:00:00+00:00,-0.0030003828899628493
2012-03-06 00:00:00+00:00,-0.005661149237232155
2012-03-07 00:00:00+00:00,0.0011606847645713458
2012-03-08 00:00:00+00:00,0.0035904789344270716
2012-03-09 00:00:00+00:00,0.004192270674018006
2012-03-12 00:00:00+00:00,0.0008317837091790792
2012-03-13 00:00:00+00:00,-0.004185599713810523
2012-03-14 00:00:00+00:00,-0.014284246829619984
2012-03-15 00:00:00+00:00,0.002940980119639003
2012-03-16 00:00:00+00:00,0.0006078588800466356
2012-03-19 00:00:00+00:00,-0.004327823352607368
2012-03-20 00:00:00+00:00,-0.0022593350725332306
2012-03-21 00:00:00+00:00,0.002309361916086383
2012-03-22 00:00:00+00:00,-0.00043317796186906343
2012-03-23 00:00:00+00:00,0.006259212068574882
2012-03-26 00:00:00+00:00,0.009264496252672505
2012-03-27 00:00:00+00:00,0.001723506427540239
2012-03-28 00:00:00+00:00,-0.005608869475306866
2012-03-29 00:00:00+00:00,0.0030649695443154545
2012-03-30 00:00:00+00:00,0.00024041533137270088
2012-04-02 00:00:00+00:00,0.006721005609767017
2012-04-03 00:00:00+00:00,-0.010467869623732473
2012-04-04 00:00:00+00:00,-0.004966577794971311
2012-04-05 00:00:00+00:00,0.005115795420422009
2012-04-09 00:00:00+00:00,0.0033603405891575178
2012-04-10 00:00:00+00:00,-0.0006918702190594206
2012-04-11 00:00:00+00:00,-0.0005609558502309153
2012-04-12 00:00:00+00:00,0.004498612463603668
2012-04-13 00:00:00+00:00,-0.0025924607682151213
2012-04-16 00:00:00+00:00,-0.002724111602482815
2012-04-17 00:00:00+00:00,0.007120059641121751
2012-04-18 00:00:00+00:00,-0.0013740369999822866
2012-04-19 00:00:00+00:00,-0.0031974069668258
2012-04-20 00:00:00+00:00,0.0018111174991613799
2012-04-23 00:00:00+00:00,-0.005066914683556106
2012-04-24 00:00:00+00:00,-0.0026684650641580765
2012-04-25 00:00:00+00:00,0.007491690303106119
2012-04-26 00:00:00+00:00,0.007456537460724055
2012-04-27 00:00:00+00:00,0.0018886378839298446
2012-04-30 00:00:00+00:00,-0.0016027798653693581
2012-05-01 00:00:00+00:00,0.0010980819468326413
2012-05-02 00:00:00+00:00,0.003999571534853308
2012-05-03 00:00:00+00:00,-0.006748287611332976
2012-05-04 00:00:00+00:00,-0.014333438458548398
2012-05-07 00:00:00+00:00,-0.0005252317298840015
2012-05-08 00:00:00+00:00,-0.003463412813867972
2012-05-09 00:00:00+00:00,-0.0015647108280327782
2012-05-10 00:00:00+00:00,-0.0022963794959122708
2012-05-11 00:00:00+00:00,0.0016951455016361305
2012-05-14 00:00:00+00:00,-0.004525590264676638
2012-05-15 00:00:00+00:00,-0.0009191515307006293
2012-05-16 00:00:00+00:00,-0.003406685540683102
2012-05-17 00:00:00+00:00,-0.01102405311194174
2012-05-18 00:00:00+00:00,-0.007419846398307284
2012-05-21 00:00:00+00:00,0.01705805635828822
2012-05-22 00:00:00+00:00,-0.0028687368377283695
2012-05-23 00:00:00+00:00,0.0038214356540576255
2012-05-24 00:00:00+00:00,-0.0028559260937265074
2012-05-25 00:00:00+00:00,-0.00032695765093856965
2012-05-29 00:00:00+00:00,0.009196656620506088
2012-05-30 00:00:00+00:00,-0.0012921111617382464
2012-05-31 00:00:00+00:00,0.0001313682720057996
2012-06-01 00:00:00+00:00,-0.015134301170808412
2012-06-04 00:00:00+00:00,0.0022971269828852003
2012-06-05 00:00:00+00:00,0.0006087130566129195
2012-06-06 00:00:00+00:00,0.011852669601410987
2012-06-07 00:00:00+00:00,-0.0018627002199277931
2012-06-08 00:00:00+00:00,0.007322323753803983
2012-06-11 00:00:00+00:00,-0.010407569661404464
2012-06-12 00:00:00+00:00,0.005944017885342545
2012-06-13 00:00:00+00:00,-0.004402301255496066
2012-06-14 00:00:00+00:00,0.005202447046489617
2012-06-15 00:00:00+00:00,0.009614686666872096
2012-06-18 00:00:00+00:00,0.007321953934673053
2012-06-19 00:00:00+00:00,0.0035407043506607283
2012-06-20 00:00:00+00:00,0.0015811236247783855
2012-06-21 00:00:00+00:00,-0.016229948545943756
2012-06-22 00:00:00+00:00,0.003150452356146499
2012-06-25 00:00:00+00:00,-0.010133887155260368
2012-06-26 00:00:00+00:00,0.0046766824186754985
2012-06-27 00:00:00+00:00,0.0030853239315343506
2012-06-28 00:00:00+00:00,-0.005602089409198707
2012-06-29 00:00:00+00:00,0.016909471705545465
2012-07-02 00:00:00+00:00,0.006464042732594932
2012-07-03 00:00:00+00:00,0.0006085839927982006
2012-07-05 00:00:00+00:00,-0.0011289835035721285
2012-07-06 00:00:00+00:00,-0.002195805454683647
2012-07-09 00:00:00+00:00,0.0005801637610519106
2012-07-10 00:00:00+00:00,-0.0015922200142876042
2012-07-11 00:00:00+00:00,9.770862189978358e-05
2012-07-12 00:00:00+00:00,-0.00016188958012866572
2012-07-13 00:00:00+00:00,0.007678655044700139
2012-07-16 00:00:00+00:00,-0.0005115809822354156
2012-07-17 00:00:00+00:00,0.0006115613504347195
2012-07-18 00:00:00+00:00,0.005329822412345919
2012-07-19 00:00:00+00:00,0.001638985149515687
2012-07-20 00:00:00+00:00,-0.0008089768053336777
2012-07-23 00:00:00+00:00,-0.004830201393586503
2012-07-24 00:00:00+00:00,-0.0035731964014970585
2012-07-25 00:00:00+00:00,-0.00039338134902761057
2012-07-26 00:00:00+00:00,0.009564979675022345
2012-07-27 00:00:00+00:00,0.006482767201559186
2012-07-30 00:00:00+00:00,0.004136145693103499
2012-07-31 00:00:00+00:00,-0.0016131100782984242
2012-08-01 00:00:00+00:00,-0.004544324352433182
2012-08-02 00:00:00+00:00,-0.004431352940080763
2012-08-03 00:00:00+00:00,0.006057782674253415
2012-08-06 00:00:00+00:00,-0.0005711362273807807
2012-08-07 00:00:00+00:00,-0.007711636776949665
2012-08-08 00:00:00+00:00,0.0016728687192819336
2012-08-09 00:00:00+00:00,-0.0013572868474252264
2012-08-10 00:00:00+00:00,0.002962078872577323
2012-08-13 00:00:00+00:00,-0.0014002739531887298
2012-08-14 00:00:00+00:00,-0.0020231526139909972
2012-08-15 00:00:00+00:00,-0.003993867912528815
2012-08-16 00:00:00+00:00,-0.0027494070494367695
2012-08-17 00:00:00+00:00,-0.0005370953537306433
2012-08-20 00:00:00+00:00,0.0015055420188332946
2012-08-21 00:00:00+00:00,-0.0030833166094167697
2012-08-22 00:00:00+00:00,0.0031440226726121012
2012-08-23 00:00:00+00:00,-0.0038276593643333523
2012-08-24 00:00:00+00:00,0.00526992034102966
2012-08-27 00:00:00+00:00,0.0026174070067863098
2012-08-28 00:00:00+00:00,-0.00012583904663149292
2012-08-29 00:00:00+00:00,-0.001223444113727462
2012-08-30 00:00:00+00:00,-0.0017534190075236822
2012-08-31 00:00:00+00:00,0.004104061262140718
2012-09-04 00:00:00+00:00,-0.001861570540906437
2012-09-05 00:00:00+00:00,-0.0012957815810707984
2012-09-06 00:00:00+00:00,0.012571375206049062
2012-09-07 00:00:00+00:00,-0.0005815171811796027
2012-09-10 00:00:00+00:00,-0.005627680170093491
2012-09-11 00:00:00+00:00,-0.0014263550571691208
2012-09-12 00:00:00+00:00,0.00022406890324586093
2012-09-13 00:00:00+00:00,0.00898708863160122
2012-09-14 00:00:00+00:00,-0.0022235760130322746
2012-09-17 00:00:00+00:00,0.0024020543281812745
2012-09-18 00:00:00+00:00,0.00041490563593546415
2012-09-19 00:00:00+00:00,0.004931197830705836
2012-09-20 00:00:00+00:00,-0.00041715716092813326
2012-09-21 00:00:00+00:00,0.0004986343958777173
2012-09-24 00:00:00+00:00,-0.0017777821014996198
2012-09-25 00:00:00+00:00,-0.00751049496827258
2012-09-26 00:00:00+00:00,-0.0028377474663969504
2012-09-27 00:00:00+00:00,0.007454484365121639
2012-09-28 00:00:00+00:00,-0.004755484848636554
2012-10-01 00:00:00+00:00,-0.00021992694544459269
2012-10-02 00:00:00+00:00,0.0010529603131014253
2012-10-03 00:00:00+00:00,0.007113418364697921
2012-10-04 00:00:00+00:00,0.007670642989928311
2012-10-05 00:00:00+00:00,-0.002040413294493393
2012-10-08 00:00:00+00:00,-0.005501464883133467
2012-10-09 00:00:00+00:00,-0.012731832500156554
2012-10-10 00:00:00+00:00,-0.003965198008636539
2012-10-11 00:00:00+00:00,-0.0015008675849435271
2012-10-12 00:00:00+00:00,-0.003764451461553242
2012-10-15 00:00:00+00:00,0.008423222640881911
2012-10-16 00:00:00+00:00,0.010756012994934172
2012-10-17 00:00:00+00:00,0.0032359068902857724
2012-10-18 00:00:00+00:00,-0.005168523182833673
2012-10-19 00:00:00+00:00,-0.01950228785658309
2012-10-22 00:00:00+00:00,0.0021961813057266855
2012-10-23 00:00:00+00:00,-0.011280498073899553
2012-10-24 00:00:00+00:00,-0.0033133600085849535
2012-10-25 00:00:00+00:00,-0.0004853322661043935
2012-10-26 00:00:00+00:00,0.0007206206917510782
2012-10-31 00:00:00+00:00,-0.00016605232892139
2012-11-01 00:00:00+00:00,0.012298158106910512
2012-11-02 00:00:00+00:00,-0.007418502977907665
2012-11-05 00:00:00+00:00,0.0037996427773897
2012-11-06 00:00:00+00:00,0.003161064289712301
2012-11-07 00:00:00+00:00,-0.01923139264042567
2012-11-08 00:00:00+00:00,-0.014543151020178446
2012-11-09 00:00:00+00:00,0.0017236162316708326
2012-11-12 00:00:00+00:00,0.0011033590878671284
2012-11-13 00:00:00+00:00,-0.0032132389420608254
2012-11-14 00:00:00+00:00,-0.012156816964950634
2012-11-15 00:00:00+00:00,-0.0031600966173654377
2012-11-16 00:00:00+00:00,0.00499766966696924
2012-11-19 00:00:00+00:00,0.02080837100072075
2012-11-20 00:00:00+00:00,0.0016667934516061689
2012-11-21 00:00:00+00:00,0.0019773516085594134
2012-11-23 00:00:00+00:00,0.014273229918805141
2012-11-26 00:00:00+00:00,-8.548081736295399e-05
2012-11-27 00:00:00+00:00,-0.004483195482353763
2012-11-28 00:00:00+00:00,0.008847393278968496
2012-11-29 00:00:00+00:00,0.005134172847599983
2012-11-30 00:00:00+00:00,-0.00015261007625821943
2012-12-03 00:00:00+00:00,-0.002471125212744451
2012-12-04 00:00:00+00:00,-0.0002819797523850587
2012-12-05 00:00:00+00:00,0.003282026371627944
2012-12-06 00:00:00+00:00,0.005103086949985958
2012-12-07 00:00:00+00:00,0.005187895624954197
2012-12-10 00:00:00+00:00,0.0019772012177098897
2012-12-11 00:00:00+00:00,0.0054793783280582264
2012-12-12 00:00:00+00:00,0.0019700738445363186
2012-12-13 00:00:00+00:00,-0.0073585036252478975
2012-12-14 00:00:00+00:00,-0.0017583622901825025
2012-12-17 00:00:00+00:00,0.014081452905946368
2012-12-18 00:00:00+00:00,0.011388036579540128
2012-12-19 00:00:00+00:00,-0.0072426397605371284
2012-12-20 00:00:00+00:00,0.003922888665944535
2012-12-21 00:00:00+00:00,-0.01123654708769739
2012-12-24 00:00:00+00:00,-0.002426165254508006
2012-12-26 00:00:00+00:00,-0.004076362576144632
2012-12-27 00:00:00+00:00,5.263485072654062e-06
2012-12-28 00:00:00+00:00,-0.006213229441590307
2012-12-31 00:00:00+00:00,0.014865386917809253
2013-01-02 00:00:00+00:00,0.02498399352087191
2013-01-03 00:00:00+00:00,-0.0014657771637383299
2013-01-04 00:00:00+00:00,0.004883753067685681
2013-01-07 00:00:00+00:00,-0.001646013703036353
2013-01-08 00:00:00+00:00,-0.0026707577364684654
2013-01-09 00:00:00+00:00,0.0039090416923594495
2013-01-10 00:00:00+00:00,0.008583012967302295
2013-01-11 00:00:00+00:00,-0.00038385262225784644
2013-01-14 00:00:00+00:00,2.947802395542043e-05
2013-01-15 00:00:00+00:00,0.0008506628513950121
2013-01-16 00:00:00+00:00,0.0007039574338278121
2013-01-17 00:00:00+00:00,0.004642281030710432
2013-01-18 00:00:00+00:00,-0.00040511216161365216
2013-01-22 00:00:00+00:00,0.004582594981726418
2013-01-23 00:00:00+00:00,0.0019193594964115879
2013-01-24 00:00:00+00:00,0.00040171776264308345
2013-01-25 00:00:00+00:00,0.004618475769013447
2013-01-28 00:00:00+00:00,-0.0021937865134493972
2013-01-29 00:00:00+00:00,0.0021840975909493687
2013-01-30 00:00:00+00:00,-0.003786558855979366
2013-01-31 00:00:00+00:00,-0.003647815179128683
2013-02-01 00:00:00+00:00,0.011001784380855778
2013-02-04 00:00:00+00:00,-0.011489742864528751
2013-02-05 00:00:00+00:00,0.00902961447077838
2013-02-06 00:00:00+00:00,-0.0003942587563429967
2013-02-07 00:00:00+00:00,-0.005724179575906652
2013-02-08 00:00:00+00:00,0.005014696301938515
2013-02-11 00:00:00+00:00,-0.0006981930962771665
2013-02-12 00:00:00+00:00,0.0024747104887545
2013-02-13 00:00:00+00:00,-0.00430175049172099
2013-02-14 00:00:00+00:00,0.0002091481017138519
2013-02-15 00:00:00+00:00,0.0007306237203740795
2013-02-19 00:00:00+00:00,0.008435773374471933
2013-02-20 00:00:00+00:00,-0.012720686144532756
2013-02-21 00:00:00+00:00,-0.006648479932087281
2013-02-22 00:00:00+00:00,0.006516999753726549
2013-02-25 00:00:00+00:00,-0.017675631375068723
2013-02-26 00:00:00+00:00,0.0034985957599319994
2013-02-27 00:00:00+00:00,0.013638448629583966
2013-02-28 00:00:00+00:00,0.0017751133235844874
2013-03-01 00:00:00+00:00,0.0031281829821828144
2013-03-04 00:00:00+00:00,0.0054898865229910665
2013-03-05 00:00:00+00:00,0.008229047644418619
2013-03-06 00:00:00+00:00,0.0026846389792681558
2013-03-07 00:00:00+00:00,0.0013332146502573472
2013-03-08 00:00:00+00:00,0.008209584398382819
2013-03-11 00:00:00+00:00,0.003655975531624195
2013-03-12 00:00:00+00:00,0.000521202421926853
2013-03-13 00:00:00+00:00,-0.0018050461276402363
2013-03-14 00:00:00+00:00,0.0026623716277547893
2013-03-15 00:00:00+00:00,-0.004453243285583552
2013-03-18 00:00:00+00:00,-0.008384463606017994
2013-03-19 00:00:00+00:00,-0.004567581792400605
2013-03-20 00:00:00+00:00,0.010194611775060314
2013-03-21 00:00:00+00:00,-0.007027164695522281
2013-03-22 00:00:00+00:00,0.008939059385521197
2013-03-25 00:00:00+00:00,0.0004315712116395587
2013-03-26 00:00:00+00:00,0.010258123451283963
2013-03-27 00:00:00+00:00,0.0033604503787978413
2013-03-28 00:00:00+00:00,0.004152512415922127
2013-04-01 00:00:00+00:00,-0.0033190500582765403
2013-04-02 00:00:00+00:00,0.011097412034713539
2013-04-03 00:00:00+00:00,-0.010585181937049493
2013-04-04 00:00:00+00:00,0.0033352600914002273
2013-04-05 00:00:00+00:00,-0.003178848611322338
2013-04-08 00:00:00+00:00,0.007427151845470936
2013-04-09 00:00:00+00:00,0.003364703923512402
2013-04-10 00:00:00+00:00,0.011997531111848647
2013-04-11 00:00:00+00:00,0.007174953479813728
2013-04-12 00:00:00+00:00,-0.0013719447563865228
2013-04-15 00:00:00+00:00,-0.025040209608784808
2013-04-16 00:00:00+00:00,0.015433284410997672
2013-04-17 00:00:00+00:00,-0.010856292374420068
2013-04-18 00:00:00+00:00,-0.006896390696925603
2013-04-19 00:00:00+00:00,0.012950089494326245
2013-04-22 00:00:00+00:00,0.003970580732855944
2013-04-23 00:00:00+00:00,0.007445224381976423
2013-04-24 00:00:00+00:00,-0.01093855723310777
2013-04-25 00:00:00+00:00,0.006795614754552204
2013-04-26 00:00:00+00:00,-0.0051427908104829945
2013-04-29 00:00:00+00:00,0.0009666411064629121
2013-04-30 00:00:00+00:00,0.0008972401137296027
2013-05-01 00:00:00+00:00,-0.009847100289369776
2013-05-02 00:00:00+00:00,0.008102440077653372
2013-05-03 00:00:00+00:00,0.010963508258105104
2013-05-06 00:00:00+00:00,-0.0029368420868682854
2013-05-07 00:00:00+00:00,0.0071909121290393285
2013-05-08 00:00:00+00:00,0.002213174045118421
2013-05-09 00:00:00+00:00,-0.0054995434352672345
2013-05-10 00:00:00+00:00,0.0025589663906387394
2013-05-13 00:00:00+00:00,0.002103538276944039
2013-05-14 00:00:00+00:00,0.010460349695987026
2013-05-15 00:00:00+00:00,0.005518256560816975
2013-05-16 00:00:00+00:00,-0.008244470817940358
2013-05-17 00:00:00+00:00,0.0034783570458838398
2013-05-20 00:00:00+00:00,-0.007432035031600309
2013-05-21 00:00:00+00:00,7.008555588405851e-05
2013-05-22 00:00:00+00:00,-0.007368053272171049
2013-05-23 00:00:00+00:00,-0.0005667955453942941
2013-05-24 00:00:00+00:00,-0.00042278243932333814
2013-05-28 00:00:00+00:00,0.005424430244548334
2013-05-29 00:00:00+00:00,-0.009310606386509185
2013-05-30 00:00:00+00:00,0.0031946053124864704
2013-05-31 00:00:00+00:00,-0.009804580243796157
2013-06-03 00:00:00+00:00,-0.0009378815487443566
2013-06-04 00:00:00+00:00,0.004331980874982572
2013-06-05 00:00:00+00:00,-0.02281041331446018
2013-06-06 00:00:00+00:00,0.008286604198180919
2013-06-07 00:00:00+00:00,0.019659146343876888
2013-06-10 00:00:00+00:00,0.003916605573710208
2013-06-11 00:00:00+00:00,-0.013160708677618482
2013-06-12 00:00:00+00:00,-0.004810977221224477
2013-06-13 00:00:00+00:00,0.018378297706713842
2013-06-14 00:00:00+00:00,-0.014227193023566176
2013-06-17 00:00:00+00:00,0.013267429043755552
2013-06-18 00:00:00+00:00,0.009785749911980557
2013-06-19 00:00:00+00:00,-0.015123572570113902
2013-06-20 00:00:00+00:00,-0.031220195659480754
2013-06-21 00:00:00+00:00,0.01258981645788837
2013-06-24 00:00:00+00:00,-0.017449898786303764
2013-06-25 00:00:00+00:00,0.012373555202793096
2013-06-26 00:00:00+00:00,0.005945264932593897
2013-06-27 00:00:00+00:00,0.012784342411436334
2013-06-28 00:00:00+00:00,-0.001918375197091593
2013-07-01 00:00:00+00:00,0.004470441810017767
2013-07-02 00:00:00+00:00,0.0007118595767204583
2013-07-03 00:00:00+00:00,-0.00015097514381018362
2013-07-05 00:00:00+00:00,0.013724323660100679
2013-07-08 00:00:00+00:00,0.007254615609706194
2013-07-09 00:00:00+00:00,0.006383452072423967
2013-07-10 00:00:00+00:00,-0.0011259061948613869
2013-07-11 00:00:00+00:00,0.011184893334694301
2013-07-12 00:00:00+00:00,0.005834056725832426
2013-07-15 00:00:00+00:00,0.0005147600796525653
2013-07-16 00:00:00+00:00,-0.005300824086709344
2013-07-17 00:00:00+00:00,0.002992851077474601
2013-07-18 00:00:00+00:00,0.008099911560425499
2013-07-19 00:00:00+00:00,0.0066989171841996265
2013-07-22 00:00:00+00:00,0.0019501664357447768
2013-07-23 00:00:00+00:00,-0.0017602816350875128
2013-07-24 00:00:00+00:00,-0.005821293889359758
2013-07-25 00:00:00+00:00,0.0034793606728610316
2013-07-26 00:00:00+00:00,0.0015514194611105925
2013-07-29 00:00:00+00:00,-0.0059304332367914325
2013-07-30 00:00:00+00:00,-0.0011924135810763015
2013-07-31 00:00:00+00:00,0.0023540321315773105
2013-08-01 00:00:00+00:00,0.01770818181372119
2013-08-02 00:00:00+00:00,0.00577994919487268
2013-08-05 00:00:00+00:00,0.00048064612942080864
2013-08-06 00:00:00+00:00,-0.005616983347082355
2013-08-07 00:00:00+00:00,-0.010348362288182394
2013-08-08 00:00:00+00:00,0.0020189248659106818
2013-08-09 00:00:00+00:00,-0.001439850642533852
2013-08-12 00:00:00+00:00,-0.0002087007206535152
2013-08-13 00:00:00+00:00,0.003074142869506441
2013-08-14 00:00:00+00:00,-0.006006232601929368
2013-08-15 00:00:00+00:00,-0.01617805017737034
2013-08-16 00:00:00+00:00,-0.0024517474075831935
2013-08-19 00:00:00+00:00,-0.0075160016110124295
2013-08-20 00:00:00+00:00,0.006347074331483432
2013-08-21 00:00:00+00:00,-0.008976799923253231
2013-08-22 00:00:00+00:00,0.010510754232814723
2013-08-23 00:00:00+00:00,0.005191496090439396
2013-08-26 00:00:00+00:00,-0.004979635583679282
2013-08-27 00:00:00+00:00,-0.01863231862316858
2013-08-28 00:00:00+00:00,0.002908523803167029
2013-08-29 00:00:00+00:00,0.004129072144613166
2013-08-30 00:00:00+00:00,-0.011560308974789962
2013-09-03 00:00:00+00:00,0.0069036710384010325
2013-09-04 00:00:00+00:00,0.009616702706706448
2013-09-05 00:00:00+00:00,0.0014596134731845178
2013-09-06 00:00:00+00:00,0.0004871796313483667
2013-09-09 00:00:00+00:00,0.01044892981835438
2013-09-10 00:00:00+00:00,0.009440884677573758
2013-09-11 00:00:00+00:00,0.003879404803396158
2013-09-12 00:00:00+00:00,-0.0046537606619136695
2013-09-13 00:00:00+00:00,0.0034068859157474485
2013-09-16 00:00:00+00:00,0.00663804651757588
2013-09-17 00:00:00+00:00,0.005291338139703061
2013-09-18 00:00:00+00:00,0.008997727187865956
2013-09-19 00:00:00+00:00,-0.0021214685139930023
2013-09-20 00:00:00+00:00,-0.004215905004797099
2013-09-23 00:00:00+00:00,-0.007198831207619744
2013-09-24 00:00:00+00:00,-0.0013925199342264827
2013-09-25 00:00:00+00:00,-0.0025832304685659002
2013-09-26 00:00:00+00:00,0.004639947384381171
2013-09-27 00:00:00+00:00,-0.0019495562701920544
2013-09-30 00:00:00+00:00,-0.003162572029566185
2013-10-01 00:00:00+00:00,0.009849134195840992
2013-10-02 00:00:00+00:00,-0.0018121815719962242
2013-10-03 00:00:00+00:00,-0.009456029265609844
2013-10-04 00:00:00+00:00,0.008803222303150948
2013-10-07 00:00:00+00:00,-0.012095755454226698
2013-10-08 00:00:00+00:00,-0.014748702319204499
2013-10-09 00:00:00+00:00,-0.0017063219057710244
2013-10-10 00:00:00+00:00,0.024793506033355894
2013-10-11 00:00:00+00:00,0.00832246195362707
2013-10-14 00:00:00+00:00,0.005318203149094813
2013-10-15 00:00:00+00:00,-0.008260444082589552
2013-10-16 00:00:00+00:00,0.01663017218436913
2013-10-17 00:00:00+00:00,0.008304430141763963
2013-10-18 00:00:00+00:00,0.003880265037703834
2013-10-21 00:00:00+00:00,-0.0016149563544911594
2013-10-22 00:00:00+00:00,0.005166736727873433
2013-10-23 00:00:00+00:00,-0.004938185454551686
2013-10-24 00:00:00+00:00,0.004188891289802599
2013-10-25 00:00:00+00:00,0.0035106355487819485
2013-10-28 00:00:00+00:00,-0.0003324052141978895
2013-10-29 00:00:00+00:00,0.004558557842158362
2013-10-30 00:00:00+00:00,-0.0069512737861573415
2013-10-31 00:00:00+00:00,-0.004460851474843042
2013-11-01 00:00:00+00:00,-0.001913781141765269
2013-11-04 00:00:00+00:00,0.0048708512785264335
2013-11-05 00:00:00+00:00,-0.00323846730932012
2013-11-06 00:00:00+00:00,0.002435030175799019
2013-11-07 00:00:00+00:00,-0.01668401038446035
2013-11-08 00:00:00+00:00,0.013838096724964
2013-11-11 00:00:00+00:00,0.00010928780922619952
2013-11-12 00:00:00+00:00,0.0030783276657148917
2013-11-13 00:00:00+00:00,0.009716093175046292
2013-11-14 00:00:00+00:00,0.004551859750720977
2013-11-15 00:00:00+00:00,0.006183356053603872
2013-11-18 00:00:00+00:00,-0.0037319346683113153
2013-11-19 00:00:00+00:00,-0.00586354626604807
2013-11-20 00:00:00+00:00,-0.0024832412088570677
2013-11-21 00:00:00+00:00,0.010140838826995568
2013-11-22 00:00:00+00:00,0.004629460900463317
2013-11-25 00:00:00+00:00,-0.001852429656763216
2013-11-26 00:00:00+00:00,0.002778609698888601
2013-11-27 00:00:00+00:00,0.004386516912537275
2013-11-29 00:00:00+00:00,-0.0005386888713992954
2013-12-02 00:00:00+00:00,-0.004218038641627564
2013-12-03 00:00:00+00:00,-0.008307935196288585
2013-12-04 00:00:00+00:00,-0.0015291754249608935
2013-12-05 00:00:00+00:00,-0.002354519730508653
2013-12-06 00:00:00+00:00,0.010731192740623285
2013-12-09 00:00:00+00:00,0.0012912943916418285
2013-12-10 00:00:00+00:00,-0.004039237852065364
2013-12-11 00:00:00+00:00,-0.014106662179755702
2013-12-12 00:00:00+00:00,-0.0020277662004255237
2013-12-13 00:00:00+00:00,0.0018642673099755203
2013-12-16 00:00:00+00:00,0.0066027874033358636
2013-12-17 00:00:00+00:00,-0.0038654727726857574
2013-12-18 00:00:00+00:00,0.01914062447799314
2013-12-19 00:00:00+00:00,-0.0029053923672734683
2013-12-20 00:00:00+00:00,0.008040308664023221
2013-12-23 00:00:00+00:00,0.006052189133964492
2013-12-24 00:00:00+00:00,0.0014961996022587187
2013-12-26 00:00:00+00:00,0.004312788245654953
2013-12-27 00:00:00+00:00,-0.0016562439045960942
2013-12-30 00:00:00+00:00,0.0009273157733443727
2013-12-31 00:00:00+00:00,0.002692018060657303
2014-01-02 00:00:00+00:00,-0.00900869687787606
2014-01-03 00:00:00+00:00,0.001863038369220138
2014-01-06 00:00:00+00:00,-0.00606448813716004
2014-01-07 00:00:00+00:00,0.007796837258379152
2014-01-08 00:00:00+00:00,0.001415993931240811
2014-01-09 00:00:00+00:00,0.0031103581827353344
2014-01-10 00:00:00+00:00,0.003485810639183795
2014-01-13 00:00:00+00:00,-0.013491046272698898
2014-01-14 00:00:00+00:00,0.011010704209845845
2014-01-15 00:00:00+00:00,0.004038990822671673
2014-01-16 00:00:00+00:00,-0.0010376984162097647
2014-01-17 00:00:00+00:00,-0.0035007928871211014
2014-01-21 00:00:00+00:00,0.002945527596069447
2014-01-22 00:00:00+00:00,0.002907442775413882
2014-01-23 00:00:00+00:00,-0.008169984218407589
2014-01-24 00:00:00+00:00,-0.0248240544716965
2014-01-27 00:00:00+00:00,-0.0064124556728049065
2014-01-28 00:00:00+00:00,0.010085422867509908
2014-01-29 00:00:00+00:00,-0.012572009392614769
2014-01-30 00:00:00+00:00,0.014930773531274255
2014-01-31 00:00:00+00:00,-0.008802554706935528
2014-02-03 00:00:00+00:00,-0.024414092249026048
2014-02-04 00:00:00+00:00,0.008958146715576376
2014-02-05 00:00:00+00:00,-0.0018257727169200821
2014-02-06 00:00:00+00:00,0.013351550193288653
2014-02-07 00:00:00+00:00,0.0161606212689126
2014-02-10 00:00:00+00:00,0.0017757810806766916
2014-02-11 00:00:00+00:00,0.01086116351037375
2014-02-12 00:00:00+00:00,0.002140921778788274
2014-02-13 00:00:00+00:00,0.004604792899901788
2014-02-14 00:00:00+00:00,0.004528689375852102
2014-02-18 00:00:00+00:00,0.00365615336813499
2014-02-19 00:00:00+00:00,-0.007617809744529941
2014-02-20 00:00:00+00:00,0.007152545686235023
2014-02-21 00:00:00+00:00,-8.227418102413342e-06
2014-02-24 00:00:00+00:00,0.006137303843429365
2014-02-25 00:00:00+00:00,2.6393842476463147e-05
2014-02-26 00:00:00+00:00,0.0014236967974802506
2014-02-27 00:00:00+00:00,0.005530196819550082
2014-02-28 00:00:00+00:00,0.0012186635991613404
2014-03-03 00:00:00+00:00,-0.007651211951479331
2014-03-04 00:00:00+00:00,0.01734606774419123
2014-03-05 00:00:00+00:00,0.0009626949965216292
2014-03-06 00:00:00+00:00,-0.0011727736011863388
2014-03-07 00:00:00+00:00,-0.0023195404413696163
2014-03-10 00:00:00+00:00,-0.00023121988342919564
2014-03-11 00:00:00+00:00,-0.005627462026693897
2014-03-12 00:00:00+00:00,0.0012883256775233776
2014-03-13 00:00:00+00:00,-0.012860246096716849
2014-03-14 00:00:00+00:00,-0.002250529863864953
2014-03-17 00:00:00+00:00,0.007413854098046346
2014-03-18 00:00:00+00:00,0.010423357664318733
2014-03-19 00:00:00+00:00,-0.005387900102519938
2014-03-20 00:00:00+00:00,0.0016730146608715524
2014-03-21 00:00:00+00:00,-0.010293655995824741
2014-03-24 00:00:00+00:00,-0.010341706404086853
2014-03-25 00:00:00+00:00,0.0014786349854953862
2014-03-26 00:00:00+00:00,-0.009934596518269972
2014-03-27 00:00:00+00:00,-0.003802686866783811
2014-03-28 00:00:00+00:00,0.0011801607596756691
2014-03-31 00:00:00+00:00,0.011355020970405139
2014-04-01 00:00:00+00:00,0.010967114181236387
2014-04-02 00:00:00+00:00,0.005180358134840801
2014-04-03 00:00:00+00:00,-0.003368368085345297
2014-04-04 00:00:00+00:00,-0.017817152582481427
2014-04-07 00:00:00+00:00,-0.013313953932757583
2014-04-08 00:00:00+00:00,0.002786615276022697
2014-04-09 00:00:00+00:00,0.015520086519987764
2014-04-10 00:00:00+00:00,-0.027255654966501813
2014-04-11 00:00:00+00:00,-0.011190681089984
2014-04-14 00:00:00+00:00,0.00674555855980602
2014-04-15 00:00:00+00:00,0.005580238138173821
2014-04-16 00:00:00+00:00,0.011891618115830282
2014-04-17 00:00:00+00:00,0.0022863976304992317
2014-04-21 00:00:00+00:00,0.006222081157557957
2014-04-22 00:00:00+00:00,0.0070142076112620355
2014-04-23 00:00:00+00:00,-0.003663331553698468
2014-04-24 00:00:00+00:00,0.002895743814194718
2014-04-25 00:00:00+00:00,-0.012567511624820282
2014-04-28 00:00:00+00:00,0.001805604302841074
2014-04-29 00:00:00+00:00,0.005279121048083646
2014-04-30 00:00:00+00:00,0.0035978008366865932
2014-05-01 00:00:00+00:00,0.0003509724688691709
2014-05-02 00:00:00+00:00,-0.002779532709100835
2014-05-05 00:00:00+00:00,0.0031677816153119487
2014-05-06 00:00:00+00:00,-0.011389813287482786
2014-05-07 00:00:00+00:00,0.002274791417181121
2014-05-08 00:00:00+00:00,-0.004138818525091292
2014-05-09 00:00:00+00:00,0.004929371535019655
2014-05-12 00:00:00+00:00,0.0160755495312625
2014-05-13 00:00:00+00:00,-0.0014701554827661611
2014-05-14 00:00:00+00:00,-0.007048182600552844
2014-05-15 00:00:00+00:00,-0.008368038373297165
2014-05-16 00:00:00+00:00,0.004412573548222887
2014-05-19 00:00:00+00:00,0.006967648426956796
2014-05-20 00:00:00+00:00,-0.00963199444197152
2014-05-21 00:00:00+00:00,0.008249010624878095
2014-05-22 00:00:00+00:00,0.005660452287295503
2014-05-23 00:00:00+00:00,0.006277105112087178
2014-05-27 00:00:00+00:00,0.009372711499529895
2014-05-28 00:00:00+00:00,-0.002598459261159647
2014-05-29 00:00:00+00:00,0.005446198393782797
2014-05-30 00:00:00+00:00,-0.0006112097310342623
2014-06-02 00:00:00+00:00,0.0019204031477468855
2014-06-03 00:00:00+00:00,-0.0004845010996753496
2014-06-04 00:00:00+00:00,0.0020015332025190846
2014-06-05 00:00:00+00:00,0.006098148726263797
2014-06-06 00:00:00+00:00,0.004910182321501616
2014-06-09 00:00:00+00:00,-0.0008648198828836717
2014-06-10 00:00:00+00:00,0.0010348729762046927
2014-06-11 00:00:00+00:00,-0.0036029616253721586
2014-06-12 00:00:00+00:00,-0.008997949407470757
2014-06-13 00:00:00+00:00,0.002368739747865445
2014-06-16 00:00:00+00:00,-0.00011518284664183143
2014-06-17 00:00:00+00:00,0.001208284005564525
2014-06-18 00:00:00+00:00,0.0075317523396576935
2014-06-19 00:00:00+00:00,0.0008034001896749798
2014-06-20 00:00:00+00:00,0.004970729447994815
2014-06-23 00:00:00+00:00,-0.0019948854292904383
2014-06-24 00:00:00+00:00,-0.004954820622543293
2014-06-25 00:00:00+00:00,0.006530109755415459
2014-06-26 00:00:00+00:00,0.0002258821641978881
2014-06-27 00:00:00+00:00,0.0002894110139513295
2014-06-30 00:00:00+00:00,-0.0007558471550043744
2014-07-01 00:00:00+00:00,0.00803678393386148
2014-07-02 00:00:00+00:00,0.0022167661116613835
2014-07-03 00:00:00+00:00,0.006261735652299427
2014-07-07 00:00:00+00:00,-0.0065179217176344895
2014-07-08 00:00:00+00:00,-0.007712955161474189
2014-07-09 00:00:00+00:00,0.0041911462093738305
2014-07-10 00:00:00+00:00,-0.0035368764815774667
2014-07-11 00:00:00+00:00,0.0040352664822497775
2014-07-14 00:00:00+00:00,0.00358955681531245
2014-07-15 00:00:00+00:00,-0.003370278936976029
2014-07-16 00:00:00+00:00,0.00295286893038596
2014-07-17 00:00:00+00:00,-0.010995435631996675
2014-07-18 00:00:00+00:00,0.011712554838423317
2014-07-21 00:00:00+00:00,-0.0021690911366474552
2014-07-22 00:00:00+00:00,0.005028838301089633
2014-07-23 00:00:00+00:00,0.0036725237625620244
2014-07-24 00:00:00+00:00,-0.0023044715817417127
2014-07-25 00:00:00+00:00,-0.0021038218018371857
2014-07-28 00:00:00+00:00,-0.0002862429337397443
2014-07-29 00:00:00+00:00,-0.005158159932500517
2014-07-30 00:00:00+00:00,0.0009258203404548249
2014-07-31 00:00:00+00:00,-0.020141922305769278
2014-08-01 00:00:00+00:00,-0.004579400958386104
2014-08-04 00:00:00+00:00,0.010698215359013608
2014-08-05 00:00:00+00:00,-0.012333706773370728
2014-08-06 00:00:00+00:00,0.0016198493922838508
2014-08-07 00:00:00+00:00,-0.005587418284027784
2014-08-08 00:00:00+00:00,0.010233166110062086
2014-08-11 00:00:00+00:00,0.0024757237576264746
2014-08-12 00:00:00+00:00,-0.0012570280539625778
2014-08-13 00:00:00+00:00,0.007269010929793873
2014-08-14 00:00:00+00:00,0.0003132674244984146
2014-08-15 00:00:00+00:00,0.003824215229196737
2014-08-18 00:00:00+00:00,0.0074171181751899184
2014-08-19 00:00:00+00:00,0.005638007199417261
2014-08-20 00:00:00+00:00,0.0008866318816420637
2014-08-21 00:00:00+00:00,0.0015547935342514474
2014-08-22 00:00:00+00:00,-0.002215033599510391
2014-08-25 00:00:00+00:00,0.0042956931119118025
2014-08-26 00:00:00+00:00,0.0019015012765463135
2014-08-27 00:00:00+00:00,-0.0005202642615607656
2014-08-28 00:00:00+00:00,-0.00040059671287590026
2014-08-29 00:00:00+00:00,0.0038493559607802874
2014-09-02 00:00:00+00:00,-0.00041955881394337125
2014-09-03 00:00:00+00:00,-0.0013062599639242778
2014-09-04 00:00:00+00:00,-0.0015987450059557762
2014-09-05 00:00:00+00:00,0.005296306593772393
2014-09-08 00:00:00+00:00,-0.0001003513439746806
2014-09-09 00:00:00+00:00,-0.006563638731521659
2014-09-10 00:00:00+00:00,0.005320738030807848
2014-09-11 00:00:00+00:00,-0.0006893312129083173
2014-09-12 00:00:00+00:00,-0.005305612577195695
2014-09-15 00:00:00+00:00,-0.004218788349836938
2014-09-16 00:00:00+00:00,0.008630042960003748
2014-09-17 00:00:00+00:00,0.002566260918812069
2014-09-18 00:00:00+00:00,0.006917464661802208
2014-09-19 00:00:00+00:00,-0.0004922411555509654
2014-09-22 00:00:00+00:00,-0.005446455733854716
2014-09-23 00:00:00+00:00,-0.004004512002643457
2014-09-24 00:00:00+00:00,0.011265108382727762
2014-09-25 00:00:00+00:00,-0.018622122149097697
2014-09-26 00:00:00+00:00,0.008624391786307417
2014-09-29 00:00:00+00:00,-0.0019770398831877034
2014-09-30 00:00:00+00:00,-0.003241216946955894
2014-10-01 00:00:00+00:00,-0.016402404033152407
2014-10-02 00:00:00+00:00,-0.001260864612730478
2014-10-03 00:00:00+00:00,0.010381038496771078
2014-10-06 00:00:00+00:00,-0.0016877815440884403
2014-10-07 00:00:00+00:00,-0.015827620289658284
2014-10-08 00:00:00+00:00,0.019251577135626197
2014-10-09 00:00:00+00:00,-0.0194910563053573
2014-10-10 00:00:00+00:00,-0.018015023875873032
2014-10-13 00:00:00+00:00,-0.019018286711325216
2014-10-14 00:00:00+00:00,-0.0006689347175134475
2014-10-15 00:00:00+00:00,-0.003673983489931254
2014-10-16 00:00:00+00:00,-0.0018505394294449085
2014-10-17 00:00:00+00:00,0.013552282986206254
2014-10-20 00:00:00+00:00,0.01236117586194646
2014-10-21 00:00:00+00:00,0.023457331189773056
2014-10-22 00:00:00+00:00,-0.005729640213740617
2014-10-23 00:00:00+00:00,0.010616717878361825
2014-10-24 00:00:00+00:00,0.009605990567945089
2014-10-27 00:00:00+00:00,-0.0045293332081901005
2014-10-28 00:00:00+00:00,0.01153437498939558
2014-10-29 00:00:00+00:00,-0.004149957746277327
2014-10-30 00:00:00+00:00,0.007849489456828784
2014-10-31 00:00:00+00:00,0.01302288693764364
2014-11-03 00:00:00+00:00,0.0027791583990423863
2014-11-04 00:00:00+00:00,-0.0007556735062033415
2014-11-05 00:00:00+00:00,0.002111240065963582
2014-11-06 00:00:00+00:00,0.002604855878496154
2014-11-07 00:00:00+00:00,-0.002285347200136373
2014-11-10 00:00:00+00:00,0.005441100327686965
2014-11-11 00:00:00+00:00,0.0010060655409837582
2014-11-12 00:00:00+00:00,0.0003488703487981304
2014-11-13 00:00:00+00:00,0.0021239559225221805
2014-11-14 00:00:00+00:00,-0.00036080289002912713
2014-11-17 00:00:00+00:00,-4.9119324371516004e-06
2014-11-18 00:00:00+00:00,0.007576825339702942
2014-11-19 00:00:00+00:00,-0.004654348198321695
2014-11-20 00:00:00+00:00,0.0013207171698318143
2014-11-21 00:00:00+00:00,0.003264566712070427
2014-11-24 00:00:00+00:00,0.006202390389889012
2014-11-25 00:00:00+00:00,0.0006240377666991981
2014-11-26 00:00:00+00:00,0.005723233263030814
2014-11-28 00:00:00+00:00,0.004102365842740152
2014-12-01 00:00:00+00:00,-0.004909621527330876
2014-12-02 00:00:00+00:00,0.0030272695303623642
2014-12-03 00:00:00+00:00,0.001119207733265154
2014-12-04 00:00:00+00:00,0.001435716642860213
2014-12-05 00:00:00+00:00,-0.0013867908346653912
2014-12-08 00:00:00+00:00,0.004175722637879797
2014-12-09 00:00:00+00:00,0.0022611325630358947
2014-12-10 00:00:00+00:00,-0.009075973049595204
2014-12-11 00:00:00+00:00,0.005436865257670898
2014-12-12 00:00:00+00:00,-0.005533692413667801
2014-12-15 00:00:00+00:00,-0.007509446488760646
2014-12-16 00:00:00+00:00,-0.004033996497916609
2014-12-17 00:00:00+00:00,0.011426605960422775
2014-12-18 00:00:00+00:00,0.013332454082896822
2014-12-19 00:00:00+00:00,0.005478066705938589
2014-12-22 00:00:00+00:00,-0.000778016836558898
2014-12-23 00:00:00+00:00,-0.010940258126527491
2014-12-24 00:00:00+00:00,0.00802877435487942
2014-12-26 00:00:00+00:00,0.007509043113407721
2014-12-29 00:00:00+00:00,0.005572663967077285
2014-12-30 00:00:00+00:00,-0.007261730048703702
2014-12-31 00:00:00+00:00,-0.009107025420129311
2015-01-02 00:00:00+00:00,0.004107590568349279
2015-01-05 00:00:00+00:00,-0.004071267954573493
2015-01-06 00:00:00+00:00,0.00047006985597206064
2015-01-07 00:00:00+00:00,0.011059722522093862
2015-01-08 00:00:00+00:00,0.007487681629552434
2015-01-09 00:00:00+00:00,-0.0027039703703861384
2015-01-12 00:00:00+00:00,-0.0016495582910059647
2015-01-13 00:00:00+00:00,-0.0004896972808290656
2015-01-14 00:00:00+00:00,0.0022866334168985536
2015-01-15 00:00:00+00:00,-8.337483303255677e-06
2015-01-16 00:00:00+00:00,0.006683902726269647
2015-01-20 00:00:00+00:00,0.0059232581058912825
2015-01-21 00:00:00+00:00,0.0012976118053781571
2015-01-22 00:00:00+00:00,0.005637977230010888
2015-01-23 00:00:00+00:00,0.0033100199390622698
2015-01-26 00:00:00+00:00,0.00010283156973409091
2015-01-27 00:00:00+00:00,-0.007522390115399458
2015-01-28 00:00:00+00:00,-0.0029310805504192405
2015-01-29 00:00:00+00:00,0.0062040767629586435
2015-01-30 00:00:00+00:00,-0.0069270820635917996
2015-02-02 00:00:00+00:00,0.007530614997037721
2015-02-03 00:00:00+00:00,0.007679169415760634
2015-02-04 00:00:00+00:00,-0.005572708422729805
2015-02-05 00:00:00+00:00,0.010109902082932998
2015-02-06 00:00:00+00:00,-0.01447247142666061
2015-02-09 00:00:00+00:00,-0.007389540626063368
2015-02-10 00:00:00+00:00,0.01599361073980171
2015-02-11 00:00:00+00:00,-0.003036944240252526
2015-02-12 00:00:00+00:00,0.004321285053765694
2015-02-13 00:00:00+00:00,-0.002385274812548882
2015-02-17 00:00:00+00:00,0.0017491903503766282
2015-02-18 00:00:00+00:00,0.007805798005226017
2015-02-19 00:00:00+00:00,-0.0031220470954970714
2015-02-20 00:00:00+00:00,0.004670401960235326
2015-02-23 00:00:00+00:00,0.003719029613912961
2015-02-24 00:00:00+00:00,0.003145853332711279
2015-02-25 00:00:00+00:00,-0.006616086503167834
2015-02-26 00:00:00+00:00,0.0009677193451249344
2015-02-27 00:00:00+00:00,-0.0013449901439203937
2015-03-02 00:00:00+00:00,-0.007015841700361042
2015-03-03 00:00:00+00:00,-0.0025966968116234446
2015-03-04 00:00:00+00:00,-0.0018629600505725707
2015-03-05 00:00:00+00:00,0.0034084855642708967
2015-03-06 00:00:00+00:00,-0.022796921781326
2015-03-09 00:00:00+00:00,0.005693418549714169
2015-03-10 00:00:00+00:00,-0.0035233902236706527
2015-03-11 00:00:00+00:00,-0.0018467471720147177
2015-03-12 00:00:00+00:00,0.011536917716183509
2015-03-13 00:00:00+00:00,-0.005766938580741121
2015-03-16 00:00:00+00:00,0.015309690796105502
2015-03-17 00:00:00+00:00,-0.0008298702263557778
2015-03-18 00:00:00+00:00,0.01650775074176264
2015-03-19 00:00:00+00:00,-0.0032651437071669343
2015-03-20 00:00:00+00:00,0.008510551334333871
2015-03-23 00:00:00+00:00,-0.0004298575427166551
2015-03-24 00:00:00+00:00,-0.003963402816744455
2015-03-25 00:00:00+00:00,-0.01020603234336348
2015-03-26 00:00:00+00:00,-0.007664589667950528
2015-03-27 00:00:00+00:00,0.007941582666380564
2015-03-30 00:00:00+00:00,0.006884225335343774
2015-03-31 00:00:00+00:00,-0.006081263763310918
2015-04-01 00:00:00+00:00,-0.006026231987445728
2015-04-02 00:00:00+00:00,0.0031053205309839182
2015-04-06 00:00:00+00:00,0.006033691570728528
2015-04-07 00:00:00+00:00,-0.0017547284739506674
2015-04-08 00:00:00+00:00,0.007221795591824176
2015-04-09 00:00:00+00:00,0.0043442162871260015
2015-04-10 00:00:00+00:00,0.0049749978910668124
2015-04-13 00:00:00+00:00,-0.004059178880552211
2015-04-14 00:00:00+00:00,-0.0012195328269124506
2015-04-15 00:00:00+00:00,0.004418229116374461
2015-04-16 00:00:00+00:00,-0.0008795736997372072
2015-04-17 00:00:00+00:00,-0.013212144397158648
2015-04-20 00:00:00+00:00,0.01232299048231228
2015-04-21 00:00:00+00:00,0.0028745791746176697
2015-04-22 00:00:00+00:00,0.004548490242750003
2015-04-23 00:00:00+00:00,0.0041293935493764145
2015-04-24 00:00:00+00:00,0.008146712946629414
2015-04-27 00:00:00+00:00,-0.006664516423490419
2015-04-28 00:00:00+00:00,0.0006655334716557382
2015-04-29 00:00:00+00:00,-0.006754900825394067
2015-04-30 00:00:00+00:00,-0.013702622136389231
2015-05-01 00:00:00+00:00,0.006517001368092773
2015-05-04 00:00:00+00:00,0.00015986316539945422
2015-05-05 00:00:00+00:00,-0.010178536605294608
2015-05-06 00:00:00+00:00,-0.007994590046165456
2015-05-07 00:00:00+00:00,0.00733332263312253
2015-05-08 00:00:00+00:00,0.0105142890446015
2015-05-11 00:00:00+00:00,-0.008020558706238884
2015-05-12 00:00:00+00:00,-0.0025408164565684233
2015-05-13 00:00:00+00:00,-0.002795027730458033
2015-05-14 00:00:00+00:00,0.00890824517658173
2015-05-15 00:00:00+00:00,0.0075255581989059905
2015-05-18 00:00:00+00:00,-0.0006714668889839237
2015-05-19 00:00:00+00:00,-0.0013826893108213056
2015-05-20 00:00:00+00:00,0.0006214455167645461
2015-05-21 00:00:00+00:00,0.0058020910699601025
2015-05-22 00:00:00+00:00,-0.001165431737882222
2015-05-26 00:00:00+00:00,-0.002917588444701358
2015-05-27 00:00:00+00:00,0.009363018689399927
2015-05-28 00:00:00+00:00,-0.0014298742220357485
2015-05-29 00:00:00+00:00,-0.0032961344088597577
2015-06-01 00:00:00+00:00,0.0030039614852858942
2015-06-02 00:00:00+00:00,-0.002382690289873729
2015-06-03 00:00:00+00:00,0.003692173058132131
2015-06-04 00:00:00+00:00,-0.0077165244628203955
2015-06-05 00:00:00+00:00,-0.0022229370938134374
2015-06-08 00:00:00+00:00,-0.008341202106309037
2015-06-09 00:00:00+00:00,-0.0013355674290535247
2015-06-10 00:00:00+00:00,0.012965395697524362
2015-06-11 00:00:00+00:00,0.0030321025688092584
2015-06-12 00:00:00+00:00,-0.008480622538680538
2015-06-15 00:00:00+00:00,-0.0036373817159449096
2015-06-16 00:00:00+00:00,0.005763347150763765
2015-06-17 00:00:00+00:00,0.0021810379883397957
2015-06-18 00:00:00+00:00,0.012420315342738686
2015-06-19 00:00:00+00:00,-0.00438921810877857
2015-06-22 00:00:00+00:00,0.00723583928066962
2015-06-23 00:00:00+00:00,0.0018646885860272855
2015-06-24 00:00:00+00:00,-0.006695705651320383
2015-06-25 00:00:00+00:00,0.00010991316907096871
2015-06-26 00:00:00+00:00,-0.003133299452024313
2015-06-29 00:00:00+00:00,-0.022994225176169697
2015-06-30 00:00:00+00:00,0.003125380195823646
2015-07-01 00:00:00+00:00,0.009207733843775823
2015-07-02 00:00:00+00:00,-0.001219047518684041
2015-07-06 00:00:00+00:00,-0.002182968680930708
2015-07-07 00:00:00+00:00,0.004364229275852449
2015-07-08 00:00:00+00:00,-0.01748758018717686
2015-07-09 00:00:00+00:00,0.001284948779970957
2015-07-10 00:00:00+00:00,0.01479356238135443
2015-07-13 00:00:00+00:00,0.013920399425284558
2015-07-14 00:00:00+00:00,0.005413753416657785
2015-07-15 00:00:00+00:00,0.000404039738081563
2015-07-16 00:00:00+00:00,0.009423868833145388
2015-07-17 00:00:00+00:00,0.006549629117108519
2015-07-20 00:00:00+00:00,0.0031202520965996072
2015-07-21 00:00:00+00:00,-0.0037036283097938716
2015-07-22 00:00:00+00:00,-0.005108982950087548
2015-07-23 00:00:00+00:00,-0.003849267160951436
2015-07-24 00:00:00+00:00,-0.010053652071717878
2015-07-27 00:00:00+00:00,-0.006417345483817005
2015-07-28 00:00:00+00:00,0.01088039807338459
2015-07-29 00:00:00+00:00,0.005591806315830283
2015-07-30 00:00:00+00:00,0.0022061617669394684
2015-07-31 00:00:00+00:00,0.0011167649914018973
2015-08-03 00:00:00+00:00,-0.0017209596344421871
2015-08-04 00:00:00+00:00,0.0004622848611124386
2015-08-05 00:00:00+00:00,0.0034962218435739822
2015-08-06 00:00:00+00:00,-0.014723271892223277
2015-08-07 00:00:00+00:00,-0.0023267977916044402
2015-08-10 00:00:00+00:00,0.007838999087389942
2015-08-11 00:00:00+00:00,-0.008454453002542911
2015-08-12 00:00:00+00:00,9.106908603501163e-05
2015-08-13 00:00:00+00:00,-0.0005225142186769394
2015-08-14 00:00:00+00:00,0.002043392421563095
2015-08-17 00:00:00+00:00,0.007243873996097272
2015-08-18 00:00:00+00:00,-0.0026636911861537826
2015-08-19 00:00:00+00:00,-0.005409407730697424
2015-08-20 00:00:00+00:00,-0.02202907829625353
2015-08-21 00:00:00+00:00,-0.033401302373882585
2015-08-24 00:00:00+00:00,-0.03893713332495316
2015-08-25 00:00:00+00:00,-0.0063678746664184716
2015-08-26 00:00:00+00:00,0.04002708092598389
2015-08-27 00:00:00+00:00,0.020730638089052178
2015-08-28 00:00:00+00:00,-0.001891323871093753
2015-08-31 00:00:00+00:00,-0.011312738079267692
2015-09-01 00:00:00+00:00,-0.025835137246344397
2015-09-02 00:00:00+00:00,0.02085352866970447
2015-09-03 00:00:00+00:00,-0.0012078871163199167
2015-09-04 00:00:00+00:00,-0.012851423522705852
2015-09-08 00:00:00+00:00,0.025038167544419676
2015-09-09 00:00:00+00:00,-0.013454151058406388
2015-09-10 00:00:00+00:00,0.006260235533731118
2015-09-11 00:00:00+00:00,0.006508039360168638
2015-09-14 00:00:00+00:00,-0.0036568229123315754
2015-09-15 00:00:00+00:00,0.012142585522357141
2015-09-16 00:00:00+00:00,0.007782533517988466
2015-09-17 00:00:00+00:00,0.0030136265748544333
2015-09-18 00:00:00+00:00,-0.014242671802796314
2015-09-21 00:00:00+00:00,0.0015099124648703943
2015-09-22 00:00:00+00:00,-0.011325793631960485
2015-09-23 00:00:00+00:00,-0.00029984947904443393
2015-09-24 00:00:00+00:00,-0.003709788832678279
2015-09-25 00:00:00+00:00,-0.007398487241175533
2015-09-28 00:00:00+00:00,-0.027680022979053504
2015-09-29 00:00:00+00:00,6.031321012917035e-05
2015-09-30 00:00:00+00:00,0.019998191626308726
2015-10-01 00:00:00+00:00,0.005197308083714353
2015-10-02 00:00:00+00:00,0.013728094489890041
2015-10-05 00:00:00+00:00,0.005242227761785456
2015-10-06 00:00:00+00:00,-0.008346139361934901
2015-10-07 00:00:00+00:00,0.006296494428682631
2015-10-08 00:00:00+00:00,0.004679727802543582
2015-10-09 00:00:00+00:00,0.0026405678259210363
2015-10-12 00:00:00+00:00,0.0044063923454465415
2015-10-13 00:00:00+00:00,-0.005564149183032219
2015-10-14 00:00:00+00:00,-0.0037258335613058746
2015-10-15 00:00:00+00:00,0.009866380981740308
2015-10-16 00:00:00+00:00,0.006028965810720488
2015-10-19 00:00:00+00:00,0.002499878004671552
2015-10-20 00:00:00+00:00,-0.005933851433856774
2015-10-21 00:00:00+00:00,-0.0008296609791037246
2015-10-22 00:00:00+00:00,0.007181454854270297
2015-10-23 00:00:00+00:00,0.004044719593793877
2015-10-26 00:00:00+00:00,0.0039027555870264907
2015-10-27 00:00:00+00:00,0.004383751031721617
2015-10-28 00:00:00+00:00,0.002026326075561108
2015-10-29 00:00:00+00:00,-0.0020449409775006866
2015-10-30 00:00:00+00:00,-0.001929156088684214
2015-11-02 00:00:00+00:00,0.004070760411024915
2015-11-03 00:00:00+00:00,-0.0014203622957625062
2015-11-04 00:00:00+00:00,-0.0023628970627745105
2015-11-05 00:00:00+00:00,-0.0004911954633616822
2015-11-06 00:00:00+00:00,-0.006174050692974081
2015-11-09 00:00:00+00:00,-0.009181052779353327
2015-11-10 00:00:00+00:00,0.003132476696022929
2015-11-11 00:00:00+00:00,-0.00267328164859143
2015-11-12 00:00:00+00:00,-0.00692768561273624
2015-11-13 00:00:00+00:00,-0.012232994956058285
2015-11-16 00:00:00+00:00,0.010675463177731076
2015-11-17 00:00:00+00:00,0.00094921347954946
2015-11-18 00:00:00+00:00,0.013046649527530263
2015-11-19 00:00:00+00:00,0.0028137429907046374
2015-11-20 00:00:00+00:00,0.0021468163333015766
2015-11-23 00:00:00+00:00,0.003161098009236335
2015-11-24 00:00:00+00:00,-0.00010483339661493396
2015-11-25 00:00:00+00:00,0.002713454495630263
2015-11-27 00:00:00+00:00,0.00013982855935987248
2015-11-30 00:00:00+00:00,-0.004461938884789601
2015-12-01 00:00:00+00:00,0.010623110168784367
2015-12-02 00:00:00+00:00,-0.007283546865947038
2015-12-03 00:00:00+00:00,-0.0136470889662193
2015-12-04 00:00:00+00:00,0.018242252593789587
2015-12-07 00:00:00+00:00,-0.004013332073246584
2015-12-08 00:00:00+00:00,-0.004568579058762096
2015-12-09 00:00:00+00:00,-0.013523099663106247
2015-12-10 00:00:00+00:00,0.004940096242792846
2015-12-11 00:00:00+00:00,-0.02054823560498767
2015-12-14 00:00:00+00:00,0.007393945622784004
2015-12-15 00:00:00+00:00,0.002962879072791663
2015-12-16 00:00:00+00:00,0.01751923495942992
2015-12-17 00:00:00+00:00,-0.014108997506729531
2015-12-18 00:00:00+00:00,-0.016634933087228798
2015-12-21 00:00:00+00:00,0.007377755680187115
2015-12-22 00:00:00+00:00,0.007163499487816305
2015-12-23 00:00:00+00:00,0.007908178091116935
2015-12-24 00:00:00+00:00,-0.0038834648902703883
2015-12-28 00:00:00+00:00,0.0005367877586569814
2015-12-29 00:00:00+00:00,0.013946277661852302
2015-12-30 00:00:00+00:00,-0.007796136569638512
2015-12-31 00:00:00+00:00,-0.011575075025644421
2016-01-04 00:00:00+00:00,-0.016748475293692472
2016-01-05 00:00:00+00:00,0.001733519611067602
2016-01-06 00:00:00+00:00,-0.012274773607026168
2016-01-07 00:00:00+00:00,-0.024137870875003575
2016-01-08 00:00:00+00:00,-0.012064219172540636
2016-01-11 00:00:00+00:00,0.0061087651836521095
2016-01-12 00:00:00+00:00,0.007334484173419836
2016-01-13 00:00:00+00:00,-0.0259714127633435
2016-01-14 00:00:00+00:00,0.014917856633842264
2016-01-15 00:00:00+00:00,-0.026893241444002264
2016-01-19 00:00:00+00:00,0.0037562411632288684
2016-01-20 00:00:00+00:00,-0.014467829086241973
2016-01-21 00:00:00+00:00,0.003931147365313997
2016-01-22 00:00:00+00:00,0.029888599708728758
2016-01-25 00:00:00+00:00,-0.014799109652139653
2016-01-26 00:00:00+00:00,0.011743489612317803
2016-01-27 00:00:00+00:00,-0.015064667561410533
2016-01-28 00:00:00+00:00,0.010418110462081076
2016-01-29 00:00:00+00:00,0.021838550133890022
2016-02-01 00:00:00+00:00,0.003686872967597704
2016-02-02 00:00:00+00:00,-0.01793359642791742
2016-02-03 00:00:00+00:00,-0.002703411219698193
2016-02-04 00:00:00+00:00,-0.0035104385382972725
2016-02-05 00:00:00+00:00,-0.0241656456435764
2016-02-08 00:00:00+00:00,-0.01293039323607606
2016-02-09 00:00:00+00:00,-0.0006653206733294448
2016-02-10 00:00:00+00:00,0.0006097315929554648
2016-02-11 00:00:00+00:00,-0.0030323289913651297
2016-02-12 00:00:00+00:00,0.01543315478832219
2016-02-16 00:00:00+00:00,0.018143956602920286
2016-02-17 00:00:00+00:00,0.018752699793730454
2016-02-18 00:00:00+00:00,-0.006605445967494378
2016-02-19 00:00:00+00:00,0.0020081104237146263
2016-02-22 00:00:00+00:00,0.013454262124487193
2016-02-23 00:00:00+00:00,-0.009490377323405297
2016-02-24 00:00:00+00:00,0.006539620928681711
2016-02-25 00:00:00+00:00,0.010906493054599675
2016-02-26 00:00:00+00:00,-0.004767381442438878
2016-02-29 00:00:00+00:00,-0.006139735260634188
2016-03-01 00:00:00+00:00,0.0006640459704730377
2016-03-02 00:00:00+00:00,0.002031702963220583
2016-03-03 00:00:00+00:00,0.0027720518262145943
2016-03-04 00:00:00+00:00,0.003851709836543926
2016-03-07 00:00:00+00:00,-0.00015744089264768668
2016-03-08 00:00:00+00:00,0.00320544386319932
2016-03-09 00:00:00+00:00,0.003029473378751868
2016-03-10 00:00:00+00:00,0.00030366281855681576
2016-03-11 00:00:00+00:00,0.001072812630643849
2016-03-14 00:00:00+00:00,0.0001685612577914386
2016-03-15 00:00:00+00:00,0.00108671977141378
2016-03-16 00:00:00+00:00,0.004401279550129866
2016-03-17 00:00:00+00:00,0.0028951705638229908
2016-03-18 00:00:00+00:00,-0.0019208631126971798
2016-03-21 00:00:00+00:00,-0.00011476837656818062
2016-03-22 00:00:00+00:00,-0.002294475044099187
2016-03-23 00:00:00+00:00,0.0019065537522405807
2016-03-24 00:00:00+00:00,0.00037983846973937974
2016-03-28 00:00:00+00:00,0.0004178216101268506
2016-03-29 00:00:00+00:00,0.005547493836430939
2016-03-30 00:00:00+00:00,0.0010444594669167806
2016-03-31 00:00:00+00:00,0.0001575545145484636
2016-04-01 00:00:00+00:00,0.003752915485686209
2016-04-04 00:00:00+00:00,-0.0035792512981471514
2016-04-05 00:00:00+00:00,-0.005529339026788538
2016-04-06 00:00:00+00:00,0.0025704395852615136
2016-04-07 00:00:00+00:00,-0.002825938674661549
2016-04-08 00:00:00+00:00,0.0023231974561496727
2016-04-11 00:00:00+00:00,-0.00015960894445923857
2016-04-12 00:00:00+00:00,0.005058603867248823
2016-04-13 00:00:00+00:00,-0.003564962075536582
2016-04-14 00:00:00+00:00,-0.004991620518197654
2016-04-15 00:00:00+00:00,0.0037278430003540586
2016-04-18 00:00:00+00:00,0.0030751957306327793
2016-04-19 00:00:00+00:00,0.002770300917078722
2016-04-20 00:00:00+00:00,-0.009835930210889132
2016-04-21 00:00:00+00:00,-0.00963025740554957
2016-04-22 00:00:00+00:00,-0.004402337681876728
2016-04-25 00:00:00+00:00,0.0029857643820227486
2016-04-26 00:00:00+00:00,-0.0008488613848807725
2016-04-27 00:00:00+00:00,0.004390165471934271
2016-04-28 00:00:00+00:00,0.0014641679101981275
2016-04-29 00:00:00+00:00,0.0036694633867816184
2016-05-02 00:00:00+00:00,0.009974902536499547
2016-05-03 00:00:00+00:00,-0.005278217232519394
2016-05-04 00:00:00+00:00,0.0017755068055161083
2016-05-05 00:00:00+00:00,-0.002406053447041534
2016-05-06 00:00:00+00:00,0.0033370183420861066
2016-05-09 00:00:00+00:00,0.003489095185445934
2016-05-10 00:00:00+00:00,0.009191724384847277
2016-05-11 00:00:00+00:00,-0.007913610589688203
2016-05-12 00:00:00+00:00,0.0025905907712863996
2016-05-13 00:00:00+00:00,-0.008278767773960916
2016-05-16 00:00:00+00:00,0.006962933503604274
2016-05-17 00:00:00+00:00,-0.014488314088236198
2016-05-18 00:00:00+00:00,-0.008558759227275753
2016-05-19 00:00:00+00:00,0.003390202034155382
2016-05-20 00:00:00+00:00,0.003954977251023978
2016-05-23 00:00:00+00:00,-0.0033232823024429148
2016-05-24 00:00:00+00:00,0.012306276367738789
2016-05-25 00:00:00+00:00,0.0027540593094053933
2016-05-26 00:00:00+00:00,0.0051557106435120015
2016-05-27 00:00:00+00:00,0.0030613587074864723
2016-05-31 00:00:00+00:00,0.00029277815688241726
2016-06-01 00:00:00+00:00,0.00348072036058017
2016-06-02 00:00:00+00:00,0.0014151755623262319
2016-06-03 00:00:00+00:00,0.01604929432483171
2016-06-06 00:00:00+00:00,-0.0018429980058473072
2016-06-07 00:00:00+00:00,-8.505093883837134e-05
2016-06-08 00:00:00+00:00,0.008036653916047076
2016-06-09 00:00:00+00:00,0.006115197877497258
2016-06-10 00:00:00+00:00,0.001765788314303851
2016-06-13 00:00:00+00:00,0.0005859994167162763
2016-06-14 00:00:00+00:00,0.002394792844965715
2016-06-15 00:00:00+00:00,0.0004964115853884898
2016-06-16 00:00:00+00:00,0.0014754947870349866
2016-06-17 00:00:00+00:00,0.0015429480108815896
2016-06-20 00:00:00+00:00,-0.0043105781250811215
2016-06-21 00:00:00+00:00,-0.004964148411722463
2016-06-22 00:00:00+00:00,-0.0005144123718558158
2016-06-23 00:00:00+00:00,-0.0022625048852057406
2016-06-24 00:00:00+00:00,0.01456624286033531
2016-06-27 00:00:00+00:00,0.010147854818973318
2016-06-28 00:00:00+00:00,0.0003247225305270107
2016-06-29 00:00:00+00:00,0.0027095389989807983
2016-06-30 00:00:00+00:00,0.013184149694255964
2016-07-01 00:00:00+00:00,0.0026665319788104214
2016-07-05 00:00:00+00:00,0.004559432997172791
2016-07-06 00:00:00+00:00,0.0028885616918779555
2016-07-07 00:00:00+00:00,-0.0051395004736868866
2016-07-08 00:00:00+00:00,0.010843982557488141
2016-07-11 00:00:00+00:00,-0.0008662474565186706
2016-07-12 00:00:00+00:00,-0.006857455647972799
2016-07-13 00:00:00+00:00,0.0063808747734396265
2016-07-14 00:00:00+00:00,-0.00368976010100569
2016-07-15 00:00:00+00:00,-0.0016476316428510884
2016-07-18 00:00:00+00:00,0.001883221374220423
2016-07-19 00:00:00+00:00,0.0002475744182445505
2016-07-20 00:00:00+00:00,-0.0004439600674151223
2016-07-21 00:00:00+00:00,-2.855791157149734e-05
2016-07-22 00:00:00+00:00,0.006404079382184791
2016-07-25 00:00:00+00:00,-0.0012041311953511769
2016-07-26 00:00:00+00:00,-0.003179780241369029
2016-07-27 00:00:00+00:00,-0.0014151006255602727
2016-07-28 00:00:00+00:00,0.0017759419497776763
2016-07-29 00:00:00+00:00,0.005737866405454983
2016-08-01 00:00:00+00:00,-0.00207724435107709
2016-08-02 00:00:00+00:00,-0.0025393014234908473
2016-08-03 00:00:00+00:00,-0.00391290605774311
2016-08-04 00:00:00+00:00,0.0027087229122163825
2016-08-05 00:00:00+00:00,-0.010246980216137513
2016-08-08 00:00:00+00:00,-0.00011775602444874522
2016-08-09 00:00:00+00:00,0.004209392059288136
2016-08-10 00:00:00+00:00,0.0031023812927981065
2016-08-11 00:00:00+00:00,-0.0033687154395257157
2016-08-12 00:00:00+00:00,0.00278640618849485
2016-08-15 00:00:00+00:00,-0.0059587205804496335
2016-08-16 00:00:00+00:00,-0.0034693675486131004
2016-08-17 00:00:00+00:00,0.005978267463616016
2016-08-18 00:00:00+00:00,0.005531106176075162
2016-08-19 00:00:00+00:00,-0.007152478064803791
2016-08-22 00:00:00+00:00,0.0027481723817468218
2016-08-23 00:00:00+00:00,-0.0013622952457532367
2016-08-24 00:00:00+00:00,-0.0038772896109093014
2016-08-25 00:00:00+00:00,-0.0019745670154815986
2016-08-26 00:00:00+00:00,-0.008274203432320854
2016-08-29 00:00:00+00:00,0.007346205130512262
2016-08-30 00:00:00+00:00,-0.007564807045025629
2016-08-31 00:00:00+00:00,0.0012002868244704312
2016-09-01 00:00:00+00:00,-5.9076546186087164e-05
2016-09-02 00:00:00+00:00,0.012085524409862325
2016-09-06 00:00:00+00:00,0.008749851081444882
2016-09-07 00:00:00+00:00,-0.0016471209092335515
2016-09-08 00:00:00+00:00,-0.0015728287715340294
2016-09-09 00:00:00+00:00,-0.036685628594856134
2016-09-12 00:00:00+00:00,0.01829222207701725
2016-09-13 00:00:00+00:00,-0.0205577781323546
2016-09-14 00:00:00+00:00,0.0004678033179631169
2016-09-15 00:00:00+00:00,0.015469309775485662
2016-09-16 00:00:00+00:00,-0.0011892427434917752
2016-09-19 00:00:00+00:00,0.0023310603086496573
2016-09-20 00:00:00+00:00,0.002417111957215473
2016-09-21 00:00:00+00:00,0.016372926261756127
2016-09-22 00:00:00+00:00,0.007100835768212244
2016-09-23 00:00:00+00:00,-0.006497616077001028
2016-09-26 00:00:00+00:00,-0.007616309206358751
2016-09-27 00:00:00+00:00,0.00443711034740743
2016-09-28 00:00:00+00:00,0.004967044878635057
2016-09-29 00:00:00+00:00,-0.014581853043253268
2016-09-30 00:00:00+00:00,0.003223835811122705
2016-10-03 00:00:00+00:00,0.0055603442542185855
2016-10-04 00:00:00+00:00,-0.0108678906684338
2016-10-05 00:00:00+00:00,0.010655411134492754
2016-10-06 00:00:00+00:00,0.0042110284316672075
2016-10-07 00:00:00+00:00,-0.006279291516977287
2016-10-10 00:00:00+00:00,0.006377325580632864
2016-10-11 00:00:00+00:00,-0.010834077425280503
2016-10-12 00:00:00+00:00,-0.0004930540873895883
2016-10-13 00:00:00+00:00,-0.0002798756437867589
2016-10-14 00:00:00+00:00,0.003826166917177687
2016-10-17 00:00:00+00:00,0.0019455728500916702
2016-10-18 00:00:00+00:00,0.010266374515564058
2016-10-19 00:00:00+00:00,0.002474975184282302
2016-10-20 00:00:00+00:00,0.0007030787123821491
2016-10-21 00:00:00+00:00,0.0001629158138277964
2016-10-24 00:00:00+00:00,0.005538264398278037
2016-10-25 00:00:00+00:00,-0.0030992281129855748
2016-10-26 00:00:00+00:00,-0.003199231198898672
2016-10-27 00:00:00+00:00,-0.0028053783513091735
2016-10-28 00:00:00+00:00,-0.0006371905484466034
2016-10-31 00:00:00+00:00,0.0029572264460998865
2016-11-01 00:00:00+00:00,-0.01220395835762672
2016-11-02 00:00:00+00:00,-0.004588218155408164
2016-11-03 00:00:00+00:00,-0.0018781762198781804
2016-11-04 00:00:00+00:00,0.0005855701331562713
2016-11-07 00:00:00+00:00,0.011256174724795925
2016-11-08 00:00:00+00:00,0.0016998283663283431
2016-11-09 00:00:00+00:00,-0.028166344122393022
2016-11-10 00:00:00+00:00,-0.03312445875142914
2016-11-11 00:00:00+00:00,-0.015065599394093715
2016-11-14 00:00:00+00:00,-0.004695109577185191
2016-11-15 00:00:00+00:00,0.0158484979439239
2016-11-16 00:00:00+00:00,-0.0031906398865209906
2016-11-17 00:00:00+00:00,-0.010125492076392323
2016-11-18 00:00:00+00:00,-0.002049337164358317
2016-11-21 00:00:00+00:00,0.013098873519824084
2016-11-22 00:00:00+00:00,0.0039040695273906134
2016-11-23 00:00:00+00:00,-0.011061134123588029
2016-11-25 00:00:00+00:00,-0.002982653492866666
2016-11-28 00:00:00+00:00,0.015735110305146682
2016-11-29 00:00:00+00:00,-0.004310904458710407
2016-11-30 00:00:00+00:00,-0.013093588092054381
2016-12-01 00:00:00+00:00,-0.0206607787626735
2016-12-02 00:00:00+00:00,0.005482178351049194
2016-12-05 00:00:00+00:00,0.004519501154004679
2016-12-06 00:00:00+00:00,0.004973450411489555
2016-12-07 00:00:00+00:00,0.01296139336925739
2016-12-08 00:00:00+00:00,-0.0010823696838599406
2016-12-09 00:00:00+00:00,-0.0027332332608612786
2016-12-12 00:00:00+00:00,-0.0010721903470224114
2016-12-13 00:00:00+00:00,0.006763528134658026
2016-12-14 00:00:00+00:00,-0.025577343745875586
2016-12-15 00:00:00+00:00,0.001711927725620871
2016-12-16 00:00:00+00:00,0.0009011925842628554
2016-12-19 00:00:00+00:00,-0.002858232903008545
2016-12-20 00:00:00+00:00,0.002701473931381815
2016-12-21 00:00:00+00:00,-0.00060334178857821
2016-12-22 00:00:00+00:00,-0.0015790409518939563
2016-12-23 00:00:00+00:00,0.008805455393808032
2016-12-27 00:00:00+00:00,0.004773467007082088
2016-12-28 00:00:00+00:00,0.0041342369489064945
2016-12-29 00:00:00+00:00,0.015455208136979592
2016-12-30 00:00:00+00:00,-0.007072778755809944
2017-01-03 00:00:00+00:00,0.013198338973021945
2017-01-04 00:00:00+00:00,0.007661003842208053
2017-01-05 00:00:00+00:00,-0.001280053930252656
2017-01-06 00:00:00+00:00,-0.0018089306762229251
2017-01-09 00:00:00+00:00,-0.007275326003249066
2017-01-10 00:00:00+00:00,0.004026585697929352
2017-01-11 00:00:00+00:00,0.009982840543993787
2017-01-12 00:00:00+00:00,-0.0012819576198830895
2017-01-13 00:00:00+00:00,-0.0012683825287987671
2017-01-17 00:00:00+00:00,-0.002046777464895011
2017-01-18 00:00:00+00:00,-0.0024542357576492757
2017-01-19 00:00:00+00:00,0.0017093486459313634
2017-01-20 00:00:00+00:00,0.006077467942615433
2017-01-23 00:00:00+00:00,0.0016772366395458593
2017-01-24 00:00:00+00:00,0.007212006669854387
2017-01-25 00:00:00+00:00,0.010101721784743056
2017-01-26 00:00:00+00:00,-0.0027223318196214485
2017-01-27 00:00:00+00:00,-0.00238895040948342
2017-01-30 00:00:00+00:00,-0.014899727035073085
2017-01-31 00:00:00+00:00,-0.0016186523884563764
2017-02-01 00:00:00+00:00,3.848210547102737e-05
2017-02-02 00:00:00+00:00,0.0008328454644512262
2017-02-03 00:00:00+00:00,0.012981511958894298
2017-02-06 00:00:00+00:00,-0.008942471250831474
2017-02-07 00:00:00+00:00,-0.005277652765528551
2017-02-08 00:00:00+00:00,0.0021634299541909707
2017-02-09 00:00:00+00:00,0.008823116859634078
2017-02-10 00:00:00+00:00,0.01006989123342139
2017-02-13 00:00:00+00:00,0.005471314972501418
2017-02-14 00:00:00+00:00,0.0076759816577275375
2017-02-15 00:00:00+00:00,0.009261954490233537
2017-02-16 00:00:00+00:00,-0.00883830602411012
2017-02-17 00:00:00+00:00,-0.002330310193785573
2017-02-21 00:00:00+00:00,0.010047663179120814
2017-02-22 00:00:00+00:00,-0.004073083307655018
2017-02-23 00:00:00+00:00,-0.004171755522138998
2017-02-24 00:00:00+00:00,-0.011970032586305968
2017-02-27 00:00:00+00:00,0.007021299225486721
2017-02-28 00:00:00+00:00,-0.009917792827994126
2017-03-01 00:00:00+00:00,0.024992679216172375
2017-03-02 00:00:00+00:00,-0.019104847987625795
2017-03-03 00:00:00+00:00,0.00832623553880199
2017-03-06 00:00:00+00:00,-0.006299619595087375
2017-03-07 00:00:00+00:00,-0.005476999385266856
2017-03-08 00:00:00+00:00,-0.015491929955565836
2017-03-09 00:00:00+00:00,-0.0017600926744165135
2017-03-10 00:00:00+00:00,0.006056747377252092
2017-03-13 00:00:00+00:00,0.0027782045629756724
2017-03-14 00:00:00+00:00,-0.009402528798033882
2017-03-15 00:00:00+00:00,0.019260216580995332
2017-03-16 00:00:00+00:00,-0.003001197106848541
2017-03-17 00:00:00+00:00,-0.005730976566756085
2017-03-20 00:00:00+00:00,0.0017512644638123798
2017-03-21 00:00:00+00:00,-0.024372500462998326
2017-03-22 00:00:00+00:00,0.0010032993382799726
2017-03-23 00:00:00+00:00,-0.0017982237551530666
2017-03-24 00:00:00+00:00,0.0026417567905226147
2017-03-27 00:00:00+00:00,-0.0023989009517797755
2017-03-28 00:00:00+00:00,0.009926747495551391
2017-03-29 00:00:00+00:00,0.00804621029719027
2017-03-30 00:00:00+00:00,0.0015435830408502271
2017-03-31 00:00:00+00:00,-0.0022769997601332637
2017-04-03 00:00:00+00:00,-0.0010151417328689847
2017-04-04 00:00:00+00:00,0.0022867788061100014
2017-04-05 00:00:00+00:00,-0.010969252975130517
2017-04-06 00:00:00+00:00,0.0004076876740957691
2017-04-07 00:00:00+00:00,0.0005953887831966764
2017-04-10 00:00:00+00:00,0.0012053264335151748
2017-04-11 00:00:00+00:00,0.0009128384801162792
2017-04-12 00:00:00+00:00,-0.009409394704729568
2017-04-13 00:00:00+00:00,-0.013080310416217905
2017-04-17 00:00:00+00:00,0.020149219493221626
2017-04-18 00:00:00+00:00,-0.00491384680175605
2017-04-19 00:00:00+00:00,-0.005156262055384414
2017-04-20 00:00:00+00:00,0.009550783050253392
2017-04-21 00:00:00+00:00,-0.004068090734748592
2017-04-24 00:00:00+00:00,0.019612017874274967
2017-04-25 00:00:00+00:00,0.005785270163617046
2017-04-26 00:00:00+00:00,-0.0012401885521273193
2017-04-27 00:00:00+00:00,-0.002383003966857561
2017-04-28 00:00:00+00:00,-0.003733574533880013
2017-05-01 00:00:00+00:00,0.007220698634339662
2017-05-02 00:00:00+00:00,0.006254555536012313
2017-05-03 00:00:00+00:00,-0.0020533488936643474
2017-05-04 00:00:00+00:00,-0.0061394784582085304
2017-05-05 00:00:00+00:00,0.006081013275951119
2017-05-08 00:00:00+00:00,-0.0017652982977895137
2017-05-09 00:00:00+00:00,0.0048912985822053
2017-05-10 00:00:00+00:00,0.007095816588358561
2017-05-11 00:00:00+00:00,0.0003734221978306529
2017-05-12 00:00:00+00:00,0.005140548179476262
2017-05-15 00:00:00+00:00,0.006677861584177658
2017-05-16 00:00:00+00:00,0.0047489590662098125
2017-05-17 00:00:00+00:00,-0.029082391316027217
2017-05-18 00:00:00+00:00,-0.036187807458021554
2017-05-19 00:00:00+00:00,0.02154319398843446
2017-05-22 00:00:00+00:00,-0.002198923277164061
2017-05-23 00:00:00+00:00,0.008580574422612786
2017-05-24 00:00:00+00:00,0.004804755890284146
2017-05-25 00:00:00+00:00,0.002703389935844097
2017-05-26 00:00:00+00:00,0.00413882047278738
2017-05-30 00:00:00+00:00,-0.0001359775971094268
2017-05-31 00:00:00+00:00,-0.005220793721507994
2017-06-01 00:00:00+00:00,0.002720338948200285
2017-06-02 00:00:00+00:00,0.004480089952683425
2017-06-05 00:00:00+00:00,-0.0021271369881628865
2017-06-06 00:00:00+00:00,0.00042868925584879647
2017-06-07 00:00:00+00:00,0.00426353645236105
2017-06-08 00:00:00+00:00,0.0026221474104127784
2017-06-09 00:00:00+00:00,-0.012370093324886977
2017-06-12 00:00:00+00:00,-0.0051451381675300945
2017-06-13 00:00:00+00:00,0.005972311975910194
2017-06-14 00:00:00+00:00,0.0007690414436813398
2017-06-15 00:00:00+00:00,-0.005871258375731436
2017-06-16 00:00:00+00:00,-0.00047535154563382864
2017-06-19 00:00:00+00:00,0.01170852322550131
2017-06-20 00:00:00+00:00,-0.015013897719148017
2017-06-21 00:00:00+00:00,0.0024230961671434237
2017-06-22 00:00:00+00:00,-1.5707264955477918e-05
2017-06-23 00:00:00+00:00,0.001131735499181552
2017-06-26 00:00:00+00:00,0.0061239037621458325
2017-06-27 00:00:00+00:00,-0.011657602843419462
2017-06-28 00:00:00+00:00,0.014710929519093474
2017-06-29 00:00:00+00:00,-0.00811869401330828
2017-06-30 00:00:00+00:00,0.002025625096208461
2017-07-03 00:00:00+00:00,0.0005698226182971613
2017-07-05 00:00:00+00:00,0.006073393631520818
2017-07-06 00:00:00+00:00,-0.008608810776584874
2017-07-07 00:00:00+00:00,0.009245603547336945
2017-07-10 00:00:00+00:00,0.003879936810971013
2017-07-11 00:00:00+00:00,-0.0011713579599268997
2017-07-12 00:00:00+00:00,0.008395267637897441
2017-07-13 00:00:00+00:00,0.0023661585572356814
2017-07-14 00:00:00+00:00,0.004172196103043063
2017-07-17 00:00:00+00:00,-0.0007796653977438783
2017-07-18 00:00:00+00:00,0.001834337727719293
2017-07-19 00:00:00+00:00,0.0030896954891157513
2017-07-20 00:00:00+00:00,-0.000655322991329893
2017-07-21 00:00:00+00:00,-0.0008797854227377
2017-07-24 00:00:00+00:00,0.0023176534297248974
2017-07-25 00:00:00+00:00,0.0016671053362107557
2017-07-26 00:00:00+00:00,0.00041321045807890533
2017-07-27 00:00:00+00:00,-0.005341006281664201
2017-07-28 00:00:00+00:00,0.00011670964209514745
2017-07-31 00:00:00+00:00,-0.0008011939616168751
2017-08-01 00:00:00+00:00,0.0029059815871021744
2017-08-02 00:00:00+00:00,0.0028723011157033573
2017-08-03 00:00:00+00:00,-0.0011832078247218658
2017-08-04 00:00:00+00:00,0.0031767298411869427
2017-08-07 00:00:00+00:00,0.002708563764155514
2017-08-08 00:00:00+00:00,-0.0022297640420103626
2017-08-09 00:00:00+00:00,-0.00038601752193889727
2017-08-10 00:00:00+00:00,-0.017903264165293503
2017-08-11 00:00:00+00:00,0.0027566882654544433
2017-08-14 00:00:00+00:00,0.013256552165321178
2017-08-15 00:00:00+00:00,0.00021407119880134662
2017-08-16 00:00:00+00:00,0.001361493653696505
2017-08-17 00:00:00+00:00,-0.018631752619614583
2017-08-18 00:00:00+00:00,-0.001339210490382714
2017-08-21 00:00:00+00:00,-0.0007075586455471683
2017-08-22 00:00:00+00:00,0.013147125933611226
2017-08-23 00:00:00+00:00,-0.004652630104783839
2017-08-24 00:00:00+00:00,-0.0017311075470228254
2017-08-25 00:00:00+00:00,0.0013275047231819659
2017-08-28 00:00:00+00:00,-0.0005090751736142318
2017-08-29 00:00:00+00:00,0.0030689321051305396
2017-08-30 00:00:00+00:00,0.0067938247607677305
2017-08-31 00:00:00+00:00,0.005321979401171795
2017-09-01 00:00:00+00:00,0.0017442025675708797
2017-09-05 00:00:00+00:00,-0.013070119362190546
2017-09-06 00:00:00+00:00,0.0032201923412361055
2017-09-07 00:00:00+00:00,-0.0010387063187285994
2017-09-08 00:00:00+00:00,-0.0035729178896679314
2017-09-11 00:00:00+00:00,0.01410878734928811
2017-09-12 00:00:00+00:00,0.00387656397204153
2017-09-13 00:00:00+00:00,-0.0009143992025645586
2017-09-14 00:00:00+00:00,-0.0021565447046327513
2017-09-15 00:00:00+00:00,0.004108602534341532
2017-09-18 00:00:00+00:00,0.0036893577481225404
2017-09-19 00:00:00+00:00,0.003976954011379208
2017-09-20 00:00:00+00:00,-0.0014475623646336422
2017-09-21 00:00:00+00:00,-0.0023005876552449622
2017-09-22 00:00:00+00:00,-0.001832873555611736
2017-09-25 00:00:00+00:00,-0.010117556600453853
2017-09-26 00:00:00+00:00,0.0007845816491309499
2017-09-27 00:00:00+00:00,0.006947331855119199
2017-09-28 00:00:00+00:00,0.00043197335591657615
2017-09-29 00:00:00+00:00,0.0075475304572418245
2017-10-02 00:00:00+00:00,0.0027867927639235734
2017-10-03 00:00:00+00:00,0.005946721805757116
2017-10-04 00:00:00+00:00,-0.001129984692390451
2017-10-05 00:00:00+00:00,0.009310071482363402
2017-10-06 00:00:00+00:00,-0.00025390612898223974
2017-10-09 00:00:00+00:00,-0.0007754731765191869
2017-10-10 00:00:00+00:00,0.004045999661029642
2017-10-11 00:00:00+00:00,0.0022426102572559448
2017-10-12 00:00:00+00:00,-0.003085139641189727
2017-10-13 00:00:00+00:00,0.004534985846981032
2017-10-16 00:00:00+00:00,0.003234378744420563
2017-10-17 00:00:00+00:00,-0.002203426165592076
2017-10-18 00:00:00+00:00,0.00224581354437256
2017-10-19 00:00:00+00:00,-0.003677142811392975
2017-10-20 00:00:00+00:00,0.006228566024363946
2017-10-23 00:00:00+00:00,-0.0050044302767191795
2017-10-24 00:00:00+00:00,0.002906295318140628
2017-10-25 00:00:00+00:00,-0.0043356598155259995
2017-10-26 00:00:00+00:00,-5.1768955467879074e-05
2017-10-27 00:00:00+00:00,0.01745464510418407
2017-10-30 00:00:00+00:00,-0.001476647528743713
2017-10-31 00:00:00+00:00,0.0037054019866844534
2017-11-01 00:00:00+00:00,-0.0018826110096090139
2017-11-02 00:00:00+00:00,0.004641092658814849
2017-11-03 00:00:00+00:00,0.000550120211670585
2017-11-06 00:00:00+00:00,0.0006963956900425117
2017-11-07 00:00:00+00:00,-0.005948237133920259
2017-11-08 00:00:00+00:00,6.571472202324125e-05
2017-11-09 00:00:00+00:00,-0.006863137361848737
2017-11-10 00:00:00+00:00,-0.000599762857713404
2017-11-13 00:00:00+00:00,-0.00047141088229821215
2017-11-14 00:00:00+00:00,-0.0019604634674289523
2017-11-15 00:00:00+00:00,-0.0035920619590054936
2017-11-16 00:00:00+00:00,0.009617382316550294
2017-11-17 00:00:00+00:00,-0.0021190550466763935
2017-11-20 00:00:00+00:00,0.005047496469185231
2017-11-21 00:00:00+00:00,0.0078036496196474125
2017-11-22 00:00:00+00:00,-0.0017503984543211226
2017-11-24 00:00:00+00:00,0.0014073424960143743
2017-11-27 00:00:00+00:00,-0.0005323146210715057
2017-11-28 00:00:00+00:00,0.015049171281694362
2017-11-29 00:00:00+00:00,0.0017910170111001544
2017-11-30 00:00:00+00:00,0.008580281143558022
2017-12-01 00:00:00+00:00,-0.005514126493089438
2017-12-04 00:00:00+00:00,-0.00729968591837396
2017-12-05 00:00:00+00:00,-0.00045853603987477953
2017-12-06 00:00:00+00:00,-0.001152531581836841
2017-12-07 00:00:00+00:00,0.003764130842219382
2017-12-08 00:00:00+00:00,0.006537868996680796
2017-12-11 00:00:00+00:00,0.005997134756312639
2017-12-12 00:00:00+00:00,-0.001772025399468441
2017-12-13 00:00:00+00:00,0.0045208916897293006
2017-12-14 00:00:00+00:00,-0.0037049531084900056
2017-12-15 00:00:00+00:00,0.006161116238612818
2017-12-18 00:00:00+00:00,0.01008453017729416
2017-12-19 00:00:00+00:00,-0.005254802037890111
2017-12-20 00:00:00+00:00,-0.0004485405293202238
2017-12-21 00:00:00+00:00,0.0020636304098488045
2017-12-22 00:00:00+00:00,0.0023175305568333138
2017-12-26 00:00:00+00:00,-0.003302306887674411
2017-12-27 00:00:00+00:00,0.0014143142281353716
2017-12-28 00:00:00+00:00,0.002591909719739771
2017-12-29 00:00:00+00:00,-0.0015189090330322286
2018-01-02 00:00:00+00:00,0.014041127101440787
2018-01-03 00:00:00+00:00,0.008109887147523087
2018-01-04 00:00:00+00:00,0.005678841479117347
2018-01-05 00:00:00+00:00,0.008685442710848701
2018-01-08 00:00:00+00:00,0.0018463630876020543
2018-01-09 00:00:00+00:00,-0.0007538638388956409
2018-01-10 00:00:00+00:00,-0.0035138800046430607
2018-01-11 00:00:00+00:00,0.005999738924613196
2018-01-12 00:00:00+00:00,0.008209203458993175
2018-01-16 00:00:00+00:00,-0.0028849206016690054
2018-01-17 00:00:00+00:00,0.01104306311492903
2018-01-18 00:00:00+00:00,0.0004845920200739484
2018-01-19 00:00:00+00:00,0.004703337291548315
2018-01-22 00:00:00+00:00,0.007827961838713648
2018-01-23 00:00:00+00:00,0.005150581952149402
2018-01-24 00:00:00+00:00,-0.001005555643992767
2018-01-25 00:00:00+00:00,-0.0016428844607919435
2018-01-26 00:00:00+00:00,0.013462941520113847
2018-01-29 00:00:00+00:00,-0.00957489043430415
2018-01-30 00:00:00+00:00,-0.009809294409160313
2018-01-31 00:00:00+00:00,0.004750087789220536
2018-02-01 00:00:00+00:00,-0.005975197234063173
2018-02-02 00:00:00+00:00,-0.023826241681068394
2018-02-05 00:00:00+00:00,-0.04042503650429671
2018-02-06 00:00:00+00:00,0.026507899224282427
2018-02-07 00:00:00+00:00,-0.013855451395932472
2018-02-08 00:00:00+00:00,-0.03921277525530423
2018-02-09 00:00:00+00:00,0.017144369219593447
2018-02-12 00:00:00+00:00,0.016884525035783915
2018-02-13 00:00:00+00:00,0.004384358528057186
2018-02-14 00:00:00+00:00,0.01869110611252528
2018-02-15 00:00:00+00:00,0.018322713640971933
2018-02-16 00:00:00+00:00,-0.0022280768953282515
2018-02-20 00:00:00+00:00,-0.005231239025382084
2018-02-21 00:00:00+00:00,-0.0024488516057872833
2018-02-22 00:00:00+00:00,0.0020886492356824993
2018-02-23 00:00:00+00:00,0.016873994675587367
2018-02-26 00:00:00+00:00,0.012988704796918604
2018-02-27 00:00:00+00:00,-0.0160354295688874
2018-02-28 00:00:00+00:00,-0.010549023578936861
2018-03-01 00:00:00+00:00,-0.011634721207602589
2018-03-02 00:00:00+00:00,0.0059677026508867526
2018-03-05 00:00:00+00:00,0.008667625551040226
2018-03-06 00:00:00+00:00,0.005666208335375067
2018-03-07 00:00:00+00:00,0.0005314954637980762
2018-03-08 00:00:00+00:00,0.0033071242707407578
2018-03-09 00:00:00+00:00,0.018798472298210966
2018-03-12 00:00:00+00:00,0.0035349841113788694
2018-03-13 00:00:00+00:00,-0.010281563012555645
2018-03-14 00:00:00+00:00,-0.00016058441792299316
2018-03-15 00:00:00+00:00,-0.0012445201496790181
2018-03-16 00:00:00+00:00,-0.0018204033974348055
2018-03-19 00:00:00+00:00,-0.016096370806928273
2018-03-20 00:00:00+00:00,0.004978098113405854
2018-03-21 00:00:00+00:00,-0.001309821445843573
2018-03-22 00:00:00+00:00,-0.026271733280647858
2018-03-23 00:00:00+00:00,-0.023234566784940153
2018-03-26 00:00:00+00:00,0.034270260754255155
2018-03-27 00:00:00+00:00,-0.025549343806166636
2018-03-28 00:00:00+00:00,-0.008843736949832731
2018-03-29 00:00:00+00:00,0.018265395886623015
2018-04-02 00:00:00+00:00,-0.023460608713628622
2018-04-03 00:00:00+00:00,0.011188975020194725
2018-04-04 00:00:00+00:00,0.01018861581566105
2018-04-05 00:00:00+00:00,0.005074083676604724
2018-04-06 00:00:00+00:00,-0.023296310697732553
2018-04-09 00:00:00+00:00,0.005353212182708789
2018-04-10 00:00:00+00:00,0.020305765318652025
2018-04-11 00:00:00+00:00,-0.005787559449842161
2018-04-12 00:00:00+00:00,0.01028968534862279
2018-04-13 00:00:00+00:00,-0.008384653337457415
2018-04-16 00:00:00+00:00,0.005235843019808006
2018-04-17 00:00:00+00:00,0.010544795229029624
2018-04-18 00:00:00+00:00,0.0008198121378794609
2018-04-19 00:00:00+00:00,-0.002688916632250349
2018-04-20 00:00:00+00:00,-0.010464013613562528
2018-04-23 00:00:00+00:00,-0.0038169116949639814
2018-04-24 00:00:00+00:00,-0.012443893783722099
2018-04-25 00:00:00+00:00,-0.0017713346368447014
2018-04-26 00:00:00+00:00,0.013521770682199341
2018-04-27 00:00:00+00:00,0.0016049234814108915
2018-04-30 00:00:00+00:00,-0.007460179741018619
2018-05-01 00:00:00+00:00,-0.0013850658434319538
2018-05-02 00:00:00+00:00,-0.009197126349228618
2018-05-03 00:00:00+00:00,-0.004221326904409933
2018-05-04 00:00:00+00:00,0.009255904261909087
2018-05-07 00:00:00+00:00,-0.0020538565891758953
2018-05-08 00:00:00+00:00,0.003751793739220799
2018-05-09 00:00:00+00:00,0.009576707943399376
2018-05-10 00:00:00+00:00,0.019043668704667283
2018-05-11 00:00:00+00:00,-0.00644978314971148
2018-05-14 00:00:00+00:00,-0.001667332723476661
2018-05-15 00:00:00+00:00,-0.011102787046019108
2018-05-16 00:00:00+00:00,0.008068606233602449
2018-05-17 00:00:00+00:00,-0.014881837364934952
2018-05-18 00:00:00+00:00,-0.010177071551176142
2018-05-21 00:00:00+00:00,0.0060736516356980075
2018-05-22 00:00:00+00:00,0.008572410049771745
2018-05-23 00:00:00+00:00,-0.004492767311512463
2018-05-24 00:00:00+00:00,-0.006818685328598972
2018-05-25 00:00:00+00:00,-0.0057910621633998904
2018-05-29 00:00:00+00:00,-0.028411438039955994
2018-05-30 00:00:00+00:00,0.010849831027949564
2018-05-31 00:00:00+00:00,-0.0025559377586691634
2018-06-01 00:00:00+00:00,0.012023692327243457
2018-06-04 00:00:00+00:00,0.009339484822448785
2018-06-05 00:00:00+00:00,-0.009394734561715856
2018-06-06 00:00:00+00:00,0.004143166053310249
2018-06-07 00:00:00+00:00,-0.016064690912340307
2018-06-08 00:00:00+00:00,0.010882510929654421
2018-06-11 00:00:00+00:00,-0.002071290857098257
2018-06-12 00:00:00+00:00,0.004572535040033077
2018-06-13 00:00:00+00:00,-0.0048260219377825875
2018-06-14 00:00:00+00:00,-0.006309849887071645
2018-06-15 00:00:00+00:00,0.0009172180186693135
2018-06-18 00:00:00+00:00,-0.003876905013879939
2018-06-19 00:00:00+00:00,0.0026791917535060328
2018-06-20 00:00:00+00:00,0.00028538956169538165
2018-06-21 00:00:00+00:00,-0.009896886383991221
2018-06-22 00:00:00+00:00,-0.0013044736666141254
2018-06-25 00:00:00+00:00,-0.011316644204993148
2018-06-26 00:00:00+00:00,-0.0001243462716274124
2018-06-27 00:00:00+00:00,-0.018845351873940236
2018-06-28 00:00:00+00:00,0.014567818477101091
2018-06-29 00:00:00+00:00,0.0018182898372638145
2018-07-02 00:00:00+00:00,6.183675464921422e-05
2018-07-03 00:00:00+00:00,-0.005539686022362655
2018-07-05 00:00:00+00:00,0.007614537158688678
2018-07-06 00:00:00+00:00,0.010300965004398865
2018-07-09 00:00:00+00:00,0.010874555330964542
2018-07-10 00:00:00+00:00,0.0031698442846965214
2018-07-11 00:00:00+00:00,-0.008124499867082552
2018-07-12 00:00:00+00:00,0.01034645753048058
2018-07-13 00:00:00+00:00,0.0018081004374963794
2018-07-16 00:00:00+00:00,-0.0034475180354720247
2018-07-17 00:00:00+00:00,0.0026349941818521183
2018-07-18 00:00:00+00:00,-0.0008715388591956363
2018-07-19 00:00:00+00:00,-0.00265251673637526
2018-07-20 00:00:00+00:00,-0.001961480380924807
2018-07-23 00:00:00+00:00,0.0007018716694751348
2018-07-24 00:00:00+00:00,0.00481701367944079
2018-07-25 00:00:00+00:00,0.010552677176651204
2018-07-26 00:00:00+00:00,-0.006212228452515706
2018-07-27 00:00:00+00:00,-0.00936871944813969
2018-07-30 00:00:00+00:00,-0.0073674509405170785
2018-07-31 00:00:00+00:00,0.0033054935083491332
2018-08-01 00:00:00+00:00,-0.0014991474433875829
2018-08-02 00:00:00+00:00,0.006881395501576321
2018-08-03 00:00:00+00:00,0.0012258666789266848
2018-08-06 00:00:00+00:00,0.005418860543459303
2018-08-07 00:00:00+00:00,0.004876652014494609
2018-08-08 00:00:00+00:00,-0.000558275238559891
2018-08-09 00:00:00+00:00,-0.0014389970287994325
2018-08-10 00:00:00+00:00,-0.004466431342112637
2018-08-13 00:00:00+00:00,-0.005071159530610436
2018-08-14 00:00:00+00:00,0.006144585513125078
2018-08-15 00:00:00+00:00,-0.017077669785426436
2018-08-16 00:00:00+00:00,0.004960097119152074
2018-08-17 00:00:00+00:00,0.00127574685620635
2018-08-20 00:00:00+00:00,0.002866471382680036
2018-08-21 00:00:00+00:00,0.004580005609293336
2018-08-22 00:00:00+00:00,0.004979216415434362
2018-08-23 00:00:00+00:00,-0.0012313502301333767
2018-08-24 00:00:00+00:00,0.008129390734669562
2018-08-27 00:00:00+00:00,0.008291728508233898
2018-08-28 00:00:00+00:00,0.00023155608024139074
2018-08-29 00:00:00+00:00,0.009491689590585939
2018-08-30 00:00:00+00:00,-0.0033282133386520196
2018-08-31 00:00:00+00:00,-0.00042511745767517817
2018-09-04 00:00:00+00:00,-0.0020976322067766118
2018-09-05 00:00:00+00:00,-0.009373878205454211
2018-09-06 00:00:00+00:00,-0.009357584852431183
2018-09-07 00:00:00+00:00,-0.0018648413581389134
2018-09-10 00:00:00+00:00,0.0024505823485815315
2018-09-11 00:00:00+00:00,0.008434319816452429
2018-09-12 00:00:00+00:00,-1.4620009325810868e-05
2018-09-13 00:00:00+00:00,0.006132458234012539
2018-09-14 00:00:00+00:00,-0.0005490109760283302
2018-09-17 00:00:00+00:00,-0.009433068436472708
2018-09-18 00:00:00+00:00,0.008485490190669798
2018-09-19 00:00:00+00:00,4.546080966322252e-05
2018-09-20 00:00:00+00:00,0.007502173494407904
2018-09-21 00:00:00+00:00,-0.001807965817888918
2018-09-24 00:00:00+00:00,0.003971958543090626
2018-09-25 00:00:00+00:00,0.002701890992668543
2018-09-26 00:00:00+00:00,-0.0025918767060313097
2018-09-27 00:00:00+00:00,0.0044461411005159435
2018-09-28 00:00:00+00:00,-2.5377407115806383e-05
2018-10-01 00:00:00+00:00,-0.002604396062856368
2018-10-02 00:00:00+00:00,-0.00661655456470539
2018-10-03 00:00:00+00:00,0.002370769022088104
2018-10-04 00:00:00+00:00,-0.016736863353703696
2018-10-05 00:00:00+00:00,-0.010348462896398708
2018-10-08 00:00:00+00:00,-0.004223365914450938
2018-10-09 00:00:00+00:00,-3.588254241626565e-06
2018-10-10 00:00:00+00:00,-0.03871333408898894
2018-10-11 00:00:00+00:00,-0.015444316766844463
2018-10-12 00:00:00+00:00,0.019644288389773723
2018-10-15 00:00:00+00:00,-0.006768670131236887
2018-10-16 00:00:00+00:00,0.027069400183880155
2018-10-17 00:00:00+00:00,-0.0041829991646566145
2018-10-18 00:00:00+00:00,-0.02017446195956224
2018-10-19 00:00:00+00:00,-0.005427618114069499
2018-10-22 00:00:00+00:00,0.003830055512790448
2018-10-23 00:00:00+00:00,-0.004067561894941618
2018-10-24 00:00:00+00:00,-0.03952094435574069
2018-10-25 00:00:00+00:00,0.030212374339405768
2018-10-26 00:00:00+00:00,-0.02194147051888723
2018-10-29 00:00:00+00:00,-0.012940654082591208
2018-10-30 00:00:00+00:00,0.015892895481636582
2018-10-31 00:00:00+00:00,0.015543384996284937
2018-11-01 00:00:00+00:00,0.014227030991135786
2018-11-02 00:00:00+00:00,-0.009314919541144134
2018-11-05 00:00:00+00:00,0.0016853487941415057
2018-11-06 00:00:00+00:00,0.005846349809198903
2018-11-07 00:00:00+00:00,0.029301551750464505
2018-11-08 00:00:00+00:00,-0.0016041876979213388
2018-11-09 00:00:00+00:00,-0.012737089737540064
2018-11-12 00:00:00+00:00,-0.024781090523234517
2018-11-13 00:00:00+00:00,-0.0013537314076112472
2018-11-14 00:00:00+00:00,-0.008792567103208887
2018-11-15 00:00:00+00:00,0.012477654964246215
2018-11-16 00:00:00+00:00,0.0002610270026404682
2018-11-19 00:00:00+00:00,-0.026937432984686954
2018-11-20 00:00:00+00:00,-0.017846322402480713
2018-11-21 00:00:00+00:00,0.0049272510525786295
2018-11-23 00:00:00+00:00,-0.004848130913029491
2018-11-26 00:00:00+00:00,0.019473426751677125
2018-11-27 00:00:00+00:00,0.004679572323482983
2018-11-28 00:00:00+00:00,0.03020103822172021
2018-11-29 00:00:00+00:00,-0.0035759542986897874
2018-11-30 00:00:00+00:00,0.011092043698966048
2018-12-03 00:00:00+00:00,0.013365586333207669
2018-12-04 00:00:00+00:00,-0.033638262256427076
2018-12-06 00:00:00+00:00,0.002590781738893877
2018-12-07 00:00:00+00:00,-0.030924987246309932
2018-12-10 00:00:00+00:00,0.007221797914350625
2018-12-11 00:00:00+00:00,0.0020000743566856993
2018-12-12 00:00:00+00:00,0.008916252913576506
2018-12-13 00:00:00+00:00,-0.0005066341204224278
2018-12-14 00:00:00+00:00,-0.02478052816193166
2018-12-17 00:00:00+00:00,-0.022295437476608948
2018-12-18 00:00:00+00:00,0.0033263410172273133
2018-12-19 00:00:00+00:00,-0.019302306825394577
2018-12-20 00:00:00+00:00,-0.01723335629758091
2018-12-21 00:00:00+00:00,-0.024114621703269834
2018-12-24 00:00:00+00:00,-0.02360508843708481
2018-12-26 00:00:00+00:00,0.05642649844365211
2018-12-27 00:00:00+00:00,0.0068624971703905024
2018-12-28 00:00:00+00:00,-0.00038026676159277906
2018-12-31 00:00:00+00:00,0.010844609049416809
2019-01-02 00:00:00+00:00,-0.005436162823349466
2019-01-03 00:00:00+00:00,-0.018704937778867253
2019-01-04 00:00:00+00:00,0.030129484423075725
2019-01-07 00:00:00+00:00,0.007883769276298108
2019-01-08 00:00:00+00:00,0.010066853597095138
2019-01-09 00:00:00+00:00,0.0029219004466038423
2019-01-10 00:00:00+00:00,0.003756767948361356
2019-01-11 00:00:00+00:00,-0.0007827095846166254
2019-01-14 00:00:00+00:00,-0.012136815794494271
2019-01-15 00:00:00+00:00,0.014708829493195574
2019-01-16 00:00:00+00:00,-0.00016876882625924128
2019-01-17 00:00:00+00:00,0.006917369093991821
2019-01-18 00:00:00+00:00,0.009199247093904905
2019-01-22 00:00:00+00:00,-0.010002760589819665
2019-01-23 00:00:00+00:00,0.003638425842353077
2019-01-24 00:00:00+00:00,0.0018703143414697254
2019-01-25 00:00:00+00:00,0.0026376175039058425
2019-01-28 00:00:00+00:00,-0.008547809772717102
2019-01-29 00:00:00+00:00,-0.002052175187819638
2019-01-30 00:00:00+00:00,0.016628386514029092
2019-01-31 00:00:00+00:00,0.014409327941139694
2019-02-01 00:00:00+00:00,-0.004622935420948145
2019-02-04 00:00:00+00:00,0.0007617671789087177
2019-02-05 00:00:00+00:00,0.0033205555057909675
2019-02-06 00:00:00+00:00,-0.0019665939069089255
2019-02-07 00:00:00+00:00,0.0070567429015425676
2019-02-08 00:00:00+00:00,0.0021494703969380247
2019-02-11 00:00:00+00:00,-0.00034747521033801076
2019-02-12 00:00:00+00:00,-0.0017826490596138944
2019-02-13 00:00:00+00:00,7.041363568660586e-06
2019-02-14 00:00:00+00:00,0.0019576354925108785
2019-02-15 00:00:00+00:00,0.0026642527574966546
2019-02-19 00:00:00+00:00,0.0024021894304321334
2019-02-20 00:00:00+00:00,-0.001170066758700905
2019-02-21 00:00:00+00:00,1.70833372153123e-05
2019-02-22 00:00:00+00:00,0.0044661348452917915
2019-02-25 00:00:00+00:00,-0.004428500882092706
2019-02-26 00:00:00+00:00,0.0004258506568199649
2019-02-27 00:00:00+00:00,-0.003315387365452699
2019-02-28 00:00:00+00:00,0.0013268996271903477
2019-03-01 00:00:00+00:00,0.001348463576659728
2019-03-04 00:00:00+00:00,1.7686403750882818e-05
2019-03-05 00:00:00+00:00,0.0007986527597918236
2019-03-06 00:00:00+00:00,-0.0033822856962518466
2019-03-07 00:00:00+00:00,0.0002711336841747236
2019-03-08 00:00:00+00:00,0.0016104485666055823
2019-03-11 00:00:00+00:00,0.007770147730343097
2019-03-12 00:00:00+00:00,0.006646634436885346
2019-03-13 00:00:00+00:00,0.0036713319810160183
2019-03-14 00:00:00+00:00,-0.0016259901026770274
2019-03-15 00:00:00+00:00,0.0026834588811880944
2019-03-18 00:00:00+00:00,-0.002738445301604442
2019-03-19 00:00:00+00:00,-0.002122623874470403
2019-03-20 00:00:00+00:00,0.0026780175231427006
2019-03-21 00:00:00+00:00,0.008639905711699203
2019-03-22 00:00:00+00:00,-4.0031764330400454e-05
2019-03-25 00:00:00+00:00,0.0006856727629379888
2019-03-26 00:00:00+00:00,0.004860207384153714
2019-03-27 00:00:00+00:00,-0.0023535447017198896
2019-03-28 00:00:00+00:00,0.0006491451318263175
2019-03-29 00:00:00+00:00,0.004039120873997604
2019-04-01 00:00:00+00:00,0.0010653030491725726
2019-04-02 00:00:00+00:00,0.0027876385341379095
2019-04-03 00:00:00+00:00,0.0010353570977094384
2019-04-04 00:00:00+00:00,-0.0031946479970438313
2019-04-05 00:00:00+00:00,0.007190158331073615
2019-04-08 00:00:00+00:00,-0.0020949236369504076
2019-04-09 00:00:00+00:00,-0.0019825782236817246
2019-04-10 00:00:00+00:00,0.0030500573276910636
2019-04-11 00:00:00+00:00,-0.0024901340329274435
2019-04-12 00:00:00+00:00,0.0019825431224319845
2019-04-15 00:00:00+00:00,-0.0006370834597356212
2019-04-16 00:00:00+00:00,-0.012845911316296005
2019-04-17 00:00:00+00:00,-0.00935031396255287
2019-04-18 00:00:00+00:00,0.003233643282327281
2019-04-22 00:00:00+00:00,-0.002238622555754022
2019-04-23 00:00:00+00:00,0.01022383477109573
2019-04-24 00:00:00+00:00,0.00317885843780763
2019-04-25 00:00:00+00:00,0.0032751507425478332
2019-04-26 00:00:00+00:00,0.003611471113541681
2019-04-29 00:00:00+00:00,-0.004418893457056289
2019-04-30 00:00:00+00:00,0.008556720485870695
2019-05-01 00:00:00+00:00,-0.0065157871752909435
2019-05-02 00:00:00+00:00,-0.00146700389111179
2019-05-03 00:00:00+00:00,0.00736637906589932
2019-05-06 00:00:00+00:00,-0.004729946203869878
2019-05-07 00:00:00+00:00,-0.01291273639042273
2019-05-08 00:00:00+00:00,-0.003754801970890481
2019-05-09 00:00:00+00:00,-0.0016928077584322798
2019-05-10 00:00:00+00:00,0.011186205956951856
2019-05-13 00:00:00+00:00,-0.009099852847100437
2019-05-14 00:00:00+00:00,0.004448745728413361
2019-05-15 00:00:00+00:00,0.005916630462615424
2019-05-16 00:00:00+00:00,0.007365368983537235
2019-05-17 00:00:00+00:00,-0.0018850220797652084
2019-05-20 00:00:00+00:00,-0.008636010722444382
2019-05-21 00:00:00+00:00,0.005098381517097045
2019-05-22 00:00:00+00:00,0.0028647538345533408
2019-05-23 00:00:00+00:00,-0.0010989497122481928
2019-05-24 00:00:00+00:00,-0.0008759551137233479
2019-05-28 00:00:00+00:00,-0.011481827273735645
2019-05-29 00:00:00+00:00,-0.009482929051050332
2019-05-30 00:00:00+00:00,0.0037589076278555233
2019-05-31 00:00:00+00:00,-0.004479469650271878
2019-06-03 00:00:00+00:00,0.008206588650393115
2019-06-04 00:00:00+00:00,0.004685914162210536
2019-06-05 00:00:00+00:00,0.008034697521815792
2019-06-06 00:00:00+00:00,0.008588281593890468
2019-06-07 00:00:00+00:00,0.0036057189357106556
2019-06-10 00:00:00+00:00,-0.004426061380567836
2019-06-11 00:00:00+00:00,0.006157570681229629
2019-06-12 00:00:00+00:00,0.001278573475630429
2019-06-13 00:00:00+00:00,0.0038970601693916196
2019-06-14 00:00:00+00:00,-0.0018028867027762852
2019-06-17 00:00:00+00:00,0.0013051637206806521
2019-06-18 00:00:00+00:00,0.0034835704983283144
2019-06-19 00:00:00+00:00,0.007433427296968109
2019-06-20 00:00:00+00:00,0.010394997129277106
2019-06-21 00:00:00+00:00,-0.0015629813744752474
2019-06-24 00:00:00+00:00,-0.0004808323410876725
2019-06-25 00:00:00+00:00,-0.01168339921591574
2019-06-26 00:00:00+00:00,-0.011841205098108765
2019-06-27 00:00:00+00:00,0.0036783677159192285
2019-06-28 00:00:00+00:00,0.0017861870354738685
2019-07-01 00:00:00+00:00,0.0013167481396963443
2019-07-02 00:00:00+00:00,0.007940315096442968
2019-07-03 00:00:00+00:00,0.01074969617930066
2019-07-05 00:00:00+00:00,0.005151109317889813
2019-07-08 00:00:00+00:00,0.003459285237754739
2019-07-09 00:00:00+00:00,0.0026475096468195625
2019-07-10 00:00:00+00:00,0.007418761938573548
2019-07-11 00:00:00+00:00,-0.0033456413685004904
2019-07-12 00:00:00+00:00,-0.003207989888177276
2019-07-15 00:00:00+00:00,-0.0004671399866503223
2019-07-16 00:00:00+00:00,-0.0026788369075921026
2019-07-17 00:00:00+00:00,0.0007628525533837638
2019-07-18 00:00:00+00:00,0.007590580641354289
2019-07-19 00:00:00+00:00,-0.0127653378470991
2019-07-22 00:00:00+00:00,-0.0013463836769261606
2019-07-23 00:00:00+00:00,2.3207718420237278e-05
2019-07-24 00:00:00+00:00,-0.0003463720337726073
2019-07-25 00:00:00+00:00,-0.005994627833315808
2019-07-26 00:00:00+00:00,0.006478936728327389
2019-07-29 00:00:00+00:00,0.0029674606422697147
2019-07-30 00:00:00+00:00,-0.00043484526885936847
2019-07-31 00:00:00+00:00,-0.01094577648035383
2019-08-01 00:00:00+00:00,0.005798543606455014
2019-08-02 00:00:00+00:00,0.003012657520887363
2019-08-05 00:00:00+00:00,-0.01414766028728709
2019-08-06 00:00:00+00:00,0.012907528102926835
2019-08-07 00:00:00+00:00,0.004559421495818838
2019-08-08 00:00:00+00:00,0.013322788090118554
2019-08-09 00:00:00+00:00,-0.0018572696029808267
2019-08-12 00:00:00+00:00,-0.0034318667973179118
2019-08-13 00:00:00+00:00,0.004427368484606009
2019-08-14 00:00:00+00:00,-0.01235219381094213
2019-08-15 00:00:00+00:00,0.009574418987016331
2019-08-16 00:00:00+00:00,0.002777891538347149
2019-08-19 00:00:00+00:00,-0.005126195306830006
2019-08-20 00:00:00+00:00,0.0011818835990463072
2019-08-21 00:00:00+00:00,0.007631835624208355
2019-08-22 00:00:00+00:00,-0.006510961825545947
2019-08-23 00:00:00+00:00,-0.010237542936002625
2019-08-26 00:00:00+00:00,0.0002865914564046945
2019-08-27 00:00:00+00:00,0.004359610256942648
2019-08-28 00:00:00+00:00,0.003102348043656805
2019-08-29 00:00:00+00:00,0.007840209203501786
2019-08-30 00:00:00+00:00,0.004555213647876533
2019-09-03 00:00:00+00:00,0.0015206939111244435
2019-09-04 00:00:00+00:00,0.010058875764161201
2019-09-05 00:00:00+00:00,-0.01068465571276811
2019-09-06 00:00:00+00:00,0.0017812099868833586
2019-09-09 00:00:00+00:00,-0.006608860509995901
2019-09-10 00:00:00+00:00,-0.006913573300758369
2019-09-11 00:00:00+00:00,0.007119102981539116
2019-09-12 00:00:00+00:00,0.0016596225226757355
2019-09-13 00:00:00+00:00,-0.01311717105174956
2019-09-16 00:00:00+00:00,0.00588559473831618
2019-09-17 00:00:00+00:00,0.007044666906811048
2019-09-18 00:00:00+00:00,-0.00090611491491005
2019-09-19 00:00:00+00:00,-0.001108518790691182
2019-09-20 00:00:00+00:00,0.008918153171291354
2019-09-23 00:00:00+00:00,-0.0007473973115499633
2019-09-24 00:00:00+00:00,0.0062546064374708055
2019-09-25 00:00:00+00:00,-0.006708021507963874
2019-09-26 00:00:00+00:00,0.0046410179838734245
2019-09-27 00:00:00+00:00,-0.0017355947386709092
2019-09-30 00:00:00+00:00,-0.0037057379254426537
2019-10-01 00:00:00+00:00,-0.0008691101459285253
2019-10-02 00:00:00+00:00,-0.0013378651579411815
2019-10-03 00:00:00+00:00,0.006968637202532824
2019-10-04 00:00:00+00:00,0.006476259714815247
2019-10-07 00:00:00+00:00,-0.0056127982688860545
2019-10-08 00:00:00+00:00,-0.0006735433447256911
2019-10-09 00:00:00+00:00,0.0007956633426875193
2019-10-10 00:00:00+00:00,-0.005541589270164848
2019-10-11 00:00:00+00:00,-0.00623985249823536
2019-10-14 00:00:00+00:00,0.0015941866961490525
2019-10-15 00:00:00+00:00,-0.005360903951804469
2019-10-16 00:00:00+00:00,0.001971610325634393
2019-10-17 00:00:00+00:00,0.0020340802014420234
2019-10-18 00:00:00+00:00,0.0029619457209865974
2019-10-21 00:00:00+00:00,-0.00040264267784365093
2019-10-22 00:00:00+00:00,0.0025021380333169474
2019-10-23 00:00:00+00:00,0.002286682071951651
2019-10-24 00:00:00+00:00,0.001193921411646981
2019-10-25 00:00:00+00:00,-0.006247811473949955
2019-10-28 00:00:00+00:00,-0.010511829398755446
2019-10-29 00:00:00+00:00,0.00034746816815933723
2019-10-30 00:00:00+00:00,0.009092330067353271
2019-10-31 00:00:00+00:00,0.00641784096870221
2019-11-01 00:00:00+00:00,-0.0017995367971191945
2019-11-04 00:00:00+00:00,-0.010011954295574527
2019-11-05 00:00:00+00:00,-0.013743258968369226
2019-11-06 00:00:00+00:00,0.0044619031802182185
2019-11-07 00:00:00+00:00,-0.01446949374295567
2019-11-08 00:00:00+00:00,-0.004153482416231397
2019-11-11 00:00:00+00:00,-0.0015089355935652415
2019-11-12 00:00:00+00:00,0.0007827677346297357
2019-11-13 00:00:00+00:00,0.008847208444901833
2019-11-14 00:00:00+00:00,0.007015670831451604
2019-11-15 00:00:00+00:00,0.0011330149438809889
2019-11-18 00:00:00+00:00,0.003074063867772814
2019-11-19 00:00:00+00:00,0.0020902663856924575
2019-11-20 00:00:00+00:00,0.004354337575106948
2019-11-21 00:00:00+00:00,-0.007149625814985433
2019-11-22 00:00:00+00:00,-0.0015041602568230394
2019-11-25 00:00:00+00:00,-0.0011017353396025054
2019-11-26 00:00:00+00:00,0.006973998689402572
2019-11-27 00:00:00+00:00,-0.0008392474523369609
2019-11-29 00:00:00+00:00,-0.00018599304596203514
2019-12-02 00:00:00+00:00,-0.01187594520790225
2019-12-03 00:00:00+00:00,0.007464358846279273
2019-12-04 00:00:00+00:00,-0.0005147229560550637
2019-12-05 00:00:00+00:00,0.00024325290139062816
2019-12-06 00:00:00+00:00,-0.0010359087042679793
2019-12-09 00:00:00+00:00,-0.0005164207154266243
2019-12-10 00:00:00+00:00,-0.0008229790971329976
2019-12-11 00:00:00+00:00,0.003481967481520104
2019-12-12 00:00:00+00:00,-0.0053501907488786304
2019-12-13 00:00:00+00:00,0.00593715755711921
2019-12-16 00:00:00+00:00,0.0018981599618876632
2019-12-17 00:00:00+00:00,-0.0036859674944862697
2019-12-18 00:00:00+00:00,0.001473057851116566
2019-12-19 00:00:00+00:00,0.0052200618161030166
2019-12-20 00:00:00+00:00,0.003962734223812658
2019-12-23 00:00:00+00:00,-0.00038438635983634173
2019-12-24 00:00:00+00:00,0.003483564799116712
2019-12-26 00:00:00+00:00,0.005941208584143209
2019-12-27 00:00:00+00:00,0.001072563551674205
2019-12-30 00:00:00+00:00,-0.0020200609542306014
2019-12-31 00:00:00+00:00,0.0005757944164685724
2020-01-02 00:00:00+00:00,0.015277396763985901
2020-01-03 00:00:00+00:00,-0.0082373069037186
2020-01-06 00:00:00+00:00,0.0021344949546043823
2020-01-07 00:00:00+00:00,-0.002282779526550871
2020-01-08 00:00:00+00:00,0.007038185054107804
2020-01-09 00:00:00+00:00,0.007552399267358345
2020-01-10 00:00:00+00:00,-0.0048503256851901155
2020-01-13 00:00:00+00:00,0.009775931372487445
2020-01-14 00:00:00+00:00,-0.00261734853589049
2020-01-15 00:00:00+00:00,-0.0005973052929401645
2020-01-16 00:00:00+00:00,0.01044135590513201
2020-01-17 00:00:00+00:00,0.003678551261086238
2020-01-21 00:00:00+00:00,-0.005064109468958022
2020-01-22 00:00:00+00:00,0.0009755936856328806
2020-01-23 00:00:00+00:00,0.004045763128706081
2020-01-24 00:00:00+00:00,-0.00760777980222882
2020-01-27 00:00:00+00:00,-0.019710939304457886
2020-01-28 00:00:00+00:00,0.013164655023339855
2020-01-29 00:00:00+00:00,0.0019716050639143057
2020-01-30 00:00:00+00:00,0.006466332542101494
2020-01-31 00:00:00+00:00,-0.021835261448537507
2020-02-03 00:00:00+00:00,0.007378942058426707
2020-02-04 00:00:00+00:00,0.011281285818181525
2020-02-05 00:00:00+00:00,0.005314790413490922
2020-02-06 00:00:00+00:00,0.004941795858352527
2020-02-07 00:00:00+00:00,-0.00384882750550658
2020-02-10 00:00:00+00:00,0.008405030563545524
2020-02-11 00:00:00+00:00,-0.00082032565977741
2020-02-12 00:00:00+00:00,0.00520555431915079
2020-02-13 00:00:00+00:00,0.0032789261249531187
2020-02-14 00:00:00+00:00,0.004060074668096436
2020-02-18 00:00:00+00:00,0.0003720951012875229
2020-02-19 00:00:00+00:00,0.002391188231659236
2020-02-20 00:00:00+00:00,-0.0038391171515208544
2020-02-21 00:00:00+00:00,-0.01044115980188115
2020-02-24 00:00:00+00:00,-0.02865039624287255
2020-02-25 00:00:00+00:00,-0.02455992541490265
2020-02-26 00:00:00+00:00,-0.0015194561173796084
2020-02-27 00:00:00+00:00,-0.04742346934163896
2020-02-28 00:00:00+00:00,-0.011195132335783009
2020-03-02 00:00:00+00:00,0.039982954137490034
2020-03-03 00:00:00+00:00,-0.016704898687476766
2020-03-04 00:00:00+00:00,0.03269225636887377
2020-03-05 00:00:00+00:00,-0.0131188076273821
2020-03-06 00:00:00+00:00,0.0014760932820888917
2020-03-09 00:00:00+00:00,-0.04316734051311516
2020-03-10 00:00:00+00:00,0.019797273325214304
2020-03-11 00:00:00+00:00,-0.044466198584483946
2020-03-12 00:00:00+00:00,-0.07100921689913028
2020-03-13 00:00:00+00:00,0.0584776955192331
2020-03-16 00:00:00+00:00,-0.07668479574339535
2020-03-17 00:00:00+00:00,0.05129363621366975
2020-03-18 00:00:00+00:00,-0.04200927985685171
2020-03-19 00:00:00+00:00,-0.005339113866588252
2020-03-20 00:00:00+00:00,-0.022281942910757913
2020-03-23 00:00:00+00:00,-0.004557983258722004
2020-03-24 00:00:00+00:00,0.06718455855105249
2020-03-25 00:00:00+00:00,0.0036395842643786314
2020-03-26 00:00:00+00:00,0.05118833483649149
2020-03-27 00:00:00+00:00,-0.0118694623865426
2020-03-30 00:00:00+00:00,0.02681456376867475
2020-03-31 00:00:00+00:00,-0.018922777242993377
2020-04-01 00:00:00+00:00,-0.016919302705007216
2020-04-02 00:00:00+00:00,0.016605182732208013
2020-04-03 00:00:00+00:00,-0.005580713543727911
2020-04-06 00:00:00+00:00,0.04547863651994791
2020-04-07 00:00:00+00:00,-0.0062984563599014776
2020-04-08 00:00:00+00:00,0.00798294713390521
2020-04-09 00:00:00+00:00,0.007405402511864778
2020-04-13 00:00:00+00:00,0.005260882239458253
2020-04-14 00:00:00+00:00,0.02326010060327477
2020-04-15 00:00:00+00:00,-0.002971778266083497
2020-04-16 00:00:00+00:00,0.010227791469646585
2020-04-17 00:00:00+00:00,-0.0024934056232927826
2020-04-20 00:00:00+00:00,-0.0031737540287726518
2020-04-21 00:00:00+00:00,-0.018257971629953573
2020-04-22 00:00:00+00:00,0.01940799595609627
2020-04-23 00:00:00+00:00,0.0015661631565086487
2020-04-24 00:00:00+00:00,0.008757945400673012
2020-04-27 00:00:00+00:00,-0.002158955863578338
2020-04-28 00:00:00+00:00,-0.006273035216781686
2020-04-29 00:00:00+00:00,0.01921207317364737
2020-04-30 00:00:00+00:00,-0.00866743412952875
2020-05-01 00:00:00+00:00,-0.008193775699656375
2020-05-04 00:00:00+00:00,0.002890716805732496
2020-05-05 00:00:00+00:00,0.008321556405025798
2020-05-06 00:00:00+00:00,-0.0077813635563366845
2020-05-07 00:00:00+00:00,0.01173768418948179
2020-05-08 00:00:00+00:00,0.00020300851061680336
2020-05-11 00:00:00+00:00,0.002452151203178765
2020-05-12 00:00:00+00:00,-0.005430984770476044
2020-05-13 00:00:00+00:00,-0.00286395553011079
2020-05-14 00:00:00+00:00,0.01058553599607498
2020-05-15 00:00:00+00:00,0.004140053786373277
2020-05-18 00:00:00+00:00,0.0008117909105287147
2020-05-19 00:00:00+00:00,-0.0005781681852500831
2020-05-20 00:00:00+00:00,0.007118259373792679
2020-05-21 00:00:00+00:00,-0.00835396149866574
2020-05-22 00:00:00+00:00,0.004421320416589936
2020-05-26 00:00:00+00:00,-0.00761690084405145
2020-05-27 00:00:00+00:00,0.004007392873745991
2020-05-28 00:00:00+00:00,0.002687084002892498
2020-05-29 00:00:00+00:00,0.00979864112719181
2020-06-01 00:00:00+00:00,-0.00010870803345619496
2020-06-02 00:00:00+00:00,0.0014971183540121447
2020-06-03 00:00:00+00:00,-0.004865076634982812
2020-06-04 00:00:00+00:00,-0.004799100394319966
2020-06-05 00:00:00+00:00,0.004685419250221007
2020-06-08 00:00:00+00:00,0.006863727586531365
2020-06-09 00:00:00+00:00,0.008238660752756755
2020-06-10 00:00:00+00:00,0.01446314348940897
2020-06-11 00:00:00+00:00,-0.02380129997985775
2020-06-12 00:00:00+00:00,0.0031661304565470394
2020-06-15 00:00:00+00:00,0.005148663017022853
2020-06-16 00:00:00+00:00,0.005666870615453318
2020-06-17 00:00:00+00:00,0.002253422255458687
2020-06-18 00:00:00+00:00,0.003954167833724931
2020-06-19 00:00:00+00:00,0.0011935562269310973
2020-06-22 00:00:00+00:00,0.009354716444518685
2020-06-23 00:00:00+00:00,0.004329062207838241
2020-06-24 00:00:00+00:00,-0.008982404119317222
2020-06-25 00:00:00+00:00,0.006152016251962572
2020-06-26 00:00:00+00:00,-0.007035686373051214
2020-06-29 00:00:00+00:00,0.004807927990802541
2020-06-30 00:00:00+00:00,0.009277844421172465
2020-07-01 00:00:00+00:00,0.0017188957226191848
2020-07-02 00:00:00+00:00,0.003953928326418055
2020-07-06 00:00:00+00:00,0.010989251275379086
2020-07-07 00:00:00+00:00,0.0007551940494403275
2020-07-08 00:00:00+00:00,0.007927590778425725
2020-07-09 00:00:00+00:00,0.006315510426725124
2020-07-10 00:00:00+00:00,-0.00026725017651002547
2020-07-13 00:00:00+00:00,-0.009186989829579911
2020-07-14 00:00:00+00:00,0.0061766097017026955
2020-07-15 00:00:00+00:00,0.0009169070391900347
2020-07-16 00:00:00+00:00,-0.00597028519865811
2020-07-17 00:00:00+00:00,0.003048242170870158
2020-07-20 00:00:00+00:00,0.015300956040317337
2020-07-21 00:00:00+00:00,-0.0019528808019645683
2020-07-22 00:00:00+00:00,0.007433752803411187
2020-07-23 00:00:00+00:00,-0.007897416552175102
2020-07-24 00:00:00+00:00,-0.003272399516344171
2020-07-27 00:00:00+00:00,0.012416310308155515
2020-07-28 00:00:00+00:00,-0.0022907624108503277
2020-07-29 00:00:00+00:00,0.00795514615104384
2020-07-30 00:00:00+00:00,0.0025058751433126025
2020-07-31 00:00:00+00:00,0.01281476479938673
2020-08-03 00:00:00+00:00,0.00855873025642398
2020-08-04 00:00:00+00:00,0.009271374773020036
2020-08-05 00:00:00+00:00,0.0016800695603473303
2020-08-06 00:00:00+00:00,0.011539391850477088
2020-08-07 00:00:00+00:00,-0.012247651870789716
2020-08-10 00:00:00+00:00,-0.0037548941981572215
2020-08-11 00:00:00+00:00,-0.02562660137587719
2020-08-12 00:00:00+00:00,0.008525626662479607
2020-08-13 00:00:00+00:00,0.003912030414444573
2020-08-14 00:00:00+00:00,-0.0025230209369078993
2020-08-17 00:00:00+00:00,0.010622811555590084
2020-08-18 00:00:00+00:00,0.00738396789606971
2020-08-19 00:00:00+00:00,-0.011440303360410187
2020-08-20 00:00:00+00:00,0.010784487847534052
2020-08-21 00:00:00+00:00,0.004405007096104779
2020-08-24 00:00:00+00:00,0.0019023996424535894
2020-08-25 00:00:00+00:00,0.0016169352848138807
2020-08-26 00:00:00+00:00,0.012411465480707679
2020-08-27 00:00:00+00:00,-0.007717108920935328
2020-08-28 00:00:00+00:00,0.007621388641357918
2020-08-31 00:00:00+00:00,0.005056928063115251
2020-09-01 00:00:00+00:00,0.0068559080420547425
2020-09-02 00:00:00+00:00,0.006317895626301001
2020-09-03 00:00:00+00:00,-0.03575702298485803
2020-09-04 00:00:00+00:00,-0.00791144037084282
2020-09-08 00:00:00+00:00,-0.02791521395696986
2020-09-09 00:00:00+00:00,0.02235326462419923
2020-09-10 00:00:00+00:00,-0.015263688317450064
2020-09-11 00:00:00+00:00,-0.0026755354165100276
2020-09-14 00:00:00+00:00,0.015157746515164827
2020-09-15 00:00:00+00:00,0.005746267623366996
2020-09-16 00:00:00+00:00,-0.007565270924788398
2020-09-17 00:00:00+00:00,-0.008174241986192432
2020-09-18 00:00:00+00:00,-0.007550039356983285
2020-09-21 00:00:00+00:00,-0.0069623944152176764
2020-09-22 00:00:00+00:00,0.006857547666585639
2020-09-23 00:00:00+00:00,-0.023400942268331004
2020-09-24 00:00:00+00:00,0.0022431889085874623
2020-09-25 00:00:00+00:00,0.01509491203544594
2020-09-28 00:00:00+00:00,0.014747301751112551
2020-09-29 00:00:00+00:00,-0.00017146366874598584
2020-09-30 00:00:00+00:00,0.006303752318479211
2020-10-01 00:00:00+00:00,0.012160526223034734
2020-10-02 00:00:00+00:00,-0.018532711717816674
2020-10-05 00:00:00+00:00,0.01613684875721816
2020-10-06 00:00:00+00:00,-0.01652298213100098
2020-10-07 00:00:00+00:00,0.010624364350273668
2020-10-08 00:00:00+00:00,0.006766148960304141
2020-10-09 00:00:00+00:00,0.013683828741038295
2020-10-12 00:00:00+00:00,0.020411659825859935
2020-10-13 00:00:00+00:00,-0.005298291769725988
2020-10-14 00:00:00+00:00,-0.005623853988773159
2020-10-15 00:00:00+00:00,-0.003811835022880794
2020-10-16 00:00:00+00:00,-0.0029157249824897646
2020-10-19 00:00:00+00:00,-0.013020721888371473
2020-10-20 00:00:00+00:00,0.004405633678912724
2020-10-21 00:00:00+00:00,0.005512171584364928
2020-10-22 00:00:00+00:00,-0.0019983259855544944
2020-10-23 00:00:00+00:00,0.002309586341068315
2020-10-26 00:00:00+00:00,-0.01477381181380616
2020-10-27 00:00:00+00:00,0.005466599065021394
2020-10-28 00:00:00+00:00,-0.03420159993852409
2020-10-29 00:00:00+00:00,0.01380432625149483
2020-10-30 00:00:00+00:00,-0.014969782527344266
2020-11-02 00:00:00+00:00,0.0051479461052715
2020-11-03 00:00:00+00:00,0.015656416598928302
2020-11-04 00:00:00+00:00,0.026063119366181137
2020-11-05 00:00:00+00:00,0.024903670143309575
2020-11-06 00:00:00+00:00,0.0006788993089875683
2020-11-09 00:00:00+00:00,-0.018804032718085728
2020-11-10 00:00:00+00:00,-0.00919744129298472
2020-11-11 00:00:00+00:00,0.012633118929248427
2020-11-12 00:00:00+00:00,-0.0052333492504893775
2020-11-13 00:00:00+00:00,0.010076132467163379
2020-11-16 00:00:00+00:00,0.007624532519166005
2020-11-17 00:00:00+00:00,-0.004160971284399545
2020-11-18 00:00:00+00:00,-0.007660762261852139
2020-11-19 00:00:00+00:00,0.004736427602613835
2020-11-20 00:00:00+00:00,-0.004839489893272875
2020-11-23 00:00:00+00:00,-0.002228187957002914
2020-11-24 00:00:00+00:00,0.0068738201823389244
2020-11-25 00:00:00+00:00,0.002253940599214743
2020-11-27 00:00:00+00:00,0.001637162949777976
2020-11-30 00:00:00+00:00,-0.0010045048352787522
2020-12-01 00:00:00+00:00,0.013527961986621984
2020-12-02 00:00:00+00:00,0.00025967840053017777
2020-12-03 00:00:00+00:00,0.0028605442888556265
2020-12-04 00:00:00+00:00,0.003051748352770528
2020-12-07 00:00:00+00:00,0.005288676603424303
2020-12-08 00:00:00+00:00,0.002005831052389495
2020-12-09 00:00:00+00:00,-0.014962750885690268
2020-12-10 00:00:00+00:00,0.0006648374124280931
2020-12-11 00:00:00+00:00,-0.0018047504375099666
2020-12-14 00:00:00+00:00,0.0017099531912725396
2020-12-15 00:00:00+00:00,0.013708367614617079
2020-12-16 00:00:00+00:00,0.006088720220871313
2020-12-17 00:00:00+00:00,0.007948579381296117
2020-12-18 00:00:00+00:00,-0.00326704615489376
2020-12-21 00:00:00+00:00,-0.0038352195772905773
2020-12-22 00:00:00+00:00,-0.00020612392978539007
2020-12-23 00:00:00+00:00,-0.0009527868507148429
2020-12-24 00:00:00+00:00,0.004280563020621908
2020-12-28 00:00:00+00:00,0.0072906915392009775
2020-12-29 00:00:00+00:00,2.5354854507136926e-05
2020-12-30 00:00:00+00:00,0.0032895612644999184
2020-12-31 00:00:00+00:00,0.002049498015086415
2021-01-04 00:00:00+00:00,-0.013675856257011398
2021-01-05 00:00:00+00:00,0.0064521212146193
2021-01-06 00:00:00+00:00,-0.006420772959005255
2021-01-07 00:00:00+00:00,0.020922731990433485
2021-01-08 00:00:00+00:00,0.010765944176538533
2021-01-11 00:00:00+00:00,-0.01478800719197701
2021-01-12 00:00:00+00:00,-0.0018095763211554983
2021-01-13 00:00:00+00:00,0.004143456181394833
2021-01-14 00:00:00+00:00,-0.0065352052065216215
2021-01-15 00:00:00+00:00,-0.005666970283556005
2021-01-19 00:00:00+00:00,0.01284001193241574
2021-01-20 00:00:00+00:00,0.023357013291143203
2021-01-21 00:00:00+00:00,0.007302520209218455
2021-01-22 00:00:00+00:00,-0.002416741734934058
2021-01-25 00:00:00+00:00,0.006534297630389541
2021-01-26 00:00:00+00:00,0.003766576568148522
2021-01-27 00:00:00+00:00,-0.027481758158181657
2021-01-28 00:00:00+00:00,0.004175459386398794
2021-01-29 00:00:00+00:00,-0.02163926598218091
2021-02-01 00:00:00+00:00,0.02367888010466951
2021-02-02 00:00:00+00:00,0.01659010886574719
2021-02-03 00:00:00+00:00,0.00011188033509648698
2021-02-04 00:00:00+00:00,0.011109401235737448
2021-02-05 00:00:00+00:00,0.005838634147861843
2021-02-08 00:00:00+00:00,0.0067010859880966556
2021-02-09 00:00:00+00:00,-0.0008936333604406266
2021-02-10 00:00:00+00:00,-0.0010397732090873524
2021-02-11 00:00:00+00:00,0.003711154789415333
2021-02-12 00:00:00+00:00,0.0041036382962234
2021-02-16 00:00:00+00:00,-0.0013755210240486149
2021-02-17 00:00:00+00:00,-0.0012470994678634162
2021-02-18 00:00:00+00:00,-0.0034664192435391317
2021-02-19 00:00:00+00:00,-0.005367070501525406
2021-02-22 00:00:00+00:00,-0.018269451831509714
2021-02-23 00:00:00+00:00,-0.0011412862626407339
2021-02-24 00:00:00+00:00,0.008954448569811979
2021-02-25 00:00:00+00:00,-0.03221011860333117
2021-02-26 00:00:00+00:00,0.004399378256307929
2021-03-01 00:00:00+00:00,0.03007440527727559
2021-03-02 00:00:00+00:00,-0.01566597745079676
2021-03-03 00:00:00+00:00,-0.02212383386273095
2021-03-04 00:00:00+00:00,-0.021895983643096445
2021-03-05 00:00:00+00:00,0.015374988933121392
2021-03-08 00:00:00+00:00,-0.011641683704142619
2021-03-09 00:00:00+00:00,0.033063179138493104
2021-03-10 00:00:00+00:00,0.0039039529398444683
2021-03-11 00:00:00+00:00,0.02043454770903802
2021-03-12 00:00:00+00:00,-0.0016108812544348428
2021-03-15 00:00:00+00:00,0.009580313038872745
2021-03-16 00:00:00+00:00,-0.003514517683916807
2021-03-17 00:00:00+00:00,0.0062995979512085465
2021-03-18 00:00:00+00:00,-0.028320344183511842
2021-03-19 00:00:00+00:00,0.003514014321276071
2021-03-22 00:00:00+00:00,0.009366189519535217
2021-03-23 00:00:00+00:00,-0.014060109322230424
2021-03-24 00:00:00+00:00,-0.01672744592563613
2021-03-25 00:00:00+00:00,0.007529752799106837
2021-03-26 00:00:00+00:00,0.01674471319610682
2021-03-29 00:00:00+00:00,-0.009778604142182706
2021-03-30 00:00:00+00:00,0.0030356942238382034
2021-03-31 00:00:00+00:00,0.01311205193516396
2021-04-01 00:00:00+00:00,0.015488800436186612
2021-04-05 00:00:00+00:00,0.0034846571617343225
2021-04-06 00:00:00+00:00,-0.001009782772650486
2021-04-07 00:00:00+00:00,-0.0068710105305065106
2021-04-08 00:00:00+00:00,0.0017868279962425793
2021-04-09 00:00:00+00:00,0.0020728236183554516
2021-04-12 00:00:00+00:00,-0.002400318310311622
2021-04-13 00:00:00+00:00,0.0019344385225907312
2021-04-14 00:00:00+00:00,0.008219052651149
2021-04-15 00:00:00+00:00,0.005784151578237112
2021-04-16 00:00:00+00:00,0.001726109932263381
2021-04-19 00:00:00+00:00,-0.006945012818710877
2021-04-20 00:00:00+00:00,-0.015959650289635086
2021-04-21 00:00:00+00:00,0.01597957062301869
2021-04-22 00:00:00+00:00,-0.011202675622712266
2021-04-23 00:00:00+00:00,0.014252371052520585
2021-04-26 00:00:00+00:00,0.00739027194110925
2021-04-27 00:00:00+00:00,0.0016598383669641503
2021-04-28 00:00:00+00:00,0.008891651411442852
2021-04-29 00:00:00+00:00,0.0043235699557402085
2021-04-30 00:00:00+00:00,-0.014004173235872996
2021-05-03 00:00:00+00:00,0.008272314007403636
2021-05-04 00:00:00+00:00,0.0028241585827171456
2021-05-05 00:00:00+00:00,0.004456128915121593
2021-05-06 00:00:00+00:00,0.007780762927859841
2021-05-07 00:00:00+00:00,0.009584035951426872
2021-05-10 00:00:00+00:00,-0.0074263123485492355
2021-05-11 00:00:00+00:00,-0.008103469312554429
2021-05-12 00:00:00+00:00,-0.02296687660332128
2021-05-13 00:00:00+00:00,0.017133639179691795
2021-05-14 00:00:00+00:00,0.01651579390265473
2021-05-17 00:00:00+00:00,0.0022272578714430946
2021-05-18 00:00:00+00:00,-0.01179146687939131
2021-05-19 00:00:00+00:00,-0.008689361792874162
2021-05-20 00:00:00+00:00,0.0025044225787454466
2021-05-21 00:00:00+00:00,0.0049043236085108965
2021-05-24 00:00:00+00:00,0.006598202416319976
2021-05-25 00:00:00+00:00,-0.007797239149169188
2021-05-26 00:00:00+00:00,0.006283761259985976
2021-05-27 00:00:00+00:00,0.0108558004758737
2021-05-28 00:00:00+00:00,3.775651994825102e-05
2021-06-01 00:00:00+00:00,0.008822036435498393
2021-06-02 00:00:00+00:00,-0.002113189991887948
2021-06-03 00:00:00+00:00,-0.0021068723688659197
2021-06-04 00:00:00+00:00,0.003084592319723578
2021-06-07 00:00:00+00:00,-0.0030468228102680517
2021-06-08 00:00:00+00:00,0.0030987263202927606
2021-06-09 00:00:00+00:00,-0.008529372563505194
2021-06-10 00:00:00+00:00,-0.0075012924761792
2021-06-11 00:00:00+00:00,0.005686963308088044
2021-06-14 00:00:00+00:00,-0.007541709727289458
2021-06-15 00:00:00+00:00,0.00029495304428533986
2021-06-16 00:00:00+00:00,-0.005936420849127044
2021-06-17 00:00:00+00:00,-0.01962158437903605
2021-06-18 00:00:00+00:00,-0.01899712736688655
2021-06-21 00:00:00+00:00,0.021869910746409316
2021-06-22 00:00:00+00:00,0.002829015330366391
2021-06-23 00:00:00+00:00,-0.000865070522447664
2021-06-24 00:00:00+00:00,0.00939550086214258
2021-06-25 00:00:00+00:00,0.003954931381069338
2021-06-28 00:00:00+00:00,-0.005127145929953614
2021-06-29 00:00:00+00:00,-0.0026927445968200348
2021-06-30 00:00:00+00:00,0.0037413108470841228
2021-07-01 00:00:00+00:00,0.007326722903840566
2021-07-02 00:00:00+00:00,-0.001896970179689761
2021-07-06 00:00:00+00:00,-0.013663877904030453
2021-07-07 00:00:00+00:00,0.0031145560062434963
2021-07-08 00:00:00+00:00,-0.014192279506665212
2021-07-09 00:00:00+00:00,0.021360291206575954
2021-07-12 00:00:00+00:00,0.003813130698321121
2021-07-13 00:00:00+00:00,-0.012103969927636016
2021-07-14 00:00:00+00:00,-0.005556023415518252
2021-07-15 00:00:00+00:00,-7.667718578524552e-05
2021-07-16 00:00:00+00:00,-0.012469977969404383
2021-07-19 00:00:00+00:00,-0.021325277075343985
2021-07-20 00:00:00+00:00,0.02377833539013252
2021-07-21 00:00:00+00:00,0.013743771290043005
2021-07-22 00:00:00+00:00,-0.007531125932125543
2021-07-23 00:00:00+00:00,0.004403072748100756
2021-07-26 00:00:00+00:00,0.0041666251273980714
2021-07-27 00:00:00+00:00,-0.004028800167473923
2021-07-28 00:00:00+00:00,0.0034777326144273535
2021-07-29 00:00:00+00:00,0.009390526153904621
2021-07-30 00:00:00+00:00,-0.003088186727568193
2021-08-02 00:00:00+00:00,-0.004262528908580393
2021-08-03 00:00:00+00:00,0.013034365630290867
2021-08-04 00:00:00+00:00,-0.0159426171594165
2021-08-05 00:00:00+00:00,0.011317283304684733
2021-08-06 00:00:00+00:00,0.007098037060176865
2021-08-09 00:00:00+00:00,-0.006349405894465698
2021-08-10 00:00:00+00:00,0.009237770618611252
2021-08-11 00:00:00+00:00,0.008874619094877079
2021-08-12 00:00:00+00:00,-0.001557079482268825
2021-08-13 00:00:00+00:00,-0.0043380835067227674
2021-08-16 00:00:00+00:00,-0.007983440421769517
2021-08-17 00:00:00+00:00,-0.00757975549543044
2021-08-18 00:00:00+00:00,-0.008395074095647326
2021-08-19 00:00:00+00:00,-0.01679793262356749
2021-08-20 00:00:00+00:00,0.00492125142408803
2021-08-23 00:00:00+00:00,0.01978700040809489
2021-08-24 00:00:00+00:00,0.008830934653968892
2021-08-25 00:00:00+00:00,0.006644138309444048
2021-08-26 00:00:00+00:00,-0.008983561344906965
2021-08-27 00:00:00+00:00,0.020371697753700624
2021-08-30 00:00:00+00:00,-0.005842229718244718
2021-08-31 00:00:00+00:00,0.002495644373994299
2021-09-01 00:00:00+00:00,-0.007183926897402243
2021-09-02 00:00:00+00:00,0.009675854517744109
2021-09-03 00:00:00+00:00,-0.004996520682958139
2021-09-07 00:00:00+00:00,-0.004176808173612184
2021-09-08 00:00:00+00:00,-0.009355132007776462
2021-09-09 00:00:00+00:00,0.001179827546871598
2021-09-10 00:00:00+00:00,-0.003697908188419363
2021-09-13 00:00:00+00:00,0.0122484302161463
2021-09-14 00:00:00+00:00,-0.008904733298648798
2021-09-15 00:00:00+00:00,0.01687624823888556
2021-09-16 00:00:00+00:00,-0.004263806222679328
2021-09-17 00:00:00+00:00,-0.008170626884240972
2021-09-20 00:00:00+00:00,-0.02395539836139829
2021-09-21 00:00:00+00:00,0.0010810420495816209
2021-09-22 00:00:00+00:00,0.019300452219937758
2021-09-23 00:00:00+00:00,0.02037299169720469
2021-09-24 00:00:00+00:00,-0.0005713617624087675
2021-09-27 00:00:00+00:00,0.01842493597674688
2021-09-28 00:00:00+00:00,-0.014843944705326712
2021-09-29 00:00:00+00:00,-0.002341941052061175
2021-09-30 00:00:00+00:00,-0.009591848387260515
2021-10-01 00:00:00+00:00,0.017962058727869157
2021-10-04 00:00:00+00:00,-0.002563397121088412
2021-10-05 00:00:00+00:00,0.007372076108773606
2021-10-06 00:00:00+00:00,-0.004195460242149673
2021-10-07 00:00:00+00:00,0.006335450769553941
2021-10-08 00:00:00+00:00,0.008085510403597174
2021-10-11 00:00:00+00:00,-0.005587985366914905
2021-10-12 00:00:00+00:00,0.0029577528777079976
2021-10-13 00:00:00+00:00,0.002018584341975521
2021-10-14 00:00:00+00:00,0.011765585010591273
2021-10-15 00:00:00+00:00,0.009884837709006111
2021-10-18 00:00:00+00:00,-0.0012045393471308286
2021-10-19 00:00:00+00:00,0.0065839854165394285
2021-10-20 00:00:00+00:00,0.006642082147093886
2021-10-21 00:00:00+00:00,-0.008329608674734257
2021-10-22 00:00:00+00:00,0.005810456942914516
2021-10-25 00:00:00+00:00,0.005935747704783834
2021-10-26 00:00:00+00:00,0.0006542872544987866
2021-10-27 00:00:00+00:00,-0.01897484099021024
2021-10-28 00:00:00+00:00,0.008057141527208267
2021-10-29 00:00:00+00:00,-0.004952002556682766
2021-11-01 00:00:00+00:00,0.010082214858912059
2021-11-02 00:00:00+00:00,-0.00203780092598832
2021-11-03 00:00:00+00:00,0.007488557383943134
2021-11-04 00:00:00+00:00,-0.002093681031882233
2021-11-05 00:00:00+00:00,0.0101684150859771
2021-11-08 00:00:00+00:00,0.005631963785158622
2021-11-09 00:00:00+00:00,-0.00214998987110962
2021-11-10 00:00:00+00:00,-0.016451195529190193
2021-11-11 00:00:00+00:00,0.003246957497634817
2021-11-12 00:00:00+00:00,0.0007708097549973814
2021-11-15 00:00:00+00:00,-0.00029028120864771356
2021-11-16 00:00:00+00:00,-0.001977063721499722
2021-11-17 00:00:00+00:00,-0.009969578663270834
2021-11-18 00:00:00+00:00,-0.006253606136127993
2021-11-19 00:00:00+00:00,-0.016178508131752478
2021-11-22 00:00:00+00:00,0.003669925651586442
2021-11-23 00:00:00+00:00,0.011115242238752321
2021-11-24 00:00:00+00:00,-0.0011710529033752415
2021-11-26 00:00:00+00:00,-0.037551058918341235
2021-11-29 00:00:00+00:00,0.004543020824565341
2021-11-30 00:00:00+00:00,-0.013351508126409312
2021-12-01 00:00:00+00:00,-0.012615778726231125
2021-12-02 00:00:00+00:00,0.023866550957295507
2021-12-03 00:00:00+00:00,-0.011484953829312472
2021-12-06 00:00:00+00:00,0.013515645541647636
2021-12-07 00:00:00+00:00,0.02348138778563691
2021-12-08 00:00:00+00:00,0.00082881953045158
2021-12-09 00:00:00+00:00,-0.008307658753814895
2021-12-10 00:00:00+00:00,0.008397709258047337
2021-12-13 00:00:00+00:00,-0.0099956842785415
2021-12-14 00:00:00+00:00,-0.006409705675197858
2021-12-15 00:00:00+00:00,0.00981593665580971
2021-12-16 00:00:00+00:00,-0.0014064756175831417
2021-12-17 00:00:00+00:00,-0.013119653324088959
2021-12-20 00:00:00+00:00,-0.01256418342737331
2021-12-21 00:00:00+00:00,0.02004561252526349
2021-12-22 00:00:00+00:00,0.008515778478073943
2021-12-23 00:00:00+00:00,0.0020778960485201836
2021-12-27 00:00:00+00:00,0.018511713094262583
2021-12-28 00:00:00+00:00,-0.00027306495124393426
2021-12-29 00:00:00+00:00,-0.00019561670934004072
2021-12-30 00:00:00+00:00,-0.002504321565586304
2021-12-31 00:00:00+00:00,-0.0004994819579385579
2022-01-03 00:00:00+00:00,0.010877095742049092
2022-01-04 00:00:00+00:00,0.01160486618252321
2022-01-05 00:00:00+00:00,-0.01874254649573226
2022-01-06 00:00:00+00:00,0.008294230148751941
2022-01-07 00:00:00+00:00,0.002767104388639363
2022-01-10 00:00:00+00:00,-0.0030507674279708352
2022-01-11 00:00:00+00:00,0.013286521242059313
2022-01-12 00:00:00+00:00,0.0024962266318087067
2022-01-13 00:00:00+00:00,-0.009569790031479869
2022-01-14 00:00:00+00:00,0.0024624505284505105
2022-01-18 00:00:00+00:00,-0.012275463924136032
2022-01-19 00:00:00+00:00,-0.012734234262296668
2022-01-20 00:00:00+00:00,-0.009332668104486436
2022-01-21 00:00:00+00:00,-0.015201845546625403
2022-01-24 00:00:00+00:00,0.004230263697403258
2022-01-25 00:00:00+00:00,0.004269606444975621
2022-01-26 00:00:00+00:00,-0.0024642700277687224
2022-01-27 00:00:00+00:00,-0.005771237305224414
2022-01-28 00:00:00+00:00,0.021815154156820282
2022-01-31 00:00:00+00:00,0.012358159748965203
2022-02-01 00:00:00+00:00,0.011326950696011834
2022-02-02 00:00:00+00:00,0.008848896402964879
2022-02-03 00:00:00+00:00,-0.014946310455388079
2022-02-04 00:00:00+00:00,0.005728147453854332
2022-02-07 00:00:00+00:00,0.0023343533009504147
2022-02-08 00:00:00+00:00,-0.0010507721165424755
2022-02-09 00:00:00+00:00,0.015276098026388574
2022-02-10 00:00:00+00:00,-0.01741183905495247
2022-02-11 00:00:00+00:00,-0.007287858098749461
2022-02-14 00:00:00+00:00,-0.011476647378575622
2022-02-15 00:00:00+00:00,0.008581239610370384
2022-02-16 00:00:00+00:00,0.0026204799858008387
2022-02-17 00:00:00+00:00,-0.016249248568679014
2022-02-18 00:00:00+00:00,-0.005243910765059173
2022-02-22 00:00:00+00:00,-0.00829973052319466
2022-02-23 00:00:00+00:00,-0.011291350312175485
2022-02-24 00:00:00+00:00,0.007901720952948055
2022-02-25 00:00:00+00:00,0.024302021231735138
2022-02-28 00:00:00+00:00,-0.0022982919160294546
2022-03-01 00:00:00+00:00,-0.008919045027126732
2022-03-02 00:00:00+00:00,0.01928396821259737
2022-03-03 00:00:00+00:00,0.004654614370816407
2022-03-04 00:00:00+00:00,0.00467533230918174
2022-03-07 00:00:00+00:00,-0.014544161332991912
2022-03-08 00:00:00+00:00,-0.006516779006162182
2022-03-09 00:00:00+00:00,0.0074169601674611285
2022-03-10 00:00:00+00:00,0.00405545917395711
2022-03-11 00:00:00+00:00,-0.009161429292633777
2022-03-14 00:00:00+00:00,-0.004518935859233936
2022-03-15 00:00:00+00:00,0.001950326584587464
2022-03-16 00:00:00+00:00,0.008920824557094448
2022-03-17 00:00:00+00:00,0.017010910097143395
2022-03-18 00:00:00+00:00,0.0014995716179058427
2022-03-21 00:00:00+00:00,0.008871862506313694
2022-03-22 00:00:00+00:00,0.0042391264408768725
2022-03-23 00:00:00+00:00,-0.005174117108797449
2022-03-24 00:00:00+00:00,0.006326217394495515
2022-03-25 00:00:00+00:00,0.0137209604883759
2022-03-28 00:00:00+00:00,-0.002670961378533676
2022-03-29 00:00:00+00:00,0.009475880763674949
2022-03-30 00:00:00+00:00,-7.699266942606808e-05
2022-03-31 00:00:00+00:00,-0.012478989754486858
2022-04-01 00:00:00+00:00,0.007529029836156331
2022-04-04 00:00:00+00:00,0.0030027498254058538
2022-04-05 00:00:00+00:00,-0.013203097252298485
2022-04-06 00:00:00+00:00,-0.003169471181641653
2022-04-07 00:00:00+00:00,0.0007674487865085566
2022-04-08 00:00:00+00:00,0.0030321918403252435
2022-04-11 00:00:00+00:00,-0.016858007351986448
2022-04-12 00:00:00+00:00,0.0017087404907002168
2022-04-13 00:00:00+00:00,0.010564899720665044
2022-04-14 00:00:00+00:00,-0.01060767166698276
2022-04-18 00:00:00+00:00,0.007474183416151525
2022-04-19 00:00:00+00:00,0.006773063524899481
2022-04-20 00:00:00+00:00,0.0035355174749192586
2022-04-21 00:00:00+00:00,-0.01868421251899549
2022-04-22 00:00:00+00:00,-0.018842697200847053
2022-04-25 00:00:00+00:00,-0.006647003797130235
2022-04-26 00:00:00+00:00,-0.01713222176653345
2022-04-27 00:00:00+00:00,0.004572459746586488
2022-04-28 00:00:00+00:00,0.02395868967301862
2022-04-29 00:00:00+00:00,-0.034232511717033176
2022-05-02 00:00:00+00:00,0.002667022005314268
2022-05-03 00:00:00+00:00,0.008962744296751979
2022-05-04 00:00:00+00:00,0.02761648529948424
2022-05-05 00:00:00+00:00,-0.029068399129724837
2022-05-06 00:00:00+00:00,-0.000510114806572759
2022-05-09 00:00:00+00:00,-0.046607034132400665
2022-05-10 00:00:00+00:00,0.0009954874216926424
2022-05-11 00:00:00+00:00,-0.0032148914023013286
2022-05-12 00:00:00+00:00,0.0013829382425318282
2022-05-13 00:00:00+00:00,0.026992371189990316
2022-05-16 00:00:00+00:00,0.0068522168807299
2022-05-17 00:00:00+00:00,0.018450559060820437
2022-05-18 00:00:00+00:00,-0.03122993688204309
2022-05-19 00:00:00+00:00,0.0013511129176481118
2022-05-20 00:00:00+00:00,0.00632878599079939
2022-05-23 00:00:00+00:00,0.015152082761787089
2022-05-24 00:00:00+00:00,0.00103826230518142
2022-05-25 00:00:00+00:00,0.011413685656647299
2022-05-26 00:00:00+00:00,0.010274065376581237
2022-05-27 00:00:00+00:00,0.025810325268940504
2022-05-31 00:00:00+00:00,-0.014013516638534534
2022-06-01 00:00:00+00:00,-0.0028025244380142362
2022-06-02 00:00:00+00:00,0.008306375619534984
2022-06-03 00:00:00+00:00,-0.0035613150267835847
2022-06-06 00:00:00+00:00,0.00019057595320221
2022-06-07 00:00:00+00:00,0.013209255124289498
2022-06-08 00:00:00+00:00,-0.013405705088691516
2022-06-09 00:00:00+00:00,-0.021018516290907507
2022-06-10 00:00:00+00:00,-0.013152734627081997
2022-06-13 00:00:00+00:00,-0.04195363535616872
2022-06-14 00:00:00+00:00,-0.010577122763890723
2022-06-15 00:00:00+00:00,0.0020705047784181363
2022-06-16 00:00:00+00:00,-0.026781903405212082
2022-06-17 00:00:00+00:00,-0.015420947135346974
2022-06-21 00:00:00+00:00,0.029037248945524896
2022-06-22 00:00:00+00:00,-0.0035040705602192024
2022-06-23 00:00:00+00:00,0.00639060888651638
2022-06-24 00:00:00+00:00,0.017975467375669518
2022-06-27 00:00:00+00:00,0.007778912323065684
2022-06-28 00:00:00+00:00,-0.0009415072437231331
2022-06-29 00:00:00+00:00,-0.008520077883544752
2022-06-30 00:00:00+00:00,-0.0021379284601804327
2022-07-01 00:00:00+00:00,0.012526853904822471
2022-07-05 00:00:00+00:00,-0.0242468679713366
2022-07-06 00:00:00+00:00,-0.0010624343747051845
2022-07-07 00:00:00+00:00,0.008401339894125504
2022-07-08 00:00:00+00:00,0.0008786845307094948
2022-07-11 00:00:00+00:00,-0.005351962548302391
2022-07-12 00:00:00+00:00,-0.00708147436716558
2022-07-13 00:00:00+00:00,-0.0013747275125977898
2022-07-14 00:00:00+00:00,-0.008507310638869947
2022-07-15 00:00:00+00:00,0.011278882282159342
2022-07-18 00:00:00+00:00,0.0004178188117678616
2022-07-19 00:00:00+00:00,0.012474983465910916
2022-07-20 00:00:00+00:00,-0.0035664833562210063
2022-07-21 00:00:00+00:00,-0.003679397697377601
2022-07-22 00:00:00+00:00,0.004127772674439645
2022-07-25 00:00:00+00:00,0.014356189739064773
2022-07-26 00:00:00+00:00,-0.004035608159632109
2022-07-27 00:00:00+00:00,0.010324045589422015
2022-07-28 00:00:00+00:00,0.020931828508501116
2022-07-29 00:00:00+00:00,0.010473916104692754
2022-08-01 00:00:00+00:00,-0.0018978510089902173
2022-08-02 00:00:00+00:00,-0.0030813664886314707
2022-08-03 00:00:00+00:00,-0.00398445288838295
2022-08-04 00:00:00+00:00,-0.010393406084072437
2022-08-05 00:00:00+00:00,0.0034797996345039828
2022-08-08 00:00:00+00:00,0.0015363380885735356
2022-08-09 00:00:00+00:00,0.006812895198685498
2022-08-10 00:00:00+00:00,0.004749245064258223
2022-08-11 00:00:00+00:00,0.00796731526543562
2022-08-12 00:00:00+00:00,0.008138111371963908
2022-08-15 00:00:00+00:00,-0.000305853449511978
2022-08-16 00:00:00+00:00,0.0029453140756207086
2022-08-17 00:00:00+00:00,0.000952425107799415
2022-08-18 00:00:00+00:00,0.008499672890148802
2022-08-19 00:00:00+00:00,-0.0010015058104979602
2022-08-22 00:00:00+00:00,-0.006417956485761184
2022-08-23 00:00:00+00:00,0.006430998793427151
2022-08-24 00:00:00+00:00,0.004487173373967535
2022-08-25 00:00:00+00:00,0.0046125529495119055
2022-08-26 00:00:00+00:00,-0.012948988898036667
2022-08-29 00:00:00+00:00,0.004128864944143079
2022-08-30 00:00:00+00:00,-0.014717038993480591
2022-08-31 00:00:00+00:00,-0.005443563422602632
2022-09-01 00:00:00+00:00,-0.0011488516215254485
2022-09-02 00:00:00+00:00,-0.0013648604343111381
2022-09-06 00:00:00+00:00,-0.0030895426497118406
2022-09-07 00:00:00+00:00,0.009423033664087421
2022-09-08 00:00:00+00:00,0.00024454923582553634
2022-09-09 00:00:00+00:00,0.00969339758961918
2022-09-12 00:00:00+00:00,0.00796136774142886
2022-09-13 00:00:00+00:00,-0.02130918880943669
2022-09-14 00:00:00+00:00,0.00899554655771806
2022-09-15 00:00:00+00:00,-0.014761303227238787
2022-09-16 00:00:00+00:00,-0.005672945859737877
2022-09-19 00:00:00+00:00,0.005159040712435725
2022-09-20 00:00:00+00:00,-0.006740753737212196
2022-09-21 00:00:00+00:00,-0.008033602266211304
2022-09-22 00:00:00+00:00,-0.0021342792452494763
2022-09-23 00:00:00+00:00,-0.02438217778482149
2022-09-26 00:00:00+00:00,-0.011983391186361214
2022-09-27 00:00:00+00:00,-0.005733454543295435
2022-09-28 00:00:00+00:00,0.01676762718575442
2022-09-29 00:00:00+00:00,-0.014150454736934909
2022-09-30 00:00:00+00:00,-0.011169024023639396
2022-10-03 00:00:00+00:00,0.05027570499254917
2022-10-04 00:00:00+00:00,0.02083746443723261
2022-10-05 00:00:00+00:00,-0.0007684714106802049
2022-10-06 00:00:00+00:00,-0.007143055702342527
2022-10-07 00:00:00+00:00,-0.013907691253770893
2022-10-10 00:00:00+00:00,-0.003877933411144091
2022-10-11 00:00:00+00:00,-0.006923270537348841
2022-10-12 00:00:00+00:00,-0.007267544131506626
2022-10-13 00:00:00+00:00,0.02227408050111057
2022-10-14 00:00:00+00:00,-0.02511806202639788
2022-10-17 00:00:00+00:00,0.01635463423642569
2022-10-18 00:00:00+00:00,0.01673179976728617
2022-10-19 00:00:00+00:00,0.004373793664768089
2022-10-20 00:00:00+00:00,-0.005069777593131541
2022-10-21 00:00:00+00:00,0.025033603296829465
2022-10-24 00:00:00+00:00,-0.007703130966432881
2022-10-25 00:00:00+00:00,0.004327527364061834
2022-10-26 00:00:00+00:00,-0.0009434605956235298
2022-10-27 00:00:00+00:00,0.010682980679861287
2022-10-28 00:00:00+00:00,0.011789223637814872
2022-10-31 00:00:00+00:00,0.007992973010654936
2022-11-01 00:00:00+00:00,0.006938132802973715
2022-11-02 00:00:00+00:00,-0.01583963191415061
2022-11-03 00:00:00+00:00,0.012554096739871234
2022-11-04 00:00:00+00:00,0.010784616839247418
2022-11-07 00:00:00+00:00,-0.011621909657350521
2022-11-08 00:00:00+00:00,0.004384293899659664
2022-11-09 00:00:00+00:00,-0.02175807981067282
2022-11-10 00:00:00+00:00,0.0010150136152167477
2022-11-11 00:00:00+00:00,0.013165624939510956
2022-11-14 00:00:00+00:00,-0.0016679411185459847
2022-11-15 00:00:00+00:00,0.006274280643167374
2022-11-16 00:00:00+00:00,-0.012481226942995555
2022-11-17 00:00:00+00:00,-0.005931669290000385
2022-11-18 00:00:00+00:00,0.003241714447727695
2022-11-21 00:00:00+00:00,0.003256616743460977
2022-11-22 00:00:00+00:00,0.0045647748059980675
2022-11-23 00:00:00+00:00,0.0011899608508659787
2022-11-25 00:00:00+00:00,0.00036256213404381454
2022-11-28 00:00:00+00:00,-0.008838460374019336
2022-11-29 00:00:00+00:00,0.009851392873372888
2022-11-30 00:00:00+00:00,0.014755935175182144
2022-12-01 00:00:00+00:00,-0.0029119532535508276
2022-12-02 00:00:00+00:00,-0.004295672059649092
2022-12-05 00:00:00+00:00,-0.025728587734611147
2022-12-06 00:00:00+00:00,-0.002812917356857375
2022-12-07 00:00:00+00:00,-0.0007101407501279855
2022-12-08 00:00:00+00:00,-0.002357001453075269
2022-12-09 00:00:00+00:00,-0.013249624076839578
2022-12-12 00:00:00+00:00,0.004921592536700631
2022-12-13 00:00:00+00:00,-0.001156413243598331
2022-12-14 00:00:00+00:00,-0.003792437321263803
2022-12-15 00:00:00+00:00,-0.011884385512332785
2022-12-16 00:00:00+00:00,-0.00542329677540529
2022-12-19 00:00:00+00:00,0.0075143982252085795
2022-12-20 00:00:00+00:00,0.014190505296120842
2022-12-21 00:00:00+00:00,0.012060969440094271
2022-12-22 00:00:00+00:00,-0.00518098684319096
2022-12-23 00:00:00+00:00,0.02002584760167153
2022-12-27 00:00:00+00:00,-0.006923680925444986
2022-12-28 00:00:00+00:00,-0.0068601125695910425
2022-12-29 00:00:00+00:00,0.0002178484556777105
2022-12-30 00:00:00+00:00,-0.006392115209383958
2023-01-03 00:00:00+00:00,-0.02380534690864025
2023-01-04 00:00:00+00:00,0.011350660862806533
2023-01-05 00:00:00+00:00,0.013933122404974768
2023-01-06 00:00:00+00:00,0.02808400352805618
2023-01-09 00:00:00+00:00,-0.0030865116605125476
2023-01-10 00:00:00+00:00,0.009510113004229437
2023-01-11 00:00:00+00:00,0.012132205870131307
2023-01-12 00:00:00+00:00,0.008509492491732884
2023-01-13 00:00:00+00:00,0.0005289209345229751
2023-01-17 00:00:00+00:00,0.0008843455991494331
2023-01-18 00:00:00+00:00,-0.015548301369378292
2023-01-19 00:00:00+00:00,0.0018349556085687502
2023-01-20 00:00:00+00:00,0.005385540820392054
2023-01-23 00:00:00+00:00,0.0045083803582633974
2023-01-24 00:00:00+00:00,0.0063816808244999135
2023-01-25 00:00:00+00:00,0.007466665687362428
2023-01-26 00:00:00+00:00,0.009328942810594487
2023-01-27 00:00:00+00:00,-0.013812522024713975
2023-01-30 00:00:00+00:00,-0.008695614079171937
2023-01-31 00:00:00+00:00,0.010871176101663327
2023-02-01 00:00:00+00:00,0.0017887684125815488
2023-02-02 00:00:00+00:00,-0.012497252806039777
2023-02-03 00:00:00+00:00,-0.009331065520178622
2023-02-06 00:00:00+00:00,-0.00263175173047292
2023-02-07 00:00:00+00:00,0.008914495582581089
2023-02-08 00:00:00+00:00,-0.009123432370375856
2023-02-09 00:00:00+00:00,-0.006674177469101178
2023-02-10 00:00:00+00:00,0.01810459114764762
2023-02-13 00:00:00+00:00,0.006370624515722123
2023-02-14 00:00:00+00:00,-0.0023717415912805906
2023-02-15 00:00:00+00:00,-0.0023817081840439847
2023-02-16 00:00:00+00:00,-0.003116771946240493
2023-02-17 00:00:00+00:00,-0.0029442544869841547
2023-02-21 00:00:00+00:00,-0.013894909423117024
2023-02-22 00:00:00+00:00,-0.001605011389606975
2023-02-23 00:00:00+00:00,0.0026201727824661514
2023-02-24 00:00:00+00:00,-0.0057700379595668205
2023-02-27 00:00:00+00:00,-0.00022367030617806427
2023-02-28 00:00:00+00:00,-0.009438099479291612
2023-03-01 00:00:00+00:00,0.007886295762439294
2023-03-02 00:00:00+00:00,0.008425447309300782
2023-03-03 00:00:00+00:00,0.016958013795157045
2023-03-06 00:00:00+00:00,-0.0012501546289975518
2023-03-07 00:00:00+00:00,-0.017094200354298955
2023-03-08 00:00:00+00:00,0.003820477074596873
2023-03-09 00:00:00+00:00,-0.01352087573909272
2023-03-10 00:00:00+00:00,-0.017826186775857206
2023-03-13 00:00:00+00:00,-0.008972977418044231
2023-03-14 00:00:00+00:00,0.013170178508899844
2023-03-15 00:00:00+00:00,-0.024225743073148898
2023-03-16 00:00:00+00:00,0.012767045699645374
2023-03-17 00:00:00+00:00,-0.0163331569948508
2023-03-20 00:00:00+00:00,0.012973147263259155
2023-03-21 00:00:00+00:00,0.011270885345664144
2023-03-22 00:00:00+00:00,-0.014618243941237896
2023-03-23 00:00:00+00:00,-0.005729382512793091
2023-03-24 00:00:00+00:00,0.011979037130568526
2023-03-27 00:00:00+00:00,0.009869586254403095
2023-03-28 00:00:00+00:00,0.00934872564311967
2023-03-29 00:00:00+00:00,0.01481618365342885
2023-03-30 00:00:00+00:00,0.003805490652830479
2023-03-31 00:00:00+00:00,0.006775885946951665
2023-04-03 00:00:00+00:00,0.009976609452085977
2023-04-04 00:00:00+00:00,-0.0036054567321308073
2023-04-05 00:00:00+00:00,-0.0022031283723296935
2023-04-06 00:00:00+00:00,-0.001384457692957225
2023-04-10 00:00:00+00:00,0.003961911672662799
2023-04-11 00:00:00+00:00,0.003971749920618606
2023-04-12 00:00:00+00:00,0.0007619808985288579
2023-04-13 00:00:00+00:00,0.004999160886797138
2023-04-14 00:00:00+00:00,-0.0019400182593493909
2023-04-17 00:00:00+00:00,-0.000988759007168688
2023-04-18 00:00:00+00:00,-0.0015421140281798862
2023-04-19 00:00:00+00:00,-0.0011596945496763766
2023-04-20 00:00:00+00:00,-0.000777980552733426
2023-04-21 00:00:00+00:00,-0.0015873636421888937
2023-04-24 00:00:00+00:00,0.00557587244019464
2023-04-25 00:00:00+00:00,-0.007965503632882037
2023-04-26 00:00:00+00:00,-0.006106304975264543
2023-04-27 00:00:00+00:00,0.004674201482410711
2023-04-28 00:00:00+00:00,0.00834938323865797
2023-05-01 00:00:00+00:00,-0.0012714407900167866
2023-05-02 00:00:00+00:00,-0.017431049823965816
2023-05-03 00:00:00+00:00,-0.0048984271565077064
2023-05-04 00:00:00+00:00,-0.0068051712878059445
2023-05-05 00:00:00+00:00,0.017040157165299108
2023-05-08 00:00:00+00:00,-0.0006734181932472605
2023-05-09 00:00:00+00:00,0.001958402778971219
2023-05-10 00:00:00+00:00,-8.719756878142193e-05
2023-05-11 00:00:00+00:00,-0.007823944692183366
2023-05-12 00:00:00+00:00,-0.00024460409866092214
2023-05-15 00:00:00+00:00,0.008470834816826811
2023-05-16 00:00:00+00:00,-0.013409872369729237
2023-05-17 00:00:00+00:00,0.00867950588818553
2023-05-18 00:00:00+00:00,0.0024921205364865084
2023-05-19 00:00:00+00:00,-0.0021090590023659095
2023-05-22 00:00:00+00:00,-0.006515234626115973
2023-05-23 00:00:00+00:00,-0.006970590856620912
2023-05-24 00:00:00+00:00,-0.0022564367429502297
2023-05-25 00:00:00+00:00,-0.0027954404975181757
2023-05-26 00:00:00+00:00,0.008422501704608565
2023-05-30 00:00:00+00:00,-0.009483790080418691
2023-05-31 00:00:00+00:00,-0.012014300599181543
2023-06-01 00:00:00+00:00,0.01050155511778536
2023-06-02 00:00:00+00:00,0.01401457336149442
2023-06-05 00:00:00+00:00,-0.002185429351304724
2023-06-06 00:00:00+00:00,0.008240751552294423
2023-06-07 00:00:00+00:00,-0.0019289111448843321
2023-06-08 00:00:00+00:00,0.006881724804721434
2023-06-09 00:00:00+00:00,0.0030586373372018527
2023-06-12 00:00:00+00:00,0.007110169456487236
2023-06-13 00:00:00+00:00,0.008670193260827908
2023-06-14 00:00:00+00:00,0.006761338953805707
2023-06-15 00:00:00+00:00,0.010650594078439157
2023-06-16 00:00:00+00:00,-0.003940287740524767
2023-06-20 00:00:00+00:00,-0.011647508022953446
2023-06-21 00:00:00+00:00,-0.002326224864206472
2023-06-22 00:00:00+00:00,-0.004350535962970886
2023-06-23 00:00:00+00:00,-0.009906042794330883
2023-06-26 00:00:00+00:00,0.0009700814491056531
2023-06-27 00:00:00+00:00,0.014400913404813698
2023-06-28 00:00:00+00:00,-0.0014703030163370212
2023-06-29 00:00:00+00:00,0.0031916526344619722
2023-06-30 00:00:00+00:00,0.007783710243206482
2023-07-03 00:00:00+00:00,0.004060569494144878
2023-07-05 00:00:00+00:00,0.0008410855168645148
2023-07-06 00:00:00+00:00,-0.010637371040199767
2023-07-07 00:00:00+00:00,0.0010093676964853804
2023-07-10 00:00:00+00:00,0.00012561337365044056
2023-07-11 00:00:00+00:00,0.008443633000633
2023-07-12 00:00:00+00:00,0.010405707927293506
2023-07-13 00:00:00+00:00,0.01384873845455109
2023-07-14 00:00:00+00:00,-0.004027311189441496
2023-07-17 00:00:00+00:00,0.00452002520640557
2023-07-18 00:00:00+00:00,0.007927712438105528
2023-07-19 00:00:00+00:00,-0.0009894755141514056
2023-07-20 00:00:00+00:00,-0.018957159684063224
2023-07-21 00:00:00+00:00,-0.004280023758413909
2023-07-24 00:00:00+00:00,0.003164950722042481
2023-07-25 00:00:00+00:00,0.005474322607615267
2023-07-26 00:00:00+00:00,0.0033815071541691832
2023-07-27 00:00:00+00:00,0.0007718734598990418
2023-07-28 00:00:00+00:00,0.016887425803056633
2023-07-31 00:00:00+00:00,-0.0006284842308027228
2023-08-01 00:00:00+00:00,-0.010550777759962271
2023-08-02 00:00:00+00:00,-0.020152423535465702
2023-08-03 00:00:00+00:00,-0.009642055553555101
2023-08-04 00:00:00+00:00,2.119336627728896e-05
2023-08-07 00:00:00+00:00,0.003461875143941223
2023-08-08 00:00:00+00:00,-0.007563228415458506
2023-08-09 00:00:00+00:00,-0.005292158721100199
2023-08-10 00:00:00+00:00,0.0007250441842436284
2023-08-11 00:00:00+00:00,-0.008114061312061355
2023-08-14 00:00:00+00:00,0.0015593599061138885
2023-08-15 00:00:00+00:00,-0.007216825537472188
2023-08-16 00:00:00+00:00,-0.0053632378757463295
2023-08-17 00:00:00+00:00,-0.009476277629790614
2023-08-18 00:00:00+00:00,0.0030982787653955346
2023-08-21 00:00:00+00:00,0.005737603328534069
2023-08-22 00:00:00+00:00,0.006117647643483298
2023-08-23 00:00:00+00:00,0.022108531756570515
2023-08-24 00:00:00+00:00,-0.01732003340125332
2023-08-25 00:00:00+00:00,0.003906332837990273
2023-08-28 00:00:00+00:00,0.008353050799744632
2023-08-29 00:00:00+00:00,0.016949176829375356
2023-08-30 00:00:00+00:00,0.0021216696915979383
2023-08-31 00:00:00+00:00,-0.01584706108660805
2023-09-01 00:00:00+00:00,-0.0028824387650840666
2023-09-05 00:00:00+00:00,-0.004520223653696032
2023-09-06 00:00:00+00:00,-0.0071683948635628825
2023-09-07 00:00:00+00:00,-0.008490273291511086
2023-09-08 00:00:00+00:00,0.0029748445186195127
2023-09-11 00:00:00+00:00,0.011555332774997928
2023-09-12 00:00:00+00:00,-0.011038281888536922
2023-09-13 00:00:00+00:00,0.0022751291491230896
2023-09-14 00:00:00+00:00,0.008800348122359969
2023-09-15 00:00:00+00:00,-0.013904260910596822
2023-09-18 00:00:00+00:00,0.0025583385724529673
2023-09-19 00:00:00+00:00,0.002388528551241581
2023-09-20 00:00:00+00:00,-0.009749840049426639
2023-09-21 00:00:00+00:00,-0.016138197942555
2023-09-22 00:00:00+00:00,0.0003055710564103531
2023-09-25 00:00:00+00:00,-0.002190352252568778
2023-09-26 00:00:00+00:00,-0.01383475963844899
2023-09-27 00:00:00+00:00,0.0007225431428005691
2023-09-28 00:00:00+00:00,0.008823259460055244
2023-09-29 00:00:00+00:00,-0.0013905631876335312
2023-10-02 00:00:00+00:00,0.004277543681430157
2023-10-03 00:00:00+00:00,-0.020317215650831555
2023-10-04 00:00:00+00:00,0.010779419465849482
2023-10-05 00:00:00+00:00,-0.009556123674707678
2023-10-06 00:00:00+00:00,0.01582371003028543
2023-10-09 00:00:00+00:00,0.003156061062915938
2023-10-10 00:00:00+00:00,0.012334999637027388
2023-10-11 00:00:00+00:00,0.007402889563352055
2023-10-12 00:00:00+00:00,-0.008278515256032848
2023-10-13 00:00:00+00:00,-0.012050952396198744
2023-10-16 00:00:00+00:00,0.013949540211240397
2023-10-17 00:00:00+00:00,-0.003559614835615149
2023-10-18 00:00:00+00:00,-0.015131029566047699
2023-10-19 00:00:00+00:00,-0.006335908585331063
2023-10-20 00:00:00+00:00,-0.012359923669210598
2023-10-23 00:00:00+00:00,0.002687944109075746
2023-10-24 00:00:00+00:00,0.00649738020957269
2023-10-25 00:00:00+00:00,-0.018814346925117242
2023-10-26 00:00:00+00:00,-0.009655589861740227
2023-10-27 00:00:00+00:00,0.0015145961340007341
2023-10-30 00:00:00+00:00,0.012577613644885188
2023-10-31 00:00:00+00:00,0.0035750661136879636
2023-11-01 00:00:00+00:00,0.016873527827782092
2023-11-02 00:00:00+00:00,0.01616763947866995
2023-11-03 00:00:00+00:00,0.013649737893002611
2023-11-06 00:00:00+00:00,-0.0012273932325465864
2023-11-07 00:00:00+00:00,0.00414429010840664
2023-11-08 00:00:00+00:00,-0.0037266800926520904
2023-11-09 00:00:00+00:00,-0.0021163506233328466
2023-11-10 00:00:00+00:00,0.018541022021141218
2023-11-13 00:00:00+00:00,-0.0029137187017821142
2023-11-14 00:00:00+00:00,0.019407926478611448
2023-11-15 00:00:00+00:00,-0.00013732874808136675
2023-11-16 00:00:00+00:00,0.0034309414250749404
2023-11-17 00:00:00+00:00,0.003413361601414422
2023-11-20 00:00:00+00:00,0.009526678117790843
2023-11-21 00:00:00+00:00,-0.00536355768735608
2023-11-22 00:00:00+00:00,0.005760974201704183
2023-11-24 00:00:00+00:00,-0.0012021998594053673
2023-11-27 00:00:00+00:00,-0.0019816175534738134
2023-11-28 00:00:00+00:00,0.0016924219416942776
2023-11-29 00:00:00+00:00,-0.0020974404551492853
2023-11-30 00:00:00+00:00,-0.001243834047329001
2023-12-01 00:00:00+00:00,0.005850213282951849
2023-12-04 00:00:00+00:00,-0.013271913534623286
2023-12-05 00:00:00+00:00,2.7029793305294314e-05
2023-12-06 00:00:00+00:00,-0.003292230830051951
2023-12-07 00:00:00+00:00,0.01218015856761756
2023-12-08 00:00:00+00:00,0.001089403573656944
2023-12-11 00:00:00+00:00,-0.00035755709995882734
2023-12-12 00:00:00+00:00,0.004551235219534544
2023-12-13 00:00:00+00:00,0.01337212999347781
2023-12-14 00:00:00+00:00,0.0017275163531496052
2023-12-15 00:00:00+00:00,-0.000456914369893896
2023-12-18 00:00:00+00:00,0.006542850604595529
2023-12-19 00:00:00+00:00,0.006476759096788576
2023-12-20 00:00:00+00:00,-0.010786490574408725
2023-12-21 00:00:00+00:00,0.009953113343919961
2023-12-22 00:00:00+00:00,0.0018429585910980095
2023-12-26 00:00:00+00:00,0.005441026766512702
2023-12-27 00:00:00+00:00,0.0016647220551080366
2023-12-28 00:00:00+00:00,-0.0005913652830072946
2023-12-29 00:00:00+00:00,-0.0037423854325806805
2024-01-02 00:00:00+00:00,-0.014758217820465824
2024-01-03 00:00:00+00:00,-0.011179296478828732
2024-01-04 00:00:00+00:00,-0.005710000500382617
2024-01-05 00:00:00+00:00,0.0016656266442338918
2024-01-08 00:00:00+00:00,0.01958479645946931
2024-01-09 00:00:00+00:00,-0.0005469257126564653
2024-01-10 00:00:00+00:00,0.008153036214560039
2024-01-11 00:00:00+00:00,0.0006518007494639988
2024-01-12 00:00:00+00:00,-0.0008475560062984888
2024-01-16 00:00:00+00:00,-0.0011102132380222673
2024-01-17 00:00:00+00:00,-0.006362317696837733
2024-01-18 00:00:00+00:00,0.013092573377565142
2024-01-19 00:00:00+00:00,0.0165167364907573
2024-01-22 00:00:00+00:00,0.0008258947468627875
2024-01-23 00:00:00+00:00,0.003908902284251559
2024-01-24 00:00:00+00:00,0.003710622048503087
2024-01-25 00:00:00+00:00,0.0023277770145573307
2024-01-26 00:00:00+00:00,-0.0024196176804175684
2024-01-29 00:00:00+00:00,0.010599523535664235
2024-01-30 00:00:00+00:00,-0.00556212211667681
2024-01-31 00:00:00+00:00,-0.02086801108623132
2024-02-01 00:00:00+00:00,0.01122266075419584
2024-02-02 00:00:00+00:00,0.01219857006877545
2024-02-05 00:00:00+00:00,-0.003192414189791132
2024-02-06 00:00:00+00:00,0.004319834292471653
2024-02-07 00:00:00+00:00,0.005890282764460741
2024-02-08 00:00:00+00:00,-0.0028937289244552467
2024-02-09 00:00:00+00:00,0.00779128063185891
2024-02-12 00:00:00+00:00,0.00011245269903206734
2024-02-13 00:00:00+00:00,-0.0188163590812766
2024-02-14 00:00:00+00:00,0.011498450823138107
2024-02-15 00:00:00+00:00,0.004182600090488459
2024-02-16 00:00:00+00:00,-0.006099485545873196
2024-02-20 00:00:00+00:00,-0.00043003320909068554
2024-02-21 00:00:00+00:00,-0.0028567555123709676
2024-02-22 00:00:00+00:00,0.01776197479608302
2024-02-23 00:00:00+00:00,-0.004707084027162495
2024-02-26 00:00:00+00:00,-0.002242558876813905
2024-02-27 00:00:00+00:00,0.008789611183935564
2024-02-28 00:00:00+00:00,-0.009569771398659915
2024-02-29 00:00:00+00:00,0.00460299856322785
2024-03-01 00:00:00+00:00,0.01184797210538624
2024-03-04 00:00:00+00:00,-0.005753754206151346
2024-03-05 00:00:00+00:00,-0.013718929067853991
2024-03-06 00:00:00+00:00,0.006187403029827454
2024-03-07 00:00:00+00:00,0.011410319995750845
2024-03-08 00:00:00+00:00,-0.013518433674532065
2024-03-11 00:00:00+00:00,-0.003710493466938747
2024-03-12 00:00:00+00:00,0.014259763483176036
2024-03-13 00:00:00+00:00,-0.003187455025181196
2024-03-14 00:00:00+00:00,-0.003316172464894518
2024-03-15 00:00:00+00:00,-0.011632741136702568
2024-03-18 00:00:00+00:00,0.007968305970894818
2024-03-19 00:00:00+00:00,0.00252996999825178
2024-03-20 00:00:00+00:00,0.014472008697044514
2024-03-21 00:00:00+00:00,-0.0006029306287358427
2024-03-22 00:00:00+00:00,-0.0023359121024836837
2024-03-25 00:00:00+00:00,-0.0024845761231294394
2024-03-26 00:00:00+00:00,-0.00228423337777664
2024-03-27 00:00:00+00:00,0.005355470205951729
2024-03-28 00:00:00+00:00,-0.002089318012955782
2024-04-01 00:00:00+00:00,-0.0013954201520864629
2024-04-02 00:00:00+00:00,-0.0035448549377259664
2024-04-03 00:00:00+00:00,0.0038285328629479864
2024-04-04 00:00:00+00:00,-0.0111577711049618
2024-04-05 00:00:00+00:00,0.006170812286210775
2024-04-08 00:00:00+00:00,0.005393455351971804
2024-04-09 00:00:00+00:00,0.0060715285887775194
2024-04-10 00:00:00+00:00,-0.014108920944623154
2024-04-11 00:00:00+00:00,0.00915663251538787
2024-04-12 00:00:00+00:00,-0.01646529193374094
2024-04-15 00:00:00+00:00,-0.015702889182820923
2024-04-16 00:00:00+00:00,-0.006443076654716495
2024-04-17 00:00:00+00:00,-0.006126762025666949
2024-04-18 00:00:00+00:00,-0.003558295837747333
2024-04-19 00:00:00+00:00,-0.007830103014319773
2024-04-22 00:00:00+00:00,0.007289489810876404
2024-04-23 00:00:00+00:00,0.012447721237127118
2024-04-24 00:00:00+00:00,0.0007791273004593702
2024-04-25 00:00:00+00:00,-0.012108858867959399
2024-04-26 00:00:00+00:00,0.01949728000858686
2024-04-29 00:00:00+00:00,0.0008531933340900355
2024-04-30 00:00:00+00:00,-0.02005701459401854
2024-05-01 00:00:00+00:00,-0.0023060374127170102
2024-05-02 00:00:00+00:00,0.009927063344673304
2024-05-03 00:00:00+00:00,0.015191455574197765
2024-05-06 00:00:00+00:00,0.012279139592648591
2024-05-07 00:00:00+00:00,0.0003513206337566188
2024-05-08 00:00:00+00:00,0.0010729347700553227
2024-05-09 00:00:00+00:00,0.00360723978085023
2024-05-10 00:00:00+00:00,0.0028447226300790662
2024-05-13 00:00:00+00:00,0.00028211294522861863
2024-05-14 00:00:00+00:00,0.006216742821782584
2024-05-15 00:00:00+00:00,0.012971406208381053
2024-05-16 00:00:00+00:00,-0.0015579357647591552
2024-05-17 00:00:00+00:00,0.001586620609673406
2024-05-20 00:00:00+00:00,0.001995706225690508
2024-05-21 00:00:00+00:00,0.002176008999181994
2024-05-22 00:00:00+00:00,-0.0006106495209682317
2024-05-23 00:00:00+00:00,-0.00945228616673277
2024-05-24 00:00:00+00:00,0.009189192786509981
2024-05-28 00:00:00+00:00,-0.00034018232813473603
2024-05-29 00:00:00+00:00,-0.006675732118952532
2024-05-30 00:00:00+00:00,-0.007852431161107787
2024-05-31 00:00:00+00:00,0.006253625293945797
2024-06-03 00:00:00+00:00,-0.010671752501023146
2024-06-04 00:00:00+00:00,-0.0032019725983876424
2024-06-05 00:00:00+00:00,0.006266180190365039
2024-06-06 00:00:00+00:00,-0.00015111319987617944
2024-06-07 00:00:00+00:00,-0.001285975838689224
2024-06-10 00:00:00+00:00,0.0023232911923282695
2024-06-11 00:00:00+00:00,-0.004293341590836081
2024-06-12 00:00:00+00:00,-0.0010785719528667859
2024-06-13 00:00:00+00:00,-0.006234775672283366
2024-06-14 00:00:00+00:00,-0.004364830289370236
2024-06-17 00:00:00+00:00,0.006820937496075208
2024-06-18 00:00:00+00:00,0.0025011240259533163
2024-06-20 00:00:00+00:00,0.007163394922559796
2024-06-21 00:00:00+00:00,-0.0013022731509076124
2024-06-24 00:00:00+00:00,0.010773316325667914
2024-06-25 00:00:00+00:00,-0.0006270049468918848
2024-06-26 00:00:00+00:00,-0.004680972849241349
2024-06-27 00:00:00+00:00,0.0019670077177485756
2024-06-28 00:00:00+00:00,-0.0003640547364721636
2024-07-01 00:00:00+00:00,0.0023525640981345857
2024-07-02 00:00:00+00:00,0.009015301321305624
2024-07-03 00:00:00+00:00,0.004763854568431036
2024-07-05 00:00:00+00:00,0.008160757878395264
2024-07-08 00:00:00+00:00,-0.0006110187177331694
2024-07-09 00:00:00+00:00,0.00272056982473437
2024-07-10 00:00:00+00:00,0.008768971405835713
2024-07-11 00:00:00+00:00,-0.013189649459619507
2024-07-12 00:00:00+00:00,0.003722053949820142
2024-07-15 00:00:00+00:00,0.005676393430780191
2024-07-16 00:00:00+00:00,0.0027758109953012478
2024-07-17 00:00:00+00:00,-0.01893672900016599
2024-07-18 00:00:00+00:00,-0.004330709473073124
2024-07-19 00:00:00+00:00,-0.009778953082928532
2024-07-22 00:00:00+00:00,0.012101995014620892
2024-07-23 00:00:00+00:00,-0.0017631677210156183
2024-07-24 00:00:00+00:00,-0.029262559564666446
2024-07-25 00:00:00+00:00,-0.007380015942491186
2024-07-26 00:00:00+00:00,0.014341254324800656
2024-07-29 00:00:00+00:00,0.0012572685873243894
2024-07-30 00:00:00+00:00,-0.005824047422493983
2024-07-31 00:00:00+00:00,0.02033741142000159
2024-08-01 00:00:00+00:00,-0.01790265657022011
2024-08-02 00:00:00+00:00,-0.023168807883143905
2024-08-05 00:00:00+00:00,-0.030202943672438476
2024-08-06 00:00:00+00:00,0.012773285053743866
2024-08-07 00:00:00+00:00,-0.007777626936545684
2024-08-08 00:00:00+00:00,0.025995175328487774
2024-08-09 00:00:00+00:00,0.005625409594585018
2024-08-12 00:00:00+00:00,-0.00044729687825353914
2024-08-13 00:00:00+00:00,0.01920912638726413
2024-08-14 00:00:00+00:00,0.0030776156598261994
2024-08-15 00:00:00+00:00,0.01808830796629085
2024-08-16 00:00:00+00:00,0.0033368907406763904
2024-08-19 00:00:00+00:00,0.011616490056636564
2024-08-20 00:00:00+00:00,-0.002369350123639702
2024-08-21 00:00:00+00:00,0.0032996488199865115
2024-08-22 00:00:00+00:00,-0.010173236896844073
2024-08-23 00:00:00+00:00,0.010672728372654261
2024-08-26 00:00:00+00:00,-0.004204597064261156
2024-08-27 00:00:00+00:00,0.0029816328049698526
2024-08-28 00:00:00+00:00,-0.0073297927473892355
2024-08-29 00:00:00+00:00,-0.0009129511444429528
2024-08-30 00:00:00+00:00,0.010346848458387292
2024-09-03 00:00:00+00:00,-0.01536031903172505
2024-09-04 00:00:00+00:00,-0.0014181184069118613
2024-09-05 00:00:00+00:00,0.0002988825585167332
2024-09-06 00:00:00+00:00,-0.017448416555262025
2024-09-09 00:00:00+00:00,0.00906613554978597
2024-09-10 00:00:00+00:00,0.0007936202111927249
2024-09-11 00:00:00+00:00,0.004891489501251289
2024-09-12 00:00:00+00:00,0.012087182346663894
2024-09-13 00:00:00+00:00,0.006749914615643948
2024-09-16 00:00:00+00:00,0.0047511178936808784
2024-09-17 00:00:00+00:00,8.002043784055557e-05
2024-09-18 00:00:00+00:00,-0.003981482814691989
2024-09-19 00:00:00+00:00,0.016364144533628
2024-09-20 00:00:00+00:00,0.0025377168977021858
2024-09-23 00:00:00+00:00,0.00140688205575476
2024-09-24 00:00:00+00:00,0.0037895556951871856
2024-09-25 00:00:00+00:00,-0.0023960070301470016
2024-09-26 00:00:00+00:00,0.005838784483458148
2024-09-27 00:00:00+00:00,-0.0011424343562613792
2024-09-30 00:00:00+00:00,0.0007025734267554762
2024-10-01 00:00:00+00:00,-0.004848027296625618
2024-10-02 00:00:00+00:00,0.0014045414239619858
2024-10-03 00:00:00+00:00,-0.0013253048817523372
2024-10-04 00:00:00+00:00,0.009297651780801414
2024-10-07 00:00:00+00:00,-0.008989721624871994
2024-10-08 00:00:00+00:00,0.006471927926740506
2024-10-09 00:00:00+00:00,0.0038336902865159506
2024-10-10 00:00:00+00:00,-0.0008452838049634592
2024-10-11 00:00:00+00:00,0.009709587347989823
2024-10-14 00:00:00+00:00,0.005572841592875827
2024-10-15 00:00:00+00:00,-0.003544049252399817
2024-10-16 00:00:00+00:00,0.004953590145608283
2024-10-17 00:00:00+00:00,0.0017629751937270899
2024-10-18 00:00:00+00:00,0.005447637473873335
2024-10-21 00:00:00+00:00,-0.0018619300125828075
2024-10-22 00:00:00+00:00,0.0023194979093360546
2024-10-23 00:00:00+00:00,-0.008701719648145478
2024-10-24 00:00:00+00:00,0.0037270045098477533
2024-10-25 00:00:00+00:00,-0.00030988287199398834
2024-10-28 00:00:00+00:00,0.004639500873275942
2024-10-29 00:00:00+00:00,0.006905848422397887
2024-10-30 00:00:00+00:00,3.7168886110633403e-05
2024-10-31 00:00:00+00:00,-0.017527128901166644
2024-11-01 00:00:00+00:00,-0.003894073929764291
2024-11-04 00:00:00+00:00,-0.006024089599043603
2024-11-05 00:00:00+00:00,0.013031850016780089
2024-11-06 00:00:00+00:00,0.028555092613396282
2024-11-07 00:00:00+00:00,-0.0018117758762484781
2024-11-08 00:00:00+00:00,0.008520606038447093
2024-11-11 00:00:00+00:00,0.007591336641422031
2024-11-12 00:00:00+00:00,-0.004627117403034536
2024-11-13 00:00:00+00:00,0.00033622234406235907
2024-11-14 00:00:00+00:00,-0.006015187520531068
2024-11-15 00:00:00+00:00,-0.0014314535499569125
2024-11-18 00:00:00+00:00,0.005056951886224181
2024-11-19 00:00:00+00:00,0.0013686836141292846
2024-11-20 00:00:00+00:00,0.0012424049541127358
2024-11-21 00:00:00+00:00,0.010016131217277319
2024-11-22 00:00:00+00:00,0.004389331995390738
2024-11-25 00:00:00+00:00,0.00493668803799252
2024-11-26 00:00:00+00:00,0.005692719258693968
2024-11-27 00:00:00+00:00,-0.0001007450001267729
2024-11-29 00:00:00+00:00,0.0032488244282012357
2024-12-02 00:00:00+00:00,-0.008230111749353924
2024-12-03 00:00:00+00:00,-0.00150636513064617
2024-12-04 00:00:00+00:00,0.0003607488560991301
2024-12-05 00:00:00+00:00,-0.0008999177802366254
2024-12-06 00:00:00+00:00,-0.000755529125295723
2024-12-09 00:00:00+00:00,-0.009405260275695188
2024-12-10 00:00:00+00:00,0.005352762559083318
2024-12-11 00:00:00+00:00,0.0054048095630857
2024-12-12 00:00:00+00:00,-0.004433271019266355
2024-12-13 00:00:00+00:00,-0.0060490113300567805
2024-12-16 00:00:00+00:00,-0.0008808688350161187
2024-12-17 00:00:00+00:00,-0.005642954319880433
2024-12-18 00:00:00+00:00,-0.02531481225594337
2024-12-19 00:00:00+00:00,0.0016915973392279127
2024-12-20 00:00:00+00:00,0.011669616646682035
2024-12-23 00:00:00+00:00,0.001640444418098963
2024-12-24 00:00:00+00:00,0.007188162510878449
2024-12-26 00:00:00+00:00,0.0013840471398630094
2024-12-27 00:00:00+00:00,-0.006492385313498661
2024-12-30 00:00:00+00:00,-0.006882532888348641
2024-12-31 00:00:00+00:00,0.0007627568847906885
2025-01-02 00:00:00+00:00,0.005905553642249178
2025-01-03 00:00:00+00:00,0.004201544790172235
2025-01-06 00:00:00+00:00,-0.0011616833808779647
2025-01-07 00:00:00+00:00,-0.0025620036237229415
2025-01-08 00:00:00+00:00,0.0006087637450197803
2025-01-10 00:00:00+00:00,-0.008784001505516642
2025-01-13 00:00:00+00:00,-0.0034980358384361365
2025-01-14 00:00:00+00:00,0.006852438939128014
2025-01-15 00:00:00+00:00,0.016020703871627462
2025-01-16 00:00:00+00:00,0.00829501940552596
2025-01-17 00:00:00+00:00,0.0033054451389681327
2025-01-21 00:00:00+00:00,0.012057509346095563
2025-01-22 00:00:00+00:00,-0.0028103963564664047
2025-01-23 00:00:00+00:00,0.0029204622290506244
2025-01-24 00:00:00+00:00,0.007096966288746287
2025-01-27 00:00:00+00:00,-0.004340211493677082
2025-01-28 00:00:00+00:00,-0.0005047369592867668
2025-01-29 00:00:00+00:00,0.0004766233558494981
2025-01-30 00:00:00+00:00,0.011632993224140575
2025-01-31 00:00:00+00:00,-0.001417384355123813
2025-02-03 00:00:00+00:00,-0.00033592134696777665
2025-02-04 00:00:00+00:00,0.005447069655272863
2025-02-05 00:00:00+00:00,-0.0011866141745352499
2025-02-06 00:00:00+00:00,0.0011161086930306097
2025-02-07 00:00:00+00:00,-0.005488631840979724
2025-02-10 00:00:00+00:00,0.008926762183928183
2025-02-11 00:00:00+00:00,-0.002073586561381735
2025-02-12 00:00:00+00:00,4.226383291483504e-05
2025-02-13 00:00:00+00:00,0.00966282657789408
2025-02-14 00:00:00+00:00,-0.003338091438431945
2025-02-18 00:00:00+00:00,0.004621952572328364
2025-02-19 00:00:00+00:00,0.0015963336780575321
2025-02-20 00:00:00+00:00,-0.0032241066550490194
2025-02-21 00:00:00+00:00,-0.010167353149707348
2025-02-24 00:00:00+00:00,-0.00034165443937472784
2025-02-25 00:00:00+00:00,-0.009564738333965733
2025-02-26 00:00:00+00:00,-5.0863114227167605e-05
2025-02-27 00:00:00+00:00,-0.01537586318375439
2025-02-28 00:00:00+00:00,0.01005613198183597
2025-03-03 00:00:00+00:00,-0.0012158341314361385
2025-03-04 00:00:00+00:00,-0.012665515654990217
2025-03-05 00:00:00+00:00,0.003429955588128475
2025-03-06 00:00:00+00:00,-0.015081304253788813
2025-03-07 00:00:00+00:00,0.005065322221572022
2025-03-10 00:00:00+00:00,-0.011270055890996
2025-03-11 00:00:00+00:00,-0.005219600440703243
2025-03-12 00:00:00+00:00,0.0019247027681467688
2025-03-13 00:00:00+00:00,-0.0014466383520966297
2025-03-14 00:00:00+00:00,0.015365675440833448
2025-03-17 00:00:00+00:00,0.007122425864574289
2025-03-18 00:00:00+00:00,-0.0026191287147412368
2025-03-19 00:00:00+00:00,0.007673708773730581
2025-03-20 00:00:00+00:00,0.0005052902612231736
2025-03-21 00:00:00+00:00,-0.002565569964854575
2025-03-24 00:00:00+00:00,0.006755503441597116
2025-03-25 00:00:00+00:00,0.0016647283113992994
2025-03-26 00:00:00+00:00,-0.0014188658539263377
2025-03-27 00:00:00+00:00,0.0016795235954802645
2025-03-28 00:00:00+00:00,-0.008513279695696069
2025-03-31 00:00:00+00:00,0.011282131963183728
2025-04-01 00:00:00+00:00,-6.0853437509611474e-06
2025-04-02 00:00:00+00:00,0.004624078688231559
2025-04-03 00:00:00+00:00,-0.026545341527826005
2025-04-04 00:00:00+00:00,-0.052369448850161066
2025-04-07 00:00:00+00:00,-0.009473673304574631
2025-04-08 00:00:00+00:00,-0.004116606375282966
2025-04-09 00:00:00+00:00,0.06002841831666944
2025-04-10 00:00:00+00:00,-0.011397848413517542
2025-04-11 00:00:00+00:00,0.014087698310706331
2025-04-14 00:00:00+00:00,0.007303289475390801
2025-04-15 00:00:00+00:00,0.0025380360696150572
2025-04-16 00:00:00+00:00,-0.004762418944558144
2025-04-17 00:00:00+00:00,0.003730426598301473
2025-04-21 00:00:00+00:00,-0.009165777838495565
2025-04-22 00:00:00+00:00,0.018056772460173703
2025-04-23 00:00:00+00:00,0.002038065524972349
2025-04-24 00:00:00+00:00,0.01180242805493048
2025-04-25 00:00:00+00:00,-0.003093921079235118
2025-04-28 00:00:00+00:00,0.00682954167951233
2025-04-29 00:00:00+00:00,0.003919351399059634
2025-04-30 00:00:00+00:00,-0.0025906166567137012
2025-05-01 00:00:00+00:00,-0.0032320287433763584
2025-05-02 00:00:00+00:00,0.011458356042415851
2025-05-05 00:00:00+00:00,0.005822546425105296
2025-05-06 00:00:00+00:00,0.008587249271040015
2025-05-07 00:00:00+00:00,-0.002020327207140765
2025-05-08 00:00:00+00:00,-0.004273071663005251
2025-05-09 00:00:00+00:00,0.0009709647172405633
2025-05-12 00:00:00+00:00,0.0017175560200919093
2025-05-13 00:00:00+00:00,0.004196643776136072
2025-05-14 00:00:00+00:00,-0.005745475344361317
2025-05-15 00:00:00+00:00,0.011980616503989905
2025-05-16 00:00:00+00:00,0.0038692095935697057
2025-05-19 00:00:00+00:00,0.004675922330998505
2025-05-20 00:00:00+00:00,0.0034130660129647605
2025-05-21 00:00:00+00:00,-0.009698718654957889
2025-05-22 00:00:00+00:00,-0.0066276168667882
2025-05-23 00:00:00+00:00,0.006434354155706923
2025-05-27 00:00:00+00:00,0.006106881697199695
2025-05-28 00:00:00+00:00,-0.005774202680820711
2025-05-29 00:00:00+00:00,0.00249074071073635
2025-05-30 00:00:00+00:00,0.0024952616612555767
2025-06-02 00:00:00+00:00,0.008085556803261257
2025-06-03 00:00:00+00:00,-0.003332290804289234
2025-06-04 00:00:00+00:00,0.0025708633263103187
2025-06-05 00:00:00+00:00,-0.0016691594854680858
2025-06-06 00:00:00+00:00,0.003672193871624041
2025-06-09 00:00:00+00:00,-0.001027982543621575
2025-06-10 00:00:00+00:00,0.00574423306287003
2025-06-11 00:00:00+00:00,-0.0008752327818335459
2025-06-12 00:00:00+00:00,0.002440182456875717
2025-06-13 00:00:00+00:00,-0.0063687172512820744
2025-06-16 00:00:00+00:00,0.003815552147113238
2025-06-17 00:00:00+00:00,-0.0045244055695295715
2025-06-18 00:00:00+00:00,-0.0008460875233594067
2025-06-20 00:00:00+00:00,-0.0009898161374827241
2025-06-23 00:00:00+00:00,0.010728032858589753
2025-06-24 00:00:00+00:00,0.004222163443631327
2025-06-25 00:00:00+00:00,-0.006205404490492034
2025-06-26 00:00:00+00:00,0.002893576233941486
2025-06-27 00:00:00+00:00,4.468065127444243e-05
2025-06-30 00:00:00+00:00,0.0088631953013803
2025-07-01 00:00:00+00:00,0.004802737128322965
2025-07-02 00:00:00+00:00,-0.0007208235135925667
2025-07-03 00:00:00+00:00,0.005005782071247522
2025-07-07 00:00:00+00:00,-0.002560558415409697
2025-07-08 00:00:00+00:00,-0.007560628745534287
2025-07-09 00:00:00+00:00,0.006115868637958599
2025-07-10 00:00:00+00:00,0.005481569925726959
2025-07-11 00:00:00+00:00,-0.001467132591017134
2025-07-14 00:00:00+00:00,0.003304222223001474
2025-07-15 00:00:00+00:00,-0.009577124344997162
2025-07-16 00:00:00+00:00,0.00399551356639577
2025-07-17 00:00:00+00:00,0.0052065201742905465
2025-07-18 00:00:00+00:00,0.004421632841651174
2025-07-21 00:00:00+00:00,0.0026142036218007036
2025-07-22 00:00:00+00:00,0.007417235639019748
2025-07-23 00:00:00+00:00,0.0014977548819465891
2025-07-24 00:00:00+00:00,-0.002419418563829573
2025-07-25 00:00:00+00:00,0.0025589646725790727
2025-07-28 00:00:00+00:00,-0.006785644536751956
2025-07-29 00:00:00+00:00,-0.0005619106985349231
2025-07-30 00:00:00+00:00,-0.004157245408203614
2025-07-31 00:00:00+00:00,0.001461955330624154
2025-08-01 00:00:00+00:00,-0.006541360183290074
2025-08-04 00:00:00+00:00,0.011046179491484509
2025-08-05 00:00:00+00:00,-0.0032648018338754525
2025-08-06 00:00:00+00:00,0.0018326917693753386
2025-08-07 00:00:00+00:00,-0.0021135291811398838
2025-08-08 00:00:00+00:00,0.0033181671007587454
2025-08-11 00:00:00+00:00,-0.0032247684708626156
2025-08-12 00:00:00+00:00,0.010189654852947622
2025-08-13 00:00:00+00:00,0.005096687536595201
2025-08-14 00:00:00+00:00,-0.0024109351240955423
2025-08-15 00:00:00+00:00,-0.0029592898946125545
2025-08-18 00:00:00+00:00,-0.0007441871781004861
2025-08-19 00:00:00+00:00,-0.0017447661265291292
2025-08-20 00:00:00+00:00,0.002833754918637049
2025-08-21 00:00:00+00:00,-0.0028371590376211064
2025-08-22 00:00:00+00:00,0.014484977904876573
2025-08-25 00:00:00+00:00,-0.00414385165317066
2025-08-26 00:00:00+00:00,0.005213709479185424
2025-08-27 00:00:00+00:00,0.0014123522617457973
2025-08-28 00:00:00+00:00,0.0035651889460983077
2025-08-29 00:00:00+00:00,0.0002720552723066705
2025-09-02 00:00:00+00:00,0.007032966454254969
2025-09-03 00:00:00+00:00,0.006713378933837666
2025-09-04 00:00:00+00:00,0.006793878748599463
2025-09-05 00:00:00+00:00,0.007632611019701557
2025-09-08 00:00:00+00:00,0.005351343846510148
2025-09-09 00:00:00+00:00,0.0009269366855541861
2025-09-10 00:00:00+00:00,-0.003855675148227128
2025-09-11 00:00:00+00:00,0.01389069592361622
2025-09-12 00:00:00+00:00,0.005431824525874429
2025-09-15 00:00:00+00:00,0.010742590129595053
2025-09-16 00:00:00+00:00,0.0011427180144343574
2025-09-17 00:00:00+00:00,-0.002915101699561745
2025-09-18 00:00:00+00:00,-0.004119732245448371
2025-09-19 00:00:00+00:00,0.005196565929799057
2025-09-22 00:00:00+00:00,0.0056660499961018185
2025-09-23 00:00:00+00:00,0.0002913574785146922
2025-09-24 00:00:00+00:00,-0.006128839928876695
2025-09-25 00:00:00+00:00,-0.004427674518553942
2025-09-26 00:00:00+00:00,0.011198380198508495
2025-09-29 00:00:00+00:00,0.0072146903059470135
2025-09-30 00:00:00+00:00,0.0033718281378865567
2025-10-01 00:00:00+00:00,-0.010830896720250893
2025-10-02 00:00:00+00:00,-0.0011656523834241983
2025-10-03 00:00:00+00:00,0.0032768828451830156
2025-10-06 00:00:00+00:00,-0.0002503120705712736
2025-10-07 00:00:00+00:00,-0.0008779494942462718
2025-10-08 00:00:00+00:00,0.004532176677063959
2025-10-09 00:00:00+00:00,-0.008107594937111218
2025-10-10 00:00:00+00:00,-0.011462414073490634
2025-10-13 00:00:00+00:00,0.014969889667675873
2025-10-14 00:00:00+00:00,0.0037801339216861074
2025-10-15 00:00:00+00:00,0.010071611119810364
2025-10-16 00:00:00+00:00,0.0007110546197683087
2025-10-17 00:00:00+00:00,-0.004419865203436846
2025-10-20 00:00:00+00:00,0.014132329890764045
2025-10-21 00:00:00+00:00,-0.01876803543694011
2025-10-22 00:00:00+00:00,-0.0018699093930298893
2025-10-23 00:00:00+00:00,0.0026282297416655998
2025-10-24 00:00:00+00:00,6.339058632970351e-05
2025-10-27 00:00:00+00:00,0.0012304967415955326
2025-10-28 00:00:00+00:00,-0.0017208541936125643
2025-10-29 00:00:00+00:00,-0.004585252028794395
2025-10-30 00:00:00+00:00,-0.0012480514486540861
2025-10-31 00:00:00+00:00,-0.00036529727296824577
2025-11-03 00:00:00+00:00,-0.0025629312952180905
2025-11-04 00:00:00+00:00,-0.014884995199467288
2025-11-05 00:00:00+00:00,0.011047388364149702
2025-11-06 00:00:00+00:00,-0.008353813162838342
2025-11-07 00:00:00+00:00,0.0031931867843886796
2025-11-10 00:00:00+00:00,0.016170140844679437
2025-11-11 00:00:00+00:00,0.006147344871308802
2025-11-12 00:00:00+00:00,-0.0008950445976177168
2025-11-13 00:00:00+00:00,-0.014661461989677493
2025-11-14 00:00:00+00:00,-0.005084886396104882
2025-11-17 00:00:00+00:00,-0.012136522717343029
2025-11-18 00:00:00+00:00,0.0022058487173983454
2025-11-19 00:00:00+00:00,0.0011342558295526495
2025-11-20 00:00:00+00:00,-0.013472382169270186
2025-11-21 00:00:00+00:00,0.005041046668319227
2025-11-24 00:00:00+00:00,0.014328784156075858
2025-11-25 00:00:00+00:00,0.00795299282923087
2025-11-26 00:00:00+00:00,0.005788661207849877
2025-11-28 00:00:00+00:00,0.009275717569069586
2025-12-01 00:00:00+00:00,0.0010309116074135318
2025-12-02 00:00:00+00:00,0.0019705567122753065
2025-12-03 00:00:00+00:00,-0.0004707172321780084
2025-12-04 00:00:00+00:00,0.002471383373427949
2025-12-05 00:00:00+00:00,0.0027619522492942916
2025-12-08 00:00:00+00:00,0.0004029690122069607
2025-12-09 00:00:00+00:00,0.003827341200497436
2025-12-10 00:00:00+00:00,0.00423047707690119
2025-12-11 00:00:00+00:00,0.007550740292579489
2025-12-12 00:00:00+00:00,-0.010049672583390595
2025-12-15 00:00:00+00:00,-0.0036709392163593035
2025-12-16 00:00:00+00:00,-0.004222621452671271
2025-12-17 00:00:00+00:00,-0.008244099446002295
2025-12-18 00:00:00+00:00,0.011075401751985514
2025-12-19 00:00:00+00:00,0.008494355095643558
2025-12-22 00:00:00+00:00,0.012462970050690636
2025-12-23 00:00:00+00:00,0.009957989995495742
2025-12-24 00:00:00+00:00,-0.0002443779842010163
2025-12-26 00:00:00+00:00,0.005762586691516025
2025-12-29 00:00:00+00:00,-0.01489555192392611
2025-12-30 00:00:00+00:00,-0.0032167835798279087
2025-12-31 00:00:00+00:00,-0.0054427927328049575
2026-01-02 00:00:00+00:00,0.012557807779580626
2026-01-05 00:00:00+00:00,0.017216809649374276
2026-01-06 00:00:00+00:00,0.005076954013255308
2026-01-07 00:00:00+00:00,-0.007790800021887506
2026-01-08 00:00:00+00:00,0.004847052312458411
2026-01-09 00:00:00+00:00,0.0064233205533048565
2026-01-12 00:00:00+00:00,0.010715941485822389
2026-01-13 00:00:00+00:00,-0.004800397540191931
2026-01-14 00:00:00+00:00,0.012557378387218154
2026-01-15 00:00:00+00:00,0.0010049100976885217
2026-01-16 00:00:00+00:00,-0.0010156895920698517
2026-01-20 00:00:00+00:00,0.01249224581194136
2026-01-21 00:00:00+00:00,0.020709935787773803
2026-01-22 00:00:00+00:00,0.014436571873096493
2026-01-23 00:00:00+00:00,0.01055188685583952
2026-01-26 00:00:00+00:00,0.0062544152080487025
2026-01-27 00:00:00+00:00,0.02359813231844332
2026-01-28 00:00:00+00:00,0.017088667323370943
2026-01-29 00:00:00+00:00,-0.0028571933063356036
2026-01-30 00:00:00+00:00,-0.04892301829874135
2026-02-02 00:00:00+00:00,-0.0054519954524964165
2026-02-03 00:00:00+00:00,0.03222164767503383
2026-02-04 00:00:00+00:00,-0.01538644350590257
2026-02-05 00:00:00+00:00,-0.00954172324407987
2026-02-06 00:00:00+00:00,0.02855546125450431
2026-02-09 00:00:00+00:00,0.016410123712030766
2026-02-10 00:00:00+00:00,-0.0033460693255489282
2026-02-11 00:00:00+00:00,0.012951581320826355
2026-02-12 00:00:00+00:00,-0.01821849250540819
2026-02-13 00:00:00+00:00,0.007966978898989896
2026-02-17 00:00:00+00:00,-0.011750103810613671
2026-02-18 00:00:00+00:00,0.006969468933487127
2026-02-19 00:00:00+00:00,0.003243210198342561
2026-02-20 00:00:00+00:00,0.019208271854078307
2026-02-23 00:00:00+00:00,-0.005024509634407814
2026-02-24 00:00:00+00:00,0.007591360846477158
2026-02-25 00:00:00+00:00,0.00313675820288864
2026-02-26 00:00:00+00:00,-0.0026669494779023584
2026-02-27 00:00:00+00:00,0.0012667315280179836
2026-03-02 00:00:00+00:00,-0.006236747061245829
2026-03-03 00:00:00+00:00,-0.04831683587380961
2026-03-04 00:00:00+00:00,0.01762479024421526
2026-03-05 00:00:00+00:00,-0.025087128662111297
2026-03-06 00:00:00+00:00,-0.003019790859193433
2026-03-09 00:00:00+00:00,0.010638026658722988
2026-03-10 00:00:00+00:00,0.009644804276775554
2026-03-11 00:00:00+00:00,9.040124577322506e-05
2026-03-12 00:00:00+00:00,-0.031241770651218553
2026-03-13 00:00:00+00:00,-0.010470164916965119
2026-03-16 00:00:00+00:00,0.01975475742965191
2026-03-17 00:00:00+00:00,0.0029382117040096245
2026-03-18 00:00:00+00:00,-0.019444620904516347
2026-03-19 00:00:00+00:00,-0.00907922004794931
2026-03-20 00:00:00+00:00,-0.034093996841410124
2026-03-23 00:00:00+00:00,0.019019901462845268
2026-03-24 00:00:00+00:00,0.0001703233629515577
2026-03-25 00:00:00+00:00,0.026750040604284764
2026-03-26 00:00:00+00:00,-0.029036698642214837
2026-03-27 00:00:00+00:00,0.0023765927648096985
2026-03-30 00:00:00+00:00,0.001098590502457919
2026-03-31 00:00:00+00:00,0.038289754733420556
2026-04-01 00:00:00+00:00,0.009970040460414858
2026-04-02 00:00:00+00:00,-0.008579402967363231
2026-04-06 00:00:00+00:00,0.0028068149787050523
2026-04-07 00:00:00+00:00,0.0019354109090670701
2026-04-08 00:00:00+00:00,0.032814771182260005
2026-04-09 00:00:00+00:00,0.008487189586048272
2026-04-10 00:00:00+00:00,0.005839491680787456
2026-04-13 00:00:00+00:00,0.0015820270155730842
2026-04-14 00:00:00+00:00,0.009907459350666531
2026-04-15 00:00:00+00:00,-0.0022201097191589247
2026-04-16 00:00:00+00:00,-0.0004724334993402579
2026-04-17 00:00:00+00:00,0.0076420779009928885
2026-04-20 00:00:00+00:00,-0.0017880702891492906
2026-04-21 00:00:00+00:00,-0.019730931408163066
2026-04-22 00:00:00+00:00,0.007681480562398563
2026-04-23 00:00:00+00:00,-0.01186417454847577
2026-04-24 00:00:00+00:00,0.008690011269348374
2026-04-27 00:00:00+00:00,-0.007040630577303281
2026-04-28 00:00:00+00:00,-0.01107436800103595
2026-04-29 00:00:00+00:00,-0.013291962053869233
2026-04-30 00:00:00+00:00,0.019167559359932085
2026-05-01 00:00:00+00:00,-0.004866870028264858
2026-05-04 00:00:00+00:00,-0.008476295919102567
2026-05-05 00:00:00+00:00,0.013001029685603072
2026-05-06 00:00:00+00:00,0.00479591280213526
2026-05-07 00:00:00+00:00,-0.011016957170319752
2026-05-08 00:00:00+00:00,0.0031924203800640927
2026-05-11 00:00:00+00:00,0.005260877159656174
2026-05-12 00:00:00+00:00,-0.002672901770042896
2026-05-13 00:00:00+00:00,-0.009812535299071973
2026-05-14 00:00:00+00:00,-0.001578245983929194
2026-05-15 00:00:00+00:00,-0.011631427675260347
2026-05-18 00:00:00+00:00,0.011231130131684253
2026-05-19 00:00:00+00:00,-0.00821389321489649
2026-05-20 00:00:00+00:00,0.006496538120152079
2026-05-21 00:00:00+00:00,-0.003349228406938909
2026-05-22 00:00:00+00:00,-0.004830146559691273
2026-05-26 00:00:00+00:00,-0.002421814687426971
2026-05-27 00:00:00+00:00,-0.00742813293085276
2026-05-28 00:00:00+00:00,8.72156909940136e-05
2026-05-29 00:00:00+00:00,-0.002852718975264845
2026-06-01 00:00:00+00:00,0.013911976815529692
2026-06-02 00:00:00+00:00,0.00934789963014887
2026-06-03 00:00:00+00:00,-0.010335117957401857
2026-06-04 00:00:00+00:00,-0.005649651564253844
2026-06-05 00:00:00+00:00,-0.04310380740478234
2026-06-08 00:00:00+00:00,0.010378604058295049
2026-06-09 00:00:00+00:00,-0.006684484513315464
2026-06-10 00:00:00+00:00,-0.007416977322292129
2026-06-11 00:00:00+00:00,0.023066818116706855
2026-06-12 00:00:00+00:00,0.007541779646751012
2026-06-15 00:00:00+00:00,0.008062894300955498
2026-06-16 00:00:00+00:00,-0.013467275128767858
2026-06-17 00:00:00+00:00,-0.006445121666209641
2026-06-18 00:00:00+00:00,0.008819656795824526
2026-06-22 00:00:00+00:00,0.009873024466867386
2026-06-23 00:00:00+00:00,-0.023565501944253192
2026-06-24 00:00:00+00:00,-0.007531330467313302
2026-06-25 00:00:00+00:00,0.009579306210096672
2026-06-26 00:00:00+00:00,-0.005090636922293779
2026-06-29 00:00:00+00:00,0.00475601462519834
2026-06-30 00:00:00+00:00,0.007968776090856416
2026-07-01 00:00:00+00:00,-0.013416527167089659
2026-07-02 00:00:00+00:00,-0.006081513044477599
2026-07-06 00:00:00+00:00,0.014994599015693943
2026-07-07 00:00:00+00:00,-0.018125692073437116
2026-07-08 00:00:00+00:00,0.0007368727770870886
2026-07-09 00:00:00+00:00,0.013213094020502358
2026-07-10 00:00:00+00:00,-0.000795569565311266
2026-07-13 00:00:00+00:00,-0.023695680824259713
2026-07-14 00:00:00+00:00,0.012057717605594931
2026-07-15 00:00:00+00:00,-0.0019542418368537484
2026-07-16 00:00:00+00:00,-0.015965226332102456
2026-07-17 00:00:00+00:00,-0.005170881172568004
2026-07-20 00:00:00+00:00,-0.0007831765597257345
2026-07-21 00:00:00+00:00,0.022735991955651125
2026-07-22 00:00:00+00:00,-0.0014880481721836758
2026-07-23 00:00:00+00:00,-0.010482465814322245
2026-07-24 00:00:00+00:00,-0.009046984039466827
2026-07-27 00:00:00+00:00,0.002228069918019049
2026-07-28 00:00:00+00:00,-0.012672936547790808
2026-07-29 00:00:00+00:00,-0.014709277261809095
2026-07-30 00:00:00+00:00,0.03164283010261837
2026-07-31 00:00:00+00:00,-0.0034877633316628964
2026-08-03 00:00:00+00:00,0.007223184933078386
2026-08-04 00:00:00+00:00,0.021339032956959464
2026-08-05 00:00:00+00:00,-0.0038537888138529264
2026-08-06 00:00:00+00:00,-0.006787369350181066
2026-08-07 00:00:00+00:00,0.005438389196013971
2026-08-10 00:00:00+00:00,-0.006355535809413643
2026-08-11 00:00:00+00:00,-0.00706571070738557
2026-08-12 00:00:00+00:00,0.008202585723981776
2026-08-13 00:00:00+00:00,0.0033438312450270458
2026-08-14 00:00:00+00:00,0.0012357932552238826
2026-08-17 00:00:00+00:00,0.0025233662987870775
2026-08-18 00:00:00+00:00,-0.018662870114841246
2026-08-19 00:00:00+00:00,0.005674397839098899
2026-08-20 00:00:00+00:00,-0.003037909905687697
2026-08-21 00:00:00+00:00,0.010823275487708894
2026-08-24 00:00:00+00:00,-0.009082161934556437
2026-08-25 00:00:00+00:00,0.012761682037720934
2026-08-26 00:00:00+00:00,-0.00014974070592174704
2026-08-27 00:00:00+00:00,0.010542932219334333
2026-08-28 00:00:00+00:00,-0.010461911129286766
2026-08-31 00:00:00+00:00,0.002480731003853015
2026-09-01 00:00:00+00:00,0.0018965831434799298
2026-09-02 00:00:00+00:00,0.013033163057770275
2026-09-03 00:00:00+00:00,0.002837698146302997
2026-09-04 00:00:00+00:00,0.0023818138419718082
2026-09-08 00:00:00+00:00,0.00898394540191999
2026-09-09 00:00:00+00:00,-0.002683443122740159
2026-09-10 00:00:00+00:00,-0.007166236418683775
2026-09-11 00:00:00+00:00,0.004850893980887477
2026-09-14 00:00:00+00:00,-0.016751242000489025
2026-09-15 00:00:00+00:00,0.004217594447855022
2026-09-16 00:00:00+00:00,-0.009083371589666489
2026-09-17 00:00:00+00:00,0.013631635506928974
2026-09-18 00:00:00+00:00,0.0003790740427644379
2026-09-21 00:00:00+00:00,0.011851966104494294
2026-09-22 00:00:00+00:00,0.0013285261160073392
2026-09-23 00:00:00+00:00,-0.009641508831402579
2026-09-24 00:00:00+00:00,-0.004660102538655925
2026-09-25 00:00:00+00:00,0.0018707387488436367
2026-09-28 00:00:00+00:00,-0.008984861048712933
2026-09-29 00:00:00+00:00,0.0002461922435822994
