entrada,salida,lado,R,ret,velas
2019-07-16 15:30:00+00:00,2019-07-16 19:45:00+00:00,-1,0.09056005341792202,0.0009056005341792202,17
2019-07-17 14:15:00+00:00,2019-07-17 19:45:00+00:00,-1,0.32551168964632693,0.0032551168964632692,22
2019-07-18 15:30:00+00:00,2019-07-18 18:30:00+00:00,-1,-1.0,-0.01,12
2019-07-19 14:15:00+00:00,2019-07-19 19:45:00+00:00,-1,1.2048010380622767,0.012048010380622767,22
2019-07-22 18:00:00+00:00,2019-07-22 19:45:00+00:00,1,-0.09286614393727148,-0.0009286614393727149,8
2019-07-23 14:15:00+00:00,2019-07-23 17:30:00+00:00,-1,-0.9999999999999961,-0.009999999999999962,13
2019-07-24 14:45:00+00:00,2019-07-24 19:45:00+00:00,1,0.7216335540838997,0.007216335540838998,20
2019-07-25 16:45:00+00:00,2019-07-25 19:45:00+00:00,-1,-0.2164392605633758,-0.002164392605633758,13
2019-07-26 19:00:00+00:00,2019-07-26 19:45:00+00:00,1,-0.022729381204187247,-0.00022729381204187249,4
2019-07-29 14:15:00+00:00,2019-07-29 17:00:00+00:00,-1,-1.0,-0.01,11
2019-07-30 15:15:00+00:00,2019-07-30 19:45:00+00:00,1,-0.22960638904736175,-0.0022960638904736177,18
2019-07-31 14:15:00+00:00,2019-07-31 17:45:00+00:00,1,-0.9999999999999865,-0.009999999999999865,14
2019-08-01 14:15:00+00:00,2019-08-01 17:30:00+00:00,1,-0.9999999999999934,-0.009999999999999934,13
2019-08-02 14:15:00+00:00,2019-08-02 19:45:00+00:00,-1,-0.08857949319717642,-0.0008857949319717643,22
2019-08-05 14:45:00+00:00,2019-08-05 19:45:00+00:00,-1,0.28914494938616747,0.0028914494938616746,20
2019-08-06 14:15:00+00:00,2019-08-06 19:45:00+00:00,-1,-0.5245980507790569,-0.005245980507790569,22
2019-08-07 14:15:00+00:00,2019-08-07 19:45:00+00:00,1,0.720094970861212,0.00720094970861212,22
2019-08-08 14:15:00+00:00,2019-08-08 19:45:00+00:00,1,1.3747019159608664,0.013747019159608664,22
2019-08-09 14:30:00+00:00,2019-08-09 19:45:00+00:00,-1,-0.6334246575342436,-0.006334246575342436,21
2019-08-12 15:15:00+00:00,2019-08-12 19:45:00+00:00,-1,0.09060231567580626,0.0009060231567580626,18
2019-08-13 14:30:00+00:00,2019-08-13 19:45:00+00:00,1,-0.35060120458351096,-0.0035060120458351098,21
2019-08-14 14:15:00+00:00,2019-08-14 19:45:00+00:00,-1,0.7127818700081813,0.007127818700081813,22
2019-08-15 18:00:00+00:00,2019-08-15 19:45:00+00:00,-1,-0.6442335639132805,-0.006442335639132804,8
2019-08-16 14:30:00+00:00,2019-08-16 19:45:00+00:00,1,0.4828035219709778,0.004828035219709779,21
2019-08-19 14:15:00+00:00,2019-08-19 19:45:00+00:00,-1,-0.7449554083005215,-0.007449554083005215,22
2019-08-20 15:00:00+00:00,2019-08-20 19:45:00+00:00,1,-0.4890088864322423,-0.0048900888643224226,19
2019-08-21 19:00:00+00:00,2019-08-21 19:45:00+00:00,-1,-0.26255908170154624,-0.0026255908170154624,4
2019-08-22 14:15:00+00:00,2019-08-22 19:45:00+00:00,-1,0.03030045832625527,0.00030300458326255273,22
2019-08-23 14:15:00+00:00,2019-08-23 15:00:00+00:00,1,-1.000000000000001,-0.01000000000000001,4
2019-08-26 14:15:00+00:00,2019-08-26 19:45:00+00:00,-1,-0.297552855573867,-0.00297552855573867,22
2019-08-27 14:30:00+00:00,2019-08-27 19:45:00+00:00,-1,0.577993648421436,0.00577993648421436,21
2019-08-28 14:15:00+00:00,2019-08-28 19:45:00+00:00,1,0.33084641587678915,0.0033084641587678917,22
2019-08-29 14:45:00+00:00,2019-08-29 19:45:00+00:00,-1,-0.4895838368215072,-0.004895838368215072,20
2019-08-30 14:15:00+00:00,2019-08-30 19:45:00+00:00,-1,0.781138545953359,0.00781138545953359,22
2019-09-02 14:30:00+00:00,2019-09-02 15:45:00+00:00,1,-0.9999999999999961,-0.009999999999999962,6
2019-09-03 14:15:00+00:00,2019-09-03 19:45:00+00:00,-1,-0.1399773132393469,-0.001399773132393469,22
2019-09-04 14:15:00+00:00,2019-09-04 16:45:00+00:00,-1,-0.9999999999999908,-0.009999999999999908,10
2019-09-05 14:15:00+00:00,2019-09-05 19:45:00+00:00,1,0.03002593602447178,0.0003002593602447178,22
2019-09-09 16:30:00+00:00,2019-09-09 19:45:00+00:00,-1,-0.11219981875849255,-0.0011219981875849256,14
2019-09-10 17:00:00+00:00,2019-09-10 19:45:00+00:00,1,-0.2672262245355161,-0.002672262245355161,12
2019-09-11 14:15:00+00:00,2019-09-11 19:45:00+00:00,1,0.21018766756032317,0.0021018766756032317,22
2019-09-12 14:30:00+00:00,2019-09-12 19:45:00+00:00,1,-0.4086643670487066,-0.004086643670487066,21
2019-09-13 18:00:00+00:00,2019-09-13 19:45:00+00:00,-1,-0.21698257025256645,-0.0021698257025256646,8
2019-09-18 17:00:00+00:00,2019-09-18 19:30:00+00:00,-1,-1.0000000000000042,-0.010000000000000042,11
2019-09-19 14:30:00+00:00,2019-09-19 17:30:00+00:00,1,-0.9999999999999947,-0.009999999999999946,12
2019-09-20 14:45:00+00:00,2019-09-20 19:45:00+00:00,-1,1.4991471651770547,0.014991471651770547,20
2019-09-23 14:15:00+00:00,2019-09-23 16:30:00+00:00,-1,-1.0000000000000087,-0.010000000000000087,9
2019-09-24 14:30:00+00:00,2019-09-24 19:45:00+00:00,-1,3.3966559943081065,0.033966559943081065,21
2019-09-25 15:00:00+00:00,2019-09-25 19:45:00+00:00,1,1.1514728288471299,0.011514728288471299,19
2019-09-26 15:15:00+00:00,2019-09-26 19:45:00+00:00,-1,-0.5643347656720578,-0.005643347656720578,18
2019-09-27 14:15:00+00:00,2019-09-27 19:45:00+00:00,-1,1.4444024919765985,0.014444024919765985,22
2019-09-30 15:30:00+00:00,2019-09-30 19:45:00+00:00,1,0.11349271777959348,0.0011349271777959349,17
2019-10-01 14:15:00+00:00,2019-10-01 19:45:00+00:00,-1,0.9184546136534303,0.009184546136534303,22
2019-10-02 14:45:00+00:00,2019-10-02 19:45:00+00:00,-1,-0.022015855882688135,-0.00022015855882688136,20
2019-10-03 14:15:00+00:00,2019-10-03 15:00:00+00:00,-1,-0.9999999999999983,-0.009999999999999983,4
2019-10-04 15:15:00+00:00,2019-10-04 19:45:00+00:00,1,0.46596965273769525,0.0046596965273769525,18
2019-10-07 14:30:00+00:00,2019-10-07 19:45:00+00:00,1,-0.3401681798793692,-0.003401681798793692,21
2019-10-08 18:45:00+00:00,2019-10-08 19:45:00+00:00,1,-0.8317657032133128,-0.008317657032133129,5
2019-10-09 16:30:00+00:00,2019-10-09 19:45:00+00:00,1,0.029636419187283644,0.00029636419187283644,14
2019-10-10 15:00:00+00:00,2019-10-10 18:00:00+00:00,1,-1.000000000000002,-0.010000000000000021,12
2019-10-11 14:15:00+00:00,2019-10-11 16:30:00+00:00,1,-0.9999999999999909,-0.00999999999999991,9
2019-10-14 14:45:00+00:00,2019-10-14 19:45:00+00:00,1,-0.2501400246443392,-0.002501400246443392,20
2019-10-15 14:15:00+00:00,2019-10-15 19:45:00+00:00,1,0.8659653224235178,0.008659653224235177,22
2019-10-16 14:30:00+00:00,2019-10-16 19:45:00+00:00,1,-0.2876329787233921,-0.0028763297872339212,21
2019-10-17 14:30:00+00:00,2019-10-17 19:45:00+00:00,-1,0.19537042618603218,0.0019537042618603217,21
2019-10-18 14:15:00+00:00,2019-10-18 19:45:00+00:00,-1,1.1463425757022998,0.011463425757022997,22
2019-10-21 15:30:00+00:00,2019-10-21 19:45:00+00:00,1,0.069036963368136,0.00069036963368136,17
2019-10-22 15:00:00+00:00,2019-10-22 19:45:00+00:00,-1,1.4965447006619599,0.014965447006619599,19
2019-10-23 15:30:00+00:00,2019-10-23 19:45:00+00:00,1,-0.176600261267152,-0.00176600261267152,17
2019-10-24 15:30:00+00:00,2019-10-24 19:45:00+00:00,1,-0.03870202049441039,-0.0003870202049441039,17
2019-10-25 14:15:00+00:00,2019-10-25 19:45:00+00:00,1,1.4059449162632345,0.014059449162632345,22
2019-10-28 14:30:00+00:00,2019-10-28 19:45:00+00:00,1,0.4636103151862596,0.004636103151862596,21
2019-10-29 14:15:00+00:00,2019-10-29 19:45:00+00:00,-1,0.6368187292984097,0.006368187292984097,22
2019-10-30 18:00:00+00:00,2019-10-30 18:45:00+00:00,-1,-1.000000000000003,-0.010000000000000031,4
2019-10-31 14:15:00+00:00,2019-10-31 19:45:00+00:00,-1,-0.2173350582147487,-0.002173350582147487,22
2019-11-01 14:15:00+00:00,2019-11-01 19:45:00+00:00,1,-0.22641088556770653,-0.002264108855677065,22
2019-11-04 15:15:00+00:00,2019-11-04 20:45:00+00:00,-1,-0.2040181097906178,-0.002040181097906178,22
2019-11-05 15:15:00+00:00,2019-11-05 20:45:00+00:00,-1,-0.6374286801064967,-0.006374286801064967,22
2019-11-06 15:30:00+00:00,2019-11-06 20:45:00+00:00,-1,-0.22291313359711618,-0.002229131335971162,21
2019-11-07 15:30:00+00:00,2019-11-07 19:30:00+00:00,1,-0.999999999999974,-0.00999999999999974,17
2019-11-08 15:45:00+00:00,2019-11-08 20:45:00+00:00,1,0.2447110916744334,0.002447110916744334,21
2019-11-11 15:15:00+00:00,2019-11-11 20:45:00+00:00,1,0.34202072538853273,0.0034202072538853275,23
2019-11-12 15:15:00+00:00,2019-11-12 19:45:00+00:00,1,-0.9999999999999896,-0.009999999999999896,19
2019-11-13 15:30:00+00:00,2019-11-13 20:45:00+00:00,1,0.06301939058169266,0.0006301939058169266,22
2019-11-14 15:15:00+00:00,2019-11-14 16:30:00+00:00,1,-0.9999999999999917,-0.009999999999999917,6
2019-11-15 16:15:00+00:00,2019-11-15 20:45:00+00:00,1,-0.40256273358249545,-0.004025627335824954,19
2019-11-18 16:45:00+00:00,2019-11-18 20:45:00+00:00,1,0.12218924493184605,0.0012218924493184605,17
2019-11-19 16:00:00+00:00,2019-11-19 16:30:00+00:00,-1,-1.0000000000000073,-0.010000000000000073,3
2019-11-20 15:45:00+00:00,2019-11-20 17:45:00+00:00,1,-1.0000000000000129,-0.010000000000000129,9
2019-11-21 15:30:00+00:00,2019-11-21 20:45:00+00:00,-1,-0.27415337325774103,-0.00274153373257741,22
2019-11-22 15:15:00+00:00,2019-11-22 20:45:00+00:00,-1,0.07120063821298205,0.0007120063821298205,23
2019-11-25 15:15:00+00:00,2019-11-25 20:45:00+00:00,1,0.3139682539682407,0.003139682539682407,23
2019-11-26 16:15:00+00:00,2019-11-26 20:45:00+00:00,1,-0.03760467688420003,-0.0003760467688420003,19
2019-11-27 15:15:00+00:00,2019-11-27 20:45:00+00:00,1,1.1121973929236761,0.011121973929236762,23
2019-11-28 16:00:00+00:00,2019-11-28 23:30:00+00:00,-1,-1.0,-0.01,11
2019-11-29 17:15:00+00:00,2019-12-02 02:30:00+00:00,-1,-0.9999999999999761,-0.00999999999999976,17
2019-12-02 15:15:00+00:00,2019-12-02 20:45:00+00:00,-1,-0.036712689661926055,-0.00036712689661926056,23
2019-12-03 18:15:00+00:00,2019-12-03 20:45:00+00:00,1,0.20184512161029552,0.002018451216102955,11
2019-12-05 15:15:00+00:00,2019-12-05 20:30:00+00:00,-1,-1.0,-0.01,22
2019-12-06 16:30:00+00:00,2019-12-06 20:45:00+00:00,1,0.2718404374301004,0.002718404374301004,18
2019-12-09 19:15:00+00:00,2019-12-09 20:45:00+00:00,-1,-0.12931861804224007,-0.0012931861804224007,7
2019-12-10 15:15:00+00:00,2019-12-10 20:45:00+00:00,1,-0.4990333494441768,-0.004990333494441768,23
2019-12-11 19:15:00+00:00,2019-12-11 20:45:00+00:00,1,0.3169937769267388,0.003169937769267388,7
2019-12-12 15:15:00+00:00,2019-12-12 16:45:00+00:00,1,-1.000000000000008,-0.01000000000000008,7
2019-12-13 15:15:00+00:00,2019-12-13 20:45:00+00:00,1,0.01979363032045826,0.0001979363032045826,23
2019-12-16 15:15:00+00:00,2019-12-16 20:45:00+00:00,1,-0.013397475688008238,-0.00013397475688008237,23
2019-12-18 16:30:00+00:00,2019-12-18 20:45:00+00:00,1,-0.29509283819627075,-0.0029509283819627074,18
2019-12-19 15:30:00+00:00,2019-12-19 20:45:00+00:00,1,0.8401515151515819,0.008401515151515819,22
2019-12-20 18:15:00+00:00,2019-12-20 20:45:00+00:00,1,-0.6431177446103337,-0.006431177446103337,11
2019-12-23 16:45:00+00:00,2019-12-23 20:45:00+00:00,1,-0.6471164936562065,-0.0064711649365620655,17
2019-12-30 15:15:00+00:00,2019-12-30 17:15:00+00:00,-1,-1.000000000000016,-0.01000000000000016,9
2020-01-02 19:30:00+00:00,2020-01-02 20:45:00+00:00,1,0.2941325667906842,0.0029413256679068425,6
2020-01-03 17:15:00+00:00,2020-01-03 20:45:00+00:00,1,-0.2554027155754667,-0.002554027155754667,15
2020-01-06 15:15:00+00:00,2020-01-06 20:45:00+00:00,1,0.7309645921688569,0.007309645921688569,23
2020-01-07 16:15:00+00:00,2020-01-07 20:45:00+00:00,1,-0.14835614080386406,-0.0014835614080386406,19
2020-01-08 16:30:00+00:00,2020-01-08 20:45:00+00:00,1,0.9074412930771368,0.009074412930771368,18
2020-01-09 17:30:00+00:00,2020-01-09 20:45:00+00:00,-1,-0.32498802745701105,-0.0032498802745701107,14
2020-01-10 17:15:00+00:00,2020-01-10 20:45:00+00:00,-1,0.3127163991186737,0.0031271639911867374,15
2020-01-13 16:30:00+00:00,2020-01-13 20:45:00+00:00,1,0.6336688351540425,0.006336688351540425,18
2020-01-14 17:45:00+00:00,2020-01-14 20:45:00+00:00,1,-0.4591732148958225,-0.004591732148958225,13
2020-01-15 15:45:00+00:00,2020-01-15 20:15:00+00:00,1,-0.9999999999999951,-0.009999999999999952,19
2020-01-16 16:15:00+00:00,2020-01-16 20:45:00+00:00,-1,-0.8745054945054836,-0.008745054945054837,19
2020-01-17 16:15:00+00:00,2020-01-17 20:45:00+00:00,-1,-0.6820212171971107,-0.0068202121719711075,19
2020-01-20 16:45:00+00:00,2020-01-21 01:00:00+00:00,1,-1.000000000000031,-0.01000000000000031,13
2020-01-21 16:15:00+00:00,2020-01-21 20:45:00+00:00,1,-0.15402644651229783,-0.0015402644651229783,19
2020-01-22 15:45:00+00:00,2020-01-22 20:00:00+00:00,1,-0.9999999999999871,-0.009999999999999872,18
2020-01-23 15:15:00+00:00,2020-01-23 20:45:00+00:00,1,0.35285409183572297,0.00352854091835723,23
2020-01-24 15:30:00+00:00,2020-01-24 20:45:00+00:00,-1,2.4217640731444465,0.024217640731444466,22
2020-01-27 17:15:00+00:00,2020-01-27 20:45:00+00:00,1,-0.2390158943886672,-0.002390158943886672,15
2020-01-28 15:30:00+00:00,2020-01-28 20:45:00+00:00,1,0.9609469458819031,0.009609469458819032,22
2020-01-29 15:15:00+00:00,2020-01-29 17:15:00+00:00,-1,-1.0000000000000049,-0.010000000000000049,9
2020-01-30 16:00:00+00:00,2020-01-30 20:15:00+00:00,-1,-0.9999999999999973,-0.009999999999999974,18
2020-01-31 15:15:00+00:00,2020-01-31 20:45:00+00:00,-1,1.0057187068994695,0.010057187068994696,23
2020-02-03 15:15:00+00:00,2020-02-03 20:45:00+00:00,1,-0.15290771957301702,-0.0015290771957301701,23
2020-02-04 15:30:00+00:00,2020-02-04 20:45:00+00:00,1,0.9731205375892381,0.009731205375892381,22
2020-02-05 15:15:00+00:00,2020-02-05 20:45:00+00:00,-1,-0.13251058309434022,-0.0013251058309434022,23
2020-02-06 16:00:00+00:00,2020-02-06 20:45:00+00:00,1,0.24738597608965276,0.0024738597608965278,20
2020-02-07 15:45:00+00:00,2020-02-07 20:45:00+00:00,1,-0.27562070787109016,-0.0027562070787109016,21
2020-02-10 15:30:00+00:00,2020-02-10 20:45:00+00:00,1,0.6353202440745135,0.006353202440745135,22
2020-02-11 15:15:00+00:00,2020-02-11 19:00:00+00:00,1,-1.0000000000000102,-0.010000000000000103,16
2020-02-12 16:30:00+00:00,2020-02-12 20:45:00+00:00,1,0.10096768303815748,0.0010096768303815748,18
2020-02-13 15:45:00+00:00,2020-02-13 20:45:00+00:00,1,0.06715778653417209,0.0006715778653417209,21
2020-02-14 15:15:00+00:00,2020-02-14 20:45:00+00:00,-1,-0.3598777249428599,-0.0035987772494285994,23
2020-02-17 16:00:00+00:00,2020-02-17 23:00:00+00:00,1,-2.190123950420006,-0.02190123950420006,9
2020-02-18 15:15:00+00:00,2020-02-18 20:45:00+00:00,1,0.29578814766126704,0.0029578814766126706,23
2020-02-19 15:45:00+00:00,2020-02-19 20:45:00+00:00,1,0.17936925098554163,0.0017936925098554163,21
2020-02-20 15:15:00+00:00,2020-02-20 16:00:00+00:00,1,-0.9999999999999901,-0.009999999999999901,4
2020-02-21 18:15:00+00:00,2020-02-21 20:45:00+00:00,-1,0.30769999250731217,0.003076999925073122,11
2020-02-24 15:15:00+00:00,2020-02-24 18:15:00+00:00,1,-1.000000000000005,-0.01000000000000005,13
2020-02-25 15:30:00+00:00,2020-02-25 20:45:00+00:00,-1,1.4634123882215644,0.014634123882215645,22
2020-02-26 15:45:00+00:00,2020-02-26 18:30:00+00:00,1,-1.0000000000000027,-0.010000000000000026,12
2020-02-27 15:30:00+00:00,2020-02-27 17:30:00+00:00,-1,-0.9999999999999973,-0.009999999999999974,9
2020-02-28 16:30:00+00:00,2020-02-28 20:45:00+00:00,1,-0.28623799872416616,-0.0028623799872416616,18
2020-03-02 16:15:00+00:00,2020-03-02 20:45:00+00:00,1,0.3547009000031823,0.003547009000031823,19
2020-03-03 15:45:00+00:00,2020-03-03 18:15:00+00:00,1,-0.9999999999999983,-0.009999999999999983,11
2020-03-04 15:30:00+00:00,2020-03-04 20:45:00+00:00,1,0.5215269617443583,0.005215269617443583,22
2020-03-05 15:30:00+00:00,2020-03-05 20:15:00+00:00,1,-1.0000000000000049,-0.010000000000000049,20
2020-03-06 15:30:00+00:00,2020-03-06 20:45:00+00:00,1,-0.30324261569198396,-0.0030324261569198395,22
2020-03-09 14:15:00+00:00,2020-03-09 18:30:00+00:00,1,-1.0000000000000009,-0.010000000000000009,18
2020-03-10 14:15:00+00:00,2020-03-10 15:15:00+00:00,1,-1.0000000000000007,-0.010000000000000007,5
2020-03-11 14:45:00+00:00,2020-03-11 19:45:00+00:00,-1,0.4184137921375822,0.004184137921375822,21
2020-03-12 15:00:00+00:00,2020-03-12 19:45:00+00:00,1,-0.7051890996403546,-0.007051890996403546,20
2020-03-13 15:00:00+00:00,2020-03-13 19:45:00+00:00,-1,-0.6080368787132296,-0.006080368787132297,20
2020-03-16 14:45:00+00:00,2020-03-16 19:45:00+00:00,1,-0.1836645987276253,-0.0018366459872762532,21
2020-03-17 15:15:00+00:00,2020-03-17 19:45:00+00:00,1,0.21623442812480645,0.0021623442812480644,19
2020-03-18 14:30:00+00:00,2020-03-18 16:45:00+00:00,1,-1.0,-0.01,10
2020-03-19 14:15:00+00:00,2020-03-19 19:45:00+00:00,1,0.21570552775832968,0.002157055277583297,23
2020-03-20 15:00:00+00:00,2020-03-20 16:15:00+00:00,1,-0.9999999999999996,-0.009999999999999995,6
2020-03-23 14:15:00+00:00,2020-03-23 19:45:00+00:00,1,-0.3239274754563342,-0.0032392747545633423,23
2020-03-24 15:45:00+00:00,2020-03-24 19:45:00+00:00,1,0.24785924379714427,0.002478592437971443,17
2020-03-25 14:15:00+00:00,2020-03-25 17:30:00+00:00,-1,-0.9999999999999991,-0.009999999999999992,14
2020-03-26 14:30:00+00:00,2020-03-26 19:45:00+00:00,1,0.34468151697640753,0.0034468151697640754,22
2020-03-27 17:45:00+00:00,2020-03-27 19:45:00+00:00,1,-0.14920701820111448,-0.001492070182011145,9
2020-03-30 14:15:00+00:00,2020-03-30 19:45:00+00:00,1,0.7208498203071136,0.007208498203071137,23
2020-03-31 14:15:00+00:00,2020-03-31 19:15:00+00:00,1,-0.9999999999999992,-0.009999999999999993,21
2020-04-01 14:45:00+00:00,2020-04-01 18:30:00+00:00,1,-1.0,-0.01,16
2020-04-02 14:30:00+00:00,2020-04-02 19:45:00+00:00,1,0.2521182400217955,0.002521182400217955,22
2020-04-03 14:30:00+00:00,2020-04-03 19:45:00+00:00,-1,0.6783395496615545,0.006783395496615545,22
2020-04-06 15:15:00+00:00,2020-04-06 19:45:00+00:00,1,1.0620834875971847,0.010620834875971848,19
2020-04-07 14:15:00+00:00,2020-04-07 19:45:00+00:00,-1,0.27270049340894204,0.0027270049340894203,23
2020-04-08 15:30:00+00:00,2020-04-08 19:45:00+00:00,1,0.12168799276205197,0.0012168799276205198,18
2020-04-09 14:15:00+00:00,2020-04-09 19:45:00+00:00,-1,0.009719237531745152,9.719237531745152e-05,23
2020-04-13 15:15:00+00:00,2020-04-13 19:30:00+00:00,-1,-1.000000000000001,-0.01000000000000001,18
2020-04-14 14:30:00+00:00,2020-04-14 19:45:00+00:00,1,0.7095913327491433,0.007095913327491433,22
2020-04-15 15:00:00+00:00,2020-04-15 19:45:00+00:00,1,0.14397247725966503,0.0014397247725966504,20
2020-04-16 14:15:00+00:00,2020-04-16 15:00:00+00:00,-1,-0.9999999999999938,-0.009999999999999938,4
2020-04-17 14:45:00+00:00,2020-04-17 19:45:00+00:00,-1,-0.16298845920227398,-0.0016298845920227397,21
2020-04-20 14:30:00+00:00,2020-04-20 19:45:00+00:00,1,-0.4209338826760912,-0.004209338826760912,22
2020-04-21 14:45:00+00:00,2020-04-21 19:45:00+00:00,-1,0.36802839345211924,0.0036802839345211925,21
2020-04-22 15:45:00+00:00,2020-04-22 19:45:00+00:00,1,0.6028128031037815,0.006028128031037815,17
2020-04-23 14:30:00+00:00,2020-04-23 16:45:00+00:00,1,-1.000000000000005,-0.01000000000000005,10
2020-04-24 16:30:00+00:00,2020-04-24 19:45:00+00:00,1,0.7308511572752392,0.007308511572752392,14
2020-04-27 15:00:00+00:00,2020-04-27 19:45:00+00:00,-1,-0.3952027794481105,-0.003952027794481105,20
2020-04-28 14:15:00+00:00,2020-04-28 19:45:00+00:00,-1,1.3989588894821208,0.013989588894821207,23
2020-04-29 14:30:00+00:00,2020-04-29 19:45:00+00:00,1,0.600660066006595,0.006006600660065951,22
2020-04-30 16:30:00+00:00,2020-04-30 19:45:00+00:00,-1,-0.232132120847734,-0.00232132120847734,14
2020-05-04 14:15:00+00:00,2020-05-04 19:45:00+00:00,1,0.6483419549681498,0.006483419549681499,23
2020-05-05 15:00:00+00:00,2020-05-05 19:45:00+00:00,1,-0.5834161402512466,-0.005834161402512465,20
2020-05-06 14:15:00+00:00,2020-05-06 17:30:00+00:00,-1,-1.000000000000008,-0.01000000000000008,14
2020-05-07 14:15:00+00:00,2020-05-07 19:45:00+00:00,-1,-0.25866475283574164,-0.0025866475283574165,23
2020-05-08 14:30:00+00:00,2020-05-08 19:45:00+00:00,1,0.296379276509446,0.0029637927650944603,22
2020-05-11 14:15:00+00:00,2020-05-11 19:45:00+00:00,1,0.8154232978085223,0.008154232978085223,23
2020-05-13 14:15:00+00:00,2020-05-13 15:30:00+00:00,1,-1.0,-0.01,6
2020-05-14 14:30:00+00:00,2020-05-14 17:30:00+00:00,-1,-0.9999999999999951,-0.009999999999999952,13
2020-05-15 14:15:00+00:00,2020-05-15 19:45:00+00:00,1,0.3489487632508852,0.003489487632508852,23
2020-05-18 14:45:00+00:00,2020-05-18 19:45:00+00:00,1,0.23822316154002282,0.0023822316154002285,21
2020-05-19 14:15:00+00:00,2020-05-19 19:45:00+00:00,1,-0.5394066223377333,-0.005394066223377333,23
2020-05-20 14:15:00+00:00,2020-05-20 19:45:00+00:00,1,0.26403906522499954,0.0026403906522499956,23
2020-05-21 14:15:00+00:00,2020-05-21 19:45:00+00:00,-1,0.4274058717314336,0.004274058717314336,23
2020-05-22 17:30:00+00:00,2020-05-22 19:45:00+00:00,1,-0.1303096782398484,-0.001303096782398484,10
2020-05-25 15:00:00+00:00,2020-05-26 13:45:00+00:00,1,-0.9999999999999852,-0.009999999999999853,68
2020-05-26 15:30:00+00:00,2020-05-26 19:45:00+00:00,-1,0.7032249572199518,0.007032249572199519,18
2020-05-27 14:45:00+00:00,2020-05-27 18:00:00+00:00,-1,-0.9999999999999983,-0.009999999999999983,14
2020-05-28 14:15:00+00:00,2020-05-28 19:45:00+00:00,1,-0.13253128628564456,-0.0013253128628564457,23
2020-05-29 14:15:00+00:00,2020-05-29 19:00:00+00:00,-1,-1.0,-0.01,20
2020-06-01 14:15:00+00:00,2020-06-01 19:45:00+00:00,1,0.2577682842224415,0.002577682842224415,23
2020-06-02 14:30:00+00:00,2020-06-02 14:45:00+00:00,1,-1.0000000000000118,-0.010000000000000118,2
2020-06-03 16:15:00+00:00,2020-06-03 19:45:00+00:00,-1,-0.7210947767352122,-0.007210947767352122,15
2020-06-04 15:15:00+00:00,2020-06-04 19:45:00+00:00,-1,0.6089788782042306,0.0060897887820423055,19
2020-06-05 15:15:00+00:00,2020-06-05 19:45:00+00:00,1,0.20189451799049832,0.002018945179904983,19
2020-06-08 14:15:00+00:00,2020-06-08 17:30:00+00:00,-1,-1.0,-0.01,14
2020-06-09 14:45:00+00:00,2020-06-09 19:45:00+00:00,1,0.620046050795406,0.0062004605079540595,21
2020-06-10 16:30:00+00:00,2020-06-10 19:45:00+00:00,1,0.5745157614888026,0.005745157614888026,14
2020-06-11 14:15:00+00:00,2020-06-11 16:00:00+00:00,1,-0.9999999999999981,-0.009999999999999981,8
2020-06-12 14:15:00+00:00,2020-06-12 19:45:00+00:00,-1,1.2200075260471852,0.012200075260471852,23
2020-06-15 14:15:00+00:00,2020-06-15 19:45:00+00:00,1,0.9014830301490998,0.009014830301490999,23
2020-06-16 14:45:00+00:00,2020-06-16 19:45:00+00:00,-1,0.21241730399285882,0.0021241730399285882,21
2020-06-17 14:30:00+00:00,2020-06-17 17:30:00+00:00,-1,-1.0000000000000029,-0.01000000000000003,13
2020-06-18 15:00:00+00:00,2020-06-18 19:45:00+00:00,1,-0.14730930634410813,-0.0014730930634410814,20
2020-06-19 15:30:00+00:00,2020-06-19 19:45:00+00:00,-1,0.6671137788806368,0.006671137788806368,18
2020-06-22 14:15:00+00:00,2020-06-22 19:45:00+00:00,1,0.6681223594410163,0.006681223594410163,23
2020-06-23 14:30:00+00:00,2020-06-23 19:45:00+00:00,1,0.0872226805018853,0.0008722268050188529,22
2020-06-24 14:45:00+00:00,2020-06-24 19:45:00+00:00,-1,0.40023694659095777,0.004002369465909578,21
2020-06-25 16:30:00+00:00,2020-06-25 19:45:00+00:00,1,0.23020101295105616,0.0023020101295105617,14
2020-06-26 14:15:00+00:00,2020-06-26 19:45:00+00:00,-1,0.7233957506995224,0.0072339575069952245,23
2020-06-29 14:45:00+00:00,2020-06-29 19:45:00+00:00,1,0.265253349626847,0.0026525334962684698,21
2020-06-30 14:45:00+00:00,2020-06-30 19:45:00+00:00,1,0.8488376080098987,0.008488376080098987,21
2020-07-01 14:30:00+00:00,2020-07-01 19:45:00+00:00,1,0.8447240760097517,0.008447240760097518,22
2020-07-02 15:15:00+00:00,2020-07-02 19:45:00+00:00,-1,-0.12140170603996059,-0.0012140170603996059,19
2020-07-03 14:30:00+00:00,2020-07-05 22:30:00+00:00,-1,-1.2611928301583655,-0.012611928301583655,12
2020-07-06 14:15:00+00:00,2020-07-06 19:45:00+00:00,1,0.8343686907905148,0.008343686907905148,23
2020-07-07 14:15:00+00:00,2020-07-07 18:30:00+00:00,1,-0.9999999999999964,-0.009999999999999966,18
2020-07-08 14:15:00+00:00,2020-07-08 15:15:00+00:00,1,-1.0000000000000109,-0.01000000000000011,5
2020-07-09 14:45:00+00:00,2020-07-09 19:00:00+00:00,-1,-1.0,-0.01,18
2020-07-10 17:30:00+00:00,2020-07-10 19:45:00+00:00,1,0.2772259062197033,0.0027722590621970327,10
2020-07-13 14:30:00+00:00,2020-07-13 18:00:00+00:00,1,-1.000000000000003,-0.010000000000000031,15
2020-07-14 14:15:00+00:00,2020-07-14 18:15:00+00:00,-1,-0.9999999999999989,-0.00999999999999999,17
2020-07-15 15:15:00+00:00,2020-07-15 19:45:00+00:00,-1,-0.16065612303146415,-0.0016065612303146415,19
2020-07-16 14:15:00+00:00,2020-07-16 19:30:00+00:00,-1,-1.0,-0.01,22
2020-07-17 14:30:00+00:00,2020-07-17 18:15:00+00:00,-1,-1.0000000000000082,-0.010000000000000082,16
2020-07-20 14:15:00+00:00,2020-07-20 19:45:00+00:00,1,1.9885274937605821,0.01988527493760582,23
2020-07-21 14:30:00+00:00,2020-07-21 19:45:00+00:00,-1,0.4744803879163259,0.004744803879163259,22
2020-07-22 15:00:00+00:00,2020-07-22 19:45:00+00:00,-1,-0.3991790600832676,-0.0039917906008326755,20
2020-07-23 14:15:00+00:00,2020-07-23 19:45:00+00:00,-1,2.175473792043722,0.02175473792043722,23
2020-07-24 14:30:00+00:00,2020-07-24 19:45:00+00:00,1,0.023032243531986768,0.00023032243531986767,22
2020-07-27 18:15:00+00:00,2020-07-27 19:45:00+00:00,1,0.3706345504924452,0.0037063455049244523,7
2020-07-29 14:15:00+00:00,2020-07-29 19:45:00+00:00,1,0.5558872370710367,0.005558872370710367,23
2020-07-30 15:45:00+00:00,2020-07-30 19:45:00+00:00,1,0.30274643561476833,0.0030274643561476835,17
2020-07-31 14:15:00+00:00,2020-07-31 19:45:00+00:00,-1,-0.7276113086168914,-0.007276113086168914,23
2020-08-03 17:15:00+00:00,2020-08-03 19:45:00+00:00,1,-0.0005295808745572825,-5.295808745572825e-06,11
2020-08-04 14:15:00+00:00,2020-08-04 18:30:00+00:00,1,-0.9999999999999897,-0.009999999999999896,18
2020-08-05 14:15:00+00:00,2020-08-05 19:45:00+00:00,1,-0.4688002926115659,-0.004688002926115659,23
2020-08-06 14:15:00+00:00,2020-08-06 19:45:00+00:00,1,1.3706677348566854,0.013706677348566855,23
2020-08-07 15:00:00+00:00,2020-08-07 16:00:00+00:00,1,-1.0000000000000084,-0.010000000000000085,5
2020-08-10 14:30:00+00:00,2020-08-10 19:45:00+00:00,-1,-0.0341859865098918,-0.000341859865098918,22
2020-08-11 15:15:00+00:00,2020-08-11 19:45:00+00:00,1,-0.8773398039021556,-0.008773398039021557,19
2020-08-12 14:30:00+00:00,2020-08-12 19:45:00+00:00,1,0.5228535387423157,0.005228535387423156,22
2020-08-13 14:45:00+00:00,2020-08-13 18:45:00+00:00,1,-0.999999999999995,-0.00999999999999995,17
2020-08-14 14:30:00+00:00,2020-08-14 19:45:00+00:00,-1,-0.15486372448398109,-0.0015486372448398108,22
2020-08-17 17:00:00+00:00,2020-08-17 19:45:00+00:00,1,0.32259458609988484,0.0032259458609988486,12
2020-08-18 14:15:00+00:00,2020-08-18 18:45:00+00:00,-1,-0.9999999999999969,-0.009999999999999969,19
2020-08-19 15:45:00+00:00,2020-08-19 18:15:00+00:00,1,-1.000000000000003,-0.010000000000000031,11
2020-08-20 15:00:00+00:00,2020-08-20 19:45:00+00:00,1,0.9822675818882539,0.00982267581888254,20
2020-08-21 14:30:00+00:00,2020-08-21 19:45:00+00:00,1,0.07822847682119961,0.0007822847682119961,22
2020-08-24 14:45:00+00:00,2020-08-24 19:45:00+00:00,-1,-0.002148786802974886,-2.148786802974886e-05,21
2020-08-25 14:45:00+00:00,2020-08-25 19:45:00+00:00,1,0.6729185727355783,0.006729185727355784,21
2020-08-26 14:30:00+00:00,2020-08-26 19:45:00+00:00,1,1.9054218086182941,0.01905421808618294,22
2020-08-27 15:15:00+00:00,2020-08-27 16:45:00+00:00,1,-0.9999999999999958,-0.009999999999999959,7
2020-08-28 17:15:00+00:00,2020-08-28 19:45:00+00:00,-1,-0.5667825501850284,-0.005667825501850284,11
2020-08-31 14:30:00+00:00,2020-08-31 19:45:00+00:00,1,0.8965272226663196,0.008965272226663197,22
2020-09-01 14:30:00+00:00,2020-09-01 19:45:00+00:00,1,0.07725363805058358,0.0007725363805058358,22
2020-09-02 15:45:00+00:00,2020-09-02 19:45:00+00:00,-1,-0.929982915002126,-0.00929982915002126,17
2020-09-03 14:30:00+00:00,2020-09-03 19:45:00+00:00,-1,1.7345718243298096,0.017345718243298097,22
2020-09-04 14:15:00+00:00,2020-09-04 19:45:00+00:00,-1,-0.5832781268927971,-0.0058327812689279715,23
2020-09-07 15:00:00+00:00,2020-09-08 08:15:00+00:00,1,-0.9999999999999952,-0.009999999999999952,48
2020-09-08 14:15:00+00:00,2020-09-08 19:45:00+00:00,1,-0.841472707121079,-0.008414727071210791,23
2020-09-09 14:30:00+00:00,2020-09-09 19:45:00+00:00,1,0.29388053567974887,0.0029388053567974888,22
2020-09-10 14:15:00+00:00,2020-09-10 15:00:00+00:00,1,-0.9999999999999956,-0.009999999999999955,4
2020-09-11 16:00:00+00:00,2020-09-11 19:45:00+00:00,-1,0.11599445316363091,0.0011599445316363092,16
2020-09-14 14:15:00+00:00,2020-09-14 17:15:00+00:00,1,-1.0,-0.01,13
2020-09-15 14:45:00+00:00,2020-09-15 19:45:00+00:00,-1,0.04159908768371851,0.00041599087683718514,21
2020-09-16 14:45:00+00:00,2020-09-16 19:45:00+00:00,-1,0.7514686530688952,0.0075146865306889524,21
2020-09-17 14:15:00+00:00,2020-09-17 19:45:00+00:00,1,-0.29114408808042075,-0.0029114408808042077,23
2020-09-18 15:00:00+00:00,2020-09-18 19:45:00+00:00,-1,0.189260904827392,0.00189260904827392,20
2020-09-21 14:30:00+00:00,2020-09-21 19:45:00+00:00,-1,-0.9431200965600464,-0.009431200965600463,22
2020-09-22 15:00:00+00:00,2020-09-22 18:00:00+00:00,-1,-1.0000000000000047,-0.010000000000000047,13
2020-09-23 14:15:00+00:00,2020-09-23 19:45:00+00:00,-1,1.6017393796432728,0.01601739379643273,23
2020-09-24 14:15:00+00:00,2020-09-24 19:45:00+00:00,1,-0.13546460244415087,-0.0013546460244415086,23
2020-09-25 14:30:00+00:00,2020-09-25 19:45:00+00:00,1,1.091063783071685,0.01091063783071685,22
2020-09-28 15:00:00+00:00,2020-09-28 19:45:00+00:00,-1,-0.8757105476856458,-0.008757105476856458,20
2020-09-29 14:45:00+00:00,2020-09-30 02:15:00+00:00,-1,-1.0000000000000022,-0.010000000000000023,34
2020-09-30 14:15:00+00:00,2020-09-30 19:45:00+00:00,1,-0.24479202792999097,-0.0024479202792999097,23
2020-10-01 14:30:00+00:00,2020-10-01 19:45:00+00:00,-1,-0.4273009998200901,-0.004273009998200902,22
2020-10-02 14:15:00+00:00,2020-10-02 15:45:00+00:00,1,-1.0000000000000044,-0.010000000000000045,7
2020-10-05 14:15:00+00:00,2020-10-05 19:45:00+00:00,1,0.7036958576410366,0.007036958576410366,23
2020-10-06 14:15:00+00:00,2020-10-06 15:15:00+00:00,1,-1.000000000000009,-0.01000000000000009,5
2020-10-07 14:15:00+00:00,2020-10-07 17:00:00+00:00,-1,-0.9999999999999971,-0.00999999999999997,12
2020-10-08 14:30:00+00:00,2020-10-08 19:45:00+00:00,-1,-0.28842743817076744,-0.0028842743817076746,22
2020-10-09 14:45:00+00:00,2020-10-09 19:45:00+00:00,1,0.6506115024382509,0.00650611502438251,21
2020-10-12 15:00:00+00:00,2020-10-12 19:45:00+00:00,1,0.9879388227740579,0.00987938822774058,20
2020-10-13 15:30:00+00:00,2020-10-13 19:45:00+00:00,1,-0.18603722402230474,-0.0018603722402230475,18
2020-10-14 14:30:00+00:00,2020-10-14 19:45:00+00:00,-1,0.25992115325243104,0.0025992115325243104,22
2020-10-16 14:15:00+00:00,2020-10-16 15:15:00+00:00,1,-0.9999999999999926,-0.009999999999999926,5
2020-10-19 14:15:00+00:00,2020-10-19 19:45:00+00:00,-1,2.0223319228961016,0.020223319228961017,23
2020-10-20 14:15:00+00:00,2020-10-20 15:00:00+00:00,1,-1.0000000000000069,-0.01000000000000007,4
2020-10-21 16:45:00+00:00,2020-10-21 19:45:00+00:00,-1,-0.18368663324243933,-0.0018368663324243933,13
2020-10-22 14:15:00+00:00,2020-10-22 19:45:00+00:00,-1,-0.18000824925438444,-0.0018000824925438444,23
2020-10-23 15:45:00+00:00,2020-10-23 19:45:00+00:00,-1,-0.6037930603052883,-0.006037930603052883,17
2020-10-26 15:00:00+00:00,2020-10-26 19:45:00+00:00,-1,0.5355146888246932,0.0053551468882469325,20
2020-10-27 15:15:00+00:00,2020-10-27 19:45:00+00:00,1,0.21077042835211154,0.0021077042835211156,19
2020-10-28 14:30:00+00:00,2020-10-28 19:45:00+00:00,-1,0.12025253824686967,0.0012025253824686968,22
2020-10-29 14:30:00+00:00,2020-10-29 19:45:00+00:00,1,0.6421718772003897,0.006421718772003897,22
2020-10-30 14:15:00+00:00,2020-10-30 19:45:00+00:00,-1,0.7699717367479952,0.007699717367479953,23
2020-11-02 16:15:00+00:00,2020-11-02 20:45:00+00:00,-1,0.6904708182912108,0.006904708182912108,19
2020-11-03 15:15:00+00:00,2020-11-03 20:45:00+00:00,1,0.38354091805581236,0.0038354091805581237,23
2020-11-04 15:15:00+00:00,2020-11-04 20:45:00+00:00,1,0.016802634533342554,0.00016802634533342556,23
2020-11-05 19:45:00+00:00,2020-11-05 20:45:00+00:00,1,-0.5188398611799558,-0.005188398611799558,5
2020-11-06 17:00:00+00:00,2020-11-06 20:45:00+00:00,1,0.18475086576730207,0.0018475086576730207,16
2020-11-09 15:30:00+00:00,2020-11-09 20:45:00+00:00,1,-0.6085750014503299,-0.0060857500145033,22
2020-11-10 15:30:00+00:00,2020-11-10 20:45:00+00:00,-1,-0.4143705994872029,-0.004143705994872029,22
2020-11-11 16:45:00+00:00,2020-11-11 20:45:00+00:00,1,0.2888496512757123,0.002888496512757123,17
2020-11-12 15:45:00+00:00,2020-11-12 17:45:00+00:00,1,-0.9999999999999943,-0.009999999999999943,9
2020-11-13 15:15:00+00:00,2020-11-13 20:30:00+00:00,-1,-0.999999999999997,-0.00999999999999997,22
2020-11-16 15:30:00+00:00,2020-11-16 20:45:00+00:00,1,-0.09261443207782759,-0.0009261443207782759,22
2020-11-18 17:00:00+00:00,2020-11-18 20:45:00+00:00,1,-0.6014790680836823,-0.0060147906808368234,16
2020-11-19 15:45:00+00:00,2020-11-19 20:45:00+00:00,1,0.4909571638661969,0.004909571638661969,21
2020-11-20 15:30:00+00:00,2020-11-20 20:45:00+00:00,1,-0.721015649952086,-0.00721015649952086,22
2020-11-23 15:15:00+00:00,2020-11-23 20:45:00+00:00,-1,-0.03406935547363454,-0.0003406935547363454,23
2020-11-24 15:45:00+00:00,2020-11-24 20:45:00+00:00,1,0.9856400809349771,0.00985640080934977,21
2020-11-25 15:30:00+00:00,2020-11-25 20:45:00+00:00,-1,-0.8066948928287851,-0.008066948928287852,22
2020-11-26 15:45:00+00:00,2020-11-27 13:00:00+00:00,-1,-1.0,-0.01,62
2020-11-27 15:15:00+00:00,2020-11-30 06:15:00+00:00,1,-1.0000000000000044,-0.010000000000000045,40
2020-11-30 15:30:00+00:00,2020-11-30 20:45:00+00:00,-1,-0.5277549283789557,-0.005277549283789556,22
2020-12-01 15:15:00+00:00,2020-12-01 20:45:00+00:00,1,0.3896433583753216,0.0038964335837532163,23
2020-12-02 15:15:00+00:00,2020-12-02 20:45:00+00:00,1,0.5165411850317614,0.005165411850317614,23
2020-12-03 15:15:00+00:00,2020-12-03 16:00:00+00:00,1,-0.9999999999999877,-0.009999999999999877,4
2020-12-04 15:45:00+00:00,2020-12-04 20:45:00+00:00,1,-0.02693333333333878,-0.0002693333333333878,21
2020-12-07 15:15:00+00:00,2020-12-07 20:45:00+00:00,1,-0.5469420750404296,-0.005469420750404296,23
2020-12-08 15:30:00+00:00,2020-12-08 17:00:00+00:00,-1,-1.0000000000000067,-0.010000000000000066,7
2020-12-09 15:15:00+00:00,2020-12-09 20:45:00+00:00,-1,3.4446003773063922,0.03444600377306392,23
2020-12-10 15:30:00+00:00,2020-12-10 20:45:00+00:00,1,0.15745933574436144,0.0015745933574436144,22
2020-12-11 16:45:00+00:00,2020-12-11 20:15:00+00:00,-1,-1.0000000000000064,-0.010000000000000064,15
2020-12-14 15:15:00+00:00,2020-12-14 20:45:00+00:00,1,-0.7724880982209932,-0.007724880982209932,23
2020-12-15 15:45:00+00:00,2020-12-15 20:45:00+00:00,-1,-0.6549934350894618,-0.006549934350894618,21
2020-12-16 15:45:00+00:00,2020-12-16 20:45:00+00:00,1,0.7521630587189195,0.007521630587189195,21
2020-12-17 15:15:00+00:00,2020-12-17 20:45:00+00:00,-1,-0.33488319982076875,-0.0033488319982076875,23
2020-12-18 15:30:00+00:00,2020-12-18 20:45:00+00:00,-1,0.9942291838417103,0.009942291838417104,22
2020-12-21 15:15:00+00:00,2020-12-21 17:30:00+00:00,-1,-1.0000000000000018,-0.010000000000000018,10
2020-12-22 16:45:00+00:00,2020-12-22 20:45:00+00:00,-1,-0.6327565632458261,-0.0063275656324582605,17
2020-12-23 18:30:00+00:00,2020-12-23 20:45:00+00:00,1,-0.32447206829417524,-0.0032447206829417526,10
2020-12-28 15:15:00+00:00,2020-12-28 16:00:00+00:00,-1,-0.9999999999999855,-0.009999999999999854,4
2020-12-29 15:15:00+00:00,2020-12-29 15:30:00+00:00,-1,-0.999999999999992,-0.00999999999999992,2
2020-12-30 15:15:00+00:00,2020-12-30 20:45:00+00:00,-1,-0.13037817028985138,-0.0013037817028985139,23
2020-12-31 17:00:00+00:00,2020-12-31 20:45:00+00:00,-1,-0.7215579164695363,-0.007215579164695363,16
2021-01-04 15:15:00+00:00,2021-01-04 20:45:00+00:00,-1,2.278558176517362,0.022785581765173618,23
2021-01-05 19:15:00+00:00,2021-01-05 20:45:00+00:00,1,-0.062460300656359206,-0.0006246030065635921,7
2021-01-06 15:15:00+00:00,2021-01-06 20:45:00+00:00,1,-0.1452693993297251,-0.001452693993297251,23
2021-01-07 15:15:00+00:00,2021-01-07 20:45:00+00:00,1,0.5637697063783162,0.0056376970637831625,23
2021-01-08 15:30:00+00:00,2021-01-08 20:30:00+00:00,-1,-0.9999999999999954,-0.009999999999999955,21
2021-01-11 15:30:00+00:00,2021-01-11 20:45:00+00:00,1,-0.8029973189119866,-0.008029973189119865,22
2021-01-12 17:15:00+00:00,2021-01-12 20:45:00+00:00,-1,-0.6327247429327774,-0.006327247429327774,15
2021-01-13 15:45:00+00:00,2021-01-13 20:45:00+00:00,1,0.25666876943179573,0.0025666876943179575,21
2021-01-14 16:15:00+00:00,2021-01-14 17:30:00+00:00,1,-0.9999999999999927,-0.009999999999999927,6
2021-01-15 15:15:00+00:00,2021-01-15 20:45:00+00:00,-1,0.20627085270469248,0.0020627085270469247,23
2021-01-19 17:45:00+00:00,2021-01-19 20:45:00+00:00,1,0.42099076609874725,0.004209907660987473,13
2021-01-20 15:15:00+00:00,2021-01-20 20:45:00+00:00,1,1.083080398108276,0.01083080398108276,23
2021-01-21 15:15:00+00:00,2021-01-21 20:45:00+00:00,1,0.4752162087828197,0.004752162087828198,23
2021-01-25 15:45:00+00:00,2021-01-25 20:45:00+00:00,-1,0.577965342097388,0.005779653420973881,19
2021-01-26 18:45:00+00:00,2021-01-26 20:45:00+00:00,1,-0.18044877038006532,-0.0018044877038006532,9
2021-01-27 20:00:00+00:00,2021-01-27 20:45:00+00:00,-1,0.2043836050007867,0.002043836050007867,4
2021-01-28 16:00:00+00:00,2021-01-28 20:45:00+00:00,1,-0.1639754770745171,-0.001639754770745171,20
2021-01-29 15:30:00+00:00,2021-01-29 17:30:00+00:00,1,-0.9999999999999966,-0.009999999999999966,9
2021-02-01 15:45:00+00:00,2021-02-01 20:45:00+00:00,1,0.9698712412656035,0.009698712412656036,21
2021-02-02 16:30:00+00:00,2021-02-02 20:45:00+00:00,1,0.22872680742164095,0.0022872680742164093,18
2021-02-03 15:15:00+00:00,2021-02-03 20:45:00+00:00,-1,0.22104997839550106,0.0022104997839550106,23
2021-02-04 18:00:00+00:00,2021-02-04 20:45:00+00:00,1,0.2457781557526387,0.002457781557526387,12
2021-02-05 17:30:00+00:00,2021-02-05 20:45:00+00:00,1,-0.21752546353185698,-0.0021752546353185696,14
2021-02-08 16:45:00+00:00,2021-02-08 20:45:00+00:00,-1,-0.5219850024789412,-0.005219850024789412,17
2021-02-09 15:15:00+00:00,2021-02-09 16:15:00+00:00,1,-0.9999999999999862,-0.009999999999999863,5
2021-02-10 15:15:00+00:00,2021-02-10 20:45:00+00:00,-1,1.146022773818311,0.011460227738183112,23
2021-02-11 16:45:00+00:00,2021-02-11 17:45:00+00:00,1,-1.0000000000000053,-0.010000000000000054,5
2021-02-12 15:15:00+00:00,2021-02-12 20:45:00+00:00,1,1.0505585376468602,0.010505585376468602,23
2021-02-15 16:00:00+00:00,2021-02-16 14:00:00+00:00,1,-0.9999999999999767,-0.009999999999999768,67
2021-02-16 16:30:00+00:00,2021-02-16 20:45:00+00:00,-1,0.11765078400081379,0.001176507840008138,18
2021-02-17 15:30:00+00:00,2021-02-17 20:45:00+00:00,-1,-0.688105230832223,-0.00688105230832223,22
2021-02-18 15:15:00+00:00,2021-02-18 19:00:00+00:00,-1,-0.9999999999999976,-0.009999999999999976,16
2021-02-19 17:30:00+00:00,2021-02-19 20:45:00+00:00,-1,0.2385317981959104,0.002385317981959104,14
2021-02-22 15:30:00+00:00,2021-02-22 20:45:00+00:00,-1,0.8327955412144251,0.00832795541214425,22
2021-02-23 15:30:00+00:00,2021-02-23 20:45:00+00:00,1,0.7226086956521683,0.0072260869565216835,22
2021-02-24 15:15:00+00:00,2021-02-24 17:15:00+00:00,-1,-0.9999999999999969,-0.009999999999999969,9
2021-02-25 15:15:00+00:00,2021-02-25 20:45:00+00:00,-1,1.6426400865497786,0.016426400865497785,23
2021-02-26 15:15:00+00:00,2021-02-26 20:45:00+00:00,-1,-0.5812952065710412,-0.005812952065710412,23
2021-03-01 15:30:00+00:00,2021-03-01 20:45:00+00:00,1,0.7843355676340078,0.007843355676340077,22
2021-03-02 15:30:00+00:00,2021-03-02 20:45:00+00:00,-1,0.35707035525923075,0.0035707035525923076,22
2021-03-03 15:15:00+00:00,2021-03-03 20:45:00+00:00,-1,0.5819389391509625,0.005819389391509625,23
2021-03-04 15:15:00+00:00,2021-03-04 16:30:00+00:00,-1,-1.0000000000000022,-0.010000000000000023,6
2021-03-05 15:30:00+00:00,2021-03-05 19:45:00+00:00,-1,-1.0000000000000016,-0.010000000000000016,18
2021-03-08 17:00:00+00:00,2021-03-08 20:45:00+00:00,-1,0.3892661364863529,0.003892661364863529,16
2021-03-09 15:15:00+00:00,2021-03-09 20:45:00+00:00,1,0.586897825778031,0.00586897825778031,23
2021-03-10 15:30:00+00:00,2021-03-10 20:45:00+00:00,-1,0.0794231396486632,0.000794231396486632,22
2021-03-11 16:00:00+00:00,2021-03-11 20:45:00+00:00,1,0.22383443528047692,0.002238344352804769,20
2021-03-12 16:00:00+00:00,2021-03-12 20:45:00+00:00,-1,-0.7272192272482874,-0.007272192272482873,20
2021-03-15 14:15:00+00:00,2021-03-15 19:45:00+00:00,1,0.3084662799129707,0.003084662799129707,23
2021-03-16 14:15:00+00:00,2021-03-16 17:45:00+00:00,1,-1.0000000000000029,-0.01000000000000003,15
2021-03-17 14:15:00+00:00,2021-03-17 19:45:00+00:00,1,0.9605409640044396,0.009605409640044396,23
2021-03-18 17:00:00+00:00,2021-03-18 19:45:00+00:00,-1,0.498719626700053,0.00498719626700053,12
2021-03-19 16:00:00+00:00,2021-03-19 19:45:00+00:00,1,0.03951114544250545,0.0003951114544250545,16
2021-03-22 14:45:00+00:00,2021-03-22 19:45:00+00:00,1,0.4133282176122024,0.004133282176122024,21
2021-03-23 14:15:00+00:00,2021-03-23 19:00:00+00:00,1,-0.9999999999999973,-0.009999999999999974,20
2021-03-24 14:30:00+00:00,2021-03-24 19:45:00+00:00,-1,0.8772770286255148,0.008772770286255149,22
2021-03-25 15:00:00+00:00,2021-03-25 19:45:00+00:00,-1,-0.6526583825626405,-0.006526583825626406,20
2021-03-26 14:45:00+00:00,2021-03-26 19:45:00+00:00,1,0.04218859342196982,0.0004218859342196982,21
2021-03-29 14:30:00+00:00,2021-03-29 16:45:00+00:00,-1,-1.0000000000000018,-0.010000000000000018,10
2021-03-30 15:45:00+00:00,2021-03-30 19:45:00+00:00,1,-0.09238981658910517,-0.0009238981658910517,17
2021-03-31 14:15:00+00:00,2021-03-31 19:45:00+00:00,1,0.39297055186012436,0.003929705518601244,23
2021-04-01 14:15:00+00:00,2021-04-01 19:45:00+00:00,1,-0.1764456682906255,-0.001764456682906255,23
2021-04-05 14:15:00+00:00,2021-04-05 19:45:00+00:00,1,1.0275989280617983,0.010275989280617983,23
2021-04-06 15:00:00+00:00,2021-04-06 19:45:00+00:00,1,-0.3735119466411513,-0.003735119466411513,20
2021-04-07 14:15:00+00:00,2021-04-07 19:45:00+00:00,1,-0.11682519772830191,-0.0011682519772830192,23
2021-04-08 14:15:00+00:00,2021-04-08 19:45:00+00:00,-1,-0.44747297888817067,-0.004474729788881707,23
2021-04-09 14:15:00+00:00,2021-04-09 19:45:00+00:00,1,0.7407998298234427,0.0074079982982344274,23
2021-04-12 16:45:00+00:00,2021-04-12 19:45:00+00:00,1,-0.0143172841828081,-0.000143172841828081,13
2021-04-13 18:45:00+00:00,2021-04-13 19:45:00+00:00,1,0.24067549507959476,0.0024067549507959477,5
2021-04-14 14:30:00+00:00,2021-04-14 19:45:00+00:00,-1,1.6125048095421668,0.016125048095421667,22
2021-04-15 14:30:00+00:00,2021-04-15 19:45:00+00:00,1,0.31741318570708515,0.0031741318570708515,22
2021-04-19 14:15:00+00:00,2021-04-19 19:45:00+00:00,-1,0.23042508527945643,0.0023042508527945644,23
2021-04-20 14:45:00+00:00,2021-04-20 19:45:00+00:00,-1,0.08114874059618413,0.0008114874059618412,21
2021-04-21 14:30:00+00:00,2021-04-21 19:45:00+00:00,1,0.7431559073415107,0.007431559073415107,22
2021-04-22 14:45:00+00:00,2021-04-22 17:00:00+00:00,1,-0.9999999999999942,-0.009999999999999943,10
2021-04-23 14:15:00+00:00,2021-04-23 19:45:00+00:00,1,1.4091136705057568,0.014091136705057569,23
2021-04-26 14:15:00+00:00,2021-04-26 19:45:00+00:00,1,0.7188493059040094,0.007188493059040095,23
2021-04-27 14:45:00+00:00,2021-04-27 19:45:00+00:00,-1,-0.49336298093120323,-0.0049336298093120325,21
2021-04-28 18:45:00+00:00,2021-04-28 19:45:00+00:00,1,-0.488017865834464,-0.00488017865834464,5
2021-04-29 14:15:00+00:00,2021-04-29 19:45:00+00:00,-1,-0.15631171198540642,-0.0015631171198540641,23
2021-04-30 14:30:00+00:00,2021-04-30 17:45:00+00:00,1,-1.0,-0.01,14
2021-05-03 14:15:00+00:00,2021-05-03 14:45:00+00:00,1,-1.0,-0.01,3
2021-05-04 14:15:00+00:00,2021-05-04 19:45:00+00:00,-1,0.2664851083555335,0.002664851083555335,23
2021-05-05 14:15:00+00:00,2021-05-05 19:45:00+00:00,-1,0.3701228662540076,0.0037012286625400757,23
2021-05-06 14:30:00+00:00,2021-05-06 15:30:00+00:00,-1,-0.9999999999999958,-0.009999999999999959,5
2021-05-07 14:15:00+00:00,2021-05-07 19:45:00+00:00,1,-0.3281561548955853,-0.003281561548955853,23
2021-05-10 14:45:00+00:00,2021-05-10 19:45:00+00:00,-1,0.8088675003819387,0.008088675003819388,21
2021-05-11 15:30:00+00:00,2021-05-11 19:45:00+00:00,1,0.02346934128736768,0.0002346934128736768,18
2021-05-12 14:15:00+00:00,2021-05-12 19:45:00+00:00,-1,0.4606216276147523,0.004606216276147523,23
2021-05-13 14:15:00+00:00,2021-05-13 17:30:00+00:00,1,-1.0000000000000042,-0.010000000000000042,14
2021-05-14 14:15:00+00:00,2021-05-14 19:45:00+00:00,1,0.8672797840026927,0.008672797840026928,23
2021-05-17 14:15:00+00:00,2021-05-17 19:45:00+00:00,-1,-0.22205091821977282,-0.002220509182197728,23
2021-05-18 14:30:00+00:00,2021-05-18 18:30:00+00:00,1,-0.9999999999999973,-0.009999999999999974,17
2021-05-19 14:30:00+00:00,2021-05-19 19:45:00+00:00,1,0.4442193087008401,0.004442193087008401,22
2021-05-20 14:15:00+00:00,2021-05-20 19:45:00+00:00,1,0.8716799870832328,0.008716799870832329,23
2021-05-21 14:30:00+00:00,2021-05-21 19:45:00+00:00,-1,0.5785362608117153,0.005785362608117153,22
2021-05-24 14:15:00+00:00,2021-05-24 19:45:00+00:00,1,0.5173440658388458,0.005173440658388459,23
2021-05-25 15:30:00+00:00,2021-05-25 19:45:00+00:00,-1,-0.13738057324839978,-0.0013738057324839978,18
2021-05-26 15:15:00+00:00,2021-05-26 19:45:00+00:00,1,-0.26195783587728416,-0.0026195783587728417,19
2021-05-27 14:45:00+00:00,2021-05-27 19:45:00+00:00,1,-0.5507425099953126,-0.005507425099953126,21
2021-05-28 15:45:00+00:00,2021-05-28 19:45:00+00:00,1,-0.3778787980078154,-0.0037787879800781536,17
2021-05-31 15:00:00+00:00,2021-05-31 23:45:00+00:00,-1,-1.0000000000000184,-0.010000000000000184,14
2021-06-01 14:15:00+00:00,2021-06-01 19:45:00+00:00,-1,-0.014876402818679402,-0.00014876402818679403,23
2021-06-02 17:30:00+00:00,2021-06-02 19:45:00+00:00,-1,-0.2851172654690711,-0.0028511726546907113,10
2021-06-03 15:00:00+00:00,2021-06-03 19:45:00+00:00,1,-0.32554605350097676,-0.0032554605350097678,20
2021-06-04 14:15:00+00:00,2021-06-04 19:45:00+00:00,1,0.27328242376000655,0.0027328242376000655,23
2021-06-07 19:00:00+00:00,2021-06-07 19:45:00+00:00,1,0.024261401663650903,0.00024261401663650903,4
2021-06-08 14:30:00+00:00,2021-06-08 19:45:00+00:00,-1,0.07443465574322546,0.0007443465574322545,22
2021-06-09 14:15:00+00:00,2021-06-09 19:45:00+00:00,-1,0.3259688965687674,0.0032596889656876737,23
2021-06-14 16:15:00+00:00,2021-06-14 19:45:00+00:00,1,0.26531938289294194,0.0026531938289294193,15
2021-06-15 14:30:00+00:00,2021-06-15 19:45:00+00:00,-1,0.451408530376752,0.00451408530376752,22
2021-06-16 14:15:00+00:00,2021-06-16 15:30:00+00:00,1,-0.9999999999999895,-0.009999999999999894,6
2021-06-17 14:15:00+00:00,2021-06-17 19:45:00+00:00,1,1.2484332008560184,0.012484332008560185,23
2021-06-18 15:15:00+00:00,2021-06-18 19:45:00+00:00,-1,-0.32116864212933555,-0.0032116864212933557,19
2021-06-21 14:45:00+00:00,2021-06-21 19:45:00+00:00,1,0.1596892319873259,0.001596892319873259,21
2021-06-22 15:15:00+00:00,2021-06-22 19:45:00+00:00,1,0.5624460928066286,0.0056244609280662865,19
2021-06-24 14:15:00+00:00,2021-06-24 17:30:00+00:00,1,-0.9999999999999899,-0.0099999999999999,14
2021-06-25 16:30:00+00:00,2021-06-25 19:45:00+00:00,-1,-0.0474432677760922,-0.00047443267776092204,14
2021-06-28 14:15:00+00:00,2021-06-28 19:45:00+00:00,1,0.607326280672464,0.00607326280672464,23
2021-06-29 16:30:00+00:00,2021-06-29 19:45:00+00:00,1,0.1097831568330814,0.0010978315683308141,14
2021-07-01 15:15:00+00:00,2021-07-01 19:45:00+00:00,-1,-0.39120699567307354,-0.003912069956730735,19
2021-07-02 16:00:00+00:00,2021-07-02 19:45:00+00:00,1,0.4742288168684046,0.004742288168684047,16
2021-07-05 15:45:00+00:00,2021-07-05 23:45:00+00:00,-1,-0.9999999999999644,-0.009999999999999645,11
2021-07-06 14:15:00+00:00,2021-07-06 14:30:00+00:00,1,-0.9999999999999875,-0.009999999999999875,2
2021-07-07 14:30:00+00:00,2021-07-07 19:45:00+00:00,-1,-0.2075618698441957,-0.002075618698441957,22
2021-07-08 14:30:00+00:00,2021-07-08 19:45:00+00:00,1,0.2982947360814982,0.002982947360814982,22
2021-07-09 14:45:00+00:00,2021-07-09 19:45:00+00:00,1,0.6533319530302487,0.006533319530302487,21
2021-07-13 14:15:00+00:00,2021-07-13 19:45:00+00:00,1,-0.4020969221361597,-0.0040209692213615976,23
2021-07-14 15:30:00+00:00,2021-07-14 19:45:00+00:00,-1,0.04618143269576653,0.0004618143269576653,18
2021-07-15 14:45:00+00:00,2021-07-15 19:45:00+00:00,-1,0.07358929086192093,0.0007358929086192093,21
2021-07-16 14:15:00+00:00,2021-07-16 19:45:00+00:00,-1,1.417350146330876,0.01417350146330876,23
2021-07-19 16:45:00+00:00,2021-07-19 19:45:00+00:00,-1,-0.08673629989984985,-0.0008673629989984985,13
2021-07-20 14:45:00+00:00,2021-07-20 19:45:00+00:00,1,1.0868433891689642,0.010868433891689643,21
2021-07-21 15:00:00+00:00,2021-07-21 19:45:00+00:00,1,0.2891362526835908,0.002891362526835908,20
2021-07-22 14:30:00+00:00,2021-07-22 19:45:00+00:00,1,0.06179369125983746,0.0006179369125983746,22
2021-07-23 14:30:00+00:00,2021-07-23 19:45:00+00:00,1,1.5679741848965132,0.01567974184896513,22
2021-07-26 15:30:00+00:00,2021-07-26 19:45:00+00:00,1,-0.050509982638909226,-0.0005050998263890923,18
2021-07-27 14:15:00+00:00,2021-07-27 19:45:00+00:00,-1,0.6804982649119522,0.006804982649119522,23
2021-07-28 14:30:00+00:00,2021-07-28 18:00:00+00:00,1,-0.999999999999994,-0.00999999999999994,15
2021-07-30 14:15:00+00:00,2021-07-30 19:45:00+00:00,1,-0.2619887776942104,-0.0026198877769421044,23
2021-08-02 15:30:00+00:00,2021-08-02 19:45:00+00:00,1,-0.9169728956519688,-0.009169728956519688,18
2021-08-03 14:15:00+00:00,2021-08-03 15:30:00+00:00,-1,-0.9999999999999972,-0.009999999999999972,6
2021-08-04 14:30:00+00:00,2021-08-04 18:30:00+00:00,-1,-1.0000000000000029,-0.01000000000000003,17
2021-08-05 15:00:00+00:00,2021-08-05 19:45:00+00:00,1,-0.08172015622346893,-0.0008172015622346893,20
2021-08-06 15:00:00+00:00,2021-08-06 19:45:00+00:00,-1,-0.09651461914921158,-0.0009651461914921158,20
2021-08-10 14:30:00+00:00,2021-08-10 19:45:00+00:00,-1,0.9943656852054079,0.009943656852054079,22
2021-08-11 14:15:00+00:00,2021-08-11 19:45:00+00:00,-1,0.3264078410658313,0.003264078410658313,23
2021-08-12 14:30:00+00:00,2021-08-12 19:45:00+00:00,1,0.7099819240811542,0.007099819240811543,22
2021-08-13 14:15:00+00:00,2021-08-13 19:45:00+00:00,1,0.04432002511642629,0.00044320025116426293,23
2021-08-16 14:15:00+00:00,2021-08-16 17:30:00+00:00,-1,-1.000000000000003,-0.010000000000000031,14
2021-08-17 14:45:00+00:00,2021-08-17 16:30:00+00:00,1,-1.0000000000000038,-0.010000000000000038,8
2021-08-18 18:15:00+00:00,2021-08-18 19:45:00+00:00,-1,0.1659429280397133,0.001659429280397133,7
2021-08-19 14:15:00+00:00,2021-08-19 19:45:00+00:00,1,0.7006180525684148,0.007006180525684148,23
2021-08-20 14:15:00+00:00,2021-08-20 19:45:00+00:00,1,0.3640961001093583,0.003640961001093583,23
2021-08-23 14:15:00+00:00,2021-08-23 19:45:00+00:00,1,1.2899746192893282,0.012899746192893283,23
2021-08-24 14:30:00+00:00,2021-08-24 19:45:00+00:00,1,-0.22985651214127478,-0.0022985651214127477,22
2021-08-25 14:30:00+00:00,2021-08-25 19:45:00+00:00,-1,-0.34132629646626383,-0.003413262964662638,22
2021-08-26 14:30:00+00:00,2021-08-26 19:45:00+00:00,-1,0.12204090593100192,0.0012204090593100191,22
2021-08-27 14:15:00+00:00,2021-08-27 19:45:00+00:00,1,0.4379475334103302,0.004379475334103302,23
2021-08-30 14:15:00+00:00,2021-08-30 19:45:00+00:00,1,0.9958519784805817,0.009958519784805817,23
2021-09-02 14:15:00+00:00,2021-09-02 19:45:00+00:00,-1,0.7931506114567513,0.007931506114567513,23
2021-09-03 15:45:00+00:00,2021-09-03 19:45:00+00:00,1,-0.00564362590822498,-5.64362590822498e-05,17
2021-09-06 14:15:00+00:00,2021-09-06 23:45:00+00:00,1,-0.9999999999999853,-0.009999999999999854,17
2021-09-07 15:00:00+00:00,2021-09-07 19:45:00+00:00,1,-0.007714543812135102,-7.714543812135103e-05,20
2021-09-08 14:45:00+00:00,2021-09-08 19:45:00+00:00,-1,-0.5001008606777645,-0.005001008606777645,21
2021-09-09 15:30:00+00:00,2021-09-09 19:45:00+00:00,-1,0.15691832002061487,0.0015691832002061488,18
2021-09-10 14:15:00+00:00,2021-09-10 19:45:00+00:00,-1,2.7463483295267026,0.027463483295267026,23
2021-09-13 14:15:00+00:00,2021-09-13 19:45:00+00:00,-1,-0.28205968193459263,-0.0028205968193459265,23
2021-09-14 14:15:00+00:00,2021-09-14 19:45:00+00:00,-1,0.4726004922067135,0.004726004922067135,23
2021-09-15 14:15:00+00:00,2021-09-15 16:30:00+00:00,-1,-1.000000000000008,-0.01000000000000008,10
2021-09-16 14:15:00+00:00,2021-09-16 17:45:00+00:00,-1,-0.9999999999999969,-0.009999999999999969,15
2021-09-17 14:15:00+00:00,2021-09-17 19:45:00+00:00,-1,0.3413884007030036,0.0034138840070300357,23
2021-09-20 14:45:00+00:00,2021-09-20 19:45:00+00:00,-1,0.4446431627588642,0.0044464316275886415,21
2021-09-21 15:00:00+00:00,2021-09-21 19:45:00+00:00,-1,-0.4608092426362699,-0.004608092426362699,20
2021-09-22 14:15:00+00:00,2021-09-22 19:45:00+00:00,1,0.8671529915673877,0.008671529915673878,23
2021-09-23 14:15:00+00:00,2021-09-23 19:45:00+00:00,1,-0.012729661872016925,-0.00012729661872016925,23
2021-09-24 16:00:00+00:00,2021-09-24 19:45:00+00:00,1,0.5450918901468781,0.005450918901468781,16
2021-09-28 14:15:00+00:00,2021-09-28 19:45:00+00:00,-1,0.4568644008162649,0.004568644008162649,23
2021-09-29 15:45:00+00:00,2021-09-29 19:45:00+00:00,-1,0.015630711527150284,0.00015630711527150285,17
2021-09-30 15:00:00+00:00,2021-09-30 19:45:00+00:00,-1,0.2691924834941497,0.002691924834941497,20
2021-10-01 14:30:00+00:00,2021-10-01 15:30:00+00:00,-1,-0.9999999999999984,-0.009999999999999985,5
2021-10-04 14:15:00+00:00,2021-10-04 19:45:00+00:00,-1,0.7862030502584755,0.007862030502584754,23
2021-10-05 14:15:00+00:00,2021-10-05 19:45:00+00:00,1,0.6221547412473206,0.006221547412473207,23
2021-10-06 14:30:00+00:00,2021-10-06 19:45:00+00:00,1,0.28062813145752397,0.00280628131457524,22
2021-10-07 14:15:00+00:00,2021-10-07 19:45:00+00:00,1,-0.7868448231345273,-0.007868448231345273,23
2021-10-08 14:45:00+00:00,2021-10-08 19:45:00+00:00,-1,0.04953750139307494,0.0004953750139307494,21
2021-10-11 14:15:00+00:00,2021-10-11 17:15:00+00:00,1,-0.999999999999993,-0.00999999999999993,13
2021-10-12 14:45:00+00:00,2021-10-12 19:45:00+00:00,-1,0.1575810790614296,0.001575810790614296,21
2021-10-13 14:15:00+00:00,2021-10-13 19:45:00+00:00,-1,-0.4382843193347817,-0.004382843193347817,23
2021-10-14 14:15:00+00:00,2021-10-14 19:45:00+00:00,1,0.3522952569772719,0.003522952569772719,23
2021-10-15 15:00:00+00:00,2021-10-15 19:45:00+00:00,1,-0.008524264838529638,-8.524264838529639e-05,20
2021-10-18 14:15:00+00:00,2021-10-18 19:45:00+00:00,1,1.0630248560595497,0.010630248560595497,23
2021-10-19 14:30:00+00:00,2021-10-19 19:45:00+00:00,1,0.18242483843776214,0.0018242483843776214,22
2021-10-20 15:15:00+00:00,2021-10-20 19:45:00+00:00,-1,0.3110178523847606,0.003110178523847606,19
2021-10-21 14:15:00+00:00,2021-10-21 19:45:00+00:00,1,0.7691428349996376,0.007691428349996377,23
2021-10-22 14:30:00+00:00,2021-10-22 15:15:00+00:00,1,-0.999999999999997,-0.00999999999999997,4
2021-10-25 16:00:00+00:00,2021-10-25 19:45:00+00:00,1,0.5689727618765178,0.005689727618765178,16
2021-10-26 14:15:00+00:00,2021-10-26 15:30:00+00:00,1,-1.0000000000000036,-0.010000000000000035,6
2021-10-27 15:15:00+00:00,2021-10-27 19:45:00+00:00,1,-0.10456966089748716,-0.0010456966089748717,19
2021-10-28 14:30:00+00:00,2021-10-28 19:45:00+00:00,1,0.20214139836616826,0.0020214139836616826,22
2021-10-29 15:15:00+00:00,2021-10-29 19:45:00+00:00,1,0.734501623335124,0.0073450162333512405,19
2021-11-02 15:45:00+00:00,2021-11-02 19:45:00+00:00,1,-0.01640031567524604,-0.0001640031567524604,17
2021-11-03 18:30:00+00:00,2021-11-03 19:45:00+00:00,1,1.1573031946578,0.011573031946578001,6
2021-11-04 14:15:00+00:00,2021-11-04 19:45:00+00:00,1,0.30319618915909485,0.0030319618915909488,23
2021-11-05 17:15:00+00:00,2021-11-05 19:45:00+00:00,-1,-0.03742160106671926,-0.00037421601066719263,11
2021-11-08 15:45:00+00:00,2021-11-08 20:45:00+00:00,-1,-0.10279214064116382,-0.0010279214064116383,21
2021-11-09 18:30:00+00:00,2021-11-09 20:45:00+00:00,-1,-0.1329230566708338,-0.0013292305667083378,10
2021-11-10 15:15:00+00:00,2021-11-10 18:00:00+00:00,1,-1.0000000000000018,-0.010000000000000018,12
2021-11-11 15:30:00+00:00,2021-11-11 20:45:00+00:00,-1,0.2162065605715987,0.0021620656057159873,22
2021-11-12 16:00:00+00:00,2021-11-12 20:45:00+00:00,1,0.8487016351911592,0.008487016351911592,20
2021-11-15 15:15:00+00:00,2021-11-15 20:45:00+00:00,-1,0.10513346283903502,0.0010513346283903503,23
2021-11-16 16:15:00+00:00,2021-11-16 20:45:00+00:00,1,0.2437537180249908,0.002437537180249908,19
2021-11-17 15:45:00+00:00,2021-11-17 20:45:00+00:00,1,-0.21180048661799986,-0.0021180048661799985,21
2021-11-18 15:15:00+00:00,2021-11-18 16:30:00+00:00,-1,-0.9999999999999905,-0.009999999999999905,6
2021-11-19 17:15:00+00:00,2021-11-19 20:45:00+00:00,1,-0.35940499040308077,-0.003594049904030808,15
2021-11-22 15:15:00+00:00,2021-11-22 16:00:00+00:00,1,-0.9999999999999873,-0.009999999999999874,4
2021-11-23 15:15:00+00:00,2021-11-23 20:45:00+00:00,-1,-0.008139534883721752,-8.139534883721752e-05,23
2021-11-24 15:30:00+00:00,2021-11-24 20:45:00+00:00,1,0.5744751381215529,0.00574475138121553,22
2021-11-26 15:15:00+00:00,2021-11-29 16:45:00+00:00,-1,-1.0190705252540924,-0.010190705252540923,79
2021-11-29 17:00:00+00:00,2021-11-29 20:45:00+00:00,1,0.3347050030774851,0.003347050030774851,16
2021-11-30 15:15:00+00:00,2021-11-30 15:45:00+00:00,1,-1.0,-0.01,3
2021-12-01 16:00:00+00:00,2021-12-01 18:00:00+00:00,1,-1.0,-0.01,9
2021-12-02 15:45:00+00:00,2021-12-02 20:45:00+00:00,-1,-0.8760148009057317,-0.008760148009057318,21
2021-12-03 15:15:00+00:00,2021-12-03 20:45:00+00:00,-1,0.7580343657926705,0.007580343657926705,23
2021-12-06 15:30:00+00:00,2021-12-06 20:45:00+00:00,1,0.41367796975967835,0.0041367796975967834,22
2021-12-07 15:15:00+00:00,2021-12-07 20:45:00+00:00,1,0.12587284086733472,0.0012587284086733473,23
2021-12-08 18:45:00+00:00,2021-12-08 20:45:00+00:00,1,-0.17685983557247584,-0.0017685983557247584,9
2021-12-09 15:30:00+00:00,2021-12-09 20:45:00+00:00,-1,0.568015462738451,0.00568015462738451,22
2021-12-10 16:15:00+00:00,2021-12-10 20:45:00+00:00,-1,-0.6172961419836552,-0.006172961419836552,19
2021-12-13 15:30:00+00:00,2021-12-13 20:45:00+00:00,-1,0.4762024376392557,0.004762024376392557,22
2021-12-14 16:00:00+00:00,2021-12-14 20:45:00+00:00,-1,-0.4319771409075388,-0.004319771409075388,20
2021-12-15 16:30:00+00:00,2021-12-15 19:15:00+00:00,-1,-0.999999999999997,-0.00999999999999997,12
2021-12-16 15:15:00+00:00,2021-12-16 20:45:00+00:00,-1,1.3699204662545135,0.013699204662545135,23
2021-12-17 16:00:00+00:00,2021-12-17 20:45:00+00:00,1,-0.2903851910505063,-0.002903851910505063,20
2021-12-20 16:15:00+00:00,2021-12-20 20:45:00+00:00,-1,-0.2882141965658158,-0.0028821419656581584,19
2021-12-21 15:30:00+00:00,2021-12-21 16:30:00+00:00,-1,-1.0000000000000018,-0.010000000000000018,5
2021-12-22 15:45:00+00:00,2021-12-22 20:45:00+00:00,1,0.42966153617645003,0.0042966153617645005,21
2021-12-23 15:15:00+00:00,2021-12-23 20:45:00+00:00,1,0.7846674705500237,0.007846674705500238,23
2021-12-27 15:15:00+00:00,2021-12-27 20:45:00+00:00,1,0.7666717464187975,0.007666717464187975,23
2021-12-28 15:15:00+00:00,2021-12-28 20:45:00+00:00,-1,-0.05738142443191209,-0.0005738142443191209,23
2021-12-29 15:15:00+00:00,2021-12-29 20:45:00+00:00,-1,-0.7386215077712575,-0.007386215077712575,23
2021-12-30 15:15:00+00:00,2021-12-30 20:45:00+00:00,1,-0.971899109792303,-0.00971899109792303,23
2021-12-31 15:45:00+00:00,2022-01-03 19:30:00+00:00,-1,-0.999999999999995,-0.00999999999999995,98
2022-01-03 19:45:00+00:00,2022-01-03 20:45:00+00:00,1,-0.2686459775732405,-0.002686459775732405,5
2022-01-04 15:15:00+00:00,2022-01-04 20:45:00+00:00,-1,0.8467771022258846,0.008467771022258846,23
2022-01-05 17:45:00+00:00,2022-01-05 20:45:00+00:00,-1,1.0030751451229376,0.010030751451229376,13
2022-01-06 15:15:00+00:00,2022-01-06 16:15:00+00:00,-1,-1.000000000000001,-0.01000000000000001,5
2022-01-07 15:30:00+00:00,2022-01-07 20:45:00+00:00,-1,0.21219871482589198,0.00212198714825892,22
2022-01-10 15:15:00+00:00,2022-01-10 18:45:00+00:00,-1,-1.000000000000004,-0.01000000000000004,15
2022-01-11 15:15:00+00:00,2022-01-11 20:45:00+00:00,1,1.0079904424998387,0.010079904424998388,23
2022-01-12 15:15:00+00:00,2022-01-12 16:00:00+00:00,1,-1.0000000000000013,-0.010000000000000014,4
2022-01-13 15:15:00+00:00,2022-01-13 20:45:00+00:00,-1,2.7277692216562173,0.027277692216562174,23
2022-01-18 15:15:00+00:00,2022-01-18 20:15:00+00:00,1,-1.0000000000000013,-0.010000000000000014,21
2022-01-19 15:45:00+00:00,2022-01-19 20:45:00+00:00,-1,0.3664778657611627,0.003664778657611627,21
2022-01-20 15:45:00+00:00,2022-01-20 19:30:00+00:00,1,-0.9999999999999968,-0.009999999999999967,16
2022-01-21 15:15:00+00:00,2022-01-21 16:15:00+00:00,-1,-0.9999999999999979,-0.00999999999999998,5
2022-01-24 16:15:00+00:00,2022-01-24 20:30:00+00:00,-1,-1.0000000000000013,-0.010000000000000014,18
2022-01-25 16:45:00+00:00,2022-01-25 20:45:00+00:00,-1,-0.45701551948454383,-0.004570155194845439,17
2022-01-26 15:45:00+00:00,2022-01-26 19:00:00+00:00,-1,-0.999999999999999,-0.00999999999999999,14
2022-01-27 15:15:00+00:00,2022-01-27 17:30:00+00:00,1,-1.000000000000002,-0.010000000000000021,10
2022-01-28 16:00:00+00:00,2022-01-28 20:45:00+00:00,1,0.4595227055380061,0.004595227055380061,20
2022-01-31 15:15:00+00:00,2022-01-31 20:45:00+00:00,1,0.6193700478030266,0.006193700478030266,23
2022-02-01 15:45:00+00:00,2022-02-01 20:45:00+00:00,-1,-0.9118801260116289,-0.009118801260116289,21
2022-02-02 16:15:00+00:00,2022-02-02 20:45:00+00:00,-1,-0.6393574780411502,-0.006393574780411502,19
2022-02-03 15:30:00+00:00,2022-02-03 19:30:00+00:00,1,-1.000000000000001,-0.01000000000000001,17
2022-02-04 15:15:00+00:00,2022-02-04 20:45:00+00:00,1,0.4318622577056763,0.004318622577056764,23
2022-02-07 16:30:00+00:00,2022-02-07 20:45:00+00:00,-1,0.4001260364842458,0.004001260364842458,18
2022-02-08 15:15:00+00:00,2022-02-08 16:00:00+00:00,-1,-0.9999999999999944,-0.009999999999999945,4
2022-02-09 17:45:00+00:00,2022-02-09 20:45:00+00:00,1,0.1540345037288342,0.0015403450372883422,13
2022-02-10 15:15:00+00:00,2022-02-10 20:00:00+00:00,1,-0.9999999999999979,-0.00999999999999998,20
2022-02-11 16:00:00+00:00,2022-02-11 20:45:00+00:00,-1,1.729887027086577,0.017298870270865768,20
2022-02-14 16:30:00+00:00,2022-02-14 20:45:00+00:00,1,-0.3077115794139454,-0.003077115794139454,18
2022-02-15 15:45:00+00:00,2022-02-15 20:45:00+00:00,1,0.1939083709413974,0.001939083709413974,21
2022-02-16 19:30:00+00:00,2022-02-16 20:45:00+00:00,1,0.31974967378614544,0.0031974967378614544,6
2022-02-17 15:30:00+00:00,2022-02-17 20:45:00+00:00,-1,0.7497046932969624,0.0074970469329696246,22
2022-02-18 15:45:00+00:00,2022-02-18 20:45:00+00:00,-1,0.13833137513777652,0.0013833137513777653,21
2022-02-21 16:30:00+00:00,2022-02-22 14:30:00+00:00,-1,-0.9999999999999973,-0.009999999999999974,67
2022-02-22 15:30:00+00:00,2022-02-22 16:15:00+00:00,1,-1.0000000000000024,-0.010000000000000024,4
2022-02-23 15:15:00+00:00,2022-02-23 20:45:00+00:00,-1,2.2877866035716434,0.022877866035716433,23
2022-02-24 15:15:00+00:00,2022-02-24 20:45:00+00:00,1,1.653126269694374,0.01653126269694374,23
2022-02-25 15:45:00+00:00,2022-02-25 20:45:00+00:00,1,0.34912240711191983,0.0034912240711191984,21
2022-02-28 15:45:00+00:00,2022-02-28 20:45:00+00:00,1,-0.43232608862437477,-0.0043232608862437474,21
2022-03-01 16:00:00+00:00,2022-03-01 20:45:00+00:00,-1,0.8482433857362035,0.008482433857362035,20
2022-03-02 15:15:00+00:00,2022-03-02 16:00:00+00:00,-1,-1.0,-0.01,4
2022-03-03 15:15:00+00:00,2022-03-03 20:45:00+00:00,-1,1.345187691823414,0.013451876918234141,23
2022-03-04 15:15:00+00:00,2022-03-04 20:45:00+00:00,-1,0.18759909820632464,0.0018759909820632464,23
2022-03-07 15:15:00+00:00,2022-03-07 20:45:00+00:00,-1,0.9355081813029757,0.009355081813029758,23
2022-03-08 15:15:00+00:00,2022-03-08 17:00:00+00:00,-1,-1.000000000000001,-0.01000000000000001,8
2022-03-09 15:30:00+00:00,2022-03-09 20:45:00+00:00,1,0.5909771621115725,0.005909771621115725,22
2022-03-10 15:45:00+00:00,2022-03-10 20:45:00+00:00,-1,-0.4268797844480214,-0.004268797844480214,21
2022-03-11 15:15:00+00:00,2022-03-11 20:45:00+00:00,-1,0.9577501110331096,0.009577501110331095,23
2022-03-14 14:15:00+00:00,2022-03-14 16:45:00+00:00,1,-1.0,-0.01,11
2022-03-15 14:30:00+00:00,2022-03-15 19:45:00+00:00,1,0.8127126838027606,0.008127126838027606,22
2022-03-16 14:15:00+00:00,2022-03-16 18:00:00+00:00,1,-1.0000000000000053,-0.010000000000000054,16
2022-03-17 17:00:00+00:00,2022-03-17 19:45:00+00:00,1,0.5117578981064246,0.005117578981064246,12
2022-03-18 14:15:00+00:00,2022-03-18 19:45:00+00:00,1,1.0786780058053633,0.010786780058053634,23
2022-03-21 14:15:00+00:00,2022-03-21 15:15:00+00:00,-1,-0.9999999999999984,-0.009999999999999985,5
2022-03-22 14:15:00+00:00,2022-03-22 19:45:00+00:00,1,0.8882265578906751,0.008882265578906751,23
2022-03-23 14:15:00+00:00,2022-03-23 19:45:00+00:00,1,-0.38407424335765133,-0.0038407424335765135,23
2022-03-24 14:30:00+00:00,2022-03-24 15:15:00+00:00,-1,-1.000000000000003,-0.010000000000000031,4
2022-03-25 14:45:00+00:00,2022-03-25 15:00:00+00:00,1,-0.9999999999999968,-0.009999999999999967,2
2022-03-28 16:00:00+00:00,2022-03-28 19:30:00+00:00,-1,-1.0,-0.01,15
2022-03-29 14:15:00+00:00,2022-03-29 19:15:00+00:00,-1,-0.9999999999999988,-0.009999999999999988,21
2022-03-30 14:15:00+00:00,2022-03-30 15:00:00+00:00,1,-1.0000000000000044,-0.010000000000000045,4
2022-03-31 17:00:00+00:00,2022-03-31 19:45:00+00:00,-1,0.1513028030003926,0.001513028030003926,12
2022-04-01 15:45:00+00:00,2022-04-01 19:45:00+00:00,-1,0.1032745779913758,0.001032745779913758,17
2022-04-04 15:00:00+00:00,2022-04-04 19:45:00+00:00,1,0.5033710975344486,0.005033710975344487,20
2022-04-05 14:15:00+00:00,2022-04-05 19:45:00+00:00,-1,1.2733183496548266,0.012733183496548266,23
2022-04-06 14:15:00+00:00,2022-04-06 18:00:00+00:00,-1,-0.9999999999999942,-0.009999999999999943,16
2022-04-07 14:45:00+00:00,2022-04-07 19:45:00+00:00,-1,-0.7194019160175471,-0.007194019160175471,21
2022-04-08 16:30:00+00:00,2022-04-08 19:45:00+00:00,1,-0.43565441721934195,-0.00435654417219342,14
2022-04-11 14:30:00+00:00,2022-04-11 19:45:00+00:00,-1,0.4130743349805512,0.004130743349805512,22
2022-04-12 16:15:00+00:00,2022-04-12 19:45:00+00:00,-1,0.753909080285149,0.00753909080285149,15
2022-04-13 14:30:00+00:00,2022-04-13 19:45:00+00:00,1,0.9361111111111076,0.009361111111111075,22
2022-04-14 14:15:00+00:00,2022-04-14 19:45:00+00:00,-1,0.7453692587383947,0.007453692587383947,23
2022-04-18 14:15:00+00:00,2022-04-18 16:15:00+00:00,1,-1.0,-0.01,9
2022-04-19 14:15:00+00:00,2022-04-19 19:45:00+00:00,1,0.7159863395053762,0.007159863395053762,23
2022-04-20 15:15:00+00:00,2022-04-20 19:45:00+00:00,-1,0.07790199961668708,0.0007790199961668708,19
2022-04-21 14:15:00+00:00,2022-04-21 19:45:00+00:00,-1,2.936611386287511,0.02936611386287511,23
2022-04-22 14:30:00+00:00,2022-04-22 19:45:00+00:00,-1,0.6523548768908569,0.006523548768908569,22
2022-04-25 14:30:00+00:00,2022-04-25 19:45:00+00:00,1,0.4531017313310723,0.004531017313310723,22
2022-04-26 14:15:00+00:00,2022-04-26 19:45:00+00:00,-1,0.8352577032760673,0.008352577032760673,23
2022-04-27 14:15:00+00:00,2022-04-27 19:45:00+00:00,-1,-0.12101805149987131,-0.001210180514998713,23
2022-04-28 14:30:00+00:00,2022-04-28 16:30:00+00:00,-1,-1.0,-0.01,9
2022-04-29 14:45:00+00:00,2022-04-29 19:45:00+00:00,-1,0.9187209412657792,0.009187209412657792,21
2022-05-02 14:30:00+00:00,2022-05-02 19:45:00+00:00,1,-0.05143800003837127,-0.0005143800003837127,22
2022-05-03 15:15:00+00:00,2022-05-03 19:45:00+00:00,1,-0.2965180749611865,-0.0029651807496118648,19
2022-05-04 14:15:00+00:00,2022-05-04 16:30:00+00:00,-1,-1.0,-0.01,10
2022-05-05 14:15:00+00:00,2022-05-05 19:45:00+00:00,-1,1.601745531324116,0.016017455313241162,23
2022-05-06 15:00:00+00:00,2022-05-06 19:45:00+00:00,1,-0.4008295816682715,-0.004008295816682715,20
2022-05-09 14:30:00+00:00,2022-05-09 19:45:00+00:00,-1,0.5740011002211646,0.0057400110022116455,22
2022-05-10 15:00:00+00:00,2022-05-10 19:45:00+00:00,-1,-0.2098533193637443,-0.002098533193637443,20
2022-05-11 17:00:00+00:00,2022-05-11 19:45:00+00:00,-1,0.33055580578326105,0.0033055580578326103,12
2022-05-12 14:15:00+00:00,2022-05-12 19:45:00+00:00,1,-0.26021559398522803,-0.0026021559398522803,23
2022-05-13 14:15:00+00:00,2022-05-13 19:45:00+00:00,1,0.572002870329592,0.00572002870329592,23
2022-05-16 14:30:00+00:00,2022-05-16 19:45:00+00:00,1,-0.648345710485485,-0.006483457104854849,22
2022-05-17 14:30:00+00:00,2022-05-17 19:45:00+00:00,-1,-0.8262639746370776,-0.008262639746370776,22
2022-05-18 14:45:00+00:00,2022-05-18 19:45:00+00:00,-1,2.132854562040536,0.02132854562040536,21
2022-05-19 15:45:00+00:00,2022-05-19 19:45:00+00:00,1,-0.41630034757718554,-0.004163003475771855,17
2022-05-20 14:15:00+00:00,2022-05-20 19:45:00+00:00,-1,0.8521148280634966,0.008521148280634966,23
2022-05-23 15:45:00+00:00,2022-05-23 19:45:00+00:00,1,-0.03546162848317007,-0.0003546162848317007,17
2022-05-24 14:15:00+00:00,2022-05-24 16:15:00+00:00,-1,-0.999999999999997,-0.00999999999999997,9
2022-05-25 14:30:00+00:00,2022-05-25 19:45:00+00:00,1,0.3205438591798023,0.0032054385917980235,22
2022-05-26 14:15:00+00:00,2022-05-26 19:45:00+00:00,1,0.6878378569109916,0.006878378569109916,23
2022-05-27 14:15:00+00:00,2022-05-27 19:45:00+00:00,1,0.46833070820207656,0.0046833070820207654,23
2022-05-30 15:00:00+00:00,2022-05-31 00:45:00+00:00,1,-0.9999999999999917,-0.009999999999999917,18
2022-05-31 16:00:00+00:00,2022-05-31 19:45:00+00:00,1,-0.06680881689475289,-0.0006680881689475289,16
2022-06-01 14:15:00+00:00,2022-06-01 19:45:00+00:00,-1,0.4035707751924954,0.004035707751924954,23
2022-06-02 14:15:00+00:00,2022-06-02 19:45:00+00:00,1,1.2142764081703596,0.012142764081703597,23
2022-06-03 14:45:00+00:00,2022-06-03 19:45:00+00:00,-1,0.27712788416163747,0.002771278841616375,21
2022-06-06 14:15:00+00:00,2022-06-06 15:15:00+00:00,1,-0.9999999999999943,-0.009999999999999943,5
2022-06-07 14:30:00+00:00,2022-06-07 19:45:00+00:00,1,0.59259450526751,0.0059259450526751006,22
2022-06-08 16:45:00+00:00,2022-06-08 19:45:00+00:00,-1,-0.11547895457521834,-0.0011547895457521835,13
2022-06-09 18:45:00+00:00,2022-06-09 19:45:00+00:00,-1,0.772349288689776,0.00772349288689776,5
2022-06-10 14:15:00+00:00,2022-06-10 19:45:00+00:00,-1,-0.022244793290364225,-0.00022244793290364224,23
2022-06-13 14:15:00+00:00,2022-06-13 19:45:00+00:00,-1,0.8480456741326339,0.00848045674132634,23
2022-06-14 14:45:00+00:00,2022-06-14 19:45:00+00:00,-1,-0.24352991090370008,-0.002435299109037001,21
2022-06-15 16:15:00+00:00,2022-06-15 18:30:00+00:00,1,-1.0000000000000016,-0.010000000000000016,10
2022-06-16 14:15:00+00:00,2022-06-16 19:45:00+00:00,-1,0.4549131216297228,0.004549131216297228,23
2022-06-17 14:45:00+00:00,2022-06-17 17:00:00+00:00,-1,-0.9999999999999988,-0.009999999999999988,10
2022-06-20 14:30:00+00:00,2022-06-21 19:45:00+00:00,1,3.2490729295426006,0.032490729295426006,96
2022-06-22 14:15:00+00:00,2022-06-22 19:45:00+00:00,1,-0.3590962104200295,-0.0035909621042002947,23
2022-06-23 14:45:00+00:00,2022-06-23 19:45:00+00:00,1,0.11418305084746441,0.001141830508474644,21
2022-06-24 14:15:00+00:00,2022-06-24 19:45:00+00:00,1,0.08341730243270536,0.0008341730243270536,23
2022-06-28 14:30:00+00:00,2022-06-28 19:45:00+00:00,-1,1.938550047581972,0.01938550047581972,22
2022-06-29 14:45:00+00:00,2022-06-29 19:45:00+00:00,1,-0.21548548236028406,-0.0021548548236028408,21
2022-06-30 14:30:00+00:00,2022-06-30 15:15:00+00:00,-1,-1.0,-0.01,4
2022-07-04 14:15:00+00:00,2022-07-04 22:30:00+00:00,-1,-1.3057608243130372,-0.013057608243130372,13
2022-07-05 14:15:00+00:00,2022-07-05 19:45:00+00:00,1,1.7694136291600564,0.017694136291600566,23
2022-07-06 18:45:00+00:00,2022-07-06 19:45:00+00:00,1,-0.04705124329828443,-0.0004705124329828443,5
2022-07-07 15:00:00+00:00,2022-07-07 19:45:00+00:00,1,0.5706215288082366,0.005706215288082366,20
2022-07-08 14:30:00+00:00,2022-07-08 19:45:00+00:00,1,0.22893856897673595,0.0022893856897673597,22
2022-07-12 14:15:00+00:00,2022-07-12 19:45:00+00:00,-1,0.6084757586327123,0.006084757586327123,23
2022-07-13 14:45:00+00:00,2022-07-13 19:45:00+00:00,1,-0.08691025186236451,-0.0008691025186236451,21
2022-07-14 14:15:00+00:00,2022-07-14 17:30:00+00:00,-1,-1.000000000000004,-0.01000000000000004,14
2022-07-15 15:15:00+00:00,2022-07-15 19:45:00+00:00,1,-0.022939316832448313,-0.00022939316832448314,19
2022-07-18 17:45:00+00:00,2022-07-18 19:45:00+00:00,-1,1.3336729087496062,0.013336729087496063,9
2022-07-19 14:30:00+00:00,2022-07-19 19:45:00+00:00,1,1.2097139042886498,0.012097139042886498,22
2022-07-20 14:30:00+00:00,2022-07-20 19:45:00+00:00,1,0.6068459797226493,0.006068459797226493,22
2022-07-21 14:30:00+00:00,2022-07-21 17:00:00+00:00,-1,-0.9999999999999989,-0.00999999999999999,11
2022-07-22 15:15:00+00:00,2022-07-22 19:45:00+00:00,-1,0.9850647589340243,0.009850647589340244,19
2022-07-25 14:15:00+00:00,2022-07-25 19:45:00+00:00,-1,0.4556151325588386,0.004556151325588387,23
2022-07-26 14:30:00+00:00,2022-07-26 19:45:00+00:00,-1,0.6654512706745402,0.006654512706745402,22
2022-07-27 14:15:00+00:00,2022-07-27 19:45:00+00:00,1,2.3185825985693027,0.023185825985693027,23
2022-07-28 15:30:00+00:00,2022-07-28 19:45:00+00:00,1,0.2229227557411259,0.0022292275574112594,18
2022-07-29 14:15:00+00:00,2022-07-29 19:45:00+00:00,1,0.7741306035715875,0.007741306035715875,23
2022-08-01 14:15:00+00:00,2022-08-01 17:45:00+00:00,1,-1.0000000000000018,-0.010000000000000018,15
2022-08-02 15:00:00+00:00,2022-08-02 19:45:00+00:00,1,-0.04795495425041188,-0.0004795495425041188,20
2022-08-03 14:15:00+00:00,2022-08-03 19:45:00+00:00,1,1.046061740673566,0.01046061740673566,23
2022-08-04 14:30:00+00:00,2022-08-04 19:45:00+00:00,-1,-0.340005354274498,-0.00340005354274498,22
2022-08-05 14:15:00+00:00,2022-08-05 19:45:00+00:00,1,-0.3798884628790576,-0.003798884628790576,23
2022-08-08 15:45:00+00:00,2022-08-08 19:45:00+00:00,-1,0.09694837756248467,0.0009694837756248467,17
2022-08-09 16:30:00+00:00,2022-08-09 19:45:00+00:00,-1,-0.38491710201407436,-0.003849171020140744,14
2022-08-10 15:30:00+00:00,2022-08-10 19:45:00+00:00,1,0.16469237209512833,0.0016469237209512833,18
2022-08-11 14:15:00+00:00,2022-08-11 15:00:00+00:00,1,-1.0000000000000047,-0.010000000000000047,4
2022-08-12 14:30:00+00:00,2022-08-12 19:45:00+00:00,1,1.0101448953286762,0.010101448953286763,22
2022-08-15 15:45:00+00:00,2022-08-15 19:45:00+00:00,1,0.3059242473292348,0.003059242473292348,17
2022-08-16 14:30:00+00:00,2022-08-16 15:45:00+00:00,-1,-0.9999999999999947,-0.009999999999999946,6
2022-08-17 14:15:00+00:00,2022-08-17 19:45:00+00:00,-1,-0.22435156120931096,-0.00224351561209311,23
2022-08-18 14:45:00+00:00,2022-08-18 19:45:00+00:00,1,0.3283566742756149,0.003283566742756149,21
2022-08-19 14:15:00+00:00,2022-08-19 19:45:00+00:00,-1,0.13259127337488252,0.0013259127337488252,23
2022-08-22 14:15:00+00:00,2022-08-22 19:45:00+00:00,-1,1.1578384764690854,0.011578384764690855,23
2022-08-23 14:15:00+00:00,2022-08-23 19:45:00+00:00,1,-0.642180186080561,-0.00642180186080561,23
2022-08-24 14:30:00+00:00,2022-08-24 19:45:00+00:00,1,0.2577837003088526,0.0025778370030885263,22
2022-08-25 14:15:00+00:00,2022-08-25 19:45:00+00:00,1,0.6173468059063943,0.0061734680590639435,23
2022-08-26 14:30:00+00:00,2022-08-26 19:45:00+00:00,-1,1.4681141633276802,0.014681141633276803,22
2022-08-29 15:00:00+00:00,2022-08-29 19:45:00+00:00,-1,-0.5626157302006595,-0.005626157302006595,20
2022-08-30 14:15:00+00:00,2022-08-30 19:45:00+00:00,-1,0.5855691835952328,0.005855691835952328,23
2022-08-31 14:30:00+00:00,2022-08-31 19:45:00+00:00,-1,0.06672290172922388,0.0006672290172922388,22
2022-09-01 14:15:00+00:00,2022-09-01 19:45:00+00:00,-1,-0.5953516307513044,-0.0059535163075130435,23
2022-09-02 14:45:00+00:00,2022-09-02 16:45:00+00:00,1,-1.0000000000000022,-0.010000000000000023,9
2022-09-05 14:30:00+00:00,2022-09-06 13:45:00+00:00,1,-0.9999999999999893,-0.009999999999999894,72
2022-09-06 14:15:00+00:00,2022-09-06 15:00:00+00:00,-1,-0.999999999999997,-0.00999999999999997,4
2022-09-07 15:15:00+00:00,2022-09-07 19:45:00+00:00,1,0.7702037034026507,0.0077020370340265066,19
2022-09-08 14:45:00+00:00,2022-09-08 19:45:00+00:00,1,-0.29260918408388364,-0.0029260918408388365,21
2022-09-09 14:15:00+00:00,2022-09-09 19:45:00+00:00,1,0.7747647562018958,0.007747647562018958,23
2022-09-12 14:30:00+00:00,2022-09-12 19:45:00+00:00,1,-0.036771555739566815,-0.00036771555739566815,22
2022-09-13 14:30:00+00:00,2022-09-13 19:45:00+00:00,-1,0.888612594516818,0.00888612594516818,22
2022-09-14 14:30:00+00:00,2022-09-14 19:45:00+00:00,-1,-0.32848143701370963,-0.0032848143701370964,22
2022-09-15 15:00:00+00:00,2022-09-15 19:45:00+00:00,-1,0.16010207553589895,0.0016010207553589894,20
2022-09-16 14:15:00+00:00,2022-09-16 19:45:00+00:00,1,0.38070996147495684,0.0038070996147495685,23
2022-09-19 14:45:00+00:00,2022-09-19 19:45:00+00:00,1,0.32499780335647366,0.0032499780335647366,21
2022-09-20 15:00:00+00:00,2022-09-20 19:45:00+00:00,1,-0.0034186364524238042,-3.4186364524238046e-05,20
2022-09-21 17:45:00+00:00,2022-09-21 18:00:00+00:00,1,-0.9999999999999974,-0.009999999999999974,2
2022-09-22 15:00:00+00:00,2022-09-22 19:45:00+00:00,-1,-0.43473470303365824,-0.004347347030336583,20
2022-09-23 16:15:00+00:00,2022-09-23 19:45:00+00:00,-1,-0.23885648601474066,-0.0023885648601474066,15
2022-09-26 14:30:00+00:00,2022-09-26 16:15:00+00:00,1,-1.0,-0.01,8
2022-09-27 14:15:00+00:00,2022-09-27 19:45:00+00:00,-1,0.7211504320037883,0.007211504320037883,23
2022-09-28 14:30:00+00:00,2022-09-28 19:45:00+00:00,1,0.7547470784936892,0.007547470784936892,22
2022-09-29 14:15:00+00:00,2022-09-29 19:45:00+00:00,-1,-0.1363703550418243,-0.0013637035504182428,23
2022-09-30 14:45:00+00:00,2022-09-30 19:45:00+00:00,1,-0.7469898153436179,-0.007469898153436179,21
2022-10-03 14:15:00+00:00,2022-10-03 19:45:00+00:00,1,1.0215864874425298,0.010215864874425298,23
2022-10-04 14:15:00+00:00,2022-10-04 17:15:00+00:00,1,-0.999999999999993,-0.00999999999999993,13
2022-10-05 14:15:00+00:00,2022-10-05 16:45:00+00:00,-1,-1.0000000000000058,-0.010000000000000057,11
2022-10-06 14:15:00+00:00,2022-10-06 19:45:00+00:00,-1,-0.09873308116483476,-0.0009873308116483475,23
2022-10-07 15:30:00+00:00,2022-10-07 19:45:00+00:00,-1,0.5069075706974823,0.005069075706974823,18
2022-10-10 14:15:00+00:00,2022-10-10 19:45:00+00:00,-1,-0.1379390532424714,-0.0013793905324247142,23
2022-10-11 15:45:00+00:00,2022-10-11 19:15:00+00:00,1,-1.0,-0.01,15
2022-10-13 14:15:00+00:00,2022-10-13 19:45:00+00:00,1,1.2700212844715935,0.012700212844715935,23
2022-10-14 14:15:00+00:00,2022-10-14 19:45:00+00:00,-1,0.4744401330376886,0.004744401330376886,23
2022-10-17 14:15:00+00:00,2022-10-17 19:45:00+00:00,1,0.0015810688720453096,1.5810688720453097e-05,23
2022-10-18 14:30:00+00:00,2022-10-18 19:45:00+00:00,-1,0.34568397231970693,0.0034568397231970692,22
2022-10-19 14:30:00+00:00,2022-10-19 17:00:00+00:00,1,-1.0,-0.01,11
2022-10-20 14:15:00+00:00,2022-10-20 18:45:00+00:00,1,-0.9999999999999989,-0.00999999999999999,19
2022-10-21 14:15:00+00:00,2022-10-21 19:45:00+00:00,1,0.7652542372881337,0.007652542372881337,23
2022-10-24 14:15:00+00:00,2022-10-24 18:45:00+00:00,-1,-1.0000000000000024,-0.010000000000000024,19
2022-10-25 15:30:00+00:00,2022-10-25 19:45:00+00:00,1,0.2555632823365735,0.002555632823365735,18
2022-10-26 14:15:00+00:00,2022-10-26 19:45:00+00:00,1,-0.47270613349598395,-0.00472706133495984,23
2022-10-27 16:30:00+00:00,2022-10-27 19:45:00+00:00,-1,-0.04149871207503204,-0.00041498712075032046,14
2022-10-28 14:30:00+00:00,2022-10-28 19:45:00+00:00,1,0.8040694167324067,0.008040694167324067,22
2022-10-31 14:30:00+00:00,2022-10-31 19:45:00+00:00,-1,-0.664035826200834,-0.00664035826200834,22
2022-11-01 14:15:00+00:00,2022-11-01 19:45:00+00:00,-1,0.4213864470902423,0.004213864470902423,23
2022-11-02 14:15:00+00:00,2022-11-02 18:00:00+00:00,-1,-1.000000000000007,-0.010000000000000071,16
2022-11-03 15:00:00+00:00,2022-11-03 19:45:00+00:00,1,-0.49604336472264704,-0.0049604336472264705,20
2022-11-04 16:00:00+00:00,2022-11-04 19:45:00+00:00,-1,-0.4583987619762869,-0.004583987619762869,16
2022-11-07 19:30:00+00:00,2022-11-07 20:45:00+00:00,1,0.19055409907156606,0.0019055409907156606,6
2022-11-08 15:30:00+00:00,2022-11-08 19:15:00+00:00,1,-0.9999999999999937,-0.009999999999999938,16
2022-11-09 16:00:00+00:00,2022-11-09 20:45:00+00:00,-1,0.543779249712164,0.005437792497121639,20
2022-11-10 16:45:00+00:00,2022-11-10 20:45:00+00:00,1,0.3733438131596678,0.003733438131596678,17
2022-11-11 15:15:00+00:00,2022-11-11 20:45:00+00:00,1,0.8546984848213846,0.008546984848213845,23
2022-11-14 15:15:00+00:00,2022-11-14 20:45:00+00:00,1,-0.04526346792329794,-0.0004526346792329794,23
2022-11-15 18:30:00+00:00,2022-11-15 20:45:00+00:00,-1,-0.38229338058473833,-0.0038229338058473833,10
2022-11-16 15:45:00+00:00,2022-11-16 20:45:00+00:00,-1,-0.017881272791220044,-0.00017881272791220044,21
2022-11-17 15:30:00+00:00,2022-11-17 20:45:00+00:00,1,0.01293166520339756,0.0001293166520339756,22
2022-11-18 15:15:00+00:00,2022-11-18 20:45:00+00:00,-1,-0.2680131486057123,-0.002680131486057123,23
2022-11-21 15:15:00+00:00,2022-11-21 20:45:00+00:00,-1,0.3027948620258048,0.003027948620258048,23
2022-11-22 16:00:00+00:00,2022-11-22 20:45:00+00:00,1,0.5905754550792653,0.005905754550792654,20
2022-11-23 15:15:00+00:00,2022-11-23 20:45:00+00:00,1,0.018976963156930315,0.00018976963156930315,23
2022-11-24 16:00:00+00:00,2022-11-25 08:45:00+00:00,1,-1.0000000000000127,-0.010000000000000127,46
2022-11-25 15:15:00+00:00,2022-11-27 23:30:00+00:00,1,-1.0000000000000073,-0.010000000000000073,13
2022-11-28 16:00:00+00:00,2022-11-28 20:45:00+00:00,-1,0.7019556807870482,0.007019556807870482,20
2022-11-29 16:15:00+00:00,2022-11-29 20:45:00+00:00,-1,0.007581037048196016,7.581037048196017e-05,19
2022-11-30 17:30:00+00:00,2022-11-30 18:30:00+00:00,-1,-1.0000000000000058,-0.010000000000000057,5
2022-12-01 15:15:00+00:00,2022-12-01 20:45:00+00:00,-1,-0.5851350130949108,-0.005851350130949108,23
2022-12-02 15:15:00+00:00,2022-12-02 20:45:00+00:00,1,0.20537964353332436,0.0020537964353332435,23
2022-12-05 15:15:00+00:00,2022-12-05 20:45:00+00:00,-1,1.2229293313070044,0.012229293313070044,23
2022-12-06 15:15:00+00:00,2022-12-06 20:45:00+00:00,-1,0.5418588663177278,0.005418588663177278,23
2022-12-08 15:15:00+00:00,2022-12-08 20:45:00+00:00,1,0.021130464049818467,0.00021130464049818468,23
2022-12-09 16:00:00+00:00,2022-12-09 20:45:00+00:00,1,-0.4464279347270608,-0.004464279347270609,20
2022-12-12 19:45:00+00:00,2022-12-12 20:45:00+00:00,1,0.6394675337872079,0.006394675337872079,5
2022-12-13 15:30:00+00:00,2022-12-13 20:45:00+00:00,-1,0.4990359077117944,0.004990359077117944,22
2022-12-14 15:15:00+00:00,2022-12-14 19:00:00+00:00,1,-1.0,-0.01,16
2022-12-15 15:15:00+00:00,2022-12-15 20:45:00+00:00,-1,0.7102848951800739,0.007102848951800739,23
2022-12-16 15:15:00+00:00,2022-12-16 20:45:00+00:00,-1,-0.002704689384800017,-2.7046893848000172e-05,23
2022-12-19 16:00:00+00:00,2022-12-19 20:45:00+00:00,-1,0.7089898897895945,0.007089898897895946,20
2022-12-20 15:15:00+00:00,2022-12-20 20:45:00+00:00,1,0.10078755747189891,0.001007875574718989,23
2022-12-21 15:15:00+00:00,2022-12-21 20:45:00+00:00,1,0.3833223788310302,0.003833223788310302,23
2022-12-22 15:15:00+00:00,2022-12-22 20:45:00+00:00,-1,0.2415725602561808,0.002415725602561808,23
2022-12-23 15:45:00+00:00,2022-12-23 20:45:00+00:00,1,-0.0631743470807725,-0.0006317434708077251,21
2022-12-28 16:00:00+00:00,2022-12-28 20:45:00+00:00,-1,0.4003892996178419,0.0040038929961784195,20
2022-12-29 15:15:00+00:00,2022-12-29 20:45:00+00:00,1,0.5745080589340283,0.005745080589340284,23
2022-12-30 18:00:00+00:00,2022-12-30 20:45:00+00:00,1,0.04490518229532635,0.0004490518229532635,12
2023-01-03 15:15:00+00:00,2023-01-03 20:45:00+00:00,-1,0.06576211839368981,0.0006576211839368981,23
2023-01-04 15:15:00+00:00,2023-01-04 16:30:00+00:00,-1,-1.0000000000000049,-0.010000000000000049,6
2023-01-06 16:00:00+00:00,2023-01-06 20:45:00+00:00,1,0.5266093876476212,0.005266093876476212,20
2023-01-09 15:45:00+00:00,2023-01-09 19:45:00+00:00,1,-0.9999999999999957,-0.009999999999999957,17
2023-01-10 15:15:00+00:00,2023-01-10 20:45:00+00:00,1,-0.07723959557958791,-0.0007723959557958791,23
2023-01-11 15:30:00+00:00,2023-01-11 20:45:00+00:00,1,0.5249625628409481,0.0052496256284094815,22
2023-01-12 17:30:00+00:00,2023-01-12 20:45:00+00:00,1,-0.10221758183583146,-0.0010221758183583147,14
2023-01-13 15:15:00+00:00,2023-01-13 20:45:00+00:00,1,0.7918396008887638,0.007918396008887638,23
2023-01-16 15:15:00+00:00,2023-01-17 15:00:00+00:00,-1,-1.0000000000000149,-0.01000000000000015,74
2023-01-17 15:15:00+00:00,2023-01-17 20:45:00+00:00,1,-0.3210431654676273,-0.003210431654676273,23
2023-01-18 15:45:00+00:00,2023-01-18 20:45:00+00:00,-1,0.8654756903334153,0.008654756903334154,21
2023-01-19 16:00:00+00:00,2023-01-19 20:45:00+00:00,-1,-0.39449486026340463,-0.003944948602634046,20
2023-01-20 15:30:00+00:00,2023-01-20 20:45:00+00:00,1,1.5455601002770798,0.015455601002770799,22
2023-01-23 15:30:00+00:00,2023-01-23 20:45:00+00:00,1,0.4738394659214467,0.004738394659214467,22
2023-01-25 16:30:00+00:00,2023-01-25 20:45:00+00:00,1,0.79644626778198,0.0079644626778198,18
2023-01-26 16:00:00+00:00,2023-01-26 20:45:00+00:00,-1,-0.7849565477974184,-0.007849565477974184,20
2023-01-27 15:15:00+00:00,2023-01-27 20:45:00+00:00,1,0.8320073439412699,0.008320073439412698,23
2023-01-30 15:30:00+00:00,2023-01-30 20:45:00+00:00,-1,0.5135684689753867,0.005135684689753867,22
2023-01-31 15:30:00+00:00,2023-01-31 20:45:00+00:00,1,0.2903833587453734,0.0029038335874537343,22
2023-02-01 16:00:00+00:00,2023-02-01 19:00:00+00:00,-1,-0.9999999999999929,-0.009999999999999929,13
2023-02-02 15:45:00+00:00,2023-02-02 20:45:00+00:00,1,-0.21608980355472912,-0.0021608980355472913,21
2023-02-03 15:30:00+00:00,2023-02-03 20:45:00+00:00,1,-0.6347057621577394,-0.006347057621577394,21
2023-02-06 15:30:00+00:00,2023-02-06 20:45:00+00:00,-1,-0.15929622907844188,-0.0015929622907844187,22
2023-02-07 16:15:00+00:00,2023-02-07 20:45:00+00:00,1,1.5375217371917815,0.015375217371917816,19
2023-02-08 15:45:00+00:00,2023-02-08 20:45:00+00:00,-1,0.455525655478381,0.00455525655478381,21
2023-02-09 15:30:00+00:00,2023-02-09 20:45:00+00:00,-1,1.4377392295789633,0.014377392295789633,22
2023-02-10 17:00:00+00:00,2023-02-10 20:45:00+00:00,-1,-0.28618627082549924,-0.0028618627082549926,16
2023-02-13 16:00:00+00:00,2023-02-13 20:45:00+00:00,1,0.3819619074229205,0.0038196190742292055,20
2023-02-14 15:15:00+00:00,2023-02-14 20:45:00+00:00,1,0.0131087607888749,0.000131087607888749,23
2023-02-15 16:30:00+00:00,2023-02-15 20:45:00+00:00,1,0.2659466889980791,0.002659466889980791,18
2023-02-16 15:30:00+00:00,2023-02-16 20:45:00+00:00,1,-0.7081927932909438,-0.007081927932909438,22
2023-02-17 16:30:00+00:00,2023-02-17 20:45:00+00:00,-1,-0.48493666238295985,-0.004849366623829599,18
2023-02-20 15:15:00+00:00,2023-02-21 20:45:00+00:00,-1,5.608554515944356,0.05608554515944356,97
2023-02-22 15:15:00+00:00,2023-02-22 19:00:00+00:00,-1,-1.0,-0.01,16
2023-02-23 15:15:00+00:00,2023-02-23 20:45:00+00:00,-1,-0.3957486788021108,-0.003957486788021108,23
2023-02-24 15:15:00+00:00,2023-02-24 20:45:00+00:00,-1,-0.1130223888976148,-0.001130223888976148,23
2023-02-27 15:15:00+00:00,2023-02-27 16:30:00+00:00,1,-1.0000000000000078,-0.010000000000000078,6
2023-02-28 17:15:00+00:00,2023-02-28 20:45:00+00:00,1,-0.21828645357007928,-0.002182864535700793,15
2023-03-01 15:15:00+00:00,2023-03-01 20:45:00+00:00,-1,-0.030274818516075105,-0.0003027481851607511,23
2023-03-02 15:30:00+00:00,2023-03-02 20:45:00+00:00,1,1.4777134986225917,0.014777134986225918,22
2023-03-03 15:30:00+00:00,2023-03-03 20:45:00+00:00,1,0.7353455464987964,0.007353455464987964,22
2023-03-06 15:15:00+00:00,2023-03-06 20:30:00+00:00,1,-1.0,-0.01,22
2023-03-07 15:15:00+00:00,2023-03-07 15:30:00+00:00,-1,-1.000000000000005,-0.01000000000000005,2
2023-03-08 16:15:00+00:00,2023-03-08 20:45:00+00:00,1,0.0319465922377711,0.000319465922377711,19
2023-03-09 15:45:00+00:00,2023-03-09 18:15:00+00:00,1,-0.9999999999999981,-0.009999999999999981,11
2023-03-10 16:30:00+00:00,2023-03-10 20:45:00+00:00,1,-0.8094343922788791,-0.008094343922788792,18
2023-03-13 15:00:00+00:00,2023-03-13 19:45:00+00:00,1,0.15988514463560624,0.0015988514463560624,20
2023-03-14 14:30:00+00:00,2023-03-14 19:45:00+00:00,1,-0.29815781622912013,-0.0029815781622912012,22
2023-03-15 14:45:00+00:00,2023-03-15 19:00:00+00:00,-1,-1.0000000000000024,-0.010000000000000024,18
2023-03-16 14:45:00+00:00,2023-03-16 19:45:00+00:00,1,1.6166137939137641,0.016166137939137643,18
2023-03-17 14:30:00+00:00,2023-03-17 19:45:00+00:00,-1,0.1868516218585599,0.0018685162185855992,22
2023-03-20 15:00:00+00:00,2023-03-20 19:45:00+00:00,1,0.15062659887956936,0.0015062659887956937,20
2023-03-21 14:30:00+00:00,2023-03-21 19:30:00+00:00,-1,-0.9999999999999933,-0.009999999999999934,21
2023-03-22 14:30:00+00:00,2023-03-22 19:00:00+00:00,1,-1.0000000000000067,-0.010000000000000066,19
2023-03-23 14:15:00+00:00,2023-03-23 18:15:00+00:00,1,-1.0,-0.01,17
2023-03-24 18:45:00+00:00,2023-03-24 19:45:00+00:00,1,0.12282789362346345,0.0012282789362346345,5
2023-03-27 14:45:00+00:00,2023-03-27 19:45:00+00:00,-1,0.573206074961681,0.005732060749616809,21
2023-03-28 14:45:00+00:00,2023-03-28 19:45:00+00:00,-1,-0.40842288043887776,-0.0040842288043887775,21
2023-03-29 14:45:00+00:00,2023-03-29 19:00:00+00:00,-1,-0.9999999999999937,-0.009999999999999938,18
2023-03-30 14:30:00+00:00,2023-03-30 19:45:00+00:00,1,-0.09606877136537274,-0.0009606877136537275,22
2023-03-31 14:45:00+00:00,2023-03-31 19:45:00+00:00,1,0.7068583139159444,0.007068583139159444,21
2023-04-03 15:00:00+00:00,2023-04-03 19:45:00+00:00,-1,-0.6849261653794848,-0.006849261653794848,20
2023-04-04 14:15:00+00:00,2023-04-04 15:00:00+00:00,1,-1.000000000000003,-0.010000000000000031,4
2023-04-05 14:15:00+00:00,2023-04-05 19:45:00+00:00,-1,0.4122043550004864,0.004122043550004864,23
2023-04-06 14:15:00+00:00,2023-04-06 19:45:00+00:00,1,1.3040106103855036,0.013040106103855037,23
2023-04-10 15:15:00+00:00,2023-04-10 19:45:00+00:00,1,0.578963092338093,0.0057896309233809295,19
2023-04-11 14:15:00+00:00,2023-04-11 19:45:00+00:00,-1,-0.03210333213040979,-0.00032103332130409794,23
2023-04-12 15:00:00+00:00,2023-04-12 19:45:00+00:00,-1,0.1707958292487376,0.001707958292487376,20
2023-04-13 14:15:00+00:00,2023-04-13 19:45:00+00:00,1,0.8495246071235197,0.008495246071235198,23
2023-04-14 15:45:00+00:00,2023-04-14 19:45:00+00:00,-1,-0.3653675441292047,-0.003653675441292047,17
2023-04-17 14:45:00+00:00,2023-04-17 19:45:00+00:00,-1,-0.4596154769334083,-0.004596154769334083,21
2023-04-18 14:15:00+00:00,2023-04-18 19:45:00+00:00,-1,0.365239601070302,0.00365239601070302,23
2023-04-19 14:45:00+00:00,2023-04-19 19:45:00+00:00,1,0.4770077402919906,0.004770077402919906,21
2023-04-20 14:15:00+00:00,2023-04-20 19:00:00+00:00,1,-1.0,-0.01,20
2023-04-21 15:45:00+00:00,2023-04-21 19:45:00+00:00,1,-0.09500526870390634,-0.0009500526870390634,17
2023-04-24 14:45:00+00:00,2023-04-24 19:45:00+00:00,-1,-0.35210223874775853,-0.0035210223874775856,21
2023-04-25 14:15:00+00:00,2023-04-25 19:45:00+00:00,-1,1.488571727675616,0.014885717276756161,23
2023-04-26 15:15:00+00:00,2023-04-26 19:45:00+00:00,1,-0.7233204518430448,-0.007233204518430449,19
2023-04-27 14:15:00+00:00,2023-04-27 19:45:00+00:00,1,1.3525009355120263,0.013525009355120264,23
2023-04-28 14:15:00+00:00,2023-04-28 19:45:00+00:00,1,0.28527133811292754,0.0028527133811292755,23
2023-05-01 15:30:00+00:00,2023-05-01 19:45:00+00:00,-1,-0.38506775385698533,-0.0038506775385698535,18
2023-05-02 14:15:00+00:00,2023-05-02 19:45:00+00:00,-1,0.6748722087705041,0.0067487220877050415,23
2023-05-03 15:45:00+00:00,2023-05-03 18:30:00+00:00,-1,-0.9999999999999949,-0.00999999999999995,12
2023-05-04 14:30:00+00:00,2023-05-04 17:15:00+00:00,-1,-1.0000000000000073,-0.010000000000000073,12
2023-05-05 14:15:00+00:00,2023-05-05 19:45:00+00:00,1,1.065636094674572,0.01065636094674572,23
2023-05-08 16:00:00+00:00,2023-05-08 19:45:00+00:00,1,0.3380688342793468,0.0033806883427934683,16
2023-05-09 15:30:00+00:00,2023-05-09 19:45:00+00:00,-1,0.1806131062001342,0.001806131062001342,18
2023-05-10 14:15:00+00:00,2023-05-10 17:15:00+00:00,1,-0.9999999999999962,-0.009999999999999962,13
2023-05-11 15:45:00+00:00,2023-05-11 19:45:00+00:00,1,0.0414464281663245,0.00041446428166324505,17
2023-05-12 14:15:00+00:00,2023-05-12 19:45:00+00:00,-1,0.5719545872967106,0.005719545872967106,23
2023-05-15 14:15:00+00:00,2023-05-15 15:15:00+00:00,-1,-1.0000000000000118,-0.010000000000000118,5
2023-05-16 15:00:00+00:00,2023-05-16 19:45:00+00:00,1,0.007771753162944402,7.771753162944403e-05,20
2023-05-17 15:45:00+00:00,2023-05-17 19:45:00+00:00,1,1.0820431957186398,0.010820431957186398,17
2023-05-18 14:15:00+00:00,2023-05-18 19:45:00+00:00,1,1.9124153239694952,0.019124153239694953,23
2023-05-19 15:15:00+00:00,2023-05-19 19:45:00+00:00,-1,0.16435496325104523,0.0016435496325104524,19
2023-05-23 16:45:00+00:00,2023-05-23 19:45:00+00:00,-1,0.3559759696458697,0.003559759696458697,13
2023-05-24 14:15:00+00:00,2023-05-24 19:30:00+00:00,-1,-1.0000000000000095,-0.010000000000000096,22
2023-05-25 15:15:00+00:00,2023-05-25 19:45:00+00:00,1,0.22649606221891105,0.0022649606221891105,19
2023-05-26 14:15:00+00:00,2023-05-26 19:45:00+00:00,1,1.8302102741548905,0.018302102741548906,23
2023-05-29 14:30:00+00:00,2023-05-30 18:00:00+00:00,1,-1.0,-0.01,89
2023-05-31 14:15:00+00:00,2023-05-31 19:45:00+00:00,-1,-0.19115361794705277,-0.0019115361794705278,23
2023-06-01 14:15:00+00:00,2023-06-01 19:45:00+00:00,1,1.19094258852855,0.0119094258852855,23
2023-06-05 15:00:00+00:00,2023-06-05 18:30:00+00:00,1,-0.9999999999999932,-0.009999999999999933,15
2023-06-06 14:30:00+00:00,2023-06-06 19:45:00+00:00,1,0.15070188580921995,0.0015070188580921995,22
2023-06-07 14:30:00+00:00,2023-06-07 19:45:00+00:00,-1,2.0360420268652875,0.020360420268652875,22
2023-06-08 14:15:00+00:00,2023-06-08 19:45:00+00:00,1,0.8061534414311152,0.008061534414311152,23
2023-06-09 15:30:00+00:00,2023-06-09 19:45:00+00:00,-1,-0.11466430173719148,-0.0011466430173719148,18
2023-06-12 15:45:00+00:00,2023-06-12 19:45:00+00:00,1,1.0293741517903798,0.010293741517903798,17
2023-06-13 14:15:00+00:00,2023-06-13 19:45:00+00:00,-1,-0.5464257863270154,-0.005464257863270154,23
2023-06-14 14:15:00+00:00,2023-06-14 18:00:00+00:00,1,-0.9999999999999905,-0.009999999999999905,16
2023-06-15 14:15:00+00:00,2023-06-15 19:45:00+00:00,1,1.1877683104883598,0.011877683104883598,23
2023-06-16 18:45:00+00:00,2023-06-16 19:45:00+00:00,-1,0.20664559121199927,0.002066455912119993,5
2023-06-19 14:15:00+00:00,2023-06-20 13:30:00+00:00,-1,-0.9999999999999943,-0.009999999999999943,74
2023-06-20 14:30:00+00:00,2023-06-20 17:15:00+00:00,-1,-0.9999999999999981,-0.009999999999999981,12
2023-06-21 14:15:00+00:00,2023-06-21 19:45:00+00:00,-1,0.4813810665068925,0.004813810665068925,23
2023-06-22 14:15:00+00:00,2023-06-22 19:45:00+00:00,1,0.51468711752297,0.0051468711752297005,23
2023-06-23 16:30:00+00:00,2023-06-23 19:45:00+00:00,1,-0.19928384031766824,-0.0019928384031766824,14
2023-06-26 14:15:00+00:00,2023-06-26 14:30:00+00:00,1,-0.9999999999999921,-0.009999999999999922,2
2023-06-27 15:30:00+00:00,2023-06-27 19:45:00+00:00,1,0.8455659357897344,0.008455659357897344,18
2023-06-28 14:30:00+00:00,2023-06-28 19:45:00+00:00,1,-0.3128143253422409,-0.0031281432534224093,22
2023-06-29 14:15:00+00:00,2023-06-29 19:45:00+00:00,-1,-0.025739840989398566,-0.00025739840989398566,23
2023-06-30 14:15:00+00:00,2023-06-30 19:45:00+00:00,1,0.08867708270494955,0.0008867708270494955,23
2023-07-03 14:45:00+00:00,2023-07-05 14:15:00+00:00,-1,-1.0000000000000064,-0.010000000000000064,152
2023-07-05 14:30:00+00:00,2023-07-05 18:15:00+00:00,1,-0.9999999999999939,-0.00999999999999994,16
2023-07-06 15:00:00+00:00,2023-07-06 19:45:00+00:00,-1,-0.7182278285394165,-0.007182278285394165,20
2023-07-07 16:00:00+00:00,2023-07-07 19:45:00+00:00,1,-0.36284240784578575,-0.0036284240784578577,16
2023-07-10 16:15:00+00:00,2023-07-10 19:45:00+00:00,-1,-0.5406449939477731,-0.0054064499394777315,15
2023-07-11 14:15:00+00:00,2023-07-11 15:00:00+00:00,-1,-1.0000000000000056,-0.010000000000000056,4
2023-07-12 14:15:00+00:00,2023-07-12 15:30:00+00:00,1,-1.0000000000000022,-0.010000000000000023,6
2023-07-13 16:00:00+00:00,2023-07-13 19:45:00+00:00,1,0.8263511565500986,0.008263511565500986,16
2023-07-14 14:15:00+00:00,2023-07-14 17:00:00+00:00,1,-1.0000000000000056,-0.010000000000000056,12
2023-07-17 15:45:00+00:00,2023-07-17 19:45:00+00:00,1,0.5249325774671129,0.0052493257746711285,17
2023-07-18 15:45:00+00:00,2023-07-18 19:45:00+00:00,1,1.3133467017977587,0.013133467017977588,17
2023-07-19 15:15:00+00:00,2023-07-19 18:00:00+00:00,1,-1.0000000000000064,-0.010000000000000064,12
2023-07-20 14:15:00+00:00,2023-07-20 19:45:00+00:00,-1,1.9159157599522463,0.019159157599522463,23
2023-07-21 14:30:00+00:00,2023-07-21 19:45:00+00:00,-1,0.07106069634799683,0.0007106069634799684,22
2023-07-25 15:45:00+00:00,2023-07-25 19:45:00+00:00,1,0.07193691094440777,0.0007193691094440777,17
2023-07-26 15:00:00+00:00,2023-07-26 18:30:00+00:00,-1,-0.9999999999999952,-0.009999999999999952,15
2023-07-27 14:30:00+00:00,2023-07-27 19:45:00+00:00,-1,1.9609384418778313,0.019609384418778315,22
2023-07-28 15:15:00+00:00,2023-07-28 19:45:00+00:00,1,0.005262718235744911,5.262718235744911e-05,19
2023-08-01 14:15:00+00:00,2023-08-01 19:45:00+00:00,-1,-0.6907717375203735,-0.006907717375203735,23
2023-08-02 14:15:00+00:00,2023-08-02 19:45:00+00:00,-1,0.49543812104786794,0.0049543812104786795,23
2023-08-03 15:30:00+00:00,2023-08-03 19:45:00+00:00,1,-0.17052599661677278,-0.0017052599661677278,18
2023-08-04 14:15:00+00:00,2023-08-04 16:45:00+00:00,-1,-1.000372711067893,-0.01000372711067893,11
2023-08-07 15:30:00+00:00,2023-08-07 19:45:00+00:00,-1,-0.6390270918070851,-0.006390270918070851,18
2023-08-08 14:15:00+00:00,2023-08-08 19:45:00+00:00,-1,-0.692053936378173,-0.00692053936378173,23
2023-08-09 15:00:00+00:00,2023-08-09 19:45:00+00:00,-1,-0.11974965229486678,-0.0011974965229486678,20
2023-08-10 16:00:00+00:00,2023-08-10 19:45:00+00:00,-1,0.20940373977669657,0.0020940373977669656,16
2023-08-11 14:15:00+00:00,2023-08-11 19:45:00+00:00,1,-0.1883411528888332,-0.0018834115288883322,23
2023-08-14 14:15:00+00:00,2023-08-14 19:45:00+00:00,1,0.7439383070301294,0.007439383070301294,23
2023-08-15 14:15:00+00:00,2023-08-15 19:45:00+00:00,-1,0.42599859368976933,0.004259985936897693,23
2023-08-16 14:45:00+00:00,2023-08-16 16:00:00+00:00,1,-0.9999999999999933,-0.009999999999999934,6
2023-08-17 14:15:00+00:00,2023-08-17 19:45:00+00:00,-1,1.3565834921390993,0.013565834921390994,23
2023-08-18 15:15:00+00:00,2023-08-18 19:45:00+00:00,1,0.47029508325633584,0.0047029508325633585,19
2023-08-21 15:45:00+00:00,2023-08-21 17:30:00+00:00,-1,-0.9999999999999967,-0.009999999999999967,8
2023-08-22 14:45:00+00:00,2023-08-22 19:45:00+00:00,-1,0.5016773406526384,0.005016773406526383,21
2023-08-23 14:15:00+00:00,2023-08-23 19:45:00+00:00,1,0.6858029318674026,0.006858029318674026,23
2023-08-24 14:15:00+00:00,2023-08-24 19:45:00+00:00,-1,1.8690045390842491,0.018690045390842493,23
2023-08-25 14:15:00+00:00,2023-08-25 14:15:00+00:00,1,-1.0000000000000022,-0.010000000000000023,1
2023-08-28 15:45:00+00:00,2023-08-28 19:45:00+00:00,-1,-0.44979778146974225,-0.004497977814697423,17
2023-08-29 14:15:00+00:00,2023-08-29 19:45:00+00:00,1,1.5559422750424619,0.015559422750424618,23
2023-08-30 14:15:00+00:00,2023-08-30 14:15:00+00:00,1,-1.0000000000000022,-0.010000000000000023,1
2023-08-31 14:15:00+00:00,2023-08-31 19:45:00+00:00,1,0.044473520921583805,0.00044473520921583804,23
2023-09-01 15:00:00+00:00,2023-09-01 19:45:00+00:00,-1,-0.08096500530222876,-0.0008096500530222876,20
2023-09-04 14:30:00+00:00,2023-09-05 18:45:00+00:00,-1,-1.0,-0.01,94
2023-09-06 14:15:00+00:00,2023-09-06 19:45:00+00:00,-1,0.13215251102575454,0.0013215251102575453,23
2023-09-07 14:45:00+00:00,2023-09-07 19:45:00+00:00,1,0.13327467886678024,0.0013327467886678024,21
2023-09-08 14:30:00+00:00,2023-09-08 19:00:00+00:00,1,-1.0000000000000022,-0.010000000000000023,19
2023-09-11 14:15:00+00:00,2023-09-11 17:30:00+00:00,-1,-0.9999999999999915,-0.009999999999999915,14
2023-09-12 14:30:00+00:00,2023-09-12 19:45:00+00:00,-1,0.7824255876159407,0.007824255876159408,22
2023-09-13 14:15:00+00:00,2023-09-13 19:45:00+00:00,-1,-0.4368594662292089,-0.004368594662292089,23
2023-09-14 14:45:00+00:00,2023-09-14 19:45:00+00:00,1,0.2746593656142444,0.002746593656142444,21
2023-09-15 14:15:00+00:00,2023-09-15 19:45:00+00:00,-1,0.89936391968528,0.0089936391968528,23
2023-09-18 15:45:00+00:00,2023-09-18 19:45:00+00:00,1,-0.38086694416534417,-0.003808669441653442,17
2023-09-19 14:15:00+00:00,2023-09-19 18:30:00+00:00,-1,-1.0,-0.01,18
2023-09-20 14:15:00+00:00,2023-09-20 19:45:00+00:00,-1,2.29519206400925,0.0229519206400925,23
2023-09-21 19:00:00+00:00,2023-09-21 19:45:00+00:00,-1,0.21130646470110687,0.002113064647011069,4
2023-09-22 14:30:00+00:00,2023-09-22 19:45:00+00:00,1,-0.5905174906042304,-0.0059051749060423046,22
2023-09-25 15:30:00+00:00,2023-09-25 19:45:00+00:00,1,-0.026542917947503887,-0.00026542917947503886,18
2023-09-26 14:15:00+00:00,2023-09-26 19:45:00+00:00,-1,0.40548888551319107,0.004054888855131911,23
2023-09-27 14:15:00+00:00,2023-09-27 19:45:00+00:00,-1,-0.02956989247312803,-0.0002956989247312803,23
2023-09-28 14:15:00+00:00,2023-09-28 19:45:00+00:00,1,0.7531413995693171,0.007531413995693172,23
2023-09-29 15:30:00+00:00,2023-09-29 19:45:00+00:00,-1,0.6192377387044763,0.006192377387044763,18
2023-10-02 15:15:00+00:00,2023-10-02 19:45:00+00:00,1,-0.29103748146150704,-0.0029103748146150706,19
2023-10-03 14:15:00+00:00,2023-10-03 19:45:00+00:00,-1,0.8093854927250506,0.008093854927250507,23
2023-10-04 14:30:00+00:00,2023-10-04 15:45:00+00:00,-1,-1.0000000000000033,-0.010000000000000033,6
2023-10-05 14:15:00+00:00,2023-10-05 19:45:00+00:00,-1,-0.5568106375310516,-0.005568106375310517,23
2023-10-06 14:30:00+00:00,2023-10-06 19:45:00+00:00,1,1.191419141914199,0.011914191419141991,22
2023-10-09 16:30:00+00:00,2023-10-09 19:45:00+00:00,1,0.6422923542354226,0.006422923542354226,14
2023-10-10 14:15:00+00:00,2023-10-10 19:45:00+00:00,1,0.21613793480340412,0.0021613793480340414,23
2023-10-11 14:15:00+00:00,2023-10-11 19:45:00+00:00,-1,-0.621842318180441,-0.00621842318180441,23
2023-10-12 14:15:00+00:00,2023-10-12 17:00:00+00:00,1,-0.9999999999999929,-0.009999999999999929,12
2023-10-13 14:15:00+00:00,2023-10-13 19:45:00+00:00,-1,1.6073515841279649,0.01607351584127965,23
2023-10-16 14:30:00+00:00,2023-10-16 19:45:00+00:00,1,0.11192713157778614,0.0011192713157778613,22
2023-10-17 14:15:00+00:00,2023-10-17 19:45:00+00:00,1,0.36400507545204686,0.003640050754520469,23
2023-10-18 15:00:00+00:00,2023-10-18 19:45:00+00:00,-1,0.5907208450873233,0.005907208450873233,20
2023-10-19 14:30:00+00:00,2023-10-19 19:45:00+00:00,-1,0.8904112104905393,0.008904112104905394,22
2023-10-20 14:15:00+00:00,2023-10-20 19:45:00+00:00,-1,0.8285184613007884,0.008285184613007885,23
2023-10-23 14:15:00+00:00,2023-10-23 19:45:00+00:00,1,0.4282755532335701,0.004282755532335701,23
2023-10-24 14:30:00+00:00,2023-10-24 16:30:00+00:00,1,-1.0,-0.01,9
2023-10-25 16:00:00+00:00,2023-10-25 19:45:00+00:00,-1,0.5002056766762707,0.005002056766762707,16
2023-10-26 14:15:00+00:00,2023-10-26 19:45:00+00:00,-1,0.6876322333989152,0.006876322333989152,23
2023-10-27 14:45:00+00:00,2023-10-27 19:45:00+00:00,-1,0.3936105734451699,0.0039361057344517,21
2023-10-30 14:45:00+00:00,2023-10-30 18:45:00+00:00,-1,-0.999999999999998,-0.00999999999999998,17
2023-10-31 16:45:00+00:00,2023-10-31 19:45:00+00:00,1,0.26299562629955997,0.0026299562629956,13
2023-11-01 14:30:00+00:00,2023-11-01 19:45:00+00:00,1,0.7918007662835104,0.007918007662835104,22
2023-11-02 14:15:00+00:00,2023-11-02 17:30:00+00:00,-1,-0.9999999999999923,-0.009999999999999924,14
2023-11-03 15:45:00+00:00,2023-11-03 19:45:00+00:00,1,0.26738862909180006,0.0026738862909180005,17
2023-11-06 15:15:00+00:00,2023-11-06 20:45:00+00:00,-1,-0.23157193605685986,-0.002315719360568599,23
2023-11-07 15:30:00+00:00,2023-11-07 20:45:00+00:00,1,0.5403574834339862,0.0054035748343398615,22
2023-11-08 15:15:00+00:00,2023-11-08 20:45:00+00:00,-1,-0.3450502738494379,-0.003450502738494379,23
2023-11-09 15:30:00+00:00,2023-11-09 20:45:00+00:00,-1,1.285147134587994,0.012851471345879939,22
2023-11-10 16:15:00+00:00,2023-11-10 20:45:00+00:00,1,1.1771303976442744,0.011771303976442745,19
2023-11-13 16:15:00+00:00,2023-11-13 20:45:00+00:00,1,0.01747686885005894,0.0001747686885005894,19
2023-11-14 15:30:00+00:00,2023-11-14 20:45:00+00:00,1,0.13425474914759508,0.0013425474914759508,22
2023-11-15 17:00:00+00:00,2023-11-15 20:45:00+00:00,-1,0.03617255994890674,0.0003617255994890674,16
2023-11-16 16:30:00+00:00,2023-11-16 20:45:00+00:00,-1,-0.6116036395257595,-0.006116036395257595,18
2023-11-17 17:15:00+00:00,2023-11-17 20:45:00+00:00,1,-0.1203785535424814,-0.001203785535424814,15
2023-11-20 16:00:00+00:00,2023-11-20 20:45:00+00:00,1,0.8552241729719033,0.008552241729719034,20
2023-11-21 15:30:00+00:00,2023-11-21 20:45:00+00:00,-1,-0.557654328852651,-0.00557654328852651,22
2023-11-23 16:00:00+00:00,2023-11-24 07:00:00+00:00,1,-1.0000000000000162,-0.010000000000000162,41
2023-11-24 15:30:00+00:00,2023-11-27 16:45:00+00:00,-1,-1.0000000000000107,-0.010000000000000106,83
2023-11-28 15:45:00+00:00,2023-11-28 20:45:00+00:00,1,-0.235266753888653,-0.00235266753888653,21
2023-11-29 15:15:00+00:00,2023-11-29 20:45:00+00:00,-1,0.8816674137158158,0.008816674137158158,23
2023-11-30 15:45:00+00:00,2023-11-30 20:45:00+00:00,-1,-0.1490048470810304,-0.001490048470810304,21
2023-12-01 16:15:00+00:00,2023-12-01 20:45:00+00:00,1,0.2811061387919385,0.002811061387919385,19
2023-12-04 15:30:00+00:00,2023-12-04 20:45:00+00:00,-1,-0.9099726709286948,-0.00909972670928695,22
2023-12-05 15:15:00+00:00,2023-12-05 20:45:00+00:00,1,-0.13899489576873167,-0.0013899489576873166,23
2023-12-06 15:30:00+00:00,2023-12-06 20:45:00+00:00,-1,0.43067485990004445,0.004306748599000445,22
2023-12-07 15:30:00+00:00,2023-12-07 20:45:00+00:00,1,0.3418986861452384,0.003418986861452384,22
2023-12-08 15:15:00+00:00,2023-12-08 20:45:00+00:00,1,0.19662849756968223,0.0019662849756968224,23
2023-12-11 15:15:00+00:00,2023-12-11 20:45:00+00:00,1,0.6282637075718226,0.006282637075718226,23
2023-12-12 15:45:00+00:00,2023-12-12 20:45:00+00:00,1,0.597290914761848,0.00597290914761848,21
2023-12-13 17:45:00+00:00,2023-12-13 19:00:00+00:00,-1,-1.0,-0.01,6
2023-12-14 15:30:00+00:00,2023-12-14 20:45:00+00:00,-1,0.5115087214529702,0.005115087214529702,22
2023-12-15 15:30:00+00:00,2023-12-15 20:45:00+00:00,1,-0.31956639987570645,-0.0031956639987570645,22
2023-12-18 15:30:00+00:00,2023-12-18 20:45:00+00:00,1,0.6197980362695809,0.006197980362695809,22
2023-12-19 16:00:00+00:00,2023-12-19 20:45:00+00:00,1,-0.035046501830909134,-0.00035046501830909133,20
2023-12-20 15:15:00+00:00,2023-12-20 19:30:00+00:00,1,-1.0000000000000278,-0.010000000000000278,18
2023-12-21 15:15:00+00:00,2023-12-21 20:45:00+00:00,-1,-0.4686127038498943,-0.004686127038498943,23
2023-12-22 17:15:00+00:00,2023-12-22 20:45:00+00:00,-1,0.019480519480527408,0.0001948051948052741,15
2023-12-26 18:15:00+00:00,2023-12-26 20:45:00+00:00,1,0.5669914738124368,0.005669914738124368,11
2023-12-27 15:15:00+00:00,2023-12-27 18:00:00+00:00,-1,-1.0,-0.01,12
2023-12-28 15:15:00+00:00,2023-12-28 20:45:00+00:00,-1,-0.08323522486462781,-0.0008323522486462781,23
2023-12-29 15:45:00+00:00,2023-12-29 20:45:00+00:00,-1,0.21131361045232608,0.002113136104523261,21
2024-01-02 15:45:00+00:00,2024-01-02 20:45:00+00:00,-1,0.44410673150757274,0.004441067315075728,21
2024-01-03 15:15:00+00:00,2024-01-03 20:45:00+00:00,-1,0.18844474302988704,0.0018844474302988704,23
2024-01-04 15:15:00+00:00,2024-01-04 20:45:00+00:00,1,-0.30980004094724634,-0.0030980004094724634,23
2024-01-05 15:15:00+00:00,2024-01-05 20:15:00+00:00,1,-0.9999999999999942,-0.009999999999999943,21
2024-01-08 15:30:00+00:00,2024-01-08 20:45:00+00:00,1,1.363798900571074,0.01363798900571074,22
2024-01-09 15:15:00+00:00,2024-01-09 20:45:00+00:00,1,0.6983502754273349,0.006983502754273349,23
2024-01-10 15:45:00+00:00,2024-01-10 20:45:00+00:00,1,0.3168014402077803,0.0031680144020778027,21
2024-01-11 15:15:00+00:00,2024-01-11 20:45:00+00:00,-1,-0.5454106925520301,-0.005454106925520301,23
2024-01-12 15:15:00+00:00,2024-01-12 20:45:00+00:00,-1,-0.01636883488206517,-0.0001636883488206517,23
2024-01-15 16:00:00+00:00,2024-01-16 00:00:00+00:00,1,-0.9999999999999725,-0.009999999999999724,13
2024-01-16 15:30:00+00:00,2024-01-16 20:45:00+00:00,1,-0.37153560990917717,-0.0037153560990917716,22
2024-01-18 15:45:00+00:00,2024-01-18 20:45:00+00:00,1,0.26194737600031215,0.0026194737600031214,21
2024-01-19 15:30:00+00:00,2024-01-19 20:45:00+00:00,1,1.8761692065160744,0.018761692065160745,22
2024-01-22 15:30:00+00:00,2024-01-22 20:45:00+00:00,-1,0.13746999199788493,0.0013746999199788492,22
2024-01-23 18:00:00+00:00,2024-01-23 20:45:00+00:00,1,0.13137655539739004,0.0013137655539739005,12
2024-01-24 15:30:00+00:00,2024-01-24 20:15:00+00:00,1,-0.9999999999999838,-0.009999999999999839,20
2024-01-25 15:30:00+00:00,2024-01-25 18:30:00+00:00,1,-1.0000000000000122,-0.010000000000000122,13
2024-01-26 15:30:00+00:00,2024-01-26 20:45:00+00:00,1,-0.4134968160924315,-0.004134968160924315,22
2024-01-29 17:15:00+00:00,2024-01-29 20:45:00+00:00,1,1.0450637078237168,0.010450637078237169,15
2024-01-30 15:15:00+00:00,2024-01-30 20:45:00+00:00,-1,0.8220626333435022,0.008220626333435021,23
2024-01-31 15:15:00+00:00,2024-01-31 19:30:00+00:00,-1,-1.0000000000000129,-0.010000000000000129,18
2024-02-01 15:15:00+00:00,2024-02-01 20:45:00+00:00,1,0.7304863370926657,0.007304863370926657,23
2024-02-02 15:45:00+00:00,2024-02-02 20:45:00+00:00,1,0.4586661314212313,0.004586661314212313,21
2024-02-05 15:15:00+00:00,2024-02-05 20:45:00+00:00,-1,-0.4247852503666512,-0.004247852503666512,23
2024-02-06 15:15:00+00:00,2024-02-06 20:45:00+00:00,-1,0.1755304752624841,0.0017553047526248412,23
2024-02-07 15:15:00+00:00,2024-02-07 20:45:00+00:00,1,0.3416416093039623,0.003416416093039623,23
2024-02-08 15:45:00+00:00,2024-02-08 20:45:00+00:00,1,0.028051578709234606,0.00028051578709234606,21
2024-02-09 15:30:00+00:00,2024-02-09 20:45:00+00:00,1,0.6539982610158888,0.0065399826101588876,22
2024-02-12 15:45:00+00:00,2024-02-12 18:30:00+00:00,1,-1.0000000000000155,-0.010000000000000156,12
2024-02-13 15:30:00+00:00,2024-02-13 20:45:00+00:00,1,-0.5763817792156355,-0.005763817792156355,22
2024-02-14 15:30:00+00:00,2024-02-14 16:00:00+00:00,1,-1.0,-0.01,3
2024-02-15 16:15:00+00:00,2024-02-15 20:45:00+00:00,-1,-0.5945163905068878,-0.005945163905068877,19
2024-02-19 15:30:00+00:00,2024-02-20 20:45:00+00:00,-1,4.775026034886554,0.047750260348865536,98
2024-02-21 16:15:00+00:00,2024-02-21 19:30:00+00:00,1,-0.9999999999999961,-0.009999999999999962,14
2024-02-22 16:45:00+00:00,2024-02-22 20:45:00+00:00,1,0.5761965092751992,0.005761965092751992,17
2024-02-23 15:30:00+00:00,2024-02-23 20:45:00+00:00,-1,0.4475587703435864,0.004475587703435864,22
2024-02-27 18:00:00+00:00,2024-02-27 20:45:00+00:00,-1,-0.5615922894111373,-0.005615922894111372,12
2024-02-28 16:30:00+00:00,2024-02-28 20:45:00+00:00,1,-0.4213111976961012,-0.004213111976961012,18
2024-02-29 15:15:00+00:00,2024-02-29 20:45:00+00:00,-1,-0.4819653846919763,-0.004819653846919763,23
2024-03-01 15:45:00+00:00,2024-03-01 20:45:00+00:00,1,1.6783567134268222,0.016783567134268224,21
2024-03-04 18:30:00+00:00,2024-03-04 20:45:00+00:00,-1,-0.06338990773433698,-0.0006338990773433697,10
2024-03-05 15:15:00+00:00,2024-03-05 20:45:00+00:00,-1,0.9520378293177473,0.009520378293177473,23
2024-03-06 15:15:00+00:00,2024-03-06 17:00:00+00:00,-1,-1.0000000000000078,-0.010000000000000078,8
2024-03-07 15:30:00+00:00,2024-03-07 20:45:00+00:00,1,0.7263653182887457,0.007263653182887457,22
2024-03-08 15:15:00+00:00,2024-03-08 16:15:00+00:00,1,-0.9999999999999941,-0.009999999999999941,5
2024-03-11 15:00:00+00:00,2024-03-11 19:45:00+00:00,1,-0.13393453078417128,-0.0013393453078417129,20
2024-03-12 14:30:00+00:00,2024-03-12 19:45:00+00:00,1,0.43104528874236714,0.004310452887423671,22
2024-03-13 14:15:00+00:00,2024-03-13 19:45:00+00:00,-1,-0.06210483377524195,-0.0006210483377524196,23
2024-03-15 16:00:00+00:00,2024-03-15 19:45:00+00:00,-1,-0.035192130007054914,-0.00035192130007054913,16
2024-03-18 14:30:00+00:00,2024-03-18 17:00:00+00:00,1,-1.000000000000008,-0.01000000000000008,11
2024-03-19 16:00:00+00:00,2024-03-19 19:45:00+00:00,1,0.5500609078857795,0.005500609078857795,16
2024-03-20 18:15:00+00:00,2024-03-20 19:45:00+00:00,1,0.7474090142202884,0.007474090142202884,7
2024-03-21 18:00:00+00:00,2024-03-21 19:45:00+00:00,-1,0.22733669086059852,0.0022733669086059853,8
2024-03-22 15:30:00+00:00,2024-03-22 19:45:00+00:00,1,0.2891334730957191,0.002891334730957191,18
2024-03-25 14:15:00+00:00,2024-03-25 19:45:00+00:00,1,0.29612097959586803,0.0029612097959586803,23
2024-03-26 14:45:00+00:00,2024-03-26 19:45:00+00:00,-1,0.7802993995094497,0.0078029939950944975,21
2024-03-27 14:15:00+00:00,2024-03-27 19:45:00+00:00,-1,-0.771087526136078,-0.00771087526136078,23
2024-03-28 18:45:00+00:00,2024-03-28 19:45:00+00:00,-1,-0.4314782953943522,-0.004314782953943522,5
2024-04-01 15:00:00+00:00,2024-04-01 19:45:00+00:00,-1,0.013976902021080003,0.00013976902021080003,20
2024-04-02 14:15:00+00:00,2024-04-02 19:45:00+00:00,-1,-0.859757715094157,-0.00859757715094157,23
2024-04-03 14:15:00+00:00,2024-04-03 19:45:00+00:00,1,-0.09386512894439672,-0.0009386512894439673,23
2024-04-04 14:45:00+00:00,2024-04-04 19:45:00+00:00,-1,3.997470147743414,0.03997470147743414,21
2024-04-05 14:15:00+00:00,2024-04-05 19:45:00+00:00,1,0.30466622384590897,0.0030466622384590896,23
2024-04-08 14:30:00+00:00,2024-04-08 19:45:00+00:00,1,-0.3429508413939182,-0.003429508413939182,22
2024-04-09 14:30:00+00:00,2024-04-09 19:45:00+00:00,-1,-0.2755244609417311,-0.0027552446094173113,22
2024-04-11 14:15:00+00:00,2024-04-11 17:00:00+00:00,-1,-0.9999999999999907,-0.009999999999999907,12
2024-04-12 14:30:00+00:00,2024-04-12 19:45:00+00:00,-1,0.6627457723116742,0.0066274577231167425,22
2024-04-15 14:15:00+00:00,2024-04-15 19:45:00+00:00,-1,2.4379016251694856,0.024379016251694856,23
2024-04-16 14:15:00+00:00,2024-04-16 19:45:00+00:00,1,-0.04039626815427454,-0.00040396268154274537,23
2024-04-17 14:15:00+00:00,2024-04-17 19:45:00+00:00,-1,1.1431520532741353,0.011431520532741353,23
2024-04-18 14:45:00+00:00,2024-04-18 17:15:00+00:00,1,-1.0000000000000069,-0.01000000000000007,11
2024-04-19 14:15:00+00:00,2024-04-19 19:45:00+00:00,-1,1.6305079453195463,0.016305079453195464,23
2024-04-22 14:30:00+00:00,2024-04-22 17:15:00+00:00,-1,-1.0000000000000115,-0.010000000000000116,12
2024-04-23 14:30:00+00:00,2024-04-23 19:45:00+00:00,1,0.41691677482152467,0.004169167748215247,22
2024-04-24 14:45:00+00:00,2024-04-24 19:45:00+00:00,-1,0.24556889083178496,0.0024556889083178495,21
2024-04-25 14:15:00+00:00,2024-04-25 19:45:00+00:00,1,0.748638213335883,0.00748638213335883,23
2024-04-26 14:15:00+00:00,2024-04-26 19:45:00+00:00,1,0.13295779283929202,0.0013295779283929202,23
2024-04-30 15:15:00+00:00,2024-04-30 19:45:00+00:00,-1,0.4278224988161959,0.004278224988161959,19
2024-05-01 14:15:00+00:00,2024-05-01 18:30:00+00:00,-1,-0.9999999999999871,-0.009999999999999872,18
2024-05-02 14:15:00+00:00,2024-05-02 17:15:00+00:00,-1,-0.9999999999999967,-0.009999999999999967,13
2024-05-03 15:15:00+00:00,2024-05-03 19:45:00+00:00,-1,-0.41169464609800555,-0.004116946460980055,19
2024-05-06 15:45:00+00:00,2024-05-06 19:45:00+00:00,1,0.45627438231466383,0.004562743823146639,17
2024-05-07 15:00:00+00:00,2024-05-07 19:45:00+00:00,1,-0.5963846934175091,-0.0059638469341750915,20
2024-05-08 14:30:00+00:00,2024-05-08 19:45:00+00:00,1,-0.1575526428878623,-0.001575526428878623,22
2024-05-09 15:00:00+00:00,2024-05-09 19:45:00+00:00,1,-0.09959716627306989,-0.0009959716627306989,20
2024-05-10 14:30:00+00:00,2024-05-10 19:45:00+00:00,-1,-0.18492083758936934,-0.0018492083758936933,22
2024-05-14 14:30:00+00:00,2024-05-14 19:45:00+00:00,1,0.41489195114313965,0.004148919511431396,22
2024-05-15 14:30:00+00:00,2024-05-15 19:45:00+00:00,1,1.1712574326688008,0.011712574326688008,22
2024-05-16 14:45:00+00:00,2024-05-16 19:45:00+00:00,1,-0.9318694770667065,-0.009318694770667066,21
2024-05-17 14:45:00+00:00,2024-05-17 18:00:00+00:00,1,-1.0,-0.01,14
2024-05-20 14:45:00+00:00,2024-05-20 19:45:00+00:00,1,0.039251285347060696,0.000392512853470607,21
2024-05-21 14:30:00+00:00,2024-05-21 19:45:00+00:00,1,0.6688063370663806,0.006688063370663806,22
2024-05-22 15:15:00+00:00,2024-05-22 17:30:00+00:00,1,-1.000000000000007,-0.010000000000000071,10
2024-05-23 15:00:00+00:00,2024-05-23 19:45:00+00:00,-1,0.7396211433756741,0.007396211433756741,20
2024-05-24 14:15:00+00:00,2024-05-24 19:45:00+00:00,1,0.6152887087976254,0.006152887087976254,23
2024-05-27 15:00:00+00:00,2024-05-28 13:45:00+00:00,1,-0.9999999999999685,-0.009999999999999684,72
2024-05-28 17:45:00+00:00,2024-05-28 18:30:00+00:00,1,-1.0000000000000053,-0.010000000000000054,4
2024-05-29 14:30:00+00:00,2024-05-29 19:45:00+00:00,1,-0.13327674023769978,-0.001332767402376998,22
2024-05-30 14:45:00+00:00,2024-05-30 19:45:00+00:00,-1,0.43864965669240114,0.004386496566924011,21
2024-05-31 14:15:00+00:00,2024-05-31 19:45:00+00:00,-1,0.059749402688360785,0.0005974940268836078,23
2024-06-03 14:45:00+00:00,2024-06-03 19:45:00+00:00,-1,0.5221468763526017,0.0052214687635260175,21
2024-06-04 18:15:00+00:00,2024-06-04 19:45:00+00:00,1,0.21623543353743963,0.0021623543353743962,7
2024-06-05 14:30:00+00:00,2024-06-05 19:45:00+00:00,1,1.235091007744299,0.01235091007744299,22
2024-06-07 14:45:00+00:00,2024-06-07 19:45:00+00:00,1,-0.2354133796150264,-0.002354133796150264,21
2024-06-10 14:30:00+00:00,2024-06-10 19:45:00+00:00,1,0.7329123449923085,0.007329123449923085,22
2024-06-11 14:45:00+00:00,2024-06-11 19:45:00+00:00,1,0.9387595382508384,0.009387595382508383,21
2024-06-12 14:15:00+00:00,2024-06-12 19:45:00+00:00,1,-0.3794255306752397,-0.003794255306752397,23
2024-06-13 14:15:00+00:00,2024-06-13 19:45:00+00:00,-1,-0.16345351974491767,-0.0016345351974491767,23
2024-06-14 17:15:00+00:00,2024-06-14 19:45:00+00:00,1,-0.027754213845752034,-0.00027754213845752033,11
2024-06-17 15:00:00+00:00,2024-06-17 19:45:00+00:00,1,2.410476113491267,0.02410476113491267,20
2024-06-18 15:00:00+00:00,2024-06-18 19:45:00+00:00,-1,-0.2049141577506715,-0.002049141577506715,20
2024-06-19 16:30:00+00:00,2024-06-20 01:30:00+00:00,-1,-1.000000000000045,-0.010000000000000451,17
2024-06-20 14:15:00+00:00,2024-06-20 19:45:00+00:00,-1,0.9318836187301219,0.00931883618730122,23
2024-06-21 16:00:00+00:00,2024-06-21 19:45:00+00:00,1,-0.3723379552842741,-0.003723379552842741,16
2024-06-24 14:15:00+00:00,2024-06-24 14:45:00+00:00,1,-0.9999999999999966,-0.009999999999999966,3
2024-06-25 14:15:00+00:00,2024-06-25 19:45:00+00:00,1,0.6216807462645367,0.006216807462645368,23
2024-06-26 14:15:00+00:00,2024-06-26 19:45:00+00:00,1,-0.2154389505549824,-0.0021543895055498243,23
2024-06-27 14:15:00+00:00,2024-06-27 15:30:00+00:00,1,-1.0000000000000038,-0.010000000000000038,6
2024-06-28 14:15:00+00:00,2024-06-28 14:45:00+00:00,1,-1.0,-0.01,3
2024-07-01 14:15:00+00:00,2024-07-01 15:45:00+00:00,-1,-1.0,-0.01,7
2024-07-02 15:00:00+00:00,2024-07-02 19:45:00+00:00,1,0.6946856042718583,0.006946856042718583,20
2024-07-03 14:15:00+00:00,2024-07-05 19:45:00+00:00,1,3.7211737489345573,0.03721173748934557,176
2024-07-08 15:30:00+00:00,2024-07-08 19:45:00+00:00,1,-0.26012377426738525,-0.0026012377426738527,18
2024-07-09 14:30:00+00:00,2024-07-09 19:45:00+00:00,-1,0.32848466893794237,0.003284846689379424,22
2024-07-10 14:15:00+00:00,2024-07-10 14:45:00+00:00,1,-0.9999999999999841,-0.00999999999999984,3
2024-07-11 14:15:00+00:00,2024-07-11 19:45:00+00:00,-1,2.066296685165708,0.02066296685165708,23
2024-07-12 14:15:00+00:00,2024-07-12 19:45:00+00:00,1,0.05045056365335097,0.0005045056365335096,23
2024-07-15 14:15:00+00:00,2024-07-15 17:30:00+00:00,1,-1.0000000000000044,-0.010000000000000045,14
2024-07-16 14:15:00+00:00,2024-07-16 19:45:00+00:00,-1,-0.5850268977883911,-0.0058502689778839115,23
2024-07-17 14:15:00+00:00,2024-07-17 19:45:00+00:00,-1,0.6139867359616454,0.006139867359616455,23
2024-07-18 14:45:00+00:00,2024-07-18 19:45:00+00:00,-1,0.12304835005626295,0.0012304835005626296,21
2024-07-19 14:30:00+00:00,2024-07-19 19:45:00+00:00,-1,0.46650978282793754,0.004665097828279376,22
2024-07-22 15:30:00+00:00,2024-07-22 19:45:00+00:00,-1,-0.7925705022706575,-0.007925705022706574,18
2024-07-23 15:15:00+00:00,2024-07-23 19:45:00+00:00,1,-0.5821171240226819,-0.005821171240226819,19
2024-07-24 14:15:00+00:00,2024-07-24 19:45:00+00:00,-1,1.256965944272431,0.01256965944272431,23
2024-07-25 14:15:00+00:00,2024-07-25 14:45:00+00:00,-1,-0.9999999999999982,-0.009999999999999983,3
2024-07-26 16:00:00+00:00,2024-07-26 19:45:00+00:00,1,0.002074930394545746,2.074930394545746e-05,16
2024-07-29 15:00:00+00:00,2024-07-29 19:45:00+00:00,-1,-0.18730444001964724,-0.0018730444001964725,20
2024-07-30 14:30:00+00:00,2024-07-30 19:45:00+00:00,-1,1.6688549618320534,0.016688549618320534,22
2024-07-31 14:15:00+00:00,2024-07-31 19:45:00+00:00,1,0.6794750103548279,0.00679475010354828,23
2024-08-01 14:30:00+00:00,2024-08-01 19:45:00+00:00,-1,1.9657358909022358,0.019657358909022357,22
2024-08-02 14:15:00+00:00,2024-08-02 19:45:00+00:00,-1,-0.33627165699185974,-0.0033627165699185975,23
2024-08-05 14:15:00+00:00,2024-08-05 19:45:00+00:00,1,-0.06657452100141487,-0.0006657452100141487,23
2024-08-06 14:15:00+00:00,2024-08-06 19:45:00+00:00,1,0.3554540408999755,0.003554540408999755,23
2024-08-07 14:30:00+00:00,2024-08-07 19:45:00+00:00,-1,1.5907488986784382,0.01590748898678438,22
2024-08-08 14:15:00+00:00,2024-08-08 19:45:00+00:00,1,0.6888105121580715,0.006888105121580715,23
2024-08-09 14:15:00+00:00,2024-08-09 19:45:00+00:00,1,0.24118320469737997,0.0024118320469738,23
2024-08-12 14:30:00+00:00,2024-08-12 19:45:00+00:00,1,-0.5245384639826991,-0.005245384639826991,22
2024-08-13 15:00:00+00:00,2024-08-13 19:45:00+00:00,1,0.730611720493997,0.00730611720493997,20
2024-08-14 14:15:00+00:00,2024-08-14 15:45:00+00:00,-1,-1.0000000000000053,-0.010000000000000054,7
2024-08-15 14:30:00+00:00,2024-08-15 19:45:00+00:00,1,0.5460339847299277,0.005460339847299277,22
2024-08-16 14:15:00+00:00,2024-08-16 19:45:00+00:00,1,0.20238051504352908,0.002023805150435291,23
2024-08-19 15:00:00+00:00,2024-08-19 19:45:00+00:00,1,0.8399452536904727,0.008399452536904727,20
2024-08-20 14:45:00+00:00,2024-08-20 19:45:00+00:00,-1,-0.5425527801407397,-0.005425527801407397,21
2024-08-21 14:45:00+00:00,2024-08-21 14:45:00+00:00,1,-0.999999999999989,-0.009999999999999891,1
2024-08-22 14:15:00+00:00,2024-08-22 19:45:00+00:00,-1,2.63398614759974,0.0263398614759974,23
2024-08-23 14:15:00+00:00,2024-08-23 14:45:00+00:00,1,-1.0000000000000124,-0.010000000000000125,3
2024-08-26 14:15:00+00:00,2024-08-26 19:45:00+00:00,-1,0.6181429563405859,0.006181429563405859,23
2024-08-27 14:15:00+00:00,2024-08-27 19:45:00+00:00,1,0.41655908078623527,0.004165590807862353,23
2024-08-28 14:45:00+00:00,2024-08-28 19:45:00+00:00,-1,0.3293984476067155,0.003293984476067155,21
2024-08-29 15:15:00+00:00,2024-08-29 18:30:00+00:00,1,-1.0000000000000042,-0.010000000000000042,14
2024-08-30 15:00:00+00:00,2024-08-30 19:45:00+00:00,-1,-0.307450149838642,-0.00307450149838642,20
2024-09-02 14:15:00+00:00,2024-09-02 14:45:00+00:00,-1,-1.0000000000000164,-0.010000000000000165,3
2024-09-03 14:15:00+00:00,2024-09-03 19:45:00+00:00,-1,1.7155539884030877,0.017155539884030877,23
2024-09-04 14:45:00+00:00,2024-09-04 19:45:00+00:00,1,-0.3738399152755073,-0.0037383991527550732,21
2024-09-05 14:30:00+00:00,2024-09-05 15:30:00+00:00,1,-1.000000000000004,-0.01000000000000004,5
2024-09-06 14:15:00+00:00,2024-09-06 19:45:00+00:00,-1,0.8941139089681436,0.008941139089681437,23
2024-09-09 14:15:00+00:00,2024-09-09 14:30:00+00:00,1,-1.000000000000011,-0.010000000000000111,2
2024-09-10 14:15:00+00:00,2024-09-10 19:45:00+00:00,-1,-0.8124018573237507,-0.008124018573237506,23
2024-09-11 14:15:00+00:00,2024-09-11 16:15:00+00:00,-1,-1.0000000000000049,-0.010000000000000049,9
2024-09-12 14:15:00+00:00,2024-09-12 19:45:00+00:00,1,0.8587224868736786,0.008587224868736787,23
2024-09-13 14:45:00+00:00,2024-09-13 19:45:00+00:00,1,0.05793644440886965,0.0005793644440886966,21
2024-09-17 16:30:00+00:00,2024-09-17 19:45:00+00:00,-1,0.22050707140393055,0.0022050707140393055,14
2024-09-18 15:30:00+00:00,2024-09-18 18:00:00+00:00,-1,-1.0000000000000033,-0.010000000000000033,11
2024-09-19 14:30:00+00:00,2024-09-19 19:45:00+00:00,1,-0.1577152441297068,-0.0015771524412970682,22
2024-09-20 14:15:00+00:00,2024-09-20 19:45:00+00:00,-1,-0.6421217343976671,-0.006421217343976671,23
2024-09-23 15:45:00+00:00,2024-09-23 19:45:00+00:00,1,-0.2835343107486644,-0.0028353431074866443,17
2024-09-24 14:15:00+00:00,2024-09-24 15:45:00+00:00,-1,-0.999999999999993,-0.00999999999999993,7
2024-09-25 14:15:00+00:00,2024-09-25 17:00:00+00:00,1,-1.000000000000017,-0.010000000000000172,12
2024-09-26 14:15:00+00:00,2024-09-26 19:45:00+00:00,-1,0.4261233987755024,0.004261233987755024,23
2024-09-27 15:00:00+00:00,2024-09-27 19:45:00+00:00,-1,0.5197457048478554,0.0051974570484785544,20
2024-09-30 14:15:00+00:00,2024-09-30 19:45:00+00:00,-1,-0.12383808095952623,-0.0012383808095952622,23
2024-10-01 14:15:00+00:00,2024-10-01 19:45:00+00:00,-1,-0.2331186937648953,-0.002331186937648953,23
2024-10-02 14:30:00+00:00,2024-10-02 19:45:00+00:00,1,0.1734589579620486,0.001734589579620486,22
2024-10-04 14:15:00+00:00,2024-10-04 19:45:00+00:00,-1,-0.7679197127655046,-0.007679197127655047,23
2024-10-07 14:30:00+00:00,2024-10-07 18:30:00+00:00,1,-0.9999999999999956,-0.009999999999999955,17
2024-10-08 14:15:00+00:00,2024-10-08 19:45:00+00:00,1,1.0019746664739804,0.010019746664739804,23
2024-10-09 14:15:00+00:00,2024-10-09 19:45:00+00:00,1,1.385534324133044,0.013855343241330441,23
2024-10-10 14:15:00+00:00,2024-10-10 19:45:00+00:00,1,0.043961995249386154,0.00043961995249386154,23
2024-10-11 14:15:00+00:00,2024-10-11 19:45:00+00:00,1,0.24188894362727106,0.0024188894362727107,23
2024-10-15 14:15:00+00:00,2024-10-15 19:45:00+00:00,-1,2.646723033012055,0.02646723033012055,23
2024-10-16 18:30:00+00:00,2024-10-16 19:45:00+00:00,1,-0.21113529988028568,-0.0021113529988028568,6
2024-10-17 15:00:00+00:00,2024-10-17 19:45:00+00:00,-1,0.08052854300366308,0.0008052854300366307,20
2024-10-18 15:30:00+00:00,2024-10-18 19:45:00+00:00,1,-0.30055322784037924,-0.0030055322784037926,18
2024-10-21 14:15:00+00:00,2024-10-21 14:30:00+00:00,1,-1.0000000000000049,-0.010000000000000049,2
2024-10-22 14:15:00+00:00,2024-10-22 19:45:00+00:00,1,0.21784232365145972,0.0021784232365145975,23
2024-10-23 14:15:00+00:00,2024-10-23 19:45:00+00:00,-1,1.4782142267700988,0.014782142267700988,23
2024-10-24 16:15:00+00:00,2024-10-24 19:45:00+00:00,-1,-0.5423141798473642,-0.005423141798473642,15
2024-10-25 14:15:00+00:00,2024-10-25 17:30:00+00:00,1,-0.999999999999987,-0.00999999999999987,14
2024-10-28 17:15:00+00:00,2024-10-28 19:45:00+00:00,-1,-0.06669465384125382,-0.0006669465384125383,11
2024-10-29 14:15:00+00:00,2024-10-29 19:45:00+00:00,1,1.5552655245782476,0.015552655245782476,23
2024-10-30 14:30:00+00:00,2024-10-30 19:45:00+00:00,1,-0.7940906117975738,-0.007940906117975738,22
2024-10-31 14:15:00+00:00,2024-10-31 19:45:00+00:00,-1,0.2966000341704988,0.002966000341704988,23
2024-11-01 14:15:00+00:00,2024-11-01 19:45:00+00:00,1,-0.3026003606339546,-0.0030260036063395465,23
2024-11-04 15:30:00+00:00,2024-11-04 20:45:00+00:00,1,-0.4695033539937402,-0.0046950335399374024,22
2024-11-05 16:45:00+00:00,2024-11-05 20:45:00+00:00,1,0.02745140589638182,0.0002745140589638182,17
2024-11-06 17:15:00+00:00,2024-11-06 20:45:00+00:00,1,0.381269684708408,0.00381269684708408,15
2024-11-07 15:15:00+00:00,2024-11-07 20:45:00+00:00,1,0.8995503302262167,0.008995503302262167,23
2024-11-08 15:15:00+00:00,2024-11-08 18:30:00+00:00,-1,-0.9999999999999892,-0.009999999999999893,14
2024-11-11 18:00:00+00:00,2024-11-11 20:45:00+00:00,-1,-0.27200930924630934,-0.0027200930924630934,12
2024-11-12 16:15:00+00:00,2024-11-12 20:45:00+00:00,-1,-0.23355704697989144,-0.0023355704697989145,19
2024-11-13 15:15:00+00:00,2024-11-13 18:45:00+00:00,-1,-1.0000000000000095,-0.010000000000000096,15
2024-11-14 17:30:00+00:00,2024-11-14 20:45:00+00:00,-1,0.4107954728662071,0.004107954728662071,14
2024-11-15 15:15:00+00:00,2024-11-15 20:45:00+00:00,-1,1.1659044111823829,0.011659044111823828,23
2024-11-18 15:15:00+00:00,2024-11-18 20:45:00+00:00,1,0.26733205833134066,0.0026733205833134066,23
2024-11-19 15:30:00+00:00,2024-11-19 20:45:00+00:00,1,0.671847660889665,0.006718476608896649,22
2024-11-20 15:15:00+00:00,2024-11-20 16:45:00+00:00,-1,-0.999999999999993,-0.00999999999999993,7
2024-11-21 15:30:00+00:00,2024-11-21 17:30:00+00:00,-1,-1.0000000000000016,-0.010000000000000016,9
2024-11-22 15:15:00+00:00,2024-11-22 20:45:00+00:00,-1,-0.3162561576354972,-0.003162561576354972,23
2024-11-25 15:15:00+00:00,2024-11-25 20:45:00+00:00,-1,0.1695528038978454,0.0016955280389784541,23
2024-11-26 17:15:00+00:00,2024-11-26 20:45:00+00:00,-1,-0.18532889285488285,-0.0018532889285488286,15
2024-11-27 15:15:00+00:00,2024-11-27 20:45:00+00:00,-1,0.13760531018634992,0.001376053101863499,23
2024-11-28 15:45:00+00:00,2024-11-29 00:30:00+00:00,1,-1.0,-0.01,16
2024-11-29 15:15:00+00:00,2024-12-02 20:45:00+00:00,1,2.1223000451874796,0.021223000451874797,100
2024-12-03 15:15:00+00:00,2024-12-03 20:45:00+00:00,1,0.29309154630413786,0.0029309154630413788,23
2024-12-04 15:15:00+00:00,2024-12-04 20:45:00+00:00,1,0.966669669399152,0.00966669669399152,23
2024-12-05 17:15:00+00:00,2024-12-05 20:45:00+00:00,1,-0.6470556658972698,-0.006470556658972698,15
2024-12-06 15:15:00+00:00,2024-12-06 20:45:00+00:00,1,0.22620584157940368,0.0022620584157940367,23
2024-12-09 15:30:00+00:00,2024-12-09 20:45:00+00:00,-1,1.047754521438718,0.010477545214387181,22
2024-12-10 15:15:00+00:00,2024-12-10 16:00:00+00:00,1,-0.999999999999995,-0.00999999999999995,4
2024-12-11 15:15:00+00:00,2024-12-11 20:45:00+00:00,1,0.5584949573312379,0.005584949573312379,23
2024-12-12 15:15:00+00:00,2024-12-12 20:45:00+00:00,-1,-0.14087788435324788,-0.001408778843532479,23
2024-12-13 15:45:00+00:00,2024-12-13 20:45:00+00:00,-1,-0.46426909402281824,-0.004642690940228182,21
2024-12-16 15:15:00+00:00,2024-12-16 20:45:00+00:00,1,1.6873955198929536,0.016873955198929536,23
2024-12-17 15:15:00+00:00,2024-12-17 20:45:00+00:00,-1,-0.21815678887118242,-0.0021815678887118243,23
2024-12-18 15:15:00+00:00,2024-12-18 19:00:00+00:00,1,-0.9999999999999959,-0.009999999999999959,16
2024-12-19 15:30:00+00:00,2024-12-19 20:45:00+00:00,-1,0.16110619824745329,0.001611061982474533,22
2024-12-20 15:15:00+00:00,2024-12-20 20:45:00+00:00,1,0.9935145737545857,0.009935145737545857,23
2024-12-23 15:15:00+00:00,2024-12-23 19:00:00+00:00,-1,-0.9999999999999951,-0.009999999999999952,16
2024-12-24 15:15:00+00:00,2024-12-26 20:45:00+00:00,1,1.1791974484093637,0.011791974484093637,100
2024-12-27 15:15:00+00:00,2024-12-27 20:45:00+00:00,-1,-0.19128889846022648,-0.001912888984602265,23
2024-12-30 15:30:00+00:00,2024-12-30 17:45:00+00:00,-1,-0.9999999999999981,-0.009999999999999981,10
2024-12-31 16:15:00+00:00,2024-12-31 20:45:00+00:00,-1,0.3089721410248864,0.003089721410248864,19
2025-01-02 15:15:00+00:00,2025-01-02 17:15:00+00:00,1,-1.000000000000002,-0.010000000000000021,9
2025-01-03 16:45:00+00:00,2025-01-03 20:45:00+00:00,1,0.11261065962209364,0.0011261065962209365,17
2025-01-06 15:15:00+00:00,2025-01-06 19:00:00+00:00,1,-1.0000000000000029,-0.01000000000000003,16
2025-01-07 15:15:00+00:00,2025-01-07 20:45:00+00:00,-1,1.4330296054220233,0.014330296054220234,23
2025-01-08 15:15:00+00:00,2025-01-08 20:45:00+00:00,-1,-0.3337900349260558,-0.003337900349260558,23
2025-01-10 15:15:00+00:00,2025-01-10 20:45:00+00:00,-1,-0.31697786792340116,-0.0031697786792340117,23
2025-01-13 15:45:00+00:00,2025-01-13 20:45:00+00:00,1,0.15464156184891217,0.0015464156184891217,21
2025-01-14 16:00:00+00:00,2025-01-14 20:45:00+00:00,-1,0.33714277979805407,0.0033714277979805408,20
2025-01-15 15:15:00+00:00,2025-01-15 20:45:00+00:00,1,0.25196019991746216,0.0025196019991746217,23
2025-01-16 15:15:00+00:00,2025-01-16 20:45:00+00:00,-1,0.14783336926417912,0.0014783336926417912,23
2025-01-17 18:15:00+00:00,2025-01-17 20:45:00+00:00,1,-0.18944198073006774,-0.0018944198073006775,11
2025-01-20 15:30:00+00:00,2025-01-21 20:45:00+00:00,-1,-0.18401373960489273,-0.0018401373960489273,98
2025-01-22 15:15:00+00:00,2025-01-22 20:45:00+00:00,1,-0.140942987731521,-0.00140942987731521,23
2025-01-23 15:45:00+00:00,2025-01-23 20:45:00+00:00,1,0.3327628486768239,0.003327628486768239,21
2025-01-24 15:30:00+00:00,2025-01-24 20:45:00+00:00,-1,1.0744483660462518,0.010744483660462519,22
2025-01-27 15:30:00+00:00,2025-01-27 20:45:00+00:00,1,-0.46955274025337274,-0.004695527402533727,22
2025-01-28 15:15:00+00:00,2025-01-28 20:45:00+00:00,1,0.9515947848325222,0.009515947848325223,23
2025-01-29 15:45:00+00:00,2025-01-29 20:45:00+00:00,-1,-0.32012396045817,-0.0032012396045817,21
2025-01-30 15:15:00+00:00,2025-01-30 20:45:00+00:00,-1,0.2598309797422257,0.0025983097974222567,23
2025-01-31 15:15:00+00:00,2025-01-31 18:30:00+00:00,1,-1.0000000000000122,-0.010000000000000122,14
2025-02-03 15:15:00+00:00,2025-02-03 15:30:00+00:00,-1,-1.0,-0.01,2
2025-02-04 15:15:00+00:00,2025-02-04 20:45:00+00:00,1,0.16206189520887335,0.0016206189520887335,23
2025-02-05 15:45:00+00:00,2025-02-05 20:45:00+00:00,1,0.5770726034224752,0.005770726034224753,21
2025-02-06 15:15:00+00:00,2025-02-06 20:45:00+00:00,1,-0.2042214177169977,-0.002042214177169977,23
2025-02-07 15:15:00+00:00,2025-02-07 20:45:00+00:00,-1,0.659768596481033,0.00659768596481033,23
2025-02-10 15:15:00+00:00,2025-02-10 20:45:00+00:00,1,0.15027285859503758,0.001502728585950376,23
2025-02-11 15:30:00+00:00,2025-02-11 20:45:00+00:00,1,-0.3685546798415803,-0.003685546798415803,22
2025-02-12 15:45:00+00:00,2025-02-12 20:45:00+00:00,1,0.22176207683530308,0.002217620768353031,21
2025-02-13 15:30:00+00:00,2025-02-13 20:45:00+00:00,1,0.5123922802661924,0.005123922802661924,22
2025-02-14 15:15:00+00:00,2025-02-14 20:45:00+00:00,1,0.4331010165009079,0.004331010165009079,23
2025-02-17 16:15:00+00:00,2025-02-18 14:45:00+00:00,1,-0.9999999999999829,-0.009999999999999828,71
2025-02-18 15:30:00+00:00,2025-02-18 20:45:00+00:00,-1,-0.21893672437568568,-0.002189367243756857,22
2025-02-19 15:15:00+00:00,2025-02-19 17:45:00+00:00,-1,-0.9999999999999912,-0.009999999999999912,11
2025-02-20 16:00:00+00:00,2025-02-20 20:45:00+00:00,-1,-0.6465320813317156,-0.006465320813317156,20
2025-02-21 15:15:00+00:00,2025-02-21 20:45:00+00:00,-1,3.0826291079811927,0.030826291079811927,23
2025-02-24 15:30:00+00:00,2025-02-24 20:45:00+00:00,-1,-0.03649738659094461,-0.00036497386590944613,22
2025-02-25 15:15:00+00:00,2025-02-25 20:45:00+00:00,-1,-0.11613306021661403,-0.0011613306021661402,23
2025-02-26 15:15:00+00:00,2025-02-26 18:30:00+00:00,1,-1.0000000000000029,-0.01000000000000003,14
2025-02-27 19:15:00+00:00,2025-02-27 20:45:00+00:00,-1,1.0762907568640332,0.010762907568640331,7
2025-02-28 15:15:00+00:00,2025-02-28 20:45:00+00:00,1,0.2459354247767426,0.002459354247767426,23
2025-03-03 18:15:00+00:00,2025-03-03 20:45:00+00:00,-1,0.8888351234938165,0.008888351234938165,11
2025-03-04 15:15:00+00:00,2025-03-04 19:00:00+00:00,-1,-1.0000000000000047,-0.010000000000000047,16
2025-03-05 16:45:00+00:00,2025-03-05 19:00:00+00:00,-1,-1.0000000000000024,-0.010000000000000024,10
2025-03-06 15:15:00+00:00,2025-03-06 17:15:00+00:00,1,-1.0,-0.01,9
2025-03-07 15:45:00+00:00,2025-03-07 20:45:00+00:00,-1,-0.5785076152048747,-0.005785076152048747,21
2025-03-10 14:15:00+00:00,2025-03-10 19:45:00+00:00,-1,1.209664793686182,0.01209664793686182,23
2025-03-11 14:30:00+00:00,2025-03-11 18:45:00+00:00,-1,-0.9999999999999971,-0.00999999999999997,18
2025-03-12 14:45:00+00:00,2025-03-12 19:45:00+00:00,-1,-0.21260837828696091,-0.0021260837828696094,21
2025-03-13 16:00:00+00:00,2025-03-13 19:45:00+00:00,-1,0.1813068994056082,0.0018130689940560822,16
2025-03-14 15:30:00+00:00,2025-03-14 19:45:00+00:00,1,0.12083449080502984,0.0012083449080502984,18
2025-03-17 15:00:00+00:00,2025-03-17 19:45:00+00:00,-1,-0.8150567573356259,-0.00815056757335626,20
2025-03-18 15:15:00+00:00,2025-03-18 19:45:00+00:00,-1,-0.13861040257292842,-0.0013861040257292841,19
2025-03-19 14:15:00+00:00,2025-03-19 19:45:00+00:00,1,0.99883281551767,0.0099883281551767,23
2025-03-20 14:15:00+00:00,2025-03-20 19:45:00+00:00,1,-0.531647418950895,-0.00531647418950895,23
2025-03-21 15:00:00+00:00,2025-03-21 19:45:00+00:00,1,0.21733874202160794,0.0021733874202160795,20
2025-03-24 14:30:00+00:00,2025-03-24 19:45:00+00:00,1,0.2560632453436795,0.0025606324534367952,22
2025-03-25 14:30:00+00:00,2025-03-25 19:45:00+00:00,1,0.070384848548186,0.00070384848548186,22
2025-03-26 14:30:00+00:00,2025-03-26 19:45:00+00:00,-1,1.17151534526855,0.011715153452685501,22
2025-03-27 14:15:00+00:00,2025-03-27 19:45:00+00:00,1,-0.13505348584926083,-0.0013505348584926084,23
2025-03-28 14:15:00+00:00,2025-03-28 19:45:00+00:00,-1,1.205887401304516,0.01205887401304516,23
2025-03-31 15:45:00+00:00,2025-03-31 19:45:00+00:00,1,0.6499886345753693,0.006499886345753693,17
2025-04-01 14:15:00+00:00,2025-04-01 14:45:00+00:00,-1,-0.999999999999995,-0.00999999999999995,3
2025-04-02 14:30:00+00:00,2025-04-02 19:45:00+00:00,1,0.6049518879072527,0.006049518879072528,22
2025-04-03 14:15:00+00:00,2025-04-03 19:45:00+00:00,-1,0.45736951554516386,0.0045736951554516386,23
2025-04-04 14:15:00+00:00,2025-04-04 19:45:00+00:00,-1,0.30234784690035754,0.0030234784690035756,23
2025-04-07 14:15:00+00:00,2025-04-07 19:45:00+00:00,1,-0.47810465008378916,-0.004781046500837892,23
2025-04-08 14:15:00+00:00,2025-04-08 16:15:00+00:00,1,-1.0000000000000038,-0.010000000000000038,9
2025-04-09 17:15:00+00:00,2025-04-09 19:45:00+00:00,1,2.383192475698816,0.02383192475698816,11
2025-04-10 14:15:00+00:00,2025-04-10 19:45:00+00:00,-1,0.7837829207857572,0.007837829207857572,23
2025-04-11 14:30:00+00:00,2025-04-11 17:30:00+00:00,-1,-0.9999999999999989,-0.00999999999999999,13
2025-04-14 15:30:00+00:00,2025-04-14 19:45:00+00:00,-1,-0.32600465805632967,-0.0032600465805632966,18
2025-04-15 17:00:00+00:00,2025-04-15 19:45:00+00:00,-1,0.011053222186594543,0.00011053222186594543,12
2025-04-16 15:30:00+00:00,2025-04-16 17:30:00+00:00,1,-1.0000000000000036,-0.010000000000000035,9
2025-04-17 14:30:00+00:00,2025-04-17 19:45:00+00:00,-1,-0.28580945064137214,-0.0028580945064137215,22
2025-04-21 14:15:00+00:00,2025-04-21 19:45:00+00:00,-1,0.577300276279055,0.0057730027627905505,23
2025-04-22 14:15:00+00:00,2025-04-22 19:45:00+00:00,1,0.3213201820940759,0.003213201820940759,23
2025-04-23 14:45:00+00:00,2025-04-23 15:45:00+00:00,1,-1.0000000000000018,-0.010000000000000018,5
2025-04-24 14:15:00+00:00,2025-04-24 19:45:00+00:00,1,0.9020845958065425,0.009020845958065425,23
2025-04-25 14:15:00+00:00,2025-04-25 19:45:00+00:00,1,0.3367227373615423,0.003367227373615423,23
2025-04-28 15:15:00+00:00,2025-04-28 19:45:00+00:00,-1,-0.3090564253796037,-0.003090564253796037,19
2025-04-29 14:15:00+00:00,2025-04-29 19:45:00+00:00,1,0.2738467880099361,0.002738467880099361,23
2025-04-30 14:30:00+00:00,2025-04-30 19:45:00+00:00,1,0.7115446299695247,0.007115446299695247,22
2025-05-01 14:30:00+00:00,2025-05-01 19:45:00+00:00,1,-0.08499676741556055,-0.0008499676741556054,22
2025-05-02 14:15:00+00:00,2025-05-02 19:45:00+00:00,1,0.26508886987928704,0.0026508886987928705,23
2025-05-05 14:45:00+00:00,2025-05-05 19:45:00+00:00,1,0.16864890580400138,0.0016864890580400138,21
2025-05-06 14:30:00+00:00,2025-05-06 19:45:00+00:00,1,0.2817155103274934,0.002817155103274934,22
2025-05-07 14:15:00+00:00,2025-05-07 18:00:00+00:00,1,-0.9999999999999909,-0.00999999999999991,16
2025-05-08 14:15:00+00:00,2025-05-08 15:30:00+00:00,-1,-1.0,-0.01,6
2025-05-09 14:30:00+00:00,2025-05-09 19:45:00+00:00,-1,-0.1286198852362308,-0.001286198852362308,22
2025-05-12 14:30:00+00:00,2025-05-12 19:45:00+00:00,-1,-0.5420652469522741,-0.005420652469522741,22
2025-05-13 14:15:00+00:00,2025-05-13 19:45:00+00:00,1,0.5981912332105289,0.005981912332105289,23
2025-05-15 15:15:00+00:00,2025-05-15 19:45:00+00:00,1,-0.03434118867644384,-0.0003434118867644384,19
2025-05-16 14:45:00+00:00,2025-05-16 19:00:00+00:00,-1,-0.9999999999999907,-0.009999999999999907,18
2025-05-19 14:15:00+00:00,2025-05-19 19:45:00+00:00,1,0.2311797407703273,0.002311797407703273,23
2025-05-20 14:45:00+00:00,2025-05-20 19:00:00+00:00,1,-1.0000000000000073,-0.010000000000000073,18
2025-05-21 15:00:00+00:00,2025-05-21 17:15:00+00:00,1,-0.9999999999999972,-0.009999999999999972,10
2025-05-22 16:15:00+00:00,2025-05-22 19:45:00+00:00,1,-0.16457019739552173,-0.0016457019739552173,15
2025-05-23 14:15:00+00:00,2025-05-23 19:45:00+00:00,1,0.1957797992324076,0.001957797992324076,23
2025-05-26 14:45:00+00:00,2025-05-27 07:45:00+00:00,-1,-1.0000000000000178,-0.010000000000000177,49
2025-05-27 14:15:00+00:00,2025-05-27 19:45:00+00:00,1,0.5510488379199352,0.0055104883791993525,23
2025-05-28 14:45:00+00:00,2025-05-28 19:45:00+00:00,-1,0.2112703935990733,0.002112703935990733,21
2025-05-29 14:15:00+00:00,2025-05-29 19:45:00+00:00,-1,0.21762864747633484,0.0021762864747633484,23
2025-05-30 16:30:00+00:00,2025-05-30 19:45:00+00:00,-1,-0.6883941463814309,-0.006883941463814309,14
2025-06-02 18:15:00+00:00,2025-06-02 19:45:00+00:00,1,0.31849366706875126,0.0031849366706875127,7
2025-06-03 14:15:00+00:00,2025-06-03 19:45:00+00:00,1,0.5731312971981668,0.0057313129719816685,23
2025-06-04 14:15:00+00:00,2025-06-04 19:45:00+00:00,-1,-0.46736703393242157,-0.004673670339324216,23
2025-06-05 15:00:00+00:00,2025-06-05 19:15:00+00:00,1,-0.9999999999999961,-0.009999999999999962,18
2025-06-06 16:45:00+00:00,2025-06-06 19:45:00+00:00,-1,-0.23234299356720908,-0.0023234299356720907,13
2025-06-09 14:15:00+00:00,2025-06-09 19:45:00+00:00,1,-0.1032521143777775,-0.001032521143777775,23
2025-06-10 16:15:00+00:00,2025-06-10 19:45:00+00:00,1,0.2616718208227837,0.002616718208227837,15
2025-06-11 14:30:00+00:00,2025-06-11 18:00:00+00:00,1,-1.0000000000000078,-0.010000000000000078,15
2025-06-12 14:15:00+00:00,2025-06-12 19:45:00+00:00,1,-0.022118762290526197,-0.00022118762290526198,23
2025-06-13 14:30:00+00:00,2025-06-13 15:45:00+00:00,-1,-0.9999999999999976,-0.009999999999999976,6
2025-06-16 14:15:00+00:00,2025-06-16 19:45:00+00:00,1,-0.12779133802673828,-0.0012779133802673828,23
2025-06-17 14:15:00+00:00,2025-06-17 17:45:00+00:00,1,-1.0,-0.01,15
2025-06-18 14:15:00+00:00,2025-06-18 18:45:00+00:00,1,-1.0,-0.01,19
2025-06-20 14:15:00+00:00,2025-06-20 19:45:00+00:00,-1,0.9776065362152203,0.009776065362152203,23
2025-06-23 14:15:00+00:00,2025-06-23 16:30:00+00:00,1,-1.0000000000000029,-0.01000000000000003,10
2025-06-24 14:45:00+00:00,2025-06-24 19:45:00+00:00,1,0.5680020232675668,0.005680020232675668,21
2025-06-25 14:15:00+00:00,2025-06-25 19:45:00+00:00,-1,0.32822068576265095,0.0032822068576265095,23
2025-06-26 14:30:00+00:00,2025-06-26 19:45:00+00:00,1,0.7218980273696595,0.007218980273696595,22
2025-06-27 14:15:00+00:00,2025-06-27 18:15:00+00:00,1,-1.000000000000009,-0.01000000000000009,17
2025-07-01 14:30:00+00:00,2025-07-01 19:45:00+00:00,-1,0.4334320806124089,0.004334320806124089,22
2025-07-02 14:15:00+00:00,2025-07-02 19:45:00+00:00,1,0.45837442160356834,0.004583744216035683,23
2025-07-03 14:15:00+00:00,2025-07-04 09:00:00+00:00,1,-0.9999999999999958,-0.009999999999999959,57
2025-07-04 14:45:00+00:00,2025-07-07 16:15:00+00:00,1,-1.0000000000000138,-0.010000000000000137,83
2025-07-08 14:30:00+00:00,2025-07-08 19:45:00+00:00,-1,-0.03328869332312611,-0.0003328869332312611,22
2025-07-09 15:00:00+00:00,2025-07-09 19:45:00+00:00,-1,-0.6211801115620563,-0.006211801115620564,20
2025-07-10 14:30:00+00:00,2025-07-10 19:45:00+00:00,-1,-0.7089569716195765,-0.0070895697161957654,22
2025-07-11 14:15:00+00:00,2025-07-11 19:45:00+00:00,1,-0.07993590523709862,-0.0007993590523709863,23
2025-07-14 15:00:00+00:00,2025-07-14 19:45:00+00:00,1,0.2216212406842872,0.0022162124068428723,20
2025-07-15 15:00:00+00:00,2025-07-15 19:45:00+00:00,-1,-0.06568158379686435,-0.0006568158379686435,20
2025-07-16 15:45:00+00:00,2025-07-16 19:45:00+00:00,-1,-0.6555263064280931,-0.006555263064280931,17
2025-07-17 14:45:00+00:00,2025-07-17 19:45:00+00:00,1,0.6994964632538261,0.006994964632538261,21
2025-07-18 14:15:00+00:00,2025-07-18 19:45:00+00:00,-1,0.20515522051403892,0.0020515522051403894,23
2025-07-21 14:15:00+00:00,2025-07-21 19:45:00+00:00,1,-0.4223418152902547,-0.004223418152902547,23
2025-07-23 14:15:00+00:00,2025-07-23 15:45:00+00:00,-1,-0.999999999999995,-0.00999999999999995,7
2025-07-24 14:15:00+00:00,2025-07-24 19:45:00+00:00,-1,-0.7937421126865296,-0.007937421126865296,23
2025-07-25 15:30:00+00:00,2025-07-25 19:45:00+00:00,1,0.17308934337995732,0.0017308934337995734,18
2025-07-28 18:00:00+00:00,2025-07-28 19:45:00+00:00,-1,-0.08160156500545589,-0.0008160156500545589,8
2025-07-29 14:45:00+00:00,2025-07-29 19:45:00+00:00,-1,1.0170072768840246,0.010170072768840245,21
2025-07-30 16:00:00+00:00,2025-07-30 19:00:00+00:00,1,-0.9999999999999881,-0.009999999999999882,13
2025-07-31 15:00:00+00:00,2025-07-31 19:45:00+00:00,-1,0.6644386370489702,0.006644386370489703,20
2025-08-01 17:30:00+00:00,2025-08-01 19:45:00+00:00,-1,-0.13623007419378486,-0.0013623007419378485,10
2025-08-04 16:15:00+00:00,2025-08-04 19:45:00+00:00,1,0.0558417615741263,0.000558417615741263,15
2025-08-05 14:30:00+00:00,2025-08-05 19:45:00+00:00,-1,1.0509600425775971,0.010509600425775971,22
2025-08-06 14:45:00+00:00,2025-08-06 19:45:00+00:00,1,0.9465907812022853,0.009465907812022854,21
2025-08-07 15:00:00+00:00,2025-08-07 19:45:00+00:00,-1,0.5554409615072121,0.0055544096150721214,20
2025-08-08 14:30:00+00:00,2025-08-08 19:45:00+00:00,1,0.10107219442458032,0.0010107219442458033,22
2025-08-11 14:15:00+00:00,2025-08-11 18:45:00+00:00,1,-0.9999999999999835,-0.009999999999999835,19
2025-08-12 15:15:00+00:00,2025-08-12 19:45:00+00:00,1,0.3932700491772366,0.003932700491772367,19
2025-08-13 14:15:00+00:00,2025-08-13 19:45:00+00:00,-1,0.9916904567699972,0.009916904567699973,23
2025-08-14 14:45:00+00:00,2025-08-14 19:45:00+00:00,1,-0.22366099609912268,-0.0022366099609912268,21
2025-08-15 15:45:00+00:00,2025-08-15 19:45:00+00:00,-1,-0.42140973646470925,-0.004214097364647093,17
2025-08-18 17:00:00+00:00,2025-08-18 19:45:00+00:00,-1,-0.3782777033598316,-0.0037827770335983157,12
2025-08-19 14:30:00+00:00,2025-08-19 19:45:00+00:00,-1,1.090238365493782,0.010902383654937819,22
2025-08-20 14:15:00+00:00,2025-08-20 17:45:00+00:00,-1,-1.0000000000000027,-0.010000000000000026,15
2025-08-21 14:30:00+00:00,2025-08-21 17:15:00+00:00,1,-0.9999999999999925,-0.009999999999999924,12
2025-08-22 14:15:00+00:00,2025-08-22 19:45:00+00:00,1,-0.1815157091801182,-0.001815157091801182,23
2025-08-25 14:15:00+00:00,2025-08-25 19:45:00+00:00,1,-0.08297168276013066,-0.0008297168276013066,23
2025-08-26 14:30:00+00:00,2025-08-26 19:45:00+00:00,1,-0.06444903916325107,-0.0006444903916325107,22
2025-08-27 14:15:00+00:00,2025-08-27 19:45:00+00:00,1,0.5812472292005272,0.005812472292005272,23
2025-08-28 16:30:00+00:00,2025-08-28 19:45:00+00:00,1,0.1323799956428068,0.001323799956428068,14
2025-08-29 14:15:00+00:00,2025-08-29 19:45:00+00:00,-1,-0.13757949125597985,-0.0013757949125597984,23
2025-09-01 15:30:00+00:00,2025-09-01 23:00:00+00:00,1,-0.9999999999999903,-0.009999999999999903,11
2025-09-02 14:30:00+00:00,2025-09-02 19:45:00+00:00,1,-0.07176025146451454,-0.0007176025146451453,22
2025-09-03 14:45:00+00:00,2025-09-03 18:30:00+00:00,1,-1.0000000000000084,-0.010000000000000085,16
2025-09-04 14:15:00+00:00,2025-09-04 17:00:00+00:00,-1,-1.000000000000004,-0.01000000000000004,12
2025-09-05 14:15:00+00:00,2025-09-05 19:45:00+00:00,-1,0.5293907663017412,0.005293907663017412,23
2025-09-08 14:45:00+00:00,2025-09-08 19:45:00+00:00,1,-0.6746082318512421,-0.006746082318512421,21
2025-09-09 14:45:00+00:00,2025-09-09 19:45:00+00:00,-1,-0.7573174136190928,-0.007573174136190928,21
2025-09-10 17:30:00+00:00,2025-09-10 19:45:00+00:00,-1,0.16097393385938344,0.0016097393385938344,10
2025-09-11 14:45:00+00:00,2025-09-11 19:45:00+00:00,1,0.06624898480101067,0.0006624898480101067,21
2025-09-12 14:30:00+00:00,2025-09-12 19:45:00+00:00,1,0.44398352721913786,0.004439835272191378,22
2025-09-15 15:00:00+00:00,2025-09-15 19:45:00+00:00,1,0.12304303911115141,0.001230430391111514,20
2025-09-16 15:30:00+00:00,2025-09-16 19:45:00+00:00,-1,-0.19432254899290952,-0.0019432254899290952,18
2025-09-17 14:30:00+00:00,2025-09-17 19:15:00+00:00,-1,-0.9999999999999902,-0.009999999999999903,20
2025-09-18 14:15:00+00:00,2025-09-18 19:45:00+00:00,1,-0.2086532806855636,-0.002086532806855636,23
2025-09-19 15:15:00+00:00,2025-09-19 19:45:00+00:00,-1,-0.7913565666919314,-0.007913565666919314,19
2025-09-22 14:30:00+00:00,2025-09-22 19:45:00+00:00,1,0.832625725868285,0.00832625725868285,22
2025-09-23 16:15:00+00:00,2025-09-23 19:45:00+00:00,-1,0.89161392405063,0.0089161392405063,15
2025-09-24 15:15:00+00:00,2025-09-24 19:45:00+00:00,-1,0.6045249452107612,0.006045249452107612,19
2025-09-25 14:30:00+00:00,2025-09-25 19:45:00+00:00,1,-0.04957726718928121,-0.0004957726718928121,22
2025-09-26 14:30:00+00:00,2025-09-26 19:45:00+00:00,-1,-0.6486047615479007,-0.006486047615479007,22
2025-09-29 14:15:00+00:00,2025-09-29 15:30:00+00:00,1,-1.0,-0.01,6
2025-09-30 15:00:00+00:00,2025-09-30 19:45:00+00:00,1,-0.0018752009143791527,-1.8752009143791528e-05,20
2025-10-01 14:30:00+00:00,2025-10-01 19:45:00+00:00,1,0.6758902444874265,0.006758902444874266,22
2025-10-03 14:15:00+00:00,2025-10-03 19:45:00+00:00,-1,0.560985419808931,0.005609854198089311,23
2025-10-06 18:00:00+00:00,2025-10-06 19:45:00+00:00,1,-0.17000946073794826,-0.0017000946073794827,8
2025-10-07 14:30:00+00:00,2025-10-07 19:45:00+00:00,-1,1.4109993348852432,0.014109993348852433,22
2025-10-08 14:15:00+00:00,2025-10-08 19:45:00+00:00,1,0.7580158730158728,0.007580158730158729,23
2025-10-09 14:30:00+00:00,2025-10-09 19:45:00+00:00,-1,-0.23502335996465606,-0.002350233599646561,22
2025-10-10 15:00:00+00:00,2025-10-10 19:45:00+00:00,-1,3.4755741253765273,0.03475574125376527,20
2025-10-13 16:00:00+00:00,2025-10-13 19:45:00+00:00,1,0.15046588349640475,0.0015046588349640474,16
2025-10-14 14:30:00+00:00,2025-10-14 19:45:00+00:00,1,-0.02390683612340836,-0.0002390683612340836,22
2025-10-15 14:15:00+00:00,2025-10-15 15:45:00+00:00,1,-1.0,-0.01,7
2025-10-16 14:45:00+00:00,2025-10-16 15:45:00+00:00,1,-1.0000000000000027,-0.010000000000000026,5
2025-10-17 14:15:00+00:00,2025-10-17 19:45:00+00:00,1,0.20250753145489528,0.0020250753145489527,23
2025-10-20 14:30:00+00:00,2025-10-20 19:45:00+00:00,1,0.19641317641396536,0.0019641317641396535,22
2025-10-21 16:00:00+00:00,2025-10-21 19:45:00+00:00,1,-0.06229755652693396,-0.0006229755652693396,16
2025-10-22 14:30:00+00:00,2025-10-22 19:45:00+00:00,-1,0.5133513097072377,0.005133513097072377,22
2025-10-23 15:00:00+00:00,2025-10-23 19:45:00+00:00,1,0.29971805127532314,0.0029971805127532313,20
2025-10-24 14:15:00+00:00,2025-10-24 19:45:00+00:00,1,0.018155302501032762,0.00018155302501032762,23
2025-10-27 14:15:00+00:00,2025-10-27 19:45:00+00:00,1,0.8534178999295454,0.008534178999295454,23
2025-10-28 14:45:00+00:00,2025-10-28 16:30:00+00:00,-1,-1.0,-0.01,8
2025-10-29 15:15:00+00:00,2025-10-29 19:45:00+00:00,-1,0.4401907262801411,0.004401907262801411,19
2025-10-31 16:00:00+00:00,2025-10-31 19:45:00+00:00,-1,-0.20674079221682196,-0.0020674079221682197,16
2025-11-03 15:30:00+00:00,2025-11-03 20:45:00+00:00,-1,-0.3558079677708356,-0.0035580796777083565,22
2025-11-04 18:15:00+00:00,2025-11-04 20:45:00+00:00,-1,0.1098876768549498,0.001098876768549498,11
2025-11-05 15:45:00+00:00,2025-11-05 20:45:00+00:00,1,0.4610858337432229,0.004610858337432229,21
2025-11-06 15:15:00+00:00,2025-11-06 20:45:00+00:00,-1,0.5854564538775022,0.0058545645387750225,23
2025-11-07 15:45:00+00:00,2025-11-07 20:45:00+00:00,-1,-0.8134893933491595,-0.008134893933491595,21
2025-11-10 16:00:00+00:00,2025-11-10 19:45:00+00:00,-1,-0.9999999999999917,-0.009999999999999917,16
2025-11-11 15:30:00+00:00,2025-11-11 20:45:00+00:00,-1,-0.7236804641064912,-0.007236804641064912,22
2025-11-12 16:00:00+00:00,2025-11-12 20:45:00+00:00,-1,-0.33437009559139386,-0.0033437009559139385,20
2025-11-13 16:00:00+00:00,2025-11-13 20:45:00+00:00,-1,0.40971027260227566,0.004097102726022757,20
2025-11-14 15:30:00+00:00,2025-11-14 20:45:00+00:00,1,0.2551510574018042,0.002551510574018042,22
2025-11-17 19:00:00+00:00,2025-11-17 20:45:00+00:00,-1,0.3019758639040031,0.003019758639040031,8
2025-11-18 15:45:00+00:00,2025-11-18 20:45:00+00:00,-1,-0.4163230988221629,-0.004163230988221629,21
2025-11-19 15:15:00+00:00,2025-11-19 16:00:00+00:00,1,-1.0,-0.01,4
2025-11-20 15:45:00+00:00,2025-11-20 16:15:00+00:00,1,-1.0,-0.01,3
2025-11-21 15:30:00+00:00,2025-11-21 18:45:00+00:00,-1,-1.000000000000001,-0.01000000000000001,14
2025-11-24 15:15:00+00:00,2025-11-24 20:45:00+00:00,1,0.8335529741851118,0.008335529741851118,23
2025-11-25 17:00:00+00:00,2025-11-25 20:45:00+00:00,1,0.5009651761349448,0.005009651761349448,16
2025-11-26 16:15:00+00:00,2025-11-26 20:45:00+00:00,1,0.20019253690290273,0.0020019253690290273,19
2025-11-28 16:15:00+00:00,2025-12-01 01:00:00+00:00,1,-0.9999999999999923,-0.009999999999999924,17
2025-12-01 16:00:00+00:00,2025-12-01 20:45:00+00:00,1,0.019477114836919086,0.00019477114836919087,20
2025-12-02 15:15:00+00:00,2025-12-02 16:15:00+00:00,1,-1.000000000000007,-0.010000000000000071,5
2025-12-03 15:45:00+00:00,2025-12-03 20:45:00+00:00,1,0.3270231870217736,0.0032702318702177357,21
2025-12-04 19:30:00+00:00,2025-12-04 20:45:00+00:00,-1,-0.20518078465667552,-0.002051807846566755,6
2025-12-05 15:15:00+00:00,2025-12-05 16:30:00+00:00,1,-1.0000000000000029,-0.01000000000000003,6
2025-12-08 15:30:00+00:00,2025-12-08 20:45:00+00:00,-1,0.5787252168525301,0.005787252168525301,22
2025-12-09 15:30:00+00:00,2025-12-09 20:45:00+00:00,1,0.36774123521108826,0.0036774123521108827,22
2025-12-10 19:15:00+00:00,2025-12-10 20:45:00+00:00,1,0.713443329763866,0.00713443329763866,7
2025-12-11 18:45:00+00:00,2025-12-11 20:45:00+00:00,1,-0.0041397507051200615,-4.139750705120062e-05,9
2025-12-12 15:15:00+00:00,2025-12-12 20:45:00+00:00,-1,1.3716979982328068,0.013716979982328069,23
2025-12-15 15:15:00+00:00,2025-12-15 20:45:00+00:00,-1,0.4948729252117821,0.004948729252117821,23
2025-12-16 18:00:00+00:00,2025-12-16 20:45:00+00:00,-1,-0.5454217965290058,-0.005454217965290058,12
2025-12-17 15:45:00+00:00,2025-12-17 20:45:00+00:00,-1,0.6330722841108919,0.006330722841108919,21
2025-12-18 15:45:00+00:00,2025-12-18 20:45:00+00:00,1,-0.15813675835502705,-0.0015813675835502706,21
2025-12-19 17:30:00+00:00,2025-12-19 20:45:00+00:00,1,-0.04492553840591419,-0.00044925538405914193,14
2025-12-23 17:00:00+00:00,2025-12-23 20:45:00+00:00,1,0.1482571560480082,0.001482571560480082,16
2025-12-24 15:15:00+00:00,2025-12-26 20:45:00+00:00,1,0.8272754199636383,0.008272754199636382,100
2025-12-29 17:30:00+00:00,2025-12-29 20:45:00+00:00,-1,-0.3741251135593229,-0.0037412511355932286,14
2025-12-30 16:30:00+00:00,2025-12-30 20:45:00+00:00,1,-0.4116161148842365,-0.004116161148842365,18
2025-12-31 16:00:00+00:00,2025-12-31 20:45:00+00:00,-1,0.361279490645819,0.00361279490645819,20
2026-01-02 15:15:00+00:00,2026-01-02 20:45:00+00:00,-1,1.1849298539159252,0.011849298539159253,23
2026-01-05 15:30:00+00:00,2026-01-05 20:45:00+00:00,1,-0.375665819260343,-0.0037566581926034297,22
2026-01-06 15:30:00+00:00,2026-01-06 20:45:00+00:00,1,0.41839046699952903,0.004183904669995291,22
2026-01-07 16:00:00+00:00,2026-01-07 20:45:00+00:00,1,-0.45257469802926187,-0.0045257469802926185,20
2026-01-09 15:30:00+00:00,2026-01-09 20:45:00+00:00,1,0.45624867187683865,0.004562486718768387,22
2026-01-12 16:15:00+00:00,2026-01-12 20:45:00+00:00,1,0.18207252770902954,0.0018207252770902954,19
2026-01-13 15:15:00+00:00,2026-01-13 20:45:00+00:00,-1,0.3900044130626452,0.0039000441306264524,23
2026-01-14 15:45:00+00:00,2026-01-14 20:45:00+00:00,-1,-0.10519809231418875,-0.0010519809231418875,21
2026-01-15 19:15:00+00:00,2026-01-15 20:45:00+00:00,-1,0.8200920386562233,0.008200920386562232,7
2026-01-16 15:15:00+00:00,2026-01-16 20:45:00+00:00,-1,0.07922482645366748,0.0007922482645366747,23
2026-01-19 15:15:00+00:00,2026-01-20 08:30:00+00:00,1,-1.0000000000000075,-0.010000000000000077,50
2026-01-20 15:45:00+00:00,2026-01-20 19:30:00+00:00,1,-1.0000000000000062,-0.010000000000000063,16
2026-01-21 15:30:00+00:00,2026-01-21 20:45:00+00:00,1,0.3796220213640076,0.003796220213640076,22
2026-01-22 15:15:00+00:00,2026-01-22 17:45:00+00:00,-1,-0.9999999999999933,-0.009999999999999934,11
2026-01-23 15:15:00+00:00,2026-01-23 20:45:00+00:00,1,0.2482214184081014,0.0024822141840810143,23
2026-01-26 16:00:00+00:00,2026-01-26 20:45:00+00:00,1,0.013254228730097194,0.00013254228730097195,20
2026-01-27 15:15:00+00:00,2026-01-27 20:45:00+00:00,1,0.22877616113949734,0.0022877616113949734,23
2026-01-28 15:45:00+00:00,2026-01-28 20:45:00+00:00,-1,0.1682692307692197,0.0016826923076921972,21
2026-01-29 15:15:00+00:00,2026-01-29 20:45:00+00:00,-1,-0.8370980046248876,-0.008370980046248876,23
2026-01-30 15:30:00+00:00,2026-01-30 20:45:00+00:00,-1,0.5239283036160625,0.005239283036160625,22
2026-02-02 15:15:00+00:00,2026-02-02 20:45:00+00:00,1,-0.11607121361678795,-0.0011607121361678794,23
2026-02-03 15:15:00+00:00,2026-02-03 20:45:00+00:00,-1,0.6947747591354818,0.006947747591354818,23
2026-02-04 16:00:00+00:00,2026-02-04 20:45:00+00:00,-1,0.24956099274174848,0.002495609927417485,20
2026-02-05 15:15:00+00:00,2026-02-05 20:45:00+00:00,-1,-0.11552403702598642,-0.0011552403702598643,23
2026-02-06 16:15:00+00:00,2026-02-06 20:45:00+00:00,1,0.3723112526570108,0.003723112526570108,19
2026-02-09 15:15:00+00:00,2026-02-09 20:45:00+00:00,1,0.6260229228373505,0.006260229228373505,23
2026-02-10 15:45:00+00:00,2026-02-10 20:45:00+00:00,1,-0.6907557168435018,-0.006907557168435018,21
2026-02-11 15:15:00+00:00,2026-02-11 20:45:00+00:00,-1,-0.4152402947097447,-0.004152402947097447,23
2026-02-12 15:45:00+00:00,2026-02-12 20:45:00+00:00,-1,1.16817379143604,0.0116817379143604,21
2026-02-13 15:30:00+00:00,2026-02-13 20:45:00+00:00,1,-0.24259896008051995,-0.0024259896008052,22
2026-02-16 15:45:00+00:00,2026-02-16 23:45:00+00:00,-1,-0.9999999999999931,-0.00999999999999993,13
2026-02-17 18:45:00+00:00,2026-02-17 20:45:00+00:00,1,-0.11089192069620948,-0.001108919206962095,9
2026-02-18 15:15:00+00:00,2026-02-18 20:45:00+00:00,1,-0.4152481623922076,-0.004152481623922076,23
2026-02-19 16:00:00+00:00,2026-02-19 20:45:00+00:00,1,-0.4081420399673182,-0.004081420399673182,20
2026-02-20 15:30:00+00:00,2026-02-20 20:45:00+00:00,1,0.24188397663406555,0.0024188397663406557,22
2026-02-23 15:45:00+00:00,2026-02-23 20:45:00+00:00,-1,0.4155183825741562,0.004155183825741562,21
2026-02-24 15:30:00+00:00,2026-02-24 20:45:00+00:00,1,0.06654783125370506,0.0006654783125370505,22
2026-02-25 18:00:00+00:00,2026-02-25 20:45:00+00:00,1,0.12175596739290112,0.0012175596739290113,12
2026-02-26 15:15:00+00:00,2026-02-26 20:45:00+00:00,-1,0.007132842050345588,7.132842050345589e-05,23
2026-02-27 15:15:00+00:00,2026-02-27 20:45:00+00:00,1,-0.07498665124144255,-0.0007498665124144255,23
2026-03-02 15:15:00+00:00,2026-03-02 20:45:00+00:00,1,0.2538054630854059,0.002538054630854059,23
2026-03-03 15:30:00+00:00,2026-03-03 16:45:00+00:00,-1,-0.9999999999999953,-0.009999999999999953,6
2026-03-04 15:15:00+00:00,2026-03-04 20:45:00+00:00,1,0.6291092436974763,0.0062910924369747635,23
2026-03-05 16:30:00+00:00,2026-03-05 20:45:00+00:00,-1,-0.00041592394533974383,-4.159239453397439e-06,18
2026-03-06 15:15:00+00:00,2026-03-06 20:45:00+00:00,1,-0.36798017488316737,-0.0036798017488316737,23
2026-03-09 14:45:00+00:00,2026-03-09 19:45:00+00:00,1,1.293455597634144,0.01293455597634144,21
2026-03-10 14:15:00+00:00,2026-03-10 17:15:00+00:00,-1,-1.0000000000000062,-0.010000000000000063,13
2026-03-11 15:15:00+00:00,2026-03-11 19:45:00+00:00,-1,0.05145167217933701,0.0005145167217933701,19
2026-03-12 14:30:00+00:00,2026-03-12 19:45:00+00:00,-1,0.12389275946288476,0.0012389275946288476,22
2026-03-13 14:45:00+00:00,2026-03-13 19:45:00+00:00,-1,0.8591804088293358,0.008591804088293358,21
2026-03-18 14:15:00+00:00,2026-03-18 19:45:00+00:00,-1,0.8275216941326301,0.008275216941326302,23
2026-03-19 15:15:00+00:00,2026-03-19 19:45:00+00:00,1,0.10126467109451993,0.0010126467109451993,19
2026-03-20 14:15:00+00:00,2026-03-20 19:45:00+00:00,-1,0.7783824041054205,0.007783824041054205,23
2026-03-23 14:30:00+00:00,2026-03-23 19:45:00+00:00,1,-0.18423804580574044,-0.0018423804580574043,22
2026-03-24 15:30:00+00:00,2026-03-24 19:45:00+00:00,1,-0.291789913250984,-0.00291789913250984,18
2026-03-25 16:15:00+00:00,2026-03-25 19:45:00+00:00,-1,0.05521787286922406,0.0005521787286922406,15
2026-03-26 16:30:00+00:00,2026-03-26 19:45:00+00:00,-1,0.7625724633618439,0.007625724633618439,14
2026-03-27 14:45:00+00:00,2026-03-27 19:45:00+00:00,-1,0.6034347684972656,0.0060343476849726565,21
2026-03-30 14:45:00+00:00,2026-03-30 19:45:00+00:00,-1,0.724921630094049,0.00724921630094049,21
2026-03-31 16:45:00+00:00,2026-03-31 19:45:00+00:00,1,0.30317692598187534,0.0030317692598187534,13
2026-04-01 14:45:00+00:00,2026-04-01 19:45:00+00:00,1,0.07911915621436942,0.0007911915621436942,21
2026-04-02 14:15:00+00:00,2026-04-02 19:45:00+00:00,1,0.8022855030389809,0.00802285503038981,23
2026-04-06 17:15:00+00:00,2026-04-06 19:45:00+00:00,-1,-0.43288415723645784,-0.004328841572364578,11
2026-04-07 14:15:00+00:00,2026-04-07 19:45:00+00:00,-1,-0.7017560064950985,-0.0070175600649509855,23
2026-04-08 14:30:00+00:00,2026-04-08 19:45:00+00:00,-1,0.19389013378591094,0.0019389013378591094,22
2026-04-09 14:30:00+00:00,2026-04-09 15:30:00+00:00,-1,-1.0000000000000064,-0.010000000000000064,5
2026-04-10 15:15:00+00:00,2026-04-10 19:45:00+00:00,1,-0.46727340641029724,-0.0046727340641029725,19
2026-04-13 14:45:00+00:00,2026-04-13 19:45:00+00:00,1,0.7783106226002992,0.007783106226002992,21
2026-04-14 14:15:00+00:00,2026-04-14 19:45:00+00:00,1,1.3724024353727917,0.013724024353727918,23
2026-04-15 14:15:00+00:00,2026-04-15 19:45:00+00:00,1,1.669449243850831,0.01669449243850831,23
2026-04-16 15:15:00+00:00,2026-04-16 19:45:00+00:00,1,-0.003099659590952802,-3.099659590952802e-05,19
2026-04-17 14:15:00+00:00,2026-04-17 19:45:00+00:00,1,0.22472734649069662,0.0022472734649069664,23
2026-04-20 14:45:00+00:00,2026-04-20 19:45:00+00:00,-1,-0.13025391593735675,-0.0013025391593735674,21
2026-04-21 14:15:00+00:00,2026-04-21 15:00:00+00:00,1,-0.9999999999999905,-0.009999999999999905,4
2026-04-22 14:15:00+00:00,2026-04-22 19:45:00+00:00,1,0.7845552528721916,0.007845552528721916,23
2026-04-23 15:15:00+00:00,2026-04-23 17:15:00+00:00,1,-0.9999999999999932,-0.009999999999999933,9
2026-04-24 15:00:00+00:00,2026-04-24 19:45:00+00:00,1,0.46552051271240136,0.0046552051271240135,20
2026-04-27 17:45:00+00:00,2026-04-27 19:45:00+00:00,1,-0.009956503386147515,-9.956503386147516e-05,9
2026-04-28 15:30:00+00:00,2026-04-28 19:45:00+00:00,-1,-0.385410793911134,-0.0038541079391113398,18
2026-04-29 14:30:00+00:00,2026-04-29 19:45:00+00:00,1,0.04176556284884873,0.0004176556284884873,22
2026-04-30 17:45:00+00:00,2026-04-30 19:45:00+00:00,1,0.43782875511396896,0.00437828755113969,9
2026-05-01 14:15:00+00:00,2026-05-01 19:45:00+00:00,1,-0.0771356540288945,-0.0007713565402889449,23
2026-05-04 14:45:00+00:00,2026-05-04 15:15:00+00:00,1,-0.9999999999999974,-0.009999999999999974,3
2026-05-05 14:30:00+00:00,2026-05-05 19:45:00+00:00,1,0.2224140807474144,0.002224140807474144,22
2026-05-06 14:45:00+00:00,2026-05-06 19:45:00+00:00,1,0.4720985414834344,0.0047209854148343436,21
2026-05-07 14:15:00+00:00,2026-05-07 16:00:00+00:00,1,-1.0000000000000073,-0.010000000000000073,8
2026-05-08 14:30:00+00:00,2026-05-08 19:45:00+00:00,1,0.908551870420345,0.00908551870420345,22
2026-05-11 16:00:00+00:00,2026-05-11 19:45:00+00:00,1,-0.2900440346773126,-0.002900440346773126,16
2026-05-12 14:30:00+00:00,2026-05-12 19:45:00+00:00,-1,-0.13474213861154305,-0.0013474213861154305,22
2026-05-13 15:00:00+00:00,2026-05-13 19:45:00+00:00,1,0.7258913172689924,0.007258913172689924,20
2026-05-14 14:45:00+00:00,2026-05-14 19:45:00+00:00,1,0.13918185927377044,0.0013918185927377044,21
2026-05-15 14:15:00+00:00,2026-05-15 19:45:00+00:00,1,-0.011897156149666771,-0.00011897156149666771,23
2026-05-18 14:45:00+00:00,2026-05-18 19:45:00+00:00,-1,0.08103033161998803,0.0008103033161998804,21
2026-05-19 14:15:00+00:00,2026-05-19 17:15:00+00:00,-1,-1.0000000000000029,-0.01000000000000003,13
2026-05-20 14:30:00+00:00,2026-05-20 19:45:00+00:00,1,0.5281973816716912,0.005281973816716912,22
2026-05-21 17:15:00+00:00,2026-05-21 19:45:00+00:00,1,0.21787051157632273,0.0021787051157632275,11
2026-05-22 17:30:00+00:00,2026-05-22 19:45:00+00:00,1,-0.7793920372573295,-0.007793920372573295,10
2026-05-25 14:45:00+00:00,2026-05-26 13:45:00+00:00,-1,-1.0000000000000184,-0.010000000000000184,73
2026-05-26 14:15:00+00:00,2026-05-26 19:45:00+00:00,1,0.3634981311586863,0.003634981311586863,23
2026-05-27 14:30:00+00:00,2026-05-27 19:45:00+00:00,-1,-0.45841088727479784,-0.004584108872747979,22
2026-05-28 14:15:00+00:00,2026-05-28 19:45:00+00:00,1,0.5344139573730822,0.005344139573730822,23
2026-05-29 14:45:00+00:00,2026-05-29 19:45:00+00:00,-1,-0.5607923256660443,-0.005607923256660443,21
2026-06-01 15:30:00+00:00,2026-06-01 19:45:00+00:00,1,0.34746606045666123,0.0034746606045666126,18
2026-06-02 14:15:00+00:00,2026-06-02 19:45:00+00:00,1,0.23942221838184713,0.0023942221838184714,23
2026-06-04 15:15:00+00:00,2026-06-04 19:45:00+00:00,1,0.30668811454981665,0.0030668811454981665,19
2026-06-05 15:15:00+00:00,2026-06-05 19:45:00+00:00,-1,1.6780600339414389,0.01678060033941439,19
2026-06-08 15:00:00+00:00,2026-06-08 19:45:00+00:00,1,-0.6133497756862996,-0.006133497756862996,20
2026-06-09 14:15:00+00:00,2026-06-09 19:45:00+00:00,-1,1.973305750601727,0.01973305750601727,23
2026-06-10 14:30:00+00:00,2026-06-10 18:45:00+00:00,1,-1.0000000000000027,-0.010000000000000026,18
2026-06-11 15:00:00+00:00,2026-06-11 17:30:00+00:00,-1,-1.0000000000000029,-0.01000000000000003,11
2026-06-12 14:15:00+00:00,2026-06-12 19:45:00+00:00,1,0.23090190980901665,0.0023090190980901665,23
2026-06-15 15:15:00+00:00,2026-06-15 19:45:00+00:00,1,0.13224044322559445,0.0013224044322559445,19
2026-06-16 14:30:00+00:00,2026-06-16 19:45:00+00:00,-1,1.1455673758865235,0.011455673758865234,22
2026-06-17 18:15:00+00:00,2026-06-17 19:45:00+00:00,-1,0.8174377025365999,0.008174377025366,7
2026-06-18 15:00:00+00:00,2026-06-18 19:45:00+00:00,1,0.32613400770053563,0.0032613400770053562,20
2026-06-19 15:15:00+00:00,2026-06-21 22:00:00+00:00,1,-0.9999999999999928,-0.009999999999999927,8
2026-06-22 14:30:00+00:00,2026-06-22 19:45:00+00:00,-1,0.6330191854594389,0.006330191854594389,22
2026-06-23 14:15:00+00:00,2026-06-23 18:30:00+00:00,1,-0.9999999999999956,-0.009999999999999955,18
2026-06-24 15:00:00+00:00,2026-06-24 17:15:00+00:00,1,-1.0000000000000036,-0.010000000000000035,10
2026-06-26 14:15:00+00:00,2026-06-26 19:45:00+00:00,1,-0.13129931577171386,-0.0013129931577171385,23
2026-06-29 14:15:00+00:00,2026-06-29 14:45:00+00:00,-1,-0.9999999999999973,-0.009999999999999974,3
2026-06-30 14:30:00+00:00,2026-06-30 19:45:00+00:00,1,0.5406819062378911,0.005406819062378911,22
2026-07-01 14:15:00+00:00,2026-07-01 19:45:00+00:00,1,-0.5059760558031695,-0.0050597605580316955,23
2026-07-02 14:30:00+00:00,2026-07-02 19:45:00+00:00,-1,1.0129503079389162,0.010129503079389162,22
2026-07-03 14:15:00+00:00,2026-07-05 23:30:00+00:00,-1,-0.9999999999999953,-0.009999999999999953,18
2026-07-06 14:15:00+00:00,2026-07-06 19:45:00+00:00,1,0.004413086858326338,4.4130868583263385e-05,23
2026-07-07 14:15:00+00:00,2026-07-07 19:45:00+00:00,-1,0.10071483859218458,0.0010071483859218457,23
2026-07-08 15:15:00+00:00,2026-07-08 19:45:00+00:00,-1,-0.6763963481970734,-0.006763963481970734,19
2026-07-09 17:15:00+00:00,2026-07-09 19:45:00+00:00,1,-0.04031846009494846,-0.0004031846009494846,11
2026-07-10 15:30:00+00:00,2026-07-10 19:45:00+00:00,1,0.1904756468797619,0.001904756468797619,18
2026-07-13 17:30:00+00:00,2026-07-13 19:45:00+00:00,-1,0.18394003937134878,0.001839400393713488,10
2026-07-14 14:15:00+00:00,2026-07-14 19:45:00+00:00,-1,-0.4085461888722527,-0.004085461888722527,23
2026-07-15 14:30:00+00:00,2026-07-15 19:45:00+00:00,-1,0.1347920901084039,0.001347920901084039,22
2026-07-16 17:45:00+00:00,2026-07-16 19:45:00+00:00,-1,0.3450051953112301,0.003450051953112301,9
2026-07-17 14:15:00+00:00,2026-07-17 19:45:00+00:00,1,-0.04268905552009456,-0.00042689055520094563,23
2026-07-20 14:15:00+00:00,2026-07-20 19:45:00+00:00,-1,0.33063255697999133,0.0033063255697999136,23
2026-07-21 15:15:00+00:00,2026-07-21 19:45:00+00:00,1,0.15062114877850274,0.0015062114877850276,19
2026-07-22 15:15:00+00:00,2026-07-22 19:45:00+00:00,1,-0.3512707563851787,-0.0035127075638517868,19
2026-07-23 14:45:00+00:00,2026-07-23 19:45:00+00:00,-1,0.3592988562903977,0.003592988562903977,21
2026-07-24 14:45:00+00:00,2026-07-24 19:45:00+00:00,-1,0.033532766941890266,0.00033532766941890264,21
2026-07-27 14:15:00+00:00,2026-07-27 19:45:00+00:00,-1,0.27083570917610345,0.0027083570917610343,23
2026-07-28 14:15:00+00:00,2026-07-28 15:30:00+00:00,-1,-0.9999999999999987,-0.009999999999999986,6
2026-07-29 14:15:00+00:00,2026-07-29 18:45:00+00:00,-1,-1.0000000000000013,-0.010000000000000014,19
2026-07-30 14:30:00+00:00,2026-07-30 19:45:00+00:00,1,0.012883570119517705,0.00012883570119517706,22
2026-07-31 14:15:00+00:00,2026-07-31 19:45:00+00:00,-1,-0.8665556474668715,-0.008665556474668715,23
2026-08-03 14:30:00+00:00,2026-08-03 19:45:00+00:00,1,0.6850893173630891,0.006850893173630891,22
2026-08-04 14:15:00+00:00,2026-08-04 19:45:00+00:00,1,1.5883635797180817,0.015883635797180818,23
2026-08-05 14:45:00+00:00,2026-08-05 19:45:00+00:00,-1,0.5384724487624974,0.005384724487624975,21
2026-08-06 14:15:00+00:00,2026-08-06 19:45:00+00:00,1,-0.3250434453758762,-0.0032504344537587623,23
2026-08-07 14:15:00+00:00,2026-08-07 19:45:00+00:00,-1,-0.588720835711439,-0.00588720835711439,23
2026-08-10 14:15:00+00:00,2026-08-10 19:45:00+00:00,1,-0.4788123434891361,-0.004788123434891361,23
2026-08-11 17:00:00+00:00,2026-08-11 19:45:00+00:00,-1,-0.052308405259794605,-0.000523084052597946,12
2026-08-12 15:45:00+00:00,2026-08-12 19:45:00+00:00,-1,-0.05867791170143541,-0.0005867791170143541,17
2026-08-13 14:15:00+00:00,2026-08-13 19:45:00+00:00,1,-0.014026444762096376,-0.00014026444762096376,23
2026-08-14 14:30:00+00:00,2026-08-14 19:45:00+00:00,-1,0.29688978142167594,0.0029688978142167594,22
2026-08-17 15:30:00+00:00,2026-08-17 19:45:00+00:00,1,-0.788895774951497,-0.00788895774951497,18
2026-08-18 14:15:00+00:00,2026-08-18 19:45:00+00:00,-1,-0.06058360292318792,-0.0006058360292318792,23
2026-08-19 14:15:00+00:00,2026-08-19 19:45:00+00:00,-1,-0.4655584113366849,-0.004655584113366849,23
2026-08-20 15:45:00+00:00,2026-08-20 19:45:00+00:00,-1,-0.09928826224409071,-0.000992882622440907,17
2026-08-21 14:15:00+00:00,2026-08-21 15:30:00+00:00,-1,-1.000000000000007,-0.010000000000000071,6
2026-08-25 14:15:00+00:00,2026-08-25 19:45:00+00:00,-1,0.029369799539456724,0.00029369799539456727,23
2026-08-27 14:30:00+00:00,2026-08-27 19:45:00+00:00,1,0.09726045353256889,0.0009726045353256889,22
2026-08-28 14:15:00+00:00,2026-08-28 14:45:00+00:00,-1,-0.9999999999999928,-0.009999999999999927,3
2026-08-31 14:30:00+00:00,2026-08-31 19:45:00+00:00,-1,-0.45909751050677283,-0.004590975105067729,22
2026-09-01 14:30:00+00:00,2026-09-01 19:45:00+00:00,1,-0.2481058038471447,-0.002481058038471447,22
2026-09-02 14:15:00+00:00,2026-09-02 19:45:00+00:00,1,0.20628136957709464,0.0020628136957709466,23
2026-09-03 15:15:00+00:00,2026-09-03 19:45:00+00:00,1,0.18619530737502568,0.001861953073750257,19
2026-09-04 14:45:00+00:00,2026-09-04 19:45:00+00:00,-1,-0.034956445245456214,-0.00034956445245456217,21
2026-09-07 15:00:00+00:00,2026-09-08 01:45:00+00:00,-1,-1.0000000000000098,-0.010000000000000097,24
2026-09-09 15:15:00+00:00,2026-09-09 19:45:00+00:00,-1,-0.1795624701322186,-0.001795624701322186,19
2026-09-10 14:30:00+00:00,2026-09-10 19:45:00+00:00,1,-0.15634995990080963,-0.0015634995990080963,22
2026-09-11 15:30:00+00:00,2026-09-11 19:45:00+00:00,1,-0.16836137202484705,-0.0016836137202484705,18
2026-09-14 14:15:00+00:00,2026-09-14 19:45:00+00:00,1,0.6861477697046491,0.006861477697046491,23
2026-09-15 14:15:00+00:00,2026-09-15 19:45:00+00:00,-1,0.7152501707500639,0.007152501707500639,23
2026-09-16 15:00:00+00:00,2026-09-16 18:30:00+00:00,1,-1.0,-0.01,15
2026-09-17 15:45:00+00:00,2026-09-17 19:45:00+00:00,1,0.1401675347104049,0.001401675347104049,17
2026-09-18 14:15:00+00:00,2026-09-18 19:45:00+00:00,-1,-0.780311234775659,-0.00780311234775659,23
2026-09-21 14:15:00+00:00,2026-09-21 19:45:00+00:00,1,2.481672680504441,0.02481672680504441,23
2026-09-22 14:15:00+00:00,2026-09-22 19:45:00+00:00,1,0.3879695985876542,0.0038796959858765417,23
2026-09-23 14:15:00+00:00,2026-09-23 19:45:00+00:00,-1,-0.12980769230769965,-0.0012980769230769966,23
2026-09-24 14:30:00+00:00,2026-09-24 19:45:00+00:00,1,0.5293658816628518,0.005293658816628518,22
2026-09-25 14:15:00+00:00,2026-09-25 19:45:00+00:00,-1,-0.6248140188460964,-0.006248140188460965,23
2026-09-28 14:15:00+00:00,2026-09-28 19:45:00+00:00,-1,-0.15419395073277795,-0.0015419395073277796,23
2026-09-29 16:45:00+00:00,2026-09-29 19:45:00+00:00,-1,-0.2716183361123846,-0.002716183361123846,13
