Date,ret
2006-01-03 00:00:00+00:00,0.0
2006-01-04 00:00:00+00:00,0.0
2006-01-05 00:00:00+00:00,0.0
2006-01-06 00:00:00+00:00,0.0
2006-01-09 00:00:00+00:00,0.0
2006-01-10 00:00:00+00:00,0.0
2006-01-11 00:00:00+00:00,0.0
2006-01-12 00:00:00+00:00,0.0
2006-01-13 00:00:00+00:00,0.0
2006-01-17 00:00:00+00:00,0.0
2006-01-18 00:00:00+00:00,0.0
2006-01-19 00:00:00+00:00,0.0
2006-01-20 00:00:00+00:00,0.0
2006-01-23 00:00:00+00:00,0.0
2006-01-24 00:00:00+00:00,0.0
2006-01-25 00:00:00+00:00,0.0
2006-01-26 00:00:00+00:00,0.0
2006-01-27 00:00:00+00:00,0.0
2006-01-30 00:00:00+00:00,0.0
2006-01-31 00:00:00+00:00,0.0
2006-02-01 00:00:00+00:00,0.0
2006-02-02 00:00:00+00:00,0.0
2006-02-03 00:00:00+00:00,0.0
2006-02-06 00:00:00+00:00,0.0
2006-02-07 00:00:00+00:00,0.0
2006-02-08 00:00:00+00:00,0.0
2006-02-09 00:00:00+00:00,0.0
2006-02-10 00:00:00+00:00,0.0
2006-02-13 00:00:00+00:00,0.0
2006-02-14 00:00:00+00:00,0.0
2006-02-15 00:00:00+00:00,0.0
2006-02-16 00:00:00+00:00,0.0
2006-02-17 00:00:00+00:00,0.0
2006-02-21 00:00:00+00:00,0.0
2006-02-22 00:00:00+00:00,0.0
2006-02-23 00:00:00+00:00,0.0
2006-02-24 00:00:00+00:00,0.0
2006-02-27 00:00:00+00:00,0.0
2006-02-28 00:00:00+00:00,0.0
2006-03-01 00:00:00+00:00,0.0
2006-03-02 00:00:00+00:00,0.0
2006-03-03 00:00:00+00:00,0.0
2006-03-06 00:00:00+00:00,0.0
2006-03-07 00:00:00+00:00,0.0
2006-03-08 00:00:00+00:00,0.0
2006-03-09 00:00:00+00:00,0.0
2006-03-10 00:00:00+00:00,0.0
2006-03-13 00:00:00+00:00,0.0
2006-03-14 00:00:00+00:00,0.0
2006-03-15 00:00:00+00:00,0.0
2006-03-16 00:00:00+00:00,0.0
2006-03-17 00:00:00+00:00,0.0
2006-03-20 00:00:00+00:00,0.0
2006-03-21 00:00:00+00:00,0.0
2006-03-22 00:00:00+00:00,0.0
2006-03-23 00:00:00+00:00,0.0
2006-03-24 00:00:00+00:00,0.0
2006-03-27 00:00:00+00:00,0.0
2006-03-28 00:00:00+00:00,0.0
2006-03-29 00:00:00+00:00,0.0
2006-03-30 00:00:00+00:00,0.0
2006-03-31 00:00:00+00:00,0.0
2006-04-03 00:00:00+00:00,0.0
2006-04-04 00:00:00+00:00,0.0
2006-04-05 00:00:00+00:00,0.0
2006-04-06 00:00:00+00:00,0.0
2006-04-07 00:00:00+00:00,0.0
2006-04-10 00:00:00+00:00,0.0
2006-04-11 00:00:00+00:00,0.0
2006-04-12 00:00:00+00:00,0.0
2006-04-13 00:00:00+00:00,0.0
2006-04-17 00:00:00+00:00,0.0
2006-04-18 00:00:00+00:00,0.0
2006-04-19 00:00:00+00:00,0.0
2006-04-20 00:00:00+00:00,0.0
2006-04-21 00:00:00+00:00,0.0
2006-04-24 00:00:00+00:00,0.0
2006-04-25 00:00:00+00:00,0.0
2006-04-26 00:00:00+00:00,0.0
2006-04-27 00:00:00+00:00,0.0
2006-04-28 00:00:00+00:00,0.0
2006-05-01 00:00:00+00:00,0.0
2006-05-02 00:00:00+00:00,0.0
2006-05-03 00:00:00+00:00,0.0
2006-05-04 00:00:00+00:00,0.0
2006-05-05 00:00:00+00:00,0.0
2006-05-08 00:00:00+00:00,0.0
2006-05-09 00:00:00+00:00,0.0
2006-05-10 00:00:00+00:00,0.0
2006-05-11 00:00:00+00:00,0.0
2006-05-12 00:00:00+00:00,0.0
2006-05-15 00:00:00+00:00,0.0
2006-05-16 00:00:00+00:00,0.0
2006-05-17 00:00:00+00:00,0.0
2006-05-18 00:00:00+00:00,0.0
2006-05-19 00:00:00+00:00,0.0
2006-05-22 00:00:00+00:00,0.0
2006-05-23 00:00:00+00:00,0.0
2006-05-24 00:00:00+00:00,0.0
2006-05-25 00:00:00+00:00,0.0
2006-05-26 00:00:00+00:00,0.0
2006-05-30 00:00:00+00:00,0.0
2006-05-31 00:00:00+00:00,0.0
2006-06-01 00:00:00+00:00,0.0
2006-06-02 00:00:00+00:00,0.0
2006-06-05 00:00:00+00:00,0.0
2006-06-06 00:00:00+00:00,0.0
2006-06-07 00:00:00+00:00,0.0
2006-06-08 00:00:00+00:00,0.0
2006-06-09 00:00:00+00:00,0.0
2006-06-12 00:00:00+00:00,0.0
2006-06-13 00:00:00+00:00,0.0
2006-06-14 00:00:00+00:00,0.0
2006-06-15 00:00:00+00:00,0.0
2006-06-16 00:00:00+00:00,0.0
2006-06-19 00:00:00+00:00,0.0
2006-06-20 00:00:00+00:00,0.0
2006-06-21 00:00:00+00:00,0.0
2006-06-22 00:00:00+00:00,0.0
2006-06-23 00:00:00+00:00,0.0
2006-06-26 00:00:00+00:00,0.0
2006-06-27 00:00:00+00:00,0.0
2006-06-28 00:00:00+00:00,0.0
2006-06-29 00:00:00+00:00,0.0
2006-06-30 00:00:00+00:00,0.0
2006-07-03 00:00:00+00:00,0.0
2006-07-05 00:00:00+00:00,0.0
2006-07-06 00:00:00+00:00,0.0
2006-07-07 00:00:00+00:00,0.0
2006-07-10 00:00:00+00:00,0.0
2006-07-11 00:00:00+00:00,0.0
2006-07-12 00:00:00+00:00,0.0
2006-07-13 00:00:00+00:00,0.0
2006-07-14 00:00:00+00:00,0.0
2006-07-17 00:00:00+00:00,0.0
2006-07-18 00:00:00+00:00,0.0
2006-07-19 00:00:00+00:00,0.0
2006-07-20 00:00:00+00:00,0.0
2006-07-21 00:00:00+00:00,0.0
2006-07-24 00:00:00+00:00,0.0
2006-07-25 00:00:00+00:00,0.0
2006-07-26 00:00:00+00:00,0.0
2006-07-27 00:00:00+00:00,0.0
2006-07-28 00:00:00+00:00,0.0
2006-07-31 00:00:00+00:00,0.0
2006-08-01 00:00:00+00:00,0.0
2006-08-02 00:00:00+00:00,0.0
2006-08-03 00:00:00+00:00,0.0
2006-08-04 00:00:00+00:00,0.0
2006-08-07 00:00:00+00:00,0.0
2006-08-08 00:00:00+00:00,0.0
2006-08-09 00:00:00+00:00,0.0
2006-08-10 00:00:00+00:00,0.0
2006-08-11 00:00:00+00:00,0.0
2006-08-14 00:00:00+00:00,0.0
2006-08-15 00:00:00+00:00,0.0
2006-08-16 00:00:00+00:00,0.0
2006-08-17 00:00:00+00:00,0.0
2006-08-18 00:00:00+00:00,0.0
2006-08-21 00:00:00+00:00,0.0
2006-08-22 00:00:00+00:00,0.0
2006-08-23 00:00:00+00:00,0.0
2006-08-24 00:00:00+00:00,0.0
2006-08-25 00:00:00+00:00,0.0
2006-08-28 00:00:00+00:00,0.0
2006-08-29 00:00:00+00:00,0.0
2006-08-30 00:00:00+00:00,0.0
2006-08-31 00:00:00+00:00,0.0
2006-09-01 00:00:00+00:00,0.0
2006-09-05 00:00:00+00:00,0.0
2006-09-06 00:00:00+00:00,0.0
2006-09-07 00:00:00+00:00,0.0
2006-09-08 00:00:00+00:00,0.0
2006-09-11 00:00:00+00:00,0.0
2006-09-12 00:00:00+00:00,0.0
2006-09-13 00:00:00+00:00,0.0
2006-09-14 00:00:00+00:00,0.0
2006-09-15 00:00:00+00:00,0.0
2006-09-18 00:00:00+00:00,0.0
2006-09-19 00:00:00+00:00,0.0003830441693131849
2006-09-20 00:00:00+00:00,-0.0007110750964355317
2006-09-21 00:00:00+00:00,0.0014559954987497237
2006-09-22 00:00:00+00:00,0.001175272392725718
2006-09-25 00:00:00+00:00,-0.0013098260289623465
2006-09-26 00:00:00+00:00,0.0009470642168816767
2006-09-27 00:00:00+00:00,-0.0003716902124787369
2006-09-28 00:00:00+00:00,0.0005440795403368892
2006-09-29 00:00:00+00:00,-0.0010501553074732106
2006-10-02 00:00:00+00:00,-0.001477521804538029
2006-10-03 00:00:00+00:00,-0.001786365110151733
2006-10-04 00:00:00+00:00,-0.0008326593443165886
2006-10-05 00:00:00+00:00,-6.4611808343773e-05
2006-10-06 00:00:00+00:00,0.0007106483925261031
2006-10-09 00:00:00+00:00,-0.00041193561185176586
2006-10-10 00:00:00+00:00,-0.0005511309605363279
2006-10-11 00:00:00+00:00,-0.002313061526117821
2006-10-12 00:00:00+00:00,-0.0010906508231189327
2006-10-13 00:00:00+00:00,0.001782769149347635
2006-10-16 00:00:00+00:00,0.000283757910960053
2006-10-17 00:00:00+00:00,0.0008202767290436397
2006-10-18 00:00:00+00:00,-0.001401828922718118
2006-10-19 00:00:00+00:00,0.0013690141530024735
2006-10-20 00:00:00+00:00,-0.0016391948875927875
2006-10-23 00:00:00+00:00,0.0009524249065951396
2006-10-24 00:00:00+00:00,0.0008522935101700213
2006-10-25 00:00:00+00:00,0.0010160039807916577
2006-10-26 00:00:00+00:00,-0.0021545881296972103
2006-10-27 00:00:00+00:00,6.940020569354277e-05
2006-10-30 00:00:00+00:00,-0.002900905501889095
2006-10-31 00:00:00+00:00,-0.00015
2006-11-01 00:00:00+00:00,0.0
2006-11-02 00:00:00+00:00,0.0
2006-11-03 00:00:00+00:00,0.0
2006-11-06 00:00:00+00:00,0.0
2006-11-07 00:00:00+00:00,0.0
2006-11-08 00:00:00+00:00,0.0
2006-11-09 00:00:00+00:00,0.0
2006-11-10 00:00:00+00:00,0.00044916795941333815
2006-11-13 00:00:00+00:00,-0.00020650359248106098
2006-11-14 00:00:00+00:00,0.0013452882051514514
2006-11-15 00:00:00+00:00,-0.0019211948543058632
2006-11-16 00:00:00+00:00,0.00029176370471961643
2006-11-17 00:00:00+00:00,0.00107703536033249
2006-11-20 00:00:00+00:00,-0.002443130590982251
2006-11-21 00:00:00+00:00,-0.00015353971779633047
2006-11-22 00:00:00+00:00,0.0015741580710232905
2006-11-24 00:00:00+00:00,-0.000913704371107632
2006-11-27 00:00:00+00:00,-0.00019118271961793276
2006-11-28 00:00:00+00:00,0.0020459105253194387
2006-11-29 00:00:00+00:00,-0.00027998184463892684
2006-11-30 00:00:00+00:00,0.0007895933482401918
2006-12-01 00:00:00+00:00,-0.0017330483179321121
2006-12-04 00:00:00+00:00,6.984699800360872e-05
2006-12-05 00:00:00+00:00,-0.001142792722960917
2006-12-06 00:00:00+00:00,0.0014009398856998367
2006-12-07 00:00:00+00:00,-0.00047925330886230966
2006-12-08 00:00:00+00:00,-0.001452433328842595
2006-12-11 00:00:00+00:00,0.0015327512033204704
2006-12-12 00:00:00+00:00,0.000623120960844159
2006-12-13 00:00:00+00:00,0.0010091173720666704
2006-12-14 00:00:00+00:00,-0.00044875329565557953
2006-12-15 00:00:00+00:00,0.0019561428582546836
2006-12-18 00:00:00+00:00,0.001313274036103096
2006-12-19 00:00:00+00:00,1.6228918990335295e-05
2006-12-20 00:00:00+00:00,9.041928068309613e-05
2006-12-21 00:00:00+00:00,0.0015910578267345765
2006-12-22 00:00:00+00:00,0.001969408335640077
2006-12-26 00:00:00+00:00,-0.0010378577714153679
2006-12-27 00:00:00+00:00,-0.000717851981042128
2006-12-28 00:00:00+00:00,0.000585654714720274
2006-12-29 00:00:00+00:00,0.0016598569054571133
2007-01-03 00:00:00+00:00,-0.0015269971346847377
2007-01-04 00:00:00+00:00,-0.00048206241205905886
2007-01-05 00:00:00+00:00,0.0014928565693657359
2007-01-08 00:00:00+00:00,-0.0012759112839678677
2007-01-09 00:00:00+00:00,-0.0004901799387853067
2007-01-10 00:00:00+00:00,-0.001335133195918936
2007-01-11 00:00:00+00:00,-0.0012796640719841545
2007-01-12 00:00:00+00:00,0.0009703931912331265
2007-01-16 00:00:00+00:00,-8.427092454965646e-06
2007-01-17 00:00:00+00:00,-0.0005339476049558978
2007-01-18 00:00:00+00:00,0.001017069289846878
2007-01-19 00:00:00+00:00,0.00044548959744683536
2007-01-22 00:00:00+00:00,0.0009136256333524551
2007-01-23 00:00:00+00:00,-0.0003885064410086847
2007-01-24 00:00:00+00:00,-0.0003299066029286979
2007-01-25 00:00:00+00:00,0.0013630149648621304
2007-01-26 00:00:00+00:00,0.000447106739684483
2007-01-29 00:00:00+00:00,0.0003984655590647257
2007-01-30 00:00:00+00:00,-0.00015
2007-01-31 00:00:00+00:00,0.0
2007-02-01 00:00:00+00:00,0.0
2007-02-02 00:00:00+00:00,0.0
2007-02-05 00:00:00+00:00,0.0
2007-02-06 00:00:00+00:00,0.0
2007-02-07 00:00:00+00:00,0.0
2007-02-08 00:00:00+00:00,0.0
2007-02-09 00:00:00+00:00,0.0
2007-02-12 00:00:00+00:00,0.0
2007-02-13 00:00:00+00:00,0.0
2007-02-14 00:00:00+00:00,0.0
2007-02-15 00:00:00+00:00,0.0
2007-02-16 00:00:00+00:00,0.0
2007-02-20 00:00:00+00:00,0.0
2007-02-21 00:00:00+00:00,0.0
2007-02-22 00:00:00+00:00,0.0
2007-02-23 00:00:00+00:00,0.0
2007-02-26 00:00:00+00:00,0.0
2007-02-27 00:00:00+00:00,0.0
2007-02-28 00:00:00+00:00,0.0
2007-03-01 00:00:00+00:00,0.0
2007-03-02 00:00:00+00:00,0.0
2007-03-05 00:00:00+00:00,0.0
2007-03-06 00:00:00+00:00,0.0
2007-03-07 00:00:00+00:00,0.0
2007-03-08 00:00:00+00:00,0.0
2007-03-09 00:00:00+00:00,0.0
2007-03-12 00:00:00+00:00,0.0
2007-03-13 00:00:00+00:00,0.0
2007-03-14 00:00:00+00:00,0.0
2007-03-15 00:00:00+00:00,0.0
2007-03-16 00:00:00+00:00,0.0
2007-03-19 00:00:00+00:00,0.0
2007-03-20 00:00:00+00:00,0.000577898416732542
2007-03-21 00:00:00+00:00,0.0017975192262167372
2007-03-22 00:00:00+00:00,3.9716881514106905e-05
2007-03-23 00:00:00+00:00,-0.0006723446944657541
2007-03-26 00:00:00+00:00,0.0006124498972763792
2007-03-27 00:00:00+00:00,0.000989007991577584
2007-03-28 00:00:00+00:00,-0.00025562243796084516
2007-03-29 00:00:00+00:00,-0.000626071556553187
2007-03-30 00:00:00+00:00,-0.0002581775792836194
2007-04-02 00:00:00+00:00,0.0017572882927471833
2007-04-03 00:00:00+00:00,0.0008585448423296671
2007-04-04 00:00:00+00:00,0.0004461762624216048
2007-04-05 00:00:00+00:00,0.00013493432040673214
2007-04-09 00:00:00+00:00,0.002164514602675721
2007-04-10 00:00:00+00:00,0.003178282710938879
2007-04-11 00:00:00+00:00,-0.0018462089145963867
2007-04-12 00:00:00+00:00,-0.0024618260209609277
2007-04-13 00:00:00+00:00,-0.00039807367421845763
2007-04-16 00:00:00+00:00,-0.0011040765503861905
2007-04-17 00:00:00+00:00,0.0025974276756808856
2007-04-18 00:00:00+00:00,-0.0005516605110928163
2007-04-19 00:00:00+00:00,0.0010785204366056123
2007-04-20 00:00:00+00:00,-0.0041549724066365645
2007-04-23 00:00:00+00:00,-0.0009401454197622561
2007-04-24 00:00:00+00:00,0.00014811380392840134
2007-04-25 00:00:00+00:00,-0.0025499248597468105
2007-04-26 00:00:00+00:00,0.0017411683514904075
2007-04-27 00:00:00+00:00,-0.0011730450404791593
2007-04-30 00:00:00+00:00,0.0018240316179532479
2007-05-01 00:00:00+00:00,0.0021460830979975476
2007-05-02 00:00:00+00:00,-0.000775752498907367
2007-05-03 00:00:00+00:00,-0.0018040844294335556
2007-05-04 00:00:00+00:00,-0.00026544038828475985
2007-05-07 00:00:00+00:00,-0.0001206113415848642
2007-05-08 00:00:00+00:00,-0.00033664566311319977
2007-05-09 00:00:00+00:00,-0.00047496075863223686
2007-05-10 00:00:00+00:00,0.0007996718873214403
2007-05-11 00:00:00+00:00,0.0004271262960184822
2007-05-14 00:00:00+00:00,-7.973973393332612e-05
2007-05-15 00:00:00+00:00,0.0018878371149219086
2007-05-16 00:00:00+00:00,0.0012651087384813464
2007-05-17 00:00:00+00:00,0.0011144615449301676
2007-05-18 00:00:00+00:00,0.0007320771462487607
2007-05-21 00:00:00+00:00,0.001061375615136917
2007-05-22 00:00:00+00:00,-0.00010948116287839982
2007-05-23 00:00:00+00:00,-0.0008759613273665035
2007-05-24 00:00:00+00:00,0.0025978313591690227
2007-05-25 00:00:00+00:00,-0.0007047352920619421
2007-05-29 00:00:00+00:00,0.000295743869902082
2007-05-30 00:00:00+00:00,0.001203822514448144
2007-05-31 00:00:00+00:00,-0.001240116335316399
2007-06-01 00:00:00+00:00,0.0003230685052183768
2007-06-04 00:00:00+00:00,-0.0008137561741980992
2007-06-05 00:00:00+00:00,-0.0006757009565124261
2007-06-06 00:00:00+00:00,8.217414029618175e-05
2007-06-07 00:00:00+00:00,-0.002897249547512931
2007-06-08 00:00:00+00:00,0.00029339796831653886
2007-06-11 00:00:00+00:00,-0.0011569245202451839
2007-06-12 00:00:00+00:00,0.0026814990672905936
2007-06-13 00:00:00+00:00,0.00022667189013741984
2007-06-14 00:00:00+00:00,0.00113288539057943
2007-06-15 00:00:00+00:00,-7.106245385113397e-05
2007-06-18 00:00:00+00:00,-4.317634730355291e-05
2007-06-19 00:00:00+00:00,-0.0021123684608741478
2007-06-20 00:00:00+00:00,-0.0019812168743980063
2007-06-21 00:00:00+00:00,0.00014241507552187338
2007-06-22 00:00:00+00:00,0.00042762451985128846
2007-06-25 00:00:00+00:00,0.000386515224527856
2007-06-26 00:00:00+00:00,0.0032367335444454803
2007-06-27 00:00:00+00:00,-0.00015
2007-06-28 00:00:00+00:00,0.0
2007-06-29 00:00:00+00:00,0.0
2007-07-02 00:00:00+00:00,-0.00035879059577721955
2007-07-03 00:00:00+00:00,0.00033217741008534363
2007-07-05 00:00:00+00:00,0.00039041265767331135
2007-07-06 00:00:00+00:00,-6.684923608396565e-05
2007-07-09 00:00:00+00:00,-0.0011142071478604798
2007-07-10 00:00:00+00:00,0.0005195241198270861
2007-07-11 00:00:00+00:00,0.0003108805556937544
2007-07-12 00:00:00+00:00,-0.0006781336879287947
2007-07-13 00:00:00+00:00,-0.0002471982581023213
2007-07-16 00:00:00+00:00,0.00019701210553546566
2007-07-17 00:00:00+00:00,-0.00023698122575355196
2007-07-18 00:00:00+00:00,-0.0007654645558055062
2007-07-19 00:00:00+00:00,-0.0007740047797987204
2007-07-20 00:00:00+00:00,-0.0012024892431264367
2007-07-23 00:00:00+00:00,0.00020135632234064005
2007-07-24 00:00:00+00:00,-5.205482865633382e-05
2007-07-25 00:00:00+00:00,0.0006037336037478247
2007-07-26 00:00:00+00:00,0.0016682394861148309
2007-07-27 00:00:00+00:00,0.00020758421902131174
2007-07-30 00:00:00+00:00,-7.92339326478042e-05
2007-07-31 00:00:00+00:00,9.53552036309091e-06
2007-08-01 00:00:00+00:00,9.073266984169215e-05
2007-08-02 00:00:00+00:00,0.00015804488356610524
2007-08-03 00:00:00+00:00,-0.0014945128249114759
2007-08-06 00:00:00+00:00,-0.00031406341170392427
2007-08-07 00:00:00+00:00,0.0009304939214347663
2007-08-08 00:00:00+00:00,-0.0006727880334870817
2007-08-09 00:00:00+00:00,0.0009899745583404618
2007-08-10 00:00:00+00:00,-0.002055545733835429
2007-08-13 00:00:00+00:00,0.0005417715254605049
2007-08-14 00:00:00+00:00,-0.00015
2007-08-15 00:00:00+00:00,0.0
2007-08-16 00:00:00+00:00,0.0
2007-08-17 00:00:00+00:00,0.0
2007-08-20 00:00:00+00:00,0.0
2007-08-21 00:00:00+00:00,0.0
2007-08-22 00:00:00+00:00,0.0
2007-08-23 00:00:00+00:00,0.0
2007-08-24 00:00:00+00:00,0.0
2007-08-27 00:00:00+00:00,0.0
2007-08-28 00:00:00+00:00,0.0
2007-08-29 00:00:00+00:00,0.0
2007-08-30 00:00:00+00:00,-0.0005841531189631098
2007-08-31 00:00:00+00:00,-0.00046280613989835295
2007-09-04 00:00:00+00:00,-0.001763071627939222
2007-09-05 00:00:00+00:00,0.004715717365778971
2007-09-06 00:00:00+00:00,-0.004353167873535957
2007-09-07 00:00:00+00:00,0.0009710967224848266
2007-09-10 00:00:00+00:00,0.00038490373826233215
2007-09-11 00:00:00+00:00,-0.0037484464399737127
2007-09-12 00:00:00+00:00,0.0012139336063045625
2007-09-13 00:00:00+00:00,-0.0006085520075255757
2007-09-14 00:00:00+00:00,-0.001399470895995153
2007-09-17 00:00:00+00:00,0.005597237479787381
2007-09-18 00:00:00+00:00,-0.0028237242707315757
2007-09-19 00:00:00+00:00,-0.0037589276857250995
2007-09-20 00:00:00+00:00,0.001053241794441384
2007-09-21 00:00:00+00:00,0.0003754222295143661
2007-09-24 00:00:00+00:00,-0.001954819546604536
2007-09-25 00:00:00+00:00,-0.005750855301576097
2007-09-26 00:00:00+00:00,-0.00019307603130849782
2007-09-27 00:00:00+00:00,0.0007478848547642913
2007-09-28 00:00:00+00:00,0.0005864621637338696
2007-10-01 00:00:00+00:00,-0.0029639333309674776
2007-10-02 00:00:00+00:00,-0.0001722422292679991
2007-10-03 00:00:00+00:00,0.0004349388578499258
2007-10-04 00:00:00+00:00,0.00105635013256139
2007-10-05 00:00:00+00:00,-0.000786558603492582
2007-10-08 00:00:00+00:00,-0.0002518115553073628
2007-10-09 00:00:00+00:00,-0.00025012657858719534
2007-10-10 00:00:00+00:00,-0.0016965197209647953
2007-10-11 00:00:00+00:00,-0.0010007566828975079
2007-10-12 00:00:00+00:00,-0.00204916013456351
2007-10-15 00:00:00+00:00,-0.0007452275557163768
2007-10-16 00:00:00+00:00,0.0002560071142329312
2007-10-17 00:00:00+00:00,-0.0015014203002209625
2007-10-18 00:00:00+00:00,-0.0015799147120763857
2007-10-19 00:00:00+00:00,-0.00037093508285912513
2007-10-22 00:00:00+00:00,0.0007922234417287177
2007-10-23 00:00:00+00:00,0.002438896627259046
2007-10-24 00:00:00+00:00,0.0005579028499094031
2007-10-25 00:00:00+00:00,-0.0010504519869118543
2007-10-26 00:00:00+00:00,0.0015405094767664274
2007-10-29 00:00:00+00:00,-0.0020647627504725985
2007-10-30 00:00:00+00:00,0.00026937133661056323
2007-10-31 00:00:00+00:00,-0.0016589760313686919
2007-11-01 00:00:00+00:00,0.0008163932304690036
2007-11-02 00:00:00+00:00,-0.0025171921650291584
2007-11-05 00:00:00+00:00,-0.0022384467613612014
2007-11-06 00:00:00+00:00,-0.0036359736885549776
2007-11-07 00:00:00+00:00,0.004266028393350663
2007-11-08 00:00:00+00:00,0.001889623158351117
2007-11-09 00:00:00+00:00,-0.0008687940984113129
2007-11-12 00:00:00+00:00,0.002356734356200707
2007-11-13 00:00:00+00:00,0.0023679105666373768
2007-11-14 00:00:00+00:00,-0.0005685422942447727
2007-11-15 00:00:00+00:00,0.002466347120421375
2007-11-16 00:00:00+00:00,-0.0007439577246577955
2007-11-19 00:00:00+00:00,0.0012529524795121096
2007-11-20 00:00:00+00:00,-0.0013305088502356677
2007-11-21 00:00:00+00:00,0.0024391614616007806
2007-11-23 00:00:00+00:00,0.00030680660522197645
2007-11-26 00:00:00+00:00,0.00036507346140701724
2007-11-27 00:00:00+00:00,0.000583421681736862
2007-11-28 00:00:00+00:00,-0.0004013595454629981
2007-11-29 00:00:00+00:00,-0.0002804658395149373
2007-11-30 00:00:00+00:00,0.00028588619139524596
2007-12-03 00:00:00+00:00,0.0005597685142167963
2007-12-04 00:00:00+00:00,-4.560535709774438e-05
2007-12-05 00:00:00+00:00,-0.0007280546630319571
2007-12-06 00:00:00+00:00,-0.0005765083299372085
2007-12-07 00:00:00+00:00,0.0006225194429262948
2007-12-10 00:00:00+00:00,-0.00020703909976829693
2007-12-11 00:00:00+00:00,-0.00017332199127448322
2007-12-12 00:00:00+00:00,-7.920035135933201e-05
2007-12-13 00:00:00+00:00,-0.0005261623532002713
2007-12-14 00:00:00+00:00,-0.0008505490391726989
2007-12-17 00:00:00+00:00,0.0007290864578189393
2007-12-18 00:00:00+00:00,0.0006810477079269295
2007-12-19 00:00:00+00:00,0.0003871976399943966
2007-12-20 00:00:00+00:00,-0.0004643104888600591
2007-12-21 00:00:00+00:00,-0.0006559392380204587
2007-12-24 00:00:00+00:00,-0.00021959176613634002
2007-12-26 00:00:00+00:00,0.001192221230551238
2007-12-27 00:00:00+00:00,-0.00025999918961824853
2007-12-28 00:00:00+00:00,0.0005071049060547117
2007-12-31 00:00:00+00:00,5.207235196375004e-05
2008-01-02 00:00:00+00:00,-0.00041830014975721697
2008-01-03 00:00:00+00:00,-0.0009957070235731835
2008-01-04 00:00:00+00:00,-0.0008923236951547953
2008-01-07 00:00:00+00:00,0.00030759791973983264
2008-01-08 00:00:00+00:00,-0.0001841409459919785
2008-01-09 00:00:00+00:00,0.00011237041461853448
2008-01-10 00:00:00+00:00,0.0009973811640581198
2008-01-11 00:00:00+00:00,-0.0003844839080424378
2008-01-14 00:00:00+00:00,0.00046546486446974455
2008-01-15 00:00:00+00:00,0.0007780621352110328
2008-01-16 00:00:00+00:00,-0.0010162031308079966
2008-01-17 00:00:00+00:00,0.0007644831213881598
2008-01-18 00:00:00+00:00,-0.00015
2008-01-22 00:00:00+00:00,0.0
2008-01-23 00:00:00+00:00,0.0
2008-01-24 00:00:00+00:00,0.0
2008-01-25 00:00:00+00:00,0.0
2008-01-28 00:00:00+00:00,0.0
2008-01-29 00:00:00+00:00,0.0
2008-01-30 00:00:00+00:00,-0.0010591782889985578
2008-01-31 00:00:00+00:00,-0.0011554245523813234
2008-02-01 00:00:00+00:00,0.0010139419482903256
2008-02-04 00:00:00+00:00,0.0019987583419826815
2008-02-05 00:00:00+00:00,4.723295885086798e-05
2008-02-06 00:00:00+00:00,-0.0030015561854958572
2008-02-07 00:00:00+00:00,0.005640380674876905
2008-02-08 00:00:00+00:00,-0.0027530574405794095
2008-02-11 00:00:00+00:00,0.0016078894445254455
2008-02-12 00:00:00+00:00,-0.0001604396478511903
2008-02-13 00:00:00+00:00,0.0008552959829563889
2008-02-14 00:00:00+00:00,0.0016477012283464655
2008-02-15 00:00:00+00:00,0.0010119011764634922
2008-02-19 00:00:00+00:00,-0.0012914248184996147
2008-02-20 00:00:00+00:00,-0.0003007033257620695
2008-02-21 00:00:00+00:00,0.0003302581014447692
2008-02-22 00:00:00+00:00,0.0016159586739172838
2008-02-25 00:00:00+00:00,-0.00030400988488596403
2008-02-26 00:00:00+00:00,0.0004580837592764453
2008-02-27 00:00:00+00:00,0.0013359345305930248
2008-02-28 00:00:00+00:00,0.0035303516525057865
2008-02-29 00:00:00+00:00,0.0003836858533559917
2008-03-03 00:00:00+00:00,0.0005117357250551957
2008-03-04 00:00:00+00:00,7.705283155409748e-05
2008-03-05 00:00:00+00:00,0.0038982865980164427
2008-03-06 00:00:00+00:00,0.003143215075641803
2008-03-07 00:00:00+00:00,0.00044063360514925987
2008-03-10 00:00:00+00:00,-0.003755279064197925
2008-03-11 00:00:00+00:00,-0.0027950097266734473
2008-03-12 00:00:00+00:00,-0.001125249950594015
2008-03-13 00:00:00+00:00,-0.0024864103436607497
2008-03-14 00:00:00+00:00,0.0006234376858303527
2008-03-17 00:00:00+00:00,-0.0011038134743655559
2008-03-18 00:00:00+00:00,-0.003718111483188319
2008-03-19 00:00:00+00:00,0.004920128321340478
2008-03-20 00:00:00+00:00,-0.0043251017016226745
2008-03-24 00:00:00+00:00,-0.0006254825598878966
2008-03-25 00:00:00+00:00,-0.00038745880402080157
2008-03-26 00:00:00+00:00,0.0016194270081598683
2008-03-27 00:00:00+00:00,-0.00016756538492087008
2008-03-28 00:00:00+00:00,0.0016331156673190794
2008-03-31 00:00:00+00:00,0.0006182282566834342
2008-04-01 00:00:00+00:00,-0.0006014534114669456
2008-04-02 00:00:00+00:00,0.0006345038376335266
2008-04-03 00:00:00+00:00,0.00010044896989391816
2008-04-04 00:00:00+00:00,0.0017475714180792135
2008-04-07 00:00:00+00:00,0.0004472513596190386
2008-04-08 00:00:00+00:00,-0.0013509742079407805
2008-04-09 00:00:00+00:00,-0.003296075058271092
2008-04-10 00:00:00+00:00,-0.0020656243309179756
2008-04-11 00:00:00+00:00,0.0032696838983746757
2008-04-14 00:00:00+00:00,-0.00442450444007203
2008-04-15 00:00:00+00:00,0.0014563137211434096
2008-04-16 00:00:00+00:00,-0.001511983554124019
2008-04-17 00:00:00+00:00,0.0005338807868059793
2008-04-18 00:00:00+00:00,0.0011804036276913399
2008-04-21 00:00:00+00:00,-0.0015843676491529846
2008-04-22 00:00:00+00:00,0.0012660129152214207
2008-04-23 00:00:00+00:00,-0.0068429044617019374
2008-04-24 00:00:00+00:00,-0.00030477541374435146
2008-04-25 00:00:00+00:00,0.003087899449115583
2008-04-28 00:00:00+00:00,0.00046668321951172115
2008-04-29 00:00:00+00:00,-0.0011285177758913467
2008-04-30 00:00:00+00:00,0.0004276445384392702
2008-05-01 00:00:00+00:00,-0.0011917591613704315
2008-05-02 00:00:00+00:00,1.705138904506409e-05
2008-05-05 00:00:00+00:00,1.894866930894374e-05
2008-05-06 00:00:00+00:00,0.002007858217197983
2008-05-07 00:00:00+00:00,0.003883162881738983
2008-05-08 00:00:00+00:00,-0.0023121183249277255
2008-05-09 00:00:00+00:00,0.0009311994023910586
2008-05-12 00:00:00+00:00,-0.0019293202387080264
2008-05-13 00:00:00+00:00,1.6830606224327478e-05
2008-05-14 00:00:00+00:00,-0.0012494767222774317
2008-05-15 00:00:00+00:00,-0.0012243672947583883
2008-05-16 00:00:00+00:00,-0.00121353329709889
2008-05-19 00:00:00+00:00,-0.0004105046880699126
2008-05-20 00:00:00+00:00,0.003611550140833142
2008-05-21 00:00:00+00:00,0.0015045848831302666
2008-05-22 00:00:00+00:00,0.00042884399599751877
2008-05-23 00:00:00+00:00,0.003739867663559382
2008-05-27 00:00:00+00:00,-0.00216439843179847
2008-05-28 00:00:00+00:00,0.001903603618599231
2008-05-29 00:00:00+00:00,0.0003553895941617313
2008-05-30 00:00:00+00:00,0.0010775223743870743
2008-06-02 00:00:00+00:00,0.0037758703801975546
2008-06-03 00:00:00+00:00,0.0045473856058826645
2008-06-04 00:00:00+00:00,-0.001711524811044157
2008-06-05 00:00:00+00:00,-0.0038756477091625996
2008-06-06 00:00:00+00:00,0.00448274664689205
2008-06-09 00:00:00+00:00,-0.003271894184536994
2008-06-10 00:00:00+00:00,0.0005316751215944382
2008-06-11 00:00:00+00:00,-0.0009638770202686775
2008-06-12 00:00:00+00:00,0.002096751363230759
2008-06-13 00:00:00+00:00,-0.0016713279294495176
2008-06-16 00:00:00+00:00,-0.0002004776374276594
2008-06-17 00:00:00+00:00,-0.0009705075996507273
2008-06-18 00:00:00+00:00,0.00010416391930789803
2008-06-19 00:00:00+00:00,0.001112868176733517
2008-06-20 00:00:00+00:00,0.003088314909491935
2008-06-23 00:00:00+00:00,-0.003913228877956615
2008-06-24 00:00:00+00:00,0.0013365728780439512
2008-06-25 00:00:00+00:00,-0.00035419743177976786
2008-06-26 00:00:00+00:00,-0.004765647823527175
2008-06-27 00:00:00+00:00,-0.001808318393802466
2008-06-30 00:00:00+00:00,0.0007983037746483457
2008-07-01 00:00:00+00:00,-0.003070742830416945
2008-07-02 00:00:00+00:00,-0.0012493539907422468
2008-07-03 00:00:00+00:00,-0.0008400357100446787
2008-07-07 00:00:00+00:00,-0.0005649783310667789
2008-07-08 00:00:00+00:00,0.0030093873187446996
2008-07-09 00:00:00+00:00,4.3732227970050275e-05
2008-07-10 00:00:00+00:00,-0.005107591221847896
2008-07-11 00:00:00+00:00,0.002214338750293643
2008-07-14 00:00:00+00:00,0.0010291429434081123
2008-07-15 00:00:00+00:00,-0.0013101144923856611
2008-07-16 00:00:00+00:00,0.0020758779366676083
2008-07-17 00:00:00+00:00,-0.0028701396684502776
2008-07-18 00:00:00+00:00,-0.00036162463954661495
2008-07-21 00:00:00+00:00,0.00130771393681689
2008-07-22 00:00:00+00:00,-0.0005011547164059937
2008-07-23 00:00:00+00:00,-0.0012531658452718808
2008-07-24 00:00:00+00:00,-0.0004949069565680642
2008-07-25 00:00:00+00:00,0.0007847826627696564
2008-07-28 00:00:00+00:00,-0.0005727673156770141
2008-07-29 00:00:00+00:00,-0.00015
2008-07-30 00:00:00+00:00,0.0
2008-07-31 00:00:00+00:00,0.0
2008-08-01 00:00:00+00:00,0.0
2008-08-04 00:00:00+00:00,0.002230839725577233
2008-08-05 00:00:00+00:00,0.0007943182454658859
2008-08-06 00:00:00+00:00,-0.00025454981285816247
2008-08-07 00:00:00+00:00,-0.0006566176550902025
2008-08-08 00:00:00+00:00,0.002078986348143519
2008-08-11 00:00:00+00:00,0.0002506617498894692
2008-08-12 00:00:00+00:00,-0.001179963999420136
2008-08-13 00:00:00+00:00,-0.0033924630002110656
2008-08-14 00:00:00+00:00,-0.000982143313643269
2008-08-15 00:00:00+00:00,0.0012678361122157034
2008-08-18 00:00:00+00:00,0.00048146073467597583
2008-08-19 00:00:00+00:00,-0.0015110738305191829
2008-08-20 00:00:00+00:00,-1.6711104354527606e-05
2008-08-21 00:00:00+00:00,-0.003725996741769516
2008-08-22 00:00:00+00:00,0.0013978675981219215
2008-08-25 00:00:00+00:00,-0.00042015679966306285
2008-08-26 00:00:00+00:00,0.0023509973372436987
2008-08-27 00:00:00+00:00,-0.0007851118462769147
2008-08-28 00:00:00+00:00,0.002637255970779795
2008-08-29 00:00:00+00:00,-0.0006535716434483141
2008-09-02 00:00:00+00:00,-0.0006097246187290462
2008-09-03 00:00:00+00:00,0.00017972468127425145
2008-09-04 00:00:00+00:00,-0.0030770339124312762
2008-09-05 00:00:00+00:00,-0.0014309142765480398
2008-09-08 00:00:00+00:00,0.007013117096434579
2008-09-09 00:00:00+00:00,-0.005029145095999804
2008-09-10 00:00:00+00:00,0.0007609822201981864
2008-09-11 00:00:00+00:00,-0.0038867419148403415
2008-09-12 00:00:00+00:00,0.0020474145167793667
2008-09-15 00:00:00+00:00,-0.0075441964431506026
2008-09-16 00:00:00+00:00,0.002055892410335031
2008-09-17 00:00:00+00:00,-0.009693470824974848
2008-09-18 00:00:00+00:00,0.0070772538386677354
2008-09-19 00:00:00+00:00,-0.00478217451480123
2008-09-22 00:00:00+00:00,-0.0019303312947249462
2008-09-23 00:00:00+00:00,0.0026454198361677006
2008-09-24 00:00:00+00:00,0.004459078802986155
2008-09-25 00:00:00+00:00,-0.00035101562227971006
2008-09-26 00:00:00+00:00,-0.002027999453893009
2008-09-29 00:00:00+00:00,-0.004368685993499183
2008-09-30 00:00:00+00:00,-0.0009285145577745124
2008-10-01 00:00:00+00:00,-0.001520332438318478
2008-10-02 00:00:00+00:00,0.0032840946137154825
2008-10-03 00:00:00+00:00,0.003636226078866711
2008-10-06 00:00:00+00:00,-0.0009883412801472034
2008-10-07 00:00:00+00:00,0.0017472641365124664
2008-10-08 00:00:00+00:00,0.00236792257815871
2008-10-09 00:00:00+00:00,0.014470599452495209
2008-10-10 00:00:00+00:00,0.010389301797454703
2008-10-13 00:00:00+00:00,-0.008771121724004655
2008-10-14 00:00:00+00:00,0.001301588054928443
2008-10-15 00:00:00+00:00,-0.012849681739570518
2008-10-16 00:00:00+00:00,0.004747309593295085
2008-10-17 00:00:00+00:00,0.010083495564690848
2008-10-20 00:00:00+00:00,-0.0023251098006692615
2008-10-21 00:00:00+00:00,-0.0017846061898448284
2008-10-22 00:00:00+00:00,-0.00042046186662925145
2008-10-23 00:00:00+00:00,0.007295294202725594
2008-10-24 00:00:00+00:00,0.0016461458209254265
2008-10-27 00:00:00+00:00,0.0015510044843736748
2008-10-28 00:00:00+00:00,-0.005880864557668897
2008-10-29 00:00:00+00:00,0.002848965295530803
2008-10-30 00:00:00+00:00,-0.00015
2008-10-31 00:00:00+00:00,0.0
2008-11-03 00:00:00+00:00,0.0
2008-11-04 00:00:00+00:00,0.0
2008-11-05 00:00:00+00:00,0.0
2008-11-06 00:00:00+00:00,0.0
2008-11-07 00:00:00+00:00,0.0
2008-11-10 00:00:00+00:00,0.0
2008-11-11 00:00:00+00:00,0.0
2008-11-12 00:00:00+00:00,0.0
2008-11-13 00:00:00+00:00,0.0
2008-11-14 00:00:00+00:00,0.0
2008-11-17 00:00:00+00:00,0.0
2008-11-18 00:00:00+00:00,0.0
2008-11-19 00:00:00+00:00,0.0
2008-11-20 00:00:00+00:00,0.0
2008-11-21 00:00:00+00:00,0.0
2008-11-24 00:00:00+00:00,0.0
2008-11-25 00:00:00+00:00,0.0
2008-11-26 00:00:00+00:00,0.0
2008-11-28 00:00:00+00:00,0.0
2008-12-01 00:00:00+00:00,0.0
2008-12-02 00:00:00+00:00,0.0
2008-12-03 00:00:00+00:00,0.0
2008-12-04 00:00:00+00:00,0.0
2008-12-05 00:00:00+00:00,0.0
2008-12-08 00:00:00+00:00,0.0
2008-12-09 00:00:00+00:00,0.0
2008-12-10 00:00:00+00:00,0.0
2008-12-11 00:00:00+00:00,0.0
2008-12-12 00:00:00+00:00,0.0
2008-12-15 00:00:00+00:00,0.0
2008-12-16 00:00:00+00:00,0.0
2008-12-17 00:00:00+00:00,0.0
2008-12-18 00:00:00+00:00,0.0
2008-12-19 00:00:00+00:00,0.0
2008-12-22 00:00:00+00:00,0.0
2008-12-23 00:00:00+00:00,0.0
2008-12-24 00:00:00+00:00,0.0
2008-12-26 00:00:00+00:00,0.0
2008-12-29 00:00:00+00:00,0.0
2008-12-30 00:00:00+00:00,0.0
2008-12-31 00:00:00+00:00,0.0
2009-01-02 00:00:00+00:00,0.0
2009-01-05 00:00:00+00:00,0.0
2009-01-06 00:00:00+00:00,0.0
2009-01-07 00:00:00+00:00,0.0
2009-01-08 00:00:00+00:00,0.0
2009-01-09 00:00:00+00:00,0.0
2009-01-12 00:00:00+00:00,0.0
2009-01-13 00:00:00+00:00,0.0
2009-01-14 00:00:00+00:00,0.0
2009-01-15 00:00:00+00:00,0.0
2009-01-16 00:00:00+00:00,0.0
2009-01-20 00:00:00+00:00,0.0
2009-01-21 00:00:00+00:00,0.001141982452121282
2009-01-22 00:00:00+00:00,0.00046963624834218693
2009-01-23 00:00:00+00:00,-0.005395869494939504
2009-01-26 00:00:00+00:00,-0.0014720958321827182
2009-01-27 00:00:00+00:00,0.0011414992744274433
2009-01-28 00:00:00+00:00,0.0031673567300316285
2009-01-29 00:00:00+00:00,-0.000861700854371733
2009-01-30 00:00:00+00:00,-0.0015371299021715579
2009-02-02 00:00:00+00:00,0.0028845000433204426
2009-02-03 00:00:00+00:00,-0.0020076363875299484
2009-02-04 00:00:00+00:00,0.0009937290694906342
2009-02-05 00:00:00+00:00,-0.0030765562662254387
2009-02-06 00:00:00+00:00,-0.00251997898900837
2009-02-09 00:00:00+00:00,-6.669284502894279e-05
2009-02-10 00:00:00+00:00,0.006184124299468546
2009-02-11 00:00:00+00:00,0.005633781626864065
2009-02-12 00:00:00+00:00,-0.0005986853183672092
2009-02-13 00:00:00+00:00,-0.0010860516372052653
2009-02-17 00:00:00+00:00,0.006259977846730852
2009-02-18 00:00:00+00:00,-0.00017439471410324314
2009-02-19 00:00:00+00:00,-0.00010577089240126902
2009-02-20 00:00:00+00:00,0.0014738526212002834
2009-02-23 00:00:00+00:00,0.0013220823594397857
2009-02-24 00:00:00+00:00,-0.0004132188104474686
2009-02-25 00:00:00+00:00,-0.0018173380527151672
2009-02-26 00:00:00+00:00,0.0034479386982136373
2009-02-27 00:00:00+00:00,-6.192030202314958e-05
2009-03-02 00:00:00+00:00,-0.002027382968171093
2009-03-03 00:00:00+00:00,-0.0006111371005687316
2009-03-04 00:00:00+00:00,-0.0027827298284179847
2009-03-05 00:00:00+00:00,0.0024420813466103364
2009-03-06 00:00:00+00:00,0.001914842019124269
2009-03-09 00:00:00+00:00,0.00139572806768401
2009-03-10 00:00:00+00:00,-0.0005013198082946257
2009-03-11 00:00:00+00:00,-0.002066440204619907
2009-03-12 00:00:00+00:00,0.001618153081638929
2009-03-13 00:00:00+00:00,-0.0007372054312968779
2009-03-16 00:00:00+00:00,0.00048548368677256426
2009-03-17 00:00:00+00:00,0.001138778511119154
2009-03-18 00:00:00+00:00,0.002103652091764413
2009-03-19 00:00:00+00:00,-0.005472431804147887
2009-03-20 00:00:00+00:00,-0.0036149796201571383
2009-03-23 00:00:00+00:00,0.0022120989968723416
2009-03-24 00:00:00+00:00,-0.0020533753419524348
2009-03-25 00:00:00+00:00,0.0004492038475272242
2009-03-26 00:00:00+00:00,0.0014122089367676893
2009-03-27 00:00:00+00:00,-0.00047482070232859885
2009-03-30 00:00:00+00:00,0.0004000109326126435
2009-03-31 00:00:00+00:00,-0.0041337494028821364
2009-04-01 00:00:00+00:00,0.0023283089964766523
2009-04-02 00:00:00+00:00,-0.005268720084994116
2009-04-03 00:00:00+00:00,0.00031813192839030835
2009-04-06 00:00:00+00:00,0.0007169276702084617
2009-04-07 00:00:00+00:00,-0.0011782617888361378
2009-04-08 00:00:00+00:00,0.0036020947289353566
2009-04-09 00:00:00+00:00,0.0016997580316880367
2009-04-13 00:00:00+00:00,-0.001864382184516511
2009-04-14 00:00:00+00:00,0.0018701277319295552
2009-04-15 00:00:00+00:00,8.995688671575852e-06
2009-04-16 00:00:00+00:00,0.00016785180525141774
2009-04-17 00:00:00+00:00,-0.0021125337395989374
2009-04-20 00:00:00+00:00,0.0025948818348461135
2009-04-21 00:00:00+00:00,-0.002760564014840289
2009-04-22 00:00:00+00:00,0.0025297059968929503
2009-04-23 00:00:00+00:00,0.0010193878737364938
2009-04-24 00:00:00+00:00,-0.0032359995605342196
2009-04-27 00:00:00+00:00,-0.0032185116181820406
2009-04-28 00:00:00+00:00,-0.002674307853879815
2009-04-29 00:00:00+00:00,0.0022454925008738025
2009-04-30 00:00:00+00:00,0.0038679250224296635
2009-05-01 00:00:00+00:00,-0.0050332361953815685
2009-05-04 00:00:00+00:00,0.004809920282941471
2009-05-05 00:00:00+00:00,-0.0027348922668471165
2009-05-06 00:00:00+00:00,-0.0025928663110003913
2009-05-07 00:00:00+00:00,0.0025358503607426086
2009-05-08 00:00:00+00:00,-0.0008048138671722382
2009-05-11 00:00:00+00:00,-0.0022717136786858105
2009-05-12 00:00:00+00:00,0.006731695802660809
2009-05-13 00:00:00+00:00,-0.004665478203205192
2009-05-14 00:00:00+00:00,0.00016979632923130872
2009-05-15 00:00:00+00:00,-0.00043315628761350644
2009-05-18 00:00:00+00:00,0.002290400768164419
2009-05-19 00:00:00+00:00,0.0036354135382351827
2009-05-20 00:00:00+00:00,-0.005565757601853699
2009-05-21 00:00:00+00:00,-0.0008344825608291861
2009-05-22 00:00:00+00:00,-0.0006049640601619166
2009-05-26 00:00:00+00:00,-0.000265549303296142
2009-05-27 00:00:00+00:00,0.0013101054457064889
2009-05-28 00:00:00+00:00,0.0005075826458506016
2009-05-29 00:00:00+00:00,-0.0006534910285506124
2009-06-01 00:00:00+00:00,0.000226217414461799
2009-06-02 00:00:00+00:00,0.0008744245119945704
2009-06-03 00:00:00+00:00,0.0005971991199792137
2009-06-04 00:00:00+00:00,-0.0009861058483121021
2009-06-05 00:00:00+00:00,0.0006022051671079999
2009-06-08 00:00:00+00:00,0.0005675208748895932
2009-06-09 00:00:00+00:00,0.0016291678791461872
2009-06-10 00:00:00+00:00,-0.001583033498096048
2009-06-11 00:00:00+00:00,0.003291040360809294
2009-06-12 00:00:00+00:00,-0.0003060976564399076
2009-06-15 00:00:00+00:00,-0.0018471780944529503
2009-06-16 00:00:00+00:00,-0.00016907712041558387
2009-06-17 00:00:00+00:00,-0.0015105192205216167
2009-06-18 00:00:00+00:00,0.0007867649316103398
2009-06-19 00:00:00+00:00,-0.0007329056249501531
2009-06-22 00:00:00+00:00,-0.00048520892045900155
2009-06-23 00:00:00+00:00,0.0004754123205368832
2009-06-24 00:00:00+00:00,-0.0015131461327304307
2009-06-25 00:00:00+00:00,-0.0018357156772607517
2009-06-26 00:00:00+00:00,-0.001239280143676219
2009-06-29 00:00:00+00:00,-1.3218499021250274e-05
2009-06-30 00:00:00+00:00,-0.0009692066489522533
2009-07-01 00:00:00+00:00,-0.0015272898315739913
2009-07-02 00:00:00+00:00,-0.00020669890628655097
2009-07-06 00:00:00+00:00,-0.0017351184121804364
2009-07-07 00:00:00+00:00,0.0020432206580990875
2009-07-08 00:00:00+00:00,0.002641700433054006
2009-07-09 00:00:00+00:00,0.0008848968108601252
2009-07-10 00:00:00+00:00,-0.0009601745524533134
2009-07-13 00:00:00+00:00,-0.0008557064395453562
2009-07-14 00:00:00+00:00,-0.0005471626137411589
2009-07-15 00:00:00+00:00,-0.0023481660357249244
2009-07-16 00:00:00+00:00,0.0011123118169947266
2009-07-17 00:00:00+00:00,0.0007439302708202311
2009-07-20 00:00:00+00:00,-0.00014733174059057815
2009-07-21 00:00:00+00:00,-0.0021567207746924777
2009-07-22 00:00:00+00:00,0.00047865052667614427
2009-07-23 00:00:00+00:00,-0.00020762066631918596
2009-07-24 00:00:00+00:00,-0.0005369989776915496
2009-07-27 00:00:00+00:00,-0.00028153468604724674
2009-07-28 00:00:00+00:00,0.0009579757436572189
2009-07-29 00:00:00+00:00,-0.0008977239744336618
2009-07-30 00:00:00+00:00,0.002353311951660525
2009-07-31 00:00:00+00:00,0.003294439552940398
2009-08-03 00:00:00+00:00,0.0007263113300351176
2009-08-04 00:00:00+00:00,0.00012317213211446298
2009-08-05 00:00:00+00:00,0.00043155148339041327
2009-08-06 00:00:00+00:00,-4.443252488528504e-05
2009-08-07 00:00:00+00:00,0.0009213478611167503
2009-08-10 00:00:00+00:00,0.0003071174352669015
2009-08-11 00:00:00+00:00,-0.0002410949551191477
2009-08-12 00:00:00+00:00,-0.0012464126633749406
2009-08-13 00:00:00+00:00,0.0005767157443204995
2009-08-14 00:00:00+00:00,0.0013789485495533937
2009-08-17 00:00:00+00:00,0.0020262762836870396
2009-08-18 00:00:00+00:00,0.0006279642548271402
2009-08-19 00:00:00+00:00,-0.0018608360544062341
2009-08-20 00:00:00+00:00,-0.0007171954280619786
2009-08-21 00:00:00+00:00,-0.0014618605226727754
2009-08-24 00:00:00+00:00,-0.001623206717288661
2009-08-25 00:00:00+00:00,0.001179321602928829
2009-08-26 00:00:00+00:00,-0.00015
2009-08-27 00:00:00+00:00,0.0
2009-08-28 00:00:00+00:00,0.0
2009-08-31 00:00:00+00:00,0.0
2009-09-01 00:00:00+00:00,0.0
2009-09-02 00:00:00+00:00,-0.0022543282829115717
2009-09-03 00:00:00+00:00,0.0011937917995568925
2009-09-04 00:00:00+00:00,0.0009822115387717323
2009-09-08 00:00:00+00:00,0.00037039337386088333
2009-09-09 00:00:00+00:00,-0.0010614305876905927
2009-09-10 00:00:00+00:00,-0.00024243756908076675
2009-09-11 00:00:00+00:00,-0.0015390875867508091
2009-09-14 00:00:00+00:00,-0.0034183933523375563
2009-09-15 00:00:00+00:00,-0.004650816652281592
2009-09-16 00:00:00+00:00,0.0038866738015253532
2009-09-17 00:00:00+00:00,-0.001990622759406674
2009-09-18 00:00:00+00:00,0.0017009599790507313
2009-09-21 00:00:00+00:00,0.0012085957239520162
2009-09-22 00:00:00+00:00,-0.0015144804717588944
2009-09-23 00:00:00+00:00,0.0019491502004855277
2009-09-24 00:00:00+00:00,0.0027365611982322346
2009-09-25 00:00:00+00:00,0.0011998079536741368
2009-09-28 00:00:00+00:00,0.00017100162458194568
2009-09-29 00:00:00+00:00,-0.0016020981672188184
2009-09-30 00:00:00+00:00,-0.0016913883289126075
2009-10-01 00:00:00+00:00,0.0027531208007992303
2009-10-02 00:00:00+00:00,0.0023827239716479875
2009-10-05 00:00:00+00:00,-0.0009546132009183306
2009-10-06 00:00:00+00:00,-0.0018187340581514444
2009-10-07 00:00:00+00:00,-0.00022147397495053678
2009-10-08 00:00:00+00:00,4.798687437856941e-06
2009-10-09 00:00:00+00:00,0.000126382768055139
2009-10-12 00:00:00+00:00,-0.001852372288812132
2009-10-13 00:00:00+00:00,-0.0003849827143413975
2009-10-14 00:00:00+00:00,-0.0006488784456498975
2009-10-15 00:00:00+00:00,-0.0001832356570765966
2009-10-16 00:00:00+00:00,-0.001116930588451609
2009-10-19 00:00:00+00:00,-0.0001303717836278473
2009-10-20 00:00:00+00:00,0.002622945688403183
2009-10-21 00:00:00+00:00,6.69545830137841e-05
2009-10-22 00:00:00+00:00,-0.0020193677367103535
2009-10-23 00:00:00+00:00,0.002070128850328451
2009-10-26 00:00:00+00:00,-0.0005385715812616541
2009-10-27 00:00:00+00:00,4.233792982683178e-06
2009-10-28 00:00:00+00:00,0.003349907709865374
2009-10-29 00:00:00+00:00,-0.0008055727302078708
2009-10-30 00:00:00+00:00,0.006688168060617505
2009-11-02 00:00:00+00:00,0.0017040342554788812
2009-11-03 00:00:00+00:00,-0.002594311060364146
2009-11-04 00:00:00+00:00,0.0007409466627477101
2009-11-05 00:00:00+00:00,-0.0032148906785605946
2009-11-06 00:00:00+00:00,0.002662909022610682
2009-11-09 00:00:00+00:00,-0.003753216108283136
2009-11-10 00:00:00+00:00,0.003086831786633354
2009-11-11 00:00:00+00:00,-0.00020464990990615162
2009-11-12 00:00:00+00:00,0.0019412624589810468
2009-11-13 00:00:00+00:00,0.00028007782771011236
2009-11-16 00:00:00+00:00,-0.004887820485884514
2009-11-17 00:00:00+00:00,-0.004332619098442819
2009-11-18 00:00:00+00:00,-0.0005723907493325464
2009-11-19 00:00:00+00:00,0.0004882720312333333
2009-11-20 00:00:00+00:00,0.001044028903342248
2009-11-23 00:00:00+00:00,0.0013209199858856381
2009-11-24 00:00:00+00:00,0.0005294811969981106
2009-11-25 00:00:00+00:00,-0.0007517509683995505
2009-11-27 00:00:00+00:00,0.0008352384217292621
2009-11-30 00:00:00+00:00,0.0005718441553488164
2009-12-01 00:00:00+00:00,-0.005145919008539751
2009-12-02 00:00:00+00:00,0.0010417577421638347
2009-12-03 00:00:00+00:00,0.003037530096224539
2009-12-04 00:00:00+00:00,-0.004464395262566867
2009-12-07 00:00:00+00:00,-0.0012040472517427236
2009-12-08 00:00:00+00:00,0.0026163778876454047
2009-12-09 00:00:00+00:00,0.00442706174422623
2009-12-10 00:00:00+00:00,0.0016628411676727906
2009-12-11 00:00:00+00:00,0.0013872040136264085
2009-12-14 00:00:00+00:00,0.0006733492054873946
2009-12-15 00:00:00+00:00,-8.428136134269737e-05
2009-12-16 00:00:00+00:00,1.5986829948522185e-05
2009-12-17 00:00:00+00:00,-0.0038971931623732192
2009-12-18 00:00:00+00:00,0.0026522262290856746
2009-12-21 00:00:00+00:00,-0.003327710574830306
2009-12-22 00:00:00+00:00,-0.0010348760568379411
2009-12-23 00:00:00+00:00,-0.000507375893439882
2009-12-24 00:00:00+00:00,0.00017096717560910468
2009-12-28 00:00:00+00:00,-0.00048743889144176045
2009-12-29 00:00:00+00:00,0.0014622392099761239
2009-12-30 00:00:00+00:00,0.0002368715670847399
2009-12-31 00:00:00+00:00,0.0004994304432276442
2010-01-04 00:00:00+00:00,-0.001581456120662128
2010-01-05 00:00:00+00:00,-0.004770841158000999
2010-01-06 00:00:00+00:00,0.001927638714069646
2010-01-07 00:00:00+00:00,-0.0012434036822912995
2010-01-08 00:00:00+00:00,-0.0007330310337722024
2010-01-11 00:00:00+00:00,0.0016325357713868893
2010-01-12 00:00:00+00:00,-0.0013909717933578147
2010-01-13 00:00:00+00:00,-0.00015
2010-01-14 00:00:00+00:00,-0.0009072053665056977
2010-01-15 00:00:00+00:00,-0.0001943323496216287
2010-01-19 00:00:00+00:00,-0.0012851687038316073
2010-01-20 00:00:00+00:00,-0.0005073509554918143
2010-01-21 00:00:00+00:00,0.00025409856230834693
2010-01-22 00:00:00+00:00,-0.0009666365909710151
2010-01-25 00:00:00+00:00,-0.001153935856592292
2010-01-26 00:00:00+00:00,0.0013537063679988914
2010-01-27 00:00:00+00:00,-0.00023899267776306132
2010-01-28 00:00:00+00:00,-0.0005878495430714503
2010-01-29 00:00:00+00:00,0.001299384342149018
2010-02-01 00:00:00+00:00,0.00020955433522915068
2010-02-02 00:00:00+00:00,0.00101103534869873
2010-02-03 00:00:00+00:00,0.0006877723723554552
2010-02-04 00:00:00+00:00,0.0007179441047324153
2010-02-05 00:00:00+00:00,0.00043288509229236216
2010-02-08 00:00:00+00:00,-0.0008361269962016693
2010-02-09 00:00:00+00:00,-0.00033522775754163403
2010-02-10 00:00:00+00:00,0.0017578403816625454
2010-02-11 00:00:00+00:00,-0.0005426490190836297
2010-02-12 00:00:00+00:00,0.0019737755453032024
2010-02-16 00:00:00+00:00,-0.00130176308687735
2010-02-17 00:00:00+00:00,-0.0010532818563698254
2010-02-18 00:00:00+00:00,0.0007674909298363841
2010-02-19 00:00:00+00:00,0.0009669068284062221
2010-02-22 00:00:00+00:00,-0.0023669463438728555
2010-02-23 00:00:00+00:00,-0.0012252130717395225
2010-02-24 00:00:00+00:00,0.0010751838363344812
2010-02-25 00:00:00+00:00,0.0025832437945829956
2010-02-26 00:00:00+00:00,-0.002149447516574382
2010-03-01 00:00:00+00:00,0.0004136083382003499
2010-03-02 00:00:00+00:00,0.001060148955310836
2010-03-03 00:00:00+00:00,-0.00026100366320375157
2010-03-04 00:00:00+00:00,0.0003526076074716611
2010-03-05 00:00:00+00:00,0.0004169203073551564
2010-03-08 00:00:00+00:00,0.0016804646963416159
2010-03-09 00:00:00+00:00,0.0010207663382020282
2010-03-10 00:00:00+00:00,0.002029445367000393
2010-03-11 00:00:00+00:00,0.0025205823403851857
2010-03-12 00:00:00+00:00,0.0020110037963349814
2010-03-15 00:00:00+00:00,-0.0001009262255388943
2010-03-16 00:00:00+00:00,-0.0027163807250523697
2010-03-17 00:00:00+00:00,0.0012177175991928968
2010-03-18 00:00:00+00:00,-0.0018036300511389547
2010-03-19 00:00:00+00:00,-0.0022473807525678624
2010-03-22 00:00:00+00:00,0.0007578257832671076
2010-03-23 00:00:00+00:00,-0.004594275042775153
2010-03-24 00:00:00+00:00,0.005243236847871896
2010-03-25 00:00:00+00:00,-0.0016946459509573353
2010-03-26 00:00:00+00:00,-0.001963469665050621
2010-03-29 00:00:00+00:00,0.0003061450167816948
2010-03-30 00:00:00+00:00,0.00013732091005261293
2010-03-31 00:00:00+00:00,-0.0012003277653320488
2010-04-01 00:00:00+00:00,-0.0027764832782636584
2010-04-05 00:00:00+00:00,0.00102567163704112
2010-04-06 00:00:00+00:00,-3.6786736487881555e-05
2010-04-07 00:00:00+00:00,0.0002219289769660017
2010-04-08 00:00:00+00:00,0.0005533773774010877
2010-04-09 00:00:00+00:00,-0.006162040878416625
2010-04-12 00:00:00+00:00,-0.0022413458053412603
2010-04-13 00:00:00+00:00,-0.0010084155341099077
2010-04-14 00:00:00+00:00,-0.000954918978679031
2010-04-15 00:00:00+00:00,-0.0021633482301896545
2010-04-16 00:00:00+00:00,0.0005512233515128084
2010-04-19 00:00:00+00:00,-0.00020146035076792912
2010-04-20 00:00:00+00:00,0.0005042281773559587
2010-04-21 00:00:00+00:00,7.193600429677982e-05
2010-04-22 00:00:00+00:00,0.00020209433765605578
2010-04-23 00:00:00+00:00,-0.0005031698113309724
2010-04-26 00:00:00+00:00,0.00020607585380666427
2010-04-27 00:00:00+00:00,0.000735617396712851
2010-04-28 00:00:00+00:00,-0.00015
2010-04-29 00:00:00+00:00,0.0
2010-04-30 00:00:00+00:00,0.0
2010-05-03 00:00:00+00:00,0.0
2010-05-04 00:00:00+00:00,0.0
2010-05-05 00:00:00+00:00,0.0
2010-05-06 00:00:00+00:00,0.0
2010-05-07 00:00:00+00:00,0.0
2010-05-10 00:00:00+00:00,0.0
2010-05-11 00:00:00+00:00,0.0
2010-05-12 00:00:00+00:00,0.0
2010-05-13 00:00:00+00:00,0.0
2010-05-14 00:00:00+00:00,0.0
2010-05-17 00:00:00+00:00,0.0
2010-05-18 00:00:00+00:00,0.0
2010-05-19 00:00:00+00:00,0.0
2010-05-20 00:00:00+00:00,0.0
2010-05-21 00:00:00+00:00,0.0
2010-05-24 00:00:00+00:00,0.0010233711958107907
2010-05-25 00:00:00+00:00,-0.0012208941522444672
2010-05-26 00:00:00+00:00,-0.0012335683174123924
2010-05-27 00:00:00+00:00,0.0037447595107049647
2010-05-28 00:00:00+00:00,0.0002926055033497521
2010-06-01 00:00:00+00:00,-0.0022380376285226766
2010-06-02 00:00:00+00:00,-0.0007956708793456779
2010-06-03 00:00:00+00:00,0.0006007838905580098
2010-06-04 00:00:00+00:00,-0.0013145890411863925
2010-06-07 00:00:00+00:00,-0.001488661613131076
2010-06-08 00:00:00+00:00,0.0025140275620337826
2010-06-09 00:00:00+00:00,0.0009240285206100762
2010-06-10 00:00:00+00:00,0.0017421444782849127
2010-06-11 00:00:00+00:00,0.001916554246704655
2010-06-14 00:00:00+00:00,-0.00015306940680548387
2010-06-15 00:00:00+00:00,-0.0011103818796967535
2010-06-16 00:00:00+00:00,-0.0013220443521685943
2010-06-17 00:00:00+00:00,0.000583205144000426
2010-06-18 00:00:00+00:00,-0.0007974206789739813
2010-06-21 00:00:00+00:00,0.0006617186869967984
2010-06-22 00:00:00+00:00,0.0009808445020999534
2010-06-23 00:00:00+00:00,0.0011961567411515328
2010-06-24 00:00:00+00:00,8.81553163737947e-05
2010-06-25 00:00:00+00:00,-0.0007462460272482929
2010-06-28 00:00:00+00:00,0.002230885163676294
2010-06-29 00:00:00+00:00,-0.0006664769020144901
2010-06-30 00:00:00+00:00,-0.0011545096435512658
2010-07-01 00:00:00+00:00,-0.0009403352762227535
2010-07-02 00:00:00+00:00,0.0018167044569285251
2010-07-06 00:00:00+00:00,-0.00010589276045697149
2010-07-07 00:00:00+00:00,0.0036310378868484707
2010-07-08 00:00:00+00:00,0.0027371250707355077
2010-07-09 00:00:00+00:00,0.0010519122963995042
2010-07-12 00:00:00+00:00,-0.0006423060136208081
2010-07-13 00:00:00+00:00,0.0014267447924296017
2010-07-14 00:00:00+00:00,-0.0005803112330010907
2010-07-15 00:00:00+00:00,0.0003851014087012383
2010-07-16 00:00:00+00:00,-0.0006342320455627881
2010-07-19 00:00:00+00:00,2.2480647409978127e-05
2010-07-20 00:00:00+00:00,0.002154264973902198
2010-07-21 00:00:00+00:00,0.0028245134544305495
2010-07-22 00:00:00+00:00,-0.0006136024228853842
2010-07-23 00:00:00+00:00,0.0004136347894631298
2010-07-26 00:00:00+00:00,0.00010060895278698497
2010-07-27 00:00:00+00:00,5.265130569231946e-05
2010-07-28 00:00:00+00:00,-0.0001041476990196466
2010-07-29 00:00:00+00:00,0.0004516375691489549
2010-07-30 00:00:00+00:00,-0.0005175341578267101
2010-08-02 00:00:00+00:00,0.003707191266186294
2010-08-03 00:00:00+00:00,-0.0008429045504851629
2010-08-04 00:00:00+00:00,-0.0005779054263998495
2010-08-05 00:00:00+00:00,0.0005241094022804815
2010-08-06 00:00:00+00:00,0.0017357135416006808
2010-08-09 00:00:00+00:00,0.0003044711559841984
2010-08-10 00:00:00+00:00,-0.0007605970173492514
2010-08-11 00:00:00+00:00,0.001197088941786756
2010-08-12 00:00:00+00:00,8.504739030795738e-05
2010-08-13 00:00:00+00:00,-0.0002557607471115773
2010-08-16 00:00:00+00:00,0.001288186910285788
2010-08-17 00:00:00+00:00,-0.003605689621265784
2010-08-18 00:00:00+00:00,-0.001335519499882809
2010-08-19 00:00:00+00:00,0.002039534016766098
2010-08-20 00:00:00+00:00,0.0031138770501178137
2010-08-23 00:00:00+00:00,0.00041717574664351664
2010-08-24 00:00:00+00:00,-0.0004344694885098921
2010-08-25 00:00:00+00:00,-0.0038328770703900394
2010-08-26 00:00:00+00:00,-0.0004054950182663941
2010-08-27 00:00:00+00:00,8.876197245830109e-05
2010-08-30 00:00:00+00:00,0.00023776851133455734
2010-08-31 00:00:00+00:00,-0.00029019728053336635
2010-09-01 00:00:00+00:00,0.0012625579648245788
2010-09-02 00:00:00+00:00,-0.0025996265664087193
2010-09-03 00:00:00+00:00,-0.003793443029562721
2010-09-07 00:00:00+00:00,0.0014709324454339314
2010-09-08 00:00:00+00:00,-0.0002949220615770243
2010-09-09 00:00:00+00:00,-0.0008444943433812413
2010-09-10 00:00:00+00:00,-0.0005810679413983666
2010-09-13 00:00:00+00:00,-0.0005336125490656429
2010-09-14 00:00:00+00:00,-0.0003800487672581008
2010-09-15 00:00:00+00:00,-0.0014472600495010757
2010-09-16 00:00:00+00:00,-7.478189802034851e-05
2010-09-17 00:00:00+00:00,0.0011629047326625619
2010-09-20 00:00:00+00:00,-0.00097316260774713
2010-09-21 00:00:00+00:00,0.0011966114686701723
2010-09-22 00:00:00+00:00,-0.00023738781373885964
2010-09-23 00:00:00+00:00,-0.00015
2010-09-24 00:00:00+00:00,0.0
2010-09-27 00:00:00+00:00,0.0
2010-09-28 00:00:00+00:00,0.0
2010-09-29 00:00:00+00:00,0.0
2010-09-30 00:00:00+00:00,0.0
2010-10-01 00:00:00+00:00,0.0
2010-10-04 00:00:00+00:00,0.0
2010-10-05 00:00:00+00:00,0.0
2010-10-06 00:00:00+00:00,-0.0011656257235235943
2010-10-07 00:00:00+00:00,-0.00021967312569404207
2010-10-08 00:00:00+00:00,-0.0007867015998503368
2010-10-11 00:00:00+00:00,-0.0006695662489747956
2010-10-12 00:00:00+00:00,-0.00021815356992532786
2010-10-13 00:00:00+00:00,-0.0010155422615225618
2010-10-14 00:00:00+00:00,-0.00038462965145757977
2010-10-15 00:00:00+00:00,-4.1145665657216224e-05
2010-10-18 00:00:00+00:00,-0.00175608713928177
2010-10-19 00:00:00+00:00,0.0010384781332372361
2010-10-20 00:00:00+00:00,-0.0009022805454133587
2010-10-21 00:00:00+00:00,-0.0005205455557619754
2010-10-22 00:00:00+00:00,0.0002630409133812517
2010-10-25 00:00:00+00:00,0.0006745931545459605
2010-10-26 00:00:00+00:00,-0.0005175955714596392
2010-10-27 00:00:00+00:00,0.001210712413936249
2010-10-28 00:00:00+00:00,-0.0012100223989382486
2010-10-29 00:00:00+00:00,-0.0026034077866267102
2010-11-01 00:00:00+00:00,-0.0023597475079067953
2010-11-02 00:00:00+00:00,-0.0013421756501819093
2010-11-03 00:00:00+00:00,0.00030786609231273077
2010-11-04 00:00:00+00:00,-0.0005437340259547563
2010-11-05 00:00:00+00:00,-0.0015726650550089705
2010-11-08 00:00:00+00:00,-0.0009093938073678198
2010-11-09 00:00:00+00:00,-0.003059085204647982
2010-11-10 00:00:00+00:00,0.00081658839565249
2010-11-11 00:00:00+00:00,-0.00040077119996195787
2010-11-12 00:00:00+00:00,0.000971234693053602
2010-11-15 00:00:00+00:00,2.786980259754119e-05
2010-11-16 00:00:00+00:00,-0.0009032181308669951
2010-11-17 00:00:00+00:00,0.00023482567810246838
2010-11-18 00:00:00+00:00,0.0009443806356637108
2010-11-19 00:00:00+00:00,0.002413858919259021
2010-11-22 00:00:00+00:00,0.00011400071844305804
2010-11-23 00:00:00+00:00,0.0007290486152103648
2010-11-24 00:00:00+00:00,0.0006049882251099314
2010-11-26 00:00:00+00:00,0.0013924622132226172
2010-11-29 00:00:00+00:00,-0.0007919980578221519
2010-11-30 00:00:00+00:00,0.0010626914892752082
2010-12-01 00:00:00+00:00,0.0009560600374182715
2010-12-02 00:00:00+00:00,-0.00033201489435547016
2010-12-03 00:00:00+00:00,-0.000959497737209436
2010-12-06 00:00:00+00:00,0.0008972711619268103
2010-12-07 00:00:00+00:00,-0.0008915061439209171
2010-12-08 00:00:00+00:00,-0.00031577240737640233
2010-12-09 00:00:00+00:00,-0.0006611140271903237
2010-12-10 00:00:00+00:00,0.00033192360502776186
2010-12-13 00:00:00+00:00,-0.0005154818068134892
2010-12-14 00:00:00+00:00,-0.0005857244628527103
2010-12-15 00:00:00+00:00,0.0016784772207415755
2010-12-16 00:00:00+00:00,-0.0026074544564271716
2010-12-17 00:00:00+00:00,0.0008230488750550768
2010-12-20 00:00:00+00:00,-0.001055623945664913
2010-12-21 00:00:00+00:00,0.0005220016029633678
2010-12-22 00:00:00+00:00,-0.0009254488109134984
2010-12-23 00:00:00+00:00,-0.00013435219239923968
2010-12-27 00:00:00+00:00,0.00042713339777933346
2010-12-28 00:00:00+00:00,-0.00020781419599583129
2010-12-29 00:00:00+00:00,-0.0004893813591145711
2010-12-30 00:00:00+00:00,-0.0010720211052046734
2010-12-31 00:00:00+00:00,0.0002234965161538871
2011-01-03 00:00:00+00:00,0.003113699260350905
2011-01-04 00:00:00+00:00,0.002297458387612167
2011-01-05 00:00:00+00:00,0.003202344246012595
2011-01-06 00:00:00+00:00,0.0031482281705225157
2011-01-07 00:00:00+00:00,-0.0008455283408698999
2011-01-10 00:00:00+00:00,-0.0005085318620228763
2011-01-11 00:00:00+00:00,-1.0023035568212935e-05
2011-01-12 00:00:00+00:00,0.0005393221962135819
2011-01-13 00:00:00+00:00,0.0002262530989214362
2011-01-14 00:00:00+00:00,0.0009966923817717188
2011-01-18 00:00:00+00:00,-0.0005917072957918879
2011-01-19 00:00:00+00:00,-0.001243118953122152
2011-01-20 00:00:00+00:00,0.000675173487118208
2011-01-21 00:00:00+00:00,0.00045137500867353797
2011-01-24 00:00:00+00:00,-0.0014826472026390203
2011-01-25 00:00:00+00:00,3.2698597385028005e-05
2011-01-26 00:00:00+00:00,0.000721267659642838
2011-01-27 00:00:00+00:00,0.00015255855066725887
2011-01-28 00:00:00+00:00,-0.0002599512053487185
2011-01-31 00:00:00+00:00,-0.0016766888812802137
2011-02-01 00:00:00+00:00,0.0009281150553378803
2011-02-02 00:00:00+00:00,-0.0002995005195647882
2011-02-03 00:00:00+00:00,-0.0001595306526209206
2011-02-04 00:00:00+00:00,0.00032127622812068175
2011-02-07 00:00:00+00:00,0.0002521686924777944
2011-02-08 00:00:00+00:00,-0.0007567469508935609
2011-02-09 00:00:00+00:00,-0.0004448200420453241
2011-02-10 00:00:00+00:00,-0.0021189928029029803
2011-02-11 00:00:00+00:00,0.0002737229672041654
2011-02-14 00:00:00+00:00,0.0010096263975522659
2011-02-15 00:00:00+00:00,-0.0012410854873999289
2011-02-16 00:00:00+00:00,-0.0011015325810955767
2011-02-17 00:00:00+00:00,-0.004223747280295453
2011-02-18 00:00:00+00:00,0.0015701151782616385
2011-02-22 00:00:00+00:00,0.0016393394208367995
2011-02-23 00:00:00+00:00,-0.0012825701439680703
2011-02-24 00:00:00+00:00,-0.0004207914436940019
2011-02-25 00:00:00+00:00,-0.0015623838273530755
2011-02-28 00:00:00+00:00,0.0013964738532495635
2011-03-01 00:00:00+00:00,-0.004500890967178761
2011-03-02 00:00:00+00:00,0.0007532484544157669
2011-03-03 00:00:00+00:00,-0.0015717407035094055
2011-03-04 00:00:00+00:00,0.0008362241857434172
2011-03-07 00:00:00+00:00,-0.0001515722052525259
2011-03-08 00:00:00+00:00,-0.0009505684896208288
2011-03-09 00:00:00+00:00,-0.0014390391754154075
2011-03-10 00:00:00+00:00,0.0027320226006172788
2011-03-11 00:00:00+00:00,-0.00038729867041498167
2011-03-14 00:00:00+00:00,0.0017746888454566734
2011-03-15 00:00:00+00:00,0.006645508615658352
2011-03-16 00:00:00+00:00,0.004408851082953941
2011-03-17 00:00:00+00:00,-0.0039180816331671475
2011-03-18 00:00:00+00:00,-0.002874910801331787
2011-03-21 00:00:00+00:00,-0.0035964711682204996
2011-03-22 00:00:00+00:00,0.0003552273587251742
2011-03-23 00:00:00+00:00,-0.00242584098434806
2011-03-24 00:00:00+00:00,-0.0011981113978080105
2011-03-25 00:00:00+00:00,-0.0013534298187065086
2011-03-28 00:00:00+00:00,-0.0005427550519102762
2011-03-29 00:00:00+00:00,0.0017696083112130724
2011-03-30 00:00:00+00:00,-0.0010951432361197555
2011-03-31 00:00:00+00:00,-6.846360017004338e-05
2011-04-01 00:00:00+00:00,0.0001321637182300217
2011-04-04 00:00:00+00:00,-0.0003873055735268416
2011-04-05 00:00:00+00:00,0.00040878223156065596
2011-04-06 00:00:00+00:00,-0.00037850215997325964
2011-04-07 00:00:00+00:00,-0.000575357372859131
2011-04-08 00:00:00+00:00,0.0004983041585987225
2011-04-11 00:00:00+00:00,-0.0008214457660671304
2011-04-12 00:00:00+00:00,-0.0008551698743456404
2011-04-13 00:00:00+00:00,-0.00038405602525742877
2011-04-14 00:00:00+00:00,0.0007521128003509792
2011-04-15 00:00:00+00:00,0.00013739911860091714
2011-04-18 00:00:00+00:00,1.550547296519378e-05
2011-04-19 00:00:00+00:00,-0.00015401774708145854
2011-04-20 00:00:00+00:00,-0.0004046562541596965
2011-04-21 00:00:00+00:00,-0.0007992649231364224
2011-04-25 00:00:00+00:00,-0.0005160281119075405
2011-04-26 00:00:00+00:00,-0.0005299555771537956
2011-04-27 00:00:00+00:00,-0.00034239425267085233
2011-04-28 00:00:00+00:00,0.0005297243484579661
2011-04-29 00:00:00+00:00,-0.00037162412810620715
2011-05-02 00:00:00+00:00,0.0003145539637574579
2011-05-03 00:00:00+00:00,9.582703872559883e-05
2011-05-04 00:00:00+00:00,-0.00024400112535882812
2011-05-05 00:00:00+00:00,0.0014028420880664305
2011-05-06 00:00:00+00:00,0.00016343795632928204
2011-05-09 00:00:00+00:00,0.00047966078354205743
2011-05-10 00:00:00+00:00,-0.00015
2011-05-11 00:00:00+00:00,0.0
2011-05-12 00:00:00+00:00,0.0
2011-05-13 00:00:00+00:00,-0.0012902823872307677
2011-05-16 00:00:00+00:00,-1.4537371315154202e-05
2011-05-17 00:00:00+00:00,0.0005209817688112683
2011-05-18 00:00:00+00:00,-0.000565135771302433
2011-05-19 00:00:00+00:00,0.0009043703893805155
2011-05-20 00:00:00+00:00,-0.0008382213488531409
2011-05-23 00:00:00+00:00,-0.00224258096016855
2011-05-24 00:00:00+00:00,-0.00023313464682470086
2011-05-25 00:00:00+00:00,-0.0016382601783555828
2011-05-26 00:00:00+00:00,0.0018818595889612544
2011-05-27 00:00:00+00:00,0.0011477971144589483
2011-05-31 00:00:00+00:00,-0.00017510505021081646
2011-06-01 00:00:00+00:00,1.44897364828811e-07
2011-06-02 00:00:00+00:00,-5.261460230820969e-05
2011-06-03 00:00:00+00:00,-0.0006328266911192759
2011-06-06 00:00:00+00:00,0.0012878077704424618
2011-06-07 00:00:00+00:00,0.0009227263156507126
2011-06-08 00:00:00+00:00,-0.0014787406945004633
2011-06-09 00:00:00+00:00,0.0007156529261689859
2011-06-10 00:00:00+00:00,-0.000798144402219203
2011-06-13 00:00:00+00:00,0.0008541083416596096
2011-06-14 00:00:00+00:00,0.001526947813720203
2011-06-15 00:00:00+00:00,-0.0015016608722017988
2011-06-16 00:00:00+00:00,-3.738986158172142e-05
2011-06-17 00:00:00+00:00,0.0018676863626604923
2011-06-20 00:00:00+00:00,-0.001312688005906032
2011-06-21 00:00:00+00:00,-0.00016148921451508702
2011-06-22 00:00:00+00:00,-0.00089848087899283
2011-06-23 00:00:00+00:00,0.0014532184172507236
2011-06-24 00:00:00+00:00,0.002102967916252807
2011-06-27 00:00:00+00:00,-0.0015814938947783129
2011-06-28 00:00:00+00:00,-0.0021950844922871693
2011-06-29 00:00:00+00:00,-0.00043820620621282114
2011-06-30 00:00:00+00:00,-0.0009527140624263075
2011-07-01 00:00:00+00:00,-0.00023139656709914025
2011-07-05 00:00:00+00:00,0.0016599533892458218
2011-07-06 00:00:00+00:00,3.0845102057502904e-05
2011-07-07 00:00:00+00:00,-0.000503512223701652
2011-07-08 00:00:00+00:00,-0.000635665025041976
2011-07-11 00:00:00+00:00,2.9573980854374904e-05
2011-07-12 00:00:00+00:00,6.892455691770438e-06
2011-07-13 00:00:00+00:00,-0.0007690142507522646
2011-07-14 00:00:00+00:00,0.00022685563419672095
2011-07-15 00:00:00+00:00,-0.0006125661552942585
2011-07-18 00:00:00+00:00,0.0007857730246043637
2011-07-19 00:00:00+00:00,-0.001354732576007489
2011-07-20 00:00:00+00:00,0.00048399406654897614
2011-07-21 00:00:00+00:00,-0.0023548182162100306
2011-07-22 00:00:00+00:00,-0.0018450631570055163
2011-07-25 00:00:00+00:00,0.0027375388290374336
2011-07-26 00:00:00+00:00,-0.002161816519338
2011-07-27 00:00:00+00:00,5.403805172135567e-05
2011-07-28 00:00:00+00:00,0.004741872010514014
2011-07-29 00:00:00+00:00,0.005160958704916852
2011-08-01 00:00:00+00:00,0.001896007316221665
2011-08-02 00:00:00+00:00,0.005659922395013867
2011-08-03 00:00:00+00:00,-0.00012804120845752442
2011-08-04 00:00:00+00:00,0.015413393640602097
2011-08-05 00:00:00+00:00,-0.0016713850536947015
2011-08-08 00:00:00+00:00,-0.0034715468677751823
2011-08-09 00:00:00+00:00,-0.008117520116572019
2011-08-10 00:00:00+00:00,0.00015449099441036673
2011-08-11 00:00:00+00:00,0.0011690430639269113
2011-08-12 00:00:00+00:00,-0.0010617028451944842
2011-08-15 00:00:00+00:00,-0.001704780283873636
2011-08-16 00:00:00+00:00,-0.002932427182705394
2011-08-17 00:00:00+00:00,-0.0005103520537594886
2011-08-18 00:00:00+00:00,-0.0009853731242166763
2011-08-19 00:00:00+00:00,-0.0007796830495251372
2011-08-22 00:00:00+00:00,-0.004313299908233897
2011-08-23 00:00:00+00:00,0.0032773443792735446
2011-08-24 00:00:00+00:00,-0.0036535885957720447
2011-08-25 00:00:00+00:00,0.0032270596072628277
2011-08-26 00:00:00+00:00,0.0009249043234783039
2011-08-29 00:00:00+00:00,-0.002651780848182572
2011-08-30 00:00:00+00:00,-0.001321441198141926
2011-08-31 00:00:00+00:00,-0.0024376966972051994
2011-09-01 00:00:00+00:00,-0.0015997346082493313
2011-09-02 00:00:00+00:00,0.0019615856769611417
2011-09-06 00:00:00+00:00,-0.0009199821439548062
2011-09-07 00:00:00+00:00,-0.003918714152770342
2011-09-08 00:00:00+00:00,0.0006336061592370325
2011-09-09 00:00:00+00:00,0.007943634231975472
2011-09-12 00:00:00+00:00,-0.0016457607870397793
2011-09-13 00:00:00+00:00,-0.0015003827178876215
2011-09-14 00:00:00+00:00,-0.005460455324603292
2011-09-15 00:00:00+00:00,-0.00755015856305391
2011-09-16 00:00:00+00:00,0.0029428858542016045
2011-09-19 00:00:00+00:00,0.0009274757881731766
2011-09-20 00:00:00+00:00,0.0031373549002008394
2011-09-21 00:00:00+00:00,0.004248200268940128
2011-09-22 00:00:00+00:00,0.008195096335726099
2011-09-23 00:00:00+00:00,0.0023424701239956715
2011-09-26 00:00:00+00:00,-0.007620508615153776
2011-09-27 00:00:00+00:00,-0.0017644060779310466
2011-09-28 00:00:00+00:00,0.004547026871181398
2011-09-29 00:00:00+00:00,-0.003397123911993427
2011-09-30 00:00:00+00:00,0.004842862746401
2011-10-03 00:00:00+00:00,0.007628494016560794
2011-10-04 00:00:00+00:00,0.0004538440585682979
2011-10-05 00:00:00+00:00,-0.000811131562559686
2011-10-06 00:00:00+00:00,0.00023116141602946838
2011-10-07 00:00:00+00:00,-0.0019339830318825246
2011-10-10 00:00:00+00:00,-0.0037420902366557263
2011-10-11 00:00:00+00:00,0.0009210086797803163
2011-10-12 00:00:00+00:00,-0.0032896257894458047
2011-10-13 00:00:00+00:00,0.0004663747497775095
2011-10-14 00:00:00+00:00,-0.0013252853662386044
2011-10-17 00:00:00+00:00,0.0028566927565790434
2011-10-18 00:00:00+00:00,0.00048643332787445814
2011-10-19 00:00:00+00:00,-0.0007294495034734783
2011-10-20 00:00:00+00:00,-0.00028992647462744436
2011-10-21 00:00:00+00:00,-0.003471352008429296
2011-10-24 00:00:00+00:00,0.001103358046833286
2011-10-25 00:00:00+00:00,-0.00015
2011-10-26 00:00:00+00:00,0.0
2011-10-27 00:00:00+00:00,0.0
2011-10-28 00:00:00+00:00,0.0
2011-10-31 00:00:00+00:00,0.0
2011-11-01 00:00:00+00:00,0.0
2011-11-02 00:00:00+00:00,0.0
2011-11-03 00:00:00+00:00,0.0
2011-11-04 00:00:00+00:00,0.0
2011-11-07 00:00:00+00:00,0.0
2011-11-08 00:00:00+00:00,0.0
2011-11-09 00:00:00+00:00,-0.0016239386449698077
2011-11-10 00:00:00+00:00,-0.0006955185997807312
2011-11-11 00:00:00+00:00,0.00016467009310439096
2011-11-14 00:00:00+00:00,0.00020713223814863846
2011-11-15 00:00:00+00:00,-0.003543516201107877
2011-11-16 00:00:00+00:00,-0.00031455649636219496
2011-11-17 00:00:00+00:00,-0.0005271780552345007
2011-11-18 00:00:00+00:00,-0.0027318759331451115
2011-11-21 00:00:00+00:00,-0.001105509419080164
2011-11-22 00:00:00+00:00,0.0024385906484521436
2011-11-23 00:00:00+00:00,-0.0008664796233006644
2011-11-25 00:00:00+00:00,-0.0006894455901374497
2011-11-28 00:00:00+00:00,0.0011019163760923878
2011-11-29 00:00:00+00:00,0.0001528288042585979
2011-11-30 00:00:00+00:00,0.0007155629777175487
2011-12-01 00:00:00+00:00,-0.00010135438472436142
2011-12-02 00:00:00+00:00,-0.001749033185340437
2011-12-05 00:00:00+00:00,6.742750191301994e-05
2011-12-06 00:00:00+00:00,0.0025676293169339948
2011-12-07 00:00:00+00:00,0.0001928704161963113
2011-12-08 00:00:00+00:00,-0.0010284374784406691
2011-12-09 00:00:00+00:00,0.0031553915343772165
2011-12-12 00:00:00+00:00,-0.0018209488828906384
2011-12-13 00:00:00+00:00,-0.0016540479231270944
2011-12-14 00:00:00+00:00,-0.0027216440518165186
2011-12-15 00:00:00+00:00,0.00040048862167513244
2011-12-16 00:00:00+00:00,0.00330129025326531
2011-12-19 00:00:00+00:00,-0.0006057865673547713
2011-12-20 00:00:00+00:00,0.004434740118060498
2011-12-21 00:00:00+00:00,0.004337456949599555
2011-12-22 00:00:00+00:00,-0.0014396171406305834
2011-12-23 00:00:00+00:00,0.0024008950628516823
2011-12-27 00:00:00+00:00,-0.0001405707515829413
2011-12-28 00:00:00+00:00,-0.0010384750146934518
2011-12-29 00:00:00+00:00,0.0018514999888692985
2011-12-30 00:00:00+00:00,-0.0005060160464843699
2012-01-03 00:00:00+00:00,0.000493485489754808
2012-01-04 00:00:00+00:00,-0.0015214527534553601
2012-01-05 00:00:00+00:00,-0.0006145678916587571
2012-01-06 00:00:00+00:00,-0.0006439474491456154
2012-01-09 00:00:00+00:00,-0.00028043248762632533
2012-01-10 00:00:00+00:00,0.0012172130300401318
2012-01-11 00:00:00+00:00,-0.0029773989647335075
2012-01-12 00:00:00+00:00,-0.0010406386947062196
2012-01-13 00:00:00+00:00,-0.0014657881396138717
2012-01-17 00:00:00+00:00,0.0008249251450211936
2012-01-18 00:00:00+00:00,-0.00015
2012-01-19 00:00:00+00:00,0.0
2012-01-20 00:00:00+00:00,0.0
2012-01-23 00:00:00+00:00,0.0
2012-01-24 00:00:00+00:00,0.0
2012-01-25 00:00:00+00:00,0.0023681744432508646
2012-01-26 00:00:00+00:00,0.0008327478279413492
2012-01-27 00:00:00+00:00,0.002571062483072967
2012-01-30 00:00:00+00:00,3.363065271025367e-05
2012-01-31 00:00:00+00:00,-0.00017189855344024174
2012-02-01 00:00:00+00:00,1.9057600579852618e-05
2012-02-02 00:00:00+00:00,-0.0013381297717287022
2012-02-03 00:00:00+00:00,-0.0026366172262747845
2012-02-06 00:00:00+00:00,-0.0007714296865493908
2012-02-07 00:00:00+00:00,0.0021932721426694
2012-02-08 00:00:00+00:00,-0.0015032649693351883
2012-02-09 00:00:00+00:00,-0.0001652166264774768
2012-02-10 00:00:00+00:00,-0.001576463051435939
2012-02-13 00:00:00+00:00,0.0008206285134602642
2012-02-14 00:00:00+00:00,-0.0009647115578186316
2012-02-15 00:00:00+00:00,0.0006960971102139557
2012-02-16 00:00:00+00:00,-0.0016187616322103082
2012-02-17 00:00:00+00:00,-0.00046204683789741186
2012-02-21 00:00:00+00:00,0.0008331850450263301
2012-02-22 00:00:00+00:00,0.0027262603807874652
2012-02-23 00:00:00+00:00,-0.0021786580997960603
2012-02-24 00:00:00+00:00,-0.0005486222699863097
2012-02-27 00:00:00+00:00,-0.0009083575843570335
2012-02-28 00:00:00+00:00,-0.0024419272485960986
2012-02-29 00:00:00+00:00,-0.0049866163375324735
2012-03-01 00:00:00+00:00,-0.0003681122401791026
2012-03-02 00:00:00+00:00,0.0009728067291152609
2012-03-05 00:00:00+00:00,0.0030200663891938873
2012-03-06 00:00:00+00:00,-0.0024249857985372547
2012-03-07 00:00:00+00:00,-0.0004082217069380223
2012-03-08 00:00:00+00:00,-0.0028638116410522217
2012-03-09 00:00:00+00:00,-0.0010015086145011842
2012-03-12 00:00:00+00:00,6.254758377059481e-05
2012-03-13 00:00:00+00:00,0.0003582998683676064
2012-03-14 00:00:00+00:00,0.0008475060986706251
2012-03-15 00:00:00+00:00,0.0012482847197828164
2012-03-16 00:00:00+00:00,-0.0010241380801950138
2012-03-19 00:00:00+00:00,-3.8788702476810766e-05
2012-03-20 00:00:00+00:00,-0.0009811690196419587
2012-03-21 00:00:00+00:00,0.00048639786547563513
2012-03-22 00:00:00+00:00,0.0016734253106974574
2012-03-23 00:00:00+00:00,0.0004083999133575045
2012-03-26 00:00:00+00:00,0.0014549824540152634
2012-03-27 00:00:00+00:00,-0.0006145920336663169
2012-03-28 00:00:00+00:00,0.0013371951378712
2012-03-29 00:00:00+00:00,0.001729778218411665
2012-03-30 00:00:00+00:00,0.0007975813695855205
2012-04-02 00:00:00+00:00,-0.0011813230225505567
2012-04-03 00:00:00+00:00,-0.002635944821273828
2012-04-04 00:00:00+00:00,0.0003707110130025948
2012-04-05 00:00:00+00:00,0.0003913166403148316
2012-04-09 00:00:00+00:00,0.001457727130253772
2012-04-10 00:00:00+00:00,0.00031151066977516684
2012-04-11 00:00:00+00:00,7.828444157334524e-05
2012-04-12 00:00:00+00:00,-0.0005880208353988281
2012-04-13 00:00:00+00:00,0.00037828924347205195
2012-04-16 00:00:00+00:00,-0.00182822314002658
2012-04-17 00:00:00+00:00,0.0017586322921338549
2012-04-18 00:00:00+00:00,-0.0005306404730754388
2012-04-19 00:00:00+00:00,-0.0011819875452462048
2012-04-20 00:00:00+00:00,-2.913412173435881e-05
2012-04-23 00:00:00+00:00,0.0009595531209099506
2012-04-24 00:00:00+00:00,0.00028636390410491375
2012-04-25 00:00:00+00:00,0.0017957532666561804
2012-04-26 00:00:00+00:00,0.006318651085557098
2012-04-27 00:00:00+00:00,0.0018358326299328489
2012-04-30 00:00:00+00:00,-0.00014528091016165464
2012-05-01 00:00:00+00:00,0.0006652640210217499
2012-05-02 00:00:00+00:00,-0.00044231486726731273
2012-05-03 00:00:00+00:00,-8.699022178393356e-05
2012-05-04 00:00:00+00:00,0.0005601929488342483
2012-05-07 00:00:00+00:00,-0.0014733524585406887
2012-05-08 00:00:00+00:00,0.00019098723712371313
2012-05-09 00:00:00+00:00,0.0006567769841255844
2012-05-10 00:00:00+00:00,0.0006486593153664788
2012-05-11 00:00:00+00:00,-0.0011199661135515293
2012-05-14 00:00:00+00:00,-0.0008438427420669192
2012-05-15 00:00:00+00:00,-0.002591922136731456
2012-05-16 00:00:00+00:00,-0.0028072981704810596
2012-05-17 00:00:00+00:00,-0.0011652237174880065
2012-05-18 00:00:00+00:00,-0.0011762773224443246
2012-05-21 00:00:00+00:00,0.0013045104643343297
2012-05-22 00:00:00+00:00,-0.0008917280468195843
2012-05-23 00:00:00+00:00,0.00018514673042996366
2012-05-24 00:00:00+00:00,-0.0002789194414323237
2012-05-25 00:00:00+00:00,-0.000317964771531426
2012-05-29 00:00:00+00:00,-0.0012761100357438935
2012-05-30 00:00:00+00:00,0.001994207736774373
2012-05-31 00:00:00+00:00,0.003205582896699616
2012-06-01 00:00:00+00:00,-0.0021602857691122856
2012-06-04 00:00:00+00:00,0.0012325097267665563
2012-06-05 00:00:00+00:00,0.0015591407232480427
2012-06-06 00:00:00+00:00,0.001656278745713502
2012-06-07 00:00:00+00:00,-0.0003275681361923355
2012-06-08 00:00:00+00:00,-4.6815147469153606e-05
2012-06-11 00:00:00+00:00,-0.0007601776625220658
2012-06-12 00:00:00+00:00,-0.0012254059778544768
2012-06-13 00:00:00+00:00,-0.0005773674349992151
2012-06-14 00:00:00+00:00,-0.002339220266433628
2012-06-15 00:00:00+00:00,0.00013408559306979373
2012-06-18 00:00:00+00:00,-0.0005358032817057989
2012-06-19 00:00:00+00:00,-0.0017598480232758895
2012-06-20 00:00:00+00:00,-0.0010465373010208334
2012-06-21 00:00:00+00:00,0.0029043387635706297
2012-06-22 00:00:00+00:00,-0.0002110230907595989
2012-06-25 00:00:00+00:00,0.000653535506482672
2012-06-26 00:00:00+00:00,-0.00019297085149438953
2012-06-27 00:00:00+00:00,-0.0006184557365810639
2012-06-28 00:00:00+00:00,0.0016318875198661764
2012-06-29 00:00:00+00:00,-0.004322837625614917
2012-07-02 00:00:00+00:00,0.00033354491407678894
2012-07-03 00:00:00+00:00,0.0011867750359668139
2012-07-05 00:00:00+00:00,0.00011449986578232485
2012-07-06 00:00:00+00:00,0.00024032131411247382
2012-07-09 00:00:00+00:00,0.0017297507267710621
2012-07-10 00:00:00+00:00,0.0015555018434051382
2012-07-11 00:00:00+00:00,-0.0024594403673238174
2012-07-12 00:00:00+00:00,0.0014459369453703576
2012-07-13 00:00:00+00:00,-0.002527998890277272
2012-07-16 00:00:00+00:00,-0.000144786295832533
2012-07-17 00:00:00+00:00,-0.0004674197660956836
2012-07-18 00:00:00+00:00,-0.0006500620258681087
2012-07-19 00:00:00+00:00,-0.0011225434637755494
2012-07-20 00:00:00+00:00,0.0005762316784016508
2012-07-23 00:00:00+00:00,0.00133093111631849
2012-07-24 00:00:00+00:00,-0.0003809196411443394
2012-07-25 00:00:00+00:00,-0.0009401002034216122
2012-07-26 00:00:00+00:00,-0.0005075246502155295
2012-07-27 00:00:00+00:00,-0.002404288725692777
2012-07-30 00:00:00+00:00,0.0013264010436932483
2012-07-31 00:00:00+00:00,-0.0007566026807716009
2012-08-01 00:00:00+00:00,-3.4184312565299635e-05
2012-08-02 00:00:00+00:00,-0.00023598053124371243
2012-08-03 00:00:00+00:00,-0.0006376367365960589
2012-08-06 00:00:00+00:00,-0.00026165169153138934
2012-08-07 00:00:00+00:00,0.0017972272949234036
2012-08-08 00:00:00+00:00,-0.001699035081846545
2012-08-09 00:00:00+00:00,0.0005489458577008499
2012-08-10 00:00:00+00:00,0.0002514071081036462
2012-08-13 00:00:00+00:00,0.0012564756429281343
2012-08-14 00:00:00+00:00,0.0009738459309459159
2012-08-15 00:00:00+00:00,-0.0005826694184083436
2012-08-16 00:00:00+00:00,-0.00022527818759998652
2012-08-17 00:00:00+00:00,-0.0005005556054528681
2012-08-20 00:00:00+00:00,0.0008851352661868594
2012-08-21 00:00:00+00:00,-0.0010312128684285549
2012-08-22 00:00:00+00:00,-0.0009278530708261012
2012-08-23 00:00:00+00:00,-0.00024062853944645246
2012-08-24 00:00:00+00:00,-0.0005913801111947945
2012-08-27 00:00:00+00:00,0.0019487371934579223
2012-08-28 00:00:00+00:00,0.0005752488535699651
2012-08-29 00:00:00+00:00,0.0023559025098730813
2012-08-30 00:00:00+00:00,-0.0002082077793585102
2012-08-31 00:00:00+00:00,-0.002413227251530037
2012-09-04 00:00:00+00:00,0.0013196166040922441
2012-09-05 00:00:00+00:00,-0.001456334106600038
2012-09-06 00:00:00+00:00,-0.0011033313782308927
2012-09-07 00:00:00+00:00,-0.0024639332563549943
2012-09-10 00:00:00+00:00,-0.0005212113076108081
2012-09-11 00:00:00+00:00,0.0005412456592118198
2012-09-12 00:00:00+00:00,-0.0017410254305408879
2012-09-13 00:00:00+00:00,-0.0023402731658639653
2012-09-14 00:00:00+00:00,-8.695549615461706e-05
2012-09-17 00:00:00+00:00,-0.0014971292478331844
2012-09-18 00:00:00+00:00,-0.001161333763429073
2012-09-19 00:00:00+00:00,3.950404621264059e-05
2012-09-20 00:00:00+00:00,0.00022711439821210266
2012-09-21 00:00:00+00:00,0.002790680840769194
2012-09-24 00:00:00+00:00,8.660506012195257e-05
2012-09-25 00:00:00+00:00,0.0013831516512888553
2012-09-26 00:00:00+00:00,-0.0004410527687684629
2012-09-27 00:00:00+00:00,-0.0015268965760874553
2012-09-28 00:00:00+00:00,0.0013807328669626362
2012-10-01 00:00:00+00:00,-0.0019406864400164092
2012-10-02 00:00:00+00:00,-0.0008951877572037914
2012-10-03 00:00:00+00:00,0.0020737388039984705
2012-10-04 00:00:00+00:00,-0.001097344010177831
2012-10-05 00:00:00+00:00,-0.0004926484463189107
2012-10-08 00:00:00+00:00,0.00026086674048373965
2012-10-09 00:00:00+00:00,5.1965117452423826e-05
2012-10-10 00:00:00+00:00,0.00400346970780352
2012-10-11 00:00:00+00:00,0.00013187401082790946
2012-10-12 00:00:00+00:00,0.0008823510819579716
2012-10-15 00:00:00+00:00,0.0011701102041629663
2012-10-16 00:00:00+00:00,0.0001603249280998087
2012-10-17 00:00:00+00:00,0.0006340151069626487
2012-10-18 00:00:00+00:00,0.0007294267304692572
2012-10-19 00:00:00+00:00,-0.0010111382250086731
2012-10-22 00:00:00+00:00,0.0005227450487705898
2012-10-23 00:00:00+00:00,-0.00014252577372445008
2012-10-24 00:00:00+00:00,-0.0014566968464091723
2012-10-25 00:00:00+00:00,-0.0002946537055036891
2012-10-26 00:00:00+00:00,9.393522231976315e-05
2012-10-31 00:00:00+00:00,0.002185927760991635
2012-11-01 00:00:00+00:00,-0.0007829908249967097
2012-11-02 00:00:00+00:00,0.0006983348368089339
2012-11-05 00:00:00+00:00,-0.00022656411288579648
2012-11-06 00:00:00+00:00,0.001215862770427456
2012-11-07 00:00:00+00:00,-0.0008701511598009359
2012-11-08 00:00:00+00:00,-4.122746579959813e-06
2012-11-09 00:00:00+00:00,-0.0003297934291022764
2012-11-12 00:00:00+00:00,0.0001482093068015944
2012-11-13 00:00:00+00:00,-0.0011086352930817778
2012-11-14 00:00:00+00:00,0.0007696359071992231
2012-11-15 00:00:00+00:00,0.00028199832396000324
2012-11-16 00:00:00+00:00,0.000258798891320966
2012-11-19 00:00:00+00:00,-0.00025845199904844796
2012-11-20 00:00:00+00:00,-7.334573732598049e-05
2012-11-21 00:00:00+00:00,-2.8251668909518024e-05
2012-11-23 00:00:00+00:00,0.0006921971356456669
2012-11-26 00:00:00+00:00,-0.0005369167441348632
2012-11-27 00:00:00+00:00,-0.0005688974224069164
2012-11-28 00:00:00+00:00,-0.00015
2012-11-29 00:00:00+00:00,0.0
2012-11-30 00:00:00+00:00,-0.0009120754475692326
2012-12-03 00:00:00+00:00,-0.00036735471027932176
2012-12-04 00:00:00+00:00,-0.00047291960303375014
2012-12-05 00:00:00+00:00,0.000295316884248803
2012-12-06 00:00:00+00:00,-0.0004192161481767487
2012-12-07 00:00:00+00:00,-0.0017057835647717621
2012-12-10 00:00:00+00:00,0.001142474145397615
2012-12-11 00:00:00+00:00,-0.0005342336606355413
2012-12-12 00:00:00+00:00,6.594956395097884e-05
2012-12-13 00:00:00+00:00,0.0013843702486221743
2012-12-14 00:00:00+00:00,0.00012873250586631357
2012-12-17 00:00:00+00:00,-0.0006726802521250241
2012-12-18 00:00:00+00:00,0.00015128017303406294
2012-12-19 00:00:00+00:00,0.0023931507861848222
2012-12-20 00:00:00+00:00,-0.0008262016419320894
2012-12-21 00:00:00+00:00,0.0027985306170651703
2012-12-24 00:00:00+00:00,-4.493346182557478e-05
2012-12-26 00:00:00+00:00,-0.00042264324185614655
2012-12-27 00:00:00+00:00,-0.0004953853991602475
2012-12-28 00:00:00+00:00,0.0012092002294810389
2012-12-31 00:00:00+00:00,-0.002008425614458298
2013-01-02 00:00:00+00:00,-0.002046360626156707
2013-01-03 00:00:00+00:00,-0.0005359645130111335
2013-01-04 00:00:00+00:00,-0.00021853898429863294
2013-01-07 00:00:00+00:00,0.001541018674049488
2013-01-08 00:00:00+00:00,-0.000628587980973816
2013-01-09 00:00:00+00:00,0.0003614932619320499
2013-01-10 00:00:00+00:00,-0.0016303297295816033
2013-01-11 00:00:00+00:00,0.0011193491823003332
2013-01-14 00:00:00+00:00,0.0007808993396929698
2013-01-15 00:00:00+00:00,0.00035369762030660907
2013-01-16 00:00:00+00:00,0.0004750562693778826
2013-01-17 00:00:00+00:00,-0.0009208333811307479
2013-01-18 00:00:00+00:00,-0.0008526258391980401
2013-01-22 00:00:00+00:00,0.00019103276338186537
2013-01-23 00:00:00+00:00,-0.00015
2013-01-24 00:00:00+00:00,0.0
2013-01-25 00:00:00+00:00,0.0
2013-01-28 00:00:00+00:00,0.0
2013-01-29 00:00:00+00:00,0.0
2013-01-30 00:00:00+00:00,-0.00011718353122054922
2013-01-31 00:00:00+00:00,0.001424818793920324
2013-02-01 00:00:00+00:00,-0.001700127394791917
2013-02-04 00:00:00+00:00,0.0002556419508498997
2013-02-05 00:00:00+00:00,-0.0031163956788517466
2013-02-06 00:00:00+00:00,-0.0016182951889560648
2013-02-07 00:00:00+00:00,-0.0022511837400538415
2013-02-08 00:00:00+00:00,0.0015978605479693708
2013-02-11 00:00:00+00:00,-0.0003850201380360017
2013-02-12 00:00:00+00:00,0.0036945390477426676
2013-02-13 00:00:00+00:00,0.002153193598915859
2013-02-14 00:00:00+00:00,0.0038733272764541193
2013-02-15 00:00:00+00:00,-0.000839980021062281
2013-02-19 00:00:00+00:00,0.0025858371834861227
2013-02-20 00:00:00+00:00,-0.001498396045161332
2013-02-21 00:00:00+00:00,0.00020746822315095836
2013-02-22 00:00:00+00:00,-0.0023167983157403316
2013-02-25 00:00:00+00:00,0.004987836078526875
2013-02-26 00:00:00+00:00,-0.0011637583848556898
2013-02-27 00:00:00+00:00,-0.002025827136741265
2013-02-28 00:00:00+00:00,-0.0008599497979821513
2013-03-01 00:00:00+00:00,-0.0008302169151534478
2013-03-04 00:00:00+00:00,-1.6349902710210973e-05
2013-03-05 00:00:00+00:00,0.0019453768488133516
2013-03-06 00:00:00+00:00,-0.001810915394329593
2013-03-07 00:00:00+00:00,-0.0002009023843102531
2013-03-08 00:00:00+00:00,-0.0008420968867724477
2013-03-11 00:00:00+00:00,-0.0006282131573638605
2013-03-12 00:00:00+00:00,0.0019345745950778148
2013-03-13 00:00:00+00:00,0.0019314328258157598
2013-03-14 00:00:00+00:00,-0.0014238134910368903
2013-03-15 00:00:00+00:00,0.00017700205303975995
2013-03-18 00:00:00+00:00,0.0009047752080542093
2013-03-19 00:00:00+00:00,0.0007738708492290858
2013-03-20 00:00:00+00:00,-0.00031683613757424456
2013-03-21 00:00:00+00:00,-0.0003379776135879198
2013-03-22 00:00:00+00:00,0.0007002843218775756
2013-03-25 00:00:00+00:00,-0.0006132629316014937
2013-03-26 00:00:00+00:00,-0.00015
2013-03-27 00:00:00+00:00,0.0
2013-03-28 00:00:00+00:00,0.0
2013-04-01 00:00:00+00:00,0.0
2013-04-02 00:00:00+00:00,0.0
2013-04-03 00:00:00+00:00,0.0
2013-04-04 00:00:00+00:00,0.0
2013-04-05 00:00:00+00:00,0.0
2013-04-08 00:00:00+00:00,0.0
2013-04-09 00:00:00+00:00,0.0
2013-04-10 00:00:00+00:00,0.0
2013-04-11 00:00:00+00:00,0.0
2013-04-12 00:00:00+00:00,0.0
2013-04-15 00:00:00+00:00,0.0
2013-04-16 00:00:00+00:00,0.0
2013-04-17 00:00:00+00:00,0.0
2013-04-18 00:00:00+00:00,0.0012736680128982271
2013-04-19 00:00:00+00:00,0.0006559504756545598
2013-04-22 00:00:00+00:00,-0.0008071497477768474
2013-04-23 00:00:00+00:00,-0.0022419027406455627
2013-04-24 00:00:00+00:00,-0.0003230814078645228
2013-04-25 00:00:00+00:00,0.0003670224288106483
2013-04-26 00:00:00+00:00,0.0001802149218634308
2013-04-29 00:00:00+00:00,-0.0011481038029089174
2013-04-30 00:00:00+00:00,-8.368454148199866e-05
2013-05-01 00:00:00+00:00,0.001981478400318981
2013-05-02 00:00:00+00:00,0.0002202426009866587
2013-05-03 00:00:00+00:00,-0.0016641108472988941
2013-05-06 00:00:00+00:00,0.0017187854620890897
2013-05-07 00:00:00+00:00,0.0020819355691368835
2013-05-08 00:00:00+00:00,-0.0004807833253492322
2013-05-09 00:00:00+00:00,0.0016554798143584293
2013-05-10 00:00:00+00:00,0.0007035469608981659
2013-05-13 00:00:00+00:00,0.0004930920360831093
2013-05-14 00:00:00+00:00,-0.00031259732888994085
2013-05-15 00:00:00+00:00,0.00197331727134728
2013-05-16 00:00:00+00:00,0.003199953404332573
2013-05-17 00:00:00+00:00,0.0005164678370851994
2013-05-20 00:00:00+00:00,-0.0031622005923054863
2013-05-21 00:00:00+00:00,0.002248567528014944
2013-05-22 00:00:00+00:00,0.0043612540029679125
2013-05-23 00:00:00+00:00,0.0012883929659007198
2013-05-24 00:00:00+00:00,0.006750693351500969
2013-05-28 00:00:00+00:00,-0.0001950889786470622
2013-05-29 00:00:00+00:00,0.0005434090080770615
2013-05-30 00:00:00+00:00,-0.0010303939331712253
2013-05-31 00:00:00+00:00,-0.00015
2013-06-03 00:00:00+00:00,0.0
2013-06-04 00:00:00+00:00,0.0
2013-06-05 00:00:00+00:00,-0.0019291599858389406
2013-06-06 00:00:00+00:00,0.0017093434060148627
2013-06-07 00:00:00+00:00,0.0020388515665782925
2013-06-10 00:00:00+00:00,-0.0011744624700628092
2013-06-11 00:00:00+00:00,-0.0007533432948217955
2013-06-12 00:00:00+00:00,-0.0007431118981484075
2013-06-13 00:00:00+00:00,0.0024324774062015053
2013-06-14 00:00:00+00:00,-0.0008107094770279655
2013-06-17 00:00:00+00:00,0.0014050746722618634
2013-06-18 00:00:00+00:00,0.000692309031739724
2013-06-19 00:00:00+00:00,-0.0013328206796359987
2013-06-20 00:00:00+00:00,-0.002600942864756123
2013-06-21 00:00:00+00:00,0.00036173180103399316
2013-06-24 00:00:00+00:00,-0.0009828627648438837
2013-06-25 00:00:00+00:00,0.0010056417221634972
2013-06-26 00:00:00+00:00,0.0010800640864339073
2013-06-27 00:00:00+00:00,0.00020041467989434514
2013-06-28 00:00:00+00:00,0.0008399102014725046
2013-07-01 00:00:00+00:00,-0.0005047431201021801
2013-07-02 00:00:00+00:00,0.0006566704350063346
2013-07-03 00:00:00+00:00,0.00014031085962906698
2013-07-05 00:00:00+00:00,0.0009565353505932572
2013-07-08 00:00:00+00:00,0.0009188286968250803
2013-07-09 00:00:00+00:00,0.0009186414481973104
2013-07-10 00:00:00+00:00,-0.0007632964916413076
2013-07-11 00:00:00+00:00,0.0003167753003120999
2013-07-12 00:00:00+00:00,6.020831856895503e-05
2013-07-15 00:00:00+00:00,-0.0006708658287241098
2013-07-16 00:00:00+00:00,0.00045573485727590235
2013-07-17 00:00:00+00:00,0.00013081549666654757
2013-07-18 00:00:00+00:00,-0.00015
2013-07-19 00:00:00+00:00,0.0001896735573345522
2013-07-22 00:00:00+00:00,-0.0006543506222387863
2013-07-23 00:00:00+00:00,0.00044501508428845815
2013-07-24 00:00:00+00:00,0.00032030880242028825
2013-07-25 00:00:00+00:00,-0.0010961933845320126
2013-07-26 00:00:00+00:00,0.00014803031846897814
2013-07-29 00:00:00+00:00,0.0011142046862391008
2013-07-30 00:00:00+00:00,-0.0003543535867705505
2013-07-31 00:00:00+00:00,-0.001139550597678507
2013-08-01 00:00:00+00:00,-0.0030880449071952754
2013-08-02 00:00:00+00:00,0.0013583056275693894
2013-08-05 00:00:00+00:00,0.00018110455168124373
2013-08-06 00:00:00+00:00,0.0008930569404156097
2013-08-07 00:00:00+00:00,0.00011489051278035234
2013-08-08 00:00:00+00:00,0.0006421235211937493
2013-08-09 00:00:00+00:00,-0.0004340931478571397
2013-08-12 00:00:00+00:00,-2.158918700181922e-05
2013-08-13 00:00:00+00:00,-0.0011237333269812078
2013-08-14 00:00:00+00:00,-0.0005182736521975873
2013-08-15 00:00:00+00:00,-0.0006652775897339758
2013-08-16 00:00:00+00:00,-0.000527554931444729
2013-08-19 00:00:00+00:00,0.0006997901959616415
2013-08-20 00:00:00+00:00,0.0013180132053683402
2013-08-21 00:00:00+00:00,7.442001459009862e-05
2013-08-22 00:00:00+00:00,0.0007271742620899302
2013-08-23 00:00:00+00:00,-0.001807077937143936
2013-08-26 00:00:00+00:00,0.0010178383687504122
2013-08-27 00:00:00+00:00,-0.00013779197442043145
2013-08-28 00:00:00+00:00,0.0003300302442342251
2013-08-29 00:00:00+00:00,0.0007161265463811739
2013-08-30 00:00:00+00:00,3.643276014584932e-05
2013-09-03 00:00:00+00:00,0.0005823193894632095
2013-09-04 00:00:00+00:00,-0.002296645247825191
2013-09-05 00:00:00+00:00,-0.0006672822767947451
2013-09-06 00:00:00+00:00,-0.0004623609148119989
2013-09-09 00:00:00+00:00,9.48296537880812e-05
2013-09-10 00:00:00+00:00,0.00033561865957615344
2013-09-11 00:00:00+00:00,-0.0007179193174119691
2013-09-12 00:00:00+00:00,0.00029448870755949264
2013-09-13 00:00:00+00:00,-0.0013972973107300724
2013-09-16 00:00:00+00:00,0.00038595107478328616
2013-09-17 00:00:00+00:00,-2.617368418766919e-05
2013-09-18 00:00:00+00:00,0.0008996848131229696
2013-09-19 00:00:00+00:00,0.00014432390915691817
2013-09-20 00:00:00+00:00,0.0004140744151172604
2013-09-23 00:00:00+00:00,0.0004505216002700929
2013-09-24 00:00:00+00:00,-0.00034603863275767255
2013-09-25 00:00:00+00:00,-0.00015
2013-09-26 00:00:00+00:00,0.0
2013-09-27 00:00:00+00:00,0.0
2013-09-30 00:00:00+00:00,0.0
2013-10-01 00:00:00+00:00,0.0
2013-10-02 00:00:00+00:00,0.0
2013-10-03 00:00:00+00:00,0.0
2013-10-04 00:00:00+00:00,0.0
2013-10-07 00:00:00+00:00,0.0
2013-10-08 00:00:00+00:00,0.0008744831201866589
2013-10-09 00:00:00+00:00,-0.0015605484583424978
2013-10-10 00:00:00+00:00,0.0006777598308919663
2013-10-11 00:00:00+00:00,-0.0002415916047988631
2013-10-14 00:00:00+00:00,0.00010376610526696695
2013-10-15 00:00:00+00:00,-0.00014264848342834813
2013-10-16 00:00:00+00:00,-0.001297242821469008
2013-10-17 00:00:00+00:00,0.00145087458894666
2013-10-18 00:00:00+00:00,0.00017253863817240367
2013-10-21 00:00:00+00:00,0.0010406711783523814
2013-10-22 00:00:00+00:00,-0.0019036557399085162
2013-10-23 00:00:00+00:00,0.0005035312667434344
2013-10-24 00:00:00+00:00,-0.0009886052549550883
2013-10-25 00:00:00+00:00,-0.0016542089567677387
2013-10-28 00:00:00+00:00,7.802293370867686e-05
2013-10-29 00:00:00+00:00,0.0005560636945431408
2013-10-30 00:00:00+00:00,0.0012885622780821893
2013-10-31 00:00:00+00:00,0.0001700131810146166
2013-11-01 00:00:00+00:00,0.0005184104543901613
2013-11-04 00:00:00+00:00,-0.0008091515822604423
2013-11-05 00:00:00+00:00,0.00018298140890016246
2013-11-06 00:00:00+00:00,-0.0008875467155692041
2013-11-07 00:00:00+00:00,0.0014981262578678267
2013-11-08 00:00:00+00:00,0.002224981470594356
2013-11-11 00:00:00+00:00,-9.312956267409911e-06
2013-11-12 00:00:00+00:00,-0.0004813965166875654
2013-11-13 00:00:00+00:00,-0.0014255956558704708
2013-11-14 00:00:00+00:00,-0.0009043902577603458
2013-11-15 00:00:00+00:00,-0.00026512403679651575
2013-11-18 00:00:00+00:00,0.0006646360358516512
2013-11-19 00:00:00+00:00,-0.0003082640142758053
2013-11-20 00:00:00+00:00,0.002085763411765862
2013-11-21 00:00:00+00:00,0.0006653305115378039
2013-11-22 00:00:00+00:00,-0.0004178108451585727
2013-11-25 00:00:00+00:00,-0.0002023709936226914
2013-11-26 00:00:00+00:00,0.0003481892403861542
2013-11-27 00:00:00+00:00,-0.00017908387511583745
2013-11-29 00:00:00+00:00,-0.0006226389033741619
2013-12-02 00:00:00+00:00,0.0012459117448447854
2013-12-03 00:00:00+00:00,-0.0007238538135939665
2013-12-04 00:00:00+00:00,-0.00015
2013-12-05 00:00:00+00:00,-0.0003229142818046036
2013-12-06 00:00:00+00:00,0.0011174301935304443
2013-12-09 00:00:00+00:00,-0.0007050460504847422
2013-12-10 00:00:00+00:00,-0.0004818538707060671
2013-12-11 00:00:00+00:00,-0.0005300157844142506
2013-12-12 00:00:00+00:00,0.0026123533419736833
2013-12-13 00:00:00+00:00,0.0010079173423663268
2013-12-16 00:00:00+00:00,0.0022853508819135615
2013-12-17 00:00:00+00:00,0.0008591297234464279
2013-12-18 00:00:00+00:00,0.0008815703000560893
2013-12-19 00:00:00+00:00,-0.0017624736335151436
2013-12-20 00:00:00+00:00,-0.0005026368183064789
2013-12-23 00:00:00+00:00,-0.00023288564489531982
2013-12-24 00:00:00+00:00,0.00012474206084533979
2013-12-26 00:00:00+00:00,0.0006246675536721313
2013-12-27 00:00:00+00:00,0.00024658725219217636
2013-12-30 00:00:00+00:00,-0.0002407026118443345
2013-12-31 00:00:00+00:00,0.00022538450458686743
2014-01-02 00:00:00+00:00,-0.000693334864307088
2014-01-03 00:00:00+00:00,-0.0004998700143743207
2014-01-06 00:00:00+00:00,0.0005416603205579684
2014-01-07 00:00:00+00:00,0.00025981099697824916
2014-01-08 00:00:00+00:00,0.0017471404590572726
2014-01-09 00:00:00+00:00,-0.0007351298332896215
2014-01-10 00:00:00+00:00,0.0028267979212032836
2014-01-13 00:00:00+00:00,0.0001260140299388368
2014-01-14 00:00:00+00:00,0.0003118217548124247
2014-01-15 00:00:00+00:00,0.0006414734886651952
2014-01-16 00:00:00+00:00,0.002045745072833338
2014-01-17 00:00:00+00:00,0.0009269490563788285
2014-01-21 00:00:00+00:00,1.817539988495113e-05
2014-01-22 00:00:00+00:00,-0.0009854845112088895
2014-01-23 00:00:00+00:00,0.0038162351536317474
2014-01-24 00:00:00+00:00,0.0013171451601720618
2014-01-27 00:00:00+00:00,-0.0027950838130934297
2014-01-28 00:00:00+00:00,0.00018453082657865494
2014-01-29 00:00:00+00:00,0.0013580990284279837
2014-01-30 00:00:00+00:00,-0.0012075932186388638
2014-01-31 00:00:00+00:00,0.001704162326609332
2014-02-03 00:00:00+00:00,0.000572970321381927
2014-02-04 00:00:00+00:00,-0.0033961200838666106
2014-02-05 00:00:00+00:00,0.00011848506577757933
2014-02-06 00:00:00+00:00,-0.0013620189050700948
2014-02-07 00:00:00+00:00,0.0009401413602002084
2014-02-10 00:00:00+00:00,0.0008847047668859853
2014-02-11 00:00:00+00:00,-0.00028056770895312777
2014-02-12 00:00:00+00:00,9.762022622039623e-06
2014-02-13 00:00:00+00:00,0.0010682607994960958
2014-02-14 00:00:00+00:00,-0.003617962786444384
2014-02-18 00:00:00+00:00,-0.0019436635712304084
2014-02-19 00:00:00+00:00,0.0003643136336428654
2014-02-20 00:00:00+00:00,-0.0007134175762741335
2014-02-21 00:00:00+00:00,0.0003274676778797503
2014-02-24 00:00:00+00:00,-0.0008294109291953232
2014-02-25 00:00:00+00:00,-0.00015
2014-02-26 00:00:00+00:00,0.0
2014-02-27 00:00:00+00:00,0.0
2014-02-28 00:00:00+00:00,0.0
2014-03-03 00:00:00+00:00,0.0
2014-03-04 00:00:00+00:00,0.0
2014-03-05 00:00:00+00:00,0.0
2014-03-06 00:00:00+00:00,0.0
2014-03-07 00:00:00+00:00,0.0
2014-03-10 00:00:00+00:00,0.0
2014-03-11 00:00:00+00:00,0.0
2014-03-12 00:00:00+00:00,0.0
2014-03-13 00:00:00+00:00,0.0
2014-03-14 00:00:00+00:00,0.0
2014-03-17 00:00:00+00:00,0.0
2014-03-18 00:00:00+00:00,0.0
2014-03-19 00:00:00+00:00,0.0
2014-03-20 00:00:00+00:00,0.0
2014-03-21 00:00:00+00:00,0.0
2014-03-24 00:00:00+00:00,0.0
2014-03-25 00:00:00+00:00,0.0
2014-03-26 00:00:00+00:00,0.0
2014-03-27 00:00:00+00:00,0.0
2014-03-28 00:00:00+00:00,0.0
2014-03-31 00:00:00+00:00,0.0
2014-04-01 00:00:00+00:00,-0.0008756395894995491
2014-04-02 00:00:00+00:00,-0.0005195551373673446
2014-04-03 00:00:00+00:00,0.001604236515176799
2014-04-04 00:00:00+00:00,-0.0015368499298483718
2014-04-07 00:00:00+00:00,0.0016742831628066834
2014-04-08 00:00:00+00:00,-0.0019896489051259847
2014-04-09 00:00:00+00:00,0.00023752859837250506
2014-04-10 00:00:00+00:00,0.001117464437691812
2014-04-11 00:00:00+00:00,0.001431151934160907
2014-04-14 00:00:00+00:00,-0.0008990902184754235
2014-04-15 00:00:00+00:00,-0.005798391011885062
2014-04-16 00:00:00+00:00,-0.00044991495083857025
2014-04-17 00:00:00+00:00,0.00012113906856664469
2014-04-21 00:00:00+00:00,0.0003416516632765987
2014-04-22 00:00:00+00:00,-0.00040419856304529933
2014-04-23 00:00:00+00:00,0.00011329157993375527
2014-04-24 00:00:00+00:00,-3.102856220743577e-05
2014-04-25 00:00:00+00:00,-0.001446492622307366
2014-04-28 00:00:00+00:00,0.002350441780771678
2014-04-29 00:00:00+00:00,-0.0024029743977175
2014-04-30 00:00:00+00:00,-0.0015554496408849983
2014-05-01 00:00:00+00:00,-0.0009199422906979726
2014-05-02 00:00:00+00:00,-0.0011712251377379024
2014-05-05 00:00:00+00:00,0.0017042731675622758
2014-05-06 00:00:00+00:00,0.0005308807040144414
2014-05-07 00:00:00+00:00,-0.0004769814202270793
2014-05-08 00:00:00+00:00,0.000705702470325642
2014-05-09 00:00:00+00:00,0.0009268285548876265
2014-05-12 00:00:00+00:00,-0.0009944019647490643
2014-05-13 00:00:00+00:00,-2.9729918801568722e-05
2014-05-14 00:00:00+00:00,-0.00015
2014-05-15 00:00:00+00:00,0.0
2014-05-16 00:00:00+00:00,0.0
2014-05-19 00:00:00+00:00,-0.00014804261152200334
2014-05-20 00:00:00+00:00,-3.713043025455054e-05
2014-05-21 00:00:00+00:00,0.00032740855416010795
2014-05-22 00:00:00+00:00,9.141290171632566e-05
2014-05-23 00:00:00+00:00,-0.00013921286501111796
2014-05-27 00:00:00+00:00,0.0019327409633934922
2014-05-28 00:00:00+00:00,0.00046297554116900286
2014-05-29 00:00:00+00:00,0.0004429510776307044
2014-05-30 00:00:00+00:00,-0.00038062472720507
2014-06-02 00:00:00+00:00,0.0006952267735080009
2014-06-03 00:00:00+00:00,-3.7263504502338396e-05
2014-06-04 00:00:00+00:00,0.00014910936028239563
2014-06-05 00:00:00+00:00,-0.0002634291934522359
2014-06-06 00:00:00+00:00,0.00016294169083372334
2014-06-09 00:00:00+00:00,0.00013543520590306168
2014-06-10 00:00:00+00:00,-0.000343098190199731
2014-06-11 00:00:00+00:00,-2.6964176754185054e-05
2014-06-12 00:00:00+00:00,-0.00025694717364460606
2014-06-13 00:00:00+00:00,0.00030634106645305303
2014-06-16 00:00:00+00:00,0.0004119638012503035
2014-06-17 00:00:00+00:00,0.0005903000014539084
2014-06-18 00:00:00+00:00,-5.080125330009233e-05
2014-06-19 00:00:00+00:00,-0.0028651898115563844
2014-06-20 00:00:00+00:00,0.0022836220286179265
2014-06-23 00:00:00+00:00,-0.0006297899035471177
2014-06-24 00:00:00+00:00,0.00012328594703556184
2014-06-25 00:00:00+00:00,0.0002919030307146908
2014-06-26 00:00:00+00:00,-8.581223213166567e-05
2014-06-27 00:00:00+00:00,0.0008986863000062795
2014-06-30 00:00:00+00:00,0.00018733234590406767
2014-07-01 00:00:00+00:00,-5.753593637857198e-05
2014-07-02 00:00:00+00:00,-0.0010823903696869919
2014-07-03 00:00:00+00:00,0.0004005241252642844
2014-07-07 00:00:00+00:00,-0.0010014046171303304
2014-07-08 00:00:00+00:00,0.0004735285650243337
2014-07-09 00:00:00+00:00,0.0008207720944358177
2014-07-10 00:00:00+00:00,5.355538736515064e-05
2014-07-11 00:00:00+00:00,-0.0022018619922192784
2014-07-14 00:00:00+00:00,-3.192470353646781e-05
2014-07-15 00:00:00+00:00,-0.00016828500050142248
2014-07-16 00:00:00+00:00,0.00066814052301159
2014-07-17 00:00:00+00:00,0.0006645326727255374
2014-07-18 00:00:00+00:00,-0.0006817057273816873
2014-07-21 00:00:00+00:00,0.00045906236667828115
2014-07-22 00:00:00+00:00,-0.00043930787823465156
2014-07-23 00:00:00+00:00,-0.0009816900634157522
2014-07-24 00:00:00+00:00,0.0003527593261232198
2014-07-25 00:00:00+00:00,0.0006770368474688926
2014-07-28 00:00:00+00:00,-0.0004497960901292397
2014-07-29 00:00:00+00:00,-0.00030961215221708693
2014-07-30 00:00:00+00:00,0.00019442707365141532
2014-07-31 00:00:00+00:00,0.0005673215768588757
2014-08-01 00:00:00+00:00,-0.00015
2014-08-04 00:00:00+00:00,-0.001984687829591175
2014-08-05 00:00:00+00:00,0.0005087636682198082
2014-08-06 00:00:00+00:00,-0.0006268237284212663
2014-08-07 00:00:00+00:00,0.0010479803892475825
2014-08-08 00:00:00+00:00,-0.0006440316216951847
2014-08-11 00:00:00+00:00,0.00039026245360479495
2014-08-12 00:00:00+00:00,-7.918974544129931e-05
2014-08-13 00:00:00+00:00,-0.0010415966231762828
2014-08-14 00:00:00+00:00,-0.001285132061201566
2014-08-15 00:00:00+00:00,-0.002229266648567485
2014-08-18 00:00:00+00:00,-0.001975916612799611
2014-08-19 00:00:00+00:00,0.0010380694176033434
2014-08-20 00:00:00+00:00,1.5541465957419343e-05
2014-08-21 00:00:00+00:00,0.00020779079504390507
2014-08-22 00:00:00+00:00,0.0011719590993839735
2014-08-25 00:00:00+00:00,0.0008375778739083684
2014-08-26 00:00:00+00:00,-0.002439232979210171
2014-08-27 00:00:00+00:00,5.8840841190815896e-05
2014-08-28 00:00:00+00:00,0.00027806962789764245
2014-08-29 00:00:00+00:00,0.0002454759150248842
2014-09-02 00:00:00+00:00,0.0005211056606131692
2014-09-03 00:00:00+00:00,-0.0003382802625759851
2014-09-04 00:00:00+00:00,-0.0007525002670065728
2014-09-05 00:00:00+00:00,-0.00108377324967307
2014-09-08 00:00:00+00:00,0.0020196149913226102
2014-09-09 00:00:00+00:00,-0.0010848936348586413
2014-09-10 00:00:00+00:00,-8.171238958493143e-05
2014-09-11 00:00:00+00:00,-0.0011384554989979923
2014-09-12 00:00:00+00:00,0.002514355129031892
2014-09-15 00:00:00+00:00,0.0002734591427558941
2014-09-16 00:00:00+00:00,0.0006647892711078964
2014-09-17 00:00:00+00:00,0.0007200957160966139
2014-09-18 00:00:00+00:00,0.0003042060257500978
2014-09-19 00:00:00+00:00,-0.0011538793491920885
2014-09-22 00:00:00+00:00,-0.0005702419074552212
2014-09-23 00:00:00+00:00,0.001369312997258898
2014-09-24 00:00:00+00:00,-0.0009982704221091487
2014-09-25 00:00:00+00:00,0.0016976455343878484
2014-09-26 00:00:00+00:00,-0.0017038097018692855
2014-09-29 00:00:00+00:00,0.0012649806028807165
2014-09-30 00:00:00+00:00,-8.083021118870937e-05
2014-10-01 00:00:00+00:00,0.0010902883260710539
2014-10-02 00:00:00+00:00,-0.001172659399514997
2014-10-03 00:00:00+00:00,-0.0006877652585766114
2014-10-06 00:00:00+00:00,-0.0007802303130631794
2014-10-07 00:00:00+00:00,0.00046504912302597345
2014-10-08 00:00:00+00:00,-0.000650726579405847
2014-10-09 00:00:00+00:00,-0.00015
2014-10-10 00:00:00+00:00,0.0
2014-10-13 00:00:00+00:00,0.0
2014-10-14 00:00:00+00:00,0.0
2014-10-15 00:00:00+00:00,0.0
2014-10-16 00:00:00+00:00,-0.0010683867040917503
2014-10-17 00:00:00+00:00,0.0007828949345762837
2014-10-20 00:00:00+00:00,0.00024829942459392296
2014-10-21 00:00:00+00:00,-0.0014227351210259753
2014-10-22 00:00:00+00:00,0.0016423418613878416
2014-10-23 00:00:00+00:00,-0.0008492504128976563
2014-10-24 00:00:00+00:00,0.0007021348268300698
2014-10-27 00:00:00+00:00,0.0008877501925620424
2014-10-28 00:00:00+00:00,0.00046966265330711243
2014-10-29 00:00:00+00:00,-0.0014500371364483955
2014-10-30 00:00:00+00:00,0.0025233065306892177
2014-10-31 00:00:00+00:00,7.789735932328679e-05
2014-11-03 00:00:00+00:00,-0.0008926420017758285
2014-11-04 00:00:00+00:00,0.0023967302209860764
2014-11-05 00:00:00+00:00,-0.0030508658284259527
2014-11-06 00:00:00+00:00,-0.0001940544419632706
2014-11-07 00:00:00+00:00,-0.00041404649737650234
2014-11-10 00:00:00+00:00,0.00019307805798585154
2014-11-11 00:00:00+00:00,-0.00038191193177755656
2014-11-12 00:00:00+00:00,-0.0015678805846872368
2014-11-13 00:00:00+00:00,9.66511299322903e-05
2014-11-14 00:00:00+00:00,-0.00016077540259878953
2014-11-17 00:00:00+00:00,-0.0015321677342999551
2014-11-18 00:00:00+00:00,-0.0006282882718277039
2014-11-19 00:00:00+00:00,-0.003054862042146528
2014-11-20 00:00:00+00:00,-0.0016766754741652234
2014-11-21 00:00:00+00:00,0.000247650529183685
2014-11-24 00:00:00+00:00,0.00041704439840617447
2014-11-25 00:00:00+00:00,-0.0018993107827971756
2014-11-26 00:00:00+00:00,0.0012851537868781016
2014-11-28 00:00:00+00:00,-0.00015
2014-12-01 00:00:00+00:00,0.0
2014-12-02 00:00:00+00:00,0.0
2014-12-03 00:00:00+00:00,0.0
2014-12-04 00:00:00+00:00,0.0
2014-12-05 00:00:00+00:00,0.0
2014-12-08 00:00:00+00:00,0.0
2014-12-09 00:00:00+00:00,0.0
2014-12-10 00:00:00+00:00,0.0
2014-12-11 00:00:00+00:00,0.0
2014-12-12 00:00:00+00:00,0.0
2014-12-15 00:00:00+00:00,0.0
2014-12-16 00:00:00+00:00,0.0
2014-12-17 00:00:00+00:00,0.0
2014-12-18 00:00:00+00:00,0.0
2014-12-19 00:00:00+00:00,0.0
2014-12-22 00:00:00+00:00,1.9127871806895604e-05
2014-12-23 00:00:00+00:00,0.0013888065308227393
2014-12-24 00:00:00+00:00,0.00018183919974679164
2014-12-26 00:00:00+00:00,0.00011093923804861294
2014-12-29 00:00:00+00:00,4.65937166949093e-06
2014-12-30 00:00:00+00:00,0.0004989825378691193
2014-12-31 00:00:00+00:00,-0.0002690900744845848
2015-01-02 00:00:00+00:00,-0.00013523612949137287
2015-01-05 00:00:00+00:00,0.0008091689831825621
2015-01-06 00:00:00+00:00,0.0018963320929103467
2015-01-07 00:00:00+00:00,-0.0014349072456422696
2015-01-08 00:00:00+00:00,-0.00031465104991010295
2015-01-09 00:00:00+00:00,-0.0007693867428158474
2015-01-12 00:00:00+00:00,0.0002470608247554353
2015-01-13 00:00:00+00:00,0.0015497122106377772
2015-01-14 00:00:00+00:00,-0.0007861681403808773
2015-01-15 00:00:00+00:00,-0.004621722936440059
2015-01-16 00:00:00+00:00,-0.0010298226604553151
2015-01-20 00:00:00+00:00,0.0014182955413520326
2015-01-21 00:00:00+00:00,0.0014197611093149376
2015-01-22 00:00:00+00:00,-0.0020682908766428143
2015-01-23 00:00:00+00:00,0.0019073489231659357
2015-01-26 00:00:00+00:00,-0.000998124554248081
2015-01-27 00:00:00+00:00,-1.6752765101629707e-05
2015-01-28 00:00:00+00:00,0.002493070597184066
2015-01-29 00:00:00+00:00,0.00026087702405256947
2015-01-30 00:00:00+00:00,-0.0008973514043738029
2015-02-02 00:00:00+00:00,-0.0013771879805295484
2015-02-03 00:00:00+00:00,-0.002965804180127457
2015-02-04 00:00:00+00:00,0.0003702460096999651
2015-02-05 00:00:00+00:00,-0.0008965344124621799
2015-02-06 00:00:00+00:00,0.0005377014945148473
2015-02-09 00:00:00+00:00,0.0005120691126490606
2015-02-10 00:00:00+00:00,0.000817185310755808
2015-02-11 00:00:00+00:00,0.000604072088264962
2015-02-12 00:00:00+00:00,-0.0017987445844162009
2015-02-13 00:00:00+00:00,-0.0029814259177650846
2015-02-17 00:00:00+00:00,0.0005976432246289076
2015-02-18 00:00:00+00:00,0.00035819812379156435
2015-02-19 00:00:00+00:00,-0.001194379583332311
2015-02-20 00:00:00+00:00,-0.0011214186451158348
2015-02-23 00:00:00+00:00,0.0022889455161539396
2015-02-24 00:00:00+00:00,-0.0025084976766409084
2015-02-25 00:00:00+00:00,0.00023941097291939065
2015-02-26 00:00:00+00:00,-0.0008317114459360231
2015-02-27 00:00:00+00:00,-0.004490702875120212
2015-03-02 00:00:00+00:00,0.00045184451221212413
2015-03-03 00:00:00+00:00,0.00011373791723426341
2015-03-04 00:00:00+00:00,0.002491702780559879
2015-03-05 00:00:00+00:00,0.000303587003252781
2015-03-06 00:00:00+00:00,0.004151366273254559
2015-03-09 00:00:00+00:00,0.0006283079722083475
2015-03-10 00:00:00+00:00,0.003813362705153517
2015-03-11 00:00:00+00:00,0.0025569692091171993
2015-03-12 00:00:00+00:00,-0.006626161232124633
2015-03-13 00:00:00+00:00,0.004837298227369985
2015-03-16 00:00:00+00:00,-0.00199392728178831
2015-03-17 00:00:00+00:00,-0.0028368195411278274
2015-03-18 00:00:00+00:00,-0.002891664250281034
2015-03-19 00:00:00+00:00,0.0002618990765442253
2015-03-20 00:00:00+00:00,-0.008978498628094411
2015-03-23 00:00:00+00:00,0.0014530735272235418
2015-03-24 00:00:00+00:00,0.0018994759383824944
2015-03-25 00:00:00+00:00,0.00027704254099997216
2015-03-26 00:00:00+00:00,0.002297078217647991
2015-03-27 00:00:00+00:00,0.001552477638036981
2015-03-30 00:00:00+00:00,-0.0012026882309820628
2015-03-31 00:00:00+00:00,0.0002590347727134401
2015-04-01 00:00:00+00:00,-0.0009461824527456641
2015-04-02 00:00:00+00:00,-7.174517953469333e-05
2015-04-06 00:00:00+00:00,-8.95377434176059e-05
2015-04-07 00:00:00+00:00,-0.0007182363456016694
2015-04-08 00:00:00+00:00,0.0005127887722373714
2015-04-09 00:00:00+00:00,0.0015124724237147724
2015-04-10 00:00:00+00:00,0.0015312866977816308
2015-04-13 00:00:00+00:00,9.473368845619445e-05
2015-04-14 00:00:00+00:00,-0.0027226015648038502
2015-04-15 00:00:00+00:00,0.0006304336370677177
2015-04-16 00:00:00+00:00,0.00044791826123175005
2015-04-17 00:00:00+00:00,0.0004792918203376795
2015-04-20 00:00:00+00:00,0.00016062806270120134
2015-04-21 00:00:00+00:00,0.000709081794511901
2015-04-22 00:00:00+00:00,0.0016130729028954183
2015-04-23 00:00:00+00:00,0.0007723403154064612
2015-04-24 00:00:00+00:00,-0.0014058773612342645
2015-04-27 00:00:00+00:00,0.0007266503208327281
2015-04-28 00:00:00+00:00,-0.0002587631195335614
2015-04-29 00:00:00+00:00,-0.0008610557285851361
2015-04-30 00:00:00+00:00,-0.0006954506259977122
2015-05-01 00:00:00+00:00,0.000588387481317787
2015-05-04 00:00:00+00:00,-0.00032358503470633626
2015-05-05 00:00:00+00:00,-1.6114098527530984e-05
2015-05-06 00:00:00+00:00,-0.00036388700232703464
2015-05-07 00:00:00+00:00,0.0005419258732530796
2015-05-08 00:00:00+00:00,-0.0008736942115454283
2015-05-11 00:00:00+00:00,0.00012131684030525225
2015-05-12 00:00:00+00:00,-0.0006087401096438183
2015-05-13 00:00:00+00:00,0.0008925611560933744
2015-05-14 00:00:00+00:00,-0.0005326451405873733
2015-05-15 00:00:00+00:00,-0.00020010466223183143
2015-05-18 00:00:00+00:00,-0.0004447011129747602
2015-05-19 00:00:00+00:00,8.284413547920977e-05
2015-05-20 00:00:00+00:00,0.0004300709990779361
2015-05-21 00:00:00+00:00,0.000140471991014246
2015-05-22 00:00:00+00:00,0.0009638384032674696
2015-05-26 00:00:00+00:00,-0.00028082904818221843
2015-05-27 00:00:00+00:00,-0.00015
2015-05-28 00:00:00+00:00,0.0
2015-05-29 00:00:00+00:00,0.0
2015-06-01 00:00:00+00:00,0.0
2015-06-02 00:00:00+00:00,0.0
2015-06-03 00:00:00+00:00,0.0
2015-06-04 00:00:00+00:00,0.0
2015-06-05 00:00:00+00:00,0.0
2015-06-08 00:00:00+00:00,0.0
2015-06-09 00:00:00+00:00,0.0
2015-06-10 00:00:00+00:00,0.0
2015-06-11 00:00:00+00:00,0.0
2015-06-12 00:00:00+00:00,0.0
2015-06-15 00:00:00+00:00,0.0
2015-06-16 00:00:00+00:00,0.0
2015-06-17 00:00:00+00:00,0.0
2015-06-18 00:00:00+00:00,0.0
2015-06-19 00:00:00+00:00,-0.00042809664619765635
2015-06-22 00:00:00+00:00,0.0008609514222165104
2015-06-23 00:00:00+00:00,-4.693767759522682e-06
2015-06-24 00:00:00+00:00,-3.566533178467335e-05
2015-06-25 00:00:00+00:00,-0.0005814879177636787
2015-06-26 00:00:00+00:00,-0.0024076582568282046
2015-06-29 00:00:00+00:00,-0.0012047309456556798
2015-06-30 00:00:00+00:00,0.00031856124203799574
2015-07-01 00:00:00+00:00,0.0033678021734727948
2015-07-02 00:00:00+00:00,-0.0012584043800122346
2015-07-06 00:00:00+00:00,-0.003125939412983031
2015-07-07 00:00:00+00:00,0.0003692195522609354
2015-07-08 00:00:00+00:00,-0.0024026193025390996
2015-07-09 00:00:00+00:00,0.002847028761573972
2015-07-10 00:00:00+00:00,0.00013639889814393014
2015-07-13 00:00:00+00:00,-0.0006327073244317694
2015-07-14 00:00:00+00:00,0.0007689239091442368
2015-07-15 00:00:00+00:00,-0.0008999663467861461
2015-07-16 00:00:00+00:00,0.0015670978864639473
2015-07-17 00:00:00+00:00,0.0002520471669157365
2015-07-20 00:00:00+00:00,0.00723287534596917
2015-07-21 00:00:00+00:00,0.002625865962632118
2015-07-22 00:00:00+00:00,-0.0015807047730558577
2015-07-23 00:00:00+00:00,-0.0005165988543659461
2015-07-24 00:00:00+00:00,-0.0029607831551388963
2015-07-27 00:00:00+00:00,0.0017579762957058986
2015-07-28 00:00:00+00:00,-0.0018843133931495115
2015-07-29 00:00:00+00:00,-0.0011885372594361288
2015-07-30 00:00:00+00:00,0.0013345203079328238
2015-07-31 00:00:00+00:00,0.003364637882156074
2015-08-03 00:00:00+00:00,-0.00016385483019078478
2015-08-04 00:00:00+00:00,0.0016996858073179133
2015-08-05 00:00:00+00:00,0.0003942518766591463
2015-08-06 00:00:00+00:00,-0.003555383609092455
2015-08-07 00:00:00+00:00,-0.00015
2015-08-10 00:00:00+00:00,0.0
2015-08-11 00:00:00+00:00,0.0
2015-08-12 00:00:00+00:00,0.0
2015-08-13 00:00:00+00:00,0.0
2015-08-14 00:00:00+00:00,0.0
2015-08-17 00:00:00+00:00,0.0
2015-08-18 00:00:00+00:00,0.0
2015-08-19 00:00:00+00:00,0.0
2015-08-20 00:00:00+00:00,0.0
2015-08-21 00:00:00+00:00,0.0
2015-08-24 00:00:00+00:00,0.0
2015-08-25 00:00:00+00:00,0.0
2015-08-26 00:00:00+00:00,0.0
2015-08-27 00:00:00+00:00,0.0
2015-08-28 00:00:00+00:00,0.0
2015-08-31 00:00:00+00:00,0.0
2015-09-01 00:00:00+00:00,0.0
2015-09-02 00:00:00+00:00,0.0
2015-09-03 00:00:00+00:00,0.0
2015-09-04 00:00:00+00:00,0.0
2015-09-08 00:00:00+00:00,0.0
2015-09-09 00:00:00+00:00,0.0
2015-09-10 00:00:00+00:00,0.0
2015-09-11 00:00:00+00:00,0.0
2015-09-14 00:00:00+00:00,0.0
2015-09-15 00:00:00+00:00,0.0
2015-09-16 00:00:00+00:00,0.0
2015-09-17 00:00:00+00:00,0.0
2015-09-18 00:00:00+00:00,0.0
2015-09-21 00:00:00+00:00,0.0
2015-09-22 00:00:00+00:00,0.0
2015-09-23 00:00:00+00:00,0.0
2015-09-24 00:00:00+00:00,0.0
2015-09-25 00:00:00+00:00,0.0
2015-09-28 00:00:00+00:00,0.0
2015-09-29 00:00:00+00:00,0.0
2015-09-30 00:00:00+00:00,0.0
2015-10-01 00:00:00+00:00,0.0
2015-10-02 00:00:00+00:00,0.0
2015-10-05 00:00:00+00:00,0.0
2015-10-06 00:00:00+00:00,0.0
2015-10-07 00:00:00+00:00,0.0
2015-10-08 00:00:00+00:00,0.0
2015-10-09 00:00:00+00:00,0.0
2015-10-12 00:00:00+00:00,0.0
2015-10-13 00:00:00+00:00,0.0
2015-10-14 00:00:00+00:00,0.0
2015-10-15 00:00:00+00:00,0.0
2015-10-16 00:00:00+00:00,0.0
2015-10-19 00:00:00+00:00,0.0
2015-10-20 00:00:00+00:00,0.0
2015-10-21 00:00:00+00:00,0.0
2015-10-22 00:00:00+00:00,0.0
2015-10-23 00:00:00+00:00,0.0
2015-10-26 00:00:00+00:00,0.0
2015-10-27 00:00:00+00:00,0.0
2015-10-28 00:00:00+00:00,0.0
2015-10-29 00:00:00+00:00,0.0
2015-10-30 00:00:00+00:00,0.0
2015-11-02 00:00:00+00:00,0.0
2015-11-03 00:00:00+00:00,0.0
2015-11-04 00:00:00+00:00,0.0
2015-11-05 00:00:00+00:00,0.0
2015-11-06 00:00:00+00:00,0.0
2015-11-09 00:00:00+00:00,0.0
2015-11-10 00:00:00+00:00,0.0
2015-11-11 00:00:00+00:00,0.0
2015-11-12 00:00:00+00:00,0.0
2015-11-13 00:00:00+00:00,0.0
2015-11-16 00:00:00+00:00,5.938159525470534e-06
2015-11-17 00:00:00+00:00,-0.001696029362048046
2015-11-18 00:00:00+00:00,0.00034836677740285316
2015-11-19 00:00:00+00:00,0.0009619035801478049
2015-11-20 00:00:00+00:00,0.00017903998193907755
2015-11-23 00:00:00+00:00,-0.0008470681905753119
2015-11-24 00:00:00+00:00,0.0005539777304037763
2015-11-25 00:00:00+00:00,-0.0007725676516902868
2015-11-27 00:00:00+00:00,-0.0013168454754200476
2015-11-30 00:00:00+00:00,0.001134555076510002
2015-12-01 00:00:00+00:00,-0.00046509466226381507
2015-12-02 00:00:00+00:00,-0.0005180351352771784
2015-12-03 00:00:00+00:00,-0.0004540229908200242
2015-12-04 00:00:00+00:00,8.26277444177792e-05
2015-12-07 00:00:00+00:00,-0.0033780554799193894
2015-12-08 00:00:00+00:00,-0.001738121549785726
2015-12-09 00:00:00+00:00,0.0018063068906165047
2015-12-10 00:00:00+00:00,-0.0011128932460415962
2015-12-11 00:00:00+00:00,0.0028376102038953467
2015-12-14 00:00:00+00:00,0.0004373975606383031
2015-12-15 00:00:00+00:00,0.004297724238373224
2015-12-16 00:00:00+00:00,-0.004477818169802722
2015-12-17 00:00:00+00:00,0.0002573308613979808
2015-12-18 00:00:00+00:00,-0.0023881568592422076
2015-12-21 00:00:00+00:00,-0.0008459193393002828
2015-12-22 00:00:00+00:00,-0.0015809429756908355
2015-12-23 00:00:00+00:00,0.0006591427968350161
2015-12-24 00:00:00+00:00,0.0006522321376488116
2015-12-28 00:00:00+00:00,0.0006842675507151841
2015-12-29 00:00:00+00:00,-0.0029997284551863124
2015-12-30 00:00:00+00:00,-0.0019204415194999267
2015-12-31 00:00:00+00:00,0.0004571021550606458
2016-01-04 00:00:00+00:00,0.000633683473279606
2016-01-05 00:00:00+00:00,0.0018256665153482676
2016-01-06 00:00:00+00:00,0.00391334911612512
2016-01-07 00:00:00+00:00,0.005627409167789005
2016-01-08 00:00:00+00:00,-0.00015279199445367153
2016-01-11 00:00:00+00:00,-0.003229851470635703
2016-01-12 00:00:00+00:00,0.002177361303755898
2016-01-13 00:00:00+00:00,0.003446700401557534
2016-01-14 00:00:00+00:00,7.893919229755037e-05
2016-01-15 00:00:00+00:00,0.004711884365471958
2016-01-19 00:00:00+00:00,-0.004418650400125196
2016-01-20 00:00:00+00:00,-0.0005076863064146231
2016-01-21 00:00:00+00:00,-0.00044291052787914786
2016-01-22 00:00:00+00:00,0.00026147480718430316
2016-01-25 00:00:00+00:00,0.00044084106609532103
2016-01-26 00:00:00+00:00,-0.001080864754474331
2016-01-27 00:00:00+00:00,0.001989625097291975
2016-01-28 00:00:00+00:00,-0.0012255288721605972
2016-01-29 00:00:00+00:00,-0.00015
2016-02-01 00:00:00+00:00,0.0
2016-02-02 00:00:00+00:00,0.0
2016-02-03 00:00:00+00:00,0.0
2016-02-04 00:00:00+00:00,0.0
2016-02-05 00:00:00+00:00,0.0
2016-02-08 00:00:00+00:00,0.0
2016-02-09 00:00:00+00:00,0.0
2016-02-10 00:00:00+00:00,0.0
2016-02-11 00:00:00+00:00,0.0
2016-02-12 00:00:00+00:00,0.0
2016-02-16 00:00:00+00:00,0.0
2016-02-17 00:00:00+00:00,0.0
2016-02-18 00:00:00+00:00,0.0
2016-02-19 00:00:00+00:00,0.0
2016-02-22 00:00:00+00:00,0.0
2016-02-23 00:00:00+00:00,0.0
2016-02-24 00:00:00+00:00,0.0
2016-02-25 00:00:00+00:00,0.0
2016-02-26 00:00:00+00:00,0.0
2016-02-29 00:00:00+00:00,0.0
2016-03-01 00:00:00+00:00,0.0
2016-03-02 00:00:00+00:00,0.0
2016-03-03 00:00:00+00:00,0.0
2016-03-04 00:00:00+00:00,0.0
2016-03-07 00:00:00+00:00,-0.0013231932531416798
2016-03-08 00:00:00+00:00,0.001202358908604706
2016-03-09 00:00:00+00:00,-0.001254025846142759
2016-03-10 00:00:00+00:00,-0.000511388287495057
2016-03-11 00:00:00+00:00,-0.0017979547313622668
2016-03-14 00:00:00+00:00,-0.0017053224985494608
2016-03-15 00:00:00+00:00,0.0011774437499055268
2016-03-16 00:00:00+00:00,0.00047371866847226163
2016-03-17 00:00:00+00:00,-0.003544339025918025
2016-03-18 00:00:00+00:00,0.00041324278632937084
2016-03-21 00:00:00+00:00,-0.001267216724533937
2016-03-22 00:00:00+00:00,-0.0024072357790862753
2016-03-23 00:00:00+00:00,0.0009163229034538645
2016-03-24 00:00:00+00:00,0.0006436124389241626
2016-03-28 00:00:00+00:00,-0.0007902546503838481
2016-03-29 00:00:00+00:00,-7.177183248008312e-05
2016-03-30 00:00:00+00:00,0.0004886686847350441
2016-03-31 00:00:00+00:00,0.0007163253508944535
2016-04-01 00:00:00+00:00,0.0022194096977392053
2016-04-04 00:00:00+00:00,-0.0008493070703402715
2016-04-05 00:00:00+00:00,0.0007713937894852085
2016-04-06 00:00:00+00:00,0.001760213691682594
2016-04-07 00:00:00+00:00,-0.00036365026579568416
2016-04-08 00:00:00+00:00,-0.002708760214993833
2016-04-11 00:00:00+00:00,-0.005132356046564951
2016-04-12 00:00:00+00:00,0.00010739402668802356
2016-04-13 00:00:00+00:00,-0.0006924931891989783
2016-04-14 00:00:00+00:00,0.0010860672958830364
2016-04-15 00:00:00+00:00,0.001514514123643701
2016-04-18 00:00:00+00:00,0.0014761982680672192
2016-04-19 00:00:00+00:00,0.0010115428443623177
2016-04-20 00:00:00+00:00,-0.002942139001001126
2016-04-21 00:00:00+00:00,-2.5838186196713706e-05
2016-04-22 00:00:00+00:00,-0.00031342625434988003
2016-04-25 00:00:00+00:00,-0.0008772217266330984
2016-04-26 00:00:00+00:00,0.00026077087790102316
2016-04-27 00:00:00+00:00,-0.0037304464274629523
2016-04-28 00:00:00+00:00,-0.0004793404641138532
2016-04-29 00:00:00+00:00,0.00028862411110211483
2016-05-02 00:00:00+00:00,0.0014854333239732176
2016-05-03 00:00:00+00:00,0.00020731472873558587
2016-05-04 00:00:00+00:00,-0.0005939310007355425
2016-05-05 00:00:00+00:00,-0.0008539203111594283
2016-05-06 00:00:00+00:00,-0.0003943409859784308
2016-05-09 00:00:00+00:00,0.0017967689738009052
2016-05-10 00:00:00+00:00,0.0024621821073105565
2016-05-11 00:00:00+00:00,-0.0011928005514784956
2016-05-12 00:00:00+00:00,0.00031864222406205456
2016-05-13 00:00:00+00:00,-8.092413388424702e-05
2016-05-16 00:00:00+00:00,0.000650675503104753
2016-05-17 00:00:00+00:00,-4.4309617273197155e-05
2016-05-18 00:00:00+00:00,0.00022569469535353452
2016-05-19 00:00:00+00:00,0.0014883833217790299
2016-05-20 00:00:00+00:00,-0.0005551647832433559
2016-05-23 00:00:00+00:00,0.0001805388846720657
2016-05-24 00:00:00+00:00,-0.0007076047237055128
2016-05-25 00:00:00+00:00,-0.0006232232511721725
2016-05-26 00:00:00+00:00,-0.00048507508055448123
2016-05-27 00:00:00+00:00,-0.0001765767857479228
2016-05-31 00:00:00+00:00,-0.0006036156911260193
2016-06-01 00:00:00+00:00,0.00023375045131229788
2016-06-02 00:00:00+00:00,-0.0005725901215918872
2016-06-03 00:00:00+00:00,-0.0003995504932817473
2016-06-06 00:00:00+00:00,0.0011137231298338213
2016-06-07 00:00:00+00:00,0.00012622638211906567
2016-06-08 00:00:00+00:00,0.00035664193495177354
2016-06-09 00:00:00+00:00,7.941404167144395e-05
2016-06-10 00:00:00+00:00,-0.0003070301371499162
2016-06-13 00:00:00+00:00,0.000885274115353607
2016-06-14 00:00:00+00:00,0.0005554992498976175
2016-06-15 00:00:00+00:00,0.00021062215120248862
2016-06-16 00:00:00+00:00,0.001297118834715616
2016-06-17 00:00:00+00:00,-0.00015
2016-06-20 00:00:00+00:00,0.0
2016-06-21 00:00:00+00:00,0.0
2016-06-22 00:00:00+00:00,0.0
2016-06-23 00:00:00+00:00,0.0
2016-06-24 00:00:00+00:00,0.0
2016-06-27 00:00:00+00:00,0.0
2016-06-28 00:00:00+00:00,0.0
2016-06-29 00:00:00+00:00,0.0
2016-06-30 00:00:00+00:00,0.0
2016-07-01 00:00:00+00:00,0.0
2016-07-05 00:00:00+00:00,0.0
2016-07-06 00:00:00+00:00,0.0
2016-07-07 00:00:00+00:00,0.0
2016-07-08 00:00:00+00:00,-0.00012372187805541598
2016-07-11 00:00:00+00:00,0.00014185391114091006
2016-07-12 00:00:00+00:00,-0.0001568557582121155
2016-07-13 00:00:00+00:00,0.0006915593913502938
2016-07-14 00:00:00+00:00,0.00020257801169176748
2016-07-15 00:00:00+00:00,-0.00010993757217364619
2016-07-18 00:00:00+00:00,-0.00043557530155202695
2016-07-19 00:00:00+00:00,-0.0009814465592460518
2016-07-20 00:00:00+00:00,0.0006036832201681275
2016-07-21 00:00:00+00:00,0.0002834364022228919
2016-07-22 00:00:00+00:00,-0.0007332552926155589
2016-07-25 00:00:00+00:00,0.002520857897747586
2016-07-26 00:00:00+00:00,0.0020803189722472526
2016-07-27 00:00:00+00:00,0.004571945192260285
2016-07-28 00:00:00+00:00,-4.7009140444920217e-05
2016-07-29 00:00:00+00:00,0.001465311961144633
2016-08-01 00:00:00+00:00,0.0005137995959079711
2016-08-02 00:00:00+00:00,-0.0004700409801421668
2016-08-03 00:00:00+00:00,-0.0023244624946213432
2016-08-04 00:00:00+00:00,0.0013250543465160303
2016-08-05 00:00:00+00:00,0.0012252554381367966
2016-08-08 00:00:00+00:00,0.0006648986284374658
2016-08-09 00:00:00+00:00,5.5628775311400425e-05
2016-08-10 00:00:00+00:00,-0.0018795814454078963
2016-08-11 00:00:00+00:00,-0.002500396032173613
2016-08-12 00:00:00+00:00,-0.0013667782038923049
2016-08-15 00:00:00+00:00,-0.00135501251384329
2016-08-16 00:00:00+00:00,0.0019231051441789548
2016-08-17 00:00:00+00:00,-0.0010363570288371036
2016-08-18 00:00:00+00:00,-0.001342216469099866
2016-08-19 00:00:00+00:00,-0.000785591049936812
2016-08-22 00:00:00+00:00,0.001052811338200993
2016-08-23 00:00:00+00:00,3.3199200759598404e-05
2016-08-24 00:00:00+00:00,0.0006137088225236344
2016-08-25 00:00:00+00:00,-0.00032137085399297494
2016-08-26 00:00:00+00:00,-0.0009177193831731156
2016-08-29 00:00:00+00:00,-0.0004675747525732521
2016-08-30 00:00:00+00:00,-0.00016320804204715807
2016-08-31 00:00:00+00:00,0.0002096945436322441
2016-09-01 00:00:00+00:00,-0.0001537837731588887
2016-09-02 00:00:00+00:00,-0.001830637341603908
2016-09-06 00:00:00+00:00,0.0004546582906441443
2016-09-07 00:00:00+00:00,-0.0008352556545584422
2016-09-08 00:00:00+00:00,-0.001504829504273858
2016-09-09 00:00:00+00:00,-0.000401290347217087
2016-09-12 00:00:00+00:00,0.00019005010211631257
2016-09-13 00:00:00+00:00,-0.0004367042404205268
2016-09-14 00:00:00+00:00,0.0014823994881111857
2016-09-15 00:00:00+00:00,-0.00015909571720421067
2016-09-16 00:00:00+00:00,0.001390785869002098
2016-09-19 00:00:00+00:00,-0.0005507761963563229
2016-09-20 00:00:00+00:00,-0.0008311989813210019
2016-09-21 00:00:00+00:00,-0.0015408592012678968
2016-09-22 00:00:00+00:00,-0.0005651490182996544
2016-09-23 00:00:00+00:00,0.002467126066116876
2016-09-26 00:00:00+00:00,0.0011486840420588118
2016-09-27 00:00:00+00:00,0.0013134799919623241
2016-09-28 00:00:00+00:00,-0.0007271728156801049
2016-09-29 00:00:00+00:00,-0.00033830801274284394
2016-09-30 00:00:00+00:00,-0.0006997425446601535
2016-10-03 00:00:00+00:00,0.0008044738141961827
2016-10-04 00:00:00+00:00,0.0018281819937987498
2016-10-05 00:00:00+00:00,-0.0008438206960694195
2016-10-06 00:00:00+00:00,0.0004451897972731879
2016-10-07 00:00:00+00:00,0.0007230303195207566
2016-10-10 00:00:00+00:00,-0.0006391854937648211
2016-10-11 00:00:00+00:00,-0.0010681400812324604
2016-10-12 00:00:00+00:00,0.00047461063390186187
2016-10-13 00:00:00+00:00,-0.00015
2016-10-14 00:00:00+00:00,0.0
2016-10-17 00:00:00+00:00,0.0
2016-10-18 00:00:00+00:00,0.0
2016-10-19 00:00:00+00:00,0.0
2016-10-20 00:00:00+00:00,0.0
2016-10-21 00:00:00+00:00,0.0
2016-10-24 00:00:00+00:00,0.0
2016-10-25 00:00:00+00:00,0.0
2016-10-26 00:00:00+00:00,0.0
2016-10-27 00:00:00+00:00,0.0
2016-10-28 00:00:00+00:00,0.0
2016-10-31 00:00:00+00:00,0.0
2016-11-01 00:00:00+00:00,0.0
2016-11-02 00:00:00+00:00,0.0
2016-11-03 00:00:00+00:00,0.0
2016-11-04 00:00:00+00:00,0.0
2016-11-07 00:00:00+00:00,-0.0013396253925123834
2016-11-08 00:00:00+00:00,-0.0006737398227595892
2016-11-09 00:00:00+00:00,-0.0013978106998364659
2016-11-10 00:00:00+00:00,-0.0013440182419250934
2016-11-11 00:00:00+00:00,0.001598646709311119
2016-11-14 00:00:00+00:00,0.000704135318447624
2016-11-15 00:00:00+00:00,-0.0011785738791607048
2016-11-16 00:00:00+00:00,0.0024554780529329745
2016-11-17 00:00:00+00:00,0.00092309529709525
2016-11-18 00:00:00+00:00,-0.0008576963642687339
2016-11-21 00:00:00+00:00,0.0004073339053720093
2016-11-22 00:00:00+00:00,-0.00027148920619371464
2016-11-23 00:00:00+00:00,-0.0026909401993826573
2016-11-25 00:00:00+00:00,-0.00030490499604192683
2016-11-28 00:00:00+00:00,0.003157454140544802
2016-11-29 00:00:00+00:00,-0.0009142293786253419
2016-11-30 00:00:00+00:00,-0.006876795372192046
2016-12-01 00:00:00+00:00,0.0003864172172053093
2016-12-02 00:00:00+00:00,-0.00014084980391615431
2016-12-05 00:00:00+00:00,-0.0012149058704116478
2016-12-06 00:00:00+00:00,-0.0012982993599917614
2016-12-07 00:00:00+00:00,-0.0008678109127385203
2016-12-08 00:00:00+00:00,-0.0007420348752697203
2016-12-09 00:00:00+00:00,-3.188911734854346e-05
2016-12-12 00:00:00+00:00,-0.006662639876008153
2016-12-13 00:00:00+00:00,-0.004668039225184495
2016-12-14 00:00:00+00:00,0.0016304489783569576
2016-12-15 00:00:00+00:00,0.0030979642052723633
2016-12-16 00:00:00+00:00,0.00176744765962486
2016-12-19 00:00:00+00:00,0.002922303763426143
2016-12-20 00:00:00+00:00,-0.002040152634698522
2016-12-21 00:00:00+00:00,0.0008601504787650871
2016-12-22 00:00:00+00:00,-0.000739855186822902
2016-12-23 00:00:00+00:00,0.0020791645797339775
2016-12-27 00:00:00+00:00,-0.0013903463652382986
2016-12-28 00:00:00+00:00,-0.000920769024652518
2016-12-29 00:00:00+00:00,0.0004542125827953769
2016-12-30 00:00:00+00:00,0.0016962590437181457
2017-01-03 00:00:00+00:00,-0.002648348449578425
2017-01-04 00:00:00+00:00,-0.0018873211382487154
2017-01-05 00:00:00+00:00,0.0005365497972378286
2017-01-06 00:00:00+00:00,0.0005749695667671417
2017-01-09 00:00:00+00:00,-0.002634849758562224
2017-01-10 00:00:00+00:00,-0.00032479190484787073
2017-01-11 00:00:00+00:00,-0.0008214902338747887
2017-01-12 00:00:00+00:00,-0.0006275818185762505
2017-01-13 00:00:00+00:00,0.0011056147391284576
2017-01-17 00:00:00+00:00,0.00046386016053612256
2017-01-18 00:00:00+00:00,-0.0003774248873326669
2017-01-19 00:00:00+00:00,-0.0009729165321530897
2017-01-20 00:00:00+00:00,0.0008111160237344595
2017-01-23 00:00:00+00:00,0.0003712538409438304
2017-01-24 00:00:00+00:00,0.0008144114922529755
2017-01-25 00:00:00+00:00,-0.00015
2017-01-26 00:00:00+00:00,0.0
2017-01-27 00:00:00+00:00,0.0
2017-01-30 00:00:00+00:00,0.0
2017-01-31 00:00:00+00:00,0.0
2017-02-01 00:00:00+00:00,0.0
2017-02-02 00:00:00+00:00,0.0
2017-02-03 00:00:00+00:00,0.0
2017-02-06 00:00:00+00:00,0.0
2017-02-07 00:00:00+00:00,0.0
2017-02-08 00:00:00+00:00,0.0
2017-02-09 00:00:00+00:00,0.0
2017-02-10 00:00:00+00:00,0.0
2017-02-13 00:00:00+00:00,0.0
2017-02-14 00:00:00+00:00,0.0
2017-02-15 00:00:00+00:00,0.0
2017-02-16 00:00:00+00:00,0.0
2017-02-17 00:00:00+00:00,0.0
2017-02-21 00:00:00+00:00,0.0
2017-02-22 00:00:00+00:00,0.0
2017-02-23 00:00:00+00:00,0.0
2017-02-24 00:00:00+00:00,0.0
2017-02-27 00:00:00+00:00,0.0
2017-02-28 00:00:00+00:00,-0.0007439679565307165
2017-03-01 00:00:00+00:00,-0.0008249477956336904
2017-03-02 00:00:00+00:00,-0.0011582234086638943
2017-03-03 00:00:00+00:00,0.0002117538856402923
2017-03-06 00:00:00+00:00,0.0007860357153971764
2017-03-07 00:00:00+00:00,0.0006638875543445166
2017-03-08 00:00:00+00:00,-1.1518625579354236e-05
2017-03-09 00:00:00+00:00,-0.00033903211477531725
2017-03-10 00:00:00+00:00,-0.000831738668187032
2017-03-13 00:00:00+00:00,-0.0005942504322730691
2017-03-14 00:00:00+00:00,0.00022567167796100351
2017-03-15 00:00:00+00:00,0.0003661708202353231
2017-03-16 00:00:00+00:00,-0.0005575910154113073
2017-03-17 00:00:00+00:00,0.0011131566722966946
2017-03-20 00:00:00+00:00,-0.0008025639014654362
2017-03-21 00:00:00+00:00,-0.0006358699096268737
2017-03-22 00:00:00+00:00,0.000966461145840869
2017-03-23 00:00:00+00:00,0.0003418011579091884
2017-03-24 00:00:00+00:00,0.002093000460937633
2017-03-27 00:00:00+00:00,-0.0017173735995700268
2017-03-28 00:00:00+00:00,-0.0012952575620783224
2017-03-29 00:00:00+00:00,-7.080257013403202e-05
2017-03-30 00:00:00+00:00,-0.005269205654667819
2017-03-31 00:00:00+00:00,0.00034807851097846693
2017-04-03 00:00:00+00:00,0.00012931242620115024
2017-04-04 00:00:00+00:00,-0.0010300593772070155
2017-04-05 00:00:00+00:00,0.000629997060668225
2017-04-06 00:00:00+00:00,0.00018027719661178887
2017-04-07 00:00:00+00:00,-9.50713350396093e-05
2017-04-10 00:00:00+00:00,0.0004731585446141051
2017-04-11 00:00:00+00:00,-0.0005594919809543573
2017-04-12 00:00:00+00:00,0.0002938083480592546
2017-04-13 00:00:00+00:00,-0.0011152916840977134
2017-04-17 00:00:00+00:00,-0.0002890218940364009
2017-04-18 00:00:00+00:00,-0.0008115855026594732
2017-04-19 00:00:00+00:00,-0.0001172018041069589
2017-04-20 00:00:00+00:00,0.0005584615085830746
2017-04-21 00:00:00+00:00,-0.0006465483444003384
2017-04-24 00:00:00+00:00,-0.00015
2017-04-25 00:00:00+00:00,0.00027874457811525883
2017-04-26 00:00:00+00:00,-1.0869545374131429e-05
2017-04-27 00:00:00+00:00,0.00031159460232127456
2017-04-28 00:00:00+00:00,-0.0015082085106830232
2017-05-01 00:00:00+00:00,0.0007763858282660019
2017-05-02 00:00:00+00:00,0.00015332347265478719
2017-05-03 00:00:00+00:00,-0.0003633332284776192
2017-05-04 00:00:00+00:00,0.0004327504032782814
2017-05-05 00:00:00+00:00,-0.0001356255487180713
2017-05-08 00:00:00+00:00,0.00035531325430565586
2017-05-09 00:00:00+00:00,0.0008312005389453925
2017-05-10 00:00:00+00:00,-0.000514719700577787
2017-05-11 00:00:00+00:00,0.0015248196407968706
2017-05-12 00:00:00+00:00,0.00047875853962225934
2017-05-15 00:00:00+00:00,0.00019907855384004858
2017-05-16 00:00:00+00:00,1.1831968085779417e-05
2017-05-17 00:00:00+00:00,-0.001450313160878014
2017-05-18 00:00:00+00:00,-0.0020915494210450025
2017-05-19 00:00:00+00:00,0.00015861240854164738
2017-05-22 00:00:00+00:00,0.0019220670466270464
2017-05-23 00:00:00+00:00,0.0011871946911571896
2017-05-24 00:00:00+00:00,0.001161428284819882
2017-05-25 00:00:00+00:00,0.0003820495757077269
2017-05-26 00:00:00+00:00,0.0005196008625154847
2017-05-30 00:00:00+00:00,0.0013155063471937956
2017-05-31 00:00:00+00:00,-0.0010913299683319166
2017-06-01 00:00:00+00:00,0.001113976908712233
2017-06-02 00:00:00+00:00,-0.002962329224983601
2017-06-05 00:00:00+00:00,0.0012271072587702603
2017-06-06 00:00:00+00:00,0.002292723387880169
2017-06-07 00:00:00+00:00,-0.0019600069917627303
2017-06-08 00:00:00+00:00,-0.0004645803224341827
2017-06-09 00:00:00+00:00,0.0016827095991621965
2017-06-12 00:00:00+00:00,4.8888490651434816e-06
2017-06-13 00:00:00+00:00,-0.003016031835427091
2017-06-14 00:00:00+00:00,-0.0026418410089734667
2017-06-15 00:00:00+00:00,0.001237584527674901
2017-06-16 00:00:00+00:00,-0.00023862210815300822
2017-06-19 00:00:00+00:00,-0.00025444138455515963
2017-06-20 00:00:00+00:00,0.003409926015416481
2017-06-21 00:00:00+00:00,0.0003269372036743823
2017-06-22 00:00:00+00:00,0.0005273229537080537
2017-06-23 00:00:00+00:00,-0.0020001064944763502
2017-06-26 00:00:00+00:00,0.0015381031119928446
2017-06-27 00:00:00+00:00,0.00038745230220058047
2017-06-28 00:00:00+00:00,-0.004762430696111697
2017-06-29 00:00:00+00:00,-0.00015803648896495215
2017-06-30 00:00:00+00:00,0.0017186427731187837
2017-07-03 00:00:00+00:00,0.0033465841546569675
2017-07-05 00:00:00+00:00,-0.0012596239458643353
2017-07-06 00:00:00+00:00,3.97612063859909e-06
2017-07-07 00:00:00+00:00,0.0009680169427080942
2017-07-10 00:00:00+00:00,-0.0003066076451865461
2017-07-11 00:00:00+00:00,-0.0008668441355893508
2017-07-12 00:00:00+00:00,-0.0010929305163646652
2017-07-13 00:00:00+00:00,-3.094030610725773e-05
2017-07-14 00:00:00+00:00,-0.0017621777413072137
2017-07-17 00:00:00+00:00,0.00040882247430651386
2017-07-18 00:00:00+00:00,-0.0005799063489821121
2017-07-19 00:00:00+00:00,-0.00023776929236482558
2017-07-20 00:00:00+00:00,-0.0005577698130618423
2017-07-21 00:00:00+00:00,-0.0005326564442917903
2017-07-24 00:00:00+00:00,0.0005292503575123342
2017-07-25 00:00:00+00:00,0.0008134640030832974
2017-07-26 00:00:00+00:00,-0.0008282261685392256
2017-07-27 00:00:00+00:00,-5.282919546811815e-05
2017-07-28 00:00:00+00:00,0.004341401433365516
2017-07-31 00:00:00+00:00,-0.0012461660512206318
2017-08-01 00:00:00+00:00,0.0006282385274971047
2017-08-02 00:00:00+00:00,-0.001153336122336368
2017-08-03 00:00:00+00:00,-0.0006553058351051744
2017-08-04 00:00:00+00:00,0.0004658283865313084
2017-08-07 00:00:00+00:00,-0.0003332802731817186
2017-08-08 00:00:00+00:00,0.000904133275734742
2017-08-09 00:00:00+00:00,-0.000524902052965126
2017-08-10 00:00:00+00:00,0.0018748044527849006
2017-08-11 00:00:00+00:00,0.0015743234333910616
2017-08-14 00:00:00+00:00,-0.001277841614587577
2017-08-15 00:00:00+00:00,8.742436519013075e-05
2017-08-16 00:00:00+00:00,0.0015189652376559892
2017-08-17 00:00:00+00:00,0.003679626842342576
2017-08-18 00:00:00+00:00,-0.0006155577016450087
2017-08-21 00:00:00+00:00,-0.000929103868028097
2017-08-22 00:00:00+00:00,0.00022320001091585828
2017-08-23 00:00:00+00:00,0.0006225619491130319
2017-08-24 00:00:00+00:00,0.0009980902356971355
2017-08-25 00:00:00+00:00,0.0008321760513821941
2017-08-28 00:00:00+00:00,3.329132173923721e-05
2017-08-29 00:00:00+00:00,-0.00030316647478220715
2017-08-30 00:00:00+00:00,-0.00028379784086893234
2017-08-31 00:00:00+00:00,-0.00015
2017-09-01 00:00:00+00:00,-0.0012805369763944805
2017-09-05 00:00:00+00:00,-0.001904677733657989
2017-09-06 00:00:00+00:00,-0.0052231938975316194
2017-09-07 00:00:00+00:00,-0.0006261498284332867
2017-09-08 00:00:00+00:00,0.0010082016230693047
2017-09-11 00:00:00+00:00,-0.0019084636171024516
2017-09-12 00:00:00+00:00,-0.0006128118243959313
2017-09-13 00:00:00+00:00,-0.0014239489313132014
2017-09-14 00:00:00+00:00,-0.0009271964911124475
2017-09-15 00:00:00+00:00,-0.0005020880993687636
2017-09-18 00:00:00+00:00,-0.0005357521761049366
2017-09-19 00:00:00+00:00,-0.0007013846052832395
2017-09-20 00:00:00+00:00,-0.001617239022817879
2017-09-21 00:00:00+00:00,0.0011556828341922343
2017-09-22 00:00:00+00:00,0.0004470982085435504
2017-09-25 00:00:00+00:00,-0.0020704219600694573
2017-09-26 00:00:00+00:00,-0.00015444035019337998
2017-09-27 00:00:00+00:00,-0.002756849800673894
2017-09-28 00:00:00+00:00,-0.0023765318302138017
2017-09-29 00:00:00+00:00,0.0007003527309006885
2017-10-02 00:00:00+00:00,0.00031868705411858267
2017-10-03 00:00:00+00:00,-0.0005378066409386928
2017-10-04 00:00:00+00:00,0.0004187218105823178
2017-10-05 00:00:00+00:00,8.216453187832613e-05
2017-10-06 00:00:00+00:00,-0.000138260610205998
2017-10-09 00:00:00+00:00,0.00016745944375856636
2017-10-10 00:00:00+00:00,-0.0011761308282546012
2017-10-11 00:00:00+00:00,-0.0002515119279072331
2017-10-12 00:00:00+00:00,0.0007996557669369408
2017-10-13 00:00:00+00:00,0.00010587359632685533
2017-10-16 00:00:00+00:00,-0.0008798324992069784
2017-10-17 00:00:00+00:00,-0.0006561743743037085
2017-10-18 00:00:00+00:00,-8.502317054276398e-05
2017-10-19 00:00:00+00:00,-0.0007371889207216653
2017-10-20 00:00:00+00:00,0.0004688948379373836
2017-10-23 00:00:00+00:00,0.0001368359874227565
2017-10-24 00:00:00+00:00,0.00038039462937514146
2017-10-25 00:00:00+00:00,0.00042286855846077054
2017-10-26 00:00:00+00:00,-0.0008836484921661281
2017-10-27 00:00:00+00:00,0.0006061360564706244
2017-10-30 00:00:00+00:00,0.0009718073736821042
2017-10-31 00:00:00+00:00,-0.0006414702419222928
2017-11-01 00:00:00+00:00,0.0009527197246931296
2017-11-02 00:00:00+00:00,-0.00039317169137653707
2017-11-03 00:00:00+00:00,-0.00048061995094828003
2017-11-06 00:00:00+00:00,0.0026562373046415955
2017-11-07 00:00:00+00:00,-0.0026079485934278335
2017-11-08 00:00:00+00:00,-0.001621091911910344
2017-11-09 00:00:00+00:00,-3.669294425939773e-05
2017-11-10 00:00:00+00:00,-0.001880350232844663
2017-11-13 00:00:00+00:00,-0.001310018281452996
2017-11-14 00:00:00+00:00,-0.0037939813797537303
2017-11-15 00:00:00+00:00,0.002955143415998618
2017-11-16 00:00:00+00:00,-0.00015
2017-11-17 00:00:00+00:00,0.0
2017-11-20 00:00:00+00:00,0.0
2017-11-21 00:00:00+00:00,0.0
2017-11-22 00:00:00+00:00,0.0
2017-11-24 00:00:00+00:00,0.0
2017-11-27 00:00:00+00:00,0.0
2017-11-28 00:00:00+00:00,0.0
2017-11-29 00:00:00+00:00,0.0
2017-11-30 00:00:00+00:00,0.0
2017-12-01 00:00:00+00:00,0.0
2017-12-04 00:00:00+00:00,0.0
2017-12-05 00:00:00+00:00,0.0
2017-12-06 00:00:00+00:00,0.0
2017-12-07 00:00:00+00:00,0.0
2017-12-08 00:00:00+00:00,0.0
2017-12-11 00:00:00+00:00,0.0
2017-12-12 00:00:00+00:00,0.0
2017-12-13 00:00:00+00:00,-0.002461219762698047
2017-12-14 00:00:00+00:00,0.00020116198097935856
2017-12-15 00:00:00+00:00,-0.0007272550139555412
2017-12-18 00:00:00+00:00,-0.000714594413149694
2017-12-19 00:00:00+00:00,0.00023518501712296858
2017-12-20 00:00:00+00:00,0.0003105081694572409
2017-12-21 00:00:00+00:00,-0.0006318258196628679
2017-12-22 00:00:00+00:00,-0.0008038281843606443
2017-12-26 00:00:00+00:00,0.00022236803695638296
2017-12-27 00:00:00+00:00,-0.0006481945679349677
2017-12-28 00:00:00+00:00,-0.0002183101782639585
2017-12-29 00:00:00+00:00,-0.000356852877454422
2018-01-02 00:00:00+00:00,-0.0012778091360742816
2018-01-03 00:00:00+00:00,-0.000722506948603846
2018-01-04 00:00:00+00:00,-0.0007110469065695346
2018-01-05 00:00:00+00:00,-0.0006866995109324758
2018-01-08 00:00:00+00:00,0.0003648010536799473
2018-01-09 00:00:00+00:00,-0.0007165913589714966
2018-01-10 00:00:00+00:00,-0.0016354825181970345
2018-01-11 00:00:00+00:00,-0.0022790780350804563
2018-01-12 00:00:00+00:00,-0.0008255495814289415
2018-01-16 00:00:00+00:00,0.001506043854395095
2018-01-17 00:00:00+00:00,0.0012173560915289539
2018-01-18 00:00:00+00:00,-0.0009450810486032468
2018-01-19 00:00:00+00:00,-0.0007330997670087379
2018-01-22 00:00:00+00:00,0.0007147308961026888
2018-01-23 00:00:00+00:00,0.0005924678289837559
2018-01-24 00:00:00+00:00,0.0007585105737771547
2018-01-25 00:00:00+00:00,5.489936131475304e-06
2018-01-26 00:00:00+00:00,0.0011185555248102164
2018-01-29 00:00:00+00:00,0.00010537200070609432
2018-01-30 00:00:00+00:00,0.0006873682964292083
2018-01-31 00:00:00+00:00,0.0008535851806945327
2018-02-01 00:00:00+00:00,0.0018280323206718574
2018-02-02 00:00:00+00:00,-0.0034030084403451344
2018-02-05 00:00:00+00:00,-0.0035530076352960904
2018-02-06 00:00:00+00:00,-0.005434883221399456
2018-02-07 00:00:00+00:00,-0.0017006732993471163
2018-02-08 00:00:00+00:00,0.0009283281758784845
2018-02-09 00:00:00+00:00,0.0012506864525858143
2018-02-12 00:00:00+00:00,0.0019332211228497431
2018-02-13 00:00:00+00:00,0.0009626321723072264
2018-02-14 00:00:00+00:00,0.0009390656920483242
2018-02-15 00:00:00+00:00,-0.00017860082494822183
2018-02-16 00:00:00+00:00,0.0003639438736357248
2018-02-20 00:00:00+00:00,-0.00024296259031827971
2018-02-21 00:00:00+00:00,-0.0004305926119085035
2018-02-22 00:00:00+00:00,0.0011747005947842894
2018-02-23 00:00:00+00:00,-0.0003541845837047308
2018-02-26 00:00:00+00:00,0.0009328926419649997
2018-02-27 00:00:00+00:00,-0.0011087331716063409
2018-02-28 00:00:00+00:00,0.0004771158993603364
2018-03-01 00:00:00+00:00,-0.00019145556913624517
2018-03-02 00:00:00+00:00,0.0009499314841738826
2018-03-05 00:00:00+00:00,0.0001262399775750879
2018-03-06 00:00:00+00:00,-0.00011116257678739361
2018-03-07 00:00:00+00:00,-0.0005418029571890859
2018-03-08 00:00:00+00:00,0.00030302087624109464
2018-03-09 00:00:00+00:00,0.0018416264127021076
2018-03-12 00:00:00+00:00,-8.356448851992715e-05
2018-03-13 00:00:00+00:00,-0.00150328455908319
2018-03-14 00:00:00+00:00,0.0004735552367438334
2018-03-15 00:00:00+00:00,0.0002974537787118316
2018-03-16 00:00:00+00:00,0.00017230930575459769
2018-03-19 00:00:00+00:00,-0.00039601644880726816
2018-03-20 00:00:00+00:00,0.00035239609080772727
2018-03-21 00:00:00+00:00,-0.0016613340799268017
2018-03-22 00:00:00+00:00,-0.00013028160983680204
2018-03-23 00:00:00+00:00,-0.0018413373258616694
2018-03-26 00:00:00+00:00,-0.0004270638253646708
2018-03-27 00:00:00+00:00,0.000573602426399783
2018-03-28 00:00:00+00:00,0.0018060779127569704
2018-03-29 00:00:00+00:00,9.941602690169415e-05
2018-04-02 00:00:00+00:00,-0.0013656026076511174
2018-04-03 00:00:00+00:00,0.0007693077802872761
2018-04-04 00:00:00+00:00,-0.0005208350671720985
2018-04-05 00:00:00+00:00,0.001252368071906873
2018-04-06 00:00:00+00:00,-0.0009833805808240337
2018-04-09 00:00:00+00:00,-0.00019280547352068522
2018-04-10 00:00:00+00:00,-0.00024321600955595768
2018-04-11 00:00:00+00:00,-0.0012524168486029996
2018-04-12 00:00:00+00:00,0.0016190284389769882
2018-04-13 00:00:00+00:00,-0.0006659922592476275
2018-04-16 00:00:00+00:00,-0.0001185006940021549
2018-04-17 00:00:00+00:00,-0.00015
2018-04-18 00:00:00+00:00,0.0
2018-04-19 00:00:00+00:00,0.0
2018-04-20 00:00:00+00:00,0.0
2018-04-23 00:00:00+00:00,0.0
2018-04-24 00:00:00+00:00,0.0
2018-04-25 00:00:00+00:00,0.0
2018-04-26 00:00:00+00:00,0.0
2018-04-27 00:00:00+00:00,0.0
2018-04-30 00:00:00+00:00,0.0
2018-05-01 00:00:00+00:00,0.0
2018-05-02 00:00:00+00:00,0.0
2018-05-03 00:00:00+00:00,0.0
2018-05-04 00:00:00+00:00,0.0
2018-05-07 00:00:00+00:00,0.0
2018-05-08 00:00:00+00:00,0.0
2018-05-09 00:00:00+00:00,0.0
2018-05-10 00:00:00+00:00,0.0
2018-05-11 00:00:00+00:00,0.0
2018-05-14 00:00:00+00:00,-3.596057024770046e-05
2018-05-15 00:00:00+00:00,-0.001259778244134313
2018-05-16 00:00:00+00:00,-0.0007227862215546665
2018-05-17 00:00:00+00:00,-0.00027256512935497357
2018-05-18 00:00:00+00:00,1.6549478643601567e-06
2018-05-21 00:00:00+00:00,-0.0002889126054836655
2018-05-22 00:00:00+00:00,-0.00034075367561994807
2018-05-23 00:00:00+00:00,0.0006713451484537392
2018-05-24 00:00:00+00:00,6.314131370971365e-05
2018-05-25 00:00:00+00:00,0.0005511829410830837
2018-05-29 00:00:00+00:00,0.0005510055356559018
2018-05-30 00:00:00+00:00,-0.0004844064399248671
2018-05-31 00:00:00+00:00,0.0002361897089531162
2018-06-01 00:00:00+00:00,-0.000630328333084601
2018-06-04 00:00:00+00:00,-0.00021310134673274694
2018-06-05 00:00:00+00:00,0.00018585768091639032
2018-06-06 00:00:00+00:00,-0.0009709161937554722
2018-06-07 00:00:00+00:00,-0.00019145111023191608
2018-06-08 00:00:00+00:00,-0.00012716419048136585
2018-06-11 00:00:00+00:00,-0.0005360341424785475
2018-06-12 00:00:00+00:00,-0.00022651371697410272
2018-06-13 00:00:00+00:00,-0.00015
2018-06-14 00:00:00+00:00,0.0
2018-06-15 00:00:00+00:00,0.0
2018-06-18 00:00:00+00:00,0.0
2018-06-19 00:00:00+00:00,0.0
2018-06-20 00:00:00+00:00,0.0
2018-06-21 00:00:00+00:00,0.0
2018-06-22 00:00:00+00:00,0.0
2018-06-25 00:00:00+00:00,0.0
2018-06-26 00:00:00+00:00,0.0
2018-06-27 00:00:00+00:00,0.0
2018-06-28 00:00:00+00:00,0.0
2018-06-29 00:00:00+00:00,0.0
2018-07-02 00:00:00+00:00,0.0
2018-07-03 00:00:00+00:00,0.0
2018-07-05 00:00:00+00:00,0.0
2018-07-06 00:00:00+00:00,0.0
2018-07-09 00:00:00+00:00,0.0
2018-07-10 00:00:00+00:00,0.0
2018-07-11 00:00:00+00:00,-0.0023592610041000047
2018-07-12 00:00:00+00:00,0.0013193865939279958
2018-07-13 00:00:00+00:00,-0.0002771818394622372
2018-07-16 00:00:00+00:00,-0.00025568253837750504
2018-07-17 00:00:00+00:00,-0.0010953707363887677
2018-07-18 00:00:00+00:00,0.0012290720443617897
2018-07-19 00:00:00+00:00,0.0009322361854352812
2018-07-20 00:00:00+00:00,0.0001829151981323721
2018-07-23 00:00:00+00:00,-0.00010421348911385242
2018-07-24 00:00:00+00:00,-0.004274724848408173
2018-07-25 00:00:00+00:00,-0.0030058722076818367
2018-07-26 00:00:00+00:00,-0.0003461031519476354
2018-07-27 00:00:00+00:00,0.003565763302193853
2018-07-30 00:00:00+00:00,0.0017004564953217727
2018-07-31 00:00:00+00:00,-0.0020977197508005307
2018-08-01 00:00:00+00:00,0.0024946108507085396
2018-08-02 00:00:00+00:00,0.001505810170508881
2018-08-03 00:00:00+00:00,-0.001364469177456501
2018-08-06 00:00:00+00:00,0.0014653855709437502
2018-08-07 00:00:00+00:00,-0.0046263461765162495
2018-08-08 00:00:00+00:00,-0.0010943380109658006
2018-08-09 00:00:00+00:00,-5.0846574619289875e-05
2018-08-10 00:00:00+00:00,0.002314694292985209
2018-08-13 00:00:00+00:00,0.0014788121846701363
2018-08-14 00:00:00+00:00,-0.0002153734621303527
2018-08-15 00:00:00+00:00,0.0018774833560920023
2018-08-16 00:00:00+00:00,-0.003587735848405743
2018-08-17 00:00:00+00:00,-0.001170116929038123
2018-08-20 00:00:00+00:00,0.0008487598335908397
2018-08-21 00:00:00+00:00,0.0012026254249673353
2018-08-22 00:00:00+00:00,0.0018757143137147604
2018-08-23 00:00:00+00:00,-0.0007945791245442422
2018-08-24 00:00:00+00:00,-1.2172998160420168e-05
2018-08-27 00:00:00+00:00,-5.2738219087300475e-05
2018-08-28 00:00:00+00:00,0.0002872926808866194
2018-08-29 00:00:00+00:00,0.0005935475812970381
2018-08-30 00:00:00+00:00,-0.0013783651736592349
2018-08-31 00:00:00+00:00,-0.0009639175896789696
2018-09-04 00:00:00+00:00,0.0013027541305992985
2018-09-05 00:00:00+00:00,0.0012054968589824966
2018-09-06 00:00:00+00:00,0.0009771198424657068
2018-09-07 00:00:00+00:00,0.0014110317525690141
2018-09-10 00:00:00+00:00,0.0015007015350885613
2018-09-11 00:00:00+00:00,-0.00025888765307233164
2018-09-12 00:00:00+00:00,0.0012736815079052444
2018-09-13 00:00:00+00:00,0.0009060066190386797
2018-09-14 00:00:00+00:00,0.0007136890424626618
2018-09-17 00:00:00+00:00,-0.0005464963144591328
2018-09-18 00:00:00+00:00,-0.0001723758105968698
2018-09-19 00:00:00+00:00,-0.00045437055003128
2018-09-20 00:00:00+00:00,0.001042539517127683
2018-09-21 00:00:00+00:00,-0.00032636030333074717
2018-09-24 00:00:00+00:00,-0.002208417576601729
2018-09-25 00:00:00+00:00,0.0001652077859100598
2018-09-26 00:00:00+00:00,0.002293249326139807
2018-09-27 00:00:00+00:00,0.00022008218208083297
2018-09-28 00:00:00+00:00,0.0018411010571425523
2018-10-01 00:00:00+00:00,-0.002132788084096171
2018-10-02 00:00:00+00:00,0.0001767673845994855
2018-10-03 00:00:00+00:00,-0.001341173884557345
2018-10-04 00:00:00+00:00,0.0023254115359114813
2018-10-05 00:00:00+00:00,0.0009574043722331282
2018-10-08 00:00:00+00:00,-0.00223077839683708
2018-10-09 00:00:00+00:00,-0.0012301486487200086
2018-10-10 00:00:00+00:00,0.0029791533175282103
2018-10-11 00:00:00+00:00,0.004685972242872344
2018-10-12 00:00:00+00:00,0.0002724513502330274
2018-10-15 00:00:00+00:00,0.001325936786778387
2018-10-16 00:00:00+00:00,-0.0010994392311992895
2018-10-17 00:00:00+00:00,-0.00027538796177178915
2018-10-18 00:00:00+00:00,-4.182514093103995e-05
2018-10-19 00:00:00+00:00,0.00044817999138324627
2018-10-22 00:00:00+00:00,0.0013051179472350072
2018-10-23 00:00:00+00:00,0.0029413977448840833
2018-10-24 00:00:00+00:00,0.005883235148753552
2018-10-25 00:00:00+00:00,0.00024166795522588284
2018-10-26 00:00:00+00:00,-0.0001908066398726982
2018-10-29 00:00:00+00:00,0.0013659795045352086
2018-10-30 00:00:00+00:00,0.000887991453812853
2018-10-31 00:00:00+00:00,-2.7003292279725866e-06
2018-11-01 00:00:00+00:00,0.00037218274946704266
2018-11-02 00:00:00+00:00,-1.845064768463134e-05
2018-11-05 00:00:00+00:00,-0.00032105001685722723
2018-11-06 00:00:00+00:00,0.0007444716817339714
2018-11-07 00:00:00+00:00,0.00073116469118506
2018-11-08 00:00:00+00:00,-0.000439306856965682
2018-11-09 00:00:00+00:00,1.5619118009763122e-05
2018-11-12 00:00:00+00:00,0.0015735535117012422
2018-11-13 00:00:00+00:00,-0.00019589550932841426
2018-11-14 00:00:00+00:00,-0.0016229717651389253
2018-11-15 00:00:00+00:00,8.927465728006401e-05
2018-11-16 00:00:00+00:00,-2.1134949507201073e-05
2018-11-19 00:00:00+00:00,-0.0009381744433406003
2018-11-20 00:00:00+00:00,0.0003082147053376505
2018-11-21 00:00:00+00:00,-0.0018370242406021142
2018-11-23 00:00:00+00:00,0.0022767910025810467
2018-11-26 00:00:00+00:00,-0.0004875120769119723
2018-11-27 00:00:00+00:00,0.0006561325931571495
2018-11-28 00:00:00+00:00,-0.0011538548477775246
2018-11-29 00:00:00+00:00,-0.0006714179400817977
2018-11-30 00:00:00+00:00,-5.397725555522648e-06
2018-12-03 00:00:00+00:00,0.0011793557703156932
2018-12-04 00:00:00+00:00,0.0009478641278603539
2018-12-06 00:00:00+00:00,-0.0004705057287672232
2018-12-07 00:00:00+00:00,0.00036494609110199194
2018-12-10 00:00:00+00:00,-2.596658623593706e-05
2018-12-11 00:00:00+00:00,-0.0004545418485231434
2018-12-12 00:00:00+00:00,-0.00047477987500255114
2018-12-13 00:00:00+00:00,-0.0008491085252833597
2018-12-14 00:00:00+00:00,0.004406197317818605
2018-12-17 00:00:00+00:00,-0.0013119927532246611
2018-12-18 00:00:00+00:00,-0.001450251902611016
2018-12-19 00:00:00+00:00,-0.00016550312202120998
2018-12-20 00:00:00+00:00,-0.003256008261735277
2018-12-21 00:00:00+00:00,0.0006190671436593076
2018-12-24 00:00:00+00:00,-0.0022815120287317135
2018-12-26 00:00:00+00:00,-0.0006315381971434553
2018-12-27 00:00:00+00:00,-0.0014966933812958771
2018-12-28 00:00:00+00:00,-0.0007475350556251925
2018-12-31 00:00:00+00:00,-0.00011778228921072165
2019-01-02 00:00:00+00:00,0.0006282911765375099
2019-01-03 00:00:00+00:00,0.00046944131871468064
2019-01-04 00:00:00+00:00,0.0019280549263371305
2019-01-07 00:00:00+00:00,-0.0010184866498524348
2019-01-08 00:00:00+00:00,0.0014452650641507692
2019-01-09 00:00:00+00:00,-0.0010877900062562507
2019-01-10 00:00:00+00:00,-0.0008226347032480041
2019-01-11 00:00:00+00:00,0.0004881584065153932
2019-01-14 00:00:00+00:00,0.0007988740535934125
2019-01-15 00:00:00+00:00,-0.0004018690913600298
2019-01-16 00:00:00+00:00,0.0007944114417171022
2019-01-17 00:00:00+00:00,0.00014233988861250824
2019-01-18 00:00:00+00:00,-0.0014496795196122514
2019-01-22 00:00:00+00:00,0.000610425436570361
2019-01-23 00:00:00+00:00,0.0002000510334160266
2019-01-24 00:00:00+00:00,-0.0024400147928446136
2019-01-25 00:00:00+00:00,0.000854722866632518
2019-01-28 00:00:00+00:00,0.0006294920654939919
2019-01-29 00:00:00+00:00,0.0011248054112780737
2019-01-30 00:00:00+00:00,-0.0005495351817248195
2019-01-31 00:00:00+00:00,-0.0005160256470284619
2019-02-01 00:00:00+00:00,0.0004379427037857044
2019-02-04 00:00:00+00:00,-0.00035076972011413576
2019-02-05 00:00:00+00:00,0.00044285580297037663
2019-02-06 00:00:00+00:00,0.00040082205680963545
2019-02-07 00:00:00+00:00,-0.0003174613034609697
2019-02-08 00:00:00+00:00,0.00010051673633793001
2019-02-11 00:00:00+00:00,0.00010625943621989098
2019-02-12 00:00:00+00:00,0.0002236918354623918
2019-02-13 00:00:00+00:00,0.0004770960969168181
2019-02-14 00:00:00+00:00,0.0003378352479075364
2019-02-15 00:00:00+00:00,-0.0004350232768967621
2019-02-19 00:00:00+00:00,0.0006545655030667508
2019-02-20 00:00:00+00:00,-0.0006097163543923867
2019-02-21 00:00:00+00:00,0.00018835478363410374
2019-02-22 00:00:00+00:00,-0.0003972004006423113
2019-02-25 00:00:00+00:00,0.0002277349464027134
2019-02-26 00:00:00+00:00,-6.600796415298649e-05
2019-02-27 00:00:00+00:00,0.00043131169860982643
2019-02-28 00:00:00+00:00,-0.00045026134594324235
2019-03-01 00:00:00+00:00,0.0012014222056113133
2019-03-04 00:00:00+00:00,-0.0009406471567929287
2019-03-05 00:00:00+00:00,-0.00013619008247867104
2019-03-06 00:00:00+00:00,0.0012703607708510756
2019-03-07 00:00:00+00:00,0.0005976491943461282
2019-03-08 00:00:00+00:00,3.6520381621163445e-05
2019-03-11 00:00:00+00:00,-0.004578193829818361
2019-03-12 00:00:00+00:00,0.00032432100295138894
2019-03-13 00:00:00+00:00,-0.000637305042032632
2019-03-14 00:00:00+00:00,-0.00022682342612889705
2019-03-15 00:00:00+00:00,0.0016497697036552128
2019-03-18 00:00:00+00:00,0.0005684197045871531
2019-03-19 00:00:00+00:00,-0.00010577349696966332
2019-03-20 00:00:00+00:00,0.0002512445785184947
2019-03-21 00:00:00+00:00,0.0006884875454045425
2019-03-22 00:00:00+00:00,-0.0011021650516965242
2019-03-25 00:00:00+00:00,-0.0003596577977610371
2019-03-26 00:00:00+00:00,-0.0020854289459127373
2019-03-27 00:00:00+00:00,7.394165576521394e-05
2019-03-28 00:00:00+00:00,0.00010992130475845352
2019-03-29 00:00:00+00:00,-0.0009682865489000214
2019-04-01 00:00:00+00:00,0.0004319426847023411
2019-04-02 00:00:00+00:00,0.0005750443678685935
2019-04-03 00:00:00+00:00,0.00175032347801371
2019-04-04 00:00:00+00:00,-0.004022338223652699
2019-04-05 00:00:00+00:00,-7.966795987851549e-05
2019-04-08 00:00:00+00:00,-0.0008103069494161952
2019-04-09 00:00:00+00:00,-2.1497116238722302e-05
2019-04-10 00:00:00+00:00,0.0011555563873424657
2019-04-11 00:00:00+00:00,-0.0004659724002838315
2019-04-12 00:00:00+00:00,-0.004249085979463013
2019-04-15 00:00:00+00:00,-0.000914132431015513
2019-04-16 00:00:00+00:00,0.0010480068620966343
2019-04-17 00:00:00+00:00,-0.0038961430661406116
2019-04-18 00:00:00+00:00,-0.0009248718064843175
2019-04-22 00:00:00+00:00,-0.000393022465777243
2019-04-23 00:00:00+00:00,-0.004212370523304032
2019-04-24 00:00:00+00:00,0.00015050922749670903
2019-04-25 00:00:00+00:00,-0.00016579042765982321
2019-04-26 00:00:00+00:00,-0.000600756757510007
2019-04-29 00:00:00+00:00,0.0002124033746962739
2019-04-30 00:00:00+00:00,-0.002461904702909373
2019-05-01 00:00:00+00:00,0.0014916527789002876
2019-05-02 00:00:00+00:00,0.0016225934980087899
2019-05-03 00:00:00+00:00,-0.0003625413735444116
2019-05-06 00:00:00+00:00,-1.2780267792805722e-05
2019-05-07 00:00:00+00:00,0.0015261717565576982
2019-05-08 00:00:00+00:00,0.0002982952181096732
2019-05-09 00:00:00+00:00,0.0020296396047790877
2019-05-10 00:00:00+00:00,-0.0021749782064231504
2019-05-13 00:00:00+00:00,-0.002330902279442104
2019-05-14 00:00:00+00:00,-0.003742202407236467
2019-05-15 00:00:00+00:00,-0.0013723447881780204
2019-05-16 00:00:00+00:00,-0.0016335996161796484
2019-05-17 00:00:00+00:00,0.0018556704810071658
2019-05-20 00:00:00+00:00,0.001716267014677364
2019-05-21 00:00:00+00:00,0.0011898017479723966
2019-05-22 00:00:00+00:00,-0.0043536542478049
2019-05-23 00:00:00+00:00,-0.0012896666054111883
2019-05-24 00:00:00+00:00,0.0005717474131186617
2019-05-28 00:00:00+00:00,-0.0006395041542635758
2019-05-29 00:00:00+00:00,0.00029716367879795147
2019-05-30 00:00:00+00:00,-0.0007156151164773306
2019-05-31 00:00:00+00:00,-0.0020794324833187106
2019-06-03 00:00:00+00:00,-0.0013890813341479458
2019-06-04 00:00:00+00:00,4.4642736035882535e-05
2019-06-05 00:00:00+00:00,-0.0005132636248798561
2019-06-06 00:00:00+00:00,-0.00041028373944862473
2019-06-07 00:00:00+00:00,-0.0004071170949954128
2019-06-10 00:00:00+00:00,0.0006358933966651437
2019-06-11 00:00:00+00:00,0.0003566796177899567
2019-06-12 00:00:00+00:00,-0.00015
2019-06-13 00:00:00+00:00,-0.0008986813456948904
2019-06-14 00:00:00+00:00,-0.00011412090166185163
2019-06-17 00:00:00+00:00,9.444841071870602e-05
2019-06-18 00:00:00+00:00,-0.0005676044360160004
2019-06-19 00:00:00+00:00,-0.0008979373358420917
2019-06-20 00:00:00+00:00,-0.003243179164364468
2019-06-21 00:00:00+00:00,-0.0019371831661336436
2019-06-24 00:00:00+00:00,-0.0009747816504228788
2019-06-25 00:00:00+00:00,-0.0011907332764268972
2019-06-26 00:00:00+00:00,0.0004587370885380084
2019-06-27 00:00:00+00:00,0.00010933276048312194
2019-06-28 00:00:00+00:00,-0.0016461468065213257
2019-07-01 00:00:00+00:00,0.005073447522200636
2019-07-02 00:00:00+00:00,-0.0033064931805612706
2019-07-03 00:00:00+00:00,-0.0008635902585999887
2019-07-05 00:00:00+00:00,0.0018340724717561653
2019-07-08 00:00:00+00:00,0.0003526785163330548
2019-07-09 00:00:00+00:00,-0.0022807473559627754
2019-07-10 00:00:00+00:00,-0.0033121752117042935
2019-07-11 00:00:00+00:00,0.002164745723540168
2019-07-12 00:00:00+00:00,0.000710946739229168
2019-07-15 00:00:00+00:00,0.0010161231159860618
2019-07-16 00:00:00+00:00,0.0031311973102094437
2019-07-17 00:00:00+00:00,0.0004158388481480535
2019-07-18 00:00:00+00:00,0.0002666609367932282
2019-07-19 00:00:00+00:00,0.0030101200380301674
2019-07-22 00:00:00+00:00,-0.0009339025116999354
2019-07-23 00:00:00+00:00,0.008943854083380276
2019-07-24 00:00:00+00:00,-0.00014749796208837762
2019-07-25 00:00:00+00:00,-0.0004152360352911999
2019-07-26 00:00:00+00:00,-0.0003539813296404293
2019-07-29 00:00:00+00:00,-0.0008608609642143106
2019-07-30 00:00:00+00:00,-0.0003667556698775387
2019-07-31 00:00:00+00:00,0.0013214693464428662
2019-08-01 00:00:00+00:00,0.002652911793536661
2019-08-02 00:00:00+00:00,0.002131466091361928
2019-08-05 00:00:00+00:00,0.0031161847528773214
2019-08-06 00:00:00+00:00,-0.002641019309085407
2019-08-07 00:00:00+00:00,-0.0012462216434812323
2019-08-08 00:00:00+00:00,-0.0019455497683210088
2019-08-09 00:00:00+00:00,0.002907242481445471
2019-08-12 00:00:00+00:00,0.0012769710976706372
2019-08-13 00:00:00+00:00,-0.0026085472523107722
2019-08-14 00:00:00+00:00,0.005181150070661111
2019-08-15 00:00:00+00:00,0.0013131030866531113
2019-08-16 00:00:00+00:00,-0.0026112179128304934
2019-08-19 00:00:00+00:00,-0.0015768130755003384
2019-08-20 00:00:00+00:00,-0.002443971653521798
2019-08-21 00:00:00+00:00,-0.00020214806295451582
2019-08-22 00:00:00+00:00,0.000815970914044506
2019-08-23 00:00:00+00:00,0.0003384338400311826
2019-08-26 00:00:00+00:00,-0.003161478285145597
2019-08-27 00:00:00+00:00,-0.003265384178506553
2019-08-28 00:00:00+00:00,-0.0009912916950198247
2019-08-29 00:00:00+00:00,-0.0011803915067730153
2019-08-30 00:00:00+00:00,-0.0016376576621912886
2019-09-03 00:00:00+00:00,-0.003530500439641482
2019-09-04 00:00:00+00:00,-0.0028995322532195666
2019-09-05 00:00:00+00:00,0.0035559968471929326
2019-09-06 00:00:00+00:00,0.0011100287955786992
2019-09-09 00:00:00+00:00,-0.00060831762395408
2019-09-10 00:00:00+00:00,-0.0009783256671549723
2019-09-11 00:00:00+00:00,0.000368856247594751
2019-09-12 00:00:00+00:00,0.00015968866506591017
2019-09-13 00:00:00+00:00,0.0028469555484856857
2019-09-16 00:00:00+00:00,-0.0006915660698584847
2019-09-17 00:00:00+00:00,-0.0006621711559610275
2019-09-18 00:00:00+00:00,-0.00015
2019-09-19 00:00:00+00:00,0.0
2019-09-20 00:00:00+00:00,0.0
2019-09-23 00:00:00+00:00,0.0
2019-09-24 00:00:00+00:00,0.0
2019-09-25 00:00:00+00:00,0.0
2019-09-26 00:00:00+00:00,0.0
2019-09-27 00:00:00+00:00,0.0
2019-09-30 00:00:00+00:00,0.0
2019-10-01 00:00:00+00:00,0.0
2019-10-02 00:00:00+00:00,0.0004586475309251827
2019-10-03 00:00:00+00:00,-0.00075405803465034
2019-10-04 00:00:00+00:00,-0.00022459585893908063
2019-10-07 00:00:00+00:00,0.00014375467366037342
2019-10-08 00:00:00+00:00,-0.0003886424549718881
2019-10-09 00:00:00+00:00,0.00017170611933567392
2019-10-10 00:00:00+00:00,-0.0001407804715531924
2019-10-11 00:00:00+00:00,-0.00022201681756611746
2019-10-14 00:00:00+00:00,0.0005077803607621556
2019-10-15 00:00:00+00:00,-0.0009917107409246895
2019-10-16 00:00:00+00:00,-0.00036652226627831297
2019-10-17 00:00:00+00:00,0.00041257493900112574
2019-10-18 00:00:00+00:00,-0.0003165516042055727
2019-10-21 00:00:00+00:00,1.5613968004424272e-05
2019-10-22 00:00:00+00:00,-0.0001407420662271619
2019-10-23 00:00:00+00:00,-0.0006559072635152763
2019-10-24 00:00:00+00:00,0.0002311207952230554
2019-10-25 00:00:00+00:00,-0.0009205283210009961
2019-10-28 00:00:00+00:00,-0.0014274909273570835
2019-10-29 00:00:00+00:00,0.00010348017337152848
2019-10-30 00:00:00+00:00,0.0006952887665651053
2019-10-31 00:00:00+00:00,0.0007168354592670956
2019-11-01 00:00:00+00:00,0.004340882525352319
2019-11-04 00:00:00+00:00,-0.0009489251120011755
2019-11-05 00:00:00+00:00,0.0024534934972407774
2019-11-06 00:00:00+00:00,5.492919524369144e-06
2019-11-07 00:00:00+00:00,1.42375870257061e-05
2019-11-08 00:00:00+00:00,-0.000734435924871879
2019-11-11 00:00:00+00:00,-0.0010384193759403748
2019-11-12 00:00:00+00:00,-0.0015146030111468922
2019-11-13 00:00:00+00:00,-0.0033285756156458844
2019-11-14 00:00:00+00:00,-0.0007340678631451991
2019-11-15 00:00:00+00:00,0.0016246650877760893
2019-11-18 00:00:00+00:00,0.0003067333539792938
2019-11-19 00:00:00+00:00,0.001375573523469037
2019-11-20 00:00:00+00:00,-0.0016689776832789494
2019-11-21 00:00:00+00:00,0.0020064098389190876
2019-11-22 00:00:00+00:00,-0.0004262039609383428
2019-11-25 00:00:00+00:00,-0.0011954844781089102
2019-11-26 00:00:00+00:00,-0.00034800387226952
2019-11-27 00:00:00+00:00,-0.00039668844557122496
2019-11-29 00:00:00+00:00,0.0005359024439546001
2019-12-02 00:00:00+00:00,-0.00014286140216163146
2019-12-03 00:00:00+00:00,-0.00025615200542589145
2019-12-04 00:00:00+00:00,-0.0001868008918980979
2019-12-05 00:00:00+00:00,0.0006104252723836967
2019-12-06 00:00:00+00:00,-0.0001682663747581692
2019-12-09 00:00:00+00:00,0.0007552525681643442
2019-12-10 00:00:00+00:00,0.00032044201913705717
2019-12-11 00:00:00+00:00,-1.0481290553254752e-06
2019-12-12 00:00:00+00:00,-0.0005175038943249777
2019-12-13 00:00:00+00:00,-0.00034519655306486374
2019-12-16 00:00:00+00:00,-0.00015
2019-12-17 00:00:00+00:00,0.0
2019-12-18 00:00:00+00:00,0.0
2019-12-19 00:00:00+00:00,0.0
2019-12-20 00:00:00+00:00,0.0
2019-12-23 00:00:00+00:00,0.0
2019-12-24 00:00:00+00:00,0.0
2019-12-26 00:00:00+00:00,0.0
2019-12-27 00:00:00+00:00,0.0
2019-12-30 00:00:00+00:00,0.0
2019-12-31 00:00:00+00:00,0.0
2020-01-02 00:00:00+00:00,0.0
2020-01-03 00:00:00+00:00,0.0
2020-01-06 00:00:00+00:00,0.0
2020-01-07 00:00:00+00:00,0.0
2020-01-08 00:00:00+00:00,0.0
2020-01-09 00:00:00+00:00,0.0
2020-01-10 00:00:00+00:00,0.0
2020-01-13 00:00:00+00:00,0.0
2020-01-14 00:00:00+00:00,0.0006404220481722013
2020-01-15 00:00:00+00:00,4.548472687471161e-05
2020-01-16 00:00:00+00:00,0.001278464524580386
2020-01-17 00:00:00+00:00,-0.0007548978372146076
2020-01-21 00:00:00+00:00,-0.00022631370398695783
2020-01-22 00:00:00+00:00,0.00040767527752735844
2020-01-23 00:00:00+00:00,0.0010738168946516635
2020-01-24 00:00:00+00:00,-0.0002574194836469923
2020-01-27 00:00:00+00:00,0.0019289952927632747
2020-01-28 00:00:00+00:00,0.0009233321434538866
2020-01-29 00:00:00+00:00,0.00040497511882955917
2020-01-30 00:00:00+00:00,-0.00040236746625410547
2020-01-31 00:00:00+00:00,0.0012716505548429347
2020-02-03 00:00:00+00:00,0.0019166263153384102
2020-02-04 00:00:00+00:00,0.0022383715250979264
2020-02-05 00:00:00+00:00,-0.0028832804759856834
2020-02-06 00:00:00+00:00,0.0010980725450645823
2020-02-07 00:00:00+00:00,-0.00033177713667276176
2020-02-10 00:00:00+00:00,0.0031362509729803423
2020-02-11 00:00:00+00:00,-0.0008472150270841415
2020-02-12 00:00:00+00:00,-0.0014877402969555751
2020-02-13 00:00:00+00:00,0.0003433556434616347
2020-02-14 00:00:00+00:00,0.00021109376722802664
2020-02-18 00:00:00+00:00,0.000633582417458256
2020-02-19 00:00:00+00:00,0.0003660159229900541
2020-02-20 00:00:00+00:00,0.002318767926172499
2020-02-21 00:00:00+00:00,0.0023100577888191254
2020-02-24 00:00:00+00:00,0.004651724005002855
2020-02-25 00:00:00+00:00,0.0010691910221964918
2020-02-26 00:00:00+00:00,0.00023801992444116848
2020-02-27 00:00:00+00:00,0.00010624851891087323
2020-02-28 00:00:00+00:00,0.005365945175674608
2020-03-02 00:00:00+00:00,-0.0003257040619869811
2020-03-03 00:00:00+00:00,0.0038285379080100768
2020-03-04 00:00:00+00:00,-0.003476522316629871
2020-03-05 00:00:00+00:00,0.0034063650607132345
2020-03-06 00:00:00+00:00,-0.0012307042920790988
2020-03-09 00:00:00+00:00,0.012466445325558777
2020-03-10 00:00:00+00:00,-0.006841432160449384
2020-03-11 00:00:00+00:00,0.0017645642304208176
2020-03-12 00:00:00+00:00,0.005419069974739688
2020-03-13 00:00:00+00:00,-0.021596099795713752
2020-03-16 00:00:00+00:00,0.016643115178794504
2020-03-17 00:00:00+00:00,0.0015060853323158154
2020-03-18 00:00:00+00:00,0.02384346470855242
2020-03-19 00:00:00+00:00,0.0028788358038450423
2020-03-20 00:00:00+00:00,-0.012846811416711068
2020-03-23 00:00:00+00:00,-0.0008824011068796489
2020-03-24 00:00:00+00:00,-0.02461981623625653
2020-03-25 00:00:00+00:00,0.004099427620304186
2020-03-26 00:00:00+00:00,-0.0118805486076769
2020-03-27 00:00:00+00:00,0.009148080359469762
2020-03-30 00:00:00+00:00,-0.005726786225434044
2020-03-31 00:00:00+00:00,0.00812459449350153
2020-04-01 00:00:00+00:00,0.0035557042825647978
2020-04-02 00:00:00+00:00,-0.009673924314816756
2020-04-03 00:00:00+00:00,-0.002879191565671374
2020-04-06 00:00:00+00:00,-0.012505308097175427
2020-04-07 00:00:00+00:00,0.0026561434758177738
2020-04-08 00:00:00+00:00,0.001132500094687905
2020-04-09 00:00:00+00:00,-0.005825062481530696
2020-04-13 00:00:00+00:00,-0.006163853611340975
2020-04-14 00:00:00+00:00,-0.002446731154750831
2020-04-15 00:00:00+00:00,-0.0005835778916170875
2020-04-16 00:00:00+00:00,0.0005173044454160058
2020-04-17 00:00:00+00:00,0.004677591634050321
2020-04-20 00:00:00+00:00,-0.0015963068325109964
2020-04-21 00:00:00+00:00,0.0018238747825861214
2020-04-22 00:00:00+00:00,-0.004850527835907337
2020-04-23 00:00:00+00:00,-0.0024654840733191463
2020-04-24 00:00:00+00:00,0.0009964069108504836
2020-04-27 00:00:00+00:00,0.0015354210426681003
2020-04-28 00:00:00+00:00,-0.00015
2020-04-29 00:00:00+00:00,0.0
2020-04-30 00:00:00+00:00,0.0
2020-05-01 00:00:00+00:00,0.0
2020-05-04 00:00:00+00:00,0.0
2020-05-05 00:00:00+00:00,0.0
2020-05-06 00:00:00+00:00,0.0
2020-05-07 00:00:00+00:00,0.0
2020-05-08 00:00:00+00:00,0.0
2020-05-11 00:00:00+00:00,0.0
2020-05-12 00:00:00+00:00,0.0
2020-05-13 00:00:00+00:00,0.0
2020-05-14 00:00:00+00:00,0.0
2020-05-15 00:00:00+00:00,0.0
2020-05-18 00:00:00+00:00,0.0
2020-05-19 00:00:00+00:00,0.0
2020-05-20 00:00:00+00:00,0.0
2020-05-21 00:00:00+00:00,0.0
2020-05-22 00:00:00+00:00,0.0
2020-05-26 00:00:00+00:00,0.0
2020-05-27 00:00:00+00:00,0.0
2020-05-28 00:00:00+00:00,0.0
2020-05-29 00:00:00+00:00,0.0
2020-06-01 00:00:00+00:00,0.0
2020-06-02 00:00:00+00:00,0.0
2020-06-03 00:00:00+00:00,0.0
2020-06-04 00:00:00+00:00,0.0
2020-06-05 00:00:00+00:00,0.0
2020-06-08 00:00:00+00:00,0.0
2020-06-09 00:00:00+00:00,0.0
2020-06-10 00:00:00+00:00,0.0
2020-06-11 00:00:00+00:00,0.0
2020-06-12 00:00:00+00:00,0.0
2020-06-15 00:00:00+00:00,0.0
2020-06-16 00:00:00+00:00,0.0
2020-06-17 00:00:00+00:00,0.0
2020-06-18 00:00:00+00:00,0.0
2020-06-19 00:00:00+00:00,0.0
2020-06-22 00:00:00+00:00,0.0
2020-06-23 00:00:00+00:00,0.0
2020-06-24 00:00:00+00:00,0.0
2020-06-25 00:00:00+00:00,0.0
2020-06-26 00:00:00+00:00,0.0008581534311297547
2020-06-29 00:00:00+00:00,0.00010451366190905587
2020-06-30 00:00:00+00:00,0.0017550592881283968
2020-07-01 00:00:00+00:00,-0.0005144586866850653
2020-07-02 00:00:00+00:00,0.0006858856155444459
2020-07-06 00:00:00+00:00,0.0003787490221514034
2020-07-07 00:00:00+00:00,0.001195258992898962
2020-07-08 00:00:00+00:00,0.0008627294345106284
2020-07-09 00:00:00+00:00,-0.0008978924400633304
2020-07-10 00:00:00+00:00,-0.0004949026069756279
2020-07-13 00:00:00+00:00,-1.5124331958621222e-05
2020-07-14 00:00:00+00:00,0.0001712822778985601
2020-07-15 00:00:00+00:00,-0.004202367379148697
2020-07-16 00:00:00+00:00,-8.925030763373698e-05
2020-07-17 00:00:00+00:00,0.0008839414316179073
2020-07-20 00:00:00+00:00,-0.0003281410230628057
2020-07-21 00:00:00+00:00,0.001277345308300204
2020-07-22 00:00:00+00:00,-8.453932613863846e-05
2020-07-23 00:00:00+00:00,0.003990380197372911
2020-07-24 00:00:00+00:00,-0.0006942387009028494
2020-07-27 00:00:00+00:00,0.0008787290735119413
2020-07-28 00:00:00+00:00,0.0010428809858247234
2020-07-29 00:00:00+00:00,0.0027876692044463136
2020-07-30 00:00:00+00:00,0.002339956937505161
2020-07-31 00:00:00+00:00,-0.003563721242268586
2020-08-03 00:00:00+00:00,0.002052780353843847
2020-08-04 00:00:00+00:00,-0.0016535238500955673
2020-08-05 00:00:00+00:00,-0.0029746145891242914
2020-08-06 00:00:00+00:00,-0.0021252704898245267
2020-08-07 00:00:00+00:00,-0.0016488504150969918
2020-08-10 00:00:00+00:00,2.529383846956463e-05
2020-08-11 00:00:00+00:00,-0.002864798669985902
2020-08-12 00:00:00+00:00,0.0008892636670828459
2020-08-13 00:00:00+00:00,0.0024448897665683257
2020-08-14 00:00:00+00:00,-0.0005822884189407851
2020-08-17 00:00:00+00:00,0.0032787657845803897
2020-08-18 00:00:00+00:00,-0.002087695655573707
2020-08-19 00:00:00+00:00,0.0016580990365372694
2020-08-20 00:00:00+00:00,0.00035563883039516075
2020-08-21 00:00:00+00:00,0.001398642455054111
2020-08-24 00:00:00+00:00,-0.0015204709126862724
2020-08-25 00:00:00+00:00,0.002873033241673412
2020-08-26 00:00:00+00:00,0.0013903641058766458
2020-08-27 00:00:00+00:00,0.0008499943227823215
2020-08-28 00:00:00+00:00,-0.0061790364850514146
2020-08-31 00:00:00+00:00,0.00139435873642052
2020-09-01 00:00:00+00:00,0.001254290756368015
2020-09-02 00:00:00+00:00,-0.0018321799158118601
2020-09-03 00:00:00+00:00,-0.0011686527112319545
2020-09-04 00:00:00+00:00,-0.0023633157552920836
2020-09-08 00:00:00+00:00,-2.3055733044591298e-05
2020-09-09 00:00:00+00:00,0.00263228663428422
2020-09-10 00:00:00+00:00,-0.0018434006732638173
2020-09-11 00:00:00+00:00,-0.0013939088832983226
2020-09-14 00:00:00+00:00,0.0006236633677473291
2020-09-15 00:00:00+00:00,-0.001214271962345581
2020-09-16 00:00:00+00:00,0.0011837225315940282
2020-09-17 00:00:00+00:00,-0.001795868406936657
2020-09-18 00:00:00+00:00,-0.0016509087262732425
2020-09-21 00:00:00+00:00,0.0027930712431411264
2020-09-22 00:00:00+00:00,-0.0007992265250245656
2020-09-23 00:00:00+00:00,0.0013419531830541733
2020-09-24 00:00:00+00:00,-0.0009701947256592902
2020-09-25 00:00:00+00:00,0.0019478264582636741
2020-09-28 00:00:00+00:00,-0.0025676260969194342
2020-09-29 00:00:00+00:00,-4.7574329580440944e-05
2020-09-30 00:00:00+00:00,-0.0006685011063180257
2020-10-01 00:00:00+00:00,-0.00084209691320003
2020-10-02 00:00:00+00:00,-0.002030443000692689
2020-10-05 00:00:00+00:00,-0.0006515572681068116
2020-10-06 00:00:00+00:00,0.0002874349085603689
2020-10-07 00:00:00+00:00,-0.002291518417809696
2020-10-08 00:00:00+00:00,0.0028277600885697196
2020-10-09 00:00:00+00:00,0.000627105134557937
2020-10-12 00:00:00+00:00,-0.0009288282849041485
2020-10-13 00:00:00+00:00,0.0010730098109271724
2020-10-14 00:00:00+00:00,0.0008973786854494792
2020-10-15 00:00:00+00:00,0.00013008290946217582
2020-10-16 00:00:00+00:00,0.0003779405886606413
2020-10-19 00:00:00+00:00,0.0011554530925310114
2020-10-20 00:00:00+00:00,-0.000441581558138171
2020-10-21 00:00:00+00:00,0.0003028438905756381
2020-10-22 00:00:00+00:00,0.0006015028971524785
2020-10-23 00:00:00+00:00,-0.0006664831536451199
2020-10-26 00:00:00+00:00,0.0004811262605355915
2020-10-27 00:00:00+00:00,0.0010297719089158441
2020-10-28 00:00:00+00:00,0.001014938783508501
2020-10-29 00:00:00+00:00,0.0009530895959287689
2020-10-30 00:00:00+00:00,-0.002850650518618758
2020-11-02 00:00:00+00:00,0.00034219531593918107
2020-11-03 00:00:00+00:00,-0.0023412419256784445
2020-11-04 00:00:00+00:00,-8.990358914565122e-05
2020-11-05 00:00:00+00:00,-0.002157227194146738
2020-11-06 00:00:00+00:00,-0.00043727609195516864
2020-11-09 00:00:00+00:00,-0.0033443970864864836
2020-11-10 00:00:00+00:00,0.0014114256126291913
2020-11-11 00:00:00+00:00,-0.0010032027898539964
2020-11-12 00:00:00+00:00,0.0006560908763784401
2020-11-13 00:00:00+00:00,-0.0011582293905514907
2020-11-16 00:00:00+00:00,7.626584359310407e-05
2020-11-17 00:00:00+00:00,0.0003134953911483329
2020-11-18 00:00:00+00:00,-0.0004923089683471771
2020-11-19 00:00:00+00:00,-0.000532517841834057
2020-11-20 00:00:00+00:00,0.0002837427519892244
2020-11-23 00:00:00+00:00,0.0007037972023349326
2020-11-24 00:00:00+00:00,-0.0013248086161217199
2020-11-25 00:00:00+00:00,0.0001715074568771069
2020-11-27 00:00:00+00:00,0.0011086187220634702
2020-11-30 00:00:00+00:00,0.002229747591762199
2020-12-01 00:00:00+00:00,-0.0017739909086719186
2020-12-02 00:00:00+00:00,0.00038609310128384644
2020-12-03 00:00:00+00:00,0.0002846334862590949
2020-12-04 00:00:00+00:00,0.0008930358963373797
2020-12-07 00:00:00+00:00,0.00039213732551396374
2020-12-08 00:00:00+00:00,-0.0005392766663612214
2020-12-09 00:00:00+00:00,-0.0005328976711166389
2020-12-10 00:00:00+00:00,0.00033870175949182214
2020-12-11 00:00:00+00:00,-0.0006393115503733893
2020-12-14 00:00:00+00:00,0.00031799089260886593
2020-12-15 00:00:00+00:00,-0.002496174020576336
2020-12-16 00:00:00+00:00,-0.002856641644592872
2020-12-17 00:00:00+00:00,0.00022170846010466372
2020-12-18 00:00:00+00:00,0.00038062427188384484
2020-12-21 00:00:00+00:00,0.0006550833464401551
2020-12-22 00:00:00+00:00,-0.00045564665976066676
2020-12-23 00:00:00+00:00,0.00040847219718409544
2020-12-24 00:00:00+00:00,-2.877357096375821e-05
2020-12-28 00:00:00+00:00,-0.0010530455352594226
2020-12-29 00:00:00+00:00,0.0009582654935901547
2020-12-30 00:00:00+00:00,9.107277765887933e-05
2020-12-31 00:00:00+00:00,-0.00017987618459491816
2021-01-04 00:00:00+00:00,-0.00044745359936615436
2021-01-05 00:00:00+00:00,-0.0025200712133400804
2021-01-06 00:00:00+00:00,0.0009329022161150557
2021-01-07 00:00:00+00:00,-0.0008005768979958859
2021-01-08 00:00:00+00:00,-0.0028182392220214847
2021-01-11 00:00:00+00:00,-0.0026235879364064907
2021-01-12 00:00:00+00:00,-0.00035935925047078654
2021-01-13 00:00:00+00:00,-0.001609639716709521
2021-01-14 00:00:00+00:00,-0.0024109278212608443
2021-01-15 00:00:00+00:00,0.0007761496569523574
2021-01-19 00:00:00+00:00,0.0014915858402411997
2021-01-20 00:00:00+00:00,0.0008997150689040168
2021-01-21 00:00:00+00:00,-0.0017395369604354116
2021-01-22 00:00:00+00:00,0.00109679456561676
2021-01-25 00:00:00+00:00,0.0005735364434496792
2021-01-26 00:00:00+00:00,-0.0008831269871916901
2021-01-27 00:00:00+00:00,-0.0005490609970001947
2021-01-28 00:00:00+00:00,-0.0033446367201143135
2021-01-29 00:00:00+00:00,-0.0007378938400020296
2021-02-01 00:00:00+00:00,-0.0022937026781751912
2021-02-02 00:00:00+00:00,0.0020314243019116662
2021-02-03 00:00:00+00:00,-0.00015
2021-02-04 00:00:00+00:00,0.0
2021-02-05 00:00:00+00:00,0.0
2021-02-08 00:00:00+00:00,0.0
2021-02-09 00:00:00+00:00,0.0
2021-02-10 00:00:00+00:00,0.0
2021-02-11 00:00:00+00:00,0.0017034599322554135
2021-02-12 00:00:00+00:00,0.0009772393143844815
2021-02-16 00:00:00+00:00,0.004373886665222604
2021-02-17 00:00:00+00:00,0.003074415882280912
2021-02-18 00:00:00+00:00,-0.0012197472372512674
2021-02-19 00:00:00+00:00,-0.0021439869053650083
2021-02-22 00:00:00+00:00,-0.004089085876976373
2021-02-23 00:00:00+00:00,0.0007857920987036915
2021-02-24 00:00:00+00:00,-0.0027708079745673853
2021-02-25 00:00:00+00:00,0.0036057225044203445
2021-02-26 00:00:00+00:00,0.009067213448426287
2021-03-01 00:00:00+00:00,0.00010359616556024354
2021-03-02 00:00:00+00:00,-0.002740694741725641
2021-03-03 00:00:00+00:00,0.0008466249583383711
2021-03-04 00:00:00+00:00,0.006252156136868192
2021-03-05 00:00:00+00:00,-0.00134671640677822
2021-03-08 00:00:00+00:00,-0.0017946693463106456
2021-03-09 00:00:00+00:00,-0.004472371240204331
2021-03-10 00:00:00+00:00,-0.0013124252282438187
2021-03-11 00:00:00+00:00,0.0010616246835345733
2021-03-12 00:00:00+00:00,0.0011179416064353853
2021-03-15 00:00:00+00:00,-0.004311757752719997
2021-03-16 00:00:00+00:00,0.0015351571799634145
2021-03-17 00:00:00+00:00,-0.0016781714006697144
2021-03-18 00:00:00+00:00,0.0035674939317142385
2021-03-19 00:00:00+00:00,0.0005493387963241281
2021-03-22 00:00:00+00:00,0.0013733153306675627
2021-03-23 00:00:00+00:00,0.0022986107502756536
2021-03-24 00:00:00+00:00,-0.0033745438502228997
2021-03-25 00:00:00+00:00,-0.0017387861485011202
2021-03-26 00:00:00+00:00,-0.0023939335700300267
2021-03-29 00:00:00+00:00,-0.0003553172227739321
2021-03-30 00:00:00+00:00,0.00045679259023896374
2021-03-31 00:00:00+00:00,0.0001902807740149226
2021-04-01 00:00:00+00:00,0.0019767944472348087
2021-04-05 00:00:00+00:00,-0.0014976301360675901
2021-04-06 00:00:00+00:00,0.0009998657900487373
2021-04-07 00:00:00+00:00,-0.000354771729438097
2021-04-08 00:00:00+00:00,4.485651161520443e-05
2021-04-09 00:00:00+00:00,0.0001760939084216595
2021-04-12 00:00:00+00:00,-1.350387333565184e-06
2021-04-13 00:00:00+00:00,-0.0001243230504530124
2021-04-14 00:00:00+00:00,-0.0010326034597099576
2021-04-15 00:00:00+00:00,-0.0017390167402753787
2021-04-16 00:00:00+00:00,0.00011159124914134066
2021-04-19 00:00:00+00:00,-0.00018843840664972689
2021-04-20 00:00:00+00:00,0.00047289410247683406
2021-04-21 00:00:00+00:00,-0.0005317283357462177
2021-04-22 00:00:00+00:00,0.000140383852797632
2021-04-23 00:00:00+00:00,-0.0010154915152269517
2021-04-26 00:00:00+00:00,0.00040743545689878036
2021-04-27 00:00:00+00:00,0.0009199389740268127
2021-04-28 00:00:00+00:00,0.0005912340222707091
2021-04-29 00:00:00+00:00,-0.0013605741799321055
2021-04-30 00:00:00+00:00,0.002725559083351703
2021-05-03 00:00:00+00:00,-0.0010381191006876844
2021-05-04 00:00:00+00:00,-0.0002548370253898091
2021-05-05 00:00:00+00:00,-0.0013183821427038
2021-05-06 00:00:00+00:00,0.000818299418837598
2021-05-07 00:00:00+00:00,-5.953826814708574e-05
2021-05-10 00:00:00+00:00,0.0008616080294599482
2021-05-11 00:00:00+00:00,0.0010004024595892669
2021-05-12 00:00:00+00:00,-0.00045263015812091467
2021-05-13 00:00:00+00:00,-0.00019917859208534727
2021-05-14 00:00:00+00:00,-0.0016133649380037085
2021-05-17 00:00:00+00:00,0.0004006315222697676
2021-05-18 00:00:00+00:00,0.002131636160537115
2021-05-19 00:00:00+00:00,0.0025965917886526246
2021-05-20 00:00:00+00:00,0.0001276437150713461
2021-05-21 00:00:00+00:00,-0.0001925114871766942
2021-05-24 00:00:00+00:00,-0.0012485889407013893
2021-05-25 00:00:00+00:00,0.0012886694364356854
2021-05-26 00:00:00+00:00,0.0016625030554394127
2021-05-27 00:00:00+00:00,0.003165520054050741
2021-05-28 00:00:00+00:00,-0.0011228856403279362
2021-06-01 00:00:00+00:00,-0.00016036580312417392
2021-06-02 00:00:00+00:00,0.00023962457488307942
2021-06-03 00:00:00+00:00,-0.0018686337509646878
2021-06-04 00:00:00+00:00,0.002368008975632163
2021-06-07 00:00:00+00:00,-5.1655505529352164e-05
2021-06-08 00:00:00+00:00,0.0005037616628802422
2021-06-09 00:00:00+00:00,-0.0010630222988304572
2021-06-10 00:00:00+00:00,-9.865078494755708e-05
2021-06-11 00:00:00+00:00,-0.0009689566179355569
2021-06-14 00:00:00+00:00,-0.0019989662926973295
2021-06-15 00:00:00+00:00,-0.00029336849558714295
2021-06-16 00:00:00+00:00,-0.0019254258895484433
2021-06-17 00:00:00+00:00,-0.0010500491065413842
2021-06-18 00:00:00+00:00,-0.0005476298137149505
2021-06-21 00:00:00+00:00,0.0016537624056800482
2021-06-22 00:00:00+00:00,0.0005243679200723217
2021-06-23 00:00:00+00:00,0.00010796907061139116
2021-06-24 00:00:00+00:00,-0.0005491176515875495
2021-06-25 00:00:00+00:00,-0.000794627924216168
2021-06-28 00:00:00+00:00,-0.0007834685768309813
2021-06-29 00:00:00+00:00,-0.0013559480421282688
2021-06-30 00:00:00+00:00,-0.0005540795381664852
2021-07-01 00:00:00+00:00,-0.0003843965286149109
2021-07-02 00:00:00+00:00,-4.535573257599679e-05
2021-07-06 00:00:00+00:00,-0.0008979312981501619
2021-07-07 00:00:00+00:00,-0.00015
2021-07-08 00:00:00+00:00,0.0
2021-07-09 00:00:00+00:00,0.0
2021-07-12 00:00:00+00:00,0.0
2021-07-13 00:00:00+00:00,0.0
2021-07-14 00:00:00+00:00,0.0
2021-07-15 00:00:00+00:00,0.0
2021-07-16 00:00:00+00:00,0.0
2021-07-19 00:00:00+00:00,0.0
2021-07-20 00:00:00+00:00,0.0
2021-07-21 00:00:00+00:00,0.0
2021-07-22 00:00:00+00:00,0.0
2021-07-23 00:00:00+00:00,0.0
2021-07-26 00:00:00+00:00,-0.0001635055105225379
2021-07-27 00:00:00+00:00,0.0008298456552077449
2021-07-28 00:00:00+00:00,-2.8002051961517616e-05
2021-07-29 00:00:00+00:00,0.0004017041159050383
2021-07-30 00:00:00+00:00,0.001699015219156802
2021-08-02 00:00:00+00:00,-0.00025779420430505073
2021-08-03 00:00:00+00:00,5.893444078794441e-05
2021-08-04 00:00:00+00:00,-0.0003896742543287868
2021-08-05 00:00:00+00:00,0.0005398143065366012
2021-08-06 00:00:00+00:00,-0.00034121695474176317
2021-08-09 00:00:00+00:00,-0.000993302673023555
2021-08-10 00:00:00+00:00,0.000546603650047911
2021-08-11 00:00:00+00:00,0.0006922596578048668
2021-08-12 00:00:00+00:00,-1.684206767971208e-05
2021-08-13 00:00:00+00:00,0.00027057170534744435
2021-08-16 00:00:00+00:00,0.0003171779564953292
2021-08-17 00:00:00+00:00,-0.002566814138385903
2021-08-18 00:00:00+00:00,-0.001900966627711026
2021-08-19 00:00:00+00:00,0.0006284802852804805
2021-08-20 00:00:00+00:00,-0.00038067062240812466
2021-08-23 00:00:00+00:00,-0.001788848820446165
2021-08-24 00:00:00+00:00,0.0012051050991548906
2021-08-25 00:00:00+00:00,0.0009806170684351079
2021-08-26 00:00:00+00:00,-0.0014990861266911569
2021-08-27 00:00:00+00:00,-0.0005104712438692705
2021-08-30 00:00:00+00:00,0.0017267601018574052
2021-08-31 00:00:00+00:00,-0.0016355705675339671
2021-09-01 00:00:00+00:00,0.0017490003908456342
2021-09-02 00:00:00+00:00,6.121567313055465e-06
2021-09-03 00:00:00+00:00,0.0009450139819559278
2021-09-07 00:00:00+00:00,0.0027121693060517095
2021-09-08 00:00:00+00:00,-0.000792003754563203
2021-09-09 00:00:00+00:00,-0.0022843611963196397
2021-09-10 00:00:00+00:00,-0.0003710382248215127
2021-09-13 00:00:00+00:00,0.00036999950926280833
2021-09-14 00:00:00+00:00,-0.0017988132270868595
2021-09-15 00:00:00+00:00,0.0014001486895562354
2021-09-16 00:00:00+00:00,0.0019087241687323177
2021-09-17 00:00:00+00:00,-0.0011293125683956018
2021-09-20 00:00:00+00:00,-0.0017911971229192525
2021-09-21 00:00:00+00:00,-0.0006079220611791558
2021-09-22 00:00:00+00:00,0.0011230569216925668
2021-09-23 00:00:00+00:00,0.0020592201440726154
2021-09-24 00:00:00+00:00,-0.00025922815764289897
2021-09-27 00:00:00+00:00,0.0001815018425887216
2021-09-28 00:00:00+00:00,0.0015085306840580681
2021-09-29 00:00:00+00:00,-0.0012425533856820214
2021-09-30 00:00:00+00:00,-0.002016369346232838
2021-10-01 00:00:00+00:00,0.0003507430459318561
2021-10-04 00:00:00+00:00,-0.000547088817888508
2021-10-05 00:00:00+00:00,0.0007721919635408081
2021-10-06 00:00:00+00:00,-0.000429178210650083
2021-10-07 00:00:00+00:00,0.0009798042270449227
2021-10-08 00:00:00+00:00,-0.0010881799104983823
2021-10-11 00:00:00+00:00,-0.000236535983991093
2021-10-12 00:00:00+00:00,0.0003509383003174049
2021-10-13 00:00:00+00:00,0.0004977752857142637
2021-10-14 00:00:00+00:00,-0.0005600834666408816
2021-10-15 00:00:00+00:00,0.00020284064380499123
2021-10-18 00:00:00+00:00,0.0003588705059971277
2021-10-19 00:00:00+00:00,0.0016391318210456085
2021-10-20 00:00:00+00:00,-0.0004602137390186667
2021-10-21 00:00:00+00:00,-0.0010414152820714118
2021-10-22 00:00:00+00:00,0.001060473303596582
2021-10-25 00:00:00+00:00,0.0001177593190467563
2021-10-26 00:00:00+00:00,-0.0021176333131873726
2021-10-27 00:00:00+00:00,-0.0027941735830088466
2021-10-28 00:00:00+00:00,-0.00034867098746316216
2021-10-29 00:00:00+00:00,-0.0010157907590797044
2021-11-01 00:00:00+00:00,-0.0026786901526553164
2021-11-02 00:00:00+00:00,0.0005248266001023905
2021-11-03 00:00:00+00:00,0.0011468041763545989
2021-11-04 00:00:00+00:00,-0.0017581947306011814
2021-11-05 00:00:00+00:00,0.0006897798159432034
2021-11-08 00:00:00+00:00,-0.0006250066320661885
2021-11-09 00:00:00+00:00,-0.0015811256825533637
2021-11-10 00:00:00+00:00,-0.0003607441570653456
2021-11-11 00:00:00+00:00,-0.0007838690233623602
2021-11-12 00:00:00+00:00,0.0014282543340343734
2021-11-15 00:00:00+00:00,0.002230962123403263
2021-11-16 00:00:00+00:00,0.0003977689333648782
2021-11-17 00:00:00+00:00,0.001840972645507144
2021-11-18 00:00:00+00:00,0.0001463958007492773
2021-11-19 00:00:00+00:00,0.003588273324672581
2021-11-22 00:00:00+00:00,-1.4401498495214549e-05
2021-11-23 00:00:00+00:00,-0.0026230343904947717
2021-11-24 00:00:00+00:00,0.0012947392918347955
2021-11-26 00:00:00+00:00,0.006858974630900377
2021-11-29 00:00:00+00:00,-0.0019735116783556493
2021-11-30 00:00:00+00:00,0.003508719032934038
2021-12-01 00:00:00+00:00,-0.001798248594511248
2021-12-02 00:00:00+00:00,-0.0005912325055024703
2021-12-03 00:00:00+00:00,0.0006083729596356724
2021-12-06 00:00:00+00:00,-0.0012750673783161358
2021-12-07 00:00:00+00:00,-0.002452300056248041
2021-12-08 00:00:00+00:00,-0.0021328415658353195
2021-12-09 00:00:00+00:00,0.00016530729324476523
2021-12-10 00:00:00+00:00,-0.0015449161899782071
2021-12-13 00:00:00+00:00,0.0013070430899850827
2021-12-14 00:00:00+00:00,0.0023318477310536045
2021-12-15 00:00:00+00:00,-0.002172644352885833
2021-12-16 00:00:00+00:00,0.00032286684341747973
2021-12-17 00:00:00+00:00,0.0017596809216702813
2021-12-20 00:00:00+00:00,0.0016047113988187922
2021-12-21 00:00:00+00:00,-0.002376185696581018
2021-12-22 00:00:00+00:00,-0.00345697784102017
2021-12-23 00:00:00+00:00,-0.0006275836287413517
2021-12-27 00:00:00+00:00,-0.00046804768660907436
2021-12-28 00:00:00+00:00,0.001363685015568994
2021-12-29 00:00:00+00:00,-0.0005957702792106501
2021-12-30 00:00:00+00:00,-0.000399613520448705
2021-12-31 00:00:00+00:00,-0.000450432754561636
2022-01-03 00:00:00+00:00,-0.0014837239087961418
2022-01-04 00:00:00+00:00,-0.002197679601738922
2022-01-05 00:00:00+00:00,-0.00012825253694948024
2022-01-06 00:00:00+00:00,-0.0034878975475342465
2022-01-07 00:00:00+00:00,-0.00011138226531437478
2022-01-10 00:00:00+00:00,0.0011341860372301449
2022-01-11 00:00:00+00:00,-0.0033796454561458855
2022-01-12 00:00:00+00:00,0.00020277594104578522
2022-01-13 00:00:00+00:00,0.001316450053546886
2022-01-14 00:00:00+00:00,-0.00013153976988206084
2022-01-18 00:00:00+00:00,-0.002245650243669378
2022-01-19 00:00:00+00:00,-0.0009322004803676287
2022-01-20 00:00:00+00:00,-2.9956394180591226e-05
2022-01-21 00:00:00+00:00,-0.0008947860635563354
2022-01-24 00:00:00+00:00,-0.000663915704529755
2022-01-25 00:00:00+00:00,0.00085231527719698
2022-01-26 00:00:00+00:00,0.0005746873755598236
2022-01-27 00:00:00+00:00,0.00022085071159355651
2022-01-28 00:00:00+00:00,0.0007659588841201215
2022-01-31 00:00:00+00:00,-0.00013791430607651423
2022-02-01 00:00:00+00:00,-0.0002879758810618027
2022-02-02 00:00:00+00:00,-0.0005896495680201286
2022-02-03 00:00:00+00:00,0.001033476462106775
2022-02-04 00:00:00+00:00,0.0004160531815984858
2022-02-07 00:00:00+00:00,0.0018764188504680201
2022-02-08 00:00:00+00:00,0.0007348631920360837
2022-02-09 00:00:00+00:00,-0.0020161822976584587
2022-02-10 00:00:00+00:00,0.0031696749145444514
2022-02-11 00:00:00+00:00,-0.002496299621375264
2022-02-14 00:00:00+00:00,0.0021710574330671695
2022-02-15 00:00:00+00:00,0.0010247625854670206
2022-02-16 00:00:00+00:00,-0.00015
2022-02-17 00:00:00+00:00,0.0
2022-02-18 00:00:00+00:00,0.0
2022-02-22 00:00:00+00:00,0.0
2022-02-23 00:00:00+00:00,0.0
2022-02-24 00:00:00+00:00,-0.0001402612670270585
2022-02-25 00:00:00+00:00,-0.0008793510419868311
2022-02-28 00:00:00+00:00,0.0012217707930627375
2022-03-01 00:00:00+00:00,0.00040753311589197816
2022-03-02 00:00:00+00:00,-0.0013076214541297981
2022-03-03 00:00:00+00:00,0.0012971523229721726
2022-03-04 00:00:00+00:00,0.003954090233322422
2022-03-07 00:00:00+00:00,4.733759730055076e-05
2022-03-08 00:00:00+00:00,9.78881932486575e-05
2022-03-09 00:00:00+00:00,-0.0006404725222883545
2022-03-10 00:00:00+00:00,0.0005953028368234081
2022-03-11 00:00:00+00:00,-0.0018559627422790326
2022-03-14 00:00:00+00:00,-0.000250117597690086
2022-03-15 00:00:00+00:00,-0.0012076876069835873
2022-03-16 00:00:00+00:00,0.003945846947869591
2022-03-17 00:00:00+00:00,-0.0004960773760903092
2022-03-18 00:00:00+00:00,0.0014196629374441383
2022-03-21 00:00:00+00:00,-0.0009511820737086452
2022-03-22 00:00:00+00:00,0.0017068199264975714
2022-03-23 00:00:00+00:00,0.001600545976299661
2022-03-24 00:00:00+00:00,0.0012234433291096747
2022-03-25 00:00:00+00:00,-0.0005069645461806271
2022-03-28 00:00:00+00:00,-0.0006048966747290718
2022-03-29 00:00:00+00:00,0.0010189899770598476
2022-03-30 00:00:00+00:00,0.0009983964884234808
2022-03-31 00:00:00+00:00,0.0004648784353808999
2022-04-01 00:00:00+00:00,0.0007647609382223086
2022-04-04 00:00:00+00:00,0.0007571240845170579
2022-04-05 00:00:00+00:00,0.0005149980385139585
2022-04-06 00:00:00+00:00,0.00011975584930939975
2022-04-07 00:00:00+00:00,9.446092478835892e-05
2022-04-08 00:00:00+00:00,-0.00029980554486469524
2022-04-11 00:00:00+00:00,-9.19444410428516e-05
2022-04-12 00:00:00+00:00,0.0010191326484229601
2022-04-13 00:00:00+00:00,-0.0008382788484170289
2022-04-14 00:00:00+00:00,-1.1810897319969316e-05
2022-04-18 00:00:00+00:00,-0.00015
2022-04-19 00:00:00+00:00,0.0
2022-04-20 00:00:00+00:00,0.0
2022-04-21 00:00:00+00:00,0.0
2022-04-22 00:00:00+00:00,0.0
2022-04-25 00:00:00+00:00,0.0
2022-04-26 00:00:00+00:00,0.0
2022-04-27 00:00:00+00:00,0.0
2022-04-28 00:00:00+00:00,0.0
2022-04-29 00:00:00+00:00,0.0
2022-05-02 00:00:00+00:00,0.0
2022-05-03 00:00:00+00:00,0.0
2022-05-04 00:00:00+00:00,0.0
2022-05-05 00:00:00+00:00,0.0
2022-05-06 00:00:00+00:00,0.0
2022-05-09 00:00:00+00:00,0.0
2022-05-10 00:00:00+00:00,0.0
2022-05-11 00:00:00+00:00,0.0
2022-05-12 00:00:00+00:00,0.0
2022-05-13 00:00:00+00:00,0.0
2022-05-16 00:00:00+00:00,0.0
2022-05-17 00:00:00+00:00,0.0
2022-05-18 00:00:00+00:00,0.0
2022-05-19 00:00:00+00:00,0.0
2022-05-20 00:00:00+00:00,0.0
2022-05-23 00:00:00+00:00,-0.0017380910349991284
2022-05-24 00:00:00+00:00,-0.00099715754005536
2022-05-25 00:00:00+00:00,-0.00015
2022-05-26 00:00:00+00:00,2.327308269368681e-05
2022-05-27 00:00:00+00:00,0.00010248028143541865
2022-05-31 00:00:00+00:00,1.3648164896973465e-05
2022-06-01 00:00:00+00:00,0.00017327890289220438
2022-06-02 00:00:00+00:00,-0.0010158077430901247
2022-06-03 00:00:00+00:00,0.0011276598062587018
2022-06-06 00:00:00+00:00,0.0019407015275360873
2022-06-07 00:00:00+00:00,-0.0009053438301939165
2022-06-08 00:00:00+00:00,-5.38233589034709e-05
2022-06-09 00:00:00+00:00,0.000182836029494704
2022-06-10 00:00:00+00:00,-0.0005858343781815767
2022-06-13 00:00:00+00:00,0.000538735873036017
2022-06-14 00:00:00+00:00,0.0032424402464511226
2022-06-15 00:00:00+00:00,-0.00020696542346460012
2022-06-16 00:00:00+00:00,0.00028409699042719616
2022-06-17 00:00:00+00:00,-0.00048455541652780987
2022-06-21 00:00:00+00:00,-0.0006776645208128595
2022-06-22 00:00:00+00:00,-0.0015729510539907897
2022-06-23 00:00:00+00:00,-0.0010280530621848694
2022-06-24 00:00:00+00:00,-0.002061485509309513
2022-06-27 00:00:00+00:00,-0.0007851538206108399
2022-06-28 00:00:00+00:00,-0.0028275424486935707
2022-06-29 00:00:00+00:00,0.0036101374037569023
2022-06-30 00:00:00+00:00,0.0012224782519624222
2022-07-01 00:00:00+00:00,-0.00500235258563797
2022-07-05 00:00:00+00:00,0.005815884900556401
2022-07-06 00:00:00+00:00,0.0047286995957515066
2022-07-07 00:00:00+00:00,-0.001643371270596522
2022-07-08 00:00:00+00:00,-0.0002949077556294588
2022-07-11 00:00:00+00:00,-0.00037091073542586117
2022-07-12 00:00:00+00:00,0.00016435625515185973
2022-07-13 00:00:00+00:00,-0.0011399961739944897
2022-07-14 00:00:00+00:00,0.0014743430183601748
2022-07-15 00:00:00+00:00,-0.001390958078157034
2022-07-18 00:00:00+00:00,-0.0015496066130497033
2022-07-19 00:00:00+00:00,-0.0006138535291048686
2022-07-20 00:00:00+00:00,-0.0005281531679949825
2022-07-21 00:00:00+00:00,0.001974439085089985
2022-07-22 00:00:00+00:00,0.00048733857076285747
2022-07-25 00:00:00+00:00,-0.002785884689711804
2022-07-26 00:00:00+00:00,-4.269189455463618e-05
2022-07-27 00:00:00+00:00,-0.002401872487631962
2022-07-28 00:00:00+00:00,-0.0012643617976927368
2022-07-29 00:00:00+00:00,-3.3847091704952703e-06
2022-08-01 00:00:00+00:00,0.0024211806415373183
2022-08-02 00:00:00+00:00,-2.9291874911963056e-05
2022-08-03 00:00:00+00:00,0.0032466446060825105
2022-08-04 00:00:00+00:00,-0.00015
2022-08-05 00:00:00+00:00,0.0
2022-08-08 00:00:00+00:00,0.0
2022-08-09 00:00:00+00:00,0.0
2022-08-10 00:00:00+00:00,0.0
2022-08-11 00:00:00+00:00,0.0
2022-08-12 00:00:00+00:00,0.0
2022-08-15 00:00:00+00:00,0.0
2022-08-16 00:00:00+00:00,0.0
2022-08-17 00:00:00+00:00,0.0
2022-08-18 00:00:00+00:00,0.0
2022-08-19 00:00:00+00:00,0.0
2022-08-22 00:00:00+00:00,0.0
2022-08-23 00:00:00+00:00,0.0
2022-08-24 00:00:00+00:00,0.0
2022-08-25 00:00:00+00:00,0.0
2022-08-26 00:00:00+00:00,0.0
2022-08-29 00:00:00+00:00,0.0
2022-08-30 00:00:00+00:00,0.0
2022-08-31 00:00:00+00:00,0.0
2022-09-01 00:00:00+00:00,0.0
2022-09-02 00:00:00+00:00,0.0
2022-09-06 00:00:00+00:00,0.0
2022-09-07 00:00:00+00:00,0.0
2022-09-08 00:00:00+00:00,0.0
2022-09-09 00:00:00+00:00,0.0
2022-09-12 00:00:00+00:00,0.0
2022-09-13 00:00:00+00:00,-0.0012420577430624523
2022-09-14 00:00:00+00:00,-0.0009040035851974881
2022-09-15 00:00:00+00:00,-0.0010782051799729962
2022-09-16 00:00:00+00:00,7.974168499261247e-05
2022-09-19 00:00:00+00:00,-0.0003350247507238613
2022-09-20 00:00:00+00:00,0.0012507363704934993
2022-09-21 00:00:00+00:00,-0.000818262985268936
2022-09-22 00:00:00+00:00,0.0010624176096628302
2022-09-23 00:00:00+00:00,9.480999997110717e-05
2022-09-26 00:00:00+00:00,0.0014441773022711435
2022-09-27 00:00:00+00:00,-0.0005413258089028705
2022-09-28 00:00:00+00:00,0.0009125197345337677
2022-09-29 00:00:00+00:00,0.0011021955401778194
2022-09-30 00:00:00+00:00,-0.0015570832469385676
2022-10-03 00:00:00+00:00,-0.004814978343551074
2022-10-04 00:00:00+00:00,0.0007174597477750677
2022-10-05 00:00:00+00:00,0.002238521337053101
2022-10-06 00:00:00+00:00,0.0007314508925937713
2022-10-07 00:00:00+00:00,0.0010550392754268278
2022-10-10 00:00:00+00:00,-0.0008932009220176673
2022-10-11 00:00:00+00:00,0.0013972514176166908
2022-10-12 00:00:00+00:00,0.0013155821516377952
2022-10-13 00:00:00+00:00,0.0004325405145697127
2022-10-14 00:00:00+00:00,-0.0002676899867749827
2022-10-17 00:00:00+00:00,0.00040307645288170657
2022-10-18 00:00:00+00:00,-0.0007708747925964099
2022-10-19 00:00:00+00:00,0.00031095722225357725
2022-10-20 00:00:00+00:00,-0.0014337514002479568
2022-10-21 00:00:00+00:00,0.00021681021320124616
2022-10-24 00:00:00+00:00,0.0009545435115712875
2022-10-25 00:00:00+00:00,-0.0025921740267660642
2022-10-26 00:00:00+00:00,0.0009043192888090745
2022-10-27 00:00:00+00:00,-7.099825558361513e-05
2022-10-28 00:00:00+00:00,0.0007843475088232634
2022-10-31 00:00:00+00:00,0.0019078580037386328
2022-11-01 00:00:00+00:00,0.0008905643027065091
2022-11-02 00:00:00+00:00,0.0008616059561390443
2022-11-03 00:00:00+00:00,0.0001542197006153545
2022-11-04 00:00:00+00:00,-0.0010527558715328067
2022-11-07 00:00:00+00:00,2.257278662437523e-05
2022-11-08 00:00:00+00:00,0.0004105949489129346
2022-11-09 00:00:00+00:00,0.0007164849438430487
2022-11-10 00:00:00+00:00,-0.006256477667134025
2022-11-11 00:00:00+00:00,-0.0018167963429002176
2022-11-14 00:00:00+00:00,0.0017532126395387038
2022-11-15 00:00:00+00:00,0.00036022833047563707
2022-11-16 00:00:00+00:00,0.0013399624878160377
2022-11-17 00:00:00+00:00,-0.00021947978483927155
2022-11-18 00:00:00+00:00,-0.0012866082630039466
2022-11-21 00:00:00+00:00,-0.0018459728052490354
2022-11-22 00:00:00+00:00,-0.00043532948696939355
2022-11-23 00:00:00+00:00,-0.0002617216162897895
2022-11-25 00:00:00+00:00,-0.0006628637437168404
2022-11-28 00:00:00+00:00,-0.00010772845935086428
2022-11-29 00:00:00+00:00,0.0001670653782486764
2022-11-30 00:00:00+00:00,-0.003491699000995885
2022-12-01 00:00:00+00:00,8.920980976356851e-05
2022-12-02 00:00:00+00:00,-0.0001356559368873465
2022-12-05 00:00:00+00:00,0.0017442427308187458
2022-12-06 00:00:00+00:00,-0.0010648180862479761
2022-12-07 00:00:00+00:00,-0.00017418936806407048
2022-12-08 00:00:00+00:00,0.0007344679242899943
2022-12-09 00:00:00+00:00,0.00019164357292290616
2022-12-12 00:00:00+00:00,0.0012962980735526375
2022-12-13 00:00:00+00:00,-0.002289639148840006
2022-12-14 00:00:00+00:00,0.0008862575123835259
2022-12-15 00:00:00+00:00,0.001279353155298646
2022-12-16 00:00:00+00:00,-0.0013686300904628412
2022-12-19 00:00:00+00:00,-7.731065320554231e-05
2022-12-20 00:00:00+00:00,-0.0004628600090212376
2022-12-21 00:00:00+00:00,-5.7059841439999204e-05
2022-12-22 00:00:00+00:00,0.0014576147518262916
2022-12-23 00:00:00+00:00,-0.00019442592341611942
2022-12-27 00:00:00+00:00,-0.0010184374244153194
2022-12-28 00:00:00+00:00,-0.00035723377248408905
2022-12-29 00:00:00+00:00,-0.00017020731136341283
2022-12-30 00:00:00+00:00,-0.0007911098511133585
2023-01-03 00:00:00+00:00,-0.0015582487184609417
2023-01-04 00:00:00+00:00,-0.002233204020282875
2023-01-05 00:00:00+00:00,0.0011159618354055767
2023-01-06 00:00:00+00:00,-0.0021891089192849766
2023-01-09 00:00:00+00:00,-0.0009084342070985185
2023-01-10 00:00:00+00:00,-0.0007286664600042458
2023-01-11 00:00:00+00:00,-0.00036763675930140405
2023-01-12 00:00:00+00:00,-0.0012488687899042117
2023-01-13 00:00:00+00:00,-0.0009660017063353732
2023-01-17 00:00:00+00:00,0.0002995390213409166
2023-01-18 00:00:00+00:00,-0.00015
2023-01-19 00:00:00+00:00,0.0
2023-01-20 00:00:00+00:00,-0.00043279803086800333
2023-01-23 00:00:00+00:00,-6.608499206908758e-05
2023-01-24 00:00:00+00:00,0.0003289551835152227
2023-01-25 00:00:00+00:00,0.001499616721844621
2023-01-26 00:00:00+00:00,-0.0007812317893641785
2023-01-27 00:00:00+00:00,-0.0005526217991294324
2023-01-30 00:00:00+00:00,0.0007057733975868175
2023-01-31 00:00:00+00:00,-0.0017302488040002728
2023-02-01 00:00:00+00:00,0.0011504356010811345
2023-02-02 00:00:00+00:00,-0.00038745479540774896
2023-02-03 00:00:00+00:00,-0.0009405443037329986
2023-02-06 00:00:00+00:00,0.0005663662170538042
2023-02-07 00:00:00+00:00,-0.000547513374915154
2023-02-08 00:00:00+00:00,0.00012367218399911284
2023-02-09 00:00:00+00:00,0.0005673753726147535
2023-02-10 00:00:00+00:00,-0.002182139721086912
2023-02-13 00:00:00+00:00,0.00028027144466119536
2023-02-14 00:00:00+00:00,8.071912718338181e-05
2023-02-15 00:00:00+00:00,-0.001624826020739878
2023-02-16 00:00:00+00:00,0.0012479926312651823
2023-02-17 00:00:00+00:00,0.0001295495861047269
2023-02-21 00:00:00+00:00,0.001715534307117017
2023-02-22 00:00:00+00:00,0.0002281698802002463
2023-02-23 00:00:00+00:00,-8.87017719230776e-05
2023-02-24 00:00:00+00:00,-0.0013129009986617146
2023-02-27 00:00:00+00:00,-0.0003995164148217212
2023-02-28 00:00:00+00:00,0.00044182504561640634
2023-03-01 00:00:00+00:00,-0.00013731844811661328
2023-03-02 00:00:00+00:00,-0.0007330826870909912
2023-03-03 00:00:00+00:00,-5.214085116997391e-05
2023-03-06 00:00:00+00:00,-0.0003212003637452941
2023-03-07 00:00:00+00:00,0.0007801235724040623
2023-03-08 00:00:00+00:00,0.0010301324276821289
2023-03-09 00:00:00+00:00,-0.0009254041368726984
2023-03-10 00:00:00+00:00,0.0009176926427737486
2023-03-13 00:00:00+00:00,0.0007320941499698308
2023-03-14 00:00:00+00:00,0.0010815972660701556
2023-03-15 00:00:00+00:00,0.0012751359958435293
2023-03-16 00:00:00+00:00,0.0011414744093922458
2023-03-17 00:00:00+00:00,9.52262026724382e-05
2023-03-20 00:00:00+00:00,-0.0018760260068231283
2023-03-21 00:00:00+00:00,-0.0028727019890512073
2023-03-22 00:00:00+00:00,0.0011116640262654187
2023-03-23 00:00:00+00:00,0.0006343389005232514
2023-03-24 00:00:00+00:00,0.0008087961927868148
2023-03-27 00:00:00+00:00,-0.0024985346153875154
2023-03-28 00:00:00+00:00,-0.0009869464902426683
2023-03-29 00:00:00+00:00,-0.002104879731709197
2023-03-30 00:00:00+00:00,-2.970238422228544e-05
2023-03-31 00:00:00+00:00,0.00012144388341389645
2023-04-03 00:00:00+00:00,-0.0067940840474205455
2023-04-04 00:00:00+00:00,0.001247115801610521
2023-04-05 00:00:00+00:00,-0.0026613278615048586
2023-04-06 00:00:00+00:00,0.002066352975661545
2023-04-10 00:00:00+00:00,0.0010663526769696674
2023-04-11 00:00:00+00:00,-0.0009541729260149068
2023-04-12 00:00:00+00:00,0.0004144271986286918
2023-04-13 00:00:00+00:00,-0.00013764928555893256
2023-04-14 00:00:00+00:00,-0.0008163664767374011
2023-04-17 00:00:00+00:00,0.0013966097893667317
2023-04-18 00:00:00+00:00,-0.003897121180669011
2023-04-19 00:00:00+00:00,0.000332252719735443
2023-04-20 00:00:00+00:00,0.0009972782542570224
2023-04-21 00:00:00+00:00,-0.0010139600779108249
2023-04-24 00:00:00+00:00,-0.002541742931864599
2023-04-25 00:00:00+00:00,0.003735797831490595
2023-04-26 00:00:00+00:00,0.000624486031479965
2023-04-27 00:00:00+00:00,-0.0013312232479230357
2023-04-28 00:00:00+00:00,-0.0010005117287792964
2023-05-01 00:00:00+00:00,0.00572594828274825
2023-05-02 00:00:00+00:00,0.005127846978408818
2023-05-03 00:00:00+00:00,0.0037429774502822644
2023-05-04 00:00:00+00:00,0.003958105972817039
2023-05-05 00:00:00+00:00,-0.00341397471425825
2023-05-08 00:00:00+00:00,-0.000984603093540981
2023-05-09 00:00:00+00:00,0.0020556419261276992
2023-05-10 00:00:00+00:00,0.0005477069589836236
2023-05-11 00:00:00+00:00,0.0027129814448338396
2023-05-12 00:00:00+00:00,-2.0025739280477017e-05
2023-05-15 00:00:00+00:00,-0.0005200950971097906
2023-05-16 00:00:00+00:00,0.004595810042088061
2023-05-17 00:00:00+00:00,-0.004118774968775385
2023-05-18 00:00:00+00:00,-0.0009926698663711708
2023-05-19 00:00:00+00:00,-0.0010299324277266708
2023-05-22 00:00:00+00:00,0.001391020152106748
2023-05-23 00:00:00+00:00,-0.0010580815276197975
2023-05-24 00:00:00+00:00,-0.0006576424742411324
2023-05-25 00:00:00+00:00,0.002476790605169349
2023-05-26 00:00:00+00:00,3.318576208073427e-05
2023-05-30 00:00:00+00:00,-0.0013431488436000671
2023-05-31 00:00:00+00:00,0.002038026232814877
2023-06-01 00:00:00+00:00,-0.0013627601751340368
2023-06-02 00:00:00+00:00,0.002403020741781503
2023-06-05 00:00:00+00:00,-0.0011314559239142818
2023-06-06 00:00:00+00:00,0.00012487692279256057
2023-06-07 00:00:00+00:00,0.0014842209649145012
2023-06-08 00:00:00+00:00,0.0004105286562152144
2023-06-09 00:00:00+00:00,0.0003693617969074692
2023-06-12 00:00:00+00:00,-0.00048309937138690806
2023-06-13 00:00:00+00:00,0.00014314004953350223
2023-06-14 00:00:00+00:00,0.0006887946914258258
2023-06-15 00:00:00+00:00,-0.0013329210874661879
2023-06-16 00:00:00+00:00,0.0010947253840348226
2023-06-20 00:00:00+00:00,-0.0013361927662819961
2023-06-21 00:00:00+00:00,-0.0012504504658503168
2023-06-22 00:00:00+00:00,0.0009265777820975209
2023-06-23 00:00:00+00:00,-0.0008333818234987633
2023-06-26 00:00:00+00:00,0.0019973716043073797
2023-06-27 00:00:00+00:00,0.0017743626062238504
2023-06-28 00:00:00+00:00,0.00018225763125606642
2023-06-29 00:00:00+00:00,0.0007008972391918111
2023-06-30 00:00:00+00:00,-0.0004745993773391799
2023-07-03 00:00:00+00:00,0.0006358783473850715
2023-07-05 00:00:00+00:00,0.0012106622651940346
2023-07-06 00:00:00+00:00,-0.0031937028092310802
2023-07-07 00:00:00+00:00,-0.0006067212651716114
2023-07-10 00:00:00+00:00,0.0013779610019860056
2023-07-11 00:00:00+00:00,-0.0003030075589460779
2023-07-12 00:00:00+00:00,-0.0003874143386801976
2023-07-13 00:00:00+00:00,-0.0010061246323444795
2023-07-14 00:00:00+00:00,-0.0017810405438716814
2023-07-17 00:00:00+00:00,0.0006844738512101212
2023-07-18 00:00:00+00:00,-0.0008315408776562727
2023-07-19 00:00:00+00:00,0.00012904348861375592
2023-07-20 00:00:00+00:00,0.0008086600602034144
2023-07-21 00:00:00+00:00,-0.0013374733194627397
2023-07-24 00:00:00+00:00,-0.0007384977949905502
2023-07-25 00:00:00+00:00,-0.002194540174850701
2023-07-26 00:00:00+00:00,-0.00012347131050410853
2023-07-27 00:00:00+00:00,0.00197756260086987
2023-07-28 00:00:00+00:00,0.0007043876272278538
2023-07-31 00:00:00+00:00,-0.0010578248446794225
2023-08-01 00:00:00+00:00,0.0017957726152095788
2023-08-02 00:00:00+00:00,0.0019939812027794934
2023-08-03 00:00:00+00:00,0.001494214901669677
2023-08-04 00:00:00+00:00,-0.0007075733977892238
2023-08-07 00:00:00+00:00,-0.00018311534139225927
2023-08-08 00:00:00+00:00,0.00031218728505261195
2023-08-09 00:00:00+00:00,-2.533549383731959e-05
2023-08-10 00:00:00+00:00,0.0002712513696103147
2023-08-11 00:00:00+00:00,0.0014906965172912234
2023-08-14 00:00:00+00:00,0.00013407986507621428
2023-08-15 00:00:00+00:00,-0.0003450949779459367
2023-08-16 00:00:00+00:00,0.0013082227557029702
2023-08-17 00:00:00+00:00,0.0017851594144077223
2023-08-18 00:00:00+00:00,7.126207381905059e-05
2023-08-21 00:00:00+00:00,0.0006723910703825831
2023-08-22 00:00:00+00:00,0.00016097027360423288
2023-08-23 00:00:00+00:00,-0.00036531911598980393
2023-08-24 00:00:00+00:00,0.0013076554428289033
2023-08-25 00:00:00+00:00,-0.0004761946260537775
2023-08-28 00:00:00+00:00,-0.000815514493015812
2023-08-29 00:00:00+00:00,-0.0012970223968473138
2023-08-30 00:00:00+00:00,-0.0011738502650295857
2023-08-31 00:00:00+00:00,0.00018987250324173366
2023-09-01 00:00:00+00:00,-0.0002232241787130107
2023-09-05 00:00:00+00:00,0.00011715097891767945
2023-09-06 00:00:00+00:00,-0.0003416343533981401
2023-09-07 00:00:00+00:00,-0.0007776946659573403
2023-09-08 00:00:00+00:00,-0.00018750341392603787
2023-09-11 00:00:00+00:00,0.00014474186895951924
2023-09-12 00:00:00+00:00,-0.0004638975797864762
2023-09-13 00:00:00+00:00,-0.0006610167832367952
2023-09-14 00:00:00+00:00,-0.00037926387043424326
2023-09-15 00:00:00+00:00,-0.000422667690805012
2023-09-18 00:00:00+00:00,0.0007898949437398217
2023-09-19 00:00:00+00:00,0.00037072489914277695
2023-09-20 00:00:00+00:00,0.0007273505400380853
2023-09-21 00:00:00+00:00,0.0011867383822910804
2023-09-22 00:00:00+00:00,6.592111817553274e-05
2023-09-25 00:00:00+00:00,-0.0008837165184873153
2023-09-26 00:00:00+00:00,1.1805716371715569e-06
2023-09-27 00:00:00+00:00,0.0005147096973516785
2023-09-28 00:00:00+00:00,-0.00029334098151553856
2023-09-29 00:00:00+00:00,0.00045152254797220515
2023-10-02 00:00:00+00:00,-0.0010109808464854875
2023-10-03 00:00:00+00:00,-0.0004146668721246305
2023-10-04 00:00:00+00:00,-0.00047419470283494025
2023-10-05 00:00:00+00:00,-4.431718972447429e-05
2023-10-06 00:00:00+00:00,0.0017241789955264597
2023-10-09 00:00:00+00:00,-0.0014397090671876556
2023-10-10 00:00:00+00:00,0.0004821362422176567
2023-10-11 00:00:00+00:00,0.000568672659997882
2023-10-12 00:00:00+00:00,0.001276956196374024
2023-10-13 00:00:00+00:00,-0.0012862716938601693
2023-10-16 00:00:00+00:00,0.00048573931431622475
2023-10-17 00:00:00+00:00,0.0020738900929347936
2023-10-18 00:00:00+00:00,-0.0012990403744205514
2023-10-19 00:00:00+00:00,0.001812138480817349
2023-10-20 00:00:00+00:00,0.0009448820514478262
2023-10-23 00:00:00+00:00,-0.0012379249453141616
2023-10-24 00:00:00+00:00,-0.00015
2023-10-25 00:00:00+00:00,0.0
2023-10-26 00:00:00+00:00,0.0
2023-10-27 00:00:00+00:00,0.0
2023-10-30 00:00:00+00:00,0.0010551142164320461
2023-10-31 00:00:00+00:00,-0.00028292875723462396
2023-11-01 00:00:00+00:00,-0.0012767421527178358
2023-11-02 00:00:00+00:00,-2.4700030366586745e-05
2023-11-03 00:00:00+00:00,0.0006135469275402872
2023-11-06 00:00:00+00:00,0.0018001041526526373
2023-11-07 00:00:00+00:00,-3.3688587338209786e-05
2023-11-08 00:00:00+00:00,4.007808349859587e-06
2023-11-09 00:00:00+00:00,-0.00041190143821367986
2023-11-10 00:00:00+00:00,-0.0002373960062816427
2023-11-13 00:00:00+00:00,-0.0006242923427714486
2023-11-14 00:00:00+00:00,0.0002702380376100044
2023-11-15 00:00:00+00:00,0.001233890226954193
2023-11-16 00:00:00+00:00,-7.980593129325309e-05
2023-11-17 00:00:00+00:00,-0.0014405262207188296
2023-11-20 00:00:00+00:00,0.0005712405410192023
2023-11-21 00:00:00+00:00,-0.00019173891829499246
2023-11-22 00:00:00+00:00,0.0008387688890616196
2023-11-24 00:00:00+00:00,-0.000384138861769856
2023-11-27 00:00:00+00:00,0.00048057598474163243
2023-11-28 00:00:00+00:00,0.0008952027107340388
2023-11-29 00:00:00+00:00,0.0011196633868191253
2023-11-30 00:00:00+00:00,-0.0007998267008058058
2023-12-01 00:00:00+00:00,0.0004852950560641778
2023-12-04 00:00:00+00:00,0.0008547966054144596
2023-12-05 00:00:00+00:00,0.0015147824220251016
2023-12-06 00:00:00+00:00,0.0017484027475702102
2023-12-07 00:00:00+00:00,0.0009604587350651728
2023-12-08 00:00:00+00:00,-0.0003611625049371736
2023-12-11 00:00:00+00:00,-7.62547359979826e-05
2023-12-12 00:00:00+00:00,-0.00015
2023-12-13 00:00:00+00:00,0.0
2023-12-14 00:00:00+00:00,0.0
2023-12-15 00:00:00+00:00,0.0
2023-12-18 00:00:00+00:00,0.0
2023-12-19 00:00:00+00:00,0.0
2023-12-20 00:00:00+00:00,0.0
2023-12-21 00:00:00+00:00,0.00046477643424473487
2023-12-22 00:00:00+00:00,-0.0006818969066634817
2023-12-26 00:00:00+00:00,-0.0004720594536238576
2023-12-27 00:00:00+00:00,0.0004324908009558648
2023-12-28 00:00:00+00:00,0.0002827565183251557
2023-12-29 00:00:00+00:00,-0.0006365214994545898
2024-01-02 00:00:00+00:00,0.0004948635885700381
2024-01-03 00:00:00+00:00,-0.0007423213124005401
2024-01-04 00:00:00+00:00,-0.0006082728890423605
2024-01-05 00:00:00+00:00,-0.0005819719777430676
2024-01-08 00:00:00+00:00,-0.0002247860946649749
2024-01-09 00:00:00+00:00,-8.503210427288077e-05
2024-01-10 00:00:00+00:00,-0.0004913710552071349
2024-01-11 00:00:00+00:00,0.0005362310921564473
2024-01-12 00:00:00+00:00,5.418209479118863e-05
2024-01-16 00:00:00+00:00,-0.001660308572775493
2024-01-17 00:00:00+00:00,0.00053884387389741
2024-01-18 00:00:00+00:00,0.0004005594262076473
2024-01-19 00:00:00+00:00,-0.0005059386760003781
2024-01-22 00:00:00+00:00,0.0003381569049396571
2024-01-23 00:00:00+00:00,0.00026678620013531607
2024-01-24 00:00:00+00:00,0.00047228875152344196
2024-01-25 00:00:00+00:00,-0.0003352717152608764
2024-01-26 00:00:00+00:00,-0.00016916536964167728
2024-01-29 00:00:00+00:00,-3.621893297039991e-05
2024-01-30 00:00:00+00:00,-0.0006941866651480055
2024-01-31 00:00:00+00:00,0.0008288939110813742
2024-02-01 00:00:00+00:00,-0.0003510598225155981
2024-02-02 00:00:00+00:00,0.00010248585461408721
2024-02-05 00:00:00+00:00,0.0009584768826181311
2024-02-06 00:00:00+00:00,-0.00015
2024-02-07 00:00:00+00:00,0.0
2024-02-08 00:00:00+00:00,0.0
2024-02-09 00:00:00+00:00,0.0
2024-02-12 00:00:00+00:00,0.0
2024-02-13 00:00:00+00:00,0.0
2024-02-14 00:00:00+00:00,0.0
2024-02-15 00:00:00+00:00,0.0
2024-02-16 00:00:00+00:00,0.0
2024-02-20 00:00:00+00:00,0.0
2024-02-21 00:00:00+00:00,0.0
2024-02-22 00:00:00+00:00,0.0
2024-02-23 00:00:00+00:00,-0.0009259224930211916
2024-02-26 00:00:00+00:00,-0.0002176128543638356
2024-02-27 00:00:00+00:00,-0.0007690272996904168
2024-02-28 00:00:00+00:00,0.0008982186049174001
2024-02-29 00:00:00+00:00,-0.0005629287974509567
2024-03-01 00:00:00+00:00,-0.0005758004745243239
2024-03-04 00:00:00+00:00,7.481946552656549e-05
2024-03-05 00:00:00+00:00,0.0017569937758265541
2024-03-06 00:00:00+00:00,-0.0006485285378527716
2024-03-07 00:00:00+00:00,-0.00031721976696971743
2024-03-08 00:00:00+00:00,0.001432096007953393
2024-03-11 00:00:00+00:00,-0.0003762300104478587
2024-03-12 00:00:00+00:00,-4.872850673036649e-05
2024-03-13 00:00:00+00:00,-0.0015321800540085972
2024-03-14 00:00:00+00:00,-0.00016058427725990088
2024-03-15 00:00:00+00:00,-0.0027897889445783197
2024-03-18 00:00:00+00:00,-0.004679572154624945
2024-03-19 00:00:00+00:00,6.905801219742047e-05
2024-03-20 00:00:00+00:00,0.0005460040197630247
2024-03-21 00:00:00+00:00,0.0015133590631365434
2024-03-22 00:00:00+00:00,-0.0011839283529911813
2024-03-25 00:00:00+00:00,-0.0011702931387211624
2024-03-26 00:00:00+00:00,0.00216184912978859
2024-03-27 00:00:00+00:00,-0.0011540850045972384
2024-03-28 00:00:00+00:00,-0.00019337709935349223
2024-04-01 00:00:00+00:00,0.002009881624567861
2024-04-02 00:00:00+00:00,-0.0044340411527820645
2024-04-03 00:00:00+00:00,-0.001447367196287258
2024-04-04 00:00:00+00:00,-0.000673803995063893
2024-04-05 00:00:00+00:00,0.0013319625979553718
2024-04-08 00:00:00+00:00,-0.0027231301725584743
2024-04-09 00:00:00+00:00,-0.00047255123323333703
2024-04-10 00:00:00+00:00,0.000898139854170088
2024-04-11 00:00:00+00:00,0.0005169327160239323
2024-04-12 00:00:00+00:00,-0.0006453275781339307
2024-04-15 00:00:00+00:00,0.000573455682746915
2024-04-16 00:00:00+00:00,0.003795599550130896
2024-04-17 00:00:00+00:00,-0.002442937533009187
2024-04-18 00:00:00+00:00,0.0006477960709576625
2024-04-19 00:00:00+00:00,-0.0012003495336170567
2024-04-22 00:00:00+00:00,-0.0018715020287880689
2024-04-23 00:00:00+00:00,-0.00032714949412554484
2024-04-24 00:00:00+00:00,-0.0010156971698887796
2024-04-25 00:00:00+00:00,-2.8368670281969655e-05
2024-04-26 00:00:00+00:00,-0.003804297292009262
2024-04-29 00:00:00+00:00,0.00022252021738256023
2024-04-30 00:00:00+00:00,0.0036452470469340303
2024-05-01 00:00:00+00:00,-0.0007737573030901501
2024-05-02 00:00:00+00:00,-0.0009463721627292641
2024-05-03 00:00:00+00:00,0.00021248401500234548
2024-05-06 00:00:00+00:00,-0.0011783191943432747
2024-05-07 00:00:00+00:00,-0.0024461379999771602
2024-05-08 00:00:00+00:00,0.00041728742140587083
2024-05-09 00:00:00+00:00,0.0006917186823212629
2024-05-10 00:00:00+00:00,-0.0009805369932853192
2024-05-13 00:00:00+00:00,0.0006360026660680584
2024-05-14 00:00:00+00:00,0.000801843845584016
2024-05-15 00:00:00+00:00,-9.757365165896648e-05
2024-05-16 00:00:00+00:00,-0.0008761748743282838
2024-05-17 00:00:00+00:00,0.0003923076219513322
2024-05-20 00:00:00+00:00,0.0007170339834485897
2024-05-21 00:00:00+00:00,-0.00046525453080492607
2024-05-22 00:00:00+00:00,0.0014438390659809175
2024-05-23 00:00:00+00:00,-0.00034042008591383954
2024-05-24 00:00:00+00:00,0.00010878557768653763
2024-05-28 00:00:00+00:00,0.00020828473747500076
2024-05-29 00:00:00+00:00,-0.00023524172037209246
2024-05-30 00:00:00+00:00,-9.74055574284316e-05
2024-05-31 00:00:00+00:00,0.00044199456272614457
2024-06-03 00:00:00+00:00,-0.002937213474952588
2024-06-04 00:00:00+00:00,-0.0015682390492943177
2024-06-05 00:00:00+00:00,-0.0015891257829915295
2024-06-06 00:00:00+00:00,0.002224264615576288
2024-06-07 00:00:00+00:00,0.00015330389186568594
2024-06-10 00:00:00+00:00,0.00011724745986510521
2024-06-11 00:00:00+00:00,-0.0012698219725396365
2024-06-12 00:00:00+00:00,-0.0006783841254506262
2024-06-13 00:00:00+00:00,-0.001462446162658948
2024-06-14 00:00:00+00:00,0.0006493426697238569
2024-06-17 00:00:00+00:00,-4.382049474424554e-05
2024-06-18 00:00:00+00:00,-0.0018951565216821509
2024-06-20 00:00:00+00:00,0.0012557377881350753
2024-06-21 00:00:00+00:00,-0.0007110018959813891
2024-06-24 00:00:00+00:00,-0.0005757906890543896
2024-06-25 00:00:00+00:00,-0.0011459450025599338
2024-06-26 00:00:00+00:00,0.0011996350188098748
2024-06-27 00:00:00+00:00,-0.0013776903451249156
2024-06-28 00:00:00+00:00,0.0003809575554196698
2024-07-01 00:00:00+00:00,0.0004939948675748151
2024-07-02 00:00:00+00:00,0.0003958303953048581
2024-07-03 00:00:00+00:00,0.0009520319231246799
2024-07-05 00:00:00+00:00,-0.00022566111795396804
2024-07-08 00:00:00+00:00,0.000978968379342915
2024-07-09 00:00:00+00:00,0.00020281668974315731
2024-07-10 00:00:00+00:00,-0.0001588826804832244
2024-07-11 00:00:00+00:00,-0.0020020924361675574
2024-07-12 00:00:00+00:00,-0.0023460931557051645
2024-07-15 00:00:00+00:00,-0.0009078264023136273
2024-07-16 00:00:00+00:00,-0.0038059745271463163
2024-07-17 00:00:00+00:00,-0.0012067029786668902
2024-07-18 00:00:00+00:00,0.00021662294077473554
2024-07-19 00:00:00+00:00,-0.0006245374509157853
2024-07-22 00:00:00+00:00,0.0010197586394639357
2024-07-23 00:00:00+00:00,-0.0010103417614444332
2024-07-24 00:00:00+00:00,-0.002046870324005301
2024-07-25 00:00:00+00:00,2.4556616366716577e-05
2024-07-26 00:00:00+00:00,-0.0024637304540784943
2024-07-29 00:00:00+00:00,0.0007877468657286057
2024-07-30 00:00:00+00:00,-0.002485070594284877
2024-07-31 00:00:00+00:00,0.0024881240638918167
2024-08-01 00:00:00+00:00,-0.002657587686505092
2024-08-02 00:00:00+00:00,-0.0025687857881427356
2024-08-05 00:00:00+00:00,-0.0005852759433242647
2024-08-06 00:00:00+00:00,-0.001351774640842296
2024-08-07 00:00:00+00:00,-0.0015105588975421079
2024-08-08 00:00:00+00:00,-0.001122560354718821
2024-08-09 00:00:00+00:00,-1.385062827667912e-05
2024-08-12 00:00:00+00:00,0.0005773994812647678
2024-08-13 00:00:00+00:00,-0.00047429273942835564
2024-08-14 00:00:00+00:00,-0.0008833775139571618
2024-08-15 00:00:00+00:00,-0.0002893315155549081
2024-08-16 00:00:00+00:00,-0.00022510728354135923
2024-08-19 00:00:00+00:00,0.0024916878614111406
2024-08-20 00:00:00+00:00,0.003838246862159789
2024-08-21 00:00:00+00:00,0.0018928372150453787
2024-08-22 00:00:00+00:00,-0.0004971284788681807
2024-08-23 00:00:00+00:00,-0.0016154904442697293
2024-08-26 00:00:00+00:00,-0.003948642927761592
2024-08-27 00:00:00+00:00,0.0008858647446889634
2024-08-28 00:00:00+00:00,0.0012887078196643642
2024-08-29 00:00:00+00:00,-0.0031080678148922014
2024-08-30 00:00:00+00:00,0.000618931606917561
2024-09-03 00:00:00+00:00,0.0027349850266258358
2024-09-04 00:00:00+00:00,0.002403630034127663
2024-09-05 00:00:00+00:00,0.0013882156206586338
2024-09-06 00:00:00+00:00,0.00024307271633169925
2024-09-09 00:00:00+00:00,-0.004340361684172234
2024-09-10 00:00:00+00:00,0.0072630659063099845
2024-09-11 00:00:00+00:00,0.002964713063990887
2024-09-12 00:00:00+00:00,-0.004448235104782289
2024-09-13 00:00:00+00:00,0.001172624914321685
2024-09-16 00:00:00+00:00,-0.0011774343716806634
2024-09-17 00:00:00+00:00,-0.0019305056966452128
2024-09-18 00:00:00+00:00,0.0007565991522033855
2024-09-19 00:00:00+00:00,-0.006006506121242566
2024-09-20 00:00:00+00:00,0.0036322743010387126
2024-09-23 00:00:00+00:00,-0.005090689610433102
2024-09-24 00:00:00+00:00,0.000651305228953819
2024-09-25 00:00:00+00:00,0.003951195999005702
2024-09-26 00:00:00+00:00,-0.0011225954327428343
2024-09-27 00:00:00+00:00,0.0013449570064387462
2024-09-30 00:00:00+00:00,0.0007756085840529003
2024-10-01 00:00:00+00:00,-0.0013277641879471
2024-10-02 00:00:00+00:00,-0.00013038942159507294
2024-10-03 00:00:00+00:00,-0.00029635894603852186
2024-10-04 00:00:00+00:00,-0.0003525712864126951
2024-10-07 00:00:00+00:00,-0.001969899913014217
2024-10-08 00:00:00+00:00,-0.0015052351313312173
2024-10-09 00:00:00+00:00,-0.0003134257211321323
2024-10-10 00:00:00+00:00,-0.0009606729712611228
2024-10-11 00:00:00+00:00,-0.0002975920190753656
2024-10-14 00:00:00+00:00,0.0006803069286696996
2024-10-15 00:00:00+00:00,0.0005221805158952819
2024-10-16 00:00:00+00:00,0.0019824709980909294
2024-10-17 00:00:00+00:00,-0.0014682396948915433
2024-10-18 00:00:00+00:00,0.0008250919569076642
2024-10-21 00:00:00+00:00,-0.0009634383078844788
2024-10-22 00:00:00+00:00,0.0008973534452951792
2024-10-23 00:00:00+00:00,0.0005836714256541422
2024-10-24 00:00:00+00:00,-0.0010112105004688177
2024-10-25 00:00:00+00:00,0.00029380225984723674
2024-10-28 00:00:00+00:00,0.00014832820647944778
2024-10-29 00:00:00+00:00,0.0005301043441030551
2024-10-30 00:00:00+00:00,0.0006486790323576852
2024-10-31 00:00:00+00:00,-0.00034976881128634396
2024-11-01 00:00:00+00:00,-0.0004044453658283596
2024-11-04 00:00:00+00:00,0.000392160332014696
2024-11-05 00:00:00+00:00,-0.0009669649400937952
2024-11-06 00:00:00+00:00,6.283571214250622e-05
2024-11-07 00:00:00+00:00,-0.0019769095366541367
2024-11-08 00:00:00+00:00,0.002228431630586919
2024-11-11 00:00:00+00:00,-0.0015741347138303052
2024-11-12 00:00:00+00:00,0.0013438155570910937
2024-11-13 00:00:00+00:00,-0.0009200702311660258
2024-11-14 00:00:00+00:00,-0.0026328546816349885
2024-11-15 00:00:00+00:00,0.004387499053376542
2024-11-18 00:00:00+00:00,-0.0008875848142574916
2024-11-19 00:00:00+00:00,0.002946560542899157
2024-11-20 00:00:00+00:00,0.0017471116415697097
2024-11-21 00:00:00+00:00,0.0014373759473916836
2024-11-22 00:00:00+00:00,-0.00135107869786949
2024-11-25 00:00:00+00:00,-0.004278885503835322
2024-11-26 00:00:00+00:00,-0.003295980414821098
2024-11-27 00:00:00+00:00,0.0005294990441750691
2024-11-29 00:00:00+00:00,-0.0003841389100607828
2024-12-02 00:00:00+00:00,-0.0014106232091194992
2024-12-03 00:00:00+00:00,-0.0007324191040741224
2024-12-04 00:00:00+00:00,-0.005840821843273225
2024-12-05 00:00:00+00:00,0.00026990660420284085
2024-12-06 00:00:00+00:00,0.0008633848114041609
2024-12-09 00:00:00+00:00,-0.004326666091398035
2024-12-10 00:00:00+00:00,0.00172905641378715
2024-12-11 00:00:00+00:00,0.002404019629102333
2024-12-12 00:00:00+00:00,0.0011695364263167307
2024-12-13 00:00:00+00:00,-0.0021113896836005286
2024-12-16 00:00:00+00:00,-0.002399061982041889
2024-12-17 00:00:00+00:00,0.0009206862166790397
2024-12-18 00:00:00+00:00,-0.0011202621946881652
2024-12-19 00:00:00+00:00,-0.0008373305433416909
2024-12-20 00:00:00+00:00,2.4381597019285106e-05
2024-12-23 00:00:00+00:00,0.0007390341655363897
2024-12-24 00:00:00+00:00,-0.00017793181894304455
2024-12-26 00:00:00+00:00,0.00010116252630171241
2024-12-27 00:00:00+00:00,-2.628271083970901e-05
2024-12-30 00:00:00+00:00,-0.0008449187189017715
2024-12-31 00:00:00+00:00,0.0023272721205550018
2025-01-02 00:00:00+00:00,-0.0013132161177694113
2025-01-03 00:00:00+00:00,0.0003965278569328379
2025-01-06 00:00:00+00:00,7.655409534107482e-05
2025-01-07 00:00:00+00:00,0.0005711113350943542
2025-01-08 00:00:00+00:00,-0.003335372596726227
2025-01-10 00:00:00+00:00,-0.00015
2025-01-13 00:00:00+00:00,0.0
2025-01-14 00:00:00+00:00,0.0
2025-01-15 00:00:00+00:00,0.0
2025-01-16 00:00:00+00:00,0.0
2025-01-17 00:00:00+00:00,0.0
2025-01-21 00:00:00+00:00,0.0
2025-01-22 00:00:00+00:00,0.0
2025-01-23 00:00:00+00:00,0.0
2025-01-24 00:00:00+00:00,0.0
2025-01-27 00:00:00+00:00,0.0
2025-01-28 00:00:00+00:00,-0.0009857634646008471
2025-01-29 00:00:00+00:00,0.0018059177495413081
2025-01-30 00:00:00+00:00,-0.00020971818078885374
2025-01-31 00:00:00+00:00,-0.000957912640479619
2025-02-03 00:00:00+00:00,-0.0010552453776837166
2025-02-04 00:00:00+00:00,-0.00039591446143216746
2025-02-05 00:00:00+00:00,-0.0013583287277904033
2025-02-06 00:00:00+00:00,-0.00017594445212337773
2025-02-07 00:00:00+00:00,-0.00024019443767259174
2025-02-10 00:00:00+00:00,-0.002697643523123794
2025-02-11 00:00:00+00:00,0.00043234771864159027
2025-02-12 00:00:00+00:00,-0.0008791196536317714
2025-02-13 00:00:00+00:00,-0.003030275933314397
2025-02-14 00:00:00+00:00,0.0026072478459875925
2025-02-18 00:00:00+00:00,-2.1396102549142704e-06
2025-02-19 00:00:00+00:00,0.0018212876106912523
2025-02-20 00:00:00+00:00,-1.734059456973136e-05
2025-02-21 00:00:00+00:00,0.0015559560640459325
2025-02-24 00:00:00+00:00,-0.002202913094147829
2025-02-25 00:00:00+00:00,0.0006957342809424671
2025-02-26 00:00:00+00:00,0.0009646561178373869
2025-02-27 00:00:00+00:00,0.001991302277352447
2025-02-28 00:00:00+00:00,0.0021194430392090513
2025-03-03 00:00:00+00:00,-0.0019812681831810064
2025-03-04 00:00:00+00:00,-0.0018516735090564618
2025-03-05 00:00:00+00:00,0.0019353368626265745
2025-03-06 00:00:00+00:00,0.0005601051859638329
2025-03-07 00:00:00+00:00,-0.0003906114140811434
2025-03-10 00:00:00+00:00,-0.0010723183669348766
2025-03-11 00:00:00+00:00,0.0007835642351235184
2025-03-12 00:00:00+00:00,-0.0012573800802545719
2025-03-13 00:00:00+00:00,-6.487392081866439e-07
2025-03-14 00:00:00+00:00,2.9254340772943976e-05
2025-03-17 00:00:00+00:00,8.314754173338601e-05
2025-03-18 00:00:00+00:00,-0.0016888548961739025
2025-03-19 00:00:00+00:00,-0.0005560724056926369
2025-03-20 00:00:00+00:00,-8.552476506100675e-05
2025-03-21 00:00:00+00:00,0.00042918333976069145
2025-03-24 00:00:00+00:00,-0.0011006965803346813
2025-03-25 00:00:00+00:00,-0.0016519501879006249
2025-03-26 00:00:00+00:00,0.0005897534976822549
2025-03-27 00:00:00+00:00,-0.0002972711176144338
2025-03-28 00:00:00+00:00,0.0028940240129739503
2025-03-31 00:00:00+00:00,0.0012919252454185737
2025-04-01 00:00:00+00:00,0.0011761437057868918
2025-04-02 00:00:00+00:00,-0.000796148722555845
2025-04-03 00:00:00+00:00,0.0013905616464441996
2025-04-04 00:00:00+00:00,-0.005332241674004645
2025-04-07 00:00:00+00:00,-0.003038130271831918
2025-04-08 00:00:00+00:00,0.0013889664101477683
2025-04-09 00:00:00+00:00,0.004409881562923712
2025-04-10 00:00:00+00:00,0.001548896327412036
2025-04-11 00:00:00+00:00,-0.0009086109327982759
2025-04-14 00:00:00+00:00,-0.0043066141768539346
2025-04-15 00:00:00+00:00,0.0033967446073239205
2025-04-16 00:00:00+00:00,0.0046847824475947375
2025-04-17 00:00:00+00:00,-0.0023929857360460716
2025-04-21 00:00:00+00:00,0.005428764292253391
2025-04-22 00:00:00+00:00,-0.002729273840106727
2025-04-23 00:00:00+00:00,-0.0063358763619948966
2025-04-24 00:00:00+00:00,0.007519889611831171
2025-04-25 00:00:00+00:00,0.003716060072935401
2025-04-28 00:00:00+00:00,0.00013803942257004098
2025-04-29 00:00:00+00:00,-0.0008852166930367056
2025-04-30 00:00:00+00:00,-0.00269156984396568
2025-05-01 00:00:00+00:00,0.002952675885402961
2025-05-02 00:00:00+00:00,-0.0020053325564673872
2025-05-05 00:00:00+00:00,0.00014599723032933127
2025-05-06 00:00:00+00:00,0.0023298234483075664
2025-05-07 00:00:00+00:00,-0.0006841925258942172
2025-05-08 00:00:00+00:00,0.002402471205701473
2025-05-09 00:00:00+00:00,0.002079261463628246
2025-05-12 00:00:00+00:00,-0.00014398928183215198
2025-05-13 00:00:00+00:00,0.00119755623103035
2025-05-14 00:00:00+00:00,0.0009234580403965353
2025-05-15 00:00:00+00:00,-0.006688643446643661
2025-05-16 00:00:00+00:00,-0.0010886198303887871
2025-05-19 00:00:00+00:00,0.001030002565205329
2025-05-20 00:00:00+00:00,-0.0010399238531407506
2025-05-21 00:00:00+00:00,-0.00035158657664496884
2025-05-22 00:00:00+00:00,0.003012080007292889
2025-05-23 00:00:00+00:00,-0.0007000658115387526
2025-05-27 00:00:00+00:00,-0.0008413290523423432
2025-05-28 00:00:00+00:00,0.0009803136067985663
2025-05-29 00:00:00+00:00,-0.0009560526300471661
2025-05-30 00:00:00+00:00,0.0007771005576502343
2025-06-02 00:00:00+00:00,-0.005059514821835337
2025-06-03 00:00:00+00:00,-0.0002145617785828946
2025-06-04 00:00:00+00:00,0.001132135999920958
2025-06-05 00:00:00+00:00,-0.005722798092215431
2025-06-06 00:00:00+00:00,-0.0024743530056002827
2025-06-09 00:00:00+00:00,-0.002607848522291484
2025-06-10 00:00:00+00:00,0.0007158921940221274
2025-06-11 00:00:00+00:00,0.001777994285624418
2025-06-12 00:00:00+00:00,0.0009041260115147942
2025-06-13 00:00:00+00:00,0.0018377412435002238
2025-06-16 00:00:00+00:00,-0.0018524699245565934
2025-06-17 00:00:00+00:00,-0.00015
2025-06-18 00:00:00+00:00,0.0
2025-06-20 00:00:00+00:00,0.0
2025-06-23 00:00:00+00:00,0.0
2025-06-24 00:00:00+00:00,0.0
2025-06-25 00:00:00+00:00,0.0
2025-06-26 00:00:00+00:00,0.0
2025-06-27 00:00:00+00:00,0.0
2025-06-30 00:00:00+00:00,0.0
2025-07-01 00:00:00+00:00,0.0
2025-07-02 00:00:00+00:00,0.0
2025-07-03 00:00:00+00:00,0.0
2025-07-07 00:00:00+00:00,0.0
2025-07-08 00:00:00+00:00,0.0
2025-07-09 00:00:00+00:00,0.0
2025-07-10 00:00:00+00:00,0.0
2025-07-11 00:00:00+00:00,0.0
2025-07-14 00:00:00+00:00,0.0
2025-07-15 00:00:00+00:00,-0.0007433793796473185
2025-07-16 00:00:00+00:00,-0.00023489274222049383
2025-07-17 00:00:00+00:00,0.00849896023468753
2025-07-18 00:00:00+00:00,-0.0033436811504436448
2025-07-21 00:00:00+00:00,7.23526431824495e-05
2025-07-22 00:00:00+00:00,-0.0002966303500820944
2025-07-23 00:00:00+00:00,0.00018429087603580308
2025-07-24 00:00:00+00:00,-6.255869523141833e-05
2025-07-25 00:00:00+00:00,-0.0007730419520926568
2025-07-28 00:00:00+00:00,-0.0028603135327840146
2025-07-29 00:00:00+00:00,0.004281354575283225
2025-07-30 00:00:00+00:00,-0.0023948646565083997
2025-07-31 00:00:00+00:00,-0.005237518809349695
2025-08-01 00:00:00+00:00,0.000865799764623032
2025-08-04 00:00:00+00:00,0.0004183412615018367
2025-08-05 00:00:00+00:00,0.0010810376517911835
2025-08-06 00:00:00+00:00,0.0020748745578126893
2025-08-07 00:00:00+00:00,0.003072809769112561
2025-08-08 00:00:00+00:00,0.00019446651576321416
2025-08-11 00:00:00+00:00,0.0020781629972339843
2025-08-12 00:00:00+00:00,0.000810927188774957
2025-08-13 00:00:00+00:00,0.000324864655663365
2025-08-14 00:00:00+00:00,-0.003155165184533404
2025-08-15 00:00:00+00:00,0.0013405686901484803
2025-08-18 00:00:00+00:00,-0.002350038794384779
2025-08-19 00:00:00+00:00,0.0031217559647571114
2025-08-20 00:00:00+00:00,0.001194923359414013
2025-08-21 00:00:00+00:00,0.0006713779650930618
2025-08-22 00:00:00+00:00,-0.002103711959011184
2025-08-25 00:00:00+00:00,-0.004335140906806034
2025-08-26 00:00:00+00:00,-0.000966312311912648
2025-08-27 00:00:00+00:00,0.0004147119078290462
2025-08-28 00:00:00+00:00,-9.893241359107933e-05
2025-08-29 00:00:00+00:00,-0.0008766324501886802
2025-09-02 00:00:00+00:00,-0.0009685408234930415
2025-09-03 00:00:00+00:00,-0.0015160127058312378
2025-09-04 00:00:00+00:00,0.0008292250737514384
2025-09-05 00:00:00+00:00,2.0320103160831327e-05
2025-09-08 00:00:00+00:00,1.5668063570783985e-05
2025-09-09 00:00:00+00:00,-0.00045319593058848473
2025-09-10 00:00:00+00:00,0.0006948214207404546
2025-09-11 00:00:00+00:00,-0.00015
2025-09-12 00:00:00+00:00,0.0
2025-09-15 00:00:00+00:00,0.0
2025-09-16 00:00:00+00:00,0.0006367247263477762
2025-09-17 00:00:00+00:00,0.000919353808359169
2025-09-18 00:00:00+00:00,0.0016898831986827123
2025-09-19 00:00:00+00:00,0.0012823374181976654
2025-09-22 00:00:00+00:00,0.00019419989455560227
2025-09-23 00:00:00+00:00,-0.0005426060987211989
2025-09-24 00:00:00+00:00,0.0013595295073793312
2025-09-25 00:00:00+00:00,-0.0004299391345840564
2025-09-26 00:00:00+00:00,-0.0011044097789861818
2025-09-29 00:00:00+00:00,-0.00015
2025-09-30 00:00:00+00:00,-6.292088235420031e-05
2025-10-01 00:00:00+00:00,-0.00015
2025-10-02 00:00:00+00:00,-0.0002708200960147176
2025-10-03 00:00:00+00:00,-5.3200747380299784e-05
2025-10-06 00:00:00+00:00,-0.0007837679817308705
2025-10-07 00:00:00+00:00,0.0009139145474645061
2025-10-08 00:00:00+00:00,-0.00039856741807048346
2025-10-09 00:00:00+00:00,0.001110123908934224
2025-10-10 00:00:00+00:00,0.0032458280192944333
2025-10-13 00:00:00+00:00,0.0004181573276734853
2025-10-14 00:00:00+00:00,-0.0031638891651196988
2025-10-15 00:00:00+00:00,0.0018633744252110618
2025-10-16 00:00:00+00:00,-0.0032305996941675184
2025-10-17 00:00:00+00:00,-0.003156200892485972
2025-10-20 00:00:00+00:00,-0.0013089885431001869
2025-10-21 00:00:00+00:00,-0.00855977917407974
2025-10-22 00:00:00+00:00,0.003560268881019607
2025-10-23 00:00:00+00:00,0.004095665337493504
2025-10-24 00:00:00+00:00,0.0009256426998283107
2025-10-27 00:00:00+00:00,-0.0016572061888620038
2025-10-28 00:00:00+00:00,-0.0003067228279134693
2025-10-29 00:00:00+00:00,0.008182779086761582
2025-10-30 00:00:00+00:00,-0.002446348906288559
2025-10-31 00:00:00+00:00,-0.001700029659013974
2025-11-03 00:00:00+00:00,0.0050467151076973304
2025-11-04 00:00:00+00:00,-0.0003668987738610352
2025-11-05 00:00:00+00:00,-0.0007923995758786773
2025-11-06 00:00:00+00:00,0.00017053888780549364
2025-11-07 00:00:00+00:00,-0.0018209608043015524
2025-11-10 00:00:00+00:00,-4.896322248140739e-05
2025-11-11 00:00:00+00:00,0.0021717434756864775
2025-11-12 00:00:00+00:00,-0.00034556150091394344
2025-11-13 00:00:00+00:00,-0.00019232375360152528
2025-11-14 00:00:00+00:00,0.0008776237424352185
2025-11-17 00:00:00+00:00,-0.0010256905448581821
2025-11-18 00:00:00+00:00,0.0011796948279030606
2025-11-19 00:00:00+00:00,-0.0014179718715822132
2025-11-20 00:00:00+00:00,0.0018298547993009784
2025-11-21 00:00:00+00:00,0.0010885171716556452
2025-11-24 00:00:00+00:00,-0.0018415692659354277
2025-11-25 00:00:00+00:00,-0.0013672443864912454
2025-11-26 00:00:00+00:00,-0.0017975290190961942
2025-11-28 00:00:00+00:00,-0.0030803952664574252
2025-12-01 00:00:00+00:00,-0.004073666424004613
2025-12-02 00:00:00+00:00,-0.006426276178223056
2025-12-03 00:00:00+00:00,0.000480998207876393
2025-12-04 00:00:00+00:00,0.001398886420340778
2025-12-05 00:00:00+00:00,-0.003936984626214196
2025-12-08 00:00:00+00:00,0.0007773078426854818
2025-12-09 00:00:00+00:00,-0.004062932511949974
2025-12-10 00:00:00+00:00,-0.0012589377282139769
2025-12-11 00:00:00+00:00,-0.003606093452056469
2025-12-12 00:00:00+00:00,0.004324267458267195
2025-12-15 00:00:00+00:00,0.0013069235218356456
2025-12-16 00:00:00+00:00,-0.0016573641668009287
2025-12-17 00:00:00+00:00,0.000982013937565529
2025-12-18 00:00:00+00:00,-0.00072844434080091
2025-12-19 00:00:00+00:00,-0.0008594235846450136
2025-12-22 00:00:00+00:00,-0.0006172532928923613
2025-12-23 00:00:00+00:00,-0.0014928606640277065
2025-12-24 00:00:00+00:00,0.0009581506192622713
2025-12-26 00:00:00+00:00,-0.000660208415476482
2025-12-29 00:00:00+00:00,-0.0014524765661981798
2025-12-30 00:00:00+00:00,-0.0005225537149168569
2025-12-31 00:00:00+00:00,0.0009955744376713427
2026-01-02 00:00:00+00:00,-0.0040097416272086295
2026-01-05 00:00:00+00:00,-0.0031114993054465467
2026-01-06 00:00:00+00:00,0.0031046520432481683
2026-01-07 00:00:00+00:00,0.0034242518215937545
2026-01-08 00:00:00+00:00,-0.0012896680635195445
2026-01-09 00:00:00+00:00,0.002996361484681559
2026-01-12 00:00:00+00:00,0.0024617788768463546
2026-01-13 00:00:00+00:00,0.001408305532538884
2026-01-14 00:00:00+00:00,0.0036997791660539903
2026-01-15 00:00:00+00:00,4.7582569477289116e-05
2026-01-16 00:00:00+00:00,-0.00046359461419611097
2026-01-20 00:00:00+00:00,-0.0018548629273343886
2026-01-21 00:00:00+00:00,-0.0016694173752461183
2026-01-22 00:00:00+00:00,-0.0007268458588783888
2026-01-23 00:00:00+00:00,0.0031227253686225975
2026-01-26 00:00:00+00:00,0.0004947435529344679
2026-01-27 00:00:00+00:00,-0.0018146075119858107
2026-01-28 00:00:00+00:00,-0.004610363477855178
2026-01-29 00:00:00+00:00,0.0008882910693083779
2026-01-30 00:00:00+00:00,-0.0037350044508042968
2026-02-02 00:00:00+00:00,0.0046807732727244256
2026-02-03 00:00:00+00:00,-0.0066183193215798575
2026-02-04 00:00:00+00:00,0.0024509231208088567
2026-02-05 00:00:00+00:00,-0.0049163658903320084
2026-02-06 00:00:00+00:00,-0.001358098335741631
2026-02-09 00:00:00+00:00,0.0009044073491351612
2026-02-10 00:00:00+00:00,0.00011964903498312696
2026-02-11 00:00:00+00:00,0.0006587016380428801
2026-02-12 00:00:00+00:00,-0.0015377160391775724
2026-02-13 00:00:00+00:00,-0.0048068332929232516
2026-02-17 00:00:00+00:00,0.003417536047164255
2026-02-18 00:00:00+00:00,-0.000762991519782541
2026-02-19 00:00:00+00:00,-0.00017363707838258247
2026-02-20 00:00:00+00:00,0.0009840409446110199
2026-02-23 00:00:00+00:00,-0.0011699336481392208
2026-02-24 00:00:00+00:00,-0.0010664395831875171
2026-02-25 00:00:00+00:00,0.003357964970083116
2026-02-26 00:00:00+00:00,-0.0012719455941851143
2026-02-27 00:00:00+00:00,0.0007791390730422787
2026-03-02 00:00:00+00:00,-0.0021188742862903454
2026-03-03 00:00:00+00:00,-0.0027115684300581143
2026-03-04 00:00:00+00:00,0.0006921316534505007
2026-03-05 00:00:00+00:00,-0.002860063135900759
2026-03-06 00:00:00+00:00,-0.0004907933915825613
2026-03-09 00:00:00+00:00,0.002327186792178748
2026-03-10 00:00:00+00:00,0.0002987893285359422
2026-03-11 00:00:00+00:00,0.0006544492222666509
2026-03-12 00:00:00+00:00,-0.0017392323132460197
2026-03-13 00:00:00+00:00,-0.0006917631299578897
2026-03-16 00:00:00+00:00,0.002031381393817866
2026-03-17 00:00:00+00:00,4.864326591580426e-06
2026-03-18 00:00:00+00:00,-0.0013963557304721985
2026-03-19 00:00:00+00:00,0.0027156332820068574
2026-03-20 00:00:00+00:00,-0.003050886155453486
2026-03-23 00:00:00+00:00,0.0020399442418923552
2026-03-24 00:00:00+00:00,-0.0023779985433353412
2026-03-25 00:00:00+00:00,0.00010825406017223038
2026-03-26 00:00:00+00:00,-0.0013098893163006886
2026-03-27 00:00:00+00:00,0.00036995684162355325
2026-03-30 00:00:00+00:00,7.981997982586808e-05
2026-03-31 00:00:00+00:00,-0.00015
2026-04-01 00:00:00+00:00,0.0
2026-04-02 00:00:00+00:00,0.0
2026-04-06 00:00:00+00:00,0.0
2026-04-07 00:00:00+00:00,0.0
2026-04-08 00:00:00+00:00,0.0
2026-04-09 00:00:00+00:00,0.0
2026-04-10 00:00:00+00:00,0.0
2026-04-13 00:00:00+00:00,0.0
2026-04-14 00:00:00+00:00,0.0
2026-04-15 00:00:00+00:00,0.0
2026-04-16 00:00:00+00:00,0.0
2026-04-17 00:00:00+00:00,0.0
2026-04-20 00:00:00+00:00,0.0
2026-04-21 00:00:00+00:00,0.0
2026-04-22 00:00:00+00:00,0.0
2026-04-23 00:00:00+00:00,0.0
2026-04-24 00:00:00+00:00,0.0
2026-04-27 00:00:00+00:00,0.0
2026-04-28 00:00:00+00:00,0.0
2026-04-29 00:00:00+00:00,0.0
2026-04-30 00:00:00+00:00,0.0007804979730987429
2026-05-01 00:00:00+00:00,-0.0018071537239639501
2026-05-04 00:00:00+00:00,-0.001447879670197466
2026-05-05 00:00:00+00:00,0.0016145612901842799
2026-05-06 00:00:00+00:00,0.0013955527663005451
2026-05-07 00:00:00+00:00,-0.0010709163682213196
2026-05-08 00:00:00+00:00,-0.0004079456104496282
2026-05-11 00:00:00+00:00,-0.00414808775004788
2026-05-12 00:00:00+00:00,-0.0011939186155901504
2026-05-13 00:00:00+00:00,-0.001704779575666976
2026-05-14 00:00:00+00:00,0.0017742604087022107
2026-05-15 00:00:00+00:00,0.0009120074653511225
2026-05-18 00:00:00+00:00,-0.0010465099121134691
2026-05-19 00:00:00+00:00,-0.00040556811236200363
2026-05-20 00:00:00+00:00,0.0006260238951801833
2026-05-21 00:00:00+00:00,-0.0005669357030023414
2026-05-22 00:00:00+00:00,0.0004234720083573229
2026-05-26 00:00:00+00:00,-0.003120878516294695
2026-05-27 00:00:00+00:00,-0.0007474653012365662
2026-05-28 00:00:00+00:00,0.0020866004273204786
2026-05-29 00:00:00+00:00,0.0029132649194963667
2026-06-01 00:00:00+00:00,-0.0031629841954370352
2026-06-02 00:00:00+00:00,0.0007625482955904428
2026-06-03 00:00:00+00:00,-0.00030961116956604307
2026-06-04 00:00:00+00:00,0.004213595337836634
2026-06-05 00:00:00+00:00,-0.0056776680798121815
2026-06-08 00:00:00+00:00,-0.0004733289379703076
2026-06-09 00:00:00+00:00,-0.002352158244372432
2026-06-10 00:00:00+00:00,-0.00944011225839142
2026-06-11 00:00:00+00:00,0.0035559096888193586
2026-06-12 00:00:00+00:00,-1.0371014484328165e-05
2026-06-15 00:00:00+00:00,0.005527220344684625
2026-06-16 00:00:00+00:00,0.0018194100190201123
2026-06-17 00:00:00+00:00,-0.0026670274223565826
2026-06-18 00:00:00+00:00,0.0020254207676413116
2026-06-22 00:00:00+00:00,-0.0014225983775970341
2026-06-23 00:00:00+00:00,-0.000539403119356241
2026-06-24 00:00:00+00:00,-0.0007339825047023574
2026-06-25 00:00:00+00:00,9.797830369140392e-05
2026-06-26 00:00:00+00:00,-0.003836688595919291
2026-06-29 00:00:00+00:00,-0.002575051798057365
2026-06-30 00:00:00+00:00,-0.0013649993457192809
2026-07-01 00:00:00+00:00,0.002040695930470832
2026-07-02 00:00:00+00:00,-0.00611946853235662
2026-07-06 00:00:00+00:00,0.0032309685080682106
2026-07-07 00:00:00+00:00,-0.003446213505986173
2026-07-08 00:00:00+00:00,0.004012929851637215
2026-07-09 00:00:00+00:00,0.004755273757055534
2026-07-10 00:00:00+00:00,-0.0029367977850910665
2026-07-13 00:00:00+00:00,-0.004434306141010508
2026-07-14 00:00:00+00:00,0.0025817322307478963
2026-07-15 00:00:00+00:00,0.0035751428390893847
2026-07-16 00:00:00+00:00,-0.006910431597587918
2026-07-17 00:00:00+00:00,0.010161597014971352
2026-07-20 00:00:00+00:00,-0.0006472643254202826
2026-07-21 00:00:00+00:00,-0.002026809832584908
2026-07-22 00:00:00+00:00,-0.00209892170623438
2026-07-23 00:00:00+00:00,0.0028805099190922223
2026-07-24 00:00:00+00:00,-0.004814490812036276
2026-07-27 00:00:00+00:00,-0.006764856829064525
2026-07-28 00:00:00+00:00,-0.012815565850016503
2026-07-29 00:00:00+00:00,-0.0019767714507370913
2026-07-30 00:00:00+00:00,-0.0010969705021984964
2026-07-31 00:00:00+00:00,0.00798356264369987
2026-08-03 00:00:00+00:00,-0.0006159638980119952
2026-08-04 00:00:00+00:00,-0.004886052532919183
2026-08-05 00:00:00+00:00,0.002739544291600532
2026-08-06 00:00:00+00:00,-0.0004623823928793791
2026-08-07 00:00:00+00:00,-0.0005297902172246016
2026-08-10 00:00:00+00:00,0.0020220905067349915
2026-08-11 00:00:00+00:00,0.0026645218886849897
2026-08-12 00:00:00+00:00,0.0008982036797847426
2026-08-13 00:00:00+00:00,0.0017247381270076413
2026-08-14 00:00:00+00:00,0.0014969014060852714
2026-08-17 00:00:00+00:00,0.0002514290975128954
2026-08-18 00:00:00+00:00,-0.0008345192784897093
2026-08-19 00:00:00+00:00,0.0021179985235573575
2026-08-20 00:00:00+00:00,-0.0018559256800196322
2026-08-21 00:00:00+00:00,0.0016610142285670704
2026-08-24 00:00:00+00:00,0.0020034205450038534
2026-08-25 00:00:00+00:00,0.0003615433212694752
2026-08-26 00:00:00+00:00,-0.0015773520083156856
2026-08-27 00:00:00+00:00,-0.0011397368361826532
2026-08-28 00:00:00+00:00,-0.001629344183753323
2026-08-31 00:00:00+00:00,-0.0003450829222522711
2026-09-01 00:00:00+00:00,-0.001663913102856046
2026-09-02 00:00:00+00:00,0.0008856956718940046
2026-09-03 00:00:00+00:00,-0.00015
2026-09-04 00:00:00+00:00,0.0
2026-09-08 00:00:00+00:00,0.0
2026-09-09 00:00:00+00:00,0.0
2026-09-10 00:00:00+00:00,0.0
2026-09-11 00:00:00+00:00,-1.974312267073993e-05
2026-09-14 00:00:00+00:00,-0.000333798142920505
2026-09-15 00:00:00+00:00,-0.00023262386148953373
2026-09-16 00:00:00+00:00,0.0012796041392270086
2026-09-17 00:00:00+00:00,5.717915286673758e-05
2026-09-18 00:00:00+00:00,-0.001362019078159471
2026-09-21 00:00:00+00:00,0.0010131637960983653
2026-09-22 00:00:00+00:00,-0.0010651309784822094
2026-09-23 00:00:00+00:00,-0.0003641878365880924
2026-09-24 00:00:00+00:00,-0.0006813294143961923
2026-09-25 00:00:00+00:00,0.0006160719183679053
2026-09-28 00:00:00+00:00,-0.0005433257994529317
2026-09-29 00:00:00+00:00,-0.00013256414381263015
