entrada,salida,lado,ret,velas
2000-01-04 00:00:00+00:00,2000-01-04 00:00:00+00:00,1,-0.02136540129814072,1
2000-01-05 00:00:00+00:00,2000-01-05 00:00:00+00:00,1,-0.0038787388059557722,1
2000-01-06 00:00:00+00:00,2000-01-06 00:00:00+00:00,1,0.0034485074508304406,1
2000-01-07 00:00:00+00:00,2000-01-07 00:00:00+00:00,1,0.026753532034289394,1
2000-01-10 00:00:00+00:00,2000-01-10 00:00:00+00:00,1,0.006970996801285734,1
2000-01-11 00:00:00+00:00,2000-01-11 00:00:00+00:00,1,-0.0058498102680109906,1
2000-01-12 00:00:00+00:00,2000-01-12 00:00:00+00:00,1,0.005706458837174655,1
2000-01-13 00:00:00+00:00,2000-01-13 00:00:00+00:00,1,0.01877557621219169,1
2000-01-14 00:00:00+00:00,2000-01-14 00:00:00+00:00,1,0.014569447122707547,1
2000-01-18 00:00:00+00:00,2000-01-18 00:00:00+00:00,1,-0.012856288454210973,1
2000-01-19 00:00:00+00:00,2000-01-19 00:00:00+00:00,1,-0.004053862958169762,1
2000-01-20 00:00:00+00:00,2000-01-20 00:00:00+00:00,1,-0.0030103611851969633,1
2000-01-21 00:00:00+00:00,2000-01-21 00:00:00+00:00,1,0.009851695052953325,1
2000-01-24 00:00:00+00:00,2000-01-24 00:00:00+00:00,1,0.010087740323352102,1
2000-01-25 00:00:00+00:00,2000-01-25 00:00:00+00:00,1,0.001676712570615713,1
2000-01-26 00:00:00+00:00,2000-01-26 00:00:00+00:00,1,-0.002258523752062513,1
2000-01-27 00:00:00+00:00,2000-01-27 00:00:00+00:00,1,0.01736728159425468,1
2000-01-28 00:00:00+00:00,2000-01-28 00:00:00+00:00,1,-0.006302560285930658,1
2000-01-31 00:00:00+00:00,2000-01-31 00:00:00+00:00,1,-0.0012564158254620757,1
2000-02-01 00:00:00+00:00,2000-02-01 00:00:00+00:00,1,-0.0004995380400210966,1
2000-02-02 00:00:00+00:00,2000-02-02 00:00:00+00:00,1,0.0017679856663473607,1
2000-02-03 00:00:00+00:00,2000-02-03 00:00:00+00:00,1,0.006774576563682655,1
2000-02-04 00:00:00+00:00,2000-02-04 00:00:00+00:00,1,0.002290607981232729,1
2000-02-07 00:00:00+00:00,2000-02-07 00:00:00+00:00,1,7.25043318809074e-05,1
2000-02-08 00:00:00+00:00,2000-02-08 00:00:00+00:00,1,0.009738864491983102,1
2000-02-09 00:00:00+00:00,2000-02-09 00:00:00+00:00,1,-0.0024991218653792942,1
2000-02-10 00:00:00+00:00,2000-02-10 00:00:00+00:00,1,0.005019886670322571,1
2000-02-11 00:00:00+00:00,2000-02-11 00:00:00+00:00,1,-0.00022362063273232395,1
2000-02-14 00:00:00+00:00,2000-02-14 00:00:00+00:00,1,0.00423011359580402,1
2000-02-15 00:00:00+00:00,2000-02-15 00:00:00+00:00,1,-0.0052688516610831845,1
2000-02-16 00:00:00+00:00,2000-02-16 00:00:00+00:00,1,-0.00559114180285789,1
2000-02-17 00:00:00+00:00,2000-02-17 00:00:00+00:00,1,0.010808425184126025,1
2000-02-18 00:00:00+00:00,2000-02-18 00:00:00+00:00,1,0.00429483439300612,1
2000-02-22 00:00:00+00:00,2000-02-22 00:00:00+00:00,1,0.00209494651040173,1
2000-02-23 00:00:00+00:00,2000-02-23 00:00:00+00:00,1,0.006838478675470017,1
2000-02-24 00:00:00+00:00,2000-02-24 00:00:00+00:00,1,0.003155570695144572,1
2000-02-25 00:00:00+00:00,2000-02-25 00:00:00+00:00,1,0.003370478578397307,1
2000-02-28 00:00:00+00:00,2000-02-28 00:00:00+00:00,1,-0.004027978977450919,1
2000-02-29 00:00:00+00:00,2000-02-29 00:00:00+00:00,1,0.007883842227173888,1
2000-03-01 00:00:00+00:00,2000-03-01 00:00:00+00:00,1,0.0027241622055557916,1
2000-03-02 00:00:00+00:00,2000-03-02 00:00:00+00:00,1,0.002635353585030387,1
2000-03-03 00:00:00+00:00,2000-03-03 00:00:00+00:00,1,0.0202158539913165,1
2000-03-06 00:00:00+00:00,2000-03-06 00:00:00+00:00,1,0.0016882806465008064,1
2000-03-07 00:00:00+00:00,2000-03-07 00:00:00+00:00,1,0.008969325706646514,1
2000-03-08 00:00:00+00:00,2000-03-08 00:00:00+00:00,1,0.0009927027672680614,1
2000-03-09 00:00:00+00:00,2000-03-09 00:00:00+00:00,1,0.0009290617168984053,1
2000-03-10 00:00:00+00:00,2000-03-10 00:00:00+00:00,1,-0.0032834496959408873,1
2000-03-13 00:00:00+00:00,2000-03-13 00:00:00+00:00,1,-0.032216343574496466,1
2000-03-14 00:00:00+00:00,2000-03-14 00:00:00+00:00,1,0.007785221678731269,1
2000-03-15 00:00:00+00:00,2000-03-15 00:00:00+00:00,1,-0.0034592706068214737,1
2000-03-16 00:00:00+00:00,2000-03-16 00:00:00+00:00,1,0.01833223347804721,1
2000-03-17 00:00:00+00:00,2000-03-17 00:00:00+00:00,1,-0.004296816031253403,1
2000-03-20 00:00:00+00:00,2000-03-20 00:00:00+00:00,1,0.00033305986166062314,1
2000-03-21 00:00:00+00:00,2000-03-21 00:00:00+00:00,1,-0.009799582466073408,1
2000-03-22 00:00:00+00:00,2000-03-22 00:00:00+00:00,1,0.00878734799087807,1
2000-03-23 00:00:00+00:00,2000-03-23 00:00:00+00:00,1,-0.001298922900534438,1
2000-03-24 00:00:00+00:00,2000-03-24 00:00:00+00:00,1,0.006814778666261534,1
2000-03-27 00:00:00+00:00,2000-03-27 00:00:00+00:00,1,0.0009501618659508385,1
2000-03-28 00:00:00+00:00,2000-03-28 00:00:00+00:00,1,-0.005813395346844585,1
2000-03-29 00:00:00+00:00,2000-03-29 00:00:00+00:00,1,0.00407817661724671,1
2000-03-30 00:00:00+00:00,2000-03-30 00:00:00+00:00,1,-0.0163127729849478,1
2000-03-31 00:00:00+00:00,2000-03-31 00:00:00+00:00,1,0.007004106518425058,1
2000-04-03 00:00:00+00:00,2000-04-03 00:00:00+00:00,1,-0.009050672867731068,1
2000-04-04 00:00:00+00:00,2000-04-04 00:00:00+00:00,1,0.0046924607733516924,1
2000-04-05 00:00:00+00:00,2000-04-05 00:00:00+00:00,1,-0.029559645880356623,1
2000-04-06 00:00:00+00:00,2000-04-06 00:00:00+00:00,1,0.014496259448042859,1
2000-04-07 00:00:00+00:00,2000-04-07 00:00:00+00:00,1,0.011209985080955243,1
2000-04-10 00:00:00+00:00,2000-04-10 00:00:00+00:00,1,0.005420762314561534,1
2000-04-11 00:00:00+00:00,2000-04-11 00:00:00+00:00,1,-0.018077962595509735,1
2000-04-12 00:00:00+00:00,2000-04-12 00:00:00+00:00,1,-0.0010433305818393964,1
2000-04-13 00:00:00+00:00,2000-04-13 00:00:00+00:00,1,0.008174866078578391,1
2000-04-14 00:00:00+00:00,2000-04-14 00:00:00+00:00,1,-0.016940999926472,1
2000-04-17 00:00:00+00:00,2000-04-17 00:00:00+00:00,1,-0.017964793427382254,1
2000-04-18 00:00:00+00:00,2000-04-18 00:00:00+00:00,1,-0.00175053692702779,1
2000-04-19 00:00:00+00:00,2000-04-19 00:00:00+00:00,1,0.0025257058711881334,1
2000-04-20 00:00:00+00:00,2000-04-20 00:00:00+00:00,1,0.007885764925566774,1
2000-04-24 00:00:00+00:00,2000-04-24 00:00:00+00:00,1,-0.03018820617742588,1
2000-04-25 00:00:00+00:00,2000-04-25 00:00:00+00:00,1,0.01837232758151127,1
2000-04-26 00:00:00+00:00,2000-04-26 00:00:00+00:00,1,-6.902204907241997e-05,1
2000-04-27 00:00:00+00:00,2000-04-27 00:00:00+00:00,1,-0.031506934444254876,1
2000-04-28 00:00:00+00:00,2000-04-28 00:00:00+00:00,1,0.015796090678990536,1
2000-05-01 00:00:00+00:00,2000-05-01 00:00:00+00:00,1,0.010038426237647469,1
2000-05-02 00:00:00+00:00,2000-05-02 00:00:00+00:00,1,-0.009534033251145968,1
2000-05-03 00:00:00+00:00,2000-05-03 00:00:00+00:00,1,-0.004200972105549738,1
2000-05-04 00:00:00+00:00,2000-05-04 00:00:00+00:00,1,0.003439423472883252,1
2000-05-05 00:00:00+00:00,2000-05-05 00:00:00+00:00,1,-0.009592696580484372,1
2000-05-08 00:00:00+00:00,2000-05-08 00:00:00+00:00,1,-0.00814796009912403,1
2000-05-09 00:00:00+00:00,2000-05-09 00:00:00+00:00,1,0.005394958989591492,1
2000-05-10 00:00:00+00:00,2000-05-10 00:00:00+00:00,1,-0.012622279843466566,1
2000-05-11 00:00:00+00:00,2000-05-11 00:00:00+00:00,1,0.025748558829216416,1
2000-05-12 00:00:00+00:00,2000-05-12 00:00:00+00:00,1,0.006011442541308776,1
2000-05-15 00:00:00+00:00,2000-05-15 00:00:00+00:00,1,0.0005891359407499078,1
2000-05-16 00:00:00+00:00,2000-05-16 00:00:00+00:00,1,0.013663720160419357,1
2000-05-17 00:00:00+00:00,2000-05-17 00:00:00+00:00,1,-0.012311679452836377,1
2000-05-18 00:00:00+00:00,2000-05-18 00:00:00+00:00,1,0.0016659000097462798,1
2000-05-19 00:00:00+00:00,2000-05-19 00:00:00+00:00,1,-0.014795227827993784,1
2000-05-22 00:00:00+00:00,2000-05-22 00:00:00+00:00,1,-0.00023945101231523906,1
2000-05-23 00:00:00+00:00,2000-05-23 00:00:00+00:00,1,-0.0004927016011402104,1
2000-05-24 00:00:00+00:00,2000-05-24 00:00:00+00:00,1,0.0009532274520357101,1
2000-05-25 00:00:00+00:00,2000-05-25 00:00:00+00:00,1,0.00597652590396921,1
2000-05-26 00:00:00+00:00,2000-05-26 00:00:00+00:00,1,0.0032139538872769328,1
2000-05-30 00:00:00+00:00,2000-05-30 00:00:00+00:00,1,0.02141577419220305,1
2000-05-31 00:00:00+00:00,2000-05-31 00:00:00+00:00,1,-0.006472037686595522,1
2000-06-01 00:00:00+00:00,2000-06-01 00:00:00+00:00,1,0.015169593316791985,1
2000-06-02 00:00:00+00:00,2000-06-02 00:00:00+00:00,1,0.04221520426985089,1
2000-06-05 00:00:00+00:00,2000-06-05 00:00:00+00:00,1,-0.008910629748471543,1
2000-06-06 00:00:00+00:00,2000-06-06 00:00:00+00:00,1,-0.005578646699605927,1
2000-06-07 00:00:00+00:00,2000-06-07 00:00:00+00:00,1,0.001946170395586722,1
2000-06-08 00:00:00+00:00,2000-06-08 00:00:00+00:00,1,0.00475625748132954,1
2000-06-09 00:00:00+00:00,2000-06-09 00:00:00+00:00,1,0.009763356961186543,1
2000-06-12 00:00:00+00:00,2000-06-12 00:00:00+00:00,1,0.003978905876480277,1
2000-06-13 00:00:00+00:00,2000-06-13 00:00:00+00:00,1,-0.0018928310937391998,1
2000-06-14 00:00:00+00:00,2000-06-14 00:00:00+00:00,1,0.005238327725696846,1
2000-06-15 00:00:00+00:00,2000-06-15 00:00:00+00:00,1,-0.0007053174173677675,1
2000-06-16 00:00:00+00:00,2000-06-16 00:00:00+00:00,1,0.006739066262665372,1
2000-06-19 00:00:00+00:00,2000-06-19 00:00:00+00:00,1,-0.0019696726437953057,1
2000-06-20 00:00:00+00:00,2000-06-20 00:00:00+00:00,1,2.8200158739966356e-05,1
2000-06-21 00:00:00+00:00,2000-06-21 00:00:00+00:00,1,-0.007840750253190065,1
2000-06-22 00:00:00+00:00,2000-06-22 00:00:00+00:00,1,-0.0026209698627631447,1
2000-06-23 00:00:00+00:00,2000-06-23 00:00:00+00:00,1,-0.0009688747889034285,1
2000-06-26 00:00:00+00:00,2000-06-26 00:00:00+00:00,1,0.011701886144638152,1
2000-06-27 00:00:00+00:00,2000-06-27 00:00:00+00:00,1,-0.0024018084376882572,1
2000-06-28 00:00:00+00:00,2000-06-28 00:00:00+00:00,1,0.0019036032022433317,1
2000-06-29 00:00:00+00:00,2000-06-29 00:00:00+00:00,1,-0.008742513408365104,1
2000-06-30 00:00:00+00:00,2000-06-30 00:00:00+00:00,1,-0.00022911947402446368,1
2000-07-03 00:00:00+00:00,2000-07-03 00:00:00+00:00,1,0.0005721121006360911,1
2000-07-05 00:00:00+00:00,2000-07-05 00:00:00+00:00,1,-0.011906898328048343,1
2000-07-06 00:00:00+00:00,2000-07-06 00:00:00+00:00,1,0.0007805341683308712,1
2000-07-07 00:00:00+00:00,2000-07-07 00:00:00+00:00,1,0.008235396165904263,1
2000-07-10 00:00:00+00:00,2000-07-10 00:00:00+00:00,1,-0.007553437237529581,1
2000-07-11 00:00:00+00:00,2000-07-11 00:00:00+00:00,1,-0.0038007295834219575,1
2000-07-12 00:00:00+00:00,2000-07-12 00:00:00+00:00,1,0.005799234865499903,1
2000-07-13 00:00:00+00:00,2000-07-13 00:00:00+00:00,1,0.006116176593362466,1
2000-07-14 00:00:00+00:00,2000-07-14 00:00:00+00:00,1,0.010774301264107356,1
2000-07-17 00:00:00+00:00,2000-07-17 00:00:00+00:00,1,0.0003743455178582769,1
2000-07-18 00:00:00+00:00,2000-07-18 00:00:00+00:00,1,-0.008298228227466986,1
2000-07-19 00:00:00+00:00,2000-07-19 00:00:00+00:00,1,-0.007258666278272463,1
2000-07-20 00:00:00+00:00,2000-07-20 00:00:00+00:00,1,0.004386033611858487,1
2000-07-21 00:00:00+00:00,2000-07-21 00:00:00+00:00,1,-0.01285582245148601,1
2000-07-24 00:00:00+00:00,2000-07-24 00:00:00+00:00,1,0.00601360276586157,1
2000-07-25 00:00:00+00:00,2000-07-25 00:00:00+00:00,1,0.006074787005988036,1
2000-07-26 00:00:00+00:00,2000-07-26 00:00:00+00:00,1,-0.002771808077278037,1
2000-07-27 00:00:00+00:00,2000-07-27 00:00:00+00:00,1,-0.00890919243265712,1
2000-07-28 00:00:00+00:00,2000-07-28 00:00:00+00:00,1,0.0025826838034887726,1
2000-07-31 00:00:00+00:00,2000-07-31 00:00:00+00:00,1,0.006985447361222608,1
2000-08-01 00:00:00+00:00,2000-08-01 00:00:00+00:00,1,0.003981925764791583,1
2000-08-02 00:00:00+00:00,2000-08-02 00:00:00+00:00,1,-0.002424712632646797,1
2000-08-03 00:00:00+00:00,2000-08-03 00:00:00+00:00,1,-0.02030272116260349,1
2000-08-04 00:00:00+00:00,2000-08-04 00:00:00+00:00,1,0.01080710931329506,1
2000-08-07 00:00:00+00:00,2000-08-07 00:00:00+00:00,1,0.005035149754141955,1
2000-08-08 00:00:00+00:00,2000-08-08 00:00:00+00:00,1,-0.003425510762857442,1
2000-08-09 00:00:00+00:00,2000-08-09 00:00:00+00:00,1,-0.001100876255013183,1
2000-08-10 00:00:00+00:00,2000-08-10 00:00:00+00:00,1,0.0010412083462193137,1
2000-08-11 00:00:00+00:00,2000-08-11 00:00:00+00:00,1,-0.00375093590176776,1
2000-08-14 00:00:00+00:00,2000-08-14 00:00:00+00:00,1,0.0026880741921389787,1
2000-08-15 00:00:00+00:00,2000-08-15 00:00:00+00:00,1,-0.001434905586716417,1
2000-08-16 00:00:00+00:00,2000-08-16 00:00:00+00:00,1,0.00257587823693769,1
2000-08-17 00:00:00+00:00,2000-08-17 00:00:00+00:00,1,-0.005412870467151698,1
2000-08-18 00:00:00+00:00,2000-08-18 00:00:00+00:00,1,0.0013037321727291332,1
2000-08-21 00:00:00+00:00,2000-08-21 00:00:00+00:00,1,0.004784994597215453,1
2000-08-22 00:00:00+00:00,2000-08-22 00:00:00+00:00,1,0.00252573833506361,1
2000-08-23 00:00:00+00:00,2000-08-23 00:00:00+00:00,1,-0.006010171750814397,1
2000-08-24 00:00:00+00:00,2000-08-24 00:00:00+00:00,1,0.0026676372353679704,1
2000-08-25 00:00:00+00:00,2000-08-25 00:00:00+00:00,1,-0.0012123184830053254,1
2000-08-28 00:00:00+00:00,2000-08-28 00:00:00+00:00,1,0.0008155337484954898,1
2000-08-29 00:00:00+00:00,2000-08-29 00:00:00+00:00,1,-0.0007464796761193822,1
2000-08-30 00:00:00+00:00,2000-08-30 00:00:00+00:00,1,-0.005367461030484888,1
2000-08-31 00:00:00+00:00,2000-08-31 00:00:00+00:00,1,0.005882572723035684,1
2000-09-01 00:00:00+00:00,2000-09-01 00:00:00+00:00,1,0.009439523175827714,1
2000-09-05 00:00:00+00:00,2000-09-05 00:00:00+00:00,1,-0.007220989876072425,1
2000-09-06 00:00:00+00:00,2000-09-06 00:00:00+00:00,1,-0.0018660368972676419,1
2000-09-07 00:00:00+00:00,2000-09-07 00:00:00+00:00,1,0.006229567373702583,1
2000-09-08 00:00:00+00:00,2000-09-08 00:00:00+00:00,1,-0.003995288906790939,1
2000-09-11 00:00:00+00:00,2000-09-11 00:00:00+00:00,1,-0.0037938212680416524,1
2000-09-12 00:00:00+00:00,2000-09-12 00:00:00+00:00,1,0.003925905572151523,1
2000-09-13 00:00:00+00:00,2000-09-13 00:00:00+00:00,1,-0.008139432429114279,1
2000-09-14 00:00:00+00:00,2000-09-14 00:00:00+00:00,1,0.012364059348533763,1
2000-09-15 00:00:00+00:00,2000-09-15 00:00:00+00:00,1,-0.003239473966203254,1
2000-09-18 00:00:00+00:00,2000-09-18 00:00:00+00:00,1,0.003722231650433028,1
2000-09-19 00:00:00+00:00,2000-09-19 00:00:00+00:00,1,0.006188166934008777,1
2000-09-20 00:00:00+00:00,2000-09-20 00:00:00+00:00,1,-0.0002574679312442371,1
2000-09-21 00:00:00+00:00,2000-09-21 00:00:00+00:00,1,-0.00637931593442651,1
2000-09-22 00:00:00+00:00,2000-09-22 00:00:00+00:00,1,-0.0012311996838697877,1
2000-09-25 00:00:00+00:00,2000-09-25 00:00:00+00:00,1,0.005657128316559368,1
2000-09-26 00:00:00+00:00,2000-09-26 00:00:00+00:00,1,0.0017741194178593992,1
2000-09-27 00:00:00+00:00,2000-09-27 00:00:00+00:00,1,0.010398164444168046,1
2000-09-28 00:00:00+00:00,2000-09-28 00:00:00+00:00,1,-0.004901048570021804,1
2000-09-29 00:00:00+00:00,2000-09-29 00:00:00+00:00,1,0.003705442659443248,1
2000-10-02 00:00:00+00:00,2000-10-02 00:00:00+00:00,1,0.010435215197814951,1
2000-10-03 00:00:00+00:00,2000-10-03 00:00:00+00:00,1,0.009654848801184135,1
2000-10-04 00:00:00+00:00,2000-10-04 00:00:00+00:00,1,-0.0019606633398784098,1
2000-10-05 00:00:00+00:00,2000-10-05 00:00:00+00:00,1,-0.003468488334925501,1
2000-10-06 00:00:00+00:00,2000-10-06 00:00:00+00:00,1,-0.0032033251899756584,1
2000-10-09 00:00:00+00:00,2000-10-09 00:00:00+00:00,1,-0.0020491060286287107,1
2000-10-10 00:00:00+00:00,2000-10-10 00:00:00+00:00,1,-0.004881964160312202,1
2000-10-11 00:00:00+00:00,2000-10-11 00:00:00+00:00,1,-0.009704981324233508,1
2000-10-12 00:00:00+00:00,2000-10-12 00:00:00+00:00,1,0.0166393897996849,1
2000-10-13 00:00:00+00:00,2000-10-13 00:00:00+00:00,1,-0.003915603951452717,1
2000-10-16 00:00:00+00:00,2000-10-16 00:00:00+00:00,1,-0.0016374126179211964,1
2000-10-17 00:00:00+00:00,2000-10-17 00:00:00+00:00,1,0.0074643991440319305,1
2000-10-18 00:00:00+00:00,2000-10-18 00:00:00+00:00,1,-0.017769984282113384,1
2000-10-19 00:00:00+00:00,2000-10-19 00:00:00+00:00,1,0.03750523830062432,1
2000-10-20 00:00:00+00:00,2000-10-20 00:00:00+00:00,1,-0.006971025581623746,1
2000-10-23 00:00:00+00:00,2000-10-23 00:00:00+00:00,1,-0.0009123304764902859,1
2000-10-24 00:00:00+00:00,2000-10-24 00:00:00+00:00,1,0.0027068051111674655,1
2000-10-25 00:00:00+00:00,2000-10-25 00:00:00+00:00,1,-0.010897888258493115,1
2000-10-26 00:00:00+00:00,2000-10-26 00:00:00+00:00,1,0.004686365449562769,1
2000-10-27 00:00:00+00:00,2000-10-27 00:00:00+00:00,1,0.010206555164219278,1
2000-10-30 00:00:00+00:00,2000-10-30 00:00:00+00:00,1,-0.012933101931900481,1
2000-10-31 00:00:00+00:00,2000-10-31 00:00:00+00:00,1,0.00946321035204919,1
2000-11-01 00:00:00+00:00,2000-11-01 00:00:00+00:00,1,-0.011269735389841417,1
2000-11-02 00:00:00+00:00,2000-11-02 00:00:00+00:00,1,0.00944315742590004,1
2000-11-03 00:00:00+00:00,2000-11-03 00:00:00+00:00,1,0.007717876541740687,1
2000-11-06 00:00:00+00:00,2000-11-06 00:00:00+00:00,1,0.004399365149379742,1
2000-11-07 00:00:00+00:00,2000-11-07 00:00:00+00:00,1,-0.008593228655216811,1
2000-11-08 00:00:00+00:00,2000-11-08 00:00:00+00:00,1,0.0007872891202308167,1
2000-11-09 00:00:00+00:00,2000-11-09 00:00:00+00:00,1,-0.008596351033345473,1
2000-11-10 00:00:00+00:00,2000-11-10 00:00:00+00:00,1,-0.013478376108715806,1
2000-11-13 00:00:00+00:00,2000-11-13 00:00:00+00:00,1,-0.009512931590886486,1
2000-11-14 00:00:00+00:00,2000-11-14 00:00:00+00:00,1,0.014667939818685716,1
2000-11-15 00:00:00+00:00,2000-11-15 00:00:00+00:00,1,-0.0023793545150886716,1
2000-11-16 00:00:00+00:00,2000-11-16 00:00:00+00:00,1,-0.016750476623707967,1
2000-11-17 00:00:00+00:00,2000-11-17 00:00:00+00:00,1,0.0016163265430628408,1
2000-11-20 00:00:00+00:00,2000-11-20 00:00:00+00:00,1,-0.0165390658440168,1
2000-11-21 00:00:00+00:00,2000-11-21 00:00:00+00:00,1,0.002744622488743598,1
2000-11-22 00:00:00+00:00,2000-11-22 00:00:00+00:00,1,-0.013517391713394477,1
2000-11-24 00:00:00+00:00,2000-11-24 00:00:00+00:00,1,0.018449862704254714,1
2000-11-27 00:00:00+00:00,2000-11-27 00:00:00+00:00,1,0.020809746468118027,1
2000-11-28 00:00:00+00:00,2000-11-28 00:00:00+00:00,1,-0.008123107253641992,1
2000-11-29 00:00:00+00:00,2000-11-29 00:00:00+00:00,1,0.0050163542306607915,1
2000-11-30 00:00:00+00:00,2000-11-30 00:00:00+00:00,1,-0.013246851608987897,1
2000-12-01 00:00:00+00:00,2000-12-01 00:00:00+00:00,1,0.01168411624804574,1
2000-12-04 00:00:00+00:00,2000-12-04 00:00:00+00:00,1,-0.0006232014659907966,1
2000-12-05 00:00:00+00:00,2000-12-05 00:00:00+00:00,1,0.013614524352615199,1
2000-12-06 00:00:00+00:00,2000-12-06 00:00:00+00:00,1,-0.0007358793024792361,1
2000-12-07 00:00:00+00:00,2000-12-07 00:00:00+00:00,1,-0.0100164940604485,1
2000-12-08 00:00:00+00:00,2000-12-08 00:00:00+00:00,1,0.046982140576991314,1
2000-12-11 00:00:00+00:00,2000-12-11 00:00:00+00:00,1,0.042283846001312596,1
2000-12-12 00:00:00+00:00,2000-12-12 00:00:00+00:00,1,-0.0077604422153448645,1
2000-12-13 00:00:00+00:00,2000-12-13 00:00:00+00:00,1,0.016543905444568373,1
2000-12-14 00:00:00+00:00,2000-12-14 00:00:00+00:00,1,-0.00286686172382653,1
2000-12-15 00:00:00+00:00,2000-12-15 00:00:00+00:00,1,-0.012151689831387735,1
2000-12-18 00:00:00+00:00,2000-12-18 00:00:00+00:00,1,0.013905202350162316,1
2000-12-19 00:00:00+00:00,2000-12-19 00:00:00+00:00,1,-0.0055142271244799975,1
2000-12-20 00:00:00+00:00,2000-12-20 00:00:00+00:00,1,-0.02097562710236659,1
2000-12-21 00:00:00+00:00,2000-12-21 00:00:00+00:00,1,-0.007737812830607349,1
2000-12-22 00:00:00+00:00,2000-12-22 00:00:00+00:00,1,0.021009787839172255,1
2000-12-26 00:00:00+00:00,2000-12-26 00:00:00+00:00,1,0.00011659855463932474,1
2000-12-27 00:00:00+00:00,2000-12-27 00:00:00+00:00,1,-0.012296738860691025,1
2000-12-28 00:00:00+00:00,2000-12-28 00:00:00+00:00,1,-0.008520533192876689,1
2000-12-29 00:00:00+00:00,2000-12-29 00:00:00+00:00,1,0.002002823308564017,1
2001-01-02 00:00:00+00:00,2001-01-02 00:00:00+00:00,1,0.004402537394079998,1
2001-01-03 00:00:00+00:00,2001-01-03 00:00:00+00:00,1,-0.01393658203565149,1
2001-01-04 00:00:00+00:00,2001-01-04 00:00:00+00:00,1,-0.007037975507044747,1
2001-01-05 00:00:00+00:00,2001-01-05 00:00:00+00:00,1,-0.0005926180078374751,1
2001-01-08 00:00:00+00:00,2001-01-08 00:00:00+00:00,1,-0.00039854630287875474,1
2001-01-09 00:00:00+00:00,2001-01-09 00:00:00+00:00,1,0.007367285646956401,1
2001-01-10 00:00:00+00:00,2001-01-10 00:00:00+00:00,1,-0.013374200799866376,1
2001-01-11 00:00:00+00:00,2001-01-11 00:00:00+00:00,1,-0.011860898775797967,1
2001-01-12 00:00:00+00:00,2001-01-12 00:00:00+00:00,1,0.00791290340141334,1
2001-01-16 00:00:00+00:00,2001-01-16 00:00:00+00:00,1,-0.0016698634389359143,1
2001-01-17 00:00:00+00:00,2001-01-17 00:00:00+00:00,1,0.027519868958069425,1
2001-01-18 00:00:00+00:00,2001-01-18 00:00:00+00:00,1,0.0015987268189458729,1
2001-01-19 00:00:00+00:00,2001-01-19 00:00:00+00:00,1,0.016771201757589026,1
2001-01-22 00:00:00+00:00,2001-01-22 00:00:00+00:00,1,-0.002724477806490688,1
2001-01-23 00:00:00+00:00,2001-01-23 00:00:00+00:00,1,-0.005452339231223546,1
2001-01-24 00:00:00+00:00,2001-01-24 00:00:00+00:00,1,0.002924361156752287,1
2001-01-25 00:00:00+00:00,2001-01-25 00:00:00+00:00,1,-0.0026204742679985845,1
2001-01-26 00:00:00+00:00,2001-01-26 00:00:00+00:00,1,-0.010783672288764956,1
2001-01-29 00:00:00+00:00,2001-01-29 00:00:00+00:00,1,-0.007758352878470242,1
2001-01-30 00:00:00+00:00,2001-01-30 00:00:00+00:00,1,-0.0002786813856366696,1
2001-01-31 00:00:00+00:00,2001-01-31 00:00:00+00:00,1,0.0019938727538320825,1
2001-02-01 00:00:00+00:00,2001-02-01 00:00:00+00:00,1,0.0019358212476215612,1
2001-02-02 00:00:00+00:00,2001-02-02 00:00:00+00:00,1,-0.003832937378899925,1
2001-02-05 00:00:00+00:00,2001-02-05 00:00:00+00:00,1,-0.0032245189890327316,1
2001-02-06 00:00:00+00:00,2001-02-06 00:00:00+00:00,1,-0.002185225966718862,1
2001-02-07 00:00:00+00:00,2001-02-07 00:00:00+00:00,1,-0.011621593839656696,1
2001-02-08 00:00:00+00:00,2001-02-08 00:00:00+00:00,1,0.0025836210339998614,1
2001-02-09 00:00:00+00:00,2001-02-09 00:00:00+00:00,1,-0.0040291843654723155,1
2001-02-12 00:00:00+00:00,2001-02-12 00:00:00+00:00,1,-0.0021605001661389785,1
2001-02-13 00:00:00+00:00,2001-02-13 00:00:00+00:00,1,0.00600517232878125,1
2001-02-14 00:00:00+00:00,2001-02-14 00:00:00+00:00,1,0.0025317908002017945,1
2001-02-15 00:00:00+00:00,2001-02-15 00:00:00+00:00,1,0.014402915282792106,1
2001-02-16 00:00:00+00:00,2001-02-16 00:00:00+00:00,1,-0.02996518817982189,1
2001-02-20 00:00:00+00:00,2001-02-20 00:00:00+00:00,1,0.0076866064133470306,1
2001-02-21 00:00:00+00:00,2001-02-21 00:00:00+00:00,1,-0.0157959561350555,1
2001-02-22 00:00:00+00:00,2001-02-22 00:00:00+00:00,1,0.0021201458307578917,1
2001-02-23 00:00:00+00:00,2001-02-23 00:00:00+00:00,1,-0.01212281589477796,1
2001-02-26 00:00:00+00:00,2001-02-26 00:00:00+00:00,1,0.01185359562172913,1
2001-02-27 00:00:00+00:00,2001-02-27 00:00:00+00:00,1,-0.009361300076520284,1
2001-02-28 00:00:00+00:00,2001-02-28 00:00:00+00:00,1,0.005517829468814595,1
2001-03-01 00:00:00+00:00,2001-03-01 00:00:00+00:00,1,-0.004954408738621218,1
2001-03-02 00:00:00+00:00,2001-03-02 00:00:00+00:00,1,-0.02512007175832335,1
2001-03-05 00:00:00+00:00,2001-03-05 00:00:00+00:00,1,0.010449447869998763,1
2001-03-06 00:00:00+00:00,2001-03-06 00:00:00+00:00,1,0.024555010507817464,1
2001-03-07 00:00:00+00:00,2001-03-07 00:00:00+00:00,1,0.013073175520817737,1
2001-03-08 00:00:00+00:00,2001-03-08 00:00:00+00:00,1,-0.002504348044914206,1
2001-03-09 00:00:00+00:00,2001-03-09 00:00:00+00:00,1,-0.01719858856169535,1
2001-03-12 00:00:00+00:00,2001-03-12 00:00:00+00:00,1,-0.01662943684797239,1
2001-03-13 00:00:00+00:00,2001-03-13 00:00:00+00:00,1,0.010963073389198075,1
2001-03-14 00:00:00+00:00,2001-03-14 00:00:00+00:00,1,-0.03235786569754743,1
2001-03-15 00:00:00+00:00,2001-03-15 00:00:00+00:00,1,0.01967128211444421,1
2001-03-16 00:00:00+00:00,2001-03-16 00:00:00+00:00,1,-0.0044999478487363406,1
2001-03-19 00:00:00+00:00,2001-03-19 00:00:00+00:00,1,0.005873332391070208,1
2001-03-20 00:00:00+00:00,2001-03-20 00:00:00+00:00,1,0.004124070807355296,1
2001-03-21 00:00:00+00:00,2001-03-21 00:00:00+00:00,1,0.0017192185383401396,1
2001-03-22 00:00:00+00:00,2001-03-22 00:00:00+00:00,1,0.0017287705417713631,1
2001-03-23 00:00:00+00:00,2001-03-23 00:00:00+00:00,1,0.01804616060569727,1
2001-03-26 00:00:00+00:00,2001-03-26 00:00:00+00:00,1,0.012855060979439637,1
2001-03-27 00:00:00+00:00,2001-03-27 00:00:00+00:00,1,-0.0017994037788333968,1
2001-03-28 00:00:00+00:00,2001-03-28 00:00:00+00:00,1,-0.02186564548218809,1
2001-03-29 00:00:00+00:00,2001-03-29 00:00:00+00:00,1,-0.005808337821780118,1
2001-03-30 00:00:00+00:00,2001-03-30 00:00:00+00:00,1,0.004496062904507514,1
2001-04-02 00:00:00+00:00,2001-04-02 00:00:00+00:00,1,-0.001715923539431041,1
2001-04-03 00:00:00+00:00,2001-04-03 00:00:00+00:00,1,-0.003936910851092856,1
2001-04-04 00:00:00+00:00,2001-04-04 00:00:00+00:00,1,0.001236765014054753,1
2001-04-05 00:00:00+00:00,2001-04-05 00:00:00+00:00,1,0.03938541915578916,1
2001-04-06 00:00:00+00:00,2001-04-06 00:00:00+00:00,1,-0.010401586296692833,1
2001-04-09 00:00:00+00:00,2001-04-09 00:00:00+00:00,1,0.014472002377022475,1
2001-04-10 00:00:00+00:00,2001-04-10 00:00:00+00:00,1,0.015055470056218401,1
2001-04-11 00:00:00+00:00,2001-04-11 00:00:00+00:00,1,0.038478273157460184,1
2001-04-12 00:00:00+00:00,2001-04-12 00:00:00+00:00,1,-0.010678130236792737,1
2001-04-16 00:00:00+00:00,2001-04-16 00:00:00+00:00,1,-0.012702895338460174,1
2001-04-17 00:00:00+00:00,2001-04-17 00:00:00+00:00,1,-0.005259625497840847,1
2001-04-18 00:00:00+00:00,2001-04-18 00:00:00+00:00,1,0.0371860697243955,1
2001-04-19 00:00:00+00:00,2001-04-19 00:00:00+00:00,1,0.006745253737090418,1
2001-04-20 00:00:00+00:00,2001-04-20 00:00:00+00:00,1,-0.004526780727310919,1
2001-04-23 00:00:00+00:00,2001-04-23 00:00:00+00:00,1,-0.018279865297055643,1
2001-04-24 00:00:00+00:00,2001-04-24 00:00:00+00:00,1,0.0002912795476128996,1
2001-04-25 00:00:00+00:00,2001-04-25 00:00:00+00:00,1,-0.005472485331959631,1
2001-04-26 00:00:00+00:00,2001-04-26 00:00:00+00:00,1,0.010842749736337554,1
2001-04-27 00:00:00+00:00,2001-04-27 00:00:00+00:00,1,0.018201213822058714,1
2001-04-30 00:00:00+00:00,2001-04-30 00:00:00+00:00,1,0.01454492377559632,1
2001-05-01 00:00:00+00:00,2001-05-01 00:00:00+00:00,1,-0.006034418196583879,1
2001-05-02 00:00:00+00:00,2001-05-02 00:00:00+00:00,1,0.00892120937778459,1
2001-05-03 00:00:00+00:00,2001-05-03 00:00:00+00:00,1,-0.014045302831648931,1
2001-05-04 00:00:00+00:00,2001-05-04 00:00:00+00:00,1,-0.022555620606364936,1
2001-05-07 00:00:00+00:00,2001-05-07 00:00:00+00:00,1,-0.004259394023175633,1
2001-05-08 00:00:00+00:00,2001-05-08 00:00:00+00:00,1,0.013808214265854291,1
2001-05-09 00:00:00+00:00,2001-05-09 00:00:00+00:00,1,-0.015914469122610776,1
2001-05-10 00:00:00+00:00,2001-05-10 00:00:00+00:00,1,0.020821828183101153,1
2001-05-11 00:00:00+00:00,2001-05-11 00:00:00+00:00,1,0.00038585157274175804,1
2001-05-14 00:00:00+00:00,2001-05-14 00:00:00+00:00,1,-0.004043482932479225,1
2001-05-15 00:00:00+00:00,2001-05-15 00:00:00+00:00,1,0.0011905672346116062,1
2001-05-16 00:00:00+00:00,2001-05-16 00:00:00+00:00,1,-0.01412685542336115,1
2001-05-17 00:00:00+00:00,2001-05-17 00:00:00+00:00,1,0.0030749559116631468,1
2001-05-18 00:00:00+00:00,2001-05-18 00:00:00+00:00,1,-0.0032459937052791484,1
2001-05-21 00:00:00+00:00,2001-05-21 00:00:00+00:00,1,0.0014387177704765167,1
2001-05-22 00:00:00+00:00,2001-05-22 00:00:00+00:00,1,0.0029299247466812676,1
2001-05-23 00:00:00+00:00,2001-05-23 00:00:00+00:00,1,-0.006453758553114952,1
2001-05-24 00:00:00+00:00,2001-05-24 00:00:00+00:00,1,0.0038398467873575707,1
2001-05-25 00:00:00+00:00,2001-05-25 00:00:00+00:00,1,0.0003779897703008686,1
2001-05-29 00:00:00+00:00,2001-05-29 00:00:00+00:00,1,-0.0048327281363588544,1
2001-05-30 00:00:00+00:00,2001-05-30 00:00:00+00:00,1,-0.009708230216932378,1
2001-05-31 00:00:00+00:00,2001-05-31 00:00:00+00:00,1,0.0014565167450573905,1
2001-06-01 00:00:00+00:00,2001-06-01 00:00:00+00:00,1,0.009746865458691712,1
2001-06-04 00:00:00+00:00,2001-06-04 00:00:00+00:00,1,0.0030162901568772885,1
2001-06-05 00:00:00+00:00,2001-06-05 00:00:00+00:00,1,0.005416715613754753,1
2001-06-06 00:00:00+00:00,2001-06-06 00:00:00+00:00,1,0.0022197724887069396,1
2001-06-07 00:00:00+00:00,2001-06-07 00:00:00+00:00,1,-0.006647714988712505,1
2001-06-08 00:00:00+00:00,2001-06-08 00:00:00+00:00,1,-0.002005633563589104,1
2001-06-11 00:00:00+00:00,2001-06-11 00:00:00+00:00,1,-0.006193679891627923,1
2001-06-12 00:00:00+00:00,2001-06-12 00:00:00+00:00,1,-0.01802906544158609,1
2001-06-13 00:00:00+00:00,2001-06-13 00:00:00+00:00,1,0.005983259080208548,1
2001-06-14 00:00:00+00:00,2001-06-14 00:00:00+00:00,1,-0.008732370745623974,1
2001-06-15 00:00:00+00:00,2001-06-15 00:00:00+00:00,1,-0.008683385776791374,1
2001-06-18 00:00:00+00:00,2001-06-18 00:00:00+00:00,1,-0.0006510831124771129,1
2001-06-19 00:00:00+00:00,2001-06-19 00:00:00+00:00,1,0.019664181978054827,1
2001-06-20 00:00:00+00:00,2001-06-20 00:00:00+00:00,1,-0.008980615262819491,1
2001-06-21 00:00:00+00:00,2001-06-21 00:00:00+00:00,1,-0.00232642629418176,1
2001-06-22 00:00:00+00:00,2001-06-22 00:00:00+00:00,1,0.001481544027967652,1
2001-06-25 00:00:00+00:00,2001-06-25 00:00:00+00:00,1,0.005611949783076076,1
2001-06-26 00:00:00+00:00,2001-06-26 00:00:00+00:00,1,-0.01312414390740444,1
2001-06-27 00:00:00+00:00,2001-06-27 00:00:00+00:00,1,0.001859387742083352,1
2001-06-28 00:00:00+00:00,2001-06-28 00:00:00+00:00,1,0.008805400789036988,1
2001-06-29 00:00:00+00:00,2001-06-29 00:00:00+00:00,1,0.010703438974722446,1
2001-07-02 00:00:00+00:00,2001-07-02 00:00:00+00:00,1,-3.122928692859099e-05,1
2001-07-03 00:00:00+00:00,2001-07-03 00:00:00+00:00,1,-0.0031047100103555932,1
2001-07-05 00:00:00+00:00,2001-07-05 00:00:00+00:00,1,-0.012885468744106876,1
2001-07-06 00:00:00+00:00,2001-07-06 00:00:00+00:00,1,-0.006883764915172041,1
2001-07-09 00:00:00+00:00,2001-07-09 00:00:00+00:00,1,0.004429450469079133,1
2001-07-10 00:00:00+00:00,2001-07-10 00:00:00+00:00,1,0.011090603913556174,1
2001-07-11 00:00:00+00:00,2001-07-11 00:00:00+00:00,1,-0.0019640207844957343,1
2001-07-12 00:00:00+00:00,2001-07-12 00:00:00+00:00,1,0.024308682686236947,1
2001-07-13 00:00:00+00:00,2001-07-13 00:00:00+00:00,1,-0.004267122157875036,1
2001-07-16 00:00:00+00:00,2001-07-16 00:00:00+00:00,1,0.00032682817595255405,1
2001-07-17 00:00:00+00:00,2001-07-17 00:00:00+00:00,1,-0.008669990093159307,1
2001-07-18 00:00:00+00:00,2001-07-18 00:00:00+00:00,1,-0.017446486801710827,1
2001-07-19 00:00:00+00:00,2001-07-19 00:00:00+00:00,1,0.014258178028695523,1
2001-07-20 00:00:00+00:00,2001-07-20 00:00:00+00:00,1,-0.017553372080304365,1
2001-07-23 00:00:00+00:00,2001-07-23 00:00:00+00:00,1,0.008678721226746034,1
2001-07-24 00:00:00+00:00,2001-07-24 00:00:00+00:00,1,-0.0029216250874162016,1
2001-07-25 00:00:00+00:00,2001-07-25 00:00:00+00:00,1,8.442027617713317e-05,1
2001-07-26 00:00:00+00:00,2001-07-26 00:00:00+00:00,1,-0.0010853598785073078,1
2001-07-27 00:00:00+00:00,2001-07-27 00:00:00+00:00,1,0.008263698292488708,1
2001-07-30 00:00:00+00:00,2001-07-30 00:00:00+00:00,1,0.0034183121682042853,1
2001-07-31 00:00:00+00:00,2001-07-31 00:00:00+00:00,1,0.001998949524184968,1
2001-08-01 00:00:00+00:00,2001-08-01 00:00:00+00:00,1,0.012671370954215633,1
2001-08-02 00:00:00+00:00,2001-08-02 00:00:00+00:00,1,0.012290887388903904,1
2001-08-03 00:00:00+00:00,2001-08-03 00:00:00+00:00,1,-0.005646429684588261,1
2001-08-06 00:00:00+00:00,2001-08-06 00:00:00+00:00,1,-0.010245819533330291,1
2001-08-07 00:00:00+00:00,2001-08-07 00:00:00+00:00,1,-0.0051308771925698046,1
2001-08-08 00:00:00+00:00,2001-08-08 00:00:00+00:00,1,-0.008076160207485783,1
2001-08-09 00:00:00+00:00,2001-08-09 00:00:00+00:00,1,-0.0006939269417842505,1
2001-08-10 00:00:00+00:00,2001-08-10 00:00:00+00:00,1,-0.0037100354560711587,1
2001-08-13 00:00:00+00:00,2001-08-13 00:00:00+00:00,1,0.004847569303516009,1
2001-08-14 00:00:00+00:00,2001-08-14 00:00:00+00:00,1,0.007880695753067235,1
2001-08-15 00:00:00+00:00,2001-08-15 00:00:00+00:00,1,-0.00022155761059992034,1
2001-08-16 00:00:00+00:00,2001-08-16 00:00:00+00:00,1,-0.008042887890702654,1
2001-08-17 00:00:00+00:00,2001-08-17 00:00:00+00:00,1,-0.018669837401139623,1
2001-08-20 00:00:00+00:00,2001-08-20 00:00:00+00:00,1,0.0011059727661596134,1
2001-08-21 00:00:00+00:00,2001-08-21 00:00:00+00:00,1,-0.00029675054825598594,1
2001-08-22 00:00:00+00:00,2001-08-22 00:00:00+00:00,1,0.014071922145811067,1
2001-08-23 00:00:00+00:00,2001-08-23 00:00:00+00:00,1,-0.0008218448231453231,1
2001-08-24 00:00:00+00:00,2001-08-24 00:00:00+00:00,1,0.009551034874257758,1
2001-08-27 00:00:00+00:00,2001-08-27 00:00:00+00:00,1,-0.0007644705516285707,1
2001-08-28 00:00:00+00:00,2001-08-28 00:00:00+00:00,1,-0.0008082622485747534,1
2001-08-29 00:00:00+00:00,2001-08-29 00:00:00+00:00,1,0.00533818632260793,1
2001-08-30 00:00:00+00:00,2001-08-30 00:00:00+00:00,1,-0.013403563460353296,1
2001-08-31 00:00:00+00:00,2001-08-31 00:00:00+00:00,1,-0.001881883258479355,1
2001-09-04 00:00:00+00:00,2001-09-04 00:00:00+00:00,1,-0.0032522304886157035,1
2001-09-05 00:00:00+00:00,2001-09-05 00:00:00+00:00,1,0.0012159690436807872,1
2001-09-06 00:00:00+00:00,2001-09-06 00:00:00+00:00,1,-0.01326706458833674,1
2001-09-07 00:00:00+00:00,2001-09-07 00:00:00+00:00,1,-0.007814999035349301,1
2001-09-10 00:00:00+00:00,2001-09-10 00:00:00+00:00,1,-0.00810652388232872,1
2001-09-17 00:00:00+00:00,2001-09-17 00:00:00+00:00,1,-0.083206782880105,1
2001-09-18 00:00:00+00:00,2001-09-18 00:00:00+00:00,1,0.005132079489715469,1
2001-09-19 00:00:00+00:00,2001-09-19 00:00:00+00:00,1,0.0022352925690254048,1
2001-09-20 00:00:00+00:00,2001-09-20 00:00:00+00:00,1,-0.019079325739273935,1
2001-09-21 00:00:00+00:00,2001-09-21 00:00:00+00:00,1,-0.04787199794445427,1
2001-09-24 00:00:00+00:00,2001-09-24 00:00:00+00:00,1,0.028026893757810832,1
2001-09-25 00:00:00+00:00,2001-09-25 00:00:00+00:00,1,0.0016366855317989319,1
2001-09-26 00:00:00+00:00,2001-09-26 00:00:00+00:00,1,0.006857500827552066,1
2001-09-27 00:00:00+00:00,2001-09-27 00:00:00+00:00,1,-0.005699381013936277,1
2001-09-28 00:00:00+00:00,2001-09-28 00:00:00+00:00,1,0.009491756491249304,1
2001-10-01 00:00:00+00:00,2001-10-01 00:00:00+00:00,1,-0.005128435197292591,1
2001-10-02 00:00:00+00:00,2001-10-02 00:00:00+00:00,1,-0.0029869413050109036,1
2001-10-03 00:00:00+00:00,2001-10-03 00:00:00+00:00,1,-0.01188071044827147,1
2001-10-04 00:00:00+00:00,2001-10-04 00:00:00+00:00,1,0.0145620999482183,1
2001-10-05 00:00:00+00:00,2001-10-05 00:00:00+00:00,1,-0.005976523601273631,1
2001-10-08 00:00:00+00:00,2001-10-08 00:00:00+00:00,1,-0.014694534016212657,1
2001-10-09 00:00:00+00:00,2001-10-09 00:00:00+00:00,1,7.531490780795543e-05,1
2001-10-10 00:00:00+00:00,2001-10-10 00:00:00+00:00,1,-0.00459268715802017,1
2001-10-11 00:00:00+00:00,2001-10-11 00:00:00+00:00,1,0.013223347989351953,1
2001-10-12 00:00:00+00:00,2001-10-12 00:00:00+00:00,1,-0.009495291155395524,1
2001-10-15 00:00:00+00:00,2001-10-15 00:00:00+00:00,1,-0.010495474512771307,1
2001-10-16 00:00:00+00:00,2001-10-16 00:00:00+00:00,1,0.005766397438696525,1
2001-10-17 00:00:00+00:00,2001-10-17 00:00:00+00:00,1,0.017624852593849015,1
2001-10-18 00:00:00+00:00,2001-10-18 00:00:00+00:00,1,0.0043410101629802415,1
2001-10-19 00:00:00+00:00,2001-10-19 00:00:00+00:00,1,-0.009305324945670856,1
2001-10-22 00:00:00+00:00,2001-10-22 00:00:00+00:00,1,-0.002172145347385723,1
2001-10-23 00:00:00+00:00,2001-10-23 00:00:00+00:00,1,0.007308307541896231,1
2001-10-24 00:00:00+00:00,2001-10-24 00:00:00+00:00,1,-0.0004121417933463986,1
2001-10-25 00:00:00+00:00,2001-10-25 00:00:00+00:00,1,-0.015295668860410483,1
2001-10-26 00:00:00+00:00,2001-10-26 00:00:00+00:00,1,-0.007180039614962807,1
2001-10-29 00:00:00+00:00,2001-10-29 00:00:00+00:00,1,-0.0011635104586289798,1
2001-10-30 00:00:00+00:00,2001-10-30 00:00:00+00:00,1,-0.005612799131350243,1
2001-10-31 00:00:00+00:00,2001-10-31 00:00:00+00:00,1,0.013071554164662625,1
2001-11-01 00:00:00+00:00,2001-11-01 00:00:00+00:00,1,0.011445280453893892,1
2001-11-02 00:00:00+00:00,2001-11-02 00:00:00+00:00,1,-0.0016132612808325338,1
2001-11-05 00:00:00+00:00,2001-11-05 00:00:00+00:00,1,0.012951417419390288,1
2001-11-06 00:00:00+00:00,2001-11-06 00:00:00+00:00,1,-0.003966521148667667,1
2001-11-07 00:00:00+00:00,2001-11-07 00:00:00+00:00,1,-0.010696833729609756,1
2001-11-08 00:00:00+00:00,2001-11-08 00:00:00+00:00,1,0.007836837595727364,1
2001-11-09 00:00:00+00:00,2001-11-09 00:00:00+00:00,1,-0.003973340979202244,1
2001-11-12 00:00:00+00:00,2001-11-12 00:00:00+00:00,1,-0.017603354049529375,1
2001-11-13 00:00:00+00:00,2001-11-13 00:00:00+00:00,1,0.019545448763128435,1
2001-11-14 00:00:00+00:00,2001-11-14 00:00:00+00:00,1,0.010028170549381177,1
2001-11-15 00:00:00+00:00,2001-11-15 00:00:00+00:00,1,-0.007618960834182486,1
2001-11-16 00:00:00+00:00,2001-11-16 00:00:00+00:00,1,0.0006136106863835148,1
2001-11-19 00:00:00+00:00,2001-11-19 00:00:00+00:00,1,0.007482500047867069,1
2001-11-20 00:00:00+00:00,2001-11-20 00:00:00+00:00,1,-0.007090129915083154,1
2001-11-21 00:00:00+00:00,2001-11-21 00:00:00+00:00,1,-0.0035487509511464618,1
2001-11-23 00:00:00+00:00,2001-11-23 00:00:00+00:00,1,0.004124881199974529,1
2001-11-26 00:00:00+00:00,2001-11-26 00:00:00+00:00,1,0.003821598735344678,1
2001-11-27 00:00:00+00:00,2001-11-27 00:00:00+00:00,1,-0.0041216723455471446,1
2001-11-28 00:00:00+00:00,2001-11-28 00:00:00+00:00,1,-0.009134864244454954,1
2001-11-29 00:00:00+00:00,2001-11-29 00:00:00+00:00,1,0.004724700146329275,1
2001-11-30 00:00:00+00:00,2001-11-30 00:00:00+00:00,1,-0.005099311068775569,1
2001-12-03 00:00:00+00:00,2001-12-03 00:00:00+00:00,1,-0.006593438368084436,1
2001-12-04 00:00:00+00:00,2001-12-04 00:00:00+00:00,1,0.0068729157884453666,1
2001-12-05 00:00:00+00:00,2001-12-05 00:00:00+00:00,1,0.005619089305210679,1
2001-12-06 00:00:00+00:00,2001-12-06 00:00:00+00:00,1,-0.0023059359995177605,1
2001-12-07 00:00:00+00:00,2001-12-07 00:00:00+00:00,1,-0.007185445550507185,1
2001-12-10 00:00:00+00:00,2001-12-10 00:00:00+00:00,1,-0.008257991149935784,1
2001-12-11 00:00:00+00:00,2001-12-11 00:00:00+00:00,1,0.007583185776146662,1
2001-12-12 00:00:00+00:00,2001-12-12 00:00:00+00:00,1,0.004725684823300902,1
2001-12-13 00:00:00+00:00,2001-12-13 00:00:00+00:00,1,-0.01415755919810211,1
2001-12-14 00:00:00+00:00,2001-12-14 00:00:00+00:00,1,0.002288255446104082,1
2001-12-17 00:00:00+00:00,2001-12-17 00:00:00+00:00,1,-0.002040766121671622,1
2001-12-18 00:00:00+00:00,2001-12-18 00:00:00+00:00,1,0.005555552268710929,1
2001-12-19 00:00:00+00:00,2001-12-19 00:00:00+00:00,1,-0.01265321117701449,1
2001-12-20 00:00:00+00:00,2001-12-20 00:00:00+00:00,1,-0.006612928178037469,1
2001-12-21 00:00:00+00:00,2001-12-21 00:00:00+00:00,1,0.011203751425639308,1
2001-12-24 00:00:00+00:00,2001-12-24 00:00:00+00:00,1,-6.217513398552003e-05,1
2001-12-26 00:00:00+00:00,2001-12-26 00:00:00+00:00,1,-1.2992647983189594e-05,1
2001-12-27 00:00:00+00:00,2001-12-27 00:00:00+00:00,1,0.0014555523782035177,1
2001-12-28 00:00:00+00:00,2001-12-28 00:00:00+00:00,1,0.004190166939254081,1
2001-12-31 00:00:00+00:00,2001-12-31 00:00:00+00:00,1,9.840318704981173e-05,1
2002-01-02 00:00:00+00:00,2002-01-02 00:00:00+00:00,1,0.01172451927863235,1
2002-01-03 00:00:00+00:00,2002-01-03 00:00:00+00:00,1,0.0027126381207931097,1
2002-01-04 00:00:00+00:00,2002-01-04 00:00:00+00:00,1,0.0065341523038469854,1
2002-01-07 00:00:00+00:00,2002-01-07 00:00:00+00:00,1,0.005319250802397335,1
2002-01-08 00:00:00+00:00,2002-01-08 00:00:00+00:00,1,-0.0016345081977931272,1
2002-01-09 00:00:00+00:00,2002-01-09 00:00:00+00:00,1,0.007014476485083099,1
2002-01-10 00:00:00+00:00,2002-01-10 00:00:00+00:00,1,0.0009490923013340761,1
2002-01-11 00:00:00+00:00,2002-01-11 00:00:00+00:00,1,-0.00010290196965937441,1
2002-01-14 00:00:00+00:00,2002-01-14 00:00:00+00:00,1,-0.005967485554280871,1
2002-01-15 00:00:00+00:00,2002-01-15 00:00:00+00:00,1,0.0020203611321337415,1
2002-01-16 00:00:00+00:00,2002-01-16 00:00:00+00:00,1,-0.014030675961781014,1
2002-01-17 00:00:00+00:00,2002-01-17 00:00:00+00:00,1,0.012891064910593853,1
2002-01-18 00:00:00+00:00,2002-01-18 00:00:00+00:00,1,-0.013587756685698537,1
2002-01-22 00:00:00+00:00,2002-01-22 00:00:00+00:00,1,0.007663895871660354,1
2002-01-23 00:00:00+00:00,2002-01-23 00:00:00+00:00,1,0.004199206999128758,1
2002-01-24 00:00:00+00:00,2002-01-24 00:00:00+00:00,1,0.008145502252714787,1
2002-01-25 00:00:00+00:00,2002-01-25 00:00:00+00:00,1,-0.008359378296392083,1
2002-01-28 00:00:00+00:00,2002-01-28 00:00:00+00:00,1,0.005361798380375616,1
2002-01-29 00:00:00+00:00,2002-01-29 00:00:00+00:00,1,0.0006803404645165049,1
2002-01-30 00:00:00+00:00,2002-01-30 00:00:00+00:00,1,0.00046162091754294894,1
2002-01-31 00:00:00+00:00,2002-01-31 00:00:00+00:00,1,0.004871184121199435,1
2002-02-01 00:00:00+00:00,2002-02-01 00:00:00+00:00,1,-0.0021259300989568738,1
2002-02-04 00:00:00+00:00,2002-02-04 00:00:00+00:00,1,-0.004523962454826868,1
2002-02-05 00:00:00+00:00,2002-02-05 00:00:00+00:00,1,-0.006817049408898301,1
2002-02-06 00:00:00+00:00,2002-02-06 00:00:00+00:00,1,0.009196650799883932,1
2002-02-07 00:00:00+00:00,2002-02-07 00:00:00+00:00,1,-0.0011785366514957315,1
2002-02-08 00:00:00+00:00,2002-02-08 00:00:00+00:00,1,0.0063595677026765055,1
2002-02-11 00:00:00+00:00,2002-02-11 00:00:00+00:00,1,-0.0008959653744115888,1
2002-02-12 00:00:00+00:00,2002-02-12 00:00:00+00:00,1,-0.006821544791865341,1
2002-02-13 00:00:00+00:00,2002-02-13 00:00:00+00:00,1,0.006822664864867678,1
2002-02-14 00:00:00+00:00,2002-02-14 00:00:00+00:00,1,0.0034749636835312517,1
2002-02-15 00:00:00+00:00,2002-02-15 00:00:00+00:00,1,-0.0005761525099175265,1
2002-02-19 00:00:00+00:00,2002-02-19 00:00:00+00:00,1,-0.009366127172452976,1
2002-02-20 00:00:00+00:00,2002-02-20 00:00:00+00:00,1,0.004205516424405998,1
2002-02-21 00:00:00+00:00,2002-02-21 00:00:00+00:00,1,-0.008404713513606088,1
2002-02-22 00:00:00+00:00,2002-02-22 00:00:00+00:00,1,0.0018720103356939192,1
2002-02-25 00:00:00+00:00,2002-02-25 00:00:00+00:00,1,0.00535634689340766,1
2002-02-26 00:00:00+00:00,2002-02-26 00:00:00+00:00,1,0.0035149296144026624,1
2002-02-27 00:00:00+00:00,2002-02-27 00:00:00+00:00,1,0.010337462733218306,1
2002-02-28 00:00:00+00:00,2002-02-28 00:00:00+00:00,1,0.002104596789399971,1
2002-03-01 00:00:00+00:00,2002-03-01 00:00:00+00:00,1,0.007740799042839053,1
2002-03-04 00:00:00+00:00,2002-03-04 00:00:00+00:00,1,-0.0001555085219910654,1
2002-03-05 00:00:00+00:00,2002-03-05 00:00:00+00:00,1,-0.005075948580778455,1
2002-03-06 00:00:00+00:00,2002-03-06 00:00:00+00:00,1,-0.006056097577748698,1
2002-03-07 00:00:00+00:00,2002-03-07 00:00:00+00:00,1,0.009227771811996266,1
2002-03-08 00:00:00+00:00,2002-03-08 00:00:00+00:00,1,0.010774733038609397,1
2002-03-11 00:00:00+00:00,2002-03-11 00:00:00+00:00,1,-0.004864711656027731,1
2002-03-12 00:00:00+00:00,2002-03-12 00:00:00+00:00,1,-0.017619751325633017,1
2002-03-13 00:00:00+00:00,2002-03-13 00:00:00+00:00,1,-0.010367358531005155,1
2002-03-14 00:00:00+00:00,2002-03-14 00:00:00+00:00,1,-0.0005698839989793699,1
2002-03-15 00:00:00+00:00,2002-03-15 00:00:00+00:00,1,0.0019284223868507259,1
2002-03-18 00:00:00+00:00,2002-03-18 00:00:00+00:00,1,0.0070009986690618645,1
2002-03-19 00:00:00+00:00,2002-03-19 00:00:00+00:00,1,0.00453681896978172,1
2002-03-20 00:00:00+00:00,2002-03-20 00:00:00+00:00,1,-0.011166042406169896,1
2002-03-21 00:00:00+00:00,2002-03-21 00:00:00+00:00,1,0.001208228828558611,1
2002-03-22 00:00:00+00:00,2002-03-22 00:00:00+00:00,1,-0.00046990839317110315,1
2002-03-25 00:00:00+00:00,2002-03-25 00:00:00+00:00,1,5.36218111972467e-05,1
2002-03-26 00:00:00+00:00,2002-03-26 00:00:00+00:00,1,-0.002664808729689527,1
2002-03-27 00:00:00+00:00,2002-03-27 00:00:00+00:00,1,-0.0049718697686168874,1
2002-03-28 00:00:00+00:00,2002-03-28 00:00:00+00:00,1,0.0072021631171167114,1
2002-04-01 00:00:00+00:00,2002-04-01 00:00:00+00:00,1,-0.00517094168155755,1
2002-04-02 00:00:00+00:00,2002-04-02 00:00:00+00:00,1,-0.013351466122902089,1
2002-04-03 00:00:00+00:00,2002-04-03 00:00:00+00:00,1,0.002999642878779152,1
2002-04-04 00:00:00+00:00,2002-04-04 00:00:00+00:00,1,-0.010251229296452146,1
2002-04-05 00:00:00+00:00,2002-04-05 00:00:00+00:00,1,0.0056036693445326805,1
2002-04-08 00:00:00+00:00,2002-04-08 00:00:00+00:00,1,-0.019471174562088668,1
2002-04-09 00:00:00+00:00,2002-04-09 00:00:00+00:00,1,0.0005190715639679325,1
2002-04-10 00:00:00+00:00,2002-04-10 00:00:00+00:00,1,0.002052318753108762,1
2002-04-11 00:00:00+00:00,2002-04-11 00:00:00+00:00,1,-0.005252258984271485,1
2002-04-12 00:00:00+00:00,2002-04-12 00:00:00+00:00,1,0.006492685940706589,1
2002-04-15 00:00:00+00:00,2002-04-15 00:00:00+00:00,1,0.004774156950471753,1
2002-04-16 00:00:00+00:00,2002-04-16 00:00:00+00:00,1,0.01428008382865783,1
2002-04-17 00:00:00+00:00,2002-04-17 00:00:00+00:00,1,0.003380126186463184,1
2002-04-18 00:00:00+00:00,2002-04-18 00:00:00+00:00,1,-0.003992224119627163,1
2002-04-19 00:00:00+00:00,2002-04-19 00:00:00+00:00,1,0.013134550886578411,1
2002-04-22 00:00:00+00:00,2002-04-22 00:00:00+00:00,1,-0.009044229205484122,1
2002-04-23 00:00:00+00:00,2002-04-23 00:00:00+00:00,1,0.00010566554062082541,1
2002-04-24 00:00:00+00:00,2002-04-24 00:00:00+00:00,1,0.0029102395849112898,1
2002-04-25 00:00:00+00:00,2002-04-25 00:00:00+00:00,1,-0.004290825620447169,1
2002-04-26 00:00:00+00:00,2002-04-26 00:00:00+00:00,1,0.004862876372261871,1
2002-04-29 00:00:00+00:00,2002-04-29 00:00:00+00:00,1,0.005436026163271402,1
2002-04-30 00:00:00+00:00,2002-04-30 00:00:00+00:00,1,-0.000997279862047262,1
2002-05-01 00:00:00+00:00,2002-05-01 00:00:00+00:00,1,-0.0007358796803187736,1
2002-05-02 00:00:00+00:00,2002-05-02 00:00:00+00:00,1,-0.003359391425576763,1
2002-05-03 00:00:00+00:00,2002-05-03 00:00:00+00:00,1,-0.0016912984644188774,1
2002-05-06 00:00:00+00:00,2002-05-06 00:00:00+00:00,1,-0.00187048029611484,1
2002-05-07 00:00:00+00:00,2002-05-07 00:00:00+00:00,1,0.007864392714849589,1
2002-05-08 00:00:00+00:00,2002-05-08 00:00:00+00:00,1,0.03388990160191482,1
2002-05-09 00:00:00+00:00,2002-05-09 00:00:00+00:00,1,-0.00509871338683624,1
2002-05-10 00:00:00+00:00,2002-05-10 00:00:00+00:00,1,0.0016899887884425872,1
2002-05-13 00:00:00+00:00,2002-05-13 00:00:00+00:00,1,0.007307936134308102,1
2002-05-14 00:00:00+00:00,2002-05-14 00:00:00+00:00,1,0.028780668262411623,1
2002-05-15 00:00:00+00:00,2002-05-15 00:00:00+00:00,1,-0.01108819179071433,1
2002-05-16 00:00:00+00:00,2002-05-16 00:00:00+00:00,1,-0.004824407497943084,1
2002-05-17 00:00:00+00:00,2002-05-17 00:00:00+00:00,1,0.007601453912621204,1
2002-05-20 00:00:00+00:00,2002-05-20 00:00:00+00:00,1,-0.006482458741056995,1
2002-05-21 00:00:00+00:00,2002-05-21 00:00:00+00:00,1,0.003897315976129046,1
2002-05-22 00:00:00+00:00,2002-05-22 00:00:00+00:00,1,-0.008253392769243062,1
2002-05-23 00:00:00+00:00,2002-05-23 00:00:00+00:00,1,0.004831336908456907,1
2002-05-24 00:00:00+00:00,2002-05-24 00:00:00+00:00,1,-0.007713595078681556,1
2002-05-28 00:00:00+00:00,2002-05-28 00:00:00+00:00,1,0.005037083185530611,1
2002-05-29 00:00:00+00:00,2002-05-29 00:00:00+00:00,1,-0.009594145050014857,1
2002-05-30 00:00:00+00:00,2002-05-30 00:00:00+00:00,1,-0.008252961021933824,1
2002-05-31 00:00:00+00:00,2002-05-31 00:00:00+00:00,1,0.005170874870082465,1
2002-06-03 00:00:00+00:00,2002-06-03 00:00:00+00:00,1,-0.001572004162863105,1
2002-06-04 00:00:00+00:00,2002-06-04 00:00:00+00:00,1,-0.005322658207278874,1
2002-06-05 00:00:00+00:00,2002-06-05 00:00:00+00:00,1,0.0022514787918327065,1
2002-06-06 00:00:00+00:00,2002-06-06 00:00:00+00:00,1,-0.003160124231700456,1
2002-06-07 00:00:00+00:00,2002-06-07 00:00:00+00:00,1,-0.03006039757428961,1
2002-06-10 00:00:00+00:00,2002-06-10 00:00:00+00:00,1,0.0002762132602127879,1
2002-06-11 00:00:00+00:00,2002-06-11 00:00:00+00:00,1,0.007774166851673392,1
2002-06-12 00:00:00+00:00,2002-06-12 00:00:00+00:00,1,-0.005531539120826578,1
2002-06-13 00:00:00+00:00,2002-06-13 00:00:00+00:00,1,-0.004288300157632074,1
2002-06-14 00:00:00+00:00,2002-06-14 00:00:00+00:00,1,-0.021217338928382436,1
2002-06-17 00:00:00+00:00,2002-06-17 00:00:00+00:00,1,0.00914300400588094,1
2002-06-18 00:00:00+00:00,2002-06-18 00:00:00+00:00,1,-0.006501221258545997,1
2002-06-19 00:00:00+00:00,2002-06-19 00:00:00+00:00,1,-0.023153217553592932,1
2002-06-20 00:00:00+00:00,2002-06-20 00:00:00+00:00,1,-0.0028487281046861487,1
2002-06-21 00:00:00+00:00,2002-06-21 00:00:00+00:00,1,-0.0041076367169951885,1
2002-06-24 00:00:00+00:00,2002-06-24 00:00:00+00:00,1,-0.010839669342010838,1
2002-06-25 00:00:00+00:00,2002-06-25 00:00:00+00:00,1,0.006952844305668971,1
2002-06-26 00:00:00+00:00,2002-06-26 00:00:00+00:00,1,-0.03262295022840409,1
2002-06-27 00:00:00+00:00,2002-06-27 00:00:00+00:00,1,0.010513358544445206,1
2002-06-28 00:00:00+00:00,2002-06-28 00:00:00+00:00,1,-0.004307211330374349,1
2002-07-01 00:00:00+00:00,2002-07-01 00:00:00+00:00,1,-0.0016790997838633578,1
2002-07-02 00:00:00+00:00,2002-07-02 00:00:00+00:00,1,-0.006206462956577874,1
2002-07-03 00:00:00+00:00,2002-07-03 00:00:00+00:00,1,-0.004230171395008952,1
2002-07-05 00:00:00+00:00,2002-07-05 00:00:00+00:00,1,0.01665143849648639,1
2002-07-08 00:00:00+00:00,2002-07-08 00:00:00+00:00,1,-0.00461856701371941,1
2002-07-09 00:00:00+00:00,2002-07-09 00:00:00+00:00,1,-0.004594577777291919,1
2002-07-10 00:00:00+00:00,2002-07-10 00:00:00+00:00,1,0.008482884067709218,1
2002-07-11 00:00:00+00:00,2002-07-11 00:00:00+00:00,1,-0.005183164452473554,1
2002-07-12 00:00:00+00:00,2002-07-12 00:00:00+00:00,1,0.011249146495774432,1
2002-07-15 00:00:00+00:00,2002-07-15 00:00:00+00:00,1,-0.003862605303251698,1
2002-07-16 00:00:00+00:00,2002-07-16 00:00:00+00:00,1,-0.013162847359442986,1
2002-07-17 00:00:00+00:00,2002-07-17 00:00:00+00:00,1,0.027657511265105482,1
2002-07-18 00:00:00+00:00,2002-07-18 00:00:00+00:00,1,-0.00578365923203592,1
2002-07-19 00:00:00+00:00,2002-07-19 00:00:00+00:00,1,-0.014310015929554143,1
2002-07-22 00:00:00+00:00,2002-07-22 00:00:00+00:00,1,-0.006818269950678834,1
2002-07-23 00:00:00+00:00,2002-07-23 00:00:00+00:00,1,0.0028975659120738743,1
2002-07-24 00:00:00+00:00,2002-07-24 00:00:00+00:00,1,-0.024852149889599252,1
2002-07-25 00:00:00+00:00,2002-07-25 00:00:00+00:00,1,-0.010788397415097828,1
2002-07-26 00:00:00+00:00,2002-07-26 00:00:00+00:00,1,0.010535567380396927,1
2002-07-29 00:00:00+00:00,2002-07-29 00:00:00+00:00,1,0.02403171104073073,1
2002-07-30 00:00:00+00:00,2002-07-30 00:00:00+00:00,1,-0.004904568136006293,1
2002-07-31 00:00:00+00:00,2002-07-31 00:00:00+00:00,1,-0.00915050429250156,1
2002-08-01 00:00:00+00:00,2002-08-01 00:00:00+00:00,1,-0.004141687297987062,1
2002-08-02 00:00:00+00:00,2002-08-02 00:00:00+00:00,1,-0.0007769598063695812,1
2002-08-05 00:00:00+00:00,2002-08-05 00:00:00+00:00,1,-0.005174432949693974,1
2002-08-06 00:00:00+00:00,2002-08-06 00:00:00+00:00,1,0.016810023871392042,1
2002-08-07 00:00:00+00:00,2002-08-07 00:00:00+00:00,1,0.022646830507250547,1
2002-08-08 00:00:00+00:00,2002-08-08 00:00:00+00:00,1,0.00041962060172542366,1
2002-08-09 00:00:00+00:00,2002-08-09 00:00:00+00:00,1,-0.012822062200621076,1
2002-08-12 00:00:00+00:00,2002-08-12 00:00:00+00:00,1,-0.013420762669673214,1
2002-08-13 00:00:00+00:00,2002-08-13 00:00:00+00:00,1,-0.006526019211964584,1
2002-08-14 00:00:00+00:00,2002-08-14 00:00:00+00:00,1,0.0015295936383824208,1
2002-08-15 00:00:00+00:00,2002-08-15 00:00:00+00:00,1,0.007221102320513173,1
2002-08-16 00:00:00+00:00,2002-08-16 00:00:00+00:00,1,-0.012089186070809587,1
2002-08-19 00:00:00+00:00,2002-08-19 00:00:00+00:00,1,0.002403708469599553,1
2002-08-20 00:00:00+00:00,2002-08-20 00:00:00+00:00,1,-0.005710913392359995,1
2002-08-21 00:00:00+00:00,2002-08-21 00:00:00+00:00,1,0.007218638512207021,1
2002-08-22 00:00:00+00:00,2002-08-22 00:00:00+00:00,1,-0.0018516872076513088,1
2002-08-23 00:00:00+00:00,2002-08-23 00:00:00+00:00,1,-0.010645985380233236,1
2002-08-26 00:00:00+00:00,2002-08-26 00:00:00+00:00,1,0.00432065127807465,1
2002-08-27 00:00:00+00:00,2002-08-27 00:00:00+00:00,1,0.005573828632219191,1
2002-08-28 00:00:00+00:00,2002-08-28 00:00:00+00:00,1,-0.01215379358302091,1
2002-08-29 00:00:00+00:00,2002-08-29 00:00:00+00:00,1,-0.010768419356736425,1
2002-08-30 00:00:00+00:00,2002-08-30 00:00:00+00:00,1,-0.006369414597798195,1
2002-09-03 00:00:00+00:00,2002-09-03 00:00:00+00:00,1,-0.015172886030740995,1
2002-09-04 00:00:00+00:00,2002-09-04 00:00:00+00:00,1,-0.0015228358932585003,1
2002-09-05 00:00:00+00:00,2002-09-05 00:00:00+00:00,1,-0.013422299872633747,1
2002-09-06 00:00:00+00:00,2002-09-06 00:00:00+00:00,1,0.01621370815773978,1
2002-09-09 00:00:00+00:00,2002-09-09 00:00:00+00:00,1,-0.00923881045079642,1
2002-09-10 00:00:00+00:00,2002-09-10 00:00:00+00:00,1,0.005596816098789559,1
2002-09-11 00:00:00+00:00,2002-09-11 00:00:00+00:00,1,0.013835160862451923,1
2002-09-12 00:00:00+00:00,2002-09-12 00:00:00+00:00,1,-0.00707570708680586,1
2002-09-13 00:00:00+00:00,2002-09-13 00:00:00+00:00,1,-0.009151527901636846,1
2002-09-16 00:00:00+00:00,2002-09-16 00:00:00+00:00,1,-0.005134528855015119,1
2002-09-17 00:00:00+00:00,2002-09-17 00:00:00+00:00,1,0.01386781932418032,1
2002-09-18 00:00:00+00:00,2002-09-18 00:00:00+00:00,1,-0.008800422531298679,1
2002-09-19 00:00:00+00:00,2002-09-19 00:00:00+00:00,1,-0.011064187336460895,1
2002-09-20 00:00:00+00:00,2002-09-20 00:00:00+00:00,1,0.009038491818425832,1
2002-09-23 00:00:00+00:00,2002-09-23 00:00:00+00:00,1,-0.009525820272011631,1
2002-09-24 00:00:00+00:00,2002-09-24 00:00:00+00:00,1,-0.015678665061832332,1
2002-09-25 00:00:00+00:00,2002-09-25 00:00:00+00:00,1,0.013747147166491913,1
2002-09-26 00:00:00+00:00,2002-09-26 00:00:00+00:00,1,0.01030142361490457,1
2002-09-27 00:00:00+00:00,2002-09-27 00:00:00+00:00,1,-0.005714995490312102,1
2002-09-30 00:00:00+00:00,2002-09-30 00:00:00+00:00,1,-0.010462797603363471,1
2002-10-01 00:00:00+00:00,2002-10-01 00:00:00+00:00,1,0.008197395874047853,1
2002-10-02 00:00:00+00:00,2002-10-02 00:00:00+00:00,1,-0.01699946618614604,1
2002-10-03 00:00:00+00:00,2002-10-03 00:00:00+00:00,1,-0.004830650304193584,1
2002-10-04 00:00:00+00:00,2002-10-04 00:00:00+00:00,1,0.007498421226506536,1
2002-10-07 00:00:00+00:00,2002-10-07 00:00:00+00:00,1,-0.007090541621123192,1
2002-10-08 00:00:00+00:00,2002-10-08 00:00:00+00:00,1,0.006972547082444736,1
2002-10-09 00:00:00+00:00,2002-10-09 00:00:00+00:00,1,-0.014699102645764716,1
2002-10-10 00:00:00+00:00,2002-10-10 00:00:00+00:00,1,-0.0003269574634310654,1
2002-10-11 00:00:00+00:00,2002-10-11 00:00:00+00:00,1,0.019963870375426428,1
2002-10-14 00:00:00+00:00,2002-10-14 00:00:00+00:00,1,-0.013879516156033866,1
2002-10-15 00:00:00+00:00,2002-10-15 00:00:00+00:00,1,0.03499533769213089,1
2002-10-16 00:00:00+00:00,2002-10-16 00:00:00+00:00,1,-0.025610465448512622,1
2002-10-17 00:00:00+00:00,2002-10-17 00:00:00+00:00,1,0.031100679027490218,1
2002-10-18 00:00:00+00:00,2002-10-18 00:00:00+00:00,1,-0.009544297164634319,1
2002-10-21 00:00:00+00:00,2002-10-21 00:00:00+00:00,1,-0.009322936089746358,1
2002-10-22 00:00:00+00:00,2002-10-22 00:00:00+00:00,1,-0.01803770272924763,1
2002-10-23 00:00:00+00:00,2002-10-23 00:00:00+00:00,1,-0.01049570493236882,1
2002-10-24 00:00:00+00:00,2002-10-24 00:00:00+00:00,1,0.004374586968144601,1
2002-10-25 00:00:00+00:00,2002-10-25 00:00:00+00:00,1,-0.0009399136931050652,1
2002-10-28 00:00:00+00:00,2002-10-28 00:00:00+00:00,1,0.011038927616458605,1
2002-10-29 00:00:00+00:00,2002-10-29 00:00:00+00:00,1,-0.006932499609038056,1
2002-10-30 00:00:00+00:00,2002-10-30 00:00:00+00:00,1,0.003247419419986264,1
2002-10-31 00:00:00+00:00,2002-10-31 00:00:00+00:00,1,0.003021821284978488,1
2002-11-01 00:00:00+00:00,2002-11-01 00:00:00+00:00,1,-0.00492580008574337,1
2002-11-04 00:00:00+00:00,2002-11-04 00:00:00+00:00,1,0.024015646974210957,1
2002-11-05 00:00:00+00:00,2002-11-05 00:00:00+00:00,1,-0.005558937019681442,1
2002-11-06 00:00:00+00:00,2002-11-06 00:00:00+00:00,1,0.006769555168200514,1
2002-11-07 00:00:00+00:00,2002-11-07 00:00:00+00:00,1,-0.01484839710962591,1
2002-11-08 00:00:00+00:00,2002-11-08 00:00:00+00:00,1,-0.002545914324946918,1
2002-11-11 00:00:00+00:00,2002-11-11 00:00:00+00:00,1,-0.0034743356266443755,1
2002-11-12 00:00:00+00:00,2002-11-12 00:00:00+00:00,1,0.003817135113901105,1
2002-11-13 00:00:00+00:00,2002-11-13 00:00:00+00:00,1,-0.008510080010117027,1
2002-11-14 00:00:00+00:00,2002-11-14 00:00:00+00:00,1,0.012363685063523666,1
2002-11-15 00:00:00+00:00,2002-11-15 00:00:00+00:00,1,-0.008154797402259528,1
2002-11-18 00:00:00+00:00,2002-11-18 00:00:00+00:00,1,0.008908654326952392,1
2002-11-19 00:00:00+00:00,2002-11-19 00:00:00+00:00,1,-0.007640017960433598,1
2002-11-20 00:00:00+00:00,2002-11-20 00:00:00+00:00,1,-0.0041572934286812965,1
2002-11-21 00:00:00+00:00,2002-11-21 00:00:00+00:00,1,0.0044977113158491625,1
2002-11-22 00:00:00+00:00,2002-11-22 00:00:00+00:00,1,-0.010032950986019506,1
2002-11-25 00:00:00+00:00,2002-11-25 00:00:00+00:00,1,0.00047537351903611554,1
2002-11-26 00:00:00+00:00,2002-11-26 00:00:00+00:00,1,-0.006244477420038896,1
2002-11-27 00:00:00+00:00,2002-11-27 00:00:00+00:00,1,0.013043733998353757,1
2002-11-29 00:00:00+00:00,2002-11-29 00:00:00+00:00,1,0.007831816116388913,1
2002-12-02 00:00:00+00:00,2002-12-02 00:00:00+00:00,1,0.020253617798150124,1
2002-12-03 00:00:00+00:00,2002-12-03 00:00:00+00:00,1,-0.013010042812301814,1
2002-12-04 00:00:00+00:00,2002-12-04 00:00:00+00:00,1,-0.01744821224594848,1
2002-12-05 00:00:00+00:00,2002-12-05 00:00:00+00:00,1,0.008365608692785876,1
2002-12-06 00:00:00+00:00,2002-12-06 00:00:00+00:00,1,-0.014906661186999714,1
2002-12-09 00:00:00+00:00,2002-12-09 00:00:00+00:00,1,-0.010238213644394067,1
2002-12-10 00:00:00+00:00,2002-12-10 00:00:00+00:00,1,0.006570483072953126,1
2002-12-11 00:00:00+00:00,2002-12-11 00:00:00+00:00,1,-0.004968971981317715,1
2002-12-12 00:00:00+00:00,2002-12-12 00:00:00+00:00,1,0.007456284498384947,1
2002-12-13 00:00:00+00:00,2002-12-13 00:00:00+00:00,1,-0.011610714752855278,1
2002-12-16 00:00:00+00:00,2002-12-16 00:00:00+00:00,1,0.00598087808333877,1
2002-12-17 00:00:00+00:00,2002-12-17 00:00:00+00:00,1,-0.0026014884530089263,1
2002-12-18 00:00:00+00:00,2002-12-18 00:00:00+00:00,1,-0.010543825687719532,1
2002-12-19 00:00:00+00:00,2002-12-19 00:00:00+00:00,1,-0.006943415525782237,1
2002-12-20 00:00:00+00:00,2002-12-20 00:00:00+00:00,1,0.007769593774788997,1
2002-12-23 00:00:00+00:00,2002-12-23 00:00:00+00:00,1,-0.005286914118827179,1
2002-12-24 00:00:00+00:00,2002-12-24 00:00:00+00:00,1,-0.005999379332473553,1
2002-12-26 00:00:00+00:00,2002-12-26 00:00:00+00:00,1,0.00520849614052229,1
2002-12-27 00:00:00+00:00,2002-12-27 00:00:00+00:00,1,-0.004683040757682699,1
2002-12-30 00:00:00+00:00,2002-12-30 00:00:00+00:00,1,0.002449573497732305,1
2002-12-31 00:00:00+00:00,2002-12-31 00:00:00+00:00,1,-0.002808570751088457,1
2003-01-02 00:00:00+00:00,2003-01-02 00:00:00+00:00,1,0.010394555999014255,1
2003-01-03 00:00:00+00:00,2003-01-03 00:00:00+00:00,1,2.6120744518135105e-06,1
2003-01-06 00:00:00+00:00,2003-01-06 00:00:00+00:00,1,-0.00031789046919797863,1
2003-01-07 00:00:00+00:00,2003-01-07 00:00:00+00:00,1,0.0010872884657459284,1
2003-01-08 00:00:00+00:00,2003-01-08 00:00:00+00:00,1,-0.008036622298349927,1
2003-01-09 00:00:00+00:00,2003-01-09 00:00:00+00:00,1,0.008617012115949086,1
2003-01-10 00:00:00+00:00,2003-01-10 00:00:00+00:00,1,-0.011488077049802458,1
2003-01-13 00:00:00+00:00,2003-01-13 00:00:00+00:00,1,0.006523020904084154,1
2003-01-14 00:00:00+00:00,2003-01-14 00:00:00+00:00,1,-0.002684310696467995,1
2003-01-15 00:00:00+00:00,2003-01-15 00:00:00+00:00,1,0.003779628682939318,1
2003-01-16 00:00:00+00:00,2003-01-16 00:00:00+00:00,1,0.0011760689583966925,1
2003-01-17 00:00:00+00:00,2003-01-17 00:00:00+00:00,1,-0.01610868073710906,1
2003-01-21 00:00:00+00:00,2003-01-21 00:00:00+00:00,1,0.002833662781656277,1
2003-01-22 00:00:00+00:00,2003-01-22 00:00:00+00:00,1,-0.004387254094412518,1
2003-01-23 00:00:00+00:00,2003-01-23 00:00:00+00:00,1,0.012415232101678575,1
2003-01-24 00:00:00+00:00,2003-01-24 00:00:00+00:00,1,-0.0005843274436759024,1
2003-01-27 00:00:00+00:00,2003-01-27 00:00:00+00:00,1,-0.011516124758867796,1
2003-01-28 00:00:00+00:00,2003-01-28 00:00:00+00:00,1,0.007116110685062871,1
2003-01-29 00:00:00+00:00,2003-01-29 00:00:00+00:00,1,-0.003092555423099696,1
2003-01-30 00:00:00+00:00,2003-01-30 00:00:00+00:00,1,0.004872060238101017,1
2003-01-31 00:00:00+00:00,2003-01-31 00:00:00+00:00,1,-0.010937992142183639,1
2003-02-03 00:00:00+00:00,2003-02-03 00:00:00+00:00,1,0.0018016667157857106,1
2003-02-04 00:00:00+00:00,2003-02-04 00:00:00+00:00,1,-0.011963489319767573,1
2003-02-05 00:00:00+00:00,2003-02-05 00:00:00+00:00,1,0.004760276014990595,1
2003-02-06 00:00:00+00:00,2003-02-06 00:00:00+00:00,1,-0.003959113026364624,1
2003-02-07 00:00:00+00:00,2003-02-07 00:00:00+00:00,1,0.005521410141675476,1
2003-02-10 00:00:00+00:00,2003-02-10 00:00:00+00:00,1,0.001619864694198803,1
2003-02-11 00:00:00+00:00,2003-02-11 00:00:00+00:00,1,0.006630468051710492,1
2003-02-12 00:00:00+00:00,2003-02-12 00:00:00+00:00,1,-0.00357464155624968,1
2003-02-13 00:00:00+00:00,2003-02-13 00:00:00+00:00,1,0.0006344888411252362,1
2003-02-14 00:00:00+00:00,2003-02-14 00:00:00+00:00,1,-0.002475691610556474,1
2003-02-18 00:00:00+00:00,2003-02-18 00:00:00+00:00,1,0.006244809715428479,1
2003-02-19 00:00:00+00:00,2003-02-19 00:00:00+00:00,1,-0.0031000834785407713,1
2003-02-20 00:00:00+00:00,2003-02-20 00:00:00+00:00,1,0.0012712531705835976,1
2003-02-21 00:00:00+00:00,2003-02-21 00:00:00+00:00,1,-0.0010042270632962032,1
2003-02-24 00:00:00+00:00,2003-02-24 00:00:00+00:00,1,-0.0025618852532143573,1
2003-02-25 00:00:00+00:00,2003-02-25 00:00:00+00:00,1,-0.011232831424587175,1
2003-02-26 00:00:00+00:00,2003-02-26 00:00:00+00:00,1,-0.004780265865171751,1
2003-02-27 00:00:00+00:00,2003-02-27 00:00:00+00:00,1,0.006591985345593321,1
2003-02-28 00:00:00+00:00,2003-02-28 00:00:00+00:00,1,0.0012778214409235548,1
2003-03-03 00:00:00+00:00,2003-03-03 00:00:00+00:00,1,0.004006608646384991,1
2003-03-04 00:00:00+00:00,2003-03-04 00:00:00+00:00,1,-0.0009298365316267928,1
2003-03-05 00:00:00+00:00,2003-03-05 00:00:00+00:00,1,-0.003186348138843975,1
2003-03-06 00:00:00+00:00,2003-03-06 00:00:00+00:00,1,-0.006219263679061593,1
2003-03-07 00:00:00+00:00,2003-03-07 00:00:00+00:00,1,-0.015559057769216877,1
2003-03-10 00:00:00+00:00,2003-03-10 00:00:00+00:00,1,-0.008899232355515518,1
2003-03-11 00:00:00+00:00,2003-03-11 00:00:00+00:00,1,0.0017246348746671972,1
2003-03-12 00:00:00+00:00,2003-03-12 00:00:00+00:00,1,-0.0020094391044870093,1
2003-03-13 00:00:00+00:00,2003-03-13 00:00:00+00:00,1,0.015068972919634905,1
2003-03-14 00:00:00+00:00,2003-03-14 00:00:00+00:00,1,0.0038738979918768405,1
2003-03-17 00:00:00+00:00,2003-03-17 00:00:00+00:00,1,-0.009919641658834443,1
2003-03-18 00:00:00+00:00,2003-03-18 00:00:00+00:00,1,0.005591340026965786,1
2003-03-19 00:00:00+00:00,2003-03-19 00:00:00+00:00,1,-0.0018425591112118164,1
2003-03-20 00:00:00+00:00,2003-03-20 00:00:00+00:00,1,-0.00687733389580023,1
2003-03-21 00:00:00+00:00,2003-03-21 00:00:00+00:00,1,0.013067025377957531,1
2003-03-24 00:00:00+00:00,2003-03-24 00:00:00+00:00,1,-0.02238241934192762,1
2003-03-25 00:00:00+00:00,2003-03-25 00:00:00+00:00,1,0.0021004499842604777,1
2003-03-26 00:00:00+00:00,2003-03-26 00:00:00+00:00,1,0.0016324943972620635,1
2003-03-27 00:00:00+00:00,2003-03-27 00:00:00+00:00,1,-0.00966340776654343,1
2003-03-28 00:00:00+00:00,2003-03-28 00:00:00+00:00,1,-0.00856225417124693,1
2003-03-31 00:00:00+00:00,2003-03-31 00:00:00+00:00,1,-0.017345044798504163,1
2003-04-01 00:00:00+00:00,2003-04-01 00:00:00+00:00,1,0.006471317169675162,1
2003-04-02 00:00:00+00:00,2003-04-02 00:00:00+00:00,1,0.020401345769295608,1
2003-04-03 00:00:00+00:00,2003-04-03 00:00:00+00:00,1,0.013324997225708424,1
2003-04-04 00:00:00+00:00,2003-04-04 00:00:00+00:00,1,0.00556089156963876,1
2003-04-07 00:00:00+00:00,2003-04-07 00:00:00+00:00,1,0.032061130354062516,1
2003-04-08 00:00:00+00:00,2003-04-08 00:00:00+00:00,1,0.002269323460749784,1
2003-04-09 00:00:00+00:00,2003-04-09 00:00:00+00:00,1,0.0014315360842120598,1
2003-04-10 00:00:00+00:00,2003-04-10 00:00:00+00:00,1,4.445462786036887e-05,1
2003-04-11 00:00:00+00:00,2003-04-11 00:00:00+00:00,1,0.00826455424748348,1
2003-04-14 00:00:00+00:00,2003-04-14 00:00:00+00:00,1,0.0032999625616375265,1
2003-04-15 00:00:00+00:00,2003-04-15 00:00:00+00:00,1,-0.0020711470677065354,1
2003-04-16 00:00:00+00:00,2003-04-16 00:00:00+00:00,1,0.007463769584378744,1
2003-04-17 00:00:00+00:00,2003-04-17 00:00:00+00:00,1,-0.0011612226089961816,1
2003-04-21 00:00:00+00:00,2003-04-21 00:00:00+00:00,1,0.0036124324098630537,1
2003-04-22 00:00:00+00:00,2003-04-22 00:00:00+00:00,1,-0.006896617662251503,1
2003-04-23 00:00:00+00:00,2003-04-23 00:00:00+00:00,1,0.0025085266668862464,1
2003-04-24 00:00:00+00:00,2003-04-24 00:00:00+00:00,1,-0.008711477824966429,1
2003-04-25 00:00:00+00:00,2003-04-25 00:00:00+00:00,1,-0.0035396174928079335,1
2003-04-28 00:00:00+00:00,2003-04-28 00:00:00+00:00,1,0.00271916173927963,1
2003-04-29 00:00:00+00:00,2003-04-29 00:00:00+00:00,1,0.004517763137330067,1
2003-04-30 00:00:00+00:00,2003-04-30 00:00:00+00:00,1,-0.002828191601983809,1
2003-05-01 00:00:00+00:00,2003-05-01 00:00:00+00:00,1,-0.0004279265845310351,1
2003-05-02 00:00:00+00:00,2003-05-02 00:00:00+00:00,1,-0.003594347671586817,1
2003-05-05 00:00:00+00:00,2003-05-05 00:00:00+00:00,1,0.001978922243272863,1
2003-05-06 00:00:00+00:00,2003-05-06 00:00:00+00:00,1,-0.0007773229167818193,1
2003-05-07 00:00:00+00:00,2003-05-07 00:00:00+00:00,1,-0.006404275622553168,1
2003-05-08 00:00:00+00:00,2003-05-08 00:00:00+00:00,1,-0.012734715506052019,1
2003-05-09 00:00:00+00:00,2003-05-09 00:00:00+00:00,1,0.006616514057411005,1
2003-05-12 00:00:00+00:00,2003-05-12 00:00:00+00:00,1,-0.0024067043726928358,1
2003-05-13 00:00:00+00:00,2003-05-13 00:00:00+00:00,1,-0.005784933246396928,1
2003-05-14 00:00:00+00:00,2003-05-14 00:00:00+00:00,1,0.005369430162921985,1
2003-05-15 00:00:00+00:00,2003-05-15 00:00:00+00:00,1,0.0043329014246548895,1
2003-05-16 00:00:00+00:00,2003-05-16 00:00:00+00:00,1,-0.004741202320858983,1
2003-05-19 00:00:00+00:00,2003-05-19 00:00:00+00:00,1,-0.0072313342152442225,1
2003-05-20 00:00:00+00:00,2003-05-20 00:00:00+00:00,1,0.0018817746643256753,1
2003-05-21 00:00:00+00:00,2003-05-21 00:00:00+00:00,1,-0.004353684800695789,1
2003-05-22 00:00:00+00:00,2003-05-22 00:00:00+00:00,1,0.002583547221915417,1
2003-05-23 00:00:00+00:00,2003-05-23 00:00:00+00:00,1,-0.0014038323831846219,1
2003-05-27 00:00:00+00:00,2003-05-27 00:00:00+00:00,1,-0.005778120012353538,1
2003-05-28 00:00:00+00:00,2003-05-28 00:00:00+00:00,1,0.0030892315231146553,1
2003-05-29 00:00:00+00:00,2003-05-29 00:00:00+00:00,1,0.0014828896236842252,1
2003-05-30 00:00:00+00:00,2003-05-30 00:00:00+00:00,1,0.005968043836538673,1
2003-06-02 00:00:00+00:00,2003-06-02 00:00:00+00:00,1,0.007558674625948914,1
2003-06-03 00:00:00+00:00,2003-06-03 00:00:00+00:00,1,-0.00369352605594212,1
2003-06-04 00:00:00+00:00,2003-06-04 00:00:00+00:00,1,-0.0015975668575729293,1
2003-06-05 00:00:00+00:00,2003-06-05 00:00:00+00:00,1,-0.007991459926598476,1
2003-06-06 00:00:00+00:00,2003-06-06 00:00:00+00:00,1,0.01276478390760557,1
2003-06-09 00:00:00+00:00,2003-06-09 00:00:00+00:00,1,-0.004925713516630547,1
2003-06-10 00:00:00+00:00,2003-06-10 00:00:00+00:00,1,0.0029553083315298715,1
2003-06-11 00:00:00+00:00,2003-06-11 00:00:00+00:00,1,-0.0025755976546247613,1
2003-06-12 00:00:00+00:00,2003-06-12 00:00:00+00:00,1,0.003909082650777796,1
2003-06-13 00:00:00+00:00,2003-06-13 00:00:00+00:00,1,-0.00013677465950770988,1
2003-06-16 00:00:00+00:00,2003-06-16 00:00:00+00:00,1,0.005213485235753013,1
2003-06-17 00:00:00+00:00,2003-06-17 00:00:00+00:00,1,0.003983305959979389,1
2003-06-18 00:00:00+00:00,2003-06-18 00:00:00+00:00,1,-0.003745238848013621,1
2003-06-19 00:00:00+00:00,2003-06-19 00:00:00+00:00,1,0.0010146795787827293,1
2003-06-20 00:00:00+00:00,2003-06-20 00:00:00+00:00,1,0.00780053179370418,1
2003-06-23 00:00:00+00:00,2003-06-23 00:00:00+00:00,1,-0.0010729547110582046,1
2003-06-24 00:00:00+00:00,2003-06-24 00:00:00+00:00,1,-0.004324812366054176,1
2003-06-25 00:00:00+00:00,2003-06-25 00:00:00+00:00,1,-0.00041758189686128515,1
2003-06-26 00:00:00+00:00,2003-06-26 00:00:00+00:00,1,0.004199554462935818,1
2003-06-27 00:00:00+00:00,2003-06-27 00:00:00+00:00,1,-5.67182482893777e-05,1
2003-06-30 00:00:00+00:00,2003-06-30 00:00:00+00:00,1,0.008098498864139237,1
2003-07-01 00:00:00+00:00,2003-07-01 00:00:00+00:00,1,-0.006419938289481208,1
2003-07-02 00:00:00+00:00,2003-07-02 00:00:00+00:00,1,0.0019063771924910603,1
2003-07-03 00:00:00+00:00,2003-07-03 00:00:00+00:00,1,-0.008167181411088997,1
2003-07-07 00:00:00+00:00,2003-07-07 00:00:00+00:00,1,0.01068496657655379,1
2003-07-08 00:00:00+00:00,2003-07-08 00:00:00+00:00,1,-0.0030176677927276404,1
2003-07-09 00:00:00+00:00,2003-07-09 00:00:00+00:00,1,-0.0029858549196163705,1
2003-07-10 00:00:00+00:00,2003-07-10 00:00:00+00:00,1,-0.009413172918646273,1
2003-07-11 00:00:00+00:00,2003-07-11 00:00:00+00:00,1,0.0009440930423849307,1
2003-07-14 00:00:00+00:00,2003-07-14 00:00:00+00:00,1,0.01234025541696967,1
2003-07-15 00:00:00+00:00,2003-07-15 00:00:00+00:00,1,0.007736859751520353,1
2003-07-16 00:00:00+00:00,2003-07-16 00:00:00+00:00,1,0.004292189838628746,1
2003-07-17 00:00:00+00:00,2003-07-17 00:00:00+00:00,1,-0.011615647071588053,1
2003-07-18 00:00:00+00:00,2003-07-18 00:00:00+00:00,1,0.005867343775790868,1
2003-07-21 00:00:00+00:00,2003-07-21 00:00:00+00:00,1,-0.0012408972831194683,1
2003-07-22 00:00:00+00:00,2003-07-22 00:00:00+00:00,1,0.0055102030324845844,1
2003-07-23 00:00:00+00:00,2003-07-23 00:00:00+00:00,1,0.0006993691278366024,1
2003-07-24 00:00:00+00:00,2003-07-24 00:00:00+00:00,1,0.007434251287877636,1
2003-07-25 00:00:00+00:00,2003-07-25 00:00:00+00:00,1,-0.00023892999252348417,1
2003-07-28 00:00:00+00:00,2003-07-28 00:00:00+00:00,1,0.0013420662628328087,1
2003-07-29 00:00:00+00:00,2003-07-29 00:00:00+00:00,1,0.0017290432109696389,1
2003-07-30 00:00:00+00:00,2003-07-30 00:00:00+00:00,1,0.0016540037562033597,1
2003-07-31 00:00:00+00:00,2003-07-31 00:00:00+00:00,1,0.009722314270927035,1
2003-08-01 00:00:00+00:00,2003-08-01 00:00:00+00:00,1,-0.003035224593763019,1
2003-08-04 00:00:00+00:00,2003-08-04 00:00:00+00:00,1,-0.0019509149056770921,1
2003-08-05 00:00:00+00:00,2003-08-05 00:00:00+00:00,1,-0.0014434061720323462,1
2003-08-06 00:00:00+00:00,2003-08-06 00:00:00+00:00,1,0.0035826662740759633,1
2003-08-07 00:00:00+00:00,2003-08-07 00:00:00+00:00,1,0.0011763557300994102,1
2003-08-08 00:00:00+00:00,2003-08-08 00:00:00+00:00,1,0.0033120224831066584,1
2003-08-11 00:00:00+00:00,2003-08-11 00:00:00+00:00,1,-0.00023521882935293418,1
2003-08-12 00:00:00+00:00,2003-08-12 00:00:00+00:00,1,0.0018133220322522296,1
2003-08-13 00:00:00+00:00,2003-08-13 00:00:00+00:00,1,0.0030003645945384187,1
2003-08-14 00:00:00+00:00,2003-08-14 00:00:00+00:00,1,0.0001646624890116691,1
2003-08-15 00:00:00+00:00,2003-08-15 00:00:00+00:00,1,0.0015697625876975544,1
2003-08-18 00:00:00+00:00,2003-08-18 00:00:00+00:00,1,0.003502025923821617,1
2003-08-19 00:00:00+00:00,2003-08-19 00:00:00+00:00,1,0.0029345850007053923,1
2003-08-20 00:00:00+00:00,2003-08-20 00:00:00+00:00,1,-0.007296224526966244,1
2003-08-21 00:00:00+00:00,2003-08-21 00:00:00+00:00,1,0.007331835154839228,1
2003-08-22 00:00:00+00:00,2003-08-22 00:00:00+00:00,1,0.014059895963673375,1
2003-08-25 00:00:00+00:00,2003-08-25 00:00:00+00:00,1,-0.001833274224647052,1
2003-08-26 00:00:00+00:00,2003-08-26 00:00:00+00:00,1,-0.005988845882594717,1
2003-08-27 00:00:00+00:00,2003-08-27 00:00:00+00:00,1,-0.001368060862345843,1
2003-08-28 00:00:00+00:00,2003-08-28 00:00:00+00:00,1,0.0031323596997571927,1
2003-08-29 00:00:00+00:00,2003-08-29 00:00:00+00:00,1,-0.0017998292522018785,1
2003-09-02 00:00:00+00:00,2003-09-02 00:00:00+00:00,1,0.0021826635818152588,1
2003-09-03 00:00:00+00:00,2003-09-03 00:00:00+00:00,1,0.004214637759168272,1
2003-09-04 00:00:00+00:00,2003-09-04 00:00:00+00:00,1,-0.001853442317317799,1
2003-09-05 00:00:00+00:00,2003-09-05 00:00:00+00:00,1,-0.005353253116487133,1
2003-09-08 00:00:00+00:00,2003-09-08 00:00:00+00:00,1,0.0016050046797254306,1
2003-09-09 00:00:00+00:00,2003-09-09 00:00:00+00:00,1,-0.004403682212729387,1
2003-09-10 00:00:00+00:00,2003-09-10 00:00:00+00:00,1,-0.007568347075478465,1
2003-09-11 00:00:00+00:00,2003-09-11 00:00:00+00:00,1,0.0005366445063320294,1
2003-09-12 00:00:00+00:00,2003-09-12 00:00:00+00:00,1,-0.006470161082978964,1
2003-09-15 00:00:00+00:00,2003-09-15 00:00:00+00:00,1,0.00033720170883241336,1
2003-09-16 00:00:00+00:00,2003-09-16 00:00:00+00:00,1,0.0008336653511790918,1
2003-09-17 00:00:00+00:00,2003-09-17 00:00:00+00:00,1,-0.0018001808995026566,1
2003-09-18 00:00:00+00:00,2003-09-18 00:00:00+00:00,1,-0.0015169483592533447,1
2003-09-19 00:00:00+00:00,2003-09-19 00:00:00+00:00,1,0.00018003360411996712,1
2003-09-22 00:00:00+00:00,2003-09-22 00:00:00+00:00,1,-0.01076154312076275,1
2003-09-23 00:00:00+00:00,2003-09-23 00:00:00+00:00,1,0.0006317230631745722,1
2003-09-24 00:00:00+00:00,2003-09-24 00:00:00+00:00,1,0.0004293031390323002,1
2003-09-25 00:00:00+00:00,2003-09-25 00:00:00+00:00,1,0.00359200457503025,1
2003-09-26 00:00:00+00:00,2003-09-26 00:00:00+00:00,1,0.0020222238931527307,1
2003-09-29 00:00:00+00:00,2003-09-29 00:00:00+00:00,1,0.004213515016820846,1
2003-09-30 00:00:00+00:00,2003-09-30 00:00:00+00:00,1,-0.0058484274129593,1
2003-10-01 00:00:00+00:00,2003-10-01 00:00:00+00:00,1,0.004080813499203051,1
2003-10-02 00:00:00+00:00,2003-10-02 00:00:00+00:00,1,-0.001788760354762586,1
2003-10-03 00:00:00+00:00,2003-10-03 00:00:00+00:00,1,0.014524145997859084,1
2003-10-06 00:00:00+00:00,2003-10-06 00:00:00+00:00,1,0.0014504892152412355,1
2003-10-07 00:00:00+00:00,2003-10-07 00:00:00+00:00,1,-0.00725285531514378,1
2003-10-08 00:00:00+00:00,2003-10-08 00:00:00+00:00,1,0.0023446316494396217,1
2003-10-09 00:00:00+00:00,2003-10-09 00:00:00+00:00,1,0.010901474638541709,1
2003-10-10 00:00:00+00:00,2003-10-10 00:00:00+00:00,1,0.0008050533084813186,1
2003-10-13 00:00:00+00:00,2003-10-13 00:00:00+00:00,1,0.00222611528449731,1
2003-10-14 00:00:00+00:00,2003-10-14 00:00:00+00:00,1,-0.002763566738372447,1
2003-10-15 00:00:00+00:00,2003-10-15 00:00:00+00:00,1,0.009154216713897012,1
2003-10-16 00:00:00+00:00,2003-10-16 00:00:00+00:00,1,-0.0029133656171204444,1
2003-10-17 00:00:00+00:00,2003-10-17 00:00:00+00:00,1,-0.0007203221037861748,1
2003-10-20 00:00:00+00:00,2003-10-20 00:00:00+00:00,1,0.0011885643754649625,1
2003-10-21 00:00:00+00:00,2003-10-21 00:00:00+00:00,1,8.014705053468492e-05,1
2003-10-22 00:00:00+00:00,2003-10-22 00:00:00+00:00,1,-0.009364056616379379,1
2003-10-23 00:00:00+00:00,2003-10-23 00:00:00+00:00,1,-0.009513563523840063,1
2003-10-24 00:00:00+00:00,2003-10-24 00:00:00+00:00,1,-0.008375960304641638,1
2003-10-27 00:00:00+00:00,2003-10-27 00:00:00+00:00,1,0.001641721405593011,1
2003-10-28 00:00:00+00:00,2003-10-28 00:00:00+00:00,1,0.004603843500851823,1
2003-10-29 00:00:00+00:00,2003-10-29 00:00:00+00:00,1,-0.003847459632167349,1
2003-10-30 00:00:00+00:00,2003-10-30 00:00:00+00:00,1,0.009536456742563837,1
2003-10-31 00:00:00+00:00,2003-10-31 00:00:00+00:00,1,0.0004066631734395923,1
2003-11-03 00:00:00+00:00,2003-11-03 00:00:00+00:00,1,0.0053895553545782685,1
2003-11-04 00:00:00+00:00,2003-11-04 00:00:00+00:00,1,-0.0012788910482096402,1
2003-11-05 00:00:00+00:00,2003-11-05 00:00:00+00:00,1,-0.0015762894296213244,1
2003-11-06 00:00:00+00:00,2003-11-06 00:00:00+00:00,1,-0.002131094818784684,1
2003-11-07 00:00:00+00:00,2003-11-07 00:00:00+00:00,1,0.0027755570293168334,1
2003-11-10 00:00:00+00:00,2003-11-10 00:00:00+00:00,1,0.0012975226137967536,1
2003-11-11 00:00:00+00:00,2003-11-11 00:00:00+00:00,1,-0.001295974752137918,1
2003-11-12 00:00:00+00:00,2003-11-12 00:00:00+00:00,1,0.0016487932493671423,1
2003-11-13 00:00:00+00:00,2003-11-13 00:00:00+00:00,1,-0.0032009369984524524,1
2003-11-14 00:00:00+00:00,2003-11-14 00:00:00+00:00,1,0.0004469127984699453,1
2003-11-17 00:00:00+00:00,2003-11-17 00:00:00+00:00,1,-0.005761400096935243,1
2003-11-18 00:00:00+00:00,2003-11-18 00:00:00+00:00,1,0.003916989645141389,1
2003-11-19 00:00:00+00:00,2003-11-19 00:00:00+00:00,1,0.0025328343403432044,1
2003-11-20 00:00:00+00:00,2003-11-20 00:00:00+00:00,1,-0.007976117217847167,1
2003-11-21 00:00:00+00:00,2003-11-21 00:00:00+00:00,1,0.004868080413273435,1
2003-11-24 00:00:00+00:00,2003-11-24 00:00:00+00:00,1,0.006239426607786836,1
2003-11-25 00:00:00+00:00,2003-11-25 00:00:00+00:00,1,0.0019259409403737607,1
2003-11-26 00:00:00+00:00,2003-11-26 00:00:00+00:00,1,0.0048553910955771665,1
2003-11-28 00:00:00+00:00,2003-11-28 00:00:00+00:00,1,-0.0018548001797638932,1
2003-12-01 00:00:00+00:00,2003-12-01 00:00:00+00:00,1,0.006242381127119801,1
2003-12-02 00:00:00+00:00,2003-12-02 00:00:00+00:00,1,-0.0024366276857199273,1
2003-12-03 00:00:00+00:00,2003-12-03 00:00:00+00:00,1,0.0031513875690450614,1
2003-12-04 00:00:00+00:00,2003-12-04 00:00:00+00:00,1,0.001590777294914936,1
2003-12-05 00:00:00+00:00,2003-12-05 00:00:00+00:00,1,-0.007582754951935699,1
2003-12-08 00:00:00+00:00,2003-12-08 00:00:00+00:00,1,-0.0010996434610506586,1
2003-12-09 00:00:00+00:00,2003-12-09 00:00:00+00:00,1,0.004071363873389211,1
2003-12-10 00:00:00+00:00,2003-12-10 00:00:00+00:00,1,0.000856788649890106,1
2003-12-11 00:00:00+00:00,2003-12-11 00:00:00+00:00,1,-0.0014021932368316944,1
2003-12-12 00:00:00+00:00,2003-12-12 00:00:00+00:00,1,2.7102751119912076e-05,1
2003-12-15 00:00:00+00:00,2003-12-15 00:00:00+00:00,1,0.014252338887724115,1
2003-12-16 00:00:00+00:00,2003-12-16 00:00:00+00:00,1,0.00021536711967581364,1
2003-12-17 00:00:00+00:00,2003-12-17 00:00:00+00:00,1,-0.0013359613756055207,1
2003-12-18 00:00:00+00:00,2003-12-18 00:00:00+00:00,1,0.0005033185530865739,1
2003-12-19 00:00:00+00:00,2003-12-19 00:00:00+00:00,1,0.0008422385721394646,1
2003-12-22 00:00:00+00:00,2003-12-22 00:00:00+00:00,1,-0.00235584938104042,1
2003-12-23 00:00:00+00:00,2003-12-23 00:00:00+00:00,1,-0.0006989775794582261,1
2003-12-24 00:00:00+00:00,2003-12-24 00:00:00+00:00,1,-0.001061642886632774,1
2003-12-26 00:00:00+00:00,2003-12-26 00:00:00+00:00,1,0.0009462964268047384,1
2003-12-29 00:00:00+00:00,2003-12-29 00:00:00+00:00,1,0.004033543551245489,1
2003-12-30 00:00:00+00:00,2003-12-30 00:00:00+00:00,1,0.0006197616651760999,1
2003-12-31 00:00:00+00:00,2003-12-31 00:00:00+00:00,1,0.0007006176400186862,1
2004-01-02 00:00:00+00:00,2004-01-02 00:00:00+00:00,1,0.004509600700834915,1
2004-01-05 00:00:00+00:00,2004-01-05 00:00:00+00:00,1,0.004793235618463532,1
2004-01-06 00:00:00+00:00,2004-01-06 00:00:00+00:00,1,-0.0016800989810841545,1
2004-01-07 00:00:00+00:00,2004-01-07 00:00:00+00:00,1,-0.0018142184485195664,1
2004-01-08 00:00:00+00:00,2004-01-08 00:00:00+00:00,1,0.003372830056693721,1
2004-01-09 00:00:00+00:00,2004-01-09 00:00:00+00:00,1,-0.006280165588101605,1
2004-01-12 00:00:00+00:00,2004-01-12 00:00:00+00:00,1,0.0020019946616907872,1
2004-01-13 00:00:00+00:00,2004-01-13 00:00:00+00:00,1,-0.0016566826278452736,1
2004-01-14 00:00:00+00:00,2004-01-14 00:00:00+00:00,1,0.002301127061271469,1
2004-01-15 00:00:00+00:00,2004-01-15 00:00:00+00:00,1,-0.001961325817594872,1
2004-01-16 00:00:00+00:00,2004-01-16 00:00:00+00:00,1,0.0034621719901375084,1
2004-01-20 00:00:00+00:00,2004-01-20 00:00:00+00:00,1,0.0030871382196540845,1
2004-01-21 00:00:00+00:00,2004-01-21 00:00:00+00:00,1,-0.0025528694743714216,1
2004-01-22 00:00:00+00:00,2004-01-22 00:00:00+00:00,1,0.0020889675618745666,1
2004-01-23 00:00:00+00:00,2004-01-23 00:00:00+00:00,1,0.0013570719080706287,1
2004-01-26 00:00:00+00:00,2004-01-26 00:00:00+00:00,1,-0.0008693458981682053,1
2004-01-27 00:00:00+00:00,2004-01-27 00:00:00+00:00,1,-0.0018545179538263842,1
2004-01-28 00:00:00+00:00,2004-01-28 00:00:00+00:00,1,0.003657763677322923,1
2004-01-29 00:00:00+00:00,2004-01-29 00:00:00+00:00,1,0.002424620914128506,1
2004-01-30 00:00:00+00:00,2004-01-30 00:00:00+00:00,1,-0.0006608816220802002,1
2004-02-02 00:00:00+00:00,2004-02-02 00:00:00+00:00,1,0.0024227604669286532,1
2004-02-03 00:00:00+00:00,2004-02-03 00:00:00+00:00,1,-0.002120560104750901,1
2004-02-04 00:00:00+00:00,2004-02-04 00:00:00+00:00,1,-0.007089400880234886,1
2004-02-05 00:00:00+00:00,2004-02-05 00:00:00+00:00,1,0.0035945578383252633,1
2004-02-06 00:00:00+00:00,2004-02-06 00:00:00+00:00,1,0.0025428465460406117,1
2004-02-09 00:00:00+00:00,2004-02-09 00:00:00+00:00,1,0.003489166799020638,1
2004-02-10 00:00:00+00:00,2004-02-10 00:00:00+00:00,1,-0.001981911250155932,1
2004-02-11 00:00:00+00:00,2004-02-11 00:00:00+00:00,1,0.0005070759310736531,1
2004-02-12 00:00:00+00:00,2004-02-12 00:00:00+00:00,1,-0.0015292535859610986,1
2004-02-13 00:00:00+00:00,2004-02-13 00:00:00+00:00,1,0.002314303114223726,1
2004-02-17 00:00:00+00:00,2004-02-17 00:00:00+00:00,1,0.007429048592002963,1
2004-02-18 00:00:00+00:00,2004-02-18 00:00:00+00:00,1,0.0007635642263036039,1
2004-02-19 00:00:00+00:00,2004-02-19 00:00:00+00:00,1,0.006857370679760744,1
2004-02-20 00:00:00+00:00,2004-02-20 00:00:00+00:00,1,0.0010556965929559795,1
2004-02-23 00:00:00+00:00,2004-02-23 00:00:00+00:00,1,0.0030787188817760994,1
2004-02-24 00:00:00+00:00,2004-02-24 00:00:00+00:00,1,-0.003754051153684523,1
2004-02-25 00:00:00+00:00,2004-02-25 00:00:00+00:00,1,0.0009682655311678782,1
2004-02-26 00:00:00+00:00,2004-02-26 00:00:00+00:00,1,-0.0029350783868228644,1
2004-02-27 00:00:00+00:00,2004-02-27 00:00:00+00:00,1,0.002014570868980237,1
2004-03-01 00:00:00+00:00,2004-03-01 00:00:00+00:00,1,0.002986654709679038,1
2004-03-02 00:00:00+00:00,2004-03-02 00:00:00+00:00,1,-0.002191744082438862,1
2004-03-03 00:00:00+00:00,2004-03-03 00:00:00+00:00,1,-0.0027976302746915756,1
2004-03-04 00:00:00+00:00,2004-03-04 00:00:00+00:00,1,0.00010422546973617471,1
2004-03-05 00:00:00+00:00,2004-03-05 00:00:00+00:00,1,-0.007382348194113408,1
2004-03-08 00:00:00+00:00,2004-03-08 00:00:00+00:00,1,0.00034764286469803925,1
2004-03-09 00:00:00+00:00,2004-03-09 00:00:00+00:00,1,0.0008681213756010723,1
2004-03-10 00:00:00+00:00,2004-03-10 00:00:00+00:00,1,0.0019220634386228567,1
2004-03-11 00:00:00+00:00,2004-03-11 00:00:00+00:00,1,-0.0028040259954819954,1
2004-03-12 00:00:00+00:00,2004-03-12 00:00:00+00:00,1,0.0068897634985008675,1
2004-03-15 00:00:00+00:00,2004-03-15 00:00:00+00:00,1,-0.003788660392077847,1
2004-03-16 00:00:00+00:00,2004-03-16 00:00:00+00:00,1,0.005460965914470506,1
2004-03-17 00:00:00+00:00,2004-03-17 00:00:00+00:00,1,0.005163593368386088,1
2004-03-18 00:00:00+00:00,2004-03-18 00:00:00+00:00,1,-0.003635028817815222,1
2004-03-19 00:00:00+00:00,2004-03-19 00:00:00+00:00,1,-0.0023248885736572907,1
2004-03-22 00:00:00+00:00,2004-03-22 00:00:00+00:00,1,-0.00580649348012644,1
2004-03-23 00:00:00+00:00,2004-03-23 00:00:00+00:00,1,0.006516331062294401,1
2004-03-24 00:00:00+00:00,2004-03-24 00:00:00+00:00,1,0.0020112358516790278,1
2004-03-25 00:00:00+00:00,2004-03-25 00:00:00+00:00,1,0.0054603784038400275,1
2004-03-26 00:00:00+00:00,2004-03-26 00:00:00+00:00,1,-0.0010459380549678095,1
2004-03-29 00:00:00+00:00,2004-03-29 00:00:00+00:00,1,0.006518507980942301,1
2004-03-30 00:00:00+00:00,2004-03-30 00:00:00+00:00,1,-0.0032641675519450627,1
2004-03-31 00:00:00+00:00,2004-03-31 00:00:00+00:00,1,-7.198154438218222e-05,1
2004-04-01 00:00:00+00:00,2004-04-01 00:00:00+00:00,1,-0.0008516954093889303,1
2004-04-02 00:00:00+00:00,2004-04-02 00:00:00+00:00,1,0.01432053376487038,1
2004-04-05 00:00:00+00:00,2004-04-05 00:00:00+00:00,1,-0.002297984809788633,1
2004-04-06 00:00:00+00:00,2004-04-06 00:00:00+00:00,1,-0.006080319905367148,1
2004-04-07 00:00:00+00:00,2004-04-07 00:00:00+00:00,1,5.26662634347755e-05,1
2004-04-08 00:00:00+00:00,2004-04-08 00:00:00+00:00,1,0.008652053818126138,1
2004-04-12 00:00:00+00:00,2004-04-12 00:00:00+00:00,1,0.0017006108478924923,1
2004-04-13 00:00:00+00:00,2004-04-13 00:00:00+00:00,1,0.0039028613923834613,1
2004-04-14 00:00:00+00:00,2004-04-14 00:00:00+00:00,1,-0.0059526614350911885,1
2004-04-15 00:00:00+00:00,2004-04-15 00:00:00+00:00,1,-0.0008503616012376144,1
2004-04-16 00:00:00+00:00,2004-04-16 00:00:00+00:00,1,0.0022502130389191136,1
2004-04-19 00:00:00+00:00,2004-04-19 00:00:00+00:00,1,-0.0026381287759345336,1
2004-04-20 00:00:00+00:00,2004-04-20 00:00:00+00:00,1,0.001893283677442648,1
2004-04-21 00:00:00+00:00,2004-04-21 00:00:00+00:00,1,0.004033646799231206,1
2004-04-22 00:00:00+00:00,2004-04-22 00:00:00+00:00,1,-0.0010037945632284991,1
2004-04-23 00:00:00+00:00,2004-04-23 00:00:00+00:00,1,0.002610813935742218,1
2004-04-26 00:00:00+00:00,2004-04-26 00:00:00+00:00,1,-9.10433905284888e-05,1
2004-04-27 00:00:00+00:00,2004-04-27 00:00:00+00:00,1,-3.349118490406615e-05,1
2004-04-28 00:00:00+00:00,2004-04-28 00:00:00+00:00,1,-0.0042632405887366494,1
2004-04-29 00:00:00+00:00,2004-04-29 00:00:00+00:00,1,-0.002262434824517356,1
2004-04-30 00:00:00+00:00,2004-04-30 00:00:00+00:00,1,0.0015006563078541982,1
2004-05-03 00:00:00+00:00,2004-05-03 00:00:00+00:00,1,0.004854991871610171,1
2004-05-04 00:00:00+00:00,2004-05-04 00:00:00+00:00,1,0.001712795018029312,1
2004-05-05 00:00:00+00:00,2004-05-05 00:00:00+00:00,1,0.0036730498731841425,1
2004-05-06 00:00:00+00:00,2004-05-06 00:00:00+00:00,1,-0.007891323419853857,1
2004-05-07 00:00:00+00:00,2004-05-07 00:00:00+00:00,1,-0.005349275785034002,1
2004-05-10 00:00:00+00:00,2004-05-10 00:00:00+00:00,1,-0.006953540188768736,1
2004-05-11 00:00:00+00:00,2004-05-11 00:00:00+00:00,1,0.006920617410832908,1
2004-05-12 00:00:00+00:00,2004-05-12 00:00:00+00:00,1,-0.0021145303463385497,1
2004-05-13 00:00:00+00:00,2004-05-13 00:00:00+00:00,1,-0.006259370594833202,1
2004-05-14 00:00:00+00:00,2004-05-14 00:00:00+00:00,1,0.0022317143009613297,1
2004-05-17 00:00:00+00:00,2004-05-17 00:00:00+00:00,1,-0.010849596091369961,1
2004-05-18 00:00:00+00:00,2004-05-18 00:00:00+00:00,1,0.004974145714677658,1
2004-05-19 00:00:00+00:00,2004-05-19 00:00:00+00:00,1,0.009766566285256817,1
2004-05-20 00:00:00+00:00,2004-05-20 00:00:00+00:00,1,0.0018210093965287059,1
2004-05-21 00:00:00+00:00,2004-05-21 00:00:00+00:00,1,0.0035915390485024793,1
2004-05-24 00:00:00+00:00,2004-05-24 00:00:00+00:00,1,0.006976460796838857,1
2004-05-25 00:00:00+00:00,2004-05-25 00:00:00+00:00,1,-0.0035373836129188093,1
2004-05-26 00:00:00+00:00,2004-05-26 00:00:00+00:00,1,-0.0025399048544987642,1
2004-05-27 00:00:00+00:00,2004-05-27 00:00:00+00:00,1,0.002418107845151696,1
2004-05-28 00:00:00+00:00,2004-05-28 00:00:00+00:00,1,-0.0014692319475334333,1
2004-06-01 00:00:00+00:00,2004-06-01 00:00:00+00:00,1,-0.0059024316185112054,1
2004-06-02 00:00:00+00:00,2004-06-02 00:00:00+00:00,1,0.001941227675578661,1
2004-06-03 00:00:00+00:00,2004-06-03 00:00:00+00:00,1,-0.0033614822410277575,1
2004-06-04 00:00:00+00:00,2004-06-04 00:00:00+00:00,1,0.008672572742759422,1
2004-06-07 00:00:00+00:00,2004-06-07 00:00:00+00:00,1,0.005145995195671682,1
2004-06-08 00:00:00+00:00,2004-06-08 00:00:00+00:00,1,-0.0037634226775780984,1
2004-06-09 00:00:00+00:00,2004-06-09 00:00:00+00:00,1,-0.0034408012273935747,1
2004-06-10 00:00:00+00:00,2004-06-10 00:00:00+00:00,1,0.0023023745208085814,1
2004-06-14 00:00:00+00:00,2004-06-14 00:00:00+00:00,1,-0.005739214190488484,1
2004-06-15 00:00:00+00:00,2004-06-15 00:00:00+00:00,1,0.006006636566698498,1
2004-06-16 00:00:00+00:00,2004-06-16 00:00:00+00:00,1,-0.0006591138224127709,1
2004-06-17 00:00:00+00:00,2004-06-17 00:00:00+00:00,1,-0.002046925109794406,1
2004-06-18 00:00:00+00:00,2004-06-18 00:00:00+00:00,1,-0.002180081195614003,1
2004-06-21 00:00:00+00:00,2004-06-21 00:00:00+00:00,1,0.0013256587308276505,1
2004-06-22 00:00:00+00:00,2004-06-22 00:00:00+00:00,1,-0.0004708323070502837,1
2004-06-23 00:00:00+00:00,2004-06-23 00:00:00+00:00,1,-0.0025025128267281756,1
2004-06-24 00:00:00+00:00,2004-06-24 00:00:00+00:00,1,-0.002475012622765149,1
2004-06-25 00:00:00+00:00,2004-06-25 00:00:00+00:00,1,-0.0008873244355180106,1
2004-06-28 00:00:00+00:00,2004-06-28 00:00:00+00:00,1,0.004829872120239631,1
2004-06-29 00:00:00+00:00,2004-06-29 00:00:00+00:00,1,0.0011328689912473936,1
2004-06-30 00:00:00+00:00,2004-06-30 00:00:00+00:00,1,0.0014289981787388387,1
2004-07-01 00:00:00+00:00,2004-07-01 00:00:00+00:00,1,-0.0025825755022882754,1
2004-07-02 00:00:00+00:00,2004-07-02 00:00:00+00:00,1,0.0006739170170118828,1
2004-07-06 00:00:00+00:00,2004-07-06 00:00:00+00:00,1,-0.005546401129510636,1
2004-07-07 00:00:00+00:00,2004-07-07 00:00:00+00:00,1,-0.001628628510854357,1
2004-07-08 00:00:00+00:00,2004-07-08 00:00:00+00:00,1,-0.006143623574740553,1
2004-07-09 00:00:00+00:00,2004-07-09 00:00:00+00:00,1,0.002916842867371672,1
2004-07-12 00:00:00+00:00,2004-07-12 00:00:00+00:00,1,-0.0037573719735583874,1
2004-07-13 00:00:00+00:00,2004-07-13 00:00:00+00:00,1,0.0014499032174058683,1
2004-07-14 00:00:00+00:00,2004-07-14 00:00:00+00:00,1,-0.00790463440970327,1
2004-07-15 00:00:00+00:00,2004-07-15 00:00:00+00:00,1,0.0025336201613640145,1
2004-07-16 00:00:00+00:00,2004-07-16 00:00:00+00:00,1,0.008307443625599065,1
2004-07-19 00:00:00+00:00,2004-07-19 00:00:00+00:00,1,0.0014670883333631427,1
2004-07-20 00:00:00+00:00,2004-07-20 00:00:00+00:00,1,0.0030384420455463416,1
2004-07-21 00:00:00+00:00,2004-07-21 00:00:00+00:00,1,0.0024819163418568716,1
2004-07-22 00:00:00+00:00,2004-07-22 00:00:00+00:00,1,-0.0001409890344127637,1
2004-07-23 00:00:00+00:00,2004-07-23 00:00:00+00:00,1,-0.005068053902285352,1
2004-07-26 00:00:00+00:00,2004-07-26 00:00:00+00:00,1,0.0011939108751387265,1
2004-07-27 00:00:00+00:00,2004-07-27 00:00:00+00:00,1,0.0029878711858763677,1
2004-07-28 00:00:00+00:00,2004-07-28 00:00:00+00:00,1,-0.0030398575842309535,1
2004-07-29 00:00:00+00:00,2004-07-29 00:00:00+00:00,1,0.006497899946161978,1
2004-07-30 00:00:00+00:00,2004-07-30 00:00:00+00:00,1,-0.001718342444108045,1
2004-08-02 00:00:00+00:00,2004-08-02 00:00:00+00:00,1,-0.0072447093926208735,1
2004-08-03 00:00:00+00:00,2004-08-03 00:00:00+00:00,1,-0.00264641560416482,1
2004-08-04 00:00:00+00:00,2004-08-04 00:00:00+00:00,1,-0.0029200342998365932,1
2004-08-05 00:00:00+00:00,2004-08-05 00:00:00+00:00,1,0.0017143944343987697,1
2004-08-06 00:00:00+00:00,2004-08-06 00:00:00+00:00,1,-0.0068276855107695985,1
2004-08-09 00:00:00+00:00,2004-08-09 00:00:00+00:00,1,0.0018707156548321783,1
2004-08-10 00:00:00+00:00,2004-08-10 00:00:00+00:00,1,0.0035874162647900557,1
2004-08-11 00:00:00+00:00,2004-08-11 00:00:00+00:00,1,-0.008949494634629662,1
2004-08-12 00:00:00+00:00,2004-08-12 00:00:00+00:00,1,-0.006011987895147874,1
2004-08-13 00:00:00+00:00,2004-08-13 00:00:00+00:00,1,0.003032420276481063,1
2004-08-16 00:00:00+00:00,2004-08-16 00:00:00+00:00,1,0.0008507012354758373,1
2004-08-17 00:00:00+00:00,2004-08-17 00:00:00+00:00,1,0.005274002614091689,1
2004-08-18 00:00:00+00:00,2004-08-18 00:00:00+00:00,1,-0.005096997381554591,1
2004-08-19 00:00:00+00:00,2004-08-19 00:00:00+00:00,1,-0.0030724397429217395,1
2004-08-20 00:00:00+00:00,2004-08-20 00:00:00+00:00,1,-0.0022404709182656576,1
2004-08-23 00:00:00+00:00,2004-08-23 00:00:00+00:00,1,0.0006048194190740545,1
2004-08-24 00:00:00+00:00,2004-08-24 00:00:00+00:00,1,0.00404325870892216,1
2004-08-25 00:00:00+00:00,2004-08-25 00:00:00+00:00,1,-0.0005374437131839601,1
2004-08-26 00:00:00+00:00,2004-08-26 00:00:00+00:00,1,-0.0022324768629312427,1
2004-08-27 00:00:00+00:00,2004-08-27 00:00:00+00:00,1,0.0011673553853871147,1
2004-08-30 00:00:00+00:00,2004-08-30 00:00:00+00:00,1,-0.0035018722573056157,1
2004-08-31 00:00:00+00:00,2004-08-31 00:00:00+00:00,1,0.0008765977215815183,1
2004-09-01 00:00:00+00:00,2004-09-01 00:00:00+00:00,1,-0.002343201733416877,1
2004-09-02 00:00:00+00:00,2004-09-02 00:00:00+00:00,1,-0.001972241575277955,1
2004-09-03 00:00:00+00:00,2004-09-03 00:00:00+00:00,1,-0.006298000568950057,1
2004-09-07 00:00:00+00:00,2004-09-07 00:00:00+00:00,1,0.005380767172833723,1
2004-09-08 00:00:00+00:00,2004-09-08 00:00:00+00:00,1,-0.0031063282730157456,1
2004-09-09 00:00:00+00:00,2004-09-09 00:00:00+00:00,1,0.0018429982109368862,1
2004-09-10 00:00:00+00:00,2004-09-10 00:00:00+00:00,1,0.00016649298346335136,1
2004-09-13 00:00:00+00:00,2004-09-13 00:00:00+00:00,1,0.0026565126017064847,1
2004-09-14 00:00:00+00:00,2004-09-14 00:00:00+00:00,1,-0.002699834096461828,1
2004-09-15 00:00:00+00:00,2004-09-15 00:00:00+00:00,1,-0.0048307906709330935,1
2004-09-16 00:00:00+00:00,2004-09-16 00:00:00+00:00,1,6.341847328746904e-05,1
2004-09-17 00:00:00+00:00,2004-09-17 00:00:00+00:00,1,-0.00033595470807821186,1
2004-09-20 00:00:00+00:00,2004-09-20 00:00:00+00:00,1,-0.004397066173156916,1
2004-09-21 00:00:00+00:00,2004-09-21 00:00:00+00:00,1,0.002497246592293301,1
2004-09-22 00:00:00+00:00,2004-09-22 00:00:00+00:00,1,-0.0041632679612202735,1
2004-09-23 00:00:00+00:00,2004-09-23 00:00:00+00:00,1,0.00035285010942750524,1
2004-09-24 00:00:00+00:00,2004-09-24 00:00:00+00:00,1,0.001694065513466481,1
2004-09-27 00:00:00+00:00,2004-09-27 00:00:00+00:00,1,-0.0045007979774317804,1
2004-09-28 00:00:00+00:00,2004-09-28 00:00:00+00:00,1,0.0011466071273511184,1
2004-09-29 00:00:00+00:00,2004-09-29 00:00:00+00:00,1,-0.0010483419968268844,1
2004-09-30 00:00:00+00:00,2004-09-30 00:00:00+00:00,1,-0.0024516514756687587,1
2004-10-01 00:00:00+00:00,2004-10-01 00:00:00+00:00,1,0.006347961377941547,1
2004-10-04 00:00:00+00:00,2004-10-04 00:00:00+00:00,1,0.005280977812416399,1
2004-10-05 00:00:00+00:00,2004-10-05 00:00:00+00:00,1,-0.0013581454668341927,1
2004-10-06 00:00:00+00:00,2004-10-06 00:00:00+00:00,1,-0.00155817144179724,1
2004-10-07 00:00:00+00:00,2004-10-07 00:00:00+00:00,1,-0.0031081503657267914,1
2004-10-08 00:00:00+00:00,2004-10-08 00:00:00+00:00,1,-0.0038298542007035082,1
2004-10-11 00:00:00+00:00,2004-10-11 00:00:00+00:00,1,0.002867091708378367,1
2004-10-12 00:00:00+00:00,2004-10-12 00:00:00+00:00,1,-0.008183308619057894,1
2004-10-13 00:00:00+00:00,2004-10-13 00:00:00+00:00,1,0.006831761467957687,1
2004-10-14 00:00:00+00:00,2004-10-14 00:00:00+00:00,1,0.001450716009276232,1
2004-10-15 00:00:00+00:00,2004-10-15 00:00:00+00:00,1,0.001981446325880343,1
2004-10-18 00:00:00+00:00,2004-10-18 00:00:00+00:00,1,-0.003646686291334666,1
2004-10-19 00:00:00+00:00,2004-10-19 00:00:00+00:00,1,0.004542723244072533,1
2004-10-20 00:00:00+00:00,2004-10-20 00:00:00+00:00,1,-0.002622409780340817,1
2004-10-21 00:00:00+00:00,2004-10-21 00:00:00+00:00,1,0.003556431618497691,1
2004-10-22 00:00:00+00:00,2004-10-22 00:00:00+00:00,1,-0.00038792238807336925,1
2004-10-25 00:00:00+00:00,2004-10-25 00:00:00+00:00,1,-0.0023682818485422415,1
2004-10-26 00:00:00+00:00,2004-10-26 00:00:00+00:00,1,0.0012091175749171183,1
2004-10-27 00:00:00+00:00,2004-10-27 00:00:00+00:00,1,-0.0007379545209893808,1
2004-10-28 00:00:00+00:00,2004-10-28 00:00:00+00:00,1,-0.0014236883931809993,1
2004-10-29 00:00:00+00:00,2004-10-29 00:00:00+00:00,1,-0.0014178962251937596,1
2004-11-01 00:00:00+00:00,2004-11-01 00:00:00+00:00,1,0.002374030161183838,1
2004-11-02 00:00:00+00:00,2004-11-02 00:00:00+00:00,1,0.0010800109474236822,1
2004-11-03 00:00:00+00:00,2004-11-03 00:00:00+00:00,1,0.014289855488167936,1
2004-11-04 00:00:00+00:00,2004-11-04 00:00:00+00:00,1,-0.0031747247887251914,1
2004-11-05 00:00:00+00:00,2004-11-05 00:00:00+00:00,1,0.007161495047412781,1
2004-11-08 00:00:00+00:00,2004-11-08 00:00:00+00:00,1,-0.001710650650622125,1
2004-11-09 00:00:00+00:00,2004-11-09 00:00:00+00:00,1,-0.0013491033456697662,1
2004-11-10 00:00:00+00:00,2004-11-10 00:00:00+00:00,1,0.0006017624147960036,1
2004-11-11 00:00:00+00:00,2004-11-11 00:00:00+00:00,1,0.0021855318039103126,1
2004-11-12 00:00:00+00:00,2004-11-12 00:00:00+00:00,1,0.0008194180199596283,1
2004-11-15 00:00:00+00:00,2004-11-15 00:00:00+00:00,1,-0.00030100168596051106,1
2004-11-16 00:00:00+00:00,2004-11-16 00:00:00+00:00,1,-0.004047306050200627,1
2004-11-17 00:00:00+00:00,2004-11-17 00:00:00+00:00,1,0.0048881493116126,1
2004-11-18 00:00:00+00:00,2004-11-18 00:00:00+00:00,1,-0.0021730350691584795,1
2004-11-19 00:00:00+00:00,2004-11-19 00:00:00+00:00,1,-0.0011047642980461566,1
2004-11-22 00:00:00+00:00,2004-11-22 00:00:00+00:00,1,-0.002269434091815103,1
2004-11-23 00:00:00+00:00,2004-11-23 00:00:00+00:00,1,-0.001024286768347404,1
2004-11-24 00:00:00+00:00,2004-11-24 00:00:00+00:00,1,0.0014484127327087596,1
2004-11-26 00:00:00+00:00,2004-11-26 00:00:00+00:00,1,0.0005035274961455397,1
2004-11-29 00:00:00+00:00,2004-11-29 00:00:00+00:00,1,0.00474691630544174,1
2004-11-30 00:00:00+00:00,2004-11-30 00:00:00+00:00,1,0.0017820961874744582,1
2004-12-01 00:00:00+00:00,2004-12-01 00:00:00+00:00,1,0.0027624375518185643,1
2004-12-02 00:00:00+00:00,2004-12-02 00:00:00+00:00,1,-0.0020980134844522987,1
2004-12-03 00:00:00+00:00,2004-12-03 00:00:00+00:00,1,0.00311020710108203,1
2004-12-06 00:00:00+00:00,2004-12-06 00:00:00+00:00,1,-0.0005921132302249884,1
2004-12-07 00:00:00+00:00,2004-12-07 00:00:00+00:00,1,0.0018678263188961156,1
2004-12-08 00:00:00+00:00,2004-12-08 00:00:00+00:00,1,0.000418110216319845,1
2004-12-09 00:00:00+00:00,2004-12-09 00:00:00+00:00,1,-0.0070545828950128505,1
2004-12-10 00:00:00+00:00,2004-12-10 00:00:00+00:00,1,-0.004138449981807879,1
2004-12-13 00:00:00+00:00,2004-12-13 00:00:00+00:00,1,0.00525797237923783,1
2004-12-14 00:00:00+00:00,2004-12-14 00:00:00+00:00,1,-0.00108933927326158,1
2004-12-15 00:00:00+00:00,2004-12-15 00:00:00+00:00,1,-0.0005485475832962324,1
2004-12-16 00:00:00+00:00,2004-12-16 00:00:00+00:00,1,-0.000838074777269859,1
2004-12-17 00:00:00+00:00,2004-12-17 00:00:00+00:00,1,-0.002679438302814396,1
2004-12-20 00:00:00+00:00,2004-12-20 00:00:00+00:00,1,0.002263920986193402,1
2004-12-21 00:00:00+00:00,2004-12-21 00:00:00+00:00,1,0.0026676717479234505,1
2004-12-22 00:00:00+00:00,2004-12-22 00:00:00+00:00,1,-0.0021056841026515834,1
2004-12-23 00:00:00+00:00,2004-12-23 00:00:00+00:00,1,-0.0010233099348906146,1
2004-12-27 00:00:00+00:00,2004-12-27 00:00:00+00:00,1,0.004247116347133451,1
2004-12-28 00:00:00+00:00,2004-12-28 00:00:00+00:00,1,0.001208423033895534,1
2004-12-29 00:00:00+00:00,2004-12-29 00:00:00+00:00,1,-0.0013380780929230004,1
2004-12-30 00:00:00+00:00,2004-12-30 00:00:00+00:00,1,0.000489329385897375,1
2004-12-31 00:00:00+00:00,2004-12-31 00:00:00+00:00,1,0.0009015174101499549,1
2005-01-03 00:00:00+00:00,2005-01-03 00:00:00+00:00,1,0.004683852163153557,1
2005-01-04 00:00:00+00:00,2005-01-04 00:00:00+00:00,1,0.0025169185985704726,1
2005-01-05 00:00:00+00:00,2005-01-05 00:00:00+00:00,1,-0.0019682017274425864,1
2005-01-06 00:00:00+00:00,2005-01-06 00:00:00+00:00,1,0.0026895369289201224,1
2005-01-07 00:00:00+00:00,2005-01-07 00:00:00+00:00,1,0.003955770083745225,1
2005-01-10 00:00:00+00:00,2005-01-10 00:00:00+00:00,1,-0.002149091862880514,1
2005-01-11 00:00:00+00:00,2005-01-11 00:00:00+00:00,1,-0.0038891599835740084,1
2005-01-12 00:00:00+00:00,2005-01-12 00:00:00+00:00,1,0.0028532603412331995,1
2005-01-13 00:00:00+00:00,2005-01-13 00:00:00+00:00,1,-5.526446239001155e-06,1
2005-01-14 00:00:00+00:00,2005-01-14 00:00:00+00:00,1,0.002895643138204085,1
2005-01-18 00:00:00+00:00,2005-01-18 00:00:00+00:00,1,-0.0030552953754994557,1
2005-01-19 00:00:00+00:00,2005-01-19 00:00:00+00:00,1,-0.0003382271188232308,1
2005-01-20 00:00:00+00:00,2005-01-20 00:00:00+00:00,1,-0.007341336470008541,1
2005-01-21 00:00:00+00:00,2005-01-21 00:00:00+00:00,1,0.002673768751696637,1
2005-01-24 00:00:00+00:00,2005-01-24 00:00:00+00:00,1,0.001971980015032371,1
2005-01-25 00:00:00+00:00,2005-01-25 00:00:00+00:00,1,0.004529477898173118,1
2005-01-26 00:00:00+00:00,2005-01-26 00:00:00+00:00,1,0.004987340492154291,1
2005-01-27 00:00:00+00:00,2005-01-27 00:00:00+00:00,1,-0.0012780401325994447,1
2005-01-28 00:00:00+00:00,2005-01-28 00:00:00+00:00,1,0.0015725230796188264,1
2005-01-31 00:00:00+00:00,2005-01-31 00:00:00+00:00,1,0.007873074773155431,1
2005-02-01 00:00:00+00:00,2005-02-01 00:00:00+00:00,1,0.0012841412573578407,1
2005-02-02 00:00:00+00:00,2005-02-02 00:00:00+00:00,1,0.0019297950023790759,1
2005-02-03 00:00:00+00:00,2005-02-03 00:00:00+00:00,1,-0.0038415673423193627,1
2005-02-04 00:00:00+00:00,2005-02-04 00:00:00+00:00,1,-0.00013153144965986045,1
2005-02-07 00:00:00+00:00,2005-02-07 00:00:00+00:00,1,0.0004454561657701531,1
2005-02-08 00:00:00+00:00,2005-02-08 00:00:00+00:00,1,-1.6646263774821853e-05,1
2005-02-09 00:00:00+00:00,2005-02-09 00:00:00+00:00,1,0.0009707729444473293,1
2005-02-10 00:00:00+00:00,2005-02-10 00:00:00+00:00,1,0.003188221157919469,1
2005-02-11 00:00:00+00:00,2005-02-11 00:00:00+00:00,1,-0.0020825384875935767,1
2005-02-14 00:00:00+00:00,2005-02-14 00:00:00+00:00,1,-0.0006307523045585347,1
2005-02-15 00:00:00+00:00,2005-02-15 00:00:00+00:00,1,0.000593115410881773,1
2005-02-16 00:00:00+00:00,2005-02-16 00:00:00+00:00,1,-0.0023062248434357665,1
2005-02-17 00:00:00+00:00,2005-02-17 00:00:00+00:00,1,0.0007041209690156983,1
2005-02-18 00:00:00+00:00,2005-02-18 00:00:00+00:00,1,-0.00012461716946946503,1
2005-02-22 00:00:00+00:00,2005-02-22 00:00:00+00:00,1,-0.006619247162886343,1
2005-02-23 00:00:00+00:00,2005-02-23 00:00:00+00:00,1,0.0031242296808745244,1
2005-02-24 00:00:00+00:00,2005-02-24 00:00:00+00:00,1,-0.0023968242257025093,1
2005-02-25 00:00:00+00:00,2005-02-25 00:00:00+00:00,1,-0.0005761489456495347,1
2005-02-28 00:00:00+00:00,2005-02-28 00:00:00+00:00,1,-0.003579493514681042,1
2005-03-01 00:00:00+00:00,2005-03-01 00:00:00+00:00,1,0.002502378284873619,1
2005-03-02 00:00:00+00:00,2005-03-02 00:00:00+00:00,1,-0.0051618930527473125,1
2005-03-03 00:00:00+00:00,2005-03-03 00:00:00+00:00,1,0.0030518237279204222,1
2005-03-04 00:00:00+00:00,2005-03-04 00:00:00+00:00,1,0.007144825742863759,1
2005-03-07 00:00:00+00:00,2005-03-07 00:00:00+00:00,1,0.00048058050911872237,1
2005-03-08 00:00:00+00:00,2005-03-08 00:00:00+00:00,1,-0.0014453633986598376,1
2005-03-09 00:00:00+00:00,2005-03-09 00:00:00+00:00,1,-0.0019039851488791056,1
2005-03-10 00:00:00+00:00,2005-03-10 00:00:00+00:00,1,0.0011827265214218955,1
2005-03-11 00:00:00+00:00,2005-03-11 00:00:00+00:00,1,0.0022540372443944027,1
2005-03-14 00:00:00+00:00,2005-03-14 00:00:00+00:00,1,0.0015554804695214423,1
2005-03-15 00:00:00+00:00,2005-03-15 00:00:00+00:00,1,0.0019268255011757,1
2005-03-16 00:00:00+00:00,2005-03-16 00:00:00+00:00,1,-0.0038855058324882893,1
2005-03-17 00:00:00+00:00,2005-03-17 00:00:00+00:00,1,0.0003607539336486168,1
2005-03-18 00:00:00+00:00,2005-03-18 00:00:00+00:00,1,0.0011574508156552924,1
2005-03-21 00:00:00+00:00,2005-03-21 00:00:00+00:00,1,0.0016490022915203965,1
2005-03-22 00:00:00+00:00,2005-03-22 00:00:00+00:00,1,0.0012538231899906441,1
2005-03-23 00:00:00+00:00,2005-03-23 00:00:00+00:00,1,-0.0006400849858013476,1
2005-03-24 00:00:00+00:00,2005-03-24 00:00:00+00:00,1,0.0034580984691315545,1
2005-03-28 00:00:00+00:00,2005-03-28 00:00:00+00:00,1,0.002825682390351825,1
2005-03-29 00:00:00+00:00,2005-03-29 00:00:00+00:00,1,-0.0019880960188614957,1
2005-03-30 00:00:00+00:00,2005-03-30 00:00:00+00:00,1,0.0032693488010214437,1
2005-03-31 00:00:00+00:00,2005-03-31 00:00:00+00:00,1,-0.00025766908002103876,1
2005-04-01 00:00:00+00:00,2005-04-01 00:00:00+00:00,1,0.005957972695282499,1
2005-04-04 00:00:00+00:00,2005-04-04 00:00:00+00:00,1,9.252813346041251e-05,1
2005-04-05 00:00:00+00:00,2005-04-05 00:00:00+00:00,1,0.0007489878787522945,1
2005-04-06 00:00:00+00:00,2005-04-06 00:00:00+00:00,1,0.0021675841219405915,1
2005-04-07 00:00:00+00:00,2005-04-07 00:00:00+00:00,1,-0.0006900410486777361,1
2005-04-08 00:00:00+00:00,2005-04-08 00:00:00+00:00,1,0.00021890166533141715,1
2005-04-11 00:00:00+00:00,2005-04-11 00:00:00+00:00,1,0.0024296761110879864,1
2005-04-12 00:00:00+00:00,2005-04-12 00:00:00+00:00,1,-0.0016951053090998643,1
2005-04-13 00:00:00+00:00,2005-04-13 00:00:00+00:00,1,-0.0022533302527015017,1
2005-04-14 00:00:00+00:00,2005-04-14 00:00:00+00:00,1,0.0001258566262267949,1
2005-04-15 00:00:00+00:00,2005-04-15 00:00:00+00:00,1,-0.00478925659377819,1
2005-04-18 00:00:00+00:00,2005-04-18 00:00:00+00:00,1,-0.0008631981532921992,1
2005-04-19 00:00:00+00:00,2005-04-19 00:00:00+00:00,1,0.006204844059887827,1
2005-04-20 00:00:00+00:00,2005-04-20 00:00:00+00:00,1,0.0027139418368151928,1
2005-04-21 00:00:00+00:00,2005-04-21 00:00:00+00:00,1,0.010101341485060889,1
2005-04-22 00:00:00+00:00,2005-04-22 00:00:00+00:00,1,-0.0037095222655944334,1
2005-04-25 00:00:00+00:00,2005-04-25 00:00:00+00:00,1,0.003946725294830389,1
2005-04-26 00:00:00+00:00,2005-04-26 00:00:00+00:00,1,-0.0031620398266474,1
2005-04-27 00:00:00+00:00,2005-04-27 00:00:00+00:00,1,-0.004343364887220457,1
2005-04-28 00:00:00+00:00,2005-04-28 00:00:00+00:00,1,-0.004507056249991181,1
2005-04-29 00:00:00+00:00,2005-04-29 00:00:00+00:00,1,0.0071064453775821716,1
2005-05-02 00:00:00+00:00,2005-05-02 00:00:00+00:00,1,0.002797094720407423,1
2005-05-03 00:00:00+00:00,2005-05-03 00:00:00+00:00,1,-0.0027138983483671383,1
2005-05-04 00:00:00+00:00,2005-05-04 00:00:00+00:00,1,-0.00022698769027105185,1
2005-05-05 00:00:00+00:00,2005-05-05 00:00:00+00:00,1,0.0007031456261347938,1
2005-05-06 00:00:00+00:00,2005-05-06 00:00:00+00:00,1,0.004636854330347407,1
2005-05-09 00:00:00+00:00,2005-05-09 00:00:00+00:00,1,0.00035192210389330987,1
2005-05-10 00:00:00+00:00,2005-05-10 00:00:00+00:00,1,-0.004611255964839666,1
2005-05-11 00:00:00+00:00,2005-05-11 00:00:00+00:00,1,0.0018143700340721106,1
2005-05-12 00:00:00+00:00,2005-05-12 00:00:00+00:00,1,0.0011531009630907033,1
2005-05-13 00:00:00+00:00,2005-05-13 00:00:00+00:00,1,0.0031622734296829717,1
2005-05-16 00:00:00+00:00,2005-05-16 00:00:00+00:00,1,-0.0003862578412193504,1
2005-05-17 00:00:00+00:00,2005-05-17 00:00:00+00:00,1,-0.003751657571279576,1
2005-05-18 00:00:00+00:00,2005-05-18 00:00:00+00:00,1,0.003230941244275443,1
2005-05-19 00:00:00+00:00,2005-05-19 00:00:00+00:00,1,0.0018780215998171704,1
2005-05-20 00:00:00+00:00,2005-05-20 00:00:00+00:00,1,-0.0008901128017775647,1
2005-05-23 00:00:00+00:00,2005-05-23 00:00:00+00:00,1,7.763932343715115e-05,1
2005-05-24 00:00:00+00:00,2005-05-24 00:00:00+00:00,1,-0.0029079792896113173,1
2005-05-25 00:00:00+00:00,2005-05-25 00:00:00+00:00,1,-0.0026397159136941403,1
2005-05-26 00:00:00+00:00,2005-05-26 00:00:00+00:00,1,0.003539415938525881,1
2005-05-27 00:00:00+00:00,2005-05-27 00:00:00+00:00,1,-0.0009129172207206545,1
2005-05-31 00:00:00+00:00,2005-05-31 00:00:00+00:00,1,-0.0012685830155384822,1
2005-06-01 00:00:00+00:00,2005-06-01 00:00:00+00:00,1,-0.0007894584886263042,1
2005-06-02 00:00:00+00:00,2005-06-02 00:00:00+00:00,1,-0.0022019231678534253,1
2005-06-03 00:00:00+00:00,2005-06-03 00:00:00+00:00,1,-0.001556996762143081,1
2005-06-06 00:00:00+00:00,2005-06-06 00:00:00+00:00,1,-0.0008702764025991568,1
2005-06-07 00:00:00+00:00,2005-06-07 00:00:00+00:00,1,0.0016829121948169438,1
2005-06-08 00:00:00+00:00,2005-06-08 00:00:00+00:00,1,0.0021393813391669906,1
2005-06-09 00:00:00+00:00,2005-06-09 00:00:00+00:00,1,-0.001671911082715449,1
2005-06-10 00:00:00+00:00,2005-06-10 00:00:00+00:00,1,-0.0006269247369069305,1
2005-06-13 00:00:00+00:00,2005-06-13 00:00:00+00:00,1,-0.002313309571184396,1
2005-06-14 00:00:00+00:00,2005-06-14 00:00:00+00:00,1,-0.0013692806084195982,1
2005-06-15 00:00:00+00:00,2005-06-15 00:00:00+00:00,1,0.004267290612302877,1
2005-06-16 00:00:00+00:00,2005-06-16 00:00:00+00:00,1,0.0001068169263481414,1
2005-06-17 00:00:00+00:00,2005-06-17 00:00:00+00:00,1,0.005532013669932801,1
2005-06-20 00:00:00+00:00,2005-06-20 00:00:00+00:00,1,-0.0034339802263440907,1
2005-06-21 00:00:00+00:00,2005-06-21 00:00:00+00:00,1,-0.0002843882559221186,1
2005-06-22 00:00:00+00:00,2005-06-22 00:00:00+00:00,1,0.002546257774629324,1
2005-06-23 00:00:00+00:00,2005-06-23 00:00:00+00:00,1,-0.0005349350331223298,1
2005-06-24 00:00:00+00:00,2005-06-24 00:00:00+00:00,1,-0.0003504302950977142,1
2005-06-27 00:00:00+00:00,2005-06-27 00:00:00+00:00,1,-0.0006121662652782463,1
2005-06-28 00:00:00+00:00,2005-06-28 00:00:00+00:00,1,0.002786668121773162,1
2005-06-29 00:00:00+00:00,2005-06-29 00:00:00+00:00,1,0.0019617863820691975,1
2005-06-30 00:00:00+00:00,2005-06-30 00:00:00+00:00,1,0.002271080483435906,1
2005-07-01 00:00:00+00:00,2005-07-01 00:00:00+00:00,1,0.0019204387507055446,1
2005-07-05 00:00:00+00:00,2005-07-05 00:00:00+00:00,1,-0.0032404786450674124,1
2005-07-06 00:00:00+00:00,2005-07-06 00:00:00+00:00,1,-0.0017934441394144348,1
2005-07-07 00:00:00+00:00,2005-07-07 00:00:00+00:00,1,-0.010018656123368419,1
2005-07-08 00:00:00+00:00,2005-07-08 00:00:00+00:00,1,5.3343913367609756e-05,1
2005-07-11 00:00:00+00:00,2005-07-11 00:00:00+00:00,1,0.0010651245961286974,1
2005-07-12 00:00:00+00:00,2005-07-12 00:00:00+00:00,1,-9.486499262648633e-05,1
2005-07-13 00:00:00+00:00,2005-07-13 00:00:00+00:00,1,1.6326890501464227e-06,1
2005-07-14 00:00:00+00:00,2005-07-14 00:00:00+00:00,1,0.005593090079238883,1
2005-07-15 00:00:00+00:00,2005-07-15 00:00:00+00:00,1,-1.423891879535037e-05,1
2005-07-18 00:00:00+00:00,2005-07-18 00:00:00+00:00,1,-0.002969593675462656,1
2005-07-19 00:00:00+00:00,2005-07-19 00:00:00+00:00,1,0.0034951805218987556,1
2005-07-20 00:00:00+00:00,2005-07-20 00:00:00+00:00,1,-0.005110828460210692,1
2005-07-21 00:00:00+00:00,2005-07-21 00:00:00+00:00,1,0.001413069450105076,1
2005-07-22 00:00:00+00:00,2005-07-22 00:00:00+00:00,1,0.0004779215839887055,1
2005-07-25 00:00:00+00:00,2005-07-25 00:00:00+00:00,1,-0.00031838481139404544,1
2005-07-26 00:00:00+00:00,2005-07-26 00:00:00+00:00,1,0.0013900267548147775,1
2005-07-27 00:00:00+00:00,2005-07-27 00:00:00+00:00,1,0.0007291556056597485,1
2005-07-28 00:00:00+00:00,2005-07-28 00:00:00+00:00,1,0.000764598971135089,1
2005-07-29 00:00:00+00:00,2005-07-29 00:00:00+00:00,1,-0.0014432238686380768,1
2005-08-01 00:00:00+00:00,2005-08-01 00:00:00+00:00,1,0.0008212272249592204,1
2005-08-02 00:00:00+00:00,2005-08-02 00:00:00+00:00,1,0.001220394421424154,1
2005-08-03 00:00:00+00:00,2005-08-03 00:00:00+00:00,1,-0.00298378884913556,1
2005-08-04 00:00:00+00:00,2005-08-04 00:00:00+00:00,1,-0.004510776283633311,1
2005-08-05 00:00:00+00:00,2005-08-05 00:00:00+00:00,1,-0.0021474181805598343,1
2005-08-08 00:00:00+00:00,2005-08-08 00:00:00+00:00,1,0.0013049326654874464,1
2005-08-09 00:00:00+00:00,2005-08-09 00:00:00+00:00,1,0.0036682282158810534,1
2005-08-10 00:00:00+00:00,2005-08-10 00:00:00+00:00,1,0.0027099690051066386,1
2005-08-11 00:00:00+00:00,2005-08-11 00:00:00+00:00,1,-0.00028755852476328696,1
2005-08-12 00:00:00+00:00,2005-08-12 00:00:00+00:00,1,-0.0052409295638450645,1
2005-08-15 00:00:00+00:00,2005-08-15 00:00:00+00:00,1,-0.0005422943235168006,1
2005-08-16 00:00:00+00:00,2005-08-16 00:00:00+00:00,1,-0.0037356763375196774,1
2005-08-17 00:00:00+00:00,2005-08-17 00:00:00+00:00,1,0.0010348439210058572,1
2005-08-18 00:00:00+00:00,2005-08-18 00:00:00+00:00,1,-0.003090598517059206,1
2005-08-19 00:00:00+00:00,2005-08-19 00:00:00+00:00,1,0.002144147444387368,1
2005-08-22 00:00:00+00:00,2005-08-22 00:00:00+00:00,1,0.0009218802645679317,1
2005-08-23 00:00:00+00:00,2005-08-23 00:00:00+00:00,1,-0.00017760311623036233,1
2005-08-24 00:00:00+00:00,2005-08-24 00:00:00+00:00,1,-0.002559325950999369,1
2005-08-25 00:00:00+00:00,2005-08-25 00:00:00+00:00,1,0.0014341179894142523,1
2005-08-26 00:00:00+00:00,2005-08-26 00:00:00+00:00,1,-0.001529489153918961,1
2005-08-29 00:00:00+00:00,2005-08-29 00:00:00+00:00,1,-0.004349718073305175,1
2005-08-30 00:00:00+00:00,2005-08-30 00:00:00+00:00,1,-0.004687766250930181,1
2005-08-31 00:00:00+00:00,2005-08-31 00:00:00+00:00,1,0.0005374945449569627,1
2005-09-01 00:00:00+00:00,2005-09-01 00:00:00+00:00,1,-0.0002884698038479236,1
2005-09-02 00:00:00+00:00,2005-09-02 00:00:00+00:00,1,0.0021971199984032967,1
2005-09-06 00:00:00+00:00,2005-09-06 00:00:00+00:00,1,0.003616645436948474,1
2005-09-07 00:00:00+00:00,2005-09-07 00:00:00+00:00,1,-0.0010915525686615909,1
2005-09-08 00:00:00+00:00,2005-09-08 00:00:00+00:00,1,-0.0028312172680685973,1
2005-09-09 00:00:00+00:00,2005-09-09 00:00:00+00:00,1,0.0011632003232921687,1
2005-09-12 00:00:00+00:00,2005-09-12 00:00:00+00:00,1,-0.0007756065218589066,1
2005-09-13 00:00:00+00:00,2005-09-13 00:00:00+00:00,1,-0.0018139854050051914,1
2005-09-14 00:00:00+00:00,2005-09-14 00:00:00+00:00,1,0.00027562274839817465,1
2005-09-15 00:00:00+00:00,2005-09-15 00:00:00+00:00,1,0.0022628973629243657,1
2005-09-16 00:00:00+00:00,2005-09-16 00:00:00+00:00,1,0.003589157505558516,1
2005-09-19 00:00:00+00:00,2005-09-19 00:00:00+00:00,1,-0.0014369258601914844,1
2005-09-20 00:00:00+00:00,2005-09-20 00:00:00+00:00,1,0.001042503354637481,1
2005-09-21 00:00:00+00:00,2005-09-21 00:00:00+00:00,1,-0.0027775686678595864,1
2005-09-22 00:00:00+00:00,2005-09-22 00:00:00+00:00,1,-0.0009143880958941471,1
2005-09-23 00:00:00+00:00,2005-09-23 00:00:00+00:00,1,-0.0025235541587007356,1
2005-09-26 00:00:00+00:00,2005-09-26 00:00:00+00:00,1,0.004926745831274582,1
2005-09-27 00:00:00+00:00,2005-09-27 00:00:00+00:00,1,-0.0001598417528322124,1
2005-09-28 00:00:00+00:00,2005-09-28 00:00:00+00:00,1,0.0024270309705809127,1
2005-09-29 00:00:00+00:00,2005-09-29 00:00:00+00:00,1,-0.0014395682897298308,1
2005-09-30 00:00:00+00:00,2005-09-30 00:00:00+00:00,1,-0.0008457996999301828,1
2005-10-03 00:00:00+00:00,2005-10-03 00:00:00+00:00,1,0.00038843131905710345,1
2005-10-04 00:00:00+00:00,2005-10-04 00:00:00+00:00,1,0.0012334965899391762,1
2005-10-05 00:00:00+00:00,2005-10-05 00:00:00+00:00,1,-4.9307843939782865e-05,1
2005-10-06 00:00:00+00:00,2005-10-06 00:00:00+00:00,1,-5.9939053771140545e-05,1
2005-10-07 00:00:00+00:00,2005-10-07 00:00:00+00:00,1,0.003758622909488663,1
2005-10-10 00:00:00+00:00,2005-10-10 00:00:00+00:00,1,-0.0009204445198383922,1
2005-10-11 00:00:00+00:00,2005-10-11 00:00:00+00:00,1,0.0027865329620951566,1
2005-10-12 00:00:00+00:00,2005-10-12 00:00:00+00:00,1,-0.0033681750030552845,1
2005-10-13 00:00:00+00:00,2005-10-13 00:00:00+00:00,1,-0.0007368726093761931,1
2005-10-14 00:00:00+00:00,2005-10-14 00:00:00+00:00,1,0.003961236205593932,1
2005-10-17 00:00:00+00:00,2005-10-17 00:00:00+00:00,1,0.00037920839049695483,1
2005-10-18 00:00:00+00:00,2005-10-18 00:00:00+00:00,1,-0.0015373989121705619,1
2005-10-19 00:00:00+00:00,2005-10-19 00:00:00+00:00,1,-0.004164151081743983,1
2005-10-20 00:00:00+00:00,2005-10-20 00:00:00+00:00,1,-0.0009929367233271532,1
2005-10-21 00:00:00+00:00,2005-10-21 00:00:00+00:00,1,0.007032546454014155,1
2005-10-24 00:00:00+00:00,2005-10-24 00:00:00+00:00,1,0.0033466244820962946,1
2005-10-25 00:00:00+00:00,2005-10-25 00:00:00+00:00,1,-0.0021941055525822924,1
2005-10-26 00:00:00+00:00,2005-10-26 00:00:00+00:00,1,-0.0015610356365005958,1
2005-10-27 00:00:00+00:00,2005-10-27 00:00:00+00:00,1,-0.0013987583330387406,1
2005-10-28 00:00:00+00:00,2005-10-28 00:00:00+00:00,1,0.002806259015031254,1
2005-10-31 00:00:00+00:00,2005-10-31 00:00:00+00:00,1,0.003441313367503607,1
2005-11-01 00:00:00+00:00,2005-11-01 00:00:00+00:00,1,0.00041517999583337047,1
2005-11-02 00:00:00+00:00,2005-11-02 00:00:00+00:00,1,-0.0030440148727144175,1
2005-11-03 00:00:00+00:00,2005-11-03 00:00:00+00:00,1,0.0062981560799805995,1
2005-11-04 00:00:00+00:00,2005-11-04 00:00:00+00:00,1,0.0009829597435018992,1
2005-11-07 00:00:00+00:00,2005-11-07 00:00:00+00:00,1,0.0023862728569432282,1
2005-11-08 00:00:00+00:00,2005-11-08 00:00:00+00:00,1,-0.0021501343279347936,1
2005-11-09 00:00:00+00:00,2005-11-09 00:00:00+00:00,1,-0.0011627348801283906,1
2005-11-10 00:00:00+00:00,2005-11-10 00:00:00+00:00,1,-0.00025528189739552036,1
2005-11-11 00:00:00+00:00,2005-11-11 00:00:00+00:00,1,0.0018340368032052305,1
2005-11-14 00:00:00+00:00,2005-11-14 00:00:00+00:00,1,0.0005580632391862465,1
2005-11-15 00:00:00+00:00,2005-11-15 00:00:00+00:00,1,-0.0006199656951793361,1
2005-11-16 00:00:00+00:00,2005-11-16 00:00:00+00:00,1,0.001585029529789195,1
2005-11-17 00:00:00+00:00,2005-11-17 00:00:00+00:00,1,0.0021860102372687987,1
2005-11-18 00:00:00+00:00,2005-11-18 00:00:00+00:00,1,0.003926654128147711,1
2005-11-21 00:00:00+00:00,2005-11-21 00:00:00+00:00,1,-0.0008234899634186107,1
2005-11-22 00:00:00+00:00,2005-11-22 00:00:00+00:00,1,-0.002057843982836904,1
2005-11-23 00:00:00+00:00,2005-11-23 00:00:00+00:00,1,-0.00013814579125473984,1
2005-11-25 00:00:00+00:00,2005-11-25 00:00:00+00:00,1,-1.829492611513632e-05,1
2005-11-28 00:00:00+00:00,2005-11-28 00:00:00+00:00,1,0.0014849988952371999,1
2005-11-29 00:00:00+00:00,2005-11-29 00:00:00+00:00,1,0.0041320586724814205,1
2005-11-30 00:00:00+00:00,2005-11-30 00:00:00+00:00,1,-0.0007482482239717699,1
2005-12-01 00:00:00+00:00,2005-12-01 00:00:00+00:00,1,0.005405592462100229,1
2005-12-02 00:00:00+00:00,2005-12-02 00:00:00+00:00,1,-0.0008172076681275172,1
2005-12-05 00:00:00+00:00,2005-12-05 00:00:00+00:00,1,-0.001485262660564179,1
2005-12-06 00:00:00+00:00,2005-12-06 00:00:00+00:00,1,0.004307795656415226,1
2005-12-07 00:00:00+00:00,2005-12-07 00:00:00+00:00,1,0.0002181979246018931,1
2005-12-08 00:00:00+00:00,2005-12-08 00:00:00+00:00,1,0.0014497608487531125,1
2005-12-09 00:00:00+00:00,2005-12-09 00:00:00+00:00,1,0.00033490555917850025,1
2005-12-12 00:00:00+00:00,2005-12-12 00:00:00+00:00,1,0.0030017378120239194,1
2005-12-13 00:00:00+00:00,2005-12-13 00:00:00+00:00,1,-0.0010156212664354288,1
2005-12-14 00:00:00+00:00,2005-12-14 00:00:00+00:00,1,-0.0018415582947791439,1
2005-12-15 00:00:00+00:00,2005-12-15 00:00:00+00:00,1,0.001010049559730131,1
2005-12-16 00:00:00+00:00,2005-12-16 00:00:00+00:00,1,0.0016121857346019456,1
2005-12-19 00:00:00+00:00,2005-12-19 00:00:00+00:00,1,0.0022461358753776643,1
2005-12-20 00:00:00+00:00,2005-12-20 00:00:00+00:00,1,0.0006636976326833358,1
2005-12-21 00:00:00+00:00,2005-12-21 00:00:00+00:00,1,0.002104076073830197,1
2005-12-22 00:00:00+00:00,2005-12-22 00:00:00+00:00,1,0.0005674953105011208,1
2005-12-23 00:00:00+00:00,2005-12-23 00:00:00+00:00,1,0.0013839293116202026,1
2005-12-27 00:00:00+00:00,2005-12-27 00:00:00+00:00,1,0.0019379225105977341,1
2005-12-28 00:00:00+00:00,2005-12-28 00:00:00+00:00,1,0.0010195466593560746,1
2005-12-29 00:00:00+00:00,2005-12-29 00:00:00+00:00,1,6.87706459835072e-05,1
2005-12-30 00:00:00+00:00,2005-12-30 00:00:00+00:00,1,-0.004067515741937899,1
2006-01-03 00:00:00+00:00,2006-01-03 00:00:00+00:00,1,0.005400040679111451,1
2006-01-04 00:00:00+00:00,2006-01-04 00:00:00+00:00,1,0.0015418498678877127,1
2006-01-05 00:00:00+00:00,2006-01-05 00:00:00+00:00,1,-0.0007698334840645967,1
2006-01-06 00:00:00+00:00,2006-01-06 00:00:00+00:00,1,0.006267983851012982,1
2006-01-09 00:00:00+00:00,2006-01-09 00:00:00+00:00,1,-0.0003779102200545445,1
2006-01-10 00:00:00+00:00,2006-01-10 00:00:00+00:00,1,-0.003992581293744612,1
2006-01-11 00:00:00+00:00,2006-01-11 00:00:00+00:00,1,0.001564707748861716,1
2006-01-12 00:00:00+00:00,2006-01-12 00:00:00+00:00,1,-0.0017676068090992977,1
2006-01-13 00:00:00+00:00,2006-01-13 00:00:00+00:00,1,-0.0018903914241305327,1
2006-01-17 00:00:00+00:00,2006-01-17 00:00:00+00:00,1,-0.006004398415085021,1
2006-01-18 00:00:00+00:00,2006-01-18 00:00:00+00:00,1,-0.011067720122615232,1
2006-01-19 00:00:00+00:00,2006-01-19 00:00:00+00:00,1,0.003399970083238524,1
2006-01-20 00:00:00+00:00,2006-01-20 00:00:00+00:00,1,-0.0011221169319137522,1
2006-01-23 00:00:00+00:00,2006-01-23 00:00:00+00:00,1,0.0019859571653010003,1
2006-01-24 00:00:00+00:00,2006-01-24 00:00:00+00:00,1,0.001742322613246883,1
2006-01-25 00:00:00+00:00,2006-01-25 00:00:00+00:00,1,0.004049316735988484,1
2006-01-26 00:00:00+00:00,2006-01-26 00:00:00+00:00,1,0.004937128500887867,1
2006-01-27 00:00:00+00:00,2006-01-27 00:00:00+00:00,1,0.0038863738782554894,1
2006-01-30 00:00:00+00:00,2006-01-30 00:00:00+00:00,1,0.0001418707188339477,1
2006-01-31 00:00:00+00:00,2006-01-31 00:00:00+00:00,1,-0.001003474679407623,1
2006-02-01 00:00:00+00:00,2006-02-01 00:00:00+00:00,1,-0.002140649403106631,1
2006-02-02 00:00:00+00:00,2006-02-02 00:00:00+00:00,1,-0.0030898886644319164,1
2006-02-03 00:00:00+00:00,2006-02-03 00:00:00+00:00,1,-0.005302398143915787,1
2006-02-06 00:00:00+00:00,2006-02-06 00:00:00+00:00,1,-0.0020703582076963874,1
2006-02-07 00:00:00+00:00,2006-02-07 00:00:00+00:00,1,-0.0020264656172472636,1
2006-02-08 00:00:00+00:00,2006-02-08 00:00:00+00:00,1,0.0047428509912415765,1
2006-02-09 00:00:00+00:00,2006-02-09 00:00:00+00:00,1,0.0022229434086144754,1
2006-02-10 00:00:00+00:00,2006-02-10 00:00:00+00:00,1,-0.0005894065636439013,1
2006-02-13 00:00:00+00:00,2006-02-13 00:00:00+00:00,1,-0.0036320770412730293,1
2006-02-14 00:00:00+00:00,2006-02-14 00:00:00+00:00,1,0.0008860886515113745,1
2006-02-15 00:00:00+00:00,2006-02-15 00:00:00+00:00,1,-0.0019187828549609206,1
2006-02-16 00:00:00+00:00,2006-02-16 00:00:00+00:00,1,0.0020678237588060647,1
2006-02-17 00:00:00+00:00,2006-02-17 00:00:00+00:00,1,-0.0016884797966381423,1
2006-02-21 00:00:00+00:00,2006-02-21 00:00:00+00:00,1,0.0008642161370595262,1
2006-02-22 00:00:00+00:00,2006-02-22 00:00:00+00:00,1,0.00115795358974532,1
2006-02-23 00:00:00+00:00,2006-02-23 00:00:00+00:00,1,-0.0011482572458975434,1
2006-02-24 00:00:00+00:00,2006-02-24 00:00:00+00:00,1,0.00030212565253103814,1
2006-02-27 00:00:00+00:00,2006-02-27 00:00:00+00:00,1,0.0008732973931101732,1
2006-02-28 00:00:00+00:00,2006-02-28 00:00:00+00:00,1,-0.002622604585208776,1
2006-03-01 00:00:00+00:00,2006-03-01 00:00:00+00:00,1,0.0027244389818008256,1
2006-03-02 00:00:00+00:00,2006-03-02 00:00:00+00:00,1,-0.0034367656962388856,1
2006-03-03 00:00:00+00:00,2006-03-03 00:00:00+00:00,1,-0.005845371731445092,1
2006-03-06 00:00:00+00:00,2006-03-06 00:00:00+00:00,1,0.002261464760676202,1
2006-03-07 00:00:00+00:00,2006-03-07 00:00:00+00:00,1,-0.0023609687336760606,1
2006-03-08 00:00:00+00:00,2006-03-08 00:00:00+00:00,1,-0.002457245033712285,1
2006-03-09 00:00:00+00:00,2006-03-09 00:00:00+00:00,1,0.0014463865973577076,1
2006-03-10 00:00:00+00:00,2006-03-10 00:00:00+00:00,1,0.0005019303686284119,1
2006-03-13 00:00:00+00:00,2006-03-13 00:00:00+00:00,1,0.0028911335292642563,1
2006-03-14 00:00:00+00:00,2006-03-14 00:00:00+00:00,1,-0.001257330002522294,1
2006-03-15 00:00:00+00:00,2006-03-15 00:00:00+00:00,1,0.0015183823835783431,1
2006-03-16 00:00:00+00:00,2006-03-16 00:00:00+00:00,1,0.0022141450264307697,1
2006-03-17 00:00:00+00:00,2006-03-17 00:00:00+00:00,1,0.00033511133725802085,1
2006-03-20 00:00:00+00:00,2006-03-20 00:00:00+00:00,1,0.0012245696857667524,1
2006-03-21 00:00:00+00:00,2006-03-21 00:00:00+00:00,1,-0.005748533534248789,1
2006-03-22 00:00:00+00:00,2006-03-22 00:00:00+00:00,1,-0.0034061174115964984,1
2006-03-23 00:00:00+00:00,2006-03-23 00:00:00+00:00,1,-0.0022160209531013383,1
2006-03-24 00:00:00+00:00,2006-03-24 00:00:00+00:00,1,0.0009422261090676013,1
2006-03-27 00:00:00+00:00,2006-03-27 00:00:00+00:00,1,-0.0012332325526849038,1
2006-03-28 00:00:00+00:00,2006-03-28 00:00:00+00:00,1,0.0003220086671296921,1
2006-03-29 00:00:00+00:00,2006-03-29 00:00:00+00:00,1,0.001164375266810425,1
2006-03-30 00:00:00+00:00,2006-03-30 00:00:00+00:00,1,0.0010813087691499915,1
2006-03-31 00:00:00+00:00,2006-03-31 00:00:00+00:00,1,0.001498570717175263,1
2006-04-03 00:00:00+00:00,2006-04-03 00:00:00+00:00,1,0.003247677957916551,1
2006-04-04 00:00:00+00:00,2006-04-04 00:00:00+00:00,1,0.0005336834620393808,1
2006-04-05 00:00:00+00:00,2006-04-05 00:00:00+00:00,1,0.0009579857062988698,1
2006-04-06 00:00:00+00:00,2006-04-06 00:00:00+00:00,1,-0.0011455527225481595,1
2006-04-07 00:00:00+00:00,2006-04-07 00:00:00+00:00,1,0.002180917955047346,1
2006-04-10 00:00:00+00:00,2006-04-10 00:00:00+00:00,1,0.001417534034407553,1
2006-04-11 00:00:00+00:00,2006-04-11 00:00:00+00:00,1,0.001661772572197429,1
2006-04-12 00:00:00+00:00,2006-04-12 00:00:00+00:00,1,0.00044405023482126967,1
2006-04-13 00:00:00+00:00,2006-04-13 00:00:00+00:00,1,-0.001782963541078408,1
2006-04-17 00:00:00+00:00,2006-04-17 00:00:00+00:00,1,-0.0005462427246395226,1
2006-04-18 00:00:00+00:00,2006-04-18 00:00:00+00:00,1,0.002069668373351175,1
2006-04-19 00:00:00+00:00,2006-04-19 00:00:00+00:00,1,0.0008332573387190515,1
2006-04-20 00:00:00+00:00,2006-04-20 00:00:00+00:00,1,-0.0002262018516792971,1
2006-04-21 00:00:00+00:00,2006-04-21 00:00:00+00:00,1,0.003717801749711558,1
2006-04-24 00:00:00+00:00,2006-04-24 00:00:00+00:00,1,-0.00188662105252938,1
2006-04-25 00:00:00+00:00,2006-04-25 00:00:00+00:00,1,0.0015071558653424137,1
2006-04-26 00:00:00+00:00,2006-04-26 00:00:00+00:00,1,7.916268742066442e-05,1
2006-04-27 00:00:00+00:00,2006-04-27 00:00:00+00:00,1,-0.004486564007412852,1
2006-04-28 00:00:00+00:00,2006-04-28 00:00:00+00:00,1,-0.0042921187080805275,1
2006-05-01 00:00:00+00:00,2006-05-01 00:00:00+00:00,1,0.0005364134052241124,1
2006-05-02 00:00:00+00:00,2006-05-02 00:00:00+00:00,1,0.004210744662268751,1
2006-05-03 00:00:00+00:00,2006-05-03 00:00:00+00:00,1,-0.0009350469177458517,1
2006-05-04 00:00:00+00:00,2006-05-04 00:00:00+00:00,1,0.0009080741912359195,1
2006-05-05 00:00:00+00:00,2006-05-05 00:00:00+00:00,1,0.005553468637232795,1
2006-05-08 00:00:00+00:00,2006-05-08 00:00:00+00:00,1,-0.001286147662811354,1
2006-05-09 00:00:00+00:00,2006-05-09 00:00:00+00:00,1,-0.0012583234999883671,1
2006-05-10 00:00:00+00:00,2006-05-10 00:00:00+00:00,1,-0.002400010614087766,1
2006-05-11 00:00:00+00:00,2006-05-11 00:00:00+00:00,1,-0.000930868210918567,1
2006-05-12 00:00:00+00:00,2006-05-12 00:00:00+00:00,1,-0.004761801928616393,1
2006-05-15 00:00:00+00:00,2006-05-15 00:00:00+00:00,1,-0.0041561920845174846,1
2006-05-16 00:00:00+00:00,2006-05-16 00:00:00+00:00,1,0.0008282516062239845,1
2006-05-17 00:00:00+00:00,2006-05-17 00:00:00+00:00,1,-0.005032148842351014,1
2006-05-18 00:00:00+00:00,2006-05-18 00:00:00+00:00,1,0.0038322695698544632,1
2006-05-19 00:00:00+00:00,2006-05-19 00:00:00+00:00,1,0.004235710797748727,1
2006-05-22 00:00:00+00:00,2006-05-22 00:00:00+00:00,1,-0.007846324618048883,1
2006-05-23 00:00:00+00:00,2006-05-23 00:00:00+00:00,1,0.007583081612684362,1
2006-05-24 00:00:00+00:00,2006-05-24 00:00:00+00:00,1,0.0009599671502662725,1
2006-05-25 00:00:00+00:00,2006-05-25 00:00:00+00:00,1,0.006018439912519347,1
2006-05-26 00:00:00+00:00,2006-05-26 00:00:00+00:00,1,0.0019392942054361154,1
2006-05-30 00:00:00+00:00,2006-05-30 00:00:00+00:00,1,-0.004302438894062377,1
2006-05-31 00:00:00+00:00,2006-05-31 00:00:00+00:00,1,0.002667667363745319,1
2006-06-01 00:00:00+00:00,2006-06-01 00:00:00+00:00,1,0.0006073185776370397,1
2006-06-02 00:00:00+00:00,2006-06-02 00:00:00+00:00,1,0.004487297909471744,1
2006-06-05 00:00:00+00:00,2006-06-05 00:00:00+00:00,1,-0.0018904607500322742,1
2006-06-06 00:00:00+00:00,2006-06-06 00:00:00+00:00,1,0.0009564540475955566,1
2006-06-07 00:00:00+00:00,2006-06-07 00:00:00+00:00,1,0.0007399344099869535,1
2006-06-08 00:00:00+00:00,2006-06-08 00:00:00+00:00,1,-0.003882953387941401,1
2006-06-09 00:00:00+00:00,2006-06-09 00:00:00+00:00,1,0.004209105660407631,1
2006-06-12 00:00:00+00:00,2006-06-12 00:00:00+00:00,1,0.0024690407109034477,1
2006-06-13 00:00:00+00:00,2006-06-13 00:00:00+00:00,1,-0.00010463026792032452,1
2006-06-14 00:00:00+00:00,2006-06-14 00:00:00+00:00,1,0.0023594093760480276,1
2006-06-15 00:00:00+00:00,2006-06-15 00:00:00+00:00,1,0.004445252236532216,1
2006-06-16 00:00:00+00:00,2006-06-16 00:00:00+00:00,1,-0.0023530015725132577,1
2006-06-19 00:00:00+00:00,2006-06-19 00:00:00+00:00,1,0.004795015956865234,1
2006-06-20 00:00:00+00:00,2006-06-20 00:00:00+00:00,1,0.0018632173753097784,1
2006-06-21 00:00:00+00:00,2006-06-21 00:00:00+00:00,1,0.0001249497449893558,1
2006-06-22 00:00:00+00:00,2006-06-22 00:00:00+00:00,1,-0.0017031058800659245,1
2006-06-23 00:00:00+00:00,2006-06-23 00:00:00+00:00,1,-0.001215225460958957,1
2006-06-26 00:00:00+00:00,2006-06-26 00:00:00+00:00,1,0.0003642020443927699,1
2006-06-27 00:00:00+00:00,2006-06-27 00:00:00+00:00,1,4.144899181431934e-05,1
2006-06-28 00:00:00+00:00,2006-06-28 00:00:00+00:00,1,0.0020288985990607137,1
2006-06-29 00:00:00+00:00,2006-06-29 00:00:00+00:00,1,0.0037512246614673454,1
2006-06-30 00:00:00+00:00,2006-06-30 00:00:00+00:00,1,0.002814453526181893,1
2006-07-03 00:00:00+00:00,2006-07-03 00:00:00+00:00,1,0.0018368187353904,1
2006-07-05 00:00:00+00:00,2006-07-05 00:00:00+00:00,1,-0.006910769996692023,1
2006-07-06 00:00:00+00:00,2006-07-06 00:00:00+00:00,1,0.0017846361898932964,1
2006-07-07 00:00:00+00:00,2006-07-07 00:00:00+00:00,1,-0.004036122939827335,1
2006-07-10 00:00:00+00:00,2006-07-10 00:00:00+00:00,1,0.0023298672622443454,1
2006-07-11 00:00:00+00:00,2006-07-11 00:00:00+00:00,1,-0.00231693436086664,1
2006-07-12 00:00:00+00:00,2006-07-12 00:00:00+00:00,1,-0.002382922731330816,1
2006-07-13 00:00:00+00:00,2006-07-13 00:00:00+00:00,1,-0.006606422627721964,1
2006-07-14 00:00:00+00:00,2006-07-14 00:00:00+00:00,1,8.675405045390801e-05,1
2006-07-17 00:00:00+00:00,2006-07-17 00:00:00+00:00,1,-0.00016113437060908368,1
2006-07-18 00:00:00+00:00,2006-07-18 00:00:00+00:00,1,0.0038366463933615317,1
2006-07-19 00:00:00+00:00,2006-07-19 00:00:00+00:00,1,0.0001316677085424714,1
2006-07-20 00:00:00+00:00,2006-07-20 00:00:00+00:00,1,0.003185752141526799,1
2006-07-21 00:00:00+00:00,2006-07-21 00:00:00+00:00,1,-0.0017899211232858866,1
2006-07-24 00:00:00+00:00,2006-07-24 00:00:00+00:00,1,0.0036375593205717153,1
2006-07-25 00:00:00+00:00,2006-07-25 00:00:00+00:00,1,-0.0001126603495807174,1
2006-07-26 00:00:00+00:00,2006-07-26 00:00:00+00:00,1,-0.0020782213475318053,1
2006-07-27 00:00:00+00:00,2006-07-27 00:00:00+00:00,1,0.003917937123280224,1
2006-07-28 00:00:00+00:00,2006-07-28 00:00:00+00:00,1,0.0034785168718469376,1
2006-07-31 00:00:00+00:00,2006-07-31 00:00:00+00:00,1,-0.001954878826876871,1
2006-08-01 00:00:00+00:00,2006-08-01 00:00:00+00:00,1,-0.006741735063644038,1
2006-08-02 00:00:00+00:00,2006-08-02 00:00:00+00:00,1,0.0028966594966956753,1
2006-08-03 00:00:00+00:00,2006-08-03 00:00:00+00:00,1,-0.00820362762675395,1
2006-08-04 00:00:00+00:00,2006-08-04 00:00:00+00:00,1,0.006714934495741532,1
2006-08-07 00:00:00+00:00,2006-08-07 00:00:00+00:00,1,-0.00201167919127696,1
2006-08-08 00:00:00+00:00,2006-08-08 00:00:00+00:00,1,0.0018051515096529584,1
2006-08-09 00:00:00+00:00,2006-08-09 00:00:00+00:00,1,0.009711589722016656,1
2006-08-10 00:00:00+00:00,2006-08-10 00:00:00+00:00,1,-0.003243783877414674,1
2006-08-11 00:00:00+00:00,2006-08-11 00:00:00+00:00,1,-0.0029876737592519406,1
2006-08-14 00:00:00+00:00,2006-08-14 00:00:00+00:00,1,0.006384123899267092,1
2006-08-15 00:00:00+00:00,2006-08-15 00:00:00+00:00,1,0.01003108320677345,1
2006-08-16 00:00:00+00:00,2006-08-16 00:00:00+00:00,1,0.006095407731208058,1
2006-08-17 00:00:00+00:00,2006-08-17 00:00:00+00:00,1,-0.002446843469176929,1
2006-08-18 00:00:00+00:00,2006-08-18 00:00:00+00:00,1,-0.0009757683089700927,1
2006-08-21 00:00:00+00:00,2006-08-21 00:00:00+00:00,1,-0.005989134361478221,1
2006-08-22 00:00:00+00:00,2006-08-22 00:00:00+00:00,1,-0.0016189637829666422,1
2006-08-23 00:00:00+00:00,2006-08-23 00:00:00+00:00,1,0.0003211916293371589,1
2006-08-24 00:00:00+00:00,2006-08-24 00:00:00+00:00,1,0.0020285353141816457,1
2006-08-25 00:00:00+00:00,2006-08-25 00:00:00+00:00,1,-0.001384648505378205,1
2006-08-28 00:00:00+00:00,2006-08-28 00:00:00+00:00,1,-0.0013075724946852493,1
2006-08-29 00:00:00+00:00,2006-08-29 00:00:00+00:00,1,-0.00045873129401439143,1
2006-08-30 00:00:00+00:00,2006-08-30 00:00:00+00:00,1,0.0006818663722281352,1
2006-08-31 00:00:00+00:00,2006-08-31 00:00:00+00:00,1,0.0010693039360906934,1
2006-09-01 00:00:00+00:00,2006-09-01 00:00:00+00:00,1,0.004315035416358326,1
2006-09-05 00:00:00+00:00,2006-09-05 00:00:00+00:00,1,0.00029842051884950734,1
2006-09-06 00:00:00+00:00,2006-09-06 00:00:00+00:00,1,-0.006988341880090209,1
2006-09-07 00:00:00+00:00,2006-09-07 00:00:00+00:00,1,-0.0035759138755619754,1
2006-09-08 00:00:00+00:00,2006-09-08 00:00:00+00:00,1,0.0010041998345324491,1
2006-09-11 00:00:00+00:00,2006-09-11 00:00:00+00:00,1,-0.00591496175843762,1
2006-09-12 00:00:00+00:00,2006-09-12 00:00:00+00:00,1,0.0001465721214044205,1
2006-09-13 00:00:00+00:00,2006-09-13 00:00:00+00:00,1,-0.00011165475416261532,1
2006-09-14 00:00:00+00:00,2006-09-14 00:00:00+00:00,1,-0.002535068541467433,1
2006-09-15 00:00:00+00:00,2006-09-15 00:00:00+00:00,1,0.006369022932358493,1
2006-09-18 00:00:00+00:00,2006-09-18 00:00:00+00:00,1,-0.000819832155213673,1
2006-09-19 00:00:00+00:00,2006-09-19 00:00:00+00:00,1,0.0008710207158552866,1
2006-09-20 00:00:00+00:00,2006-09-20 00:00:00+00:00,1,0.0057601450336471575,1
2006-09-21 00:00:00+00:00,2006-09-21 00:00:00+00:00,1,0.001314084044447517,1
2006-09-22 00:00:00+00:00,2006-09-22 00:00:00+00:00,1,-0.0014315613927923573,1
2006-09-25 00:00:00+00:00,2006-09-25 00:00:00+00:00,1,0.0028210170576483343,1
2006-09-26 00:00:00+00:00,2006-09-26 00:00:00+00:00,1,-0.0008408866358489472,1
2006-09-27 00:00:00+00:00,2006-09-27 00:00:00+00:00,1,-0.0018633146534150265,1
2006-09-28 00:00:00+00:00,2006-09-28 00:00:00+00:00,1,0.00031382372386309394,1
2006-09-29 00:00:00+00:00,2006-09-29 00:00:00+00:00,1,0.0009685323264431948,1
2006-10-02 00:00:00+00:00,2006-10-02 00:00:00+00:00,1,-0.00106451596722088,1
2006-10-03 00:00:00+00:00,2006-10-03 00:00:00+00:00,1,-0.0025085757489752055,1
2006-10-04 00:00:00+00:00,2006-10-04 00:00:00+00:00,1,-0.0016559123085882251,1
2006-10-05 00:00:00+00:00,2006-10-05 00:00:00+00:00,1,-0.00029995341258490764,1
2006-10-06 00:00:00+00:00,2006-10-06 00:00:00+00:00,1,-0.0028373307981254033,1
2006-10-09 00:00:00+00:00,2006-10-09 00:00:00+00:00,1,-0.0014964844628398196,1
2006-10-10 00:00:00+00:00,2006-10-10 00:00:00+00:00,1,0.00033911300194074985,1
2006-10-11 00:00:00+00:00,2006-10-11 00:00:00+00:00,1,-0.004171845912888416,1
2006-10-12 00:00:00+00:00,2006-10-12 00:00:00+00:00,1,0.0036059352303540963,1
2006-10-13 00:00:00+00:00,2006-10-13 00:00:00+00:00,1,-0.000384750850507298,1
2006-10-16 00:00:00+00:00,2006-10-16 00:00:00+00:00,1,-0.0007027144698424134,1
2006-10-17 00:00:00+00:00,2006-10-17 00:00:00+00:00,1,-0.005183564292984588,1
2006-10-18 00:00:00+00:00,2006-10-18 00:00:00+00:00,1,0.004627899583059836,1
2006-10-19 00:00:00+00:00,2006-10-19 00:00:00+00:00,1,-0.0023478339548000157,1
2006-10-20 00:00:00+00:00,2006-10-20 00:00:00+00:00,1,0.0014804682625719438,1
2006-10-23 00:00:00+00:00,2006-10-23 00:00:00+00:00,1,-0.002275555303239229,1
2006-10-24 00:00:00+00:00,2006-10-24 00:00:00+00:00,1,-0.002758784177689355,1
2006-10-25 00:00:00+00:00,2006-10-25 00:00:00+00:00,1,-0.0005703394772278766,1
2006-10-26 00:00:00+00:00,2006-10-26 00:00:00+00:00,1,0.0025881505040564416,1
2006-10-27 00:00:00+00:00,2006-10-27 00:00:00+00:00,1,-0.0020802722429599015,1
2006-10-30 00:00:00+00:00,2006-10-30 00:00:00+00:00,1,-0.0017986271143062057,1
2006-10-31 00:00:00+00:00,2006-10-31 00:00:00+00:00,1,0.0015847930412820847,1
2006-11-01 00:00:00+00:00,2006-11-01 00:00:00+00:00,1,0.003022067977357346,1
2006-11-02 00:00:00+00:00,2006-11-02 00:00:00+00:00,1,-0.003840629028896014,1
2006-11-03 00:00:00+00:00,2006-11-03 00:00:00+00:00,1,0.002204889125071852,1
2006-11-06 00:00:00+00:00,2006-11-06 00:00:00+00:00,1,0.002907143099688503,1
2006-11-07 00:00:00+00:00,2006-11-07 00:00:00+00:00,1,0.00013464852086705366,1
2006-11-08 00:00:00+00:00,2006-11-08 00:00:00+00:00,1,-0.005302180812523238,1
2006-11-09 00:00:00+00:00,2006-11-09 00:00:00+00:00,1,0.002732356605491615,1
2006-11-10 00:00:00+00:00,2006-11-10 00:00:00+00:00,1,-0.0003280306356372217,1
2006-11-13 00:00:00+00:00,2006-11-13 00:00:00+00:00,1,-0.00028443631384037464,1
2006-11-14 00:00:00+00:00,2006-11-14 00:00:00+00:00,1,0.0014521591670750515,1
2006-11-15 00:00:00+00:00,2006-11-15 00:00:00+00:00,1,0.00020408097634874196,1
2006-11-16 00:00:00+00:00,2006-11-16 00:00:00+00:00,1,0.002899774032650149,1
2006-11-17 00:00:00+00:00,2006-11-17 00:00:00+00:00,1,-0.004611370915502322,1
2006-11-20 00:00:00+00:00,2006-11-20 00:00:00+00:00,1,-0.0023077637034225936,1
2006-11-21 00:00:00+00:00,2006-11-21 00:00:00+00:00,1,2.748702071642421e-06,1
2006-11-22 00:00:00+00:00,2006-11-22 00:00:00+00:00,1,0.0015529172112489168,1
2006-11-24 00:00:00+00:00,2006-11-24 00:00:00+00:00,1,-0.006401294832159376,1
2006-11-27 00:00:00+00:00,2006-11-27 00:00:00+00:00,1,-0.002117356591697239,1
2006-11-28 00:00:00+00:00,2006-11-28 00:00:00+00:00,1,-0.0024396878840843624,1
2006-11-29 00:00:00+00:00,2006-11-29 00:00:00+00:00,1,0.00394603534428436,1
2006-11-30 00:00:00+00:00,2006-11-30 00:00:00+00:00,1,-0.0006338222267038059,1
2006-12-01 00:00:00+00:00,2006-12-01 00:00:00+00:00,1,-0.0007540435057943103,1
2006-12-04 00:00:00+00:00,2006-12-04 00:00:00+00:00,1,0.0012956927588021142,1
2006-12-05 00:00:00+00:00,2006-12-05 00:00:00+00:00,1,0.0021241751407884094,1
2006-12-06 00:00:00+00:00,2006-12-06 00:00:00+00:00,1,-0.0019816735770996404,1
2006-12-07 00:00:00+00:00,2006-12-07 00:00:00+00:00,1,0.001485403974497335,1
2006-12-08 00:00:00+00:00,2006-12-08 00:00:00+00:00,1,-0.0020077696284842347,1
2006-12-11 00:00:00+00:00,2006-12-11 00:00:00+00:00,1,-0.0010973454176438132,1
2006-12-12 00:00:00+00:00,2006-12-12 00:00:00+00:00,1,-0.000907264546763242,1
2006-12-13 00:00:00+00:00,2006-12-13 00:00:00+00:00,1,0.004924134120181967,1
2006-12-14 00:00:00+00:00,2006-12-14 00:00:00+00:00,1,0.0006899441173779056,1
2006-12-15 00:00:00+00:00,2006-12-15 00:00:00+00:00,1,0.004906762990982328,1
2006-12-18 00:00:00+00:00,2006-12-18 00:00:00+00:00,1,0.0020907192328500582,1
2006-12-19 00:00:00+00:00,2006-12-19 00:00:00+00:00,1,-0.00557348002205924,1
2006-12-20 00:00:00+00:00,2006-12-20 00:00:00+00:00,1,0.00048088983168023154,1
2006-12-21 00:00:00+00:00,2006-12-21 00:00:00+00:00,1,0.0007295401854036879,1
2006-12-22 00:00:00+00:00,2006-12-22 00:00:00+00:00,1,1.3065435601980631e-06,1
2006-12-26 00:00:00+00:00,2006-12-26 00:00:00+00:00,1,-8.698766899032344e-05,1
2006-12-27 00:00:00+00:00,2006-12-27 00:00:00+00:00,1,0.0018842667243339165,1
2006-12-28 00:00:00+00:00,2006-12-28 00:00:00+00:00,1,-0.002151258978900705,1
2006-12-29 00:00:00+00:00,2006-12-29 00:00:00+00:00,1,-1.5694525820153223e-05,1
2007-01-03 00:00:00+00:00,2007-01-03 00:00:00+00:00,1,0.005399718747862681,1
2007-01-04 00:00:00+00:00,2007-01-04 00:00:00+00:00,1,-0.00010134519964752868,1
2007-01-05 00:00:00+00:00,2007-01-05 00:00:00+00:00,1,-0.002748150717965891,1
2007-01-08 00:00:00+00:00,2007-01-08 00:00:00+00:00,1,0.0011522621754099464,1
2007-01-09 00:00:00+00:00,2007-01-09 00:00:00+00:00,1,0.0016064355725496585,1
2007-01-10 00:00:00+00:00,2007-01-10 00:00:00+00:00,1,-0.003624160233790341,1
2007-01-11 00:00:00+00:00,2007-01-11 00:00:00+00:00,1,0.0008495976293751654,1
2007-01-12 00:00:00+00:00,2007-01-12 00:00:00+00:00,1,-0.0010006269247998297,1
2007-01-16 00:00:00+00:00,2007-01-16 00:00:00+00:00,1,-0.0004518691843496178,1
2007-01-17 00:00:00+00:00,2007-01-17 00:00:00+00:00,1,-0.0027827176265753702,1
2007-01-18 00:00:00+00:00,2007-01-18 00:00:00+00:00,1,-0.0011117433314445698,1
2007-01-19 00:00:00+00:00,2007-01-19 00:00:00+00:00,1,-0.0015476515940962884,1
2007-01-22 00:00:00+00:00,2007-01-22 00:00:00+00:00,1,0.0010278527201414648,1
2007-01-23 00:00:00+00:00,2007-01-23 00:00:00+00:00,1,-0.0010644301292005217,1
2007-01-24 00:00:00+00:00,2007-01-24 00:00:00+00:00,1,0.0035075132648770494,1
2007-01-25 00:00:00+00:00,2007-01-25 00:00:00+00:00,1,6.438946397066021e-05,1
2007-01-26 00:00:00+00:00,2007-01-26 00:00:00+00:00,1,0.0017046170542260545,1
2007-01-29 00:00:00+00:00,2007-01-29 00:00:00+00:00,1,-0.0013514456212359912,1
2007-01-30 00:00:00+00:00,2007-01-30 00:00:00+00:00,1,0.0015588669891113075,1
2007-01-31 00:00:00+00:00,2007-01-31 00:00:00+00:00,1,-0.001433577182446832,1
2007-02-01 00:00:00+00:00,2007-02-01 00:00:00+00:00,1,0.0033604583432330307,1
2007-02-02 00:00:00+00:00,2007-02-02 00:00:00+00:00,1,0.0014787400214934746,1
2007-02-05 00:00:00+00:00,2007-02-05 00:00:00+00:00,1,-0.000906502435830769,1
2007-02-06 00:00:00+00:00,2007-02-06 00:00:00+00:00,1,0.0010207753845116966,1
2007-02-07 00:00:00+00:00,2007-02-07 00:00:00+00:00,1,0.002990586465937051,1
2007-02-08 00:00:00+00:00,2007-02-08 00:00:00+00:00,1,-0.002455480494967221,1
2007-02-09 00:00:00+00:00,2007-02-09 00:00:00+00:00,1,0.001187504487708291,1
2007-02-12 00:00:00+00:00,2007-02-12 00:00:00+00:00,1,-0.000413789804119746,1
2007-02-13 00:00:00+00:00,2007-02-13 00:00:00+00:00,1,0.0016156285335852897,1
2007-02-14 00:00:00+00:00,2007-02-14 00:00:00+00:00,1,0.002236298866623321,1
2007-02-15 00:00:00+00:00,2007-02-15 00:00:00+00:00,1,0.00024247306153898392,1
2007-02-16 00:00:00+00:00,2007-02-16 00:00:00+00:00,1,-0.0037639179212569426,1
2007-02-20 00:00:00+00:00,2007-02-20 00:00:00+00:00,1,-0.0016660126759658663,1
2007-02-21 00:00:00+00:00,2007-02-21 00:00:00+00:00,1,-0.003214889240419216,1
2007-02-22 00:00:00+00:00,2007-02-22 00:00:00+00:00,1,0.0018203865627630326,1
2007-02-23 00:00:00+00:00,2007-02-23 00:00:00+00:00,1,-0.0007454088922119514,1
2007-02-26 00:00:00+00:00,2007-02-26 00:00:00+00:00,1,0.003954343706821984,1
2007-02-27 00:00:00+00:00,2007-02-27 00:00:00+00:00,1,-0.012180926628010935,1
2007-02-28 00:00:00+00:00,2007-02-28 00:00:00+00:00,1,0.0024272476129114876,1
2007-03-01 00:00:00+00:00,2007-03-01 00:00:00+00:00,1,-0.014942270823494452,1
2007-03-02 00:00:00+00:00,2007-03-02 00:00:00+00:00,1,-0.005994300109446104,1
2007-03-05 00:00:00+00:00,2007-03-05 00:00:00+00:00,1,-0.006852414180739707,1
2007-03-06 00:00:00+00:00,2007-03-06 00:00:00+00:00,1,0.009413287956905847,1
2007-03-07 00:00:00+00:00,2007-03-07 00:00:00+00:00,1,-0.0005769813504518991,1
2007-03-08 00:00:00+00:00,2007-03-08 00:00:00+00:00,1,0.008482948525715595,1
2007-03-09 00:00:00+00:00,2007-03-09 00:00:00+00:00,1,0.005913597726887232,1
2007-03-12 00:00:00+00:00,2007-03-12 00:00:00+00:00,1,-0.002276875751973417,1
2007-03-13 00:00:00+00:00,2007-03-13 00:00:00+00:00,1,-0.005603180339735813,1
2007-03-14 00:00:00+00:00,2007-03-14 00:00:00+00:00,1,0.0010592483566604586,1
2007-03-15 00:00:00+00:00,2007-03-15 00:00:00+00:00,1,-0.0024595813147763376,1
2007-03-16 00:00:00+00:00,2007-03-16 00:00:00+00:00,1,0.0020055866804049253,1
2007-03-19 00:00:00+00:00,2007-03-19 00:00:00+00:00,1,0.0050196561256403375,1
2007-03-20 00:00:00+00:00,2007-03-20 00:00:00+00:00,1,-0.000843329207291554,1
2007-03-21 00:00:00+00:00,2007-03-21 00:00:00+00:00,1,0.0008492629111282683,1
2007-03-22 00:00:00+00:00,2007-03-22 00:00:00+00:00,1,0.0005883016072878115,1
2007-03-23 00:00:00+00:00,2007-03-23 00:00:00+00:00,1,4.920109038893979e-05,1
2007-03-26 00:00:00+00:00,2007-03-26 00:00:00+00:00,1,0.00031029669119661015,1
2007-03-27 00:00:00+00:00,2007-03-27 00:00:00+00:00,1,-0.001369267498839732,1
2007-03-28 00:00:00+00:00,2007-03-28 00:00:00+00:00,1,-0.0049796136585718905,1
2007-03-29 00:00:00+00:00,2007-03-29 00:00:00+00:00,1,0.005685030666514901,1
2007-03-30 00:00:00+00:00,2007-03-30 00:00:00+00:00,1,0.000536245755471754,1
2007-04-02 00:00:00+00:00,2007-04-02 00:00:00+00:00,1,0.0018714801819381347,1
2007-04-03 00:00:00+00:00,2007-04-03 00:00:00+00:00,1,0.005187114769934243,1
2007-04-04 00:00:00+00:00,2007-04-04 00:00:00+00:00,1,3.947294131231323e-05,1
2007-04-05 00:00:00+00:00,2007-04-05 00:00:00+00:00,1,-0.0014892276596760508,1
2007-04-09 00:00:00+00:00,2007-04-09 00:00:00+00:00,1,0.002804157845092881,1
2007-04-10 00:00:00+00:00,2007-04-10 00:00:00+00:00,1,-0.000793644591354092,1
2007-04-11 00:00:00+00:00,2007-04-11 00:00:00+00:00,1,-2.1303364649704877e-05,1
2007-04-12 00:00:00+00:00,2007-04-12 00:00:00+00:00,1,-0.0020638254263894203,1
2007-04-13 00:00:00+00:00,2007-04-13 00:00:00+00:00,1,0.0006415545771421786,1
2007-04-16 00:00:00+00:00,2007-04-16 00:00:00+00:00,1,0.003470696723785716,1
2007-04-17 00:00:00+00:00,2007-04-17 00:00:00+00:00,1,0.0016188456835245172,1
2007-04-18 00:00:00+00:00,2007-04-18 00:00:00+00:00,1,-0.004512039302730952,1
2007-04-19 00:00:00+00:00,2007-04-19 00:00:00+00:00,1,-0.004966226726771139,1
2007-04-20 00:00:00+00:00,2007-04-20 00:00:00+00:00,1,0.007159552131374836,1
2007-04-23 00:00:00+00:00,2007-04-23 00:00:00+00:00,1,-0.0004803329291504285,1
2007-04-24 00:00:00+00:00,2007-04-24 00:00:00+00:00,1,0.0020336823460101686,1
2007-04-25 00:00:00+00:00,2007-04-25 00:00:00+00:00,1,0.003400106307654716,1
2007-04-26 00:00:00+00:00,2007-04-26 00:00:00+00:00,1,0.0009208680927687788,1
2007-04-27 00:00:00+00:00,2007-04-27 00:00:00+00:00,1,-0.004104016207791139,1
2007-04-30 00:00:00+00:00,2007-04-30 00:00:00+00:00,1,-0.0007912160715735968,1
2007-05-01 00:00:00+00:00,2007-05-01 00:00:00+00:00,1,0.0002468813184984489,1
2007-05-02 00:00:00+00:00,2007-05-02 00:00:00+00:00,1,0.0023248263714109266,1
2007-05-03 00:00:00+00:00,2007-05-03 00:00:00+00:00,1,0.0021078127683190288,1
2007-05-04 00:00:00+00:00,2007-05-04 00:00:00+00:00,1,0.002961186096723323,1
2007-05-07 00:00:00+00:00,2007-05-07 00:00:00+00:00,1,-0.00011068499553682469,1
2007-05-08 00:00:00+00:00,2007-05-08 00:00:00+00:00,1,-0.003241097792566183,1
2007-05-09 00:00:00+00:00,2007-05-09 00:00:00+00:00,1,-0.003232927224268522,1
2007-05-10 00:00:00+00:00,2007-05-10 00:00:00+00:00,1,-0.003430684092167879,1
2007-05-11 00:00:00+00:00,2007-05-11 00:00:00+00:00,1,0.0008096809880772885,1
2007-05-14 00:00:00+00:00,2007-05-14 00:00:00+00:00,1,-0.0004067035868470567,1
2007-05-15 00:00:00+00:00,2007-05-15 00:00:00+00:00,1,-0.00016568954459897893,1
2007-05-16 00:00:00+00:00,2007-05-16 00:00:00+00:00,1,0.0015477896215339796,1
2007-05-17 00:00:00+00:00,2007-05-17 00:00:00+00:00,1,-0.0016695435414237122,1
2007-05-18 00:00:00+00:00,2007-05-18 00:00:00+00:00,1,0.0036645706120641223,1
2007-05-21 00:00:00+00:00,2007-05-21 00:00:00+00:00,1,-0.00010938323141826937,1
2007-05-22 00:00:00+00:00,2007-05-22 00:00:00+00:00,1,0.000543226130918029,1
2007-05-23 00:00:00+00:00,2007-05-23 00:00:00+00:00,1,0.0029264394731406077,1
2007-05-24 00:00:00+00:00,2007-05-24 00:00:00+00:00,1,0.00031530680104882054,1
2007-05-25 00:00:00+00:00,2007-05-25 00:00:00+00:00,1,0.002239759536107966,1
2007-05-29 00:00:00+00:00,2007-05-29 00:00:00+00:00,1,0.0010622835377670174,1
2007-05-30 00:00:00+00:00,2007-05-30 00:00:00+00:00,1,-0.006386741196126233,1
2007-05-31 00:00:00+00:00,2007-05-31 00:00:00+00:00,1,0.0016964151745326398,1
2007-06-01 00:00:00+00:00,2007-06-01 00:00:00+00:00,1,0.0033191975309318725,1
2007-06-04 00:00:00+00:00,2007-06-04 00:00:00+00:00,1,-0.003844025193844169,1
2007-06-05 00:00:00+00:00,2007-06-05 00:00:00+00:00,1,-0.002834244439808486,1
2007-06-06 00:00:00+00:00,2007-06-06 00:00:00+00:00,1,-0.004559214717014292,1
2007-06-07 00:00:00+00:00,2007-06-07 00:00:00+00:00,1,-0.002921573854854675,1
2007-06-08 00:00:00+00:00,2007-06-08 00:00:00+00:00,1,0.0010939493915144375,1
2007-06-11 00:00:00+00:00,2007-06-11 00:00:00+00:00,1,-0.000983679843708429,1
2007-06-12 00:00:00+00:00,2007-06-12 00:00:00+00:00,1,-0.005052210047709482,1
2007-06-13 00:00:00+00:00,2007-06-13 00:00:00+00:00,1,0.0046887660385457,1
2007-06-14 00:00:00+00:00,2007-06-14 00:00:00+00:00,1,0.0007911038565498688,1
2007-06-15 00:00:00+00:00,2007-06-15 00:00:00+00:00,1,0.0073918466194138,1
2007-06-18 00:00:00+00:00,2007-06-18 00:00:00+00:00,1,0.001655311138746585,1
2007-06-19 00:00:00+00:00,2007-06-19 00:00:00+00:00,1,-0.0028776529130465685,1
2007-06-20 00:00:00+00:00,2007-06-20 00:00:00+00:00,1,0.0014437997552635088,1
2007-06-21 00:00:00+00:00,2007-06-21 00:00:00+00:00,1,-0.0007093877230398334,1
2007-06-22 00:00:00+00:00,2007-06-22 00:00:00+00:00,1,-0.0028612160106371905,1
2007-06-25 00:00:00+00:00,2007-06-25 00:00:00+00:00,1,-0.0012233111161521256,1
2007-06-26 00:00:00+00:00,2007-06-26 00:00:00+00:00,1,0.0033040991393310185,1
2007-06-27 00:00:00+00:00,2007-06-27 00:00:00+00:00,1,-0.0013735981196927646,1
2007-06-28 00:00:00+00:00,2007-06-28 00:00:00+00:00,1,-0.0005767115844820588,1
2007-06-29 00:00:00+00:00,2007-06-29 00:00:00+00:00,1,0.00416428125243592,1
2007-07-02 00:00:00+00:00,2007-07-02 00:00:00+00:00,1,0.0023182330429277424,1
2007-07-03 00:00:00+00:00,2007-07-03 00:00:00+00:00,1,0.001609071141037222,1
2007-07-05 00:00:00+00:00,2007-07-05 00:00:00+00:00,1,0.000207694505013534,1
2007-07-06 00:00:00+00:00,2007-07-06 00:00:00+00:00,1,0.00087097930199217,1
2007-07-09 00:00:00+00:00,2007-07-09 00:00:00+00:00,1,0.0006971941846774746,1
2007-07-10 00:00:00+00:00,2007-07-10 00:00:00+00:00,1,-0.005706314962716097,1
2007-07-11 00:00:00+00:00,2007-07-11 00:00:00+00:00,1,-0.001997488715080908,1
2007-07-12 00:00:00+00:00,2007-07-12 00:00:00+00:00,1,0.002588905313373047,1
2007-07-13 00:00:00+00:00,2007-07-13 00:00:00+00:00,1,0.0009891802976788825,1
2007-07-16 00:00:00+00:00,2007-07-16 00:00:00+00:00,1,5.1764279171107334e-05,1
2007-07-17 00:00:00+00:00,2007-07-17 00:00:00+00:00,1,0.001126224385207342,1
2007-07-18 00:00:00+00:00,2007-07-18 00:00:00+00:00,1,-0.004767342373157657,1
2007-07-19 00:00:00+00:00,2007-07-19 00:00:00+00:00,1,0.004454468128870815,1
2007-07-20 00:00:00+00:00,2007-07-20 00:00:00+00:00,1,-0.0011782522697597938,1
2007-07-23 00:00:00+00:00,2007-07-23 00:00:00+00:00,1,0.003612972932807124,1
2007-07-24 00:00:00+00:00,2007-07-24 00:00:00+00:00,1,-0.0067545534387390745,1
2007-07-25 00:00:00+00:00,2007-07-25 00:00:00+00:00,1,0.004613125211540859,1
2007-07-26 00:00:00+00:00,2007-07-26 00:00:00+00:00,1,-0.008424162202021834,1
2007-07-27 00:00:00+00:00,2007-07-27 00:00:00+00:00,1,-0.000577038670810914,1
2007-07-30 00:00:00+00:00,2007-07-30 00:00:00+00:00,1,0.004921609692825813,1
2007-07-31 00:00:00+00:00,2007-07-31 00:00:00+00:00,1,0.0072486541051353885,1
2007-08-01 00:00:00+00:00,2007-08-01 00:00:00+00:00,1,-0.0036256508783641724,1
2007-08-02 00:00:00+00:00,2007-08-02 00:00:00+00:00,1,0.0011399909616606977,1
2007-08-03 00:00:00+00:00,2007-08-03 00:00:00+00:00,1,-0.002315357374796134,1
2007-08-06 00:00:00+00:00,2007-08-06 00:00:00+00:00,1,0.0016528723386086356,1
2007-08-07 00:00:00+00:00,2007-08-07 00:00:00+00:00,1,-0.0021612151709910817,1
2007-08-08 00:00:00+00:00,2007-08-08 00:00:00+00:00,1,0.003935336627337549,1
2007-08-09 00:00:00+00:00,2007-08-09 00:00:00+00:00,1,-0.014963414869408198,1
2007-08-10 00:00:00+00:00,2007-08-10 00:00:00+00:00,1,-0.009083650234881868,1
2007-08-13 00:00:00+00:00,2007-08-13 00:00:00+00:00,1,0.010114402892852781,1
2007-08-14 00:00:00+00:00,2007-08-14 00:00:00+00:00,1,0.0023693092504272987,1
2007-08-15 00:00:00+00:00,2007-08-15 00:00:00+00:00,1,-0.0024896813567554573,1
2007-08-16 00:00:00+00:00,2007-08-16 00:00:00+00:00,1,-0.008762204887435931,1
2007-08-17 00:00:00+00:00,2007-08-17 00:00:00+00:00,1,0.02112438530592938,1
2007-08-20 00:00:00+00:00,2007-08-20 00:00:00+00:00,1,0.0032327412519754465,1
2007-08-21 00:00:00+00:00,2007-08-21 00:00:00+00:00,1,-0.0009750759477515133,1
2007-08-22 00:00:00+00:00,2007-08-22 00:00:00+00:00,1,0.007254059111208544,1
2007-08-23 00:00:00+00:00,2007-08-23 00:00:00+00:00,1,0.0034160325671659057,1
2007-08-24 00:00:00+00:00,2007-08-24 00:00:00+00:00,1,-0.002014206661677542,1
2007-08-27 00:00:00+00:00,2007-08-27 00:00:00+00:00,1,-0.0033702997000179865,1
2007-08-28 00:00:00+00:00,2007-08-28 00:00:00+00:00,1,-0.005911812162938323,1
2007-08-29 00:00:00+00:00,2007-08-29 00:00:00+00:00,1,0.005277275950606531,1
2007-08-30 00:00:00+00:00,2007-08-30 00:00:00+00:00,1,-0.006618996590408077,1
2007-08-31 00:00:00+00:00,2007-08-31 00:00:00+00:00,1,0.010314949184467815,1
2007-09-04 00:00:00+00:00,2007-09-04 00:00:00+00:00,1,-0.00016070961039369418,1
2007-09-05 00:00:00+00:00,2007-09-05 00:00:00+00:00,1,-0.004458883830382876,1
2007-09-06 00:00:00+00:00,2007-09-06 00:00:00+00:00,1,0.0007497749700585369,1
2007-09-07 00:00:00+00:00,2007-09-07 00:00:00+00:00,1,-0.012076311071598988,1
2007-09-10 00:00:00+00:00,2007-09-10 00:00:00+00:00,1,0.005283628061757717,1
2007-09-11 00:00:00+00:00,2007-09-11 00:00:00+00:00,1,0.00445881159263547,1
2007-09-12 00:00:00+00:00,2007-09-12 00:00:00+00:00,1,-0.0018977975512720954,1
2007-09-13 00:00:00+00:00,2007-09-13 00:00:00+00:00,1,0.005575086123165008,1
2007-09-14 00:00:00+00:00,2007-09-14 00:00:00+00:00,1,-0.007353034257782753,1
2007-09-17 00:00:00+00:00,2007-09-17 00:00:00+00:00,1,-0.004515797106950414,1
2007-09-18 00:00:00+00:00,2007-09-18 00:00:00+00:00,1,0.005032681761302083,1
2007-09-19 00:00:00+00:00,2007-09-19 00:00:00+00:00,1,0.005313453973751126,1
2007-09-20 00:00:00+00:00,2007-09-20 00:00:00+00:00,1,-0.001461547938179852,1
2007-09-21 00:00:00+00:00,2007-09-21 00:00:00+00:00,1,0.006250229900969096,1
2007-09-24 00:00:00+00:00,2007-09-24 00:00:00+00:00,1,0.0024714051615838065,1
2007-09-25 00:00:00+00:00,2007-09-25 00:00:00+00:00,1,-0.004880746410756342,1
2007-09-26 00:00:00+00:00,2007-09-26 00:00:00+00:00,1,0.005379430253838325,1
2007-09-27 00:00:00+00:00,2007-09-27 00:00:00+00:00,1,0.004988390584334168,1
2007-09-28 00:00:00+00:00,2007-09-28 00:00:00+00:00,1,-0.0014715876300557037,1
2007-10-01 00:00:00+00:00,2007-10-01 00:00:00+00:00,1,0.0001545633071132427,1
2007-10-02 00:00:00+00:00,2007-10-02 00:00:00+00:00,1,0.0010889872304841956,1
2007-10-03 00:00:00+00:00,2007-10-03 00:00:00+00:00,1,-0.002842653121171634,1
2007-10-04 00:00:00+00:00,2007-10-04 00:00:00+00:00,1,0.0017408979857863275,1
2007-10-05 00:00:00+00:00,2007-10-05 00:00:00+00:00,1,0.006842257364793014,1
2007-10-08 00:00:00+00:00,2007-10-08 00:00:00+00:00,1,-0.001965073912352155,1
2007-10-09 00:00:00+00:00,2007-10-09 00:00:00+00:00,1,0.00269939379015457,1
2007-10-10 00:00:00+00:00,2007-10-10 00:00:00+00:00,1,-0.00161217888216556,1
2007-10-11 00:00:00+00:00,2007-10-11 00:00:00+00:00,1,0.004588556168809233,1
2007-10-12 00:00:00+00:00,2007-10-12 00:00:00+00:00,1,0.0019469860185530544,1
2007-10-15 00:00:00+00:00,2007-10-15 00:00:00+00:00,1,0.00025520045723378433,1
2007-10-16 00:00:00+00:00,2007-10-16 00:00:00+00:00,1,-0.005341282891239507,1
2007-10-17 00:00:00+00:00,2007-10-17 00:00:00+00:00,1,0.010693816906963772,1
2007-10-18 00:00:00+00:00,2007-10-18 00:00:00+00:00,1,-0.004947144185181196,1
2007-10-19 00:00:00+00:00,2007-10-19 00:00:00+00:00,1,-0.002344809596825292,1
2007-10-22 00:00:00+00:00,2007-10-22 00:00:00+00:00,1,-0.005675529929229461,1
2007-10-23 00:00:00+00:00,2007-10-23 00:00:00+00:00,1,0.007843421753660674,1
2007-10-24 00:00:00+00:00,2007-10-24 00:00:00+00:00,1,-0.006172724728888501,1
2007-10-25 00:00:00+00:00,2007-10-25 00:00:00+00:00,1,0.0013770267254230254,1
2007-10-26 00:00:00+00:00,2007-10-26 00:00:00+00:00,1,0.013425489805638147,1
2007-10-29 00:00:00+00:00,2007-10-29 00:00:00+00:00,1,0.0031190002296784484,1
2007-10-30 00:00:00+00:00,2007-10-30 00:00:00+00:00,1,-0.0044445802022063715,1
2007-10-31 00:00:00+00:00,2007-10-31 00:00:00+00:00,1,0.00464003625922812,1
2007-11-01 00:00:00+00:00,2007-11-01 00:00:00+00:00,1,-0.007876815528371361,1
2007-11-02 00:00:00+00:00,2007-11-02 00:00:00+00:00,1,0.005244242838766644,1
2007-11-05 00:00:00+00:00,2007-11-05 00:00:00+00:00,1,-0.010603820932145602,1
2007-11-06 00:00:00+00:00,2007-11-06 00:00:00+00:00,1,0.0048033195544026856,1
2007-11-07 00:00:00+00:00,2007-11-07 00:00:00+00:00,1,-0.009865394955510398,1
2007-11-08 00:00:00+00:00,2007-11-08 00:00:00+00:00,1,-0.0019978036063542422,1
2007-11-09 00:00:00+00:00,2007-11-09 00:00:00+00:00,1,-0.014960106730445321,1
2007-11-12 00:00:00+00:00,2007-11-12 00:00:00+00:00,1,-0.0008588085997079161,1
2007-11-13 00:00:00+00:00,2007-11-13 00:00:00+00:00,1,0.012282350454711788,1
2007-11-14 00:00:00+00:00,2007-11-14 00:00:00+00:00,1,0.009954619096563666,1
2007-11-15 00:00:00+00:00,2007-11-15 00:00:00+00:00,1,-0.004922842161280061,1
2007-11-16 00:00:00+00:00,2007-11-16 00:00:00+00:00,1,0.005757665117294997,1
2007-11-19 00:00:00+00:00,2007-11-19 00:00:00+00:00,1,-0.003242535545996827,1
2007-11-20 00:00:00+00:00,2007-11-20 00:00:00+00:00,1,0.003219866963678231,1
2007-11-21 00:00:00+00:00,2007-11-21 00:00:00+00:00,1,-0.010201798865932898,1
2007-11-23 00:00:00+00:00,2007-11-23 00:00:00+00:00,1,0.007850400000939695,1
2007-11-26 00:00:00+00:00,2007-11-26 00:00:00+00:00,1,0.0020449033441670376,1
2007-11-27 00:00:00+00:00,2007-11-27 00:00:00+00:00,1,0.006790113772899254,1
2007-11-28 00:00:00+00:00,2007-11-28 00:00:00+00:00,1,0.012086679881028484,1
2007-11-29 00:00:00+00:00,2007-11-29 00:00:00+00:00,1,-0.0039757597843352085,1
2007-11-30 00:00:00+00:00,2007-11-30 00:00:00+00:00,1,0.010951311567227251,1
2007-12-03 00:00:00+00:00,2007-12-03 00:00:00+00:00,1,-0.004024898263272991,1
2007-12-04 00:00:00+00:00,2007-12-04 00:00:00+00:00,1,-0.007585846563832965,1
2007-12-05 00:00:00+00:00,2007-12-05 00:00:00+00:00,1,0.010293425485540542,1
2007-12-06 00:00:00+00:00,2007-12-06 00:00:00+00:00,1,-0.0004202739370893546,1
2007-12-07 00:00:00+00:00,2007-12-07 00:00:00+00:00,1,0.0010037505680945639,1
2007-12-10 00:00:00+00:00,2007-12-10 00:00:00+00:00,1,0.002167789335467874,1
2007-12-11 00:00:00+00:00,2007-12-11 00:00:00+00:00,1,0.0006585993451834974,1
2007-12-12 00:00:00+00:00,2007-12-12 00:00:00+00:00,1,0.01940917977258979,1
2007-12-13 00:00:00+00:00,2007-12-13 00:00:00+00:00,1,-0.00816011836627959,1
2007-12-14 00:00:00+00:00,2007-12-14 00:00:00+00:00,1,-0.008071082369239624,1
2007-12-17 00:00:00+00:00,2007-12-17 00:00:00+00:00,1,-0.0040662399886190245,1
2007-12-18 00:00:00+00:00,2007-12-18 00:00:00+00:00,1,0.00837760276529761,1
2007-12-19 00:00:00+00:00,2007-12-19 00:00:00+00:00,1,-9.448850458763062e-05,1
2007-12-20 00:00:00+00:00,2007-12-20 00:00:00+00:00,1,0.010408293147593806,1
2007-12-21 00:00:00+00:00,2007-12-21 00:00:00+00:00,1,0.012496870650991776,1
2007-12-24 00:00:00+00:00,2007-12-24 00:00:00+00:00,1,0.003571417613901529,1
2007-12-26 00:00:00+00:00,2007-12-26 00:00:00+00:00,1,-0.003295824710488981,1
2007-12-27 00:00:00+00:00,2007-12-27 00:00:00+00:00,1,-0.0036913570413133253,1
2007-12-28 00:00:00+00:00,2007-12-28 00:00:00+00:00,1,0.004284631021777863,1
2007-12-31 00:00:00+00:00,2007-12-31 00:00:00+00:00,1,-0.0033909867683187597,1
2008-01-02 00:00:00+00:00,2008-01-02 00:00:00+00:00,1,0.0012822558068553373,1
2008-01-03 00:00:00+00:00,2008-01-03 00:00:00+00:00,1,-0.0003690936099085326,1
2008-01-04 00:00:00+00:00,2008-01-04 00:00:00+00:00,1,-0.013547150550039,1
2008-01-07 00:00:00+00:00,2008-01-07 00:00:00+00:00,1,0.001469353052751943,1
2008-01-08 00:00:00+00:00,2008-01-08 00:00:00+00:00,1,0.003889763444978567,1
2008-01-09 00:00:00+00:00,2008-01-09 00:00:00+00:00,1,0.0023725122189096285,1
2008-01-10 00:00:00+00:00,2008-01-10 00:00:00+00:00,1,-0.007870280073030289,1
2008-01-11 00:00:00+00:00,2008-01-11 00:00:00+00:00,1,-0.004813925697766319,1
2008-01-14 00:00:00+00:00,2008-01-14 00:00:00+00:00,1,0.010104787576301144,1
2008-01-15 00:00:00+00:00,2008-01-15 00:00:00+00:00,1,-0.010795745546273971,1
2008-01-16 00:00:00+00:00,2008-01-16 00:00:00+00:00,1,-0.007098108479716014,1
2008-01-17 00:00:00+00:00,2008-01-17 00:00:00+00:00,1,0.004792785306087366,1
2008-01-18 00:00:00+00:00,2008-01-18 00:00:00+00:00,1,0.007141653037549623,1
2008-01-22 00:00:00+00:00,2008-01-22 00:00:00+00:00,1,-0.046446898795676574,1
2008-01-23 00:00:00+00:00,2008-01-23 00:00:00+00:00,1,-0.0327453192035058,1
2008-01-24 00:00:00+00:00,2008-01-24 00:00:00+00:00,1,0.004060838990909222,1
2008-01-25 00:00:00+00:00,2008-01-25 00:00:00+00:00,1,0.016018008007124128,1
2008-01-28 00:00:00+00:00,2008-01-28 00:00:00+00:00,1,0.0008678382929455334,1
2008-01-29 00:00:00+00:00,2008-01-29 00:00:00+00:00,1,0.005474041345273817,1
2008-01-30 00:00:00+00:00,2008-01-30 00:00:00+00:00,1,-0.0033156892552518077,1
2008-01-31 00:00:00+00:00,2008-01-31 00:00:00+00:00,1,-0.011530621176657352,1
2008-02-01 00:00:00+00:00,2008-02-01 00:00:00+00:00,1,0.005873979018062714,1
2008-02-04 00:00:00+00:00,2008-02-04 00:00:00+00:00,1,-0.0017356068142613586,1
2008-02-05 00:00:00+00:00,2008-02-05 00:00:00+00:00,1,-0.015796326183592592,1
2008-02-06 00:00:00+00:00,2008-02-06 00:00:00+00:00,1,0.004239580169888646,1
2008-02-07 00:00:00+00:00,2008-02-07 00:00:00+00:00,1,-0.010603592978142872,1
2008-02-08 00:00:00+00:00,2008-02-08 00:00:00+00:00,1,-0.002391841971874897,1
2008-02-11 00:00:00+00:00,2008-02-11 00:00:00+00:00,1,0.0017621329558904168,1
2008-02-12 00:00:00+00:00,2008-02-12 00:00:00+00:00,1,0.007099835350611728,1
2008-02-13 00:00:00+00:00,2008-02-13 00:00:00+00:00,1,0.009981815829264462,1
2008-02-14 00:00:00+00:00,2008-02-14 00:00:00+00:00,1,0.002608289650837892,1
2008-02-15 00:00:00+00:00,2008-02-15 00:00:00+00:00,1,-0.005507454891131391,1
2008-02-19 00:00:00+00:00,2008-02-19 00:00:00+00:00,1,0.01216382365420462,1
2008-02-20 00:00:00+00:00,2008-02-20 00:00:00+00:00,1,-0.011431759053551127,1
2008-02-21 00:00:00+00:00,2008-02-21 00:00:00+00:00,1,0.007201182010170249,1
2008-02-22 00:00:00+00:00,2008-02-22 00:00:00+00:00,1,0.002091045517048829,1
2008-02-25 00:00:00+00:00,2008-02-25 00:00:00+00:00,1,-0.0011673878033686465,1
2008-02-26 00:00:00+00:00,2008-02-26 00:00:00+00:00,1,-0.0052590303223857045,1
2008-02-27 00:00:00+00:00,2008-02-27 00:00:00+00:00,1,-0.006594577353089692,1
2008-02-28 00:00:00+00:00,2008-02-28 00:00:00+00:00,1,-0.005764153080928014,1
2008-02-29 00:00:00+00:00,2008-02-29 00:00:00+00:00,1,-0.010265758490657728,1
2008-03-03 00:00:00+00:00,2008-03-03 00:00:00+00:00,1,-0.0031902944414567754,1
2008-03-04 00:00:00+00:00,2008-03-04 00:00:00+00:00,1,-0.008220206192277401,1
2008-03-05 00:00:00+00:00,2008-03-05 00:00:00+00:00,1,0.0022487088626839905,1
2008-03-06 00:00:00+00:00,2008-03-06 00:00:00+00:00,1,-0.0038233668074879375,1
2008-03-07 00:00:00+00:00,2008-03-07 00:00:00+00:00,1,-0.008185661480748596,1
2008-03-10 00:00:00+00:00,2008-03-10 00:00:00+00:00,1,-0.0005119235362707527,1
2008-03-11 00:00:00+00:00,2008-03-11 00:00:00+00:00,1,0.01759612874175894,1
2008-03-12 00:00:00+00:00,2008-03-12 00:00:00+00:00,1,0.0022122107578342546,1
2008-03-13 00:00:00+00:00,2008-03-13 00:00:00+00:00,1,-0.012580155167290141,1
2008-03-14 00:00:00+00:00,2008-03-14 00:00:00+00:00,1,0.007322527965198134,1
2008-03-17 00:00:00+00:00,2008-03-17 00:00:00+00:00,1,-0.023388439876124913,1
2008-03-18 00:00:00+00:00,2008-03-18 00:00:00+00:00,1,0.017902455526973636,1
2008-03-19 00:00:00+00:00,2008-03-19 00:00:00+00:00,1,0.003685158877801154,1
2008-03-20 00:00:00+00:00,2008-03-20 00:00:00+00:00,1,0.002590664601486459,1
2008-03-24 00:00:00+00:00,2008-03-24 00:00:00+00:00,1,0.006560832414543605,1
2008-03-25 00:00:00+00:00,2008-03-25 00:00:00+00:00,1,0.0015656229214597531,1
2008-03-26 00:00:00+00:00,2008-03-26 00:00:00+00:00,1,-0.0035303965289359748,1
2008-03-27 00:00:00+00:00,2008-03-27 00:00:00+00:00,1,0.000545399188106999,1
2008-03-28 00:00:00+00:00,2008-03-28 00:00:00+00:00,1,0.004036524632165939,1
2008-03-31 00:00:00+00:00,2008-03-31 00:00:00+00:00,1,0.0007031838363526725,1
2008-04-01 00:00:00+00:00,2008-04-01 00:00:00+00:00,1,0.013919145566911395,1
2008-04-02 00:00:00+00:00,2008-04-02 00:00:00+00:00,1,0.00251675043417029,1
2008-04-03 00:00:00+00:00,2008-04-03 00:00:00+00:00,1,-0.005204918524044566,1
2008-04-04 00:00:00+00:00,2008-04-04 00:00:00+00:00,1,0.0019659858555136304,1
2008-04-07 00:00:00+00:00,2008-04-07 00:00:00+00:00,1,0.006332350879717586,1
2008-04-08 00:00:00+00:00,2008-04-08 00:00:00+00:00,1,-0.006935466684378255,1
2008-04-09 00:00:00+00:00,2008-04-09 00:00:00+00:00,1,-0.0004066329995511039,1
2008-04-10 00:00:00+00:00,2008-04-10 00:00:00+00:00,1,-0.0014751122818959846,1
2008-04-11 00:00:00+00:00,2008-04-11 00:00:00+00:00,1,-0.011633711417225112,1
2008-04-14 00:00:00+00:00,2008-04-14 00:00:00+00:00,1,-0.0018023962213602248,1
2008-04-15 00:00:00+00:00,2008-04-15 00:00:00+00:00,1,0.003959356470484033,1
2008-04-16 00:00:00+00:00,2008-04-16 00:00:00+00:00,1,0.010808709796354921,1
2008-04-17 00:00:00+00:00,2008-04-17 00:00:00+00:00,1,-0.0027815841529238213,1
2008-04-18 00:00:00+00:00,2008-04-18 00:00:00+00:00,1,0.01984946034341869,1
2008-04-21 00:00:00+00:00,2008-04-21 00:00:00+00:00,1,-0.002166015093281048,1
2008-04-22 00:00:00+00:00,2008-04-22 00:00:00+00:00,1,-0.004681886875630236,1
2008-04-23 00:00:00+00:00,2008-04-23 00:00:00+00:00,1,0.0039122975176104306,1
2008-04-24 00:00:00+00:00,2008-04-24 00:00:00+00:00,1,0.001220479415089815,1
2008-04-25 00:00:00+00:00,2008-04-25 00:00:00+00:00,1,0.004132946887277911,1
2008-04-28 00:00:00+00:00,2008-04-28 00:00:00+00:00,1,0.00186905636999154,1
2008-04-29 00:00:00+00:00,2008-04-29 00:00:00+00:00,1,-0.002112125010139831,1
2008-04-30 00:00:00+00:00,2008-04-30 00:00:00+00:00,1,0.001505543983570912,1
2008-05-01 00:00:00+00:00,2008-05-01 00:00:00+00:00,1,0.0003458306807866077,1
2008-05-02 00:00:00+00:00,2008-05-02 00:00:00+00:00,1,0.00874549209408434,1
2008-05-05 00:00:00+00:00,2008-05-05 00:00:00+00:00,1,-0.0019254050690194254,1
2008-05-06 00:00:00+00:00,2008-05-06 00:00:00+00:00,1,-0.004615108193928274,1
2008-05-07 00:00:00+00:00,2008-05-07 00:00:00+00:00,1,-0.0007610439220322226,1
2008-05-08 00:00:00+00:00,2008-05-08 00:00:00+00:00,1,0.0025699125045826835,1
2008-05-09 00:00:00+00:00,2008-05-09 00:00:00+00:00,1,-0.006031116361078314,1
2008-05-12 00:00:00+00:00,2008-05-12 00:00:00+00:00,1,0.0016858049895673525,1
2008-05-13 00:00:00+00:00,2008-05-13 00:00:00+00:00,1,0.0011143214961408469,1
2008-05-14 00:00:00+00:00,2008-05-14 00:00:00+00:00,1,0.003730058895532318,1
2008-05-15 00:00:00+00:00,2008-05-15 00:00:00+00:00,1,0.0007606361497564888,1
2008-05-16 00:00:00+00:00,2008-05-16 00:00:00+00:00,1,0.0018580086767084562,1
2008-05-19 00:00:00+00:00,2008-05-19 00:00:00+00:00,1,0.0006260678389311217,1
2008-05-20 00:00:00+00:00,2008-05-20 00:00:00+00:00,1,-0.004839127659982434,1
2008-05-21 00:00:00+00:00,2008-05-21 00:00:00+00:00,1,2.695704361346281e-05,1
2008-05-22 00:00:00+00:00,2008-05-22 00:00:00+00:00,1,0.0007305257469185315,1
2008-05-23 00:00:00+00:00,2008-05-23 00:00:00+00:00,1,-0.003707110250116252,1
2008-05-27 00:00:00+00:00,2008-05-27 00:00:00+00:00,1,0.001318653635221734,1
2008-05-28 00:00:00+00:00,2008-05-28 00:00:00+00:00,1,0.0038836745332244352,1
2008-05-29 00:00:00+00:00,2008-05-29 00:00:00+00:00,1,-0.0006056327732193775,1
2008-05-30 00:00:00+00:00,2008-05-30 00:00:00+00:00,1,0.003290539534369941,1
2008-06-02 00:00:00+00:00,2008-06-02 00:00:00+00:00,1,-0.0030525121038755595,1
2008-06-03 00:00:00+00:00,2008-06-03 00:00:00+00:00,1,0.003062988833092162,1
2008-06-04 00:00:00+00:00,2008-06-04 00:00:00+00:00,1,-0.003238646227586883,1
2008-06-05 00:00:00+00:00,2008-06-05 00:00:00+00:00,1,0.003034984292293619,1
2008-06-06 00:00:00+00:00,2008-06-06 00:00:00+00:00,1,-0.009020855946771744,1
2008-06-09 00:00:00+00:00,2008-06-09 00:00:00+00:00,1,0.00281109687375144,1
2008-06-10 00:00:00+00:00,2008-06-10 00:00:00+00:00,1,-0.008902847937601632,1
2008-06-11 00:00:00+00:00,2008-06-11 00:00:00+00:00,1,-0.0012197078783926837,1
2008-06-12 00:00:00+00:00,2008-06-12 00:00:00+00:00,1,0.005752458308179243,1
2008-06-13 00:00:00+00:00,2008-06-13 00:00:00+00:00,1,0.005435515720933893,1
2008-06-16 00:00:00+00:00,2008-06-16 00:00:00+00:00,1,-0.005087970433780375,1
2008-06-17 00:00:00+00:00,2008-06-17 00:00:00+00:00,1,0.004320125428806854,1
2008-06-18 00:00:00+00:00,2008-06-18 00:00:00+00:00,1,-0.006429738431216725,1
2008-06-19 00:00:00+00:00,2008-06-19 00:00:00+00:00,1,-0.0016095515938537083,1
2008-06-20 00:00:00+00:00,2008-06-20 00:00:00+00:00,1,-0.007870960875860677,1
2008-06-23 00:00:00+00:00,2008-06-23 00:00:00+00:00,1,0.0036412021430973444,1
2008-06-24 00:00:00+00:00,2008-06-24 00:00:00+00:00,1,-0.004158934854439999,1
2008-06-25 00:00:00+00:00,2008-06-25 00:00:00+00:00,1,0.0038559921274807455,1
2008-06-26 00:00:00+00:00,2008-06-26 00:00:00+00:00,1,-0.014253555479814916,1
2008-06-27 00:00:00+00:00,2008-06-27 00:00:00+00:00,1,-0.0006525575926678347,1
2008-06-30 00:00:00+00:00,2008-06-30 00:00:00+00:00,1,-0.0004216202961916712,1
2008-07-01 00:00:00+00:00,2008-07-01 00:00:00+00:00,1,-0.009989224265532259,1
2008-07-02 00:00:00+00:00,2008-07-02 00:00:00+00:00,1,0.002825121308024559,1
2008-07-03 00:00:00+00:00,2008-07-03 00:00:00+00:00,1,0.006404499470139069,1
2008-07-07 00:00:00+00:00,2008-07-07 00:00:00+00:00,1,0.006193402538871096,1
2008-07-08 00:00:00+00:00,2008-07-08 00:00:00+00:00,1,0.0001368425695658318,1
2008-07-09 00:00:00+00:00,2008-07-09 00:00:00+00:00,1,0.0006127048391425752,1
2008-07-10 00:00:00+00:00,2008-07-10 00:00:00+00:00,1,-0.0009602045625171415,1
2008-07-11 00:00:00+00:00,2008-07-11 00:00:00+00:00,1,-0.0107969350376794,1
2008-07-14 00:00:00+00:00,2008-07-14 00:00:00+00:00,1,0.011941138738727897,1
2008-07-15 00:00:00+00:00,2008-07-15 00:00:00+00:00,1,-0.006535236770070096,1
2008-07-16 00:00:00+00:00,2008-07-16 00:00:00+00:00,1,0.0029568538297439443,1
2008-07-17 00:00:00+00:00,2008-07-17 00:00:00+00:00,1,0.007437154606187624,1
2008-07-18 00:00:00+00:00,2008-07-18 00:00:00+00:00,1,-0.0019037361019103357,1
2008-07-21 00:00:00+00:00,2008-07-21 00:00:00+00:00,1,0.006400982275574141,1
2008-07-22 00:00:00+00:00,2008-07-22 00:00:00+00:00,1,-0.012244309396707375,1
2008-07-23 00:00:00+00:00,2008-07-23 00:00:00+00:00,1,0.0020894157510271353,1
2008-07-24 00:00:00+00:00,2008-07-24 00:00:00+00:00,1,0.0026774799868957925,1
2008-07-25 00:00:00+00:00,2008-07-25 00:00:00+00:00,1,0.004458558363986865,1
2008-07-28 00:00:00+00:00,2008-07-28 00:00:00+00:00,1,-0.00029069271425333747,1
2008-07-29 00:00:00+00:00,2008-07-29 00:00:00+00:00,1,0.0032135181855527887,1
2008-07-30 00:00:00+00:00,2008-07-30 00:00:00+00:00,1,0.004420270886635292,1
2008-07-31 00:00:00+00:00,2008-07-31 00:00:00+00:00,1,-0.009633478600609957,1
2008-08-01 00:00:00+00:00,2008-08-01 00:00:00+00:00,1,0.0013929224981735436,1
2008-08-04 00:00:00+00:00,2008-08-04 00:00:00+00:00,1,-0.0008871100624601499,1
2008-08-05 00:00:00+00:00,2008-08-05 00:00:00+00:00,1,0.008997174624005589,1
2008-08-06 00:00:00+00:00,2008-08-06 00:00:00+00:00,1,-0.0014066262907904466,1
2008-08-07 00:00:00+00:00,2008-08-07 00:00:00+00:00,1,-0.0070641945862224605,1
2008-08-08 00:00:00+00:00,2008-08-08 00:00:00+00:00,1,-0.0023167372247898995,1
2008-08-11 00:00:00+00:00,2008-08-11 00:00:00+00:00,1,-0.00012502864731565004,1
2008-08-12 00:00:00+00:00,2008-08-12 00:00:00+00:00,1,-0.00204959960971921,1
2008-08-13 00:00:00+00:00,2008-08-13 00:00:00+00:00,1,-0.0033015237327746246,1
2008-08-14 00:00:00+00:00,2008-08-14 00:00:00+00:00,1,-0.00481616121144105,1
2008-08-15 00:00:00+00:00,2008-08-15 00:00:00+00:00,1,0.002034241701349771,1
2008-08-18 00:00:00+00:00,2008-08-18 00:00:00+00:00,1,0.0021523092442731987,1
2008-08-19 00:00:00+00:00,2008-08-19 00:00:00+00:00,1,-0.006598334191755572,1
2008-08-20 00:00:00+00:00,2008-08-20 00:00:00+00:00,1,0.0047849841912650185,1
2008-08-21 00:00:00+00:00,2008-08-21 00:00:00+00:00,1,-0.00726924759808798,1
2008-08-22 00:00:00+00:00,2008-08-22 00:00:00+00:00,1,0.005770535079993444,1
2008-08-25 00:00:00+00:00,2008-08-25 00:00:00+00:00,1,-0.007052439117248432,1
2008-08-26 00:00:00+00:00,2008-08-26 00:00:00+00:00,1,2.2942470210863e-05,1
2008-08-27 00:00:00+00:00,2008-08-27 00:00:00+00:00,1,0.0005430211519624421,1
2008-08-28 00:00:00+00:00,2008-08-28 00:00:00+00:00,1,0.004259727683419168,1
2008-08-29 00:00:00+00:00,2008-08-29 00:00:00+00:00,1,-0.0073734883751514265,1
2008-09-02 00:00:00+00:00,2008-09-02 00:00:00+00:00,1,0.012644833750689,1
2008-09-03 00:00:00+00:00,2008-09-03 00:00:00+00:00,1,-0.0018270673100523657,1
2008-09-04 00:00:00+00:00,2008-09-04 00:00:00+00:00,1,-0.006739239695081478,1
2008-09-05 00:00:00+00:00,2008-09-05 00:00:00+00:00,1,-0.007635114420206457,1
2008-09-08 00:00:00+00:00,2008-09-08 00:00:00+00:00,1,0.02080691522228203,1
2008-09-09 00:00:00+00:00,2008-09-09 00:00:00+00:00,1,-9.74797611883235e-05,1
2008-09-10 00:00:00+00:00,2008-09-10 00:00:00+00:00,1,0.007248057650133444,1
2008-09-11 00:00:00+00:00,2008-09-11 00:00:00+00:00,1,-0.013775874938890131,1
2008-09-12 00:00:00+00:00,2008-09-12 00:00:00+00:00,1,-0.00940310520193125,1
2008-09-15 00:00:00+00:00,2008-09-15 00:00:00+00:00,1,-0.029843949055746978,1
2008-09-16 00:00:00+00:00,2008-09-16 00:00:00+00:00,1,-0.01946206372340723,1
2008-09-17 00:00:00+00:00,2008-09-17 00:00:00+00:00,1,-0.01674016012697669,1
2008-09-18 00:00:00+00:00,2008-09-18 00:00:00+00:00,1,0.016941332970519106,1
2008-09-19 00:00:00+00:00,2008-09-19 00:00:00+00:00,1,0.05717890053652749,1
2008-09-22 00:00:00+00:00,2008-09-22 00:00:00+00:00,1,-0.0008350074460260811,1
2008-09-23 00:00:00+00:00,2008-09-23 00:00:00+00:00,1,0.0017177760635992082,1
2008-09-24 00:00:00+00:00,2008-09-24 00:00:00+00:00,1,0.0060320953486678545,1
2008-09-25 00:00:00+00:00,2008-09-25 00:00:00+00:00,1,0.006326989796770566,1
2008-09-26 00:00:00+00:00,2008-09-26 00:00:00+00:00,1,-0.02275073395131514,1
2008-09-29 00:00:00+00:00,2008-09-29 00:00:00+00:00,1,-0.01735509744182271,1
2008-09-30 00:00:00+00:00,2008-09-30 00:00:00+00:00,1,0.007939669394895566,1
2008-10-01 00:00:00+00:00,2008-10-01 00:00:00+00:00,1,-0.0043033214694478735,1
2008-10-02 00:00:00+00:00,2008-10-02 00:00:00+00:00,1,-0.00832858917305116,1
2008-10-03 00:00:00+00:00,2008-10-03 00:00:00+00:00,1,0.011153413740330376,1
2008-10-06 00:00:00+00:00,2008-10-06 00:00:00+00:00,1,-0.027469292927855805,1
2008-10-07 00:00:00+00:00,2008-10-07 00:00:00+00:00,1,0.013838185953273208,1
2008-10-08 00:00:00+00:00,2008-10-08 00:00:00+00:00,1,-0.023566131598723318,1
2008-10-09 00:00:00+00:00,2008-10-09 00:00:00+00:00,1,0.022456566588689185,1
2008-10-10 00:00:00+00:00,2008-10-10 00:00:00+00:00,1,-0.0378826488144046,1
2008-10-13 00:00:00+00:00,2008-10-13 00:00:00+00:00,1,0.05462375288586859,1
2008-10-14 00:00:00+00:00,2008-10-14 00:00:00+00:00,1,0.03074418253159602,1
2008-10-15 00:00:00+00:00,2008-10-15 00:00:00+00:00,1,-0.01792082407938781,1
2008-10-16 00:00:00+00:00,2008-10-16 00:00:00+00:00,1,0.010185376698802451,1
2008-10-17 00:00:00+00:00,2008-10-17 00:00:00+00:00,1,-0.018935682049969406,1
2008-10-20 00:00:00+00:00,2008-10-20 00:00:00+00:00,1,0.01830014745426741,1
2008-10-21 00:00:00+00:00,2008-10-21 00:00:00+00:00,1,-0.01774333003169002,1
2008-10-22 00:00:00+00:00,2008-10-22 00:00:00+00:00,1,-0.015921444741947434,1
2008-10-23 00:00:00+00:00,2008-10-23 00:00:00+00:00,1,-0.004190768661078736,1
2008-10-24 00:00:00+00:00,2008-10-24 00:00:00+00:00,1,-0.07896922745135018,1
2008-10-27 00:00:00+00:00,2008-10-27 00:00:00+00:00,1,-0.012207426154857903,1
2008-10-28 00:00:00+00:00,2008-10-28 00:00:00+00:00,1,0.037144294552847144,1
2008-10-29 00:00:00+00:00,2008-10-29 00:00:00+00:00,1,0.0005379760656841429,1
2008-10-30 00:00:00+00:00,2008-10-30 00:00:00+00:00,1,0.028206238880132926,1
2008-10-31 00:00:00+00:00,2008-10-31 00:00:00+00:00,1,-0.013790510668039135,1
2008-11-03 00:00:00+00:00,2008-11-03 00:00:00+00:00,1,-0.0017743958333132689,1
2008-11-04 00:00:00+00:00,2008-11-04 00:00:00+00:00,1,0.019490393875331878,1
2008-11-05 00:00:00+00:00,2008-11-05 00:00:00+00:00,1,-0.0095846084379547,1
2008-11-06 00:00:00+00:00,2008-11-06 00:00:00+00:00,1,-0.017107589132694924,1
2008-11-07 00:00:00+00:00,2008-11-07 00:00:00+00:00,1,0.009937081670068204,1
2008-11-10 00:00:00+00:00,2008-11-10 00:00:00+00:00,1,0.019395569374571285,1
2008-11-11 00:00:00+00:00,2008-11-11 00:00:00+00:00,1,-0.015106230274175491,1
2008-11-12 00:00:00+00:00,2008-11-12 00:00:00+00:00,1,-0.01635234255336835,1
2008-11-13 00:00:00+00:00,2008-11-13 00:00:00+00:00,1,-0.0002353839810942168,1
2008-11-14 00:00:00+00:00,2008-11-14 00:00:00+00:00,1,-0.021114364166831857,1
2008-11-17 00:00:00+00:00,2008-11-17 00:00:00+00:00,1,-0.010139603026859156,1
2008-11-18 00:00:00+00:00,2008-11-18 00:00:00+00:00,1,0.0011765256745716827,1
2008-11-19 00:00:00+00:00,2008-11-19 00:00:00+00:00,1,-0.005959178244910634,1
2008-11-20 00:00:00+00:00,2008-11-20 00:00:00+00:00,1,-0.01484792055125409,1
2008-11-21 00:00:00+00:00,2008-11-21 00:00:00+00:00,1,0.021823109421539942,1
2008-11-24 00:00:00+00:00,2008-11-24 00:00:00+00:00,1,0.025101504102657622,1
2008-11-25 00:00:00+00:00,2008-11-25 00:00:00+00:00,1,0.01852487212776862,1
2008-11-26 00:00:00+00:00,2008-11-26 00:00:00+00:00,1,-0.013385651046349789,1
2008-11-28 00:00:00+00:00,2008-11-28 00:00:00+00:00,1,-0.00783225251346784,1
2008-12-01 00:00:00+00:00,2008-12-01 00:00:00+00:00,1,-0.02526486696895295,1
2008-12-02 00:00:00+00:00,2008-12-02 00:00:00+00:00,1,0.0148516770673219,1
2008-12-03 00:00:00+00:00,2008-12-03 00:00:00+00:00,1,-0.02384178546814906,1
2008-12-04 00:00:00+00:00,2008-12-04 00:00:00+00:00,1,-0.015376761178263898,1
2008-12-05 00:00:00+00:00,2008-12-05 00:00:00+00:00,1,-0.015544658412935486,1
2008-12-08 00:00:00+00:00,2008-12-08 00:00:00+00:00,1,0.024634002193744307,1
2008-12-09 00:00:00+00:00,2008-12-09 00:00:00+00:00,1,-0.010410874667667746,1
2008-12-10 00:00:00+00:00,2008-12-10 00:00:00+00:00,1,0.00578068036209608,1
2008-12-11 00:00:00+00:00,2008-12-11 00:00:00+00:00,1,-0.005134319183256497,1
2008-12-12 00:00:00+00:00,2008-12-12 00:00:00+00:00,1,-0.020763976411996656,1
2008-12-15 00:00:00+00:00,2008-12-15 00:00:00+00:00,1,0.0007108073476774449,1
2008-12-16 00:00:00+00:00,2008-12-16 00:00:00+00:00,1,0.027690952506356413,1
2008-12-17 00:00:00+00:00,2008-12-17 00:00:00+00:00,1,-0.0110313931700459,1
2008-12-18 00:00:00+00:00,2008-12-18 00:00:00+00:00,1,0.001952623065524262,1
2008-12-19 00:00:00+00:00,2008-12-19 00:00:00+00:00,1,0.007970501568834465,1
2008-12-22 00:00:00+00:00,2008-12-22 00:00:00+00:00,1,0.0019109685462948781,1
2008-12-23 00:00:00+00:00,2008-12-23 00:00:00+00:00,1,0.004453841956264382,1
2008-12-24 00:00:00+00:00,2008-12-24 00:00:00+00:00,1,0.0037912774969326105,1
2008-12-26 00:00:00+00:00,2008-12-26 00:00:00+00:00,1,0.00407605064582125,1
2008-12-29 00:00:00+00:00,2008-12-29 00:00:00+00:00,1,0.0015320345571329889,1
2008-12-30 00:00:00+00:00,2008-12-30 00:00:00+00:00,1,0.0045365813740017805,1
2008-12-31 00:00:00+00:00,2008-12-31 00:00:00+00:00,1,-0.00019044580077429678,1
2009-01-02 00:00:00+00:00,2009-01-02 00:00:00+00:00,1,0.0009764631494377455,1
2009-01-05 00:00:00+00:00,2009-01-05 00:00:00+00:00,1,-0.0052976631726804665,1
2009-01-06 00:00:00+00:00,2009-01-06 00:00:00+00:00,1,0.00766149471198937,1
2009-01-07 00:00:00+00:00,2009-01-07 00:00:00+00:00,1,-0.01773952488328643,1
2009-01-08 00:00:00+00:00,2009-01-08 00:00:00+00:00,1,-0.00409737844197886,1
2009-01-09 00:00:00+00:00,2009-01-09 00:00:00+00:00,1,0.0005212136360499223,1
2009-01-12 00:00:00+00:00,2009-01-12 00:00:00+00:00,1,-0.001037703325601302,1
2009-01-13 00:00:00+00:00,2009-01-13 00:00:00+00:00,1,-0.0017345931798158128,1
2009-01-14 00:00:00+00:00,2009-01-14 00:00:00+00:00,1,-0.0150686882929558,1
2009-01-15 00:00:00+00:00,2009-01-15 00:00:00+00:00,1,-0.0028290750983567033,1
2009-01-16 00:00:00+00:00,2009-01-16 00:00:00+00:00,1,0.015221959681237485,1
2009-01-20 00:00:00+00:00,2009-01-20 00:00:00+00:00,1,-0.007218214796279631,1
2009-01-21 00:00:00+00:00,2009-01-21 00:00:00+00:00,1,0.016606978802381454,1
2009-01-22 00:00:00+00:00,2009-01-22 00:00:00+00:00,1,-0.02080302022954498,1
2009-01-23 00:00:00+00:00,2009-01-23 00:00:00+00:00,1,-0.019649084230856685,1
2009-01-26 00:00:00+00:00,2009-01-26 00:00:00+00:00,1,0.003279834877181831,1
2009-01-27 00:00:00+00:00,2009-01-27 00:00:00+00:00,1,0.0025601769947507184,1
2009-01-28 00:00:00+00:00,2009-01-28 00:00:00+00:00,1,0.01911748923019648,1
2009-01-29 00:00:00+00:00,2009-01-29 00:00:00+00:00,1,-0.013719073678442972,1
2009-01-30 00:00:00+00:00,2009-01-30 00:00:00+00:00,1,0.005961673761439823,1
2009-02-02 00:00:00+00:00,2009-02-02 00:00:00+00:00,1,-0.01272403052345492,1
2009-02-03 00:00:00+00:00,2009-02-03 00:00:00+00:00,1,0.003868860296541621,1
2009-02-04 00:00:00+00:00,2009-02-04 00:00:00+00:00,1,0.004215461814227795,1
2009-02-05 00:00:00+00:00,2009-02-05 00:00:00+00:00,1,-0.011268384094968697,1
2009-02-06 00:00:00+00:00,2009-02-06 00:00:00+00:00,1,0.003213559186929416,1
2009-02-09 00:00:00+00:00,2009-02-09 00:00:00+00:00,1,-9.629463666991327e-05,1
2009-02-10 00:00:00+00:00,2009-02-10 00:00:00+00:00,1,-0.008239098490875596,1
2009-02-11 00:00:00+00:00,2009-02-11 00:00:00+00:00,1,0.002404480983802604,1
2009-02-12 00:00:00+00:00,2009-02-12 00:00:00+00:00,1,-0.01464734153482592,1
2009-02-13 00:00:00+00:00,2009-02-13 00:00:00+00:00,1,-0.0024293789953767405,1
2009-02-17 00:00:00+00:00,2009-02-17 00:00:00+00:00,1,-0.03145335293756433,1
2009-02-18 00:00:00+00:00,2009-02-18 00:00:00+00:00,1,0.006548725398651445,1
2009-02-19 00:00:00+00:00,2009-02-19 00:00:00+00:00,1,0.007902704230191982,1
2009-02-20 00:00:00+00:00,2009-02-20 00:00:00+00:00,1,-0.015130822624623041,1
2009-02-23 00:00:00+00:00,2009-02-23 00:00:00+00:00,1,0.00796043881120253,1
2009-02-24 00:00:00+00:00,2009-02-24 00:00:00+00:00,1,0.00667880852756394,1
2009-02-25 00:00:00+00:00,2009-02-25 00:00:00+00:00,1,-0.005447631977955036,1
2009-02-26 00:00:00+00:00,2009-02-26 00:00:00+00:00,1,0.009202080553599024,1
2009-02-27 00:00:00+00:00,2009-02-27 00:00:00+00:00,1,-0.01616314055073962,1
2009-03-02 00:00:00+00:00,2009-03-02 00:00:00+00:00,1,-0.017282500659220414,1
2009-03-03 00:00:00+00:00,2009-03-03 00:00:00+00:00,1,0.010982241089569545,1
2009-03-04 00:00:00+00:00,2009-03-04 00:00:00+00:00,1,0.01530270888536286,1
2009-03-05 00:00:00+00:00,2009-03-05 00:00:00+00:00,1,-0.017150341660966163,1
2009-03-06 00:00:00+00:00,2009-03-06 00:00:00+00:00,1,0.006700672464126723,1
2009-03-09 00:00:00+00:00,2009-03-09 00:00:00+00:00,1,-0.011329300715957813,1
2009-03-10 00:00:00+00:00,2009-03-10 00:00:00+00:00,1,0.019884068498090622,1
2009-03-11 00:00:00+00:00,2009-03-11 00:00:00+00:00,1,0.01057266023808342,1
2009-03-12 00:00:00+00:00,2009-03-12 00:00:00+00:00,1,-0.0007978679338238922,1
2009-03-13 00:00:00+00:00,2009-03-13 00:00:00+00:00,1,0.0029030418610801138,1
2009-03-16 00:00:00+00:00,2009-03-16 00:00:00+00:00,1,0.008722720406598572,1
2009-03-17 00:00:00+00:00,2009-03-17 00:00:00+00:00,1,0.0035611385428752865,1
2009-03-18 00:00:00+00:00,2009-03-18 00:00:00+00:00,1,-0.004712144732945877,1
2009-03-19 00:00:00+00:00,2009-03-19 00:00:00+00:00,1,0.012857960239612243,1
2009-03-20 00:00:00+00:00,2009-03-20 00:00:00+00:00,1,0.0031258700445760627,1
2009-03-23 00:00:00+00:00,2009-03-23 00:00:00+00:00,1,0.02526885480667692,1
2009-03-24 00:00:00+00:00,2009-03-24 00:00:00+00:00,1,-0.010466737516894564,1
2009-03-25 00:00:00+00:00,2009-03-25 00:00:00+00:00,1,0.007894485253238293,1
2009-03-26 00:00:00+00:00,2009-03-26 00:00:00+00:00,1,0.010026310678082207,1
2009-03-27 00:00:00+00:00,2009-03-27 00:00:00+00:00,1,-0.013203869863309103,1
2009-03-30 00:00:00+00:00,2009-03-30 00:00:00+00:00,1,-0.019825269914546174,1
2009-03-31 00:00:00+00:00,2009-03-31 00:00:00+00:00,1,0.008412281813269551,1
2009-04-01 00:00:00+00:00,2009-04-01 00:00:00+00:00,1,-0.012791683587465663,1
2009-04-02 00:00:00+00:00,2009-04-02 00:00:00+00:00,1,0.021097415842570154,1
2009-04-03 00:00:00+00:00,2009-04-03 00:00:00+00:00,1,0.005254999905627689,1
2009-04-06 00:00:00+00:00,2009-04-06 00:00:00+00:00,1,-0.011323746356820407,1
2009-04-07 00:00:00+00:00,2009-04-07 00:00:00+00:00,1,-0.013797238783234056,1
2009-04-08 00:00:00+00:00,2009-04-08 00:00:00+00:00,1,0.007143795512542373,1
2009-04-09 00:00:00+00:00,2009-04-09 00:00:00+00:00,1,0.02205440869730132,1
2009-04-13 00:00:00+00:00,2009-04-13 00:00:00+00:00,1,-0.007003320527470635,1
2009-04-14 00:00:00+00:00,2009-04-14 00:00:00+00:00,1,-0.008001030450623869,1
2009-04-15 00:00:00+00:00,2009-04-15 00:00:00+00:00,1,-0.0068624333780487375,1
2009-04-16 00:00:00+00:00,2009-04-16 00:00:00+00:00,1,0.010632646593973305,1
2009-04-17 00:00:00+00:00,2009-04-17 00:00:00+00:00,1,0.0005543447184084508,1
2009-04-20 00:00:00+00:00,2009-04-20 00:00:00+00:00,1,-0.018148979432078695,1
2009-04-21 00:00:00+00:00,2009-04-21 00:00:00+00:00,1,-0.005816736095729169,1
2009-04-22 00:00:00+00:00,2009-04-22 00:00:00+00:00,1,-0.007732020795670069,1
2009-04-23 00:00:00+00:00,2009-04-23 00:00:00+00:00,1,0.003907512105351974,1
2009-04-24 00:00:00+00:00,2009-04-24 00:00:00+00:00,1,0.007038660577154488,1
2009-04-27 00:00:00+00:00,2009-04-27 00:00:00+00:00,1,-0.009961560789969104,1
2009-04-28 00:00:00+00:00,2009-04-28 00:00:00+00:00,1,-0.008480208650138743,1
2009-04-29 00:00:00+00:00,2009-04-29 00:00:00+00:00,1,0.00928307103586209,1
2009-04-30 00:00:00+00:00,2009-04-30 00:00:00+00:00,1,0.012966498051849651,1
2009-05-01 00:00:00+00:00,2009-05-01 00:00:00+00:00,1,-0.0003319252030016037,1
2009-05-04 00:00:00+00:00,2009-05-04 00:00:00+00:00,1,0.007964715169566728,1
2009-05-05 00:00:00+00:00,2009-05-05 00:00:00+00:00,1,-0.002861450745165228,1
2009-05-06 00:00:00+00:00,2009-05-06 00:00:00+00:00,1,0.009682590079079756,1
2009-05-07 00:00:00+00:00,2009-05-07 00:00:00+00:00,1,0.007847293225214458,1
2009-05-08 00:00:00+00:00,2009-05-08 00:00:00+00:00,1,0.009938288392187323,1
2009-05-11 00:00:00+00:00,2009-05-11 00:00:00+00:00,1,-0.01361021941020094,1
2009-05-12 00:00:00+00:00,2009-05-12 00:00:00+00:00,1,0.0028557167877103166,1
2009-05-13 00:00:00+00:00,2009-05-13 00:00:00+00:00,1,-0.011481102387329222,1
2009-05-14 00:00:00+00:00,2009-05-14 00:00:00+00:00,1,0.0011371663055440243,1
2009-05-15 00:00:00+00:00,2009-05-15 00:00:00+00:00,1,-0.0014403928902550819,1
2009-05-18 00:00:00+00:00,2009-05-18 00:00:00+00:00,1,0.00788099496661362,1
2009-05-19 00:00:00+00:00,2009-05-19 00:00:00+00:00,1,-0.0017421044725986264,1
2009-05-20 00:00:00+00:00,2009-05-20 00:00:00+00:00,1,0.006144109162567435,1
2009-05-21 00:00:00+00:00,2009-05-21 00:00:00+00:00,1,-0.009893248289688605,1
2009-05-22 00:00:00+00:00,2009-05-22 00:00:00+00:00,1,0.0030329983304544176,1
2009-05-26 00:00:00+00:00,2009-05-26 00:00:00+00:00,1,-0.008330548532679926,1
2009-05-27 00:00:00+00:00,2009-05-27 00:00:00+00:00,1,-0.000970175393503336,1
2009-05-28 00:00:00+00:00,2009-05-28 00:00:00+00:00,1,0.007144086769373692,1
2009-05-29 00:00:00+00:00,2009-05-29 00:00:00+00:00,1,0.0027354639558793917,1
2009-06-01 00:00:00+00:00,2009-06-01 00:00:00+00:00,1,0.011230549402143042,1
2009-06-02 00:00:00+00:00,2009-06-02 00:00:00+00:00,1,-0.004999886325480962,1
2009-06-03 00:00:00+00:00,2009-06-03 00:00:00+00:00,1,-0.006079181042519177,1
2009-06-04 00:00:00+00:00,2009-06-04 00:00:00+00:00,1,0.0026695705161151276,1
2009-06-05 00:00:00+00:00,2009-06-05 00:00:00+00:00,1,0.007771909764491347,1
2009-06-08 00:00:00+00:00,2009-06-08 00:00:00+00:00,1,-0.007181400694342121,1
2009-06-09 00:00:00+00:00,2009-06-09 00:00:00+00:00,1,0.00483183305199405,1
2009-06-10 00:00:00+00:00,2009-06-10 00:00:00+00:00,1,0.00698041103923216,1
2009-06-11 00:00:00+00:00,2009-06-11 00:00:00+00:00,1,-2.6052866489911493e-05,1
2009-06-12 00:00:00+00:00,2009-06-12 00:00:00+00:00,1,-0.0045518839746219505,1
2009-06-15 00:00:00+00:00,2009-06-15 00:00:00+00:00,1,-0.010964840347785975,1
2009-06-16 00:00:00+00:00,2009-06-16 00:00:00+00:00,1,0.003425807221281019,1
2009-06-17 00:00:00+00:00,2009-06-17 00:00:00+00:00,1,0.0015916489643872603,1
2009-06-18 00:00:00+00:00,2009-06-18 00:00:00+00:00,1,-0.0003710580798472526,1
2009-06-19 00:00:00+00:00,2009-06-19 00:00:00+00:00,1,0.008316736644391887,1
2009-06-22 00:00:00+00:00,2009-06-22 00:00:00+00:00,1,-0.009752050681430457,1
2009-06-23 00:00:00+00:00,2009-06-23 00:00:00+00:00,1,0.002189478224507624,1
2009-06-24 00:00:00+00:00,2009-06-24 00:00:00+00:00,1,0.008518046562427573,1
2009-06-25 00:00:00+00:00,2009-06-25 00:00:00+00:00,1,-0.006027456706533074,1
2009-06-26 00:00:00+00:00,2009-06-26 00:00:00+00:00,1,-0.004325802992676131,1
2009-06-29 00:00:00+00:00,2009-06-29 00:00:00+00:00,1,0.0025444166451363496,1
2009-06-30 00:00:00+00:00,2009-06-30 00:00:00+00:00,1,0.0011798282348503778,1
2009-07-01 00:00:00+00:00,2009-07-01 00:00:00+00:00,1,0.004294511306108662,1
2009-07-02 00:00:00+00:00,2009-07-02 00:00:00+00:00,1,-0.011056678340831216,1
2009-07-06 00:00:00+00:00,2009-07-06 00:00:00+00:00,1,-0.008233327496328857,1
2009-07-07 00:00:00+00:00,2009-07-07 00:00:00+00:00,1,-0.0006600516211840209,1
2009-07-08 00:00:00+00:00,2009-07-08 00:00:00+00:00,1,0.0057501793463166865,1
2009-07-09 00:00:00+00:00,2009-07-09 00:00:00+00:00,1,0.005038602803080184,1
2009-07-10 00:00:00+00:00,2009-07-10 00:00:00+00:00,1,-0.004403381043763565,1
2009-07-13 00:00:00+00:00,2009-07-13 00:00:00+00:00,1,0.0021191941618345592,1
2009-07-14 00:00:00+00:00,2009-07-14 00:00:00+00:00,1,0.0006918120332526038,1
2009-07-15 00:00:00+00:00,2009-07-15 00:00:00+00:00,1,0.014720582409992933,1
2009-07-16 00:00:00+00:00,2009-07-16 00:00:00+00:00,1,-0.003996339931589132,1
2009-07-17 00:00:00+00:00,2009-07-17 00:00:00+00:00,1,0.004667467441309548,1
2009-07-20 00:00:00+00:00,2009-07-20 00:00:00+00:00,1,0.00528412116367335,1
2009-07-21 00:00:00+00:00,2009-07-21 00:00:00+00:00,1,0.005567280100087302,1
2009-07-22 00:00:00+00:00,2009-07-22 00:00:00+00:00,1,-0.003098714674506486,1
2009-07-23 00:00:00+00:00,2009-07-23 00:00:00+00:00,1,-0.0005053898245029661,1
2009-07-24 00:00:00+00:00,2009-07-24 00:00:00+00:00,1,-0.007991744040905835,1
2009-07-27 00:00:00+00:00,2009-07-27 00:00:00+00:00,1,0.0023674478955124315,1
2009-07-28 00:00:00+00:00,2009-07-28 00:00:00+00:00,1,-0.005968125390775658,1
2009-07-29 00:00:00+00:00,2009-07-29 00:00:00+00:00,1,0.00047232111141806173,1
2009-07-30 00:00:00+00:00,2009-07-30 00:00:00+00:00,1,0.010952861165181538,1
2009-07-31 00:00:00+00:00,2009-07-31 00:00:00+00:00,1,-0.0004013081615666711,1
2009-08-03 00:00:00+00:00,2009-08-03 00:00:00+00:00,1,0.010285879316957536,1
2009-08-04 00:00:00+00:00,2009-08-04 00:00:00+00:00,1,-0.004912723337958147,1
2009-08-05 00:00:00+00:00,2009-08-05 00:00:00+00:00,1,0.0011716408210286858,1
2009-08-06 00:00:00+00:00,2009-08-06 00:00:00+00:00,1,0.0031228774433510135,1
2009-08-07 00:00:00+00:00,2009-08-07 00:00:00+00:00,1,0.011811790135054146,1
2009-08-10 00:00:00+00:00,2009-08-10 00:00:00+00:00,1,-0.004328055056345958,1
2009-08-11 00:00:00+00:00,2009-08-11 00:00:00+00:00,1,-0.004169376497722288,1
2009-08-12 00:00:00+00:00,2009-08-12 00:00:00+00:00,1,-0.0015343939703122752,1
2009-08-13 00:00:00+00:00,2009-08-13 00:00:00+00:00,1,0.004991768152284715,1
2009-08-14 00:00:00+00:00,2009-08-14 00:00:00+00:00,1,-0.0032899884551053967,1
2009-08-17 00:00:00+00:00,2009-08-17 00:00:00+00:00,1,-0.01837702946890111,1
2009-08-18 00:00:00+00:00,2009-08-18 00:00:00+00:00,1,0.003937143709799773,1
2009-08-19 00:00:00+00:00,2009-08-19 00:00:00+00:00,1,-0.010128502445119958,1
2009-08-20 00:00:00+00:00,2009-08-20 00:00:00+00:00,1,9.564485850046574e-05,1
2009-08-21 00:00:00+00:00,2009-08-21 00:00:00+00:00,1,0.006701890911358721,1
2009-08-24 00:00:00+00:00,2009-08-24 00:00:00+00:00,1,0.0026080124841374123,1
2009-08-25 00:00:00+00:00,2009-08-25 00:00:00+00:00,1,0.0028091657650066385,1
2009-08-26 00:00:00+00:00,2009-08-26 00:00:00+00:00,1,-0.002965868156804141,1
2009-08-27 00:00:00+00:00,2009-08-27 00:00:00+00:00,1,-0.000714630139796146,1
2009-08-28 00:00:00+00:00,2009-08-28 00:00:00+00:00,1,0.009901553793044216,1
2009-08-31 00:00:00+00:00,2009-08-31 00:00:00+00:00,1,-0.008894148273392776,1
2009-09-01 00:00:00+00:00,2009-09-01 00:00:00+00:00,1,-0.004537305450460582,1
2009-09-02 00:00:00+00:00,2009-09-02 00:00:00+00:00,1,-0.005068807144092502,1
2009-09-03 00:00:00+00:00,2009-09-03 00:00:00+00:00,1,0.005025511878578992,1
2009-09-04 00:00:00+00:00,2009-09-04 00:00:00+00:00,1,0.0015795151761902274,1
2009-09-08 00:00:00+00:00,2009-09-08 00:00:00+00:00,1,0.008269420287068197,1
2009-09-09 00:00:00+00:00,2009-09-09 00:00:00+00:00,1,0.0009421042007549899,1
2009-09-10 00:00:00+00:00,2009-09-10 00:00:00+00:00,1,0.00028093424720551126,1
2009-09-11 00:00:00+00:00,2009-09-11 00:00:00+00:00,1,0.00101578734148341,1
2009-09-14 00:00:00+00:00,2009-09-14 00:00:00+00:00,1,-0.0077983895740982075,1
2009-09-15 00:00:00+00:00,2009-09-15 00:00:00+00:00,1,0.00014748397050525804,1
2009-09-16 00:00:00+00:00,2009-09-16 00:00:00+00:00,1,0.0037689458935949664,1
2009-09-17 00:00:00+00:00,2009-09-17 00:00:00+00:00,1,-0.0022951764867737198,1
2009-09-18 00:00:00+00:00,2009-09-18 00:00:00+00:00,1,0.00405275899206633,1
2009-09-21 00:00:00+00:00,2009-09-21 00:00:00+00:00,1,-0.007016282506107951,1
2009-09-22 00:00:00+00:00,2009-09-22 00:00:00+00:00,1,0.005477984786454082,1
2009-09-23 00:00:00+00:00,2009-09-23 00:00:00+00:00,1,0.002977707020866716,1
2009-09-24 00:00:00+00:00,2009-09-24 00:00:00+00:00,1,0.0027853613313071016,1
2009-09-25 00:00:00+00:00,2009-09-25 00:00:00+00:00,1,-0.005079626881978194,1
2009-09-28 00:00:00+00:00,2009-09-28 00:00:00+00:00,1,0.004373076881536953,1
2009-09-29 00:00:00+00:00,2009-09-29 00:00:00+00:00,1,0.0005932791297036059,1
2009-09-30 00:00:00+00:00,2009-09-30 00:00:00+00:00,1,0.0034113073506781503,1
2009-10-01 00:00:00+00:00,2009-10-01 00:00:00+00:00,1,-0.014339179479479191,1
2009-10-02 00:00:00+00:00,2009-10-02 00:00:00+00:00,1,-0.008328094144767406,1
2009-10-05 00:00:00+00:00,2009-10-05 00:00:00+00:00,1,0.00426865270464335,1
2009-10-06 00:00:00+00:00,2009-10-06 00:00:00+00:00,1,0.006095812482313357,1
2009-10-07 00:00:00+00:00,2009-10-07 00:00:00+00:00,1,-0.0020333653258208014,1
2009-10-08 00:00:00+00:00,2009-10-08 00:00:00+00:00,1,0.006216458300612982,1
2009-10-09 00:00:00+00:00,2009-10-09 00:00:00+00:00,1,-0.0012248543741437464,1
2009-10-12 00:00:00+00:00,2009-10-12 00:00:00+00:00,1,0.004031861964863126,1
2009-10-13 00:00:00+00:00,2009-10-13 00:00:00+00:00,1,-0.002116357750015707,1
2009-10-14 00:00:00+00:00,2009-10-14 00:00:00+00:00,1,0.011785927103367089,1
2009-10-15 00:00:00+00:00,2009-10-15 00:00:00+00:00,1,-0.005388719832494426,1
2009-10-16 00:00:00+00:00,2009-10-16 00:00:00+00:00,1,-0.006304962954376136,1
2009-10-19 00:00:00+00:00,2009-10-19 00:00:00+00:00,1,0.0008770809484373813,1
2009-10-20 00:00:00+00:00,2009-10-20 00:00:00+00:00,1,0.003321337674256875,1
2009-10-21 00:00:00+00:00,2009-10-21 00:00:00+00:00,1,-0.0011938860990628238,1
2009-10-22 00:00:00+00:00,2009-10-22 00:00:00+00:00,1,-0.0014121088821783864,1
2009-10-23 00:00:00+00:00,2009-10-23 00:00:00+00:00,1,0.0061952394311716955,1
2009-10-26 00:00:00+00:00,2009-10-26 00:00:00+00:00,1,0.0010667165067818844,1
2009-10-27 00:00:00+00:00,2009-10-27 00:00:00+00:00,1,-0.0004363211653882534,1
2009-10-28 00:00:00+00:00,2009-10-28 00:00:00+00:00,1,-0.0033403122671875948,1
2009-10-29 00:00:00+00:00,2009-10-29 00:00:00+00:00,1,0.006334406734223886,1
2009-10-30 00:00:00+00:00,2009-10-30 00:00:00+00:00,1,-0.002297141462282803,1
2009-11-02 00:00:00+00:00,2009-11-02 00:00:00+00:00,1,0.002940112300340936,1
2009-11-03 00:00:00+00:00,2009-11-03 00:00:00+00:00,1,-0.00575418718727253,1
2009-11-04 00:00:00+00:00,2009-11-04 00:00:00+00:00,1,0.007080725862812021,1
2009-11-05 00:00:00+00:00,2009-11-05 00:00:00+00:00,1,0.009033790501179329,1
2009-11-06 00:00:00+00:00,2009-11-06 00:00:00+00:00,1,-0.005776521570089043,1
2009-11-09 00:00:00+00:00,2009-11-09 00:00:00+00:00,1,0.007400151661577226,1
2009-11-10 00:00:00+00:00,2009-11-10 00:00:00+00:00,1,-0.0020610883582850344,1
2009-11-11 00:00:00+00:00,2009-11-11 00:00:00+00:00,1,0.006767540797338512,1
2009-11-12 00:00:00+00:00,2009-11-12 00:00:00+00:00,1,-0.0006389737857616425,1
2009-11-13 00:00:00+00:00,2009-11-13 00:00:00+00:00,1,0.002473045935615226,1
2009-11-16 00:00:00+00:00,2009-11-16 00:00:00+00:00,1,0.005325401346232795,1
2009-11-17 00:00:00+00:00,2009-11-17 00:00:00+00:00,1,-0.0029533689141050586,1
2009-11-18 00:00:00+00:00,2009-11-18 00:00:00+00:00,1,-0.0022287470804869033,1
2009-11-19 00:00:00+00:00,2009-11-19 00:00:00+00:00,1,-0.0070973212884958056,1
2009-11-20 00:00:00+00:00,2009-11-20 00:00:00+00:00,1,-0.005528983337152659,1
2009-11-23 00:00:00+00:00,2009-11-23 00:00:00+00:00,1,0.010773635248811109,1
2009-11-24 00:00:00+00:00,2009-11-24 00:00:00+00:00,1,0.000285435973764481,1
2009-11-25 00:00:00+00:00,2009-11-25 00:00:00+00:00,1,0.002215960117402516,1
2009-11-27 00:00:00+00:00,2009-11-27 00:00:00+00:00,1,-0.027371836550911723,1
2009-11-30 00:00:00+00:00,2009-11-30 00:00:00+00:00,1,-0.0018597940957542965,1
2009-12-01 00:00:00+00:00,2009-12-01 00:00:00+00:00,1,0.00794478977599008,1
2009-12-02 00:00:00+00:00,2009-12-02 00:00:00+00:00,1,0.0013147820911656675,1
2009-12-03 00:00:00+00:00,2009-12-03 00:00:00+00:00,1,0.0028634232551568387,1
2009-12-04 00:00:00+00:00,2009-12-04 00:00:00+00:00,1,0.012692956989665294,1
2009-12-07 00:00:00+00:00,2009-12-07 00:00:00+00:00,1,-0.0010899943158122812,1
2009-12-08 00:00:00+00:00,2009-12-08 00:00:00+00:00,1,-0.006755685933585364,1
2009-12-09 00:00:00+00:00,2009-12-09 00:00:00+00:00,1,-0.0008952807723030861,1
2009-12-10 00:00:00+00:00,2009-12-10 00:00:00+00:00,1,0.004945303343652252,1
2009-12-11 00:00:00+00:00,2009-12-11 00:00:00+00:00,1,0.00453327950185608,1
2009-12-14 00:00:00+00:00,2009-12-14 00:00:00+00:00,1,0.006518870268232802,1
2009-12-15 00:00:00+00:00,2009-12-15 00:00:00+00:00,1,-0.0037037917522297122,1
2009-12-16 00:00:00+00:00,2009-12-16 00:00:00+00:00,1,0.0036393224821996365,1
2009-12-17 00:00:00+00:00,2009-12-17 00:00:00+00:00,1,-0.006140827580129992,1
2009-12-18 00:00:00+00:00,2009-12-18 00:00:00+00:00,1,0.007203527241291885,1
2009-12-21 00:00:00+00:00,2009-12-21 00:00:00+00:00,1,0.004781603706387328,1
2009-12-22 00:00:00+00:00,2009-12-22 00:00:00+00:00,1,0.002446173663748519,1
2009-12-23 00:00:00+00:00,2009-12-23 00:00:00+00:00,1,0.0019031053470366047,1
2009-12-24 00:00:00+00:00,2009-12-24 00:00:00+00:00,1,0.0013206507763187884,1
2009-12-28 00:00:00+00:00,2009-12-28 00:00:00+00:00,1,0.0027632472046210336,1
2009-12-29 00:00:00+00:00,2009-12-29 00:00:00+00:00,1,0.001094481809708359,1
2009-12-30 00:00:00+00:00,2009-12-30 00:00:00+00:00,1,-0.0023088773079851573,1
2009-12-31 00:00:00+00:00,2009-12-31 00:00:00+00:00,1,0.0017852873471923773,1
2010-01-04 00:00:00+00:00,2010-01-04 00:00:00+00:00,1,0.01021142578770592,1
2010-01-05 00:00:00+00:00,2010-01-05 00:00:00+00:00,1,-0.0009316692038900728,1
2010-01-06 00:00:00+00:00,2010-01-06 00:00:00+00:00,1,-0.0009993248630071668,1
2010-01-07 00:00:00+00:00,2010-01-07 00:00:00+00:00,1,-0.0004648577450201194,1
2010-01-08 00:00:00+00:00,2010-01-08 00:00:00+00:00,1,-0.002696563317574596,1
2010-01-11 00:00:00+00:00,2010-01-11 00:00:00+00:00,1,0.0025702258356501088,1
2010-01-12 00:00:00+00:00,2010-01-12 00:00:00+00:00,1,-0.006632110402024915,1
2010-01-13 00:00:00+00:00,2010-01-13 00:00:00+00:00,1,0.0025046437043426354,1
2010-01-14 00:00:00+00:00,2010-01-14 00:00:00+00:00,1,-0.0018380754483700908,1
2010-01-15 00:00:00+00:00,2010-01-15 00:00:00+00:00,1,-0.0003077968720456067,1
2010-01-19 00:00:00+00:00,2010-01-19 00:00:00+00:00,1,0.000811872458210983,1
2010-01-20 00:00:00+00:00,2010-01-20 00:00:00+00:00,1,-0.007231296036701728,1
2010-01-21 00:00:00+00:00,2010-01-21 00:00:00+00:00,1,0.0012473264296348433,1
2010-01-22 00:00:00+00:00,2010-01-22 00:00:00+00:00,1,-0.004186833601688178,1
2010-01-25 00:00:00+00:00,2010-01-25 00:00:00+00:00,1,0.007335398391255266,1
2010-01-26 00:00:00+00:00,2010-01-26 00:00:00+00:00,1,-0.0028228664764576635,1
2010-01-27 00:00:00+00:00,2010-01-27 00:00:00+00:00,1,-0.0018422070741742399,1
2010-01-28 00:00:00+00:00,2010-01-28 00:00:00+00:00,1,-0.00201685002658134,1
2010-01-29 00:00:00+00:00,2010-01-29 00:00:00+00:00,1,0.005997826909685833,1
2010-02-01 00:00:00+00:00,2010-02-01 00:00:00+00:00,1,0.004523725495526454,1
2010-02-02 00:00:00+00:00,2010-02-02 00:00:00+00:00,1,0.001426012845557734,1
2010-02-03 00:00:00+00:00,2010-02-03 00:00:00+00:00,1,-0.00497035650091796,1
2010-02-04 00:00:00+00:00,2010-02-04 00:00:00+00:00,1,-0.00781517500588561,1
2010-02-05 00:00:00+00:00,2010-02-05 00:00:00+00:00,1,0.001554127966293806,1
2010-02-08 00:00:00+00:00,2010-02-08 00:00:00+00:00,1,-0.0007394906493335181,1
2010-02-09 00:00:00+00:00,2010-02-09 00:00:00+00:00,1,0.01153176002212516,1
2010-02-10 00:00:00+00:00,2010-02-10 00:00:00+00:00,1,-0.0010932854175889403,1
2010-02-11 00:00:00+00:00,2010-02-11 00:00:00+00:00,1,-0.000837854009760974,1
2010-02-12 00:00:00+00:00,2010-02-12 00:00:00+00:00,1,-0.010036609577698452,1
2010-02-16 00:00:00+00:00,2010-02-16 00:00:00+00:00,1,0.007151327495596738,1
2010-02-17 00:00:00+00:00,2010-02-17 00:00:00+00:00,1,0.004371049863747112,1
2010-02-18 00:00:00+00:00,2010-02-18 00:00:00+00:00,1,-0.0014527718495297767,1
2010-02-19 00:00:00+00:00,2010-02-19 00:00:00+00:00,1,-0.002945116206037079,1
2010-02-22 00:00:00+00:00,2010-02-22 00:00:00+00:00,1,0.0035517004110494303,1
2010-02-23 00:00:00+00:00,2010-02-23 00:00:00+00:00,1,-0.001984465052285422,1
2010-02-24 00:00:00+00:00,2010-02-24 00:00:00+00:00,1,0.0038067897208855176,1
2010-02-25 00:00:00+00:00,2010-02-25 00:00:00+00:00,1,-0.012696592783556926,1
2010-02-26 00:00:00+00:00,2010-02-26 00:00:00+00:00,1,3.985802646896437e-05,1
2010-03-01 00:00:00+00:00,2010-03-01 00:00:00+00:00,1,0.004010886009325499,1
2010-03-02 00:00:00+00:00,2010-03-02 00:00:00+00:00,1,0.003606722167551058,1
2010-03-03 00:00:00+00:00,2010-03-03 00:00:00+00:00,1,0.0021999685695469288,1
2010-03-04 00:00:00+00:00,2010-03-04 00:00:00+00:00,1,0.0006964856031545733,1
2010-03-05 00:00:00+00:00,2010-03-05 00:00:00+00:00,1,0.006656476384845312,1
2010-03-08 00:00:00+00:00,2010-03-08 00:00:00+00:00,1,-4.07179609256733e-05,1
2010-03-09 00:00:00+00:00,2010-03-09 00:00:00+00:00,1,-0.002862157872491366,1
2010-03-10 00:00:00+00:00,2010-03-10 00:00:00+00:00,1,0.00023883098745177718,1
2010-03-11 00:00:00+00:00,2010-03-11 00:00:00+00:00,1,-0.002640365203519934,1
2010-03-12 00:00:00+00:00,2010-03-12 00:00:00+00:00,1,0.0034495896049838385,1
2010-03-15 00:00:00+00:00,2010-03-15 00:00:00+00:00,1,-0.0022219952474086587,1
2010-03-16 00:00:00+00:00,2010-03-16 00:00:00+00:00,1,0.0026730776710304997,1
2010-03-17 00:00:00+00:00,2010-03-17 00:00:00+00:00,1,0.0019392090160211487,1
2010-03-18 00:00:00+00:00,2010-03-18 00:00:00+00:00,1,0.00016259754296795744,1
2010-03-19 00:00:00+00:00,2010-03-19 00:00:00+00:00,1,-0.0013554522459675363,1
2010-03-22 00:00:00+00:00,2010-03-22 00:00:00+00:00,1,-0.005145976916484251,1
2010-03-23 00:00:00+00:00,2010-03-23 00:00:00+00:00,1,0.0011593328137796347,1
2010-03-24 00:00:00+00:00,2010-03-24 00:00:00+00:00,1,-0.0030025689125003693,1
2010-03-25 00:00:00+00:00,2010-03-25 00:00:00+00:00,1,0.007245543952102829,1
2010-03-26 00:00:00+00:00,2010-03-26 00:00:00+00:00,1,0.0027284232523902777,1
2010-03-29 00:00:00+00:00,2010-03-29 00:00:00+00:00,1,0.004730318342275519,1
2010-03-30 00:00:00+00:00,2010-03-30 00:00:00+00:00,1,0.0018518789266000705,1
2010-03-31 00:00:00+00:00,2010-03-31 00:00:00+00:00,1,-0.0037666266920621024,1
2010-04-01 00:00:00+00:00,2010-04-01 00:00:00+00:00,1,0.005195217565413602,1
2010-04-05 00:00:00+00:00,2010-04-05 00:00:00+00:00,1,0.002751957360251767,1
2010-04-06 00:00:00+00:00,2010-04-06 00:00:00+00:00,1,-0.002862456353421616,1
2010-04-07 00:00:00+00:00,2010-04-07 00:00:00+00:00,1,-0.002026219927726147,1
2010-04-08 00:00:00+00:00,2010-04-08 00:00:00+00:00,1,-0.00347139834045721,1
2010-04-09 00:00:00+00:00,2010-04-09 00:00:00+00:00,1,0.0008549891980006111,1
2010-04-12 00:00:00+00:00,2010-04-12 00:00:00+00:00,1,0.0005314120157346672,1
2010-04-13 00:00:00+00:00,2010-04-13 00:00:00+00:00,1,-0.0013107157597055715,1
2010-04-14 00:00:00+00:00,2010-04-14 00:00:00+00:00,1,0.004171877795988344,1
2010-04-15 00:00:00+00:00,2010-04-15 00:00:00+00:00,1,-0.001525775636373605,1
2010-04-16 00:00:00+00:00,2010-04-16 00:00:00+00:00,1,-0.0038679871836515885,1
2010-04-19 00:00:00+00:00,2010-04-19 00:00:00+00:00,1,-0.003583222508391803,1
2010-04-20 00:00:00+00:00,2010-04-20 00:00:00+00:00,1,0.005557215073236444,1
2010-04-21 00:00:00+00:00,2010-04-21 00:00:00+00:00,1,0.0034067519569543573,1
2010-04-22 00:00:00+00:00,2010-04-22 00:00:00+00:00,1,-0.008619635515874058,1
2010-04-23 00:00:00+00:00,2010-04-23 00:00:00+00:00,1,-0.0007300075356943322,1
2010-04-26 00:00:00+00:00,2010-04-26 00:00:00+00:00,1,0.0003591599711185392,1
2010-04-27 00:00:00+00:00,2010-04-27 00:00:00+00:00,1,-0.005167774287045434,1
2010-04-28 00:00:00+00:00,2010-04-28 00:00:00+00:00,1,0.004739977440156718,1
2010-04-29 00:00:00+00:00,2010-04-29 00:00:00+00:00,1,0.005551213179815962,1
2010-04-30 00:00:00+00:00,2010-04-30 00:00:00+00:00,1,-0.00041615606516535146,1
2010-05-03 00:00:00+00:00,2010-05-03 00:00:00+00:00,1,0.0042311699232120085,1
2010-05-04 00:00:00+00:00,2010-05-04 00:00:00+00:00,1,-0.011975639122787018,1
2010-05-05 00:00:00+00:00,2010-05-05 00:00:00+00:00,1,-0.009649727921432627,1
2010-05-06 00:00:00+00:00,2010-05-06 00:00:00+00:00,1,-0.006121696119566899,1
2010-05-07 00:00:00+00:00,2010-05-07 00:00:00+00:00,1,-0.005385899140423233,1
2010-05-10 00:00:00+00:00,2010-05-10 00:00:00+00:00,1,0.04238988998761991,1
2010-05-11 00:00:00+00:00,2010-05-11 00:00:00+00:00,1,-0.010016361963708897,1
2010-05-12 00:00:00+00:00,2010-05-12 00:00:00+00:00,1,0.004409911981987891,1
2010-05-13 00:00:00+00:00,2010-05-13 00:00:00+00:00,1,-0.003821913967244994,1
2010-05-14 00:00:00+00:00,2010-05-14 00:00:00+00:00,1,-0.007811926622980947,1
2010-05-17 00:00:00+00:00,2010-05-17 00:00:00+00:00,1,0.0020196058246772734,1
2010-05-18 00:00:00+00:00,2010-05-18 00:00:00+00:00,1,0.008029056147739156,1
2010-05-19 00:00:00+00:00,2010-05-19 00:00:00+00:00,1,-0.004933405102562604,1
2010-05-20 00:00:00+00:00,2010-05-20 00:00:00+00:00,1,-0.02071745707555598,1
2010-05-21 00:00:00+00:00,2010-05-21 00:00:00+00:00,1,-0.015657772435545482,1
2010-05-24 00:00:00+00:00,2010-05-24 00:00:00+00:00,1,-0.0032268593474849335,1
2010-05-25 00:00:00+00:00,2010-05-25 00:00:00+00:00,1,-0.023340954545445637,1
2010-05-26 00:00:00+00:00,2010-05-26 00:00:00+00:00,1,0.006228358860294237,1
2010-05-27 00:00:00+00:00,2010-05-27 00:00:00+00:00,1,0.020436336367845885,1
2010-05-28 00:00:00+00:00,2010-05-28 00:00:00+00:00,1,3.0334639877027962e-05,1
2010-06-01 00:00:00+00:00,2010-06-01 00:00:00+00:00,1,-0.006827307954549588,1
2010-06-02 00:00:00+00:00,2010-06-02 00:00:00+00:00,1,0.00513502678191099,1
2010-06-03 00:00:00+00:00,2010-06-03 00:00:00+00:00,1,0.0025554416469168676,1
2010-06-04 00:00:00+00:00,2010-06-04 00:00:00+00:00,1,-0.020386022713133257,1
2010-06-07 00:00:00+00:00,2010-06-07 00:00:00+00:00,1,0.004029294127687233,1
2010-06-08 00:00:00+00:00,2010-06-08 00:00:00+00:00,1,0.0009826969462145233,1
2010-06-09 00:00:00+00:00,2010-06-09 00:00:00+00:00,1,0.006114749443321877,1
2010-06-10 00:00:00+00:00,2010-06-10 00:00:00+00:00,1,0.014395520945211205,1
2010-06-11 00:00:00+00:00,2010-06-11 00:00:00+00:00,1,-0.009800551312479732,1
2010-06-14 00:00:00+00:00,2010-06-14 00:00:00+00:00,1,0.008144278205080202,1
2010-06-15 00:00:00+00:00,2010-06-15 00:00:00+00:00,1,0.005853851399280819,1
2010-06-16 00:00:00+00:00,2010-06-16 00:00:00+00:00,1,-0.004281053174681781,1
2010-06-17 00:00:00+00:00,2010-06-17 00:00:00+00:00,1,0.0039009322127637417,1
2010-06-18 00:00:00+00:00,2010-06-18 00:00:00+00:00,1,0.0016377416857049302,1
2010-06-21 00:00:00+00:00,2010-06-21 00:00:00+00:00,1,0.012303349466294489,1
2010-06-22 00:00:00+00:00,2010-06-22 00:00:00+00:00,1,0.001845886893760718,1
2010-06-23 00:00:00+00:00,2010-06-23 00:00:00+00:00,1,0.0005599260381321195,1
2010-06-24 00:00:00+00:00,2010-06-24 00:00:00+00:00,1,-0.004943050617639199,1
2010-06-25 00:00:00+00:00,2010-06-25 00:00:00+00:00,1,0.003939824310941165,1
2010-06-28 00:00:00+00:00,2010-06-28 00:00:00+00:00,1,0.0004416723445942131,1
2010-06-29 00:00:00+00:00,2010-06-29 00:00:00+00:00,1,-0.014969413534108167,1
2010-06-30 00:00:00+00:00,2010-06-30 00:00:00+00:00,1,-0.003305310397675709,1
2010-07-01 00:00:00+00:00,2010-07-01 00:00:00+00:00,1,0.0008832486010767141,1
2010-07-02 00:00:00+00:00,2010-07-02 00:00:00+00:00,1,0.0022246368352755955,1
2010-07-06 00:00:00+00:00,2010-07-06 00:00:00+00:00,1,0.01416160371723415,1
2010-07-07 00:00:00+00:00,2010-07-07 00:00:00+00:00,1,0.0026068829124220264,1
2010-07-08 00:00:00+00:00,2010-07-08 00:00:00+00:00,1,0.007874793100382716,1
2010-07-09 00:00:00+00:00,2010-07-09 00:00:00+00:00,1,-0.0006662397244141856,1
2010-07-12 00:00:00+00:00,2010-07-12 00:00:00+00:00,1,-0.0024152396364247927,1
2010-07-13 00:00:00+00:00,2010-07-13 00:00:00+00:00,1,0.009241272578390325,1
2010-07-14 00:00:00+00:00,2010-07-14 00:00:00+00:00,1,-0.0009033384295140997,1
2010-07-15 00:00:00+00:00,2010-07-15 00:00:00+00:00,1,-0.0014697976711655954,1
2010-07-16 00:00:00+00:00,2010-07-16 00:00:00+00:00,1,-0.004744336618775468,1
2010-07-19 00:00:00+00:00,2010-07-19 00:00:00+00:00,1,0.002993989777844786,1
2010-07-20 00:00:00+00:00,2010-07-20 00:00:00+00:00,1,-0.014967269155779039,1
2010-07-21 00:00:00+00:00,2010-07-21 00:00:00+00:00,1,0.0075836640432218275,1
2010-07-22 00:00:00+00:00,2010-07-22 00:00:00+00:00,1,0.012687102366418313,1
2010-07-23 00:00:00+00:00,2010-07-23 00:00:00+00:00,1,-0.004691289115562191,1
2010-07-26 00:00:00+00:00,2010-07-26 00:00:00+00:00,1,0.0012117319863096058,1
2010-07-27 00:00:00+00:00,2010-07-27 00:00:00+00:00,1,0.004587104721716384,1
2010-07-28 00:00:00+00:00,2010-07-28 00:00:00+00:00,1,-0.0018696128389236507,1
2010-07-29 00:00:00+00:00,2010-07-29 00:00:00+00:00,1,0.005744494125727162,1
2010-07-30 00:00:00+00:00,2010-07-30 00:00:00+00:00,1,-0.009534090186443888,1
2010-08-02 00:00:00+00:00,2010-08-02 00:00:00+00:00,1,0.013829737864986725,1
2010-08-03 00:00:00+00:00,2010-08-03 00:00:00+00:00,1,-0.0018633413473693513,1
2010-08-04 00:00:00+00:00,2010-08-04 00:00:00+00:00,1,0.0033408142356832985,1
2010-08-05 00:00:00+00:00,2010-08-05 00:00:00+00:00,1,-0.005936664186413676,1
2010-08-06 00:00:00+00:00,2010-08-06 00:00:00+00:00,1,-0.010663375407835496,1
2010-08-09 00:00:00+00:00,2010-08-09 00:00:00+00:00,1,0.004624601775214255,1
2010-08-10 00:00:00+00:00,2010-08-10 00:00:00+00:00,1,-0.008584111719334852,1
2010-08-11 00:00:00+00:00,2010-08-11 00:00:00+00:00,1,-0.016246482976711198,1
2010-08-12 00:00:00+00:00,2010-08-12 00:00:00+00:00,1,-0.017429401538670376,1
2010-08-13 00:00:00+00:00,2010-08-13 00:00:00+00:00,1,-0.0037524391199000636,1
2010-08-16 00:00:00+00:00,2010-08-16 00:00:00+00:00,1,-0.006175535750507921,1
2010-08-17 00:00:00+00:00,2010-08-17 00:00:00+00:00,1,0.007566376354296101,1
2010-08-18 00:00:00+00:00,2010-08-18 00:00:00+00:00,1,-0.0015196413814952178,1
2010-08-19 00:00:00+00:00,2010-08-19 00:00:00+00:00,1,-0.0058599113125613386,1
2010-08-20 00:00:00+00:00,2010-08-20 00:00:00+00:00,1,-0.0025635068742568597,1
2010-08-23 00:00:00+00:00,2010-08-23 00:00:00+00:00,1,0.005188443236584151,1
2010-08-24 00:00:00+00:00,2010-08-24 00:00:00+00:00,1,-0.011494189058904902,1
2010-08-25 00:00:00+00:00,2010-08-25 00:00:00+00:00,1,-0.006599075860024428,1
2010-08-26 00:00:00+00:00,2010-08-26 00:00:00+00:00,1,0.0037621447625042163,1
2010-08-27 00:00:00+00:00,2010-08-27 00:00:00+00:00,1,0.006510461084199804,1
2010-08-30 00:00:00+00:00,2010-08-30 00:00:00+00:00,1,-0.003992724023091454,1
2010-08-31 00:00:00+00:00,2010-08-31 00:00:00+00:00,1,-0.004788668969188647,1
2010-09-01 00:00:00+00:00,2010-09-01 00:00:00+00:00,1,0.013805110070630866,1
2010-09-02 00:00:00+00:00,2010-09-02 00:00:00+00:00,1,0.0017926397873762826,1
2010-09-03 00:00:00+00:00,2010-09-03 00:00:00+00:00,1,0.010110587123760862,1
2010-09-07 00:00:00+00:00,2010-09-07 00:00:00+00:00,1,-0.004709354001365773,1
2010-09-08 00:00:00+00:00,2010-09-08 00:00:00+00:00,1,0.0021255243180733022,1
2010-09-09 00:00:00+00:00,2010-09-09 00:00:00+00:00,1,0.009747841301966343,1
2010-09-10 00:00:00+00:00,2010-09-10 00:00:00+00:00,1,0.0011396602382624747,1
2010-09-13 00:00:00+00:00,2010-09-13 00:00:00+00:00,1,0.008496440224634328,1
2010-09-14 00:00:00+00:00,2010-09-14 00:00:00+00:00,1,-0.001910723498831179,1
2010-09-15 00:00:00+00:00,2010-09-15 00:00:00+00:00,1,-0.0030291502148533708,1
2010-09-16 00:00:00+00:00,2010-09-16 00:00:00+00:00,1,-0.002790022479124221,1
2010-09-17 00:00:00+00:00,2010-09-17 00:00:00+00:00,1,0.005593999048680376,1
2010-09-20 00:00:00+00:00,2010-09-20 00:00:00+00:00,1,0.003309015728676446,1
2010-09-21 00:00:00+00:00,2010-09-21 00:00:00+00:00,1,0.0004009661920145405,1
2010-09-22 00:00:00+00:00,2010-09-22 00:00:00+00:00,1,-0.0031380463514501297,1
2010-09-23 00:00:00+00:00,2010-09-23 00:00:00+00:00,1,-0.0076858461072112135,1
2010-09-24 00:00:00+00:00,2010-09-24 00:00:00+00:00,1,0.0109060904338106,1
2010-09-27 00:00:00+00:00,2010-09-27 00:00:00+00:00,1,-0.00042802804272299404,1
2010-09-28 00:00:00+00:00,2010-09-28 00:00:00+00:00,1,0.0015712947855061835,1
2010-09-29 00:00:00+00:00,2010-09-29 00:00:00+00:00,1,-0.0022734036248197916,1
2010-09-30 00:00:00+00:00,2010-09-30 00:00:00+00:00,1,0.004769485807723706,1
2010-10-01 00:00:00+00:00,2010-10-01 00:00:00+00:00,1,0.0076453119371311055,1
2010-10-04 00:00:00+00:00,2010-10-04 00:00:00+00:00,1,-0.0027753502949381167,1
2010-10-05 00:00:00+00:00,2010-10-05 00:00:00+00:00,1,0.009987828097114926,1
2010-10-06 00:00:00+00:00,2010-10-06 00:00:00+00:00,1,-0.0009904528829823064,1
2010-10-07 00:00:00+00:00,2010-10-07 00:00:00+00:00,1,0.004569124261875246,1
2010-10-08 00:00:00+00:00,2010-10-08 00:00:00+00:00,1,0.0005929390084184697,1
2010-10-11 00:00:00+00:00,2010-10-11 00:00:00+00:00,1,0.0007736732662952609,1
2010-10-12 00:00:00+00:00,2010-10-12 00:00:00+00:00,1,-0.002732539624756591,1
2010-10-13 00:00:00+00:00,2010-10-13 00:00:00+00:00,1,0.005670556561720519,1
2010-10-14 00:00:00+00:00,2010-10-14 00:00:00+00:00,1,-0.00046975334983881926,1
2010-10-15 00:00:00+00:00,2010-10-15 00:00:00+00:00,1,0.00933907297188793,1
2010-10-18 00:00:00+00:00,2010-10-18 00:00:00+00:00,1,-3.3172860367003106e-05,1
2010-10-19 00:00:00+00:00,2010-10-19 00:00:00+00:00,1,-0.00958588021110005,1
2010-10-20 00:00:00+00:00,2010-10-20 00:00:00+00:00,1,0.0019770916937379094,1
2010-10-21 00:00:00+00:00,2010-10-21 00:00:00+00:00,1,0.0050736826407649874,1
2010-10-22 00:00:00+00:00,2010-10-22 00:00:00+00:00,1,0.0005593176445734763,1
2010-10-25 00:00:00+00:00,2010-10-25 00:00:00+00:00,1,0.005070647608858303,1
2010-10-26 00:00:00+00:00,2010-10-26 00:00:00+00:00,1,-0.005332348141941867,1
2010-10-27 00:00:00+00:00,2010-10-27 00:00:00+00:00,1,-0.006390166468006752,1
2010-10-28 00:00:00+00:00,2010-10-28 00:00:00+00:00,1,0.004679635953638373,1
2010-10-29 00:00:00+00:00,2010-10-29 00:00:00+00:00,1,-0.0008067459314284649,1
2010-11-01 00:00:00+00:00,2010-11-01 00:00:00+00:00,1,0.003968073598928002,1
2010-11-02 00:00:00+00:00,2010-11-02 00:00:00+00:00,1,0.007571465381740883,1
2010-11-03 00:00:00+00:00,2010-11-03 00:00:00+00:00,1,0.0010526310652576257,1
2010-11-04 00:00:00+00:00,2010-11-04 00:00:00+00:00,1,0.010713708066792138,1
2010-11-05 00:00:00+00:00,2010-11-05 00:00:00+00:00,1,0.0003064893306043651,1
2010-11-08 00:00:00+00:00,2010-11-08 00:00:00+00:00,1,-0.0026867600827274792,1
2010-11-09 00:00:00+00:00,2010-11-09 00:00:00+00:00,1,0.0030010779118954892,1
2010-11-10 00:00:00+00:00,2010-11-10 00:00:00+00:00,1,0.00023130419562014144,1
2010-11-11 00:00:00+00:00,2010-11-11 00:00:00+00:00,1,-0.01213863677198227,1
2010-11-12 00:00:00+00:00,2010-11-12 00:00:00+00:00,1,-0.006293472467319794,1
2010-11-15 00:00:00+00:00,2010-11-15 00:00:00+00:00,1,0.003851845555541822,1
2010-11-16 00:00:00+00:00,2010-11-16 00:00:00+00:00,1,-0.006919511344210738,1
2010-11-17 00:00:00+00:00,2010-11-17 00:00:00+00:00,1,0.00020323938844176744,1
2010-11-18 00:00:00+00:00,2010-11-18 00:00:00+00:00,1,0.009947991781083377,1
2010-11-19 00:00:00+00:00,2010-11-19 00:00:00+00:00,1,-0.001217591145949248,1
2010-11-22 00:00:00+00:00,2010-11-22 00:00:00+00:00,1,-0.004795326743888361,1
2010-11-23 00:00:00+00:00,2010-11-23 00:00:00+00:00,1,-0.011310148679153009,1
2010-11-24 00:00:00+00:00,2010-11-24 00:00:00+00:00,1,0.007762879809720869,1
2010-11-26 00:00:00+00:00,2010-11-26 00:00:00+00:00,1,-0.007826192655884722,1
2010-11-29 00:00:00+00:00,2010-11-29 00:00:00+00:00,1,-0.0022258862364568973,1
2010-11-30 00:00:00+00:00,2010-11-30 00:00:00+00:00,1,-0.010466667745148072,1
2010-12-01 00:00:00+00:00,2010-12-01 00:00:00+00:00,1,0.014307169236135254,1
2010-12-02 00:00:00+00:00,2010-12-02 00:00:00+00:00,1,0.0012369723713015705,1
2010-12-03 00:00:00+00:00,2010-12-03 00:00:00+00:00,1,-0.004153799139768577,1
2010-12-06 00:00:00+00:00,2010-12-06 00:00:00+00:00,1,-0.0012650613060399604,1
2010-12-07 00:00:00+00:00,2010-12-07 00:00:00+00:00,1,0.010541152728202741,1
2010-12-08 00:00:00+00:00,2010-12-08 00:00:00+00:00,1,0.0016099762943590726,1
2010-12-09 00:00:00+00:00,2010-12-09 00:00:00+00:00,1,0.005549380090231615,1
2010-12-10 00:00:00+00:00,2010-12-10 00:00:00+00:00,1,0.0027132174863729545,1
2010-12-13 00:00:00+00:00,2010-12-13 00:00:00+00:00,1,0.00391652936029715,1
2010-12-14 00:00:00+00:00,2010-12-14 00:00:00+00:00,1,0.0017518430926789178,1
2010-12-15 00:00:00+00:00,2010-12-15 00:00:00+00:00,1,-0.0014981201629343573,1
2010-12-16 00:00:00+00:00,2010-12-16 00:00:00+00:00,1,0.00048389824453595216,1
2010-12-17 00:00:00+00:00,2010-12-17 00:00:00+00:00,1,-2.635685633426392e-05,1
2010-12-20 00:00:00+00:00,2010-12-20 00:00:00+00:00,1,0.001984899458359302,1
2010-12-21 00:00:00+00:00,2010-12-21 00:00:00+00:00,1,0.0031894296865465303,1
2010-12-22 00:00:00+00:00,2010-12-22 00:00:00+00:00,1,-0.00012328624525196312,1
2010-12-23 00:00:00+00:00,2010-12-23 00:00:00+00:00,1,-0.0017676240303266862,1
2010-12-27 00:00:00+00:00,2010-12-27 00:00:00+00:00,1,-0.0036322086046153054,1
2010-12-28 00:00:00+00:00,2010-12-28 00:00:00+00:00,1,0.0016987982637228453,1
2010-12-29 00:00:00+00:00,2010-12-29 00:00:00+00:00,1,0.0016679303722720532,1
2010-12-30 00:00:00+00:00,2010-12-30 00:00:00+00:00,1,-0.000776378517040854,1
2010-12-31 00:00:00+00:00,2010-12-31 00:00:00+00:00,1,-0.0016960493393647132,1
2011-01-03 00:00:00+00:00,2011-01-03 00:00:00+00:00,1,0.008199549247183436,1
2011-01-04 00:00:00+00:00,2011-01-04 00:00:00+00:00,1,0.002609482710068412,1
2011-01-05 00:00:00+00:00,2011-01-05 00:00:00+00:00,1,-0.0034125876840699117,1
2011-01-06 00:00:00+00:00,2011-01-06 00:00:00+00:00,1,0.0004340789387966229,1
2011-01-07 00:00:00+00:00,2011-01-07 00:00:00+00:00,1,0.0012614560615726526,1
2011-01-10 00:00:00+00:00,2011-01-10 00:00:00+00:00,1,-0.003576568886849185,1
2011-01-11 00:00:00+00:00,2011-01-11 00:00:00+00:00,1,0.003562331967834809,1
2011-01-12 00:00:00+00:00,2011-01-12 00:00:00+00:00,1,0.005164169643180861,1
2011-01-13 00:00:00+00:00,2011-01-13 00:00:00+00:00,1,0.0002482164506968035,1
2011-01-14 00:00:00+00:00,2011-01-14 00:00:00+00:00,1,-0.000824701143301498,1
2011-01-18 00:00:00+00:00,2011-01-18 00:00:00+00:00,1,-0.004535855760601981,1
2011-01-19 00:00:00+00:00,2011-01-19 00:00:00+00:00,1,0.0001501942824762795,1
2011-01-20 00:00:00+00:00,2011-01-20 00:00:00+00:00,1,-0.003554249908501705,1
2011-01-21 00:00:00+00:00,2011-01-21 00:00:00+00:00,1,0.005318218584253154,1
2011-01-24 00:00:00+00:00,2011-01-24 00:00:00+00:00,1,0.00037611581151266756,1
2011-01-25 00:00:00+00:00,2011-01-25 00:00:00+00:00,1,-0.004096850770171167,1
2011-01-26 00:00:00+00:00,2011-01-26 00:00:00+00:00,1,0.0016461962228172203,1
2011-01-27 00:00:00+00:00,2011-01-27 00:00:00+00:00,1,0.001399365235782624,1
2011-01-28 00:00:00+00:00,2011-01-28 00:00:00+00:00,1,0.00018940495767191286,1
2011-01-31 00:00:00+00:00,2011-01-31 00:00:00+00:00,1,0.001787950858871479,1
2011-02-01 00:00:00+00:00,2011-02-01 00:00:00+00:00,1,0.006481015663548273,1
2011-02-02 00:00:00+00:00,2011-02-02 00:00:00+00:00,1,-0.0026520738561529363,1
2011-02-03 00:00:00+00:00,2011-02-03 00:00:00+00:00,1,-0.0021470091445869085,1
2011-02-04 00:00:00+00:00,2011-02-04 00:00:00+00:00,1,-0.00019653942739187273,1
2011-02-07 00:00:00+00:00,2011-02-07 00:00:00+00:00,1,0.0017640071581083942,1
2011-02-08 00:00:00+00:00,2011-02-08 00:00:00+00:00,1,0.0003284119181232395,1
2011-02-09 00:00:00+00:00,2011-02-09 00:00:00+00:00,1,-0.0024334637266045563,1
2011-02-10 00:00:00+00:00,2011-02-10 00:00:00+00:00,1,-0.006112396632889127,1
2011-02-11 00:00:00+00:00,2011-02-11 00:00:00+00:00,1,-0.0037297709448798396,1
2011-02-14 00:00:00+00:00,2011-02-14 00:00:00+00:00,1,-0.0006008498970659689,1
2011-02-15 00:00:00+00:00,2011-02-15 00:00:00+00:00,1,-0.0030311892697052253,1
2011-02-16 00:00:00+00:00,2011-02-16 00:00:00+00:00,1,0.0026735832322740353,1
2011-02-17 00:00:00+00:00,2011-02-17 00:00:00+00:00,1,-0.004219393498980128,1
2011-02-18 00:00:00+00:00,2011-02-18 00:00:00+00:00,1,0.00014684913254006145,1
2011-02-22 00:00:00+00:00,2011-02-22 00:00:00+00:00,1,-0.012351026041493162,1
2011-02-23 00:00:00+00:00,2011-02-23 00:00:00+00:00,1,-0.000603572644681338,1
2011-02-24 00:00:00+00:00,2011-02-24 00:00:00+00:00,1,0.00022657002277334278,1
2011-02-25 00:00:00+00:00,2011-02-25 00:00:00+00:00,1,0.004614111903368212,1
2011-02-28 00:00:00+00:00,2011-02-28 00:00:00+00:00,1,0.0035462720080525426,1
2011-03-01 00:00:00+00:00,2011-03-01 00:00:00+00:00,1,0.0034410590266354627,1
2011-03-02 00:00:00+00:00,2011-03-02 00:00:00+00:00,1,-0.0012512169246880252,1
2011-03-03 00:00:00+00:00,2011-03-03 00:00:00+00:00,1,0.008872229398259013,1
2011-03-04 00:00:00+00:00,2011-03-04 00:00:00+00:00,1,-0.0008461306718109182,1
2011-03-07 00:00:00+00:00,2011-03-07 00:00:00+00:00,1,0.00324217373757848,1
2011-03-08 00:00:00+00:00,2011-03-08 00:00:00+00:00,1,-0.00011338808355157963,1
2011-03-09 00:00:00+00:00,2011-03-09 00:00:00+00:00,1,-0.003108707835327162,1
2011-03-10 00:00:00+00:00,2011-03-10 00:00:00+00:00,1,-0.011160947589655778,1
2011-03-11 00:00:00+00:00,2011-03-11 00:00:00+00:00,1,-0.00476601971186783,1
2011-03-14 00:00:00+00:00,2011-03-14 00:00:00+00:00,1,-0.006292209198877496,1
2011-03-15 00:00:00+00:00,2011-03-15 00:00:00+00:00,1,-0.028258632442995847,1
2011-03-16 00:00:00+00:00,2011-03-16 00:00:00+00:00,1,-0.006039611599322458,1
2011-03-17 00:00:00+00:00,2011-03-17 00:00:00+00:00,1,0.014852548415495182,1
2011-03-18 00:00:00+00:00,2011-03-18 00:00:00+00:00,1,0.01168854740322397,1
2011-03-21 00:00:00+00:00,2011-03-21 00:00:00+00:00,1,0.013544564775013946,1
2011-03-22 00:00:00+00:00,2011-03-22 00:00:00+00:00,1,0.00034327922612694713,1
2011-03-23 00:00:00+00:00,2011-03-23 00:00:00+00:00,1,-0.003497182738159998,1
2011-03-24 00:00:00+00:00,2011-03-24 00:00:00+00:00,1,0.0063233886564681655,1
2011-03-25 00:00:00+00:00,2011-03-25 00:00:00+00:00,1,0.0025857644787531057,1
2011-03-28 00:00:00+00:00,2011-03-28 00:00:00+00:00,1,0.0029653239008461067,1
2011-03-29 00:00:00+00:00,2011-03-29 00:00:00+00:00,1,-0.0018695741439937238,1
2011-03-30 00:00:00+00:00,2011-03-30 00:00:00+00:00,1,0.004768999489520998,1
2011-03-31 00:00:00+00:00,2011-03-31 00:00:00+00:00,1,-0.001811997899551809,1
2011-04-01 00:00:00+00:00,2011-04-01 00:00:00+00:00,1,0.005317062221843661,1
2011-04-04 00:00:00+00:00,2011-04-04 00:00:00+00:00,1,0.002143842914953476,1
2011-04-05 00:00:00+00:00,2011-04-05 00:00:00+00:00,1,-0.002235797808574502,1
2011-04-06 00:00:00+00:00,2011-04-06 00:00:00+00:00,1,0.005953207009805917,1
2011-04-07 00:00:00+00:00,2011-04-07 00:00:00+00:00,1,-0.0013724167636742553,1
2011-04-08 00:00:00+00:00,2011-04-08 00:00:00+00:00,1,0.004184506833438817,1
2011-04-11 00:00:00+00:00,2011-04-11 00:00:00+00:00,1,0.0021583447707930973,1
2011-04-12 00:00:00+00:00,2011-04-12 00:00:00+00:00,1,-0.005383653455393855,1
2011-04-13 00:00:00+00:00,2011-04-13 00:00:00+00:00,1,0.005745135051237827,1
2011-04-14 00:00:00+00:00,2011-04-14 00:00:00+00:00,1,-0.006620581951496373,1
2011-04-15 00:00:00+00:00,2011-04-15 00:00:00+00:00,1,-0.0013261151704680226,1
2011-04-18 00:00:00+00:00,2011-04-18 00:00:00+00:00,1,-0.010821855056054075,1
2011-04-19 00:00:00+00:00,2011-04-19 00:00:00+00:00,1,0.0017996498397169994,1
2011-04-20 00:00:00+00:00,2011-04-20 00:00:00+00:00,1,0.01451209382803006,1
2011-04-21 00:00:00+00:00,2011-04-21 00:00:00+00:00,1,0.00712925364517566,1
2011-04-25 00:00:00+00:00,2011-04-25 00:00:00+00:00,1,-0.00024504661490229977,1
2011-04-26 00:00:00+00:00,2011-04-26 00:00:00+00:00,1,0.0025162092179949695,1
2011-04-27 00:00:00+00:00,2011-04-27 00:00:00+00:00,1,0.0015996229557538547,1
2011-04-28 00:00:00+00:00,2011-04-28 00:00:00+00:00,1,-0.002704323710792744,1
2011-04-29 00:00:00+00:00,2011-04-29 00:00:00+00:00,1,-0.0010465642213141942,1
2011-05-02 00:00:00+00:00,2011-05-02 00:00:00+00:00,1,0.0028072982781849,1
2011-05-03 00:00:00+00:00,2011-05-03 00:00:00+00:00,1,-0.0015086806291948248,1
2011-05-04 00:00:00+00:00,2011-05-04 00:00:00+00:00,1,-0.00026550345966417336,1
2011-05-05 00:00:00+00:00,2011-05-05 00:00:00+00:00,1,-0.005555702473597135,1
2011-05-06 00:00:00+00:00,2011-05-06 00:00:00+00:00,1,0.009653272169592187,1
2011-05-09 00:00:00+00:00,2011-05-09 00:00:00+00:00,1,0.0005179045556939158,1
2011-05-10 00:00:00+00:00,2011-05-10 00:00:00+00:00,1,0.002818305186025072,1
2011-05-11 00:00:00+00:00,2011-05-11 00:00:00+00:00,1,-0.0017960021161771197,1
2011-05-12 00:00:00+00:00,2011-05-12 00:00:00+00:00,1,-0.0031705572851082105,1
2011-05-13 00:00:00+00:00,2011-05-13 00:00:00+00:00,1,-0.00122490952104457,1
2011-05-16 00:00:00+00:00,2011-05-16 00:00:00+00:00,1,-0.004401924705960769,1
2011-05-17 00:00:00+00:00,2011-05-17 00:00:00+00:00,1,-0.004790221317520193,1
2011-05-18 00:00:00+00:00,2011-05-18 00:00:00+00:00,1,-0.0007321491626153583,1
2011-05-19 00:00:00+00:00,2011-05-19 00:00:00+00:00,1,0.0028879934252377896,1
2011-05-20 00:00:00+00:00,2011-05-20 00:00:00+00:00,1,-0.002114952639280831,1
2011-05-23 00:00:00+00:00,2011-05-23 00:00:00+00:00,1,-0.013237127642015822,1
2011-05-24 00:00:00+00:00,2011-05-24 00:00:00+00:00,1,0.002368514545368317,1
2011-05-25 00:00:00+00:00,2011-05-25 00:00:00+00:00,1,-0.0029271917850709813,1
2011-05-26 00:00:00+00:00,2011-05-26 00:00:00+00:00,1,-0.0031561420742803655,1
2011-05-27 00:00:00+00:00,2011-05-27 00:00:00+00:00,1,0.0019661150875173953,1
2011-05-31 00:00:00+00:00,2011-05-31 00:00:00+00:00,1,0.009119877457755521,1
2011-06-01 00:00:00+00:00,2011-06-01 00:00:00+00:00,1,-0.0029449089119185975,1
2011-06-02 00:00:00+00:00,2011-06-02 00:00:00+00:00,1,0.0010047031843710367,1
2011-06-03 00:00:00+00:00,2011-06-03 00:00:00+00:00,1,-0.01206503017643954,1
2011-06-06 00:00:00+00:00,2011-06-06 00:00:00+00:00,1,-0.002718871683314616,1
2011-06-07 00:00:00+00:00,2011-06-07 00:00:00+00:00,1,0.0035993723907631007,1
2011-06-08 00:00:00+00:00,2011-06-08 00:00:00+00:00,1,-0.002151269546257861,1
2011-06-09 00:00:00+00:00,2011-06-09 00:00:00+00:00,1,0.001243670969789579,1
2011-06-10 00:00:00+00:00,2011-06-10 00:00:00+00:00,1,-0.004768289078873089,1
2011-06-13 00:00:00+00:00,2011-06-13 00:00:00+00:00,1,0.001111103073736042,1
2011-06-14 00:00:00+00:00,2011-06-14 00:00:00+00:00,1,0.008124399262911497,1
2011-06-15 00:00:00+00:00,2011-06-15 00:00:00+00:00,1,-0.009264171209071559,1
2011-06-16 00:00:00+00:00,2011-06-16 00:00:00+00:00,1,0.00013371437335759658,1
2011-06-17 00:00:00+00:00,2011-06-17 00:00:00+00:00,1,0.008751917051291714,1
2011-06-20 00:00:00+00:00,2011-06-20 00:00:00+00:00,1,-0.003386566249918099,1
2011-06-21 00:00:00+00:00,2011-06-21 00:00:00+00:00,1,0.004041046334779053,1
2011-06-22 00:00:00+00:00,2011-06-22 00:00:00+00:00,1,-0.003927030189758296,1
2011-06-23 00:00:00+00:00,2011-06-23 00:00:00+00:00,1,-0.01154809446248537,1
2011-06-24 00:00:00+00:00,2011-06-24 00:00:00+00:00,1,-0.0027657331446905627,1
2011-06-27 00:00:00+00:00,2011-06-27 00:00:00+00:00,1,0.0005670329299904634,1
2011-06-28 00:00:00+00:00,2011-06-28 00:00:00+00:00,1,0.002779169271182236,1
2011-06-29 00:00:00+00:00,2011-06-29 00:00:00+00:00,1,0.0031349950018285336,1
2011-06-30 00:00:00+00:00,2011-06-30 00:00:00+00:00,1,0.0030829301585572847,1
2011-07-01 00:00:00+00:00,2011-07-01 00:00:00+00:00,1,0.0004174794065197832,1
2011-07-05 00:00:00+00:00,2011-07-05 00:00:00+00:00,1,-0.00030469169056699356,1
2011-07-06 00:00:00+00:00,2011-07-06 00:00:00+00:00,1,-0.0020971650020444096,1
2011-07-07 00:00:00+00:00,2011-07-07 00:00:00+00:00,1,0.007909248418727944,1
2011-07-08 00:00:00+00:00,2011-07-08 00:00:00+00:00,1,-0.010259641087495974,1
2011-07-11 00:00:00+00:00,2011-07-11 00:00:00+00:00,1,-0.011689968396874006,1
2011-07-12 00:00:00+00:00,2011-07-12 00:00:00+00:00,1,-0.0014472050567516988,1
2011-07-13 00:00:00+00:00,2011-07-13 00:00:00+00:00,1,0.0059765242250557574,1
2011-07-14 00:00:00+00:00,2011-07-14 00:00:00+00:00,1,0.002249877518077337,1
2011-07-15 00:00:00+00:00,2011-07-15 00:00:00+00:00,1,0.008092961897597529,1
2011-07-18 00:00:00+00:00,2011-07-18 00:00:00+00:00,1,-0.005381640752294114,1
2011-07-19 00:00:00+00:00,2011-07-19 00:00:00+00:00,1,0.007273905033044004,1
2011-07-20 00:00:00+00:00,2011-07-20 00:00:00+00:00,1,0.003784353712778821,1
2011-07-21 00:00:00+00:00,2011-07-21 00:00:00+00:00,1,0.0030394058804150362,1
2011-07-22 00:00:00+00:00,2011-07-22 00:00:00+00:00,1,-0.00044315728429481475,1
2011-07-25 00:00:00+00:00,2011-07-25 00:00:00+00:00,1,-0.008998319487133177,1
2011-07-26 00:00:00+00:00,2011-07-26 00:00:00+00:00,1,-0.0009724133949810861,1
2011-07-27 00:00:00+00:00,2011-07-27 00:00:00+00:00,1,-0.006345345293601678,1
2011-07-28 00:00:00+00:00,2011-07-28 00:00:00+00:00,1,-4.192461263178264e-05,1
2011-07-29 00:00:00+00:00,2011-07-29 00:00:00+00:00,1,-0.00936849276319388,1
2011-08-01 00:00:00+00:00,2011-08-01 00:00:00+00:00,1,0.011572482420142605,1
2011-08-02 00:00:00+00:00,2011-08-02 00:00:00+00:00,1,-0.006404647446434852,1
2011-08-03 00:00:00+00:00,2011-08-03 00:00:00+00:00,1,0.0009993948833817105,1
2011-08-04 00:00:00+00:00,2011-08-04 00:00:00+00:00,1,-0.01436410024261101,1
2011-08-05 00:00:00+00:00,2011-08-05 00:00:00+00:00,1,0.011012953716002494,1
2011-08-08 00:00:00+00:00,2011-08-08 00:00:00+00:00,1,-0.02882515780289816,1
2011-08-09 00:00:00+00:00,2011-08-09 00:00:00+00:00,1,0.015272593751952302,1
2011-08-10 00:00:00+00:00,2011-08-10 00:00:00+00:00,1,-0.021062464824646722,1
2011-08-11 00:00:00+00:00,2011-08-11 00:00:00+00:00,1,0.011195529942956884,1
2011-08-12 00:00:00+00:00,2011-08-12 00:00:00+00:00,1,0.00736701491064592,1
2011-08-15 00:00:00+00:00,2011-08-15 00:00:00+00:00,1,0.006282737616184331,1
2011-08-16 00:00:00+00:00,2011-08-16 00:00:00+00:00,1,-0.009941886822829182,1
2011-08-17 00:00:00+00:00,2011-08-17 00:00:00+00:00,1,0.003108843361604075,1
2011-08-18 00:00:00+00:00,2011-08-18 00:00:00+00:00,1,-0.027075795230042922,1
2011-08-19 00:00:00+00:00,2011-08-19 00:00:00+00:00,1,-0.012269294343654457,1
2011-08-22 00:00:00+00:00,2011-08-22 00:00:00+00:00,1,0.022922932022396002,1
2011-08-23 00:00:00+00:00,2011-08-23 00:00:00+00:00,1,0.004948829226513263,1
2011-08-24 00:00:00+00:00,2011-08-24 00:00:00+00:00,1,-0.002808051871726258,1
2011-08-25 00:00:00+00:00,2011-08-25 00:00:00+00:00,1,0.0021675928195737607,1
2011-08-26 00:00:00+00:00,2011-08-26 00:00:00+00:00,1,-0.004476822898799615,1
2011-08-29 00:00:00+00:00,2011-08-29 00:00:00+00:00,1,0.011426769225987366,1
2011-08-30 00:00:00+00:00,2011-08-30 00:00:00+00:00,1,-0.004314732758767514,1
2011-08-31 00:00:00+00:00,2011-08-31 00:00:00+00:00,1,0.005906729899829178,1
2011-09-01 00:00:00+00:00,2011-09-01 00:00:00+00:00,1,0.0012576358512274791,1
2011-09-02 00:00:00+00:00,2011-09-02 00:00:00+00:00,1,-0.019699374312453867,1
2011-09-06 00:00:00+00:00,2011-09-06 00:00:00+00:00,1,-0.026616287544161878,1
2011-09-07 00:00:00+00:00,2011-09-07 00:00:00+00:00,1,0.014395471553508144,1
2011-09-08 00:00:00+00:00,2011-09-08 00:00:00+00:00,1,-0.005854707092449762,1
2011-09-09 00:00:00+00:00,2011-09-09 00:00:00+00:00,1,-0.00950580215799588,1
2011-09-12 00:00:00+00:00,2011-09-12 00:00:00+00:00,1,-0.012101516176460192,1
2011-09-13 00:00:00+00:00,2011-09-13 00:00:00+00:00,1,0.003185192979359675,1
2011-09-14 00:00:00+00:00,2011-09-14 00:00:00+00:00,1,0.004813007336307152,1
2011-09-15 00:00:00+00:00,2011-09-15 00:00:00+00:00,1,0.010480623412775192,1
2011-09-16 00:00:00+00:00,2011-09-16 00:00:00+00:00,1,0.0028129166417009913,1
2011-09-19 00:00:00+00:00,2011-09-19 00:00:00+00:00,1,-0.01467296161910856,1
2011-09-20 00:00:00+00:00,2011-09-20 00:00:00+00:00,1,0.004380966216681792,1
2011-09-21 00:00:00+00:00,2011-09-21 00:00:00+00:00,1,0.002522623368561428,1
2011-09-22 00:00:00+00:00,2011-09-22 00:00:00+00:00,1,-0.02752034944830343,1
2011-09-23 00:00:00+00:00,2011-09-23 00:00:00+00:00,1,-0.007822330070956595,1
2011-09-26 00:00:00+00:00,2011-09-26 00:00:00+00:00,1,0.00690501903009807,1
2011-09-27 00:00:00+00:00,2011-09-27 00:00:00+00:00,1,0.018039188728119125,1
2011-09-28 00:00:00+00:00,2011-09-28 00:00:00+00:00,1,0.002888882815400529,1
2011-09-29 00:00:00+00:00,2011-09-29 00:00:00+00:00,1,0.015604705444171996,1
2011-09-30 00:00:00+00:00,2011-09-30 00:00:00+00:00,1,-0.01387509181290334,1
2011-10-03 00:00:00+00:00,2011-10-03 00:00:00+00:00,1,-0.0076939183634820215,1
2011-10-04 00:00:00+00:00,2011-10-04 00:00:00+00:00,1,-0.012569972504317994,1
2011-10-05 00:00:00+00:00,2011-10-05 00:00:00+00:00,1,-0.0002994150929572001,1
2011-10-06 00:00:00+00:00,2011-10-06 00:00:00+00:00,1,-0.001216000584662846,1
2011-10-07 00:00:00+00:00,2011-10-07 00:00:00+00:00,1,0.0023430274900194895,1
2011-10-10 00:00:00+00:00,2011-10-10 00:00:00+00:00,1,0.016719979493783753,1
2011-10-11 00:00:00+00:00,2011-10-11 00:00:00+00:00,1,-0.004609148725452627,1
2011-10-12 00:00:00+00:00,2011-10-12 00:00:00+00:00,1,0.008253686875006905,1
2011-10-13 00:00:00+00:00,2011-10-13 00:00:00+00:00,1,-0.004211897908702944,1
2011-10-14 00:00:00+00:00,2011-10-14 00:00:00+00:00,1,0.011636051929641756,1
2011-10-17 00:00:00+00:00,2011-10-17 00:00:00+00:00,1,-0.004986401884666791,1
2011-10-18 00:00:00+00:00,2011-10-18 00:00:00+00:00,1,-0.001459970730612747,1
2011-10-19 00:00:00+00:00,2011-10-19 00:00:00+00:00,1,-0.00387492669517373,1
2011-10-20 00:00:00+00:00,2011-10-20 00:00:00+00:00,1,0.0008506949854128146,1
2011-10-21 00:00:00+00:00,2011-10-21 00:00:00+00:00,1,0.010878162093115396,1
2011-10-24 00:00:00+00:00,2011-10-24 00:00:00+00:00,1,0.0023391359390086634,1
2011-10-25 00:00:00+00:00,2011-10-25 00:00:00+00:00,1,-0.004314814313877346,1
2011-10-26 00:00:00+00:00,2011-10-26 00:00:00+00:00,1,0.0077725131781685945,1
2011-10-27 00:00:00+00:00,2011-10-27 00:00:00+00:00,1,0.02505614119268359,1
2011-10-28 00:00:00+00:00,2011-10-28 00:00:00+00:00,1,-0.005552865148022923,1
2011-10-31 00:00:00+00:00,2011-10-31 00:00:00+00:00,1,-0.010225079289894723,1
2011-11-01 00:00:00+00:00,2011-11-01 00:00:00+00:00,1,-0.026462912645048665,1
2011-11-02 00:00:00+00:00,2011-11-02 00:00:00+00:00,1,0.012426742332787255,1
2011-11-03 00:00:00+00:00,2011-11-03 00:00:00+00:00,1,0.008814398220420372,1
2011-11-04 00:00:00+00:00,2011-11-04 00:00:00+00:00,1,-0.006748939239224183,1
2011-11-07 00:00:00+00:00,2011-11-07 00:00:00+00:00,1,-0.0010047518589413103,1
2011-11-08 00:00:00+00:00,2011-11-08 00:00:00+00:00,1,0.005921310856016071,1
2011-11-09 00:00:00+00:00,2011-11-09 00:00:00+00:00,1,-0.02167131622430061,1
2011-11-10 00:00:00+00:00,2011-11-10 00:00:00+00:00,1,0.011245984579898083,1
2011-11-11 00:00:00+00:00,2011-11-11 00:00:00+00:00,1,0.01008810658459055,1
2011-11-14 00:00:00+00:00,2011-11-14 00:00:00+00:00,1,-0.0035383364901575894,1
2011-11-15 00:00:00+00:00,2011-11-15 00:00:00+00:00,1,-0.002933943052918586,1
2011-11-16 00:00:00+00:00,2011-11-16 00:00:00+00:00,1,-0.008949559909445659,1
2011-11-17 00:00:00+00:00,2011-11-17 00:00:00+00:00,1,-0.0025385321116824008,1
2011-11-18 00:00:00+00:00,2011-11-18 00:00:00+00:00,1,0.0013864824492940356,1
2011-11-21 00:00:00+00:00,2011-11-21 00:00:00+00:00,1,-0.014365122387381057,1
2011-11-22 00:00:00+00:00,2011-11-22 00:00:00+00:00,1,-0.002674696784207486,1
2011-11-23 00:00:00+00:00,2011-11-23 00:00:00+00:00,1,-0.008758410733733379,1
2011-11-25 00:00:00+00:00,2011-11-25 00:00:00+00:00,1,-0.0032304190833058796,1
2011-11-28 00:00:00+00:00,2011-11-28 00:00:00+00:00,1,0.02565047435177955,1
2011-11-29 00:00:00+00:00,2011-11-29 00:00:00+00:00,1,0.0008458922242163495,1
2011-11-30 00:00:00+00:00,2011-11-30 00:00:00+00:00,1,0.027635154116120907,1
2011-12-01 00:00:00+00:00,2011-12-01 00:00:00+00:00,1,-0.0009487829014132917,1
2011-12-02 00:00:00+00:00,2011-12-02 00:00:00+00:00,1,0.009232759412168024,1
2011-12-05 00:00:00+00:00,2011-12-05 00:00:00+00:00,1,0.015134915282748096,1
2011-12-06 00:00:00+00:00,2011-12-06 00:00:00+00:00,1,9.717347396711625e-05,1
2011-12-07 00:00:00+00:00,2011-12-07 00:00:00+00:00,1,-0.0033649013059725338,1
2011-12-08 00:00:00+00:00,2011-12-08 00:00:00+00:00,1,-0.006815583841789851,1
2011-12-09 00:00:00+00:00,2011-12-09 00:00:00+00:00,1,0.0032058334321823593,1
2011-12-12 00:00:00+00:00,2011-12-12 00:00:00+00:00,1,-0.009924327816421307,1
2011-12-13 00:00:00+00:00,2011-12-13 00:00:00+00:00,1,0.0055977694251127755,1
2011-12-14 00:00:00+00:00,2011-12-14 00:00:00+00:00,1,-0.004174031573697312,1
2011-12-15 00:00:00+00:00,2011-12-15 00:00:00+00:00,1,0.009279294465175026,1
2011-12-16 00:00:00+00:00,2011-12-16 00:00:00+00:00,1,0.005742909968829058,1
2011-12-19 00:00:00+00:00,2011-12-19 00:00:00+00:00,1,0.0035467758278631915,1
2011-12-20 00:00:00+00:00,2011-12-20 00:00:00+00:00,1,0.015656291846517366,1
2011-12-21 00:00:00+00:00,2011-12-21 00:00:00+00:00,1,-0.0032504126148141573,1
2011-12-22 00:00:00+00:00,2011-12-22 00:00:00+00:00,1,0.002640468003003516,1
2011-12-23 00:00:00+00:00,2011-12-23 00:00:00+00:00,1,0.0022859551591856934,1
2011-12-27 00:00:00+00:00,2011-12-27 00:00:00+00:00,1,-0.00153609677061981,1
2011-12-28 00:00:00+00:00,2011-12-28 00:00:00+00:00,1,-0.0008433155558355328,1
2011-12-29 00:00:00+00:00,2011-12-29 00:00:00+00:00,1,0.002151623723257912,1
2011-12-30 00:00:00+00:00,2011-12-30 00:00:00+00:00,1,-0.00176816433779684,1
2012-01-03 00:00:00+00:00,2012-01-03 00:00:00+00:00,1,0.018376146537029202,1
2012-01-04 00:00:00+00:00,2012-01-04 00:00:00+00:00,1,-0.0022671935881820367,1
2012-01-05 00:00:00+00:00,2012-01-05 00:00:00+00:00,1,-0.004051702023015391,1
2012-01-06 00:00:00+00:00,2012-01-06 00:00:00+00:00,1,0.0004117330850500148,1
2012-01-09 00:00:00+00:00,2012-01-09 00:00:00+00:00,1,0.002132500422611006,1
2012-01-10 00:00:00+00:00,2012-01-10 00:00:00+00:00,1,0.010343941048936734,1
2012-01-11 00:00:00+00:00,2012-01-11 00:00:00+00:00,1,-0.0019348209488740716,1
2012-01-12 00:00:00+00:00,2012-01-12 00:00:00+00:00,1,0.0022496828396212035,1
2012-01-13 00:00:00+00:00,2012-01-13 00:00:00+00:00,1,-0.006313412597738021,1
2012-01-17 00:00:00+00:00,2012-01-17 00:00:00+00:00,1,0.008895113889647444,1
2012-01-18 00:00:00+00:00,2012-01-18 00:00:00+00:00,1,0.0005208636503876932,1
2012-01-19 00:00:00+00:00,2012-01-19 00:00:00+00:00,1,0.0036897972854113784,1
2012-01-20 00:00:00+00:00,2012-01-20 00:00:00+00:00,1,-0.003308743412356296,1
2012-01-23 00:00:00+00:00,2012-01-23 00:00:00+00:00,1,-0.0018835307468952674,1
2012-01-24 00:00:00+00:00,2012-01-24 00:00:00+00:00,1,-0.005635078514807134,1
2012-01-25 00:00:00+00:00,2012-01-25 00:00:00+00:00,1,0.003798509141528761,1
2012-01-26 00:00:00+00:00,2012-01-26 00:00:00+00:00,1,0.00407660168184284,1
2012-01-27 00:00:00+00:00,2012-01-27 00:00:00+00:00,1,-0.0038059511590069813,1
2012-01-30 00:00:00+00:00,2012-01-30 00:00:00+00:00,1,-0.009490734792905997,1
2012-01-31 00:00:00+00:00,2012-01-31 00:00:00+00:00,1,0.004655428874825474,1
2012-02-01 00:00:00+00:00,2012-02-01 00:00:00+00:00,1,0.0062843076745674135,1
2012-02-02 00:00:00+00:00,2012-02-02 00:00:00+00:00,1,0.0023199143634557665,1
2012-02-03 00:00:00+00:00,2012-02-03 00:00:00+00:00,1,0.009330485790960375,1
2012-02-06 00:00:00+00:00,2012-02-06 00:00:00+00:00,1,-0.004234255325004632,1
2012-02-07 00:00:00+00:00,2012-02-07 00:00:00+00:00,1,-0.0017447437079170843,1
2012-02-08 00:00:00+00:00,2012-02-08 00:00:00+00:00,1,4.064189354188204e-05,1
2012-02-09 00:00:00+00:00,2012-02-09 00:00:00+00:00,1,0.002434764810018109,1
2012-02-10 00:00:00+00:00,2012-02-10 00:00:00+00:00,1,-0.008309251600020584,1
2012-02-13 00:00:00+00:00,2012-02-13 00:00:00+00:00,1,0.007034405141972367,1
2012-02-14 00:00:00+00:00,2012-02-14 00:00:00+00:00,1,-0.002739962047424915,1
2012-02-15 00:00:00+00:00,2012-02-15 00:00:00+00:00,1,0.003700363621754821,1
2012-02-16 00:00:00+00:00,2012-02-16 00:00:00+00:00,1,-0.0001036822441213056,1
2012-02-17 00:00:00+00:00,2012-02-17 00:00:00+00:00,1,0.0015058106847856915,1
2012-02-21 00:00:00+00:00,2012-02-21 00:00:00+00:00,1,0.0014247816962200347,1
2012-02-22 00:00:00+00:00,2012-02-22 00:00:00+00:00,1,-0.002012684840627421,1
2012-02-23 00:00:00+00:00,2012-02-23 00:00:00+00:00,1,7.464415985116742e-05,1
2012-02-24 00:00:00+00:00,2012-02-24 00:00:00+00:00,1,0.002209804614649114,1
2012-02-27 00:00:00+00:00,2012-02-27 00:00:00+00:00,1,-0.006358879035451936,1
2012-02-28 00:00:00+00:00,2012-02-28 00:00:00+00:00,1,0.000314125552282796,1
2012-02-29 00:00:00+00:00,2012-02-29 00:00:00+00:00,1,0.0008130807807970823,1
2012-03-01 00:00:00+00:00,2012-03-01 00:00:00+00:00,1,0.002621466742011436,1
2012-03-02 00:00:00+00:00,2012-03-02 00:00:00+00:00,1,-0.0013200878354634234,1
2012-03-05 00:00:00+00:00,2012-03-05 00:00:00+00:00,1,-0.0013727748296376904,1
2012-03-06 00:00:00+00:00,2012-03-06 00:00:00+00:00,1,-0.010325473716153421,1
2012-03-07 00:00:00+00:00,2012-03-07 00:00:00+00:00,1,0.0032101985417386184,1
2012-03-08 00:00:00+00:00,2012-03-08 00:00:00+00:00,1,0.005724346714822992,1
2012-03-09 00:00:00+00:00,2012-03-09 00:00:00+00:00,1,0.001497711915781708,1
2012-03-12 00:00:00+00:00,2012-03-12 00:00:00+00:00,1,-0.0005263010284463406,1
2012-03-13 00:00:00+00:00,2012-03-13 00:00:00+00:00,1,0.0050795530416985705,1
2012-03-14 00:00:00+00:00,2012-03-14 00:00:00+00:00,1,0.0003711052631700465,1
2012-03-15 00:00:00+00:00,2012-03-15 00:00:00+00:00,1,0.0019541994193554516,1
2012-03-16 00:00:00+00:00,2012-03-16 00:00:00+00:00,1,0.0013804405130358414,1
2012-03-19 00:00:00+00:00,2012-03-19 00:00:00+00:00,1,0.00020597277125075116,1
2012-03-20 00:00:00+00:00,2012-03-20 00:00:00+00:00,1,-0.005752168610755481,1
2012-03-21 00:00:00+00:00,2012-03-21 00:00:00+00:00,1,5.9419773899194465e-05,1
2012-03-22 00:00:00+00:00,2012-03-22 00:00:00+00:00,1,-0.006952824506269528,1
2012-03-23 00:00:00+00:00,2012-03-23 00:00:00+00:00,1,0.0007283186921035138,1
2012-03-26 00:00:00+00:00,2012-03-26 00:00:00+00:00,1,0.00664158567287384,1
2012-03-27 00:00:00+00:00,2012-03-27 00:00:00+00:00,1,0.0005261548308150513,1
2012-03-28 00:00:00+00:00,2012-03-28 00:00:00+00:00,1,-0.00025496959605711937,1
2012-03-29 00:00:00+00:00,2012-03-29 00:00:00+00:00,1,-0.005756437315679186,1
2012-03-30 00:00:00+00:00,2012-03-30 00:00:00+00:00,1,0.004376309919902977,1
2012-04-02 00:00:00+00:00,2012-04-02 00:00:00+00:00,1,-0.0014217556701612618,1
2012-04-03 00:00:00+00:00,2012-04-03 00:00:00+00:00,1,-0.0005652895541597199,1
2012-04-04 00:00:00+00:00,2012-04-04 00:00:00+00:00,1,-0.007718660204616345,1
2012-04-05 00:00:00+00:00,2012-04-05 00:00:00+00:00,1,-0.002907430167695157,1
2012-04-09 00:00:00+00:00,2012-04-09 00:00:00+00:00,1,-0.012797063041685852,1
2012-04-10 00:00:00+00:00,2012-04-10 00:00:00+00:00,1,-0.0014999323525908045,1
2012-04-11 00:00:00+00:00,2012-04-11 00:00:00+00:00,1,0.009199237797527371,1
2012-04-12 00:00:00+00:00,2012-04-12 00:00:00+00:00,1,0.0011528036548916435,1
2012-04-13 00:00:00+00:00,2012-04-13 00:00:00+00:00,1,-0.0031638839787782366,1
2012-04-16 00:00:00+00:00,2012-04-16 00:00:00+00:00,1,0.00474501019021697,1
2012-04-17 00:00:00+00:00,2012-04-17 00:00:00+00:00,1,0.004721188528974374,1
2012-04-18 00:00:00+00:00,2012-04-18 00:00:00+00:00,1,-0.003951528320252451,1
2012-04-19 00:00:00+00:00,2012-04-19 00:00:00+00:00,1,-0.0020295964556175435,1
2012-04-20 00:00:00+00:00,2012-04-20 00:00:00+00:00,1,0.004647945288539146,1
2012-04-23 00:00:00+00:00,2012-04-23 00:00:00+00:00,1,-0.010130384884271015,1
2012-04-24 00:00:00+00:00,2012-04-24 00:00:00+00:00,1,-0.0007832149499783832,1
2012-04-25 00:00:00+00:00,2012-04-25 00:00:00+00:00,1,0.014930056795489166,1
2012-04-26 00:00:00+00:00,2012-04-26 00:00:00+00:00,1,-0.001453134798336175,1
2012-04-27 00:00:00+00:00,2012-04-27 00:00:00+00:00,1,0.0032930396852099645,1
2012-04-30 00:00:00+00:00,2012-04-30 00:00:00+00:00,1,-0.0027844850168045384,1
2012-05-01 00:00:00+00:00,2012-05-01 00:00:00+00:00,1,-0.0011100234375287284,1
2012-05-02 00:00:00+00:00,2012-05-02 00:00:00+00:00,1,-0.005680781566257653,1
2012-05-03 00:00:00+00:00,2012-05-03 00:00:00+00:00,1,6.930443026894635e-05,1
2012-05-04 00:00:00+00:00,2012-05-04 00:00:00+00:00,1,-0.007517819448056106,1
2012-05-07 00:00:00+00:00,2012-05-07 00:00:00+00:00,1,-0.005102235378275399,1
2012-05-08 00:00:00+00:00,2012-05-08 00:00:00+00:00,1,-0.006456358062516687,1
2012-05-09 00:00:00+00:00,2012-05-09 00:00:00+00:00,1,-0.01142129372245374,1
2012-05-10 00:00:00+00:00,2012-05-10 00:00:00+00:00,1,0.005416827690333326,1
2012-05-11 00:00:00+00:00,2012-05-11 00:00:00+00:00,1,-0.005138158972072293,1
2012-05-14 00:00:00+00:00,2012-05-14 00:00:00+00:00,1,-0.009378323128803078,1
2012-05-15 00:00:00+00:00,2012-05-15 00:00:00+00:00,1,0.0007017048286940501,1
2012-05-16 00:00:00+00:00,2012-05-16 00:00:00+00:00,1,0.0036856453069059273,1
2012-05-17 00:00:00+00:00,2012-05-17 00:00:00+00:00,1,-2.8307702957175147e-05,1
2012-05-18 00:00:00+00:00,2012-05-18 00:00:00+00:00,1,0.0031906498462191627,1
2012-05-21 00:00:00+00:00,2012-05-21 00:00:00+00:00,1,0.0023052997662302514,1
2012-05-22 00:00:00+00:00,2012-05-22 00:00:00+00:00,1,0.0024277921255608462,1
2012-05-23 00:00:00+00:00,2012-05-23 00:00:00+00:00,1,-0.008137033596754028,1
2012-05-24 00:00:00+00:00,2012-05-24 00:00:00+00:00,1,0.0017800847493506192,1
2012-05-25 00:00:00+00:00,2012-05-25 00:00:00+00:00,1,-5.576427397823976e-06,1
2012-05-29 00:00:00+00:00,2012-05-29 00:00:00+00:00,1,0.008384218034013203,1
2012-05-30 00:00:00+00:00,2012-05-30 00:00:00+00:00,1,-0.009097491283292769,1
2012-05-31 00:00:00+00:00,2012-05-31 00:00:00+00:00,1,-0.0011314264850089458,1
2012-06-01 00:00:00+00:00,2012-06-01 00:00:00+00:00,1,-0.017157988807162107,1
2012-06-04 00:00:00+00:00,2012-06-04 00:00:00+00:00,1,0.002004368054422912,1
2012-06-05 00:00:00+00:00,2012-06-05 00:00:00+00:00,1,-0.0030006063379635958,1
2012-06-06 00:00:00+00:00,2012-06-06 00:00:00+00:00,1,0.006949401210305484,1
2012-06-07 00:00:00+00:00,2012-06-07 00:00:00+00:00,1,0.010661701457607553,1
2012-06-08 00:00:00+00:00,2012-06-08 00:00:00+00:00,1,-0.0023905779439465143,1
2012-06-11 00:00:00+00:00,2012-06-11 00:00:00+00:00,1,0.007536923129962203,1
2012-06-12 00:00:00+00:00,2012-06-12 00:00:00+00:00,1,0.0034916409877465363,1
2012-06-13 00:00:00+00:00,2012-06-13 00:00:00+00:00,1,-0.0032055149462811624,1
2012-06-14 00:00:00+00:00,2012-06-14 00:00:00+00:00,1,0.0006415859797172189,1
2012-06-15 00:00:00+00:00,2012-06-15 00:00:00+00:00,1,0.003342156928296392,1
2012-06-18 00:00:00+00:00,2012-06-18 00:00:00+00:00,1,-0.004451379103949249,1
2012-06-19 00:00:00+00:00,2012-06-19 00:00:00+00:00,1,0.004746394586254666,1
2012-06-20 00:00:00+00:00,2012-06-20 00:00:00+00:00,1,0.0008264401348071163,1
2012-06-21 00:00:00+00:00,2012-06-21 00:00:00+00:00,1,-9.825228696350689e-05,1
2012-06-22 00:00:00+00:00,2012-06-22 00:00:00+00:00,1,0.003979986070478081,1
2012-06-25 00:00:00+00:00,2012-06-25 00:00:00+00:00,1,-0.009686782212630618,1
2012-06-26 00:00:00+00:00,2012-06-26 00:00:00+00:00,1,0.0028368129859683514,1
2012-06-27 00:00:00+00:00,2012-06-27 00:00:00+00:00,1,0.0032864087936816614,1
2012-06-28 00:00:00+00:00,2012-06-28 00:00:00+00:00,1,-0.007340399332617964,1
2012-06-29 00:00:00+00:00,2012-06-29 00:00:00+00:00,1,0.018420903517472685,1
2012-07-02 00:00:00+00:00,2012-07-02 00:00:00+00:00,1,0.001797436480453574,1
2012-07-03 00:00:00+00:00,2012-07-03 00:00:00+00:00,1,-9.907273582790947e-05,1
2012-07-05 00:00:00+00:00,2012-07-05 00:00:00+00:00,1,-0.002617954108647102,1
2012-07-06 00:00:00+00:00,2012-07-06 00:00:00+00:00,1,-0.007435387345771182,1
2012-07-09 00:00:00+00:00,2012-07-09 00:00:00+00:00,1,-0.0012515992940972717,1
2012-07-10 00:00:00+00:00,2012-07-10 00:00:00+00:00,1,0.0049837956039013535,1
2012-07-11 00:00:00+00:00,2012-07-11 00:00:00+00:00,1,-0.000670432760249173,1
2012-07-12 00:00:00+00:00,2012-07-12 00:00:00+00:00,1,-0.007173847134834021,1
2012-07-13 00:00:00+00:00,2012-07-13 00:00:00+00:00,1,0.0023720299658906655,1
2012-07-16 00:00:00+00:00,2012-07-16 00:00:00+00:00,1,-0.0025458701497672372,1
2012-07-17 00:00:00+00:00,2012-07-17 00:00:00+00:00,1,0.004858098276490053,1
2012-07-18 00:00:00+00:00,2012-07-18 00:00:00+00:00,1,-0.0024179247123572774,1
2012-07-19 00:00:00+00:00,2012-07-19 00:00:00+00:00,1,0.004213601955914437,1
2012-07-20 00:00:00+00:00,2012-07-20 00:00:00+00:00,1,-0.003285231116383491,1
2012-07-23 00:00:00+00:00,2012-07-23 00:00:00+00:00,1,-0.017356837677427663,1
2012-07-24 00:00:00+00:00,2012-07-24 00:00:00+00:00,1,0.0009367935941585141,1
2012-07-25 00:00:00+00:00,2012-07-25 00:00:00+00:00,1,-0.0031459328168249364,1
2012-07-26 00:00:00+00:00,2012-07-26 00:00:00+00:00,1,0.014099211823329927,1
2012-07-27 00:00:00+00:00,2012-07-27 00:00:00+00:00,1,0.005973210367910842,1
2012-07-30 00:00:00+00:00,2012-07-30 00:00:00+00:00,1,0.00035634414845644476,1
2012-07-31 00:00:00+00:00,2012-07-31 00:00:00+00:00,1,-0.0002135465006040446,1
2012-08-01 00:00:00+00:00,2012-08-01 00:00:00+00:00,1,0.0068437073504245775,1
2012-08-02 00:00:00+00:00,2012-08-02 00:00:00+00:00,1,-0.00787134953263322,1
2012-08-03 00:00:00+00:00,2012-08-03 00:00:00+00:00,1,0.014802780698928342,1
2012-08-06 00:00:00+00:00,2012-08-06 00:00:00+00:00,1,0.0036192870721008744,1
2012-08-07 00:00:00+00:00,2012-08-07 00:00:00+00:00,1,0.0038231169216412456,1
2012-08-08 00:00:00+00:00,2012-08-08 00:00:00+00:00,1,-0.003249944035094132,1
2012-08-09 00:00:00+00:00,2012-08-09 00:00:00+00:00,1,-0.0010866970588036314,1
2012-08-10 00:00:00+00:00,2012-08-10 00:00:00+00:00,1,-0.00412274609797667,1
2012-08-13 00:00:00+00:00,2012-08-13 00:00:00+00:00,1,-0.0013018666381442775,1
2012-08-14 00:00:00+00:00,2012-08-14 00:00:00+00:00,1,0.0034123625499322355,1
2012-08-15 00:00:00+00:00,2012-08-15 00:00:00+00:00,1,-0.0012055600655421547,1
2012-08-16 00:00:00+00:00,2012-08-16 00:00:00+00:00,1,0.0022689475046349886,1
2012-08-17 00:00:00+00:00,2012-08-17 00:00:00+00:00,1,0.001647454084613165,1
2012-08-20 00:00:00+00:00,2012-08-20 00:00:00+00:00,1,-0.0013687782414048884,1
2012-08-21 00:00:00+00:00,2012-08-21 00:00:00+00:00,1,0.00224584617377851,1
2012-08-22 00:00:00+00:00,2012-08-22 00:00:00+00:00,1,-0.002670465383526088,1
2012-08-23 00:00:00+00:00,2012-08-23 00:00:00+00:00,1,-0.0037988677167149817,1
2012-08-24 00:00:00+00:00,2012-08-24 00:00:00+00:00,1,-0.002723036257194533,1
2012-08-27 00:00:00+00:00,2012-08-27 00:00:00+00:00,1,0.0031661663193856774,1
2012-08-28 00:00:00+00:00,2012-08-28 00:00:00+00:00,1,-0.0020104149157197156,1
2012-08-29 00:00:00+00:00,2012-08-29 00:00:00+00:00,1,0.0001243658384466831,1
2012-08-30 00:00:00+00:00,2012-08-30 00:00:00+00:00,1,-0.004648366792741143,1
2012-08-31 00:00:00+00:00,2012-08-31 00:00:00+00:00,1,0.00616550932141543,1
2012-09-04 00:00:00+00:00,2012-09-04 00:00:00+00:00,1,-0.001678911943375305,1
2012-09-05 00:00:00+00:00,2012-09-05 00:00:00+00:00,1,-0.00030748463479394165,1
2012-09-06 00:00:00+00:00,2012-09-06 00:00:00+00:00,1,0.005803237635405545,1
2012-09-07 00:00:00+00:00,2012-09-07 00:00:00+00:00,1,-0.0006156892080478645,1
2012-09-10 00:00:00+00:00,2012-09-10 00:00:00+00:00,1,-0.002081204839252426,1
2012-09-11 00:00:00+00:00,2012-09-11 00:00:00+00:00,1,8.668722920065515e-05,1
2012-09-12 00:00:00+00:00,2012-09-12 00:00:00+00:00,1,0.0031938892273995715,1
2012-09-13 00:00:00+00:00,2012-09-13 00:00:00+00:00,1,6.851893144712602e-05,1
2012-09-14 00:00:00+00:00,2012-09-14 00:00:00+00:00,1,0.0024857845647507596,1
2012-09-17 00:00:00+00:00,2012-09-17 00:00:00+00:00,1,-0.0010335636930957955,1
2012-09-18 00:00:00+00:00,2012-09-18 00:00:00+00:00,1,-0.002433725957405741,1
2012-09-19 00:00:00+00:00,2012-09-19 00:00:00+00:00,1,0.0002086242904774885,1
2012-09-20 00:00:00+00:00,2012-09-20 00:00:00+00:00,1,-0.004998580008498376,1
2012-09-21 00:00:00+00:00,2012-09-21 00:00:00+00:00,1,0.004624709504075642,1
2012-09-24 00:00:00+00:00,2012-09-24 00:00:00+00:00,1,-0.006901999555238824,1
2012-09-25 00:00:00+00:00,2012-09-25 00:00:00+00:00,1,0.0020547092119561298,1
2012-09-26 00:00:00+00:00,2012-09-26 00:00:00+00:00,1,-0.0010585417571903118,1
2012-09-27 00:00:00+00:00,2012-09-27 00:00:00+00:00,1,0.0030400790228336198,1
2012-09-28 00:00:00+00:00,2012-09-28 00:00:00+00:00,1,-0.0038645301187642863,1
2012-10-01 00:00:00+00:00,2012-10-01 00:00:00+00:00,1,0.004016415735449941,1
2012-10-02 00:00:00+00:00,2012-10-02 00:00:00+00:00,1,0.003864839139674803,1
2012-10-03 00:00:00+00:00,2012-10-03 00:00:00+00:00,1,0.00243321746799593,1
2012-10-04 00:00:00+00:00,2012-10-04 00:00:00+00:00,1,0.0023910676085882824,1
2012-10-05 00:00:00+00:00,2012-10-05 00:00:00+00:00,1,0.004892629005815075,1
2012-10-08 00:00:00+00:00,2012-10-08 00:00:00+00:00,1,-0.005047167843577149,1
2012-10-09 00:00:00+00:00,2012-10-09 00:00:00+00:00,1,-0.0019941439127364787,1
2012-10-10 00:00:00+00:00,2012-10-10 00:00:00+00:00,1,-0.0005186192532767083,1
2012-10-11 00:00:00+00:00,2012-10-11 00:00:00+00:00,1,0.006925735762185215,1
2012-10-12 00:00:00+00:00,2012-10-12 00:00:00+00:00,1,-2.6310191137224033e-05,1
2012-10-15 00:00:00+00:00,2012-10-15 00:00:00+00:00,1,0.002764321229671041,1
2012-10-16 00:00:00+00:00,2012-10-16 00:00:00+00:00,1,0.002804518222420305,1
2012-10-17 00:00:00+00:00,2012-10-17 00:00:00+00:00,1,-0.002525589768570235,1
2012-10-18 00:00:00+00:00,2012-10-18 00:00:00+00:00,1,-0.003215256795570087,1
2012-10-19 00:00:00+00:00,2012-10-19 00:00:00+00:00,1,-0.001820542870096786,1
2012-10-22 00:00:00+00:00,2012-10-22 00:00:00+00:00,1,-0.0013652792544529887,1
2012-10-23 00:00:00+00:00,2012-10-23 00:00:00+00:00,1,-0.009793377856948981,1
2012-10-24 00:00:00+00:00,2012-10-24 00:00:00+00:00,1,0.004331972811253271,1
2012-10-25 00:00:00+00:00,2012-10-25 00:00:00+00:00,1,0.006698671025780334,1
2012-10-26 00:00:00+00:00,2012-10-26 00:00:00+00:00,1,-0.0007595707128630665,1
2012-10-31 00:00:00+00:00,2012-10-31 00:00:00+00:00,1,0.0008566264309855191,1
2012-11-01 00:00:00+00:00,2012-11-01 00:00:00+00:00,1,0.003917435135460912,1
2012-11-02 00:00:00+00:00,2012-11-02 00:00:00+00:00,1,0.004952701695476647,1
2012-11-05 00:00:00+00:00,2012-11-05 00:00:00+00:00,1,-0.0009648520152728875,1
2012-11-06 00:00:00+00:00,2012-11-06 00:00:00+00:00,1,0.0020540625896540935,1
2012-11-07 00:00:00+00:00,2012-11-07 00:00:00+00:00,1,-0.010172467915819083,1
2012-11-08 00:00:00+00:00,2012-11-08 00:00:00+00:00,1,0.0010309126599734823,1
2012-11-09 00:00:00+00:00,2012-11-09 00:00:00+00:00,1,-0.0015046903395392382,1
2012-11-12 00:00:00+00:00,2012-11-12 00:00:00+00:00,1,0.004173084763075064,1
2012-11-13 00:00:00+00:00,2012-11-13 00:00:00+00:00,1,-0.006803207090684859,1
2012-11-14 00:00:00+00:00,2012-11-14 00:00:00+00:00,1,0.0036854316935592494,1
2012-11-15 00:00:00+00:00,2012-11-15 00:00:00+00:00,1,0.0002050941670130538,1
2012-11-16 00:00:00+00:00,2012-11-16 00:00:00+00:00,1,0.0008399581184696751,1
2012-11-19 00:00:00+00:00,2012-11-19 00:00:00+00:00,1,0.010767274269218608,1
2012-11-20 00:00:00+00:00,2012-11-20 00:00:00+00:00,1,-0.0012474465396750452,1
2012-11-21 00:00:00+00:00,2012-11-21 00:00:00+00:00,1,0.0006798317690964398,1
2012-11-23 00:00:00+00:00,2012-11-23 00:00:00+00:00,1,0.004953528087556192,1
2012-11-26 00:00:00+00:00,2012-11-26 00:00:00+00:00,1,-0.004008906404782275,1
2012-11-27 00:00:00+00:00,2012-11-27 00:00:00+00:00,1,-0.000872888233322244,1
2012-11-28 00:00:00+00:00,2012-11-28 00:00:00+00:00,1,-0.004717085222134409,1
2012-11-29 00:00:00+00:00,2012-11-29 00:00:00+00:00,1,0.004244329827289362,1
2012-11-30 00:00:00+00:00,2012-11-30 00:00:00+00:00,1,-0.00015380734449336157,1
2012-12-03 00:00:00+00:00,2012-12-03 00:00:00+00:00,1,0.005861692524603746,1
2012-12-04 00:00:00+00:00,2012-12-04 00:00:00+00:00,1,-0.00010687534271955872,1
2012-12-05 00:00:00+00:00,2012-12-05 00:00:00+00:00,1,-0.0006371675073368107,1
2012-12-06 00:00:00+00:00,2012-12-06 00:00:00+00:00,1,-0.002300083731733271,1
2012-12-07 00:00:00+00:00,2012-12-07 00:00:00+00:00,1,0.0040863240998889275,1
2012-12-10 00:00:00+00:00,2012-12-10 00:00:00+00:00,1,-0.0023884918651944417,1
2012-12-11 00:00:00+00:00,2012-12-11 00:00:00+00:00,1,0.005225807338694677,1
2012-12-12 00:00:00+00:00,2012-12-12 00:00:00+00:00,1,0.004304858430049985,1
2012-12-13 00:00:00+00:00,2012-12-13 00:00:00+00:00,1,-0.0016009767093077328,1
2012-12-14 00:00:00+00:00,2012-12-14 00:00:00+00:00,1,-0.004755317036083317,1
2012-12-17 00:00:00+00:00,2012-12-17 00:00:00+00:00,1,0.0014653231822043481,1
2012-12-18 00:00:00+00:00,2012-12-18 00:00:00+00:00,1,0.0030173285181770097,1
2012-12-19 00:00:00+00:00,2012-12-19 00:00:00+00:00,1,0.0016778895202371417,1
2012-12-20 00:00:00+00:00,2012-12-20 00:00:00+00:00,1,0.0009173259751737665,1
2012-12-21 00:00:00+00:00,2012-12-21 00:00:00+00:00,1,-0.01467656545758148,1
2012-12-24 00:00:00+00:00,2012-12-24 00:00:00+00:00,1,-0.002689356865644787,1
2012-12-26 00:00:00+00:00,2012-12-26 00:00:00+00:00,1,0.0011027458562410056,1
2012-12-27 00:00:00+00:00,2012-12-27 00:00:00+00:00,1,0.0003061782907741398,1
2012-12-28 00:00:00+00:00,2012-12-28 00:00:00+00:00,1,-0.007353581393972441,1
2012-12-31 00:00:00+00:00,2012-12-31 00:00:00+00:00,1,-0.002169946754751106,1
2013-01-02 00:00:00+00:00,2013-01-02 00:00:00+00:00,1,0.02146267793804254,1
2013-01-03 00:00:00+00:00,2013-01-03 00:00:00+00:00,1,-0.0005397345561514496,1
2013-01-04 00:00:00+00:00,2013-01-04 00:00:00+00:00,1,0.0007479060982957478,1
2013-01-07 00:00:00+00:00,2013-01-07 00:00:00+00:00,1,-0.0033518529499054536,1
2013-01-08 00:00:00+00:00,2013-01-08 00:00:00+00:00,1,-0.0012655946485991883,1
2013-01-09 00:00:00+00:00,2013-01-09 00:00:00+00:00,1,0.0015512268482812067,1
2013-01-10 00:00:00+00:00,2013-01-10 00:00:00+00:00,1,0.005919967274489702,1
2013-01-11 00:00:00+00:00,2013-01-11 00:00:00+00:00,1,-0.0006593669241519492,1
2013-01-14 00:00:00+00:00,2013-01-14 00:00:00+00:00,1,-0.0034394284118427817,1
2013-01-15 00:00:00+00:00,2013-01-15 00:00:00+00:00,1,-0.005077743827932335,1
2013-01-16 00:00:00+00:00,2013-01-16 00:00:00+00:00,1,-0.000644552429636935,1
2013-01-17 00:00:00+00:00,2013-01-17 00:00:00+00:00,1,0.003928368454149867,1
2013-01-18 00:00:00+00:00,2013-01-18 00:00:00+00:00,1,-0.0018895754762126345,1
2013-01-22 00:00:00+00:00,2013-01-22 00:00:00+00:00,1,0.00022204450311454933,1
2013-01-23 00:00:00+00:00,2013-01-23 00:00:00+00:00,1,0.0025283199293089868,1
2013-01-24 00:00:00+00:00,2013-01-24 00:00:00+00:00,1,-0.00791643070795115,1
2013-01-25 00:00:00+00:00,2013-01-25 00:00:00+00:00,1,0.002848247947988847,1
2013-01-28 00:00:00+00:00,2013-01-28 00:00:00+00:00,1,-9.242302837478815e-05,1
2013-01-29 00:00:00+00:00,2013-01-29 00:00:00+00:00,1,-0.001895210325192775,1
2013-01-30 00:00:00+00:00,2013-01-30 00:00:00+00:00,1,0.000527032685452478,1
2013-01-31 00:00:00+00:00,2013-01-31 00:00:00+00:00,1,-0.0011233195460222164,1
2013-02-01 00:00:00+00:00,2013-02-01 00:00:00+00:00,1,0.006386710130815454,1
2013-02-04 00:00:00+00:00,2013-02-04 00:00:00+00:00,1,-0.006223132727962299,1
2013-02-05 00:00:00+00:00,2013-02-05 00:00:00+00:00,1,0.004589361562510741,1
2013-02-06 00:00:00+00:00,2013-02-06 00:00:00+00:00,1,-0.0036851723575639147,1
2013-02-07 00:00:00+00:00,2013-02-07 00:00:00+00:00,1,0.000460452420244695,1
2013-02-08 00:00:00+00:00,2013-02-08 00:00:00+00:00,1,0.003087060808474618,1
2013-02-11 00:00:00+00:00,2013-02-11 00:00:00+00:00,1,-0.000203573618761754,1
2013-02-12 00:00:00+00:00,2013-02-12 00:00:00+00:00,1,-0.0009287976044193621,1
2013-02-13 00:00:00+00:00,2013-02-13 00:00:00+00:00,1,0.0021961871045390272,1
2013-02-14 00:00:00+00:00,2013-02-14 00:00:00+00:00,1,-0.0040919684543429865,1
2013-02-15 00:00:00+00:00,2013-02-15 00:00:00+00:00,1,8.601520804193437e-05,1
2013-02-19 00:00:00+00:00,2013-02-19 00:00:00+00:00,1,0.0015139669570598206,1
2013-02-20 00:00:00+00:00,2013-02-20 00:00:00+00:00,1,-0.000805269191796942,1
2013-02-21 00:00:00+00:00,2013-02-21 00:00:00+00:00,1,-0.003415830738095293,1
2013-02-22 00:00:00+00:00,2013-02-22 00:00:00+00:00,1,0.004985138747683882,1
2013-02-25 00:00:00+00:00,2013-02-25 00:00:00+00:00,1,0.005337995154667785,1
2013-02-26 00:00:00+00:00,2013-02-26 00:00:00+00:00,1,0.0027947234993412565,1
2013-02-27 00:00:00+00:00,2013-02-27 00:00:00+00:00,1,-0.0007332088910136699,1
2013-02-28 00:00:00+00:00,2013-02-28 00:00:00+00:00,1,-0.00025854909049586287,1
2013-03-01 00:00:00+00:00,2013-03-01 00:00:00+00:00,1,-0.003728877682881193,1
2013-03-04 00:00:00+00:00,2013-03-04 00:00:00+00:00,1,-0.0030831107591783643,1
2013-03-05 00:00:00+00:00,2013-03-05 00:00:00+00:00,1,0.005074901074165939,1
2013-03-06 00:00:00+00:00,2013-03-06 00:00:00+00:00,1,0.0030112331012080665,1
2013-03-07 00:00:00+00:00,2013-03-07 00:00:00+00:00,1,0.0009309240581881432,1
2013-03-08 00:00:00+00:00,2013-03-08 00:00:00+00:00,1,0.003570876051362493,1
2013-03-11 00:00:00+00:00,2013-03-11 00:00:00+00:00,1,-0.0013403014613574734,1
2013-03-12 00:00:00+00:00,2013-03-12 00:00:00+00:00,1,-0.002102468695602688,1
2013-03-13 00:00:00+00:00,2013-03-13 00:00:00+00:00,1,0.0006118172187025931,1
2013-03-14 00:00:00+00:00,2013-03-14 00:00:00+00:00,1,0.002763281440025101,1
2013-03-15 00:00:00+00:00,2013-03-15 00:00:00+00:00,1,-0.0005389907366761589,1
2013-03-18 00:00:00+00:00,2013-03-18 00:00:00+00:00,1,-0.009678884280343058,1
2013-03-19 00:00:00+00:00,2013-03-19 00:00:00+00:00,1,0.0023006677655608935,1
2013-03-20 00:00:00+00:00,2013-03-20 00:00:00+00:00,1,0.006160370038886443,1
2013-03-21 00:00:00+00:00,2013-03-21 00:00:00+00:00,1,-0.00787158038650152,1
2013-03-22 00:00:00+00:00,2013-03-22 00:00:00+00:00,1,0.003348474686037573,1
2013-03-25 00:00:00+00:00,2013-03-25 00:00:00+00:00,1,0.002621267142227624,1
2013-03-26 00:00:00+00:00,2013-03-26 00:00:00+00:00,1,0.003667646423797766,1
2013-03-27 00:00:00+00:00,2013-03-27 00:00:00+00:00,1,-0.0066974808924440184,1
2013-03-28 00:00:00+00:00,2013-03-28 00:00:00+00:00,1,-0.000620043278715043,1
2013-04-01 00:00:00+00:00,2013-04-01 00:00:00+00:00,1,-0.0001932023548994796,1
2013-04-02 00:00:00+00:00,2013-04-02 00:00:00+00:00,1,0.003903145828898025,1
2013-04-03 00:00:00+00:00,2013-04-03 00:00:00+00:00,1,0.00027653586758332767,1
2013-04-04 00:00:00+00:00,2013-04-04 00:00:00+00:00,1,0.0001249569504117812,1
2013-04-05 00:00:00+00:00,2013-04-05 00:00:00+00:00,1,-0.014318829794018472,1
2013-04-08 00:00:00+00:00,2013-04-08 00:00:00+00:00,1,0.0002761376485274861,1
2013-04-09 00:00:00+00:00,2013-04-09 00:00:00+00:00,1,0.0019471124735132798,1
2013-04-10 00:00:00+00:00,2013-04-10 00:00:00+00:00,1,0.0027870536988261144,1
2013-04-11 00:00:00+00:00,2013-04-11 00:00:00+00:00,1,-0.001419454361876715,1
2013-04-12 00:00:00+00:00,2013-04-12 00:00:00+00:00,1,-0.0031164579548692336,1
2013-04-15 00:00:00+00:00,2013-04-15 00:00:00+00:00,1,-0.004677911556085745,1
2013-04-16 00:00:00+00:00,2013-04-16 00:00:00+00:00,1,0.00631573163964535,1
2013-04-17 00:00:00+00:00,2013-04-17 00:00:00+00:00,1,-0.008175850287344332,1
2013-04-18 00:00:00+00:00,2013-04-18 00:00:00+00:00,1,0.001859510395876363,1
2013-04-19 00:00:00+00:00,2013-04-19 00:00:00+00:00,1,0.001835737248475378,1
2013-04-22 00:00:00+00:00,2013-04-22 00:00:00+00:00,1,0.002426694318938794,1
2013-04-23 00:00:00+00:00,2013-04-23 00:00:00+00:00,1,0.005032108022743198,1
2013-04-24 00:00:00+00:00,2013-04-24 00:00:00+00:00,1,-0.0013653261163099947,1
2013-04-25 00:00:00+00:00,2013-04-25 00:00:00+00:00,1,0.002453006652894685,1
2013-04-26 00:00:00+00:00,2013-04-26 00:00:00+00:00,1,-0.002117039727981806,1
2013-04-29 00:00:00+00:00,2013-04-29 00:00:00+00:00,1,0.0026398807445476517,1
2013-04-30 00:00:00+00:00,2013-04-30 00:00:00+00:00,1,0.0002466988773459858,1
2013-05-01 00:00:00+00:00,2013-05-01 00:00:00+00:00,1,-0.0012544659549572953,1
2013-05-02 00:00:00+00:00,2013-05-02 00:00:00+00:00,1,0.0018157775846395444,1
2013-05-03 00:00:00+00:00,2013-05-03 00:00:00+00:00,1,0.008890545152810481,1
2013-05-06 00:00:00+00:00,2013-05-06 00:00:00+00:00,1,0.0009734004641937747,1
2013-05-07 00:00:00+00:00,2013-05-07 00:00:00+00:00,1,0.0016104663599642802,1
2013-05-08 00:00:00+00:00,2013-05-08 00:00:00+00:00,1,-0.0011300632104185079,1
2013-05-09 00:00:00+00:00,2013-05-09 00:00:00+00:00,1,-0.001476720519250829,1
2013-05-10 00:00:00+00:00,2013-05-10 00:00:00+00:00,1,0.0010703685064895278,1
2013-05-13 00:00:00+00:00,2013-05-13 00:00:00+00:00,1,-0.0017637648815787329,1
2013-05-14 00:00:00+00:00,2013-05-14 00:00:00+00:00,1,0.00023426044316318147,1
2013-05-15 00:00:00+00:00,2013-05-15 00:00:00+00:00,1,-0.0020693893650309044,1
2013-05-16 00:00:00+00:00,2013-05-16 00:00:00+00:00,1,-0.0009159767250459857,1
2013-05-17 00:00:00+00:00,2013-05-17 00:00:00+00:00,1,0.004126520250276123,1
2013-05-20 00:00:00+00:00,2013-05-20 00:00:00+00:00,1,-0.0017214629384502463,1
2013-05-21 00:00:00+00:00,2013-05-21 00:00:00+00:00,1,-0.00012003439317046476,1
2013-05-22 00:00:00+00:00,2013-05-22 00:00:00+00:00,1,0.0008142652051896463,1
2013-05-23 00:00:00+00:00,2013-05-23 00:00:00+00:00,1,-0.010047895898978509,1
2013-05-24 00:00:00+00:00,2013-05-24 00:00:00+00:00,1,-0.006597466064166757,1
2013-05-28 00:00:00+00:00,2013-05-28 00:00:00+00:00,1,0.010789947657245247,1
2013-05-29 00:00:00+00:00,2013-05-29 00:00:00+00:00,1,-0.004908227532297948,1
2013-05-30 00:00:00+00:00,2013-05-30 00:00:00+00:00,1,0.0002973777286266691,1
2013-05-31 00:00:00+00:00,2013-05-31 00:00:00+00:00,1,-0.0035805281263009744,1
2013-06-03 00:00:00+00:00,2013-06-03 00:00:00+00:00,1,0.0009303304764198498,1
2013-06-04 00:00:00+00:00,2013-06-04 00:00:00+00:00,1,0.0009964234863793723,1
2013-06-05 00:00:00+00:00,2013-06-05 00:00:00+00:00,1,-0.003380721125800656,1
2013-06-06 00:00:00+00:00,2013-06-06 00:00:00+00:00,1,0.0001769485522645445,1
2013-06-07 00:00:00+00:00,2013-06-07 00:00:00+00:00,1,0.005213221122577572,1
2013-06-10 00:00:00+00:00,2013-06-10 00:00:00+00:00,1,0.0022011323373238526,1
2013-06-11 00:00:00+00:00,2013-06-11 00:00:00+00:00,1,-0.009822313303734209,1
2013-06-12 00:00:00+00:00,2013-06-12 00:00:00+00:00,1,0.006022271467337548,1
2013-06-13 00:00:00+00:00,2013-06-13 00:00:00+00:00,1,-0.0012740223026981076,1
2013-06-14 00:00:00+00:00,2013-06-14 00:00:00+00:00,1,-0.000847931362159304,1
2013-06-17 00:00:00+00:00,2013-06-17 00:00:00+00:00,1,0.00704388343938841,1
2013-06-18 00:00:00+00:00,2013-06-18 00:00:00+00:00,1,0.0006586939117836036,1
2013-06-19 00:00:00+00:00,2013-06-19 00:00:00+00:00,1,-0.0005863483225369889,1
2013-06-20 00:00:00+00:00,2013-06-20 00:00:00+00:00,1,-0.010936387049493656,1
2013-06-21 00:00:00+00:00,2013-06-21 00:00:00+00:00,1,0.0029191270147055585,1
2013-06-24 00:00:00+00:00,2013-06-24 00:00:00+00:00,1,-0.009635657864073143,1
2013-06-25 00:00:00+00:00,2013-06-25 00:00:00+00:00,1,0.009024996425187249,1
2013-06-26 00:00:00+00:00,2013-06-26 00:00:00+00:00,1,0.008070038097188837,1
2013-06-27 00:00:00+00:00,2013-06-27 00:00:00+00:00,1,0.0053075364023534525,1
2013-06-28 00:00:00+00:00,2013-06-28 00:00:00+00:00,1,-0.003242199779405852,1
2013-07-01 00:00:00+00:00,2013-07-01 00:00:00+00:00,1,0.005685724971652062,1
2013-07-02 00:00:00+00:00,2013-07-02 00:00:00+00:00,1,-0.0012530846070747167,1
2013-07-03 00:00:00+00:00,2013-07-03 00:00:00+00:00,1,-0.0043762959407055765,1
2013-07-05 00:00:00+00:00,2013-07-05 00:00:00+00:00,1,0.006235683940694037,1
2013-07-08 00:00:00+00:00,2013-07-08 00:00:00+00:00,1,0.0048938235488453444,1
2013-07-09 00:00:00+00:00,2013-07-09 00:00:00+00:00,1,0.005181329526353718,1
2013-07-10 00:00:00+00:00,2013-07-10 00:00:00+00:00,1,-0.0012633566890397404,1
2013-07-11 00:00:00+00:00,2013-07-11 00:00:00+00:00,1,0.010884976701414495,1
2013-07-12 00:00:00+00:00,2013-07-12 00:00:00+00:00,1,-0.00011609262545045877,1
2013-07-15 00:00:00+00:00,2013-07-15 00:00:00+00:00,1,0.001604282036564231,1
2013-07-16 00:00:00+00:00,2013-07-16 00:00:00+00:00,1,0.0004247085217664262,1
2013-07-17 00:00:00+00:00,2013-07-17 00:00:00+00:00,1,0.0031359150614992063,1
2013-07-18 00:00:00+00:00,2013-07-18 00:00:00+00:00,1,0.0007056017021867759,1
2013-07-19 00:00:00+00:00,2013-07-19 00:00:00+00:00,1,-0.005648656035588928,1
2013-07-22 00:00:00+00:00,2013-07-22 00:00:00+00:00,1,0.00228670759214763,1
2013-07-23 00:00:00+00:00,2013-07-23 00:00:00+00:00,1,0.0015205874122401156,1
2013-07-24 00:00:00+00:00,2013-07-24 00:00:00+00:00,1,0.0065366621033294495,1
2013-07-25 00:00:00+00:00,2013-07-25 00:00:00+00:00,1,0.0011589220196229436,1
2013-07-26 00:00:00+00:00,2013-07-26 00:00:00+00:00,1,-0.004402283950262131,1
2013-07-29 00:00:00+00:00,2013-07-29 00:00:00+00:00,1,-0.0025663207855700417,1
2013-07-30 00:00:00+00:00,2013-07-30 00:00:00+00:00,1,0.0030069916108929843,1
2013-07-31 00:00:00+00:00,2013-07-31 00:00:00+00:00,1,0.0017297164678765301,1
2013-08-01 00:00:00+00:00,2013-08-01 00:00:00+00:00,1,0.006924970794104113,1
2013-08-02 00:00:00+00:00,2013-08-02 00:00:00+00:00,1,-0.0013478402718672174,1
2013-08-05 00:00:00+00:00,2013-08-05 00:00:00+00:00,1,-0.001671553657887825,1
2013-08-06 00:00:00+00:00,2013-08-06 00:00:00+00:00,1,-0.0019155584978849168,1
2013-08-07 00:00:00+00:00,2013-08-07 00:00:00+00:00,1,-0.0033278334817812057,1
2013-08-08 00:00:00+00:00,2013-08-08 00:00:00+00:00,1,0.004812457607120424,1
2013-08-09 00:00:00+00:00,2013-08-09 00:00:00+00:00,1,-0.0017942196346520719,1
2013-08-12 00:00:00+00:00,2013-08-12 00:00:00+00:00,1,-0.00470604919323162,1
2013-08-13 00:00:00+00:00,2013-08-13 00:00:00+00:00,1,0.001239401496849946,1
2013-08-14 00:00:00+00:00,2013-08-14 00:00:00+00:00,1,-0.0007303925336626157,1
2013-08-15 00:00:00+00:00,2013-08-15 00:00:00+00:00,1,-0.009839523072668532,1
2013-08-16 00:00:00+00:00,2013-08-16 00:00:00+00:00,1,-0.0011951142035095726,1
2013-08-19 00:00:00+00:00,2013-08-19 00:00:00+00:00,1,-0.000806999906220773,1
2013-08-20 00:00:00+00:00,2013-08-20 00:00:00+00:00,1,0.0014483397886561836,1
2013-08-21 00:00:00+00:00,2013-08-21 00:00:00+00:00,1,-0.0032745809775545417,1
2013-08-22 00:00:00+00:00,2013-08-22 00:00:00+00:00,1,0.0029210023747494266,1
2013-08-23 00:00:00+00:00,2013-08-23 00:00:00+00:00,1,0.004720134371099827,1
2013-08-26 00:00:00+00:00,2013-08-26 00:00:00+00:00,1,0.0006021023891784275,1
2013-08-27 00:00:00+00:00,2013-08-27 00:00:00+00:00,1,-0.01117158877037675,1
2013-08-28 00:00:00+00:00,2013-08-28 00:00:00+00:00,1,-0.001113079963314589,1
2013-08-29 00:00:00+00:00,2013-08-29 00:00:00+00:00,1,-0.001530819295682195,1
2013-08-30 00:00:00+00:00,2013-08-30 00:00:00+00:00,1,0.0012619197904497285,1
2013-09-03 00:00:00+00:00,2013-09-03 00:00:00+00:00,1,0.008635394425839682,1
2013-09-04 00:00:00+00:00,2013-09-04 00:00:00+00:00,1,0.001534489210305823,1
2013-09-05 00:00:00+00:00,2013-09-05 00:00:00+00:00,1,0.0003273046029142693,1
2013-09-06 00:00:00+00:00,2013-09-06 00:00:00+00:00,1,0.0030488466469775436,1
2013-09-09 00:00:00+00:00,2013-09-09 00:00:00+00:00,1,0.003079461524373073,1
2013-09-10 00:00:00+00:00,2013-09-10 00:00:00+00:00,1,0.005603527435681011,1
2013-09-11 00:00:00+00:00,2013-09-11 00:00:00+00:00,1,-0.004305385733931055,1
2013-09-12 00:00:00+00:00,2013-09-12 00:00:00+00:00,1,-0.0003487678444524575,1
2013-09-13 00:00:00+00:00,2013-09-13 00:00:00+00:00,1,0.0007452109487756323,1
2013-09-16 00:00:00+00:00,2013-09-16 00:00:00+00:00,1,0.009331181788270493,1
2013-09-17 00:00:00+00:00,2013-09-17 00:00:00+00:00,1,0.0012323778801926703,1
2013-09-18 00:00:00+00:00,2013-09-18 00:00:00+00:00,1,0.0002899975189476159,1
2013-09-19 00:00:00+00:00,2013-09-19 00:00:00+00:00,1,0.0026341020254941564,1
2013-09-20 00:00:00+00:00,2013-09-20 00:00:00+00:00,1,0.0020727727299789337,1
2013-09-23 00:00:00+00:00,2013-09-23 00:00:00+00:00,1,0.0011148523755711518,1
2013-09-24 00:00:00+00:00,2013-09-24 00:00:00+00:00,1,0.0006898841373021661,1
2013-09-25 00:00:00+00:00,2013-09-25 00:00:00+00:00,1,0.0004055210027384629,1
2013-09-26 00:00:00+00:00,2013-09-26 00:00:00+00:00,1,0.0025647292060817176,1
2013-09-27 00:00:00+00:00,2013-09-27 00:00:00+00:00,1,-0.00570961735194273,1
2013-09-30 00:00:00+00:00,2013-09-30 00:00:00+00:00,1,-0.009718643994725306,1
2013-10-01 00:00:00+00:00,2013-10-01 00:00:00+00:00,1,0.00015061349652397722,1
2013-10-02 00:00:00+00:00,2013-10-02 00:00:00+00:00,1,-0.006611737243406168,1
2013-10-03 00:00:00+00:00,2013-10-03 00:00:00+00:00,1,-0.002080617913384741,1
2013-10-04 00:00:00+00:00,2013-10-04 00:00:00+00:00,1,8.82433204249747e-05,1
2013-10-07 00:00:00+00:00,2013-10-07 00:00:00+00:00,1,-0.009060176985412593,1
2013-10-08 00:00:00+00:00,2013-10-08 00:00:00+00:00,1,-0.00038957575663998127,1
2013-10-09 00:00:00+00:00,2013-10-09 00:00:00+00:00,1,0.0018322388041885577,1
2013-10-10 00:00:00+00:00,2013-10-10 00:00:00+00:00,1,0.010193588773494156,1
2013-10-11 00:00:00+00:00,2013-10-11 00:00:00+00:00,1,-0.002340419135428295,1
2013-10-14 00:00:00+00:00,2013-10-14 00:00:00+00:00,1,-0.006475767090686901,1
2013-10-15 00:00:00+00:00,2013-10-15 00:00:00+00:00,1,-0.0019337626019160555,1
2013-10-16 00:00:00+00:00,2013-10-16 00:00:00+00:00,1,0.005032752351827508,1
2013-10-17 00:00:00+00:00,2013-10-17 00:00:00+00:00,1,-0.004573325283990104,1
2013-10-18 00:00:00+00:00,2013-10-18 00:00:00+00:00,1,0.006124468989184806,1
2013-10-21 00:00:00+00:00,2013-10-21 00:00:00+00:00,1,0.0010281881565379018,1
2013-10-22 00:00:00+00:00,2013-10-22 00:00:00+00:00,1,0.003105798778165714,1
2013-10-23 00:00:00+00:00,2013-10-23 00:00:00+00:00,1,-0.004435937546007551,1
2013-10-24 00:00:00+00:00,2013-10-24 00:00:00+00:00,1,0.0010074881175810794,1
2013-10-25 00:00:00+00:00,2013-10-25 00:00:00+00:00,1,0.005405086744025256,1
2013-10-28 00:00:00+00:00,2013-10-28 00:00:00+00:00,1,-0.00041007383568134574,1
2013-10-29 00:00:00+00:00,2013-10-29 00:00:00+00:00,1,0.0025231065951180857,1
2013-10-30 00:00:00+00:00,2013-10-30 00:00:00+00:00,1,0.0020382815214320064,1
2013-10-31 00:00:00+00:00,2013-10-31 00:00:00+00:00,1,-0.0019623669822837805,1
2013-11-01 00:00:00+00:00,2013-11-01 00:00:00+00:00,1,0.0020455577609796664,1
2013-11-04 00:00:00+00:00,2013-11-04 00:00:00+00:00,1,0.002571155823813587,1
2013-11-05 00:00:00+00:00,2013-11-05 00:00:00+00:00,1,-0.004180255845441272,1
2013-11-06 00:00:00+00:00,2013-11-06 00:00:00+00:00,1,0.003963526031760945,1
2013-11-07 00:00:00+00:00,2013-11-07 00:00:00+00:00,1,0.0006916136008319976,1
2013-11-08 00:00:00+00:00,2013-11-08 00:00:00+00:00,1,0.0013703881036796432,1
2013-11-11 00:00:00+00:00,2013-11-11 00:00:00+00:00,1,-0.0015061138580543584,1
2013-11-12 00:00:00+00:00,2013-11-12 00:00:00+00:00,1,-0.0028887893910800374,1
2013-11-13 00:00:00+00:00,2013-11-13 00:00:00+00:00,1,-0.006029111054794234,1
2013-11-14 00:00:00+00:00,2013-11-14 00:00:00+00:00,1,-0.0011683348443448423,1
2013-11-15 00:00:00+00:00,2013-11-15 00:00:00+00:00,1,0.000628186108278939,1
2013-11-18 00:00:00+00:00,2013-11-18 00:00:00+00:00,1,0.0004143261299386583,1
2013-11-19 00:00:00+00:00,2013-11-19 00:00:00+00:00,1,-0.0008516506011977173,1
2013-11-20 00:00:00+00:00,2013-11-20 00:00:00+00:00,1,0.0020319627858809922,1
2013-11-21 00:00:00+00:00,2013-11-21 00:00:00+00:00,1,0.0032171463346362898,1
2013-11-22 00:00:00+00:00,2013-11-22 00:00:00+00:00,1,0.0007323079233769406,1
2013-11-25 00:00:00+00:00,2013-11-25 00:00:00+00:00,1,0.002370906653257754,1
2013-11-26 00:00:00+00:00,2013-11-26 00:00:00+00:00,1,6.791051822127055e-05,1
2013-11-27 00:00:00+00:00,2013-11-27 00:00:00+00:00,1,0.001230255687610782,1
2013-11-29 00:00:00+00:00,2013-11-29 00:00:00+00:00,1,0.0022468239867378895,1
2013-12-02 00:00:00+00:00,2013-12-02 00:00:00+00:00,1,0.0005317181193395751,1
2013-12-03 00:00:00+00:00,2013-12-03 00:00:00+00:00,1,-0.002284991010217818,1
2013-12-04 00:00:00+00:00,2013-12-04 00:00:00+00:00,1,-0.004215457164930469,1
2013-12-05 00:00:00+00:00,2013-12-05 00:00:00+00:00,1,-0.0007806260224395341,1
2013-12-06 00:00:00+00:00,2013-12-06 00:00:00+00:00,1,0.008750368964352962,1
2013-12-09 00:00:00+00:00,2013-12-09 00:00:00+00:00,1,0.0031995259247122546,1
2013-12-10 00:00:00+00:00,2013-12-10 00:00:00+00:00,1,-0.002268472971566937,1
2013-12-11 00:00:00+00:00,2013-12-11 00:00:00+00:00,1,-0.00016435816970625765,1
2013-12-12 00:00:00+00:00,2013-12-12 00:00:00+00:00,1,-0.0003476867693204874,1
2013-12-13 00:00:00+00:00,2013-12-13 00:00:00+00:00,1,0.0030927442686669807,1
2013-12-16 00:00:00+00:00,2013-12-16 00:00:00+00:00,1,0.004532893974667019,1
2013-12-17 00:00:00+00:00,2013-12-17 00:00:00+00:00,1,0.00014662881938573043,1
2013-12-18 00:00:00+00:00,2013-12-18 00:00:00+00:00,1,0.0010427397650611629,1
2013-12-19 00:00:00+00:00,2013-12-19 00:00:00+00:00,1,-0.0025437685059456535,1
2013-12-20 00:00:00+00:00,2013-12-20 00:00:00+00:00,1,0.0011445922809569468,1
2013-12-23 00:00:00+00:00,2013-12-23 00:00:00+00:00,1,0.006255194079575832,1
2013-12-24 00:00:00+00:00,2013-12-24 00:00:00+00:00,1,-0.00015824733758932312,1
2013-12-26 00:00:00+00:00,2013-12-26 00:00:00+00:00,1,0.001735541574012978,1
2013-12-27 00:00:00+00:00,2013-12-27 00:00:00+00:00,1,0.0009796556276317706,1
2013-12-30 00:00:00+00:00,2013-12-30 00:00:00+00:00,1,-0.0009886696058458485,1
2013-12-31 00:00:00+00:00,2013-12-31 00:00:00+00:00,1,0.001295537736943431,1
2014-01-02 00:00:00+00:00,2014-01-02 00:00:00+00:00,1,-0.0045527864801937264,1
2014-01-03 00:00:00+00:00,2014-01-03 00:00:00+00:00,1,0.00054712722558844,1
2014-01-06 00:00:00+00:00,2014-01-06 00:00:00+00:00,1,0.0014560970825627465,1
2014-01-07 00:00:00+00:00,2014-01-07 00:00:00+00:00,1,0.004018653035683129,1
2014-01-08 00:00:00+00:00,2014-01-08 00:00:00+00:00,1,-0.00026725122399021665,1
2014-01-09 00:00:00+00:00,2014-01-09 00:00:00+00:00,1,0.0031400401171169604,1
2014-01-10 00:00:00+00:00,2014-01-10 00:00:00+00:00,1,0.0017510090512573243,1
2014-01-13 00:00:00+00:00,2014-01-13 00:00:00+00:00,1,-0.0022638370212531896,1
2014-01-14 00:00:00+00:00,2014-01-14 00:00:00+00:00,1,0.0030371577088332494,1
2014-01-15 00:00:00+00:00,2014-01-15 00:00:00+00:00,1,0.003038310952329393,1
2014-01-16 00:00:00+00:00,2014-01-16 00:00:00+00:00,1,-0.0017253965690182445,1
2014-01-17 00:00:00+00:00,2014-01-17 00:00:00+00:00,1,-0.0026948528696852155,1
2014-01-21 00:00:00+00:00,2014-01-21 00:00:00+00:00,1,0.005772403584963526,1
2014-01-22 00:00:00+00:00,2014-01-22 00:00:00+00:00,1,0.0018403030768507581,1
2014-01-23 00:00:00+00:00,2014-01-23 00:00:00+00:00,1,-0.004343604350190799,1
2014-01-24 00:00:00+00:00,2014-01-24 00:00:00+00:00,1,-0.005985256098992564,1
2014-01-27 00:00:00+00:00,2014-01-27 00:00:00+00:00,1,0.00017516298793193193,1
2014-01-28 00:00:00+00:00,2014-01-28 00:00:00+00:00,1,-0.002263165162008895,1
2014-01-29 00:00:00+00:00,2014-01-29 00:00:00+00:00,1,-0.008770089851759455,1
2014-01-30 00:00:00+00:00,2014-01-30 00:00:00+00:00,1,0.009995098597668306,1
2014-01-31 00:00:00+00:00,2014-01-31 00:00:00+00:00,1,-0.012042505315535168,1
2014-02-03 00:00:00+00:00,2014-02-03 00:00:00+00:00,1,-0.0018160161164760043,1
2014-02-04 00:00:00+00:00,2014-02-04 00:00:00+00:00,1,0.004489844237696128,1
2014-02-05 00:00:00+00:00,2014-02-05 00:00:00+00:00,1,-0.0036879646526989714,1
2014-02-06 00:00:00+00:00,2014-02-06 00:00:00+00:00,1,0.002346300572306748,1
2014-02-07 00:00:00+00:00,2014-02-07 00:00:00+00:00,1,0.004836651468734099,1
2014-02-10 00:00:00+00:00,2014-02-10 00:00:00+00:00,1,-0.00041629296093979,1
2014-02-11 00:00:00+00:00,2014-02-11 00:00:00+00:00,1,0.0011985508358565936,1
2014-02-12 00:00:00+00:00,2014-02-12 00:00:00+00:00,1,0.0014553518015739345,1
2014-02-13 00:00:00+00:00,2014-02-13 00:00:00+00:00,1,-0.007330776236891967,1
2014-02-14 00:00:00+00:00,2014-02-14 00:00:00+00:00,1,-0.0009316512426087772,1
2014-02-18 00:00:00+00:00,2014-02-18 00:00:00+00:00,1,0.0009698464461700088,1
2014-02-19 00:00:00+00:00,2014-02-19 00:00:00+00:00,1,-0.0025444837333651656,1
2014-02-20 00:00:00+00:00,2014-02-20 00:00:00+00:00,1,0.0007177309054092421,1
2014-02-21 00:00:00+00:00,2014-02-21 00:00:00+00:00,1,0.00226081751006243,1
2014-02-24 00:00:00+00:00,2014-02-24 00:00:00+00:00,1,0.0019277548640391443,1
2014-02-25 00:00:00+00:00,2014-02-25 00:00:00+00:00,1,0.000824603303662819,1
2014-02-26 00:00:00+00:00,2014-02-26 00:00:00+00:00,1,0.0017590784134879581,1
2014-02-27 00:00:00+00:00,2014-02-27 00:00:00+00:00,1,-0.0009581157404895176,1
2014-02-28 00:00:00+00:00,2014-02-28 00:00:00+00:00,1,-0.0004910764477595638,1
2014-03-03 00:00:00+00:00,2014-03-03 00:00:00+00:00,1,-0.009406199062990039,1
2014-03-04 00:00:00+00:00,2014-03-04 00:00:00+00:00,1,0.010056855672010612,1
2014-03-05 00:00:00+00:00,2014-03-05 00:00:00+00:00,1,0.0009525712009987534,1
2014-03-06 00:00:00+00:00,2014-03-06 00:00:00+00:00,1,0.0020777502970782073,1
2014-03-07 00:00:00+00:00,2014-03-07 00:00:00+00:00,1,0.0033664365681269296,1
2014-03-10 00:00:00+00:00,2014-03-10 00:00:00+00:00,1,-0.0013466770586182172,1
2014-03-11 00:00:00+00:00,2014-03-11 00:00:00+00:00,1,0.0016584489505084513,1
2014-03-12 00:00:00+00:00,2014-03-12 00:00:00+00:00,1,-0.0050023983526066625,1
2014-03-13 00:00:00+00:00,2014-03-13 00:00:00+00:00,1,0.0030722534822960838,1
2014-03-14 00:00:00+00:00,2014-03-14 00:00:00+00:00,1,-0.002814983402581994,1
2014-03-17 00:00:00+00:00,2014-03-17 00:00:00+00:00,1,0.005431978941882265,1
2014-03-18 00:00:00+00:00,2014-03-18 00:00:00+00:00,1,0.001334715048640878,1
2014-03-19 00:00:00+00:00,2014-03-19 00:00:00+00:00,1,-8.114759453551305e-05,1
2014-03-20 00:00:00+00:00,2014-03-20 00:00:00+00:00,1,-0.0029527705283184155,1
2014-03-21 00:00:00+00:00,2014-03-21 00:00:00+00:00,1,0.004663170859194177,1
2014-03-24 00:00:00+00:00,2014-03-24 00:00:00+00:00,1,0.0032167498490914496,1
2014-03-25 00:00:00+00:00,2014-03-25 00:00:00+00:00,1,0.004841688664209165,1
2014-03-26 00:00:00+00:00,2014-03-26 00:00:00+00:00,1,0.004144612818161442,1
2014-03-27 00:00:00+00:00,2014-03-27 00:00:00+00:00,1,-0.0015812008818223752,1
2014-03-28 00:00:00+00:00,2014-03-28 00:00:00+00:00,1,0.002746751850272478,1
2014-03-31 00:00:00+00:00,2014-03-31 00:00:00+00:00,1,0.006786899213102238,1
2014-04-01 00:00:00+00:00,2014-04-01 00:00:00+00:00,1,0.0037831451113673146,1
2014-04-02 00:00:00+00:00,2014-04-02 00:00:00+00:00,1,0.0024670731251057124,1
2014-04-03 00:00:00+00:00,2014-04-03 00:00:00+00:00,1,0.0009708883312152475,1
2014-04-04 00:00:00+00:00,2014-04-04 00:00:00+00:00,1,0.00575493334287599,1
2014-04-07 00:00:00+00:00,2014-04-07 00:00:00+00:00,1,-0.004633105467594744,1
2014-04-08 00:00:00+00:00,2014-04-08 00:00:00+00:00,1,6.747523112717897e-05,1
2014-04-09 00:00:00+00:00,2014-04-09 00:00:00+00:00,1,0.0029038418937387903,1
2014-04-10 00:00:00+00:00,2014-04-10 00:00:00+00:00,1,1.4724586987502634e-05,1
2014-04-11 00:00:00+00:00,2014-04-11 00:00:00+00:00,1,-0.007549822097750769,1
2014-04-14 00:00:00+00:00,2014-04-14 00:00:00+00:00,1,0.00801076479203241,1
2014-04-15 00:00:00+00:00,2014-04-15 00:00:00+00:00,1,0.00256697146421,1
2014-04-16 00:00:00+00:00,2014-04-16 00:00:00+00:00,1,0.007497719792063895,1
2014-04-17 00:00:00+00:00,2014-04-17 00:00:00+00:00,1,-0.002886399317357324,1
2014-04-21 00:00:00+00:00,2014-04-21 00:00:00+00:00,1,0.000994615270816979,1
2014-04-22 00:00:00+00:00,2014-04-22 00:00:00+00:00,1,0.0019349306323380392,1
2014-04-23 00:00:00+00:00,2014-04-23 00:00:00+00:00,1,-0.00048583242188197066,1
2014-04-24 00:00:00+00:00,2014-04-24 00:00:00+00:00,1,0.010394949328824976,1
2014-04-25 00:00:00+00:00,2014-04-25 00:00:00+00:00,1,-0.00489212879560672,1
2014-04-28 00:00:00+00:00,2014-04-28 00:00:00+00:00,1,0.0041182411536416445,1
2014-04-29 00:00:00+00:00,2014-04-29 00:00:00+00:00,1,0.0028086180744246406,1
2014-04-30 00:00:00+00:00,2014-04-30 00:00:00+00:00,1,-0.0034201835773781993,1
2014-05-01 00:00:00+00:00,2014-05-01 00:00:00+00:00,1,0.0002622239353852421,1
2014-05-02 00:00:00+00:00,2014-05-02 00:00:00+00:00,1,0.0013581430064853687,1
2014-05-05 00:00:00+00:00,2014-05-05 00:00:00+00:00,1,-0.005717709148058003,1
2014-05-06 00:00:00+00:00,2014-05-06 00:00:00+00:00,1,-0.0022104480151048152,1
2014-05-07 00:00:00+00:00,2014-05-07 00:00:00+00:00,1,0.0024229574383578204,1
2014-05-08 00:00:00+00:00,2014-05-08 00:00:00+00:00,1,-0.002542784321286051,1
2014-05-09 00:00:00+00:00,2014-05-09 00:00:00+00:00,1,-0.0005091297954600612,1
2014-05-12 00:00:00+00:00,2014-05-12 00:00:00+00:00,1,0.004929710683757327,1
2014-05-13 00:00:00+00:00,2014-05-13 00:00:00+00:00,1,0.0008121540988610069,1
2014-05-14 00:00:00+00:00,2014-05-14 00:00:00+00:00,1,-0.0022765642366573188,1
2014-05-15 00:00:00+00:00,2014-05-15 00:00:00+00:00,1,-0.0014190520001786996,1
2014-05-16 00:00:00+00:00,2014-05-16 00:00:00+00:00,1,0.0005674373185660889,1
2014-05-19 00:00:00+00:00,2014-05-19 00:00:00+00:00,1,-0.0027393346186616926,1
2014-05-20 00:00:00+00:00,2014-05-20 00:00:00+00:00,1,-0.000765115240038616,1
2014-05-21 00:00:00+00:00,2014-05-21 00:00:00+00:00,1,0.002048788205308927,1
2014-05-22 00:00:00+00:00,2014-05-22 00:00:00+00:00,1,0.00039518859715722583,1
2014-05-23 00:00:00+00:00,2014-05-23 00:00:00+00:00,1,0.0006524263868385675,1
2014-05-27 00:00:00+00:00,2014-05-27 00:00:00+00:00,1,0.0037901144805342016,1
2014-05-28 00:00:00+00:00,2014-05-28 00:00:00+00:00,1,-0.0004646761817014064,1
2014-05-29 00:00:00+00:00,2014-05-29 00:00:00+00:00,1,0.0026130905973169253,1
2014-05-30 00:00:00+00:00,2014-05-30 00:00:00+00:00,1,-0.0006584613972847372,1
2014-06-02 00:00:00+00:00,2014-06-02 00:00:00+00:00,1,0.0010030694013038691,1
2014-06-03 00:00:00+00:00,2014-06-03 00:00:00+00:00,1,-0.0031626302125976943,1
2014-06-04 00:00:00+00:00,2014-06-04 00:00:00+00:00,1,-0.0024172125535375285,1
2014-06-05 00:00:00+00:00,2014-06-05 00:00:00+00:00,1,0.0007065784186786831,1
2014-06-06 00:00:00+00:00,2014-06-06 00:00:00+00:00,1,0.002622297180447675,1
2014-06-09 00:00:00+00:00,2014-06-09 00:00:00+00:00,1,-0.00026935601373432287,1
2014-06-10 00:00:00+00:00,2014-06-10 00:00:00+00:00,1,-0.0013448492907865203,1
2014-06-11 00:00:00+00:00,2014-06-11 00:00:00+00:00,1,-0.0038114727831296876,1
2014-06-12 00:00:00+00:00,2014-06-12 00:00:00+00:00,1,-0.0019663216452624806,1
2014-06-13 00:00:00+00:00,2014-06-13 00:00:00+00:00,1,0.0028543044826758405,1
2014-06-16 00:00:00+00:00,2014-06-16 00:00:00+00:00,1,-0.0017850793920740956,1
2014-06-17 00:00:00+00:00,2014-06-17 00:00:00+00:00,1,-0.0013732887939132184,1
2014-06-18 00:00:00+00:00,2014-06-18 00:00:00+00:00,1,0.00018683661589032925,1
2014-06-19 00:00:00+00:00,2014-06-19 00:00:00+00:00,1,0.0008859685167947554,1
2014-06-20 00:00:00+00:00,2014-06-20 00:00:00+00:00,1,0.0011554703108481394,1
2014-06-23 00:00:00+00:00,2014-06-23 00:00:00+00:00,1,-0.00022591531531110902,1
2014-06-24 00:00:00+00:00,2014-06-24 00:00:00+00:00,1,-0.0012474583211315223,1
2014-06-25 00:00:00+00:00,2014-06-25 00:00:00+00:00,1,-0.0024854154333610375,1
2014-06-26 00:00:00+00:00,2014-06-26 00:00:00+00:00,1,9.790258434779793e-05,1
2014-06-27 00:00:00+00:00,2014-06-27 00:00:00+00:00,1,-0.002119356676260264,1
2014-06-30 00:00:00+00:00,2014-06-30 00:00:00+00:00,1,-0.0007132409736621877,1
2014-07-01 00:00:00+00:00,2014-07-01 00:00:00+00:00,1,0.0026829764213504807,1
2014-07-02 00:00:00+00:00,2014-07-02 00:00:00+00:00,1,6.703037757135351e-05,1
2014-07-03 00:00:00+00:00,2014-07-03 00:00:00+00:00,1,0.0027496047790850024,1
2014-07-07 00:00:00+00:00,2014-07-07 00:00:00+00:00,1,-0.0018331006250408618,1
2014-07-08 00:00:00+00:00,2014-07-08 00:00:00+00:00,1,-0.002155175917395535,1
2014-07-09 00:00:00+00:00,2014-07-09 00:00:00+00:00,1,0.0022746081686064405,1
2014-07-10 00:00:00+00:00,2014-07-10 00:00:00+00:00,1,-0.01154273138739218,1
2014-07-11 00:00:00+00:00,2014-07-11 00:00:00+00:00,1,0.0006618044067139509,1
2014-07-14 00:00:00+00:00,2014-07-14 00:00:00+00:00,1,0.004500134623998087,1
2014-07-15 00:00:00+00:00,2014-07-15 00:00:00+00:00,1,0.0007861009388202226,1
2014-07-16 00:00:00+00:00,2014-07-16 00:00:00+00:00,1,0.005543078191097861,1
2014-07-17 00:00:00+00:00,2014-07-17 00:00:00+00:00,1,-0.0031965273581771366,1
2014-07-18 00:00:00+00:00,2014-07-18 00:00:00+00:00,1,0.00392444826287105,1
2014-07-21 00:00:00+00:00,2014-07-21 00:00:00+00:00,1,-0.0029086340077638436,1
2014-07-22 00:00:00+00:00,2014-07-22 00:00:00+00:00,1,0.003741550673215877,1
2014-07-23 00:00:00+00:00,2014-07-23 00:00:00+00:00,1,0.002216449962046141,1
2014-07-24 00:00:00+00:00,2014-07-24 00:00:00+00:00,1,0.0010522957796926472,1
2014-07-25 00:00:00+00:00,2014-07-25 00:00:00+00:00,1,-0.004283664427223421,1
2014-07-28 00:00:00+00:00,2014-07-28 00:00:00+00:00,1,0.0003180357207161702,1
2014-07-29 00:00:00+00:00,2014-07-29 00:00:00+00:00,1,0.0017204064645648057,1
2014-07-30 00:00:00+00:00,2014-07-30 00:00:00+00:00,1,0.00427236393924465,1
2014-07-31 00:00:00+00:00,2014-07-31 00:00:00+00:00,1,-0.007902338663710684,1
2014-08-01 00:00:00+00:00,2014-08-01 00:00:00+00:00,1,-0.0027250751130746594,1
2014-08-04 00:00:00+00:00,2014-08-04 00:00:00+00:00,1,0.001717513604497756,1
2014-08-05 00:00:00+00:00,2014-08-05 00:00:00+00:00,1,-0.0043303449182623185,1
2014-08-06 00:00:00+00:00,2014-08-06 00:00:00+00:00,1,-0.005762395403471709,1
2014-08-07 00:00:00+00:00,2014-08-07 00:00:00+00:00,1,0.0042921337187107,1
2014-08-08 00:00:00+00:00,2014-08-08 00:00:00+00:00,1,0.0016217141493119706,1
2014-08-11 00:00:00+00:00,2014-08-11 00:00:00+00:00,1,0.003538542334103634,1
2014-08-12 00:00:00+00:00,2014-08-12 00:00:00+00:00,1,-0.0013140236915270883,1
2014-08-13 00:00:00+00:00,2014-08-13 00:00:00+00:00,1,0.0037068881608283925,1
2014-08-14 00:00:00+00:00,2014-08-14 00:00:00+00:00,1,0.001195319316791588,1
2014-08-15 00:00:00+00:00,2014-08-15 00:00:00+00:00,1,0.0044020699909536835,1
2014-08-18 00:00:00+00:00,2014-08-18 00:00:00+00:00,1,0.005077154884688151,1
2014-08-19 00:00:00+00:00,2014-08-19 00:00:00+00:00,1,0.002087686441099435,1
2014-08-20 00:00:00+00:00,2014-08-20 00:00:00+00:00,1,-0.0013856877647317242,1
2014-08-21 00:00:00+00:00,2014-08-21 00:00:00+00:00,1,0.00038074985283539394,1
2014-08-22 00:00:00+00:00,2014-08-22 00:00:00+00:00,1,-0.0004990006718023961,1
2014-08-25 00:00:00+00:00,2014-08-25 00:00:00+00:00,1,0.004457389753031305,1
2014-08-26 00:00:00+00:00,2014-08-26 00:00:00+00:00,1,0.0007790138937937233,1
2014-08-27 00:00:00+00:00,2014-08-27 00:00:00+00:00,1,0.00010016201891368566,1
2014-08-28 00:00:00+00:00,2014-08-28 00:00:00+00:00,1,-0.003655757868198139,1
2014-08-29 00:00:00+00:00,2014-08-29 00:00:00+00:00,1,0.0015806069929886427,1
2014-09-02 00:00:00+00:00,2014-09-02 00:00:00+00:00,1,0.001550534631155143,1
2014-09-03 00:00:00+00:00,2014-09-03 00:00:00+00:00,1,0.002968182686243959,1
2014-09-04 00:00:00+00:00,2014-09-04 00:00:00+00:00,1,0.0017035810896530394,1
2014-09-05 00:00:00+00:00,2014-09-05 00:00:00+00:00,1,0.0003546780391145646,1
2014-09-08 00:00:00+00:00,2014-09-08 00:00:00+00:00,1,-0.0006219840828982966,1
2014-09-09 00:00:00+00:00,2014-09-09 00:00:00+00:00,1,-0.0006989221074466308,1
2014-09-10 00:00:00+00:00,2014-09-10 00:00:00+00:00,1,0.0006309889426347696,1
2014-09-11 00:00:00+00:00,2014-09-11 00:00:00+00:00,1,-0.00444784327096962,1
2014-09-12 00:00:00+00:00,2014-09-12 00:00:00+00:00,1,-0.0012493255756953255,1
2014-09-15 00:00:00+00:00,2014-09-15 00:00:00+00:00,1,0.0003282666591573838,1
2014-09-16 00:00:00+00:00,2014-09-16 00:00:00+00:00,1,-0.003107606449364286,1
2014-09-17 00:00:00+00:00,2014-09-17 00:00:00+00:00,1,0.0003228735222028048,1
2014-09-18 00:00:00+00:00,2014-09-18 00:00:00+00:00,1,0.00277652985737894,1
2014-09-19 00:00:00+00:00,2014-09-19 00:00:00+00:00,1,0.0033792436317252265,1
2014-09-22 00:00:00+00:00,2014-09-22 00:00:00+00:00,1,-0.0023718195663937954,1
2014-09-23 00:00:00+00:00,2014-09-23 00:00:00+00:00,1,-0.004126987277276206,1
2014-09-24 00:00:00+00:00,2014-09-24 00:00:00+00:00,1,0.00028196352865313997,1
2014-09-25 00:00:00+00:00,2014-09-25 00:00:00+00:00,1,-0.003205355448494018,1
2014-09-26 00:00:00+00:00,2014-09-26 00:00:00+00:00,1,0.0022537078209241227,1
2014-09-29 00:00:00+00:00,2014-09-29 00:00:00+00:00,1,-0.009555413452703476,1
2014-09-30 00:00:00+00:00,2014-09-30 00:00:00+00:00,1,0.0014478537423373242,1
2014-10-01 00:00:00+00:00,2014-10-01 00:00:00+00:00,1,-0.002529058310800558,1
2014-10-02 00:00:00+00:00,2014-10-02 00:00:00+00:00,1,-0.0009432795705006988,1
2014-10-03 00:00:00+00:00,2014-10-03 00:00:00+00:00,1,0.005976015719547945,1
2014-10-06 00:00:00+00:00,2014-10-06 00:00:00+00:00,1,0.0033647910117696415,1
2014-10-07 00:00:00+00:00,2014-10-07 00:00:00+00:00,1,-0.0052202012609766976,1
2014-10-08 00:00:00+00:00,2014-10-08 00:00:00+00:00,1,0.00024344955045826373,1
2014-10-09 00:00:00+00:00,2014-10-09 00:00:00+00:00,1,-0.0017488785675880188,1
2014-10-10 00:00:00+00:00,2014-10-10 00:00:00+00:00,1,-0.0033716781590128805,1
2014-10-13 00:00:00+00:00,2014-10-13 00:00:00+00:00,1,-0.0014103848922102698,1
2014-10-14 00:00:00+00:00,2014-10-14 00:00:00+00:00,1,0.005514625663625006,1
2014-10-15 00:00:00+00:00,2014-10-15 00:00:00+00:00,1,-0.014595528949758274,1
2014-10-16 00:00:00+00:00,2014-10-16 00:00:00+00:00,1,-0.01989378457764438,1
2014-10-17 00:00:00+00:00,2014-10-17 00:00:00+00:00,1,0.012062213182430915,1
2014-10-20 00:00:00+00:00,2014-10-20 00:00:00+00:00,1,-0.0012553617935604274,1
2014-10-21 00:00:00+00:00,2014-10-21 00:00:00+00:00,1,0.009523345462804056,1
2014-10-22 00:00:00+00:00,2014-10-22 00:00:00+00:00,1,0.002124556732560368,1
2014-10-23 00:00:00+00:00,2014-10-23 00:00:00+00:00,1,0.00974064805356597,1
2014-10-24 00:00:00+00:00,2014-10-24 00:00:00+00:00,1,0.0015943086660615505,1
2014-10-27 00:00:00+00:00,2014-10-27 00:00:00+00:00,1,-0.003045367003300858,1
2014-10-28 00:00:00+00:00,2014-10-28 00:00:00+00:00,1,0.0037127514465948534,1
2014-10-29 00:00:00+00:00,2014-10-29 00:00:00+00:00,1,-0.0015939610717323523,1
2014-10-30 00:00:00+00:00,2014-10-30 00:00:00+00:00,1,-0.003891981613463635,1
2014-10-31 00:00:00+00:00,2014-10-31 00:00:00+00:00,1,0.0140168954700581,1
2014-11-03 00:00:00+00:00,2014-11-03 00:00:00+00:00,1,0.0012320797875082449,1
2014-11-04 00:00:00+00:00,2014-11-04 00:00:00+00:00,1,-0.0032111696139656472,1
2014-11-05 00:00:00+00:00,2014-11-05 00:00:00+00:00,1,0.006660286743918465,1
2014-11-06 00:00:00+00:00,2014-11-06 00:00:00+00:00,1,-0.00022570477721870456,1
2014-11-07 00:00:00+00:00,2014-11-07 00:00:00+00:00,1,0.000634309721977944,1
2014-11-10 00:00:00+00:00,2014-11-10 00:00:00+00:00,1,4.442769664344566e-05,1
2014-11-11 00:00:00+00:00,2014-11-11 00:00:00+00:00,1,-5.949103924629258e-06,1
2014-11-12 00:00:00+00:00,2014-11-12 00:00:00+00:00,1,-0.0043366657268179894,1
2014-11-13 00:00:00+00:00,2014-11-13 00:00:00+00:00,1,0.0011175816172184997,1
2014-11-14 00:00:00+00:00,2014-11-14 00:00:00+00:00,1,-0.0006661416633328195,1
2014-11-17 00:00:00+00:00,2014-11-17 00:00:00+00:00,1,-0.0024175040447776738,1
2014-11-18 00:00:00+00:00,2014-11-18 00:00:00+00:00,1,0.00030887413834354034,1
2014-11-19 00:00:00+00:00,2014-11-19 00:00:00+00:00,1,-0.0014143759289212184,1
2014-11-20 00:00:00+00:00,2014-11-20 00:00:00+00:00,1,-0.004770755397539439,1
2014-11-21 00:00:00+00:00,2014-11-21 00:00:00+00:00,1,0.009147372066965998,1
2014-11-24 00:00:00+00:00,2014-11-24 00:00:00+00:00,1,0.002233494649548107,1
2014-11-25 00:00:00+00:00,2014-11-25 00:00:00+00:00,1,0.0011394658906675684,1
2014-11-26 00:00:00+00:00,2014-11-26 00:00:00+00:00,1,0.0006116609863266679,1
2014-11-28 00:00:00+00:00,2014-11-28 00:00:00+00:00,1,0.0006654000758947957,1
2014-12-01 00:00:00+00:00,2014-12-01 00:00:00+00:00,1,-0.0035980096743217557,1
2014-12-02 00:00:00+00:00,2014-12-02 00:00:00+00:00,1,0.00034613789195444585,1
2014-12-03 00:00:00+00:00,2014-12-03 00:00:00+00:00,1,0.0009671348109702941,1
2014-12-04 00:00:00+00:00,2014-12-04 00:00:00+00:00,1,-0.0016161933293524552,1
2014-12-05 00:00:00+00:00,2014-12-05 00:00:00+00:00,1,0.0010126389390182292,1
2014-12-08 00:00:00+00:00,2014-12-08 00:00:00+00:00,1,-0.002734779972815826,1
2014-12-09 00:00:00+00:00,2014-12-09 00:00:00+00:00,1,-0.011551139640858887,1
2014-12-10 00:00:00+00:00,2014-12-10 00:00:00+00:00,1,-0.0025612797778975845,1
2014-12-11 00:00:00+00:00,2014-12-11 00:00:00+00:00,1,0.0029238652288573145,1
2014-12-12 00:00:00+00:00,2014-12-12 00:00:00+00:00,1,-0.008864401163023205,1
2014-12-15 00:00:00+00:00,2014-12-15 00:00:00+00:00,1,0.004994101885042979,1
2014-12-16 00:00:00+00:00,2014-12-16 00:00:00+00:00,1,-0.0057801402280501565,1
2014-12-17 00:00:00+00:00,2014-12-17 00:00:00+00:00,1,0.0013892031165692823,1
2014-12-18 00:00:00+00:00,2014-12-18 00:00:00+00:00,1,0.014180676211036658,1
2014-12-19 00:00:00+00:00,2014-12-19 00:00:00+00:00,1,0.002123682413988826,1
2014-12-22 00:00:00+00:00,2014-12-22 00:00:00+00:00,1,-0.0005582111131605446,1
2014-12-23 00:00:00+00:00,2014-12-23 00:00:00+00:00,1,0.003203921950342659,1
2014-12-24 00:00:00+00:00,2014-12-24 00:00:00+00:00,1,0.0009734640266737208,1
2014-12-26 00:00:00+00:00,2014-12-26 00:00:00+00:00,1,0.0024377398564691902,1
2014-12-29 00:00:00+00:00,2014-12-29 00:00:00+00:00,1,-0.0013037811971381204,1
2014-12-30 00:00:00+00:00,2014-12-30 00:00:00+00:00,1,-0.0029499359883775386,1
2014-12-31 00:00:00+00:00,2014-12-31 00:00:00+00:00,1,0.0015020874583737357,1
2015-01-02 00:00:00+00:00,2015-01-02 00:00:00+00:00,1,0.004213033490196383,1
2015-01-05 00:00:00+00:00,2015-01-05 00:00:00+00:00,1,-0.005552283453527351,1
2015-01-06 00:00:00+00:00,2015-01-06 00:00:00+00:00,1,0.001356413386201483,1
2015-01-07 00:00:00+00:00,2015-01-07 00:00:00+00:00,1,0.007001410698517197,1
2015-01-08 00:00:00+00:00,2015-01-08 00:00:00+00:00,1,0.008143747016115721,1
2015-01-09 00:00:00+00:00,2015-01-09 00:00:00+00:00,1,0.002463017704927484,1
2015-01-12 00:00:00+00:00,2015-01-12 00:00:00+00:00,1,0.0010660945048982188,1
2015-01-13 00:00:00+00:00,2015-01-13 00:00:00+00:00,1,0.00820127032925152,1
2015-01-14 00:00:00+00:00,2015-01-14 00:00:00+00:00,1,-0.01133595165257043,1
2015-01-15 00:00:00+00:00,2015-01-15 00:00:00+00:00,1,0.003944512164546355,1
2015-01-16 00:00:00+00:00,2015-01-16 00:00:00+00:00,1,-0.0015805949842806252,1
2015-01-20 00:00:00+00:00,2015-01-20 00:00:00+00:00,1,0.004634604524489572,1
2015-01-21 00:00:00+00:00,2015-01-21 00:00:00+00:00,1,-0.003161567872864956,1
2015-01-22 00:00:00+00:00,2015-01-22 00:00:00+00:00,1,0.0038985261359083204,1
2015-01-23 00:00:00+00:00,2015-01-23 00:00:00+00:00,1,-0.0011001936071458381,1
2015-01-26 00:00:00+00:00,2015-01-26 00:00:00+00:00,1,-0.0015098894130163628,1
2015-01-27 00:00:00+00:00,2015-01-27 00:00:00+00:00,1,-0.014209439153655112,1
2015-01-28 00:00:00+00:00,2015-01-28 00:00:00+00:00,1,0.011261278589490964,1
2015-01-29 00:00:00+00:00,2015-01-29 00:00:00+00:00,1,-9.718438417020107e-05,1
2015-01-30 00:00:00+00:00,2015-01-30 00:00:00+00:00,1,-0.004256475819041905,1
2015-02-02 00:00:00+00:00,2015-02-02 00:00:00+00:00,1,0.0023416135150340026,1
2015-02-03 00:00:00+00:00,2015-02-03 00:00:00+00:00,1,0.004188240043029612,1
2015-02-04 00:00:00+00:00,2015-02-04 00:00:00+00:00,1,-0.004585131109476703,1
2015-02-05 00:00:00+00:00,2015-02-05 00:00:00+00:00,1,0.002923913189952299,1
2015-02-06 00:00:00+00:00,2015-02-06 00:00:00+00:00,1,0.001538423354293961,1
2015-02-09 00:00:00+00:00,2015-02-09 00:00:00+00:00,1,-0.004136644005453138,1
2015-02-10 00:00:00+00:00,2015-02-10 00:00:00+00:00,1,0.005526742111180061,1
2015-02-11 00:00:00+00:00,2015-02-11 00:00:00+00:00,1,-0.0002089115230612723,1
2015-02-12 00:00:00+00:00,2015-02-12 00:00:00+00:00,1,0.005264412137916253,1
2015-02-13 00:00:00+00:00,2015-02-13 00:00:00+00:00,1,0.0014741264975641436,1
2015-02-17 00:00:00+00:00,2015-02-17 00:00:00+00:00,1,-0.0012055387833685201,1
2015-02-18 00:00:00+00:00,2015-02-18 00:00:00+00:00,1,-0.0019783135187010133,1
2015-02-19 00:00:00+00:00,2015-02-19 00:00:00+00:00,1,-0.0023400149459497973,1
2015-02-20 00:00:00+00:00,2015-02-20 00:00:00+00:00,1,-0.0018154977902049337,1
2015-02-23 00:00:00+00:00,2015-02-23 00:00:00+00:00,1,-0.0012867570848688389,1
2015-02-24 00:00:00+00:00,2015-02-24 00:00:00+00:00,1,-0.0011582775442073086,1
2015-02-25 00:00:00+00:00,2015-02-25 00:00:00+00:00,1,-0.001390784641783471,1
2015-02-26 00:00:00+00:00,2015-02-26 00:00:00+00:00,1,-5.182541620549734e-05,1
2015-02-27 00:00:00+00:00,2015-02-27 00:00:00+00:00,1,-0.0007677782356182768,1
2015-03-02 00:00:00+00:00,2015-03-02 00:00:00+00:00,1,0.0009533018054241563,1
2015-03-03 00:00:00+00:00,2015-03-03 00:00:00+00:00,1,-0.003034753410113755,1
2015-03-04 00:00:00+00:00,2015-03-04 00:00:00+00:00,1,-0.00365863026522476,1
2015-03-05 00:00:00+00:00,2015-03-05 00:00:00+00:00,1,0.0019183107834957695,1
2015-03-06 00:00:00+00:00,2015-03-06 00:00:00+00:00,1,-0.0034150278742319014,1
2015-03-09 00:00:00+00:00,2015-03-09 00:00:00+00:00,1,0.0013022329983879092,1
2015-03-10 00:00:00+00:00,2015-03-10 00:00:00+00:00,1,-0.007833401867913625,1
2015-03-11 00:00:00+00:00,2015-03-11 00:00:00+00:00,1,0.001212827196485156,1
2015-03-12 00:00:00+00:00,2015-03-12 00:00:00+00:00,1,0.0011778233920768048,1
2015-03-13 00:00:00+00:00,2015-03-13 00:00:00+00:00,1,-0.0015694483637388231,1
2015-03-16 00:00:00+00:00,2015-03-16 00:00:00+00:00,1,0.003688757356345074,1
2015-03-17 00:00:00+00:00,2015-03-17 00:00:00+00:00,1,-0.0037924153340064045,1
2015-03-18 00:00:00+00:00,2015-03-18 00:00:00+00:00,1,-0.0030271956703501798,1
2015-03-19 00:00:00+00:00,2015-03-19 00:00:00+00:00,1,-0.0009781380024143412,1
2015-03-20 00:00:00+00:00,2015-03-20 00:00:00+00:00,1,0.006552974913941767,1
2015-03-23 00:00:00+00:00,2015-03-23 00:00:00+00:00,1,-0.0005529002346000619,1
2015-03-24 00:00:00+00:00,2015-03-24 00:00:00+00:00,1,-0.0007031160245577813,1
2015-03-25 00:00:00+00:00,2015-03-25 00:00:00+00:00,1,0.0010861000368340371,1
2015-03-26 00:00:00+00:00,2015-03-26 00:00:00+00:00,1,-0.006368794470706129,1
2015-03-27 00:00:00+00:00,2015-03-27 00:00:00+00:00,1,-0.0007362349550403043,1
2015-03-30 00:00:00+00:00,2015-03-30 00:00:00+00:00,1,0.005746201498353887,1
2015-03-31 00:00:00+00:00,2015-03-31 00:00:00+00:00,1,-0.004082524344333904,1
2015-04-01 00:00:00+00:00,2015-04-01 00:00:00+00:00,1,-0.000397018267261606,1
2015-04-02 00:00:00+00:00,2015-04-02 00:00:00+00:00,1,-1.8163112231605867e-05,1
2015-04-06 00:00:00+00:00,2015-04-06 00:00:00+00:00,1,-0.0058405763969097465,1
2015-04-07 00:00:00+00:00,2015-04-07 00:00:00+00:00,1,-0.0005109382710153151,1
2015-04-08 00:00:00+00:00,2015-04-08 00:00:00+00:00,1,0.0005401083109584873,1
2015-04-09 00:00:00+00:00,2015-04-09 00:00:00+00:00,1,-0.0010151188591839052,1
2015-04-10 00:00:00+00:00,2015-04-10 00:00:00+00:00,1,0.000231499324680107,1
2015-04-13 00:00:00+00:00,2015-04-13 00:00:00+00:00,1,-0.0003334527111554572,1
2015-04-14 00:00:00+00:00,2015-04-14 00:00:00+00:00,1,-0.0013853030360482573,1
2015-04-15 00:00:00+00:00,2015-04-15 00:00:00+00:00,1,0.0023427381589049227,1
2015-04-16 00:00:00+00:00,2015-04-16 00:00:00+00:00,1,-0.0025950582891781423,1
2015-04-17 00:00:00+00:00,2015-04-17 00:00:00+00:00,1,-0.00848096004285096,1
2015-04-20 00:00:00+00:00,2015-04-20 00:00:00+00:00,1,0.004868704335308916,1
2015-04-21 00:00:00+00:00,2015-04-21 00:00:00+00:00,1,0.004534992807402072,1
2015-04-22 00:00:00+00:00,2015-04-22 00:00:00+00:00,1,0.0019732099978443055,1
2015-04-23 00:00:00+00:00,2015-04-23 00:00:00+00:00,1,-0.0031420063107311155,1
2015-04-24 00:00:00+00:00,2015-04-24 00:00:00+00:00,1,0.0061563718647213665,1
2015-04-27 00:00:00+00:00,2015-04-27 00:00:00+00:00,1,0.00316073082072218,1
2015-04-28 00:00:00+00:00,2015-04-28 00:00:00+00:00,1,-8.289750647682821e-06,1
2015-04-29 00:00:00+00:00,2015-04-29 00:00:00+00:00,1,-0.005602139276760709,1
2015-04-30 00:00:00+00:00,2015-04-30 00:00:00+00:00,1,-0.004773267399018099,1
2015-05-01 00:00:00+00:00,2015-05-01 00:00:00+00:00,1,0.0039057100453772867,1
2015-05-04 00:00:00+00:00,2015-05-04 00:00:00+00:00,1,0.0025151071251216742,1
2015-05-05 00:00:00+00:00,2015-05-05 00:00:00+00:00,1,-0.002954641272118785,1
2015-05-06 00:00:00+00:00,2015-05-06 00:00:00+00:00,1,0.0021638070837281757,1
2015-05-07 00:00:00+00:00,2015-05-07 00:00:00+00:00,1,-0.0007286868845067015,1
2015-05-08 00:00:00+00:00,2015-05-08 00:00:00+00:00,1,0.009681300809005056,1
2015-05-11 00:00:00+00:00,2015-05-11 00:00:00+00:00,1,-9.596869711789828e-05,1
2015-05-12 00:00:00+00:00,2015-05-12 00:00:00+00:00,1,-0.0056295839312894055,1
2015-05-13 00:00:00+00:00,2015-05-13 00:00:00+00:00,1,0.003047340466745452,1
2015-05-14 00:00:00+00:00,2015-05-14 00:00:00+00:00,1,0.0066781544260405504,1
2015-05-15 00:00:00+00:00,2015-05-15 00:00:00+00:00,1,0.0015195887738398087,1
2015-05-18 00:00:00+00:00,2015-05-18 00:00:00+00:00,1,-0.0015918466535009609,1
2015-05-19 00:00:00+00:00,2015-05-19 00:00:00+00:00,1,0.0005736070201218472,1
2015-05-20 00:00:00+00:00,2015-05-20 00:00:00+00:00,1,0.0003454446461524599,1
2015-05-21 00:00:00+00:00,2015-05-21 00:00:00+00:00,1,-0.001562935042243507,1
2015-05-22 00:00:00+00:00,2015-05-22 00:00:00+00:00,1,-0.0019649332962679896,1
2015-05-26 00:00:00+00:00,2015-05-26 00:00:00+00:00,1,-0.0027715291599071153,1
2015-05-27 00:00:00+00:00,2015-05-27 00:00:00+00:00,1,0.0025161233276972065,1
2015-05-28 00:00:00+00:00,2015-05-28 00:00:00+00:00,1,-0.0021158526039800948,1
2015-05-29 00:00:00+00:00,2015-05-29 00:00:00+00:00,1,-0.0008044782675357461,1
2015-06-01 00:00:00+00:00,2015-06-01 00:00:00+00:00,1,0.004275207399757475,1
2015-06-02 00:00:00+00:00,2015-06-02 00:00:00+00:00,1,-0.003456388160564072,1
2015-06-03 00:00:00+00:00,2015-06-03 00:00:00+00:00,1,0.003485181021233708,1
2015-06-04 00:00:00+00:00,2015-06-04 00:00:00+00:00,1,-0.005113456960917117,1
2015-06-05 00:00:00+00:00,2015-06-05 00:00:00+00:00,1,-0.0013215908561544417,1
2015-06-08 00:00:00+00:00,2015-06-08 00:00:00+00:00,1,-0.0008385243295674135,1
2015-06-09 00:00:00+00:00,2015-06-09 00:00:00+00:00,1,-0.0015736150294325731,1
2015-06-10 00:00:00+00:00,2015-06-10 00:00:00+00:00,1,0.003619595945211296,1
2015-06-11 00:00:00+00:00,2015-06-11 00:00:00+00:00,1,0.0026456317932016197,1
2015-06-12 00:00:00+00:00,2015-06-12 00:00:00+00:00,1,-0.005283559244413349,1
2015-06-15 00:00:00+00:00,2015-06-15 00:00:00+00:00,1,-0.007285889994057415,1
2015-06-16 00:00:00+00:00,2015-06-16 00:00:00+00:00,1,-0.0012386182819574595,1
2015-06-17 00:00:00+00:00,2015-06-17 00:00:00+00:00,1,0.0013356088925325586,1
2015-06-18 00:00:00+00:00,2015-06-18 00:00:00+00:00,1,0.0032425472910389778,1
2015-06-19 00:00:00+00:00,2015-06-19 00:00:00+00:00,1,-0.0007398198718738588,1
2015-06-22 00:00:00+00:00,2015-06-22 00:00:00+00:00,1,0.005994108842471169,1
2015-06-23 00:00:00+00:00,2015-06-23 00:00:00+00:00,1,0.000832075037532987,1
2015-06-24 00:00:00+00:00,2015-06-24 00:00:00+00:00,1,-0.0016412984022648788,1
2015-06-25 00:00:00+00:00,2015-06-25 00:00:00+00:00,1,0.0030758839708624145,1
2015-06-26 00:00:00+00:00,2015-06-26 00:00:00+00:00,1,0.000633555037826106,1
2015-06-29 00:00:00+00:00,2015-06-29 00:00:00+00:00,1,-0.010054545093715705,1
2015-06-30 00:00:00+00:00,2015-06-30 00:00:00+00:00,1,0.00792763162670992,1
2015-07-01 00:00:00+00:00,2015-07-01 00:00:00+00:00,1,0.009216486639343125,1
2015-07-02 00:00:00+00:00,2015-07-02 00:00:00+00:00,1,0.002509784581215724,1
2015-07-06 00:00:00+00:00,2015-07-06 00:00:00+00:00,1,-0.007163808468061172,1
2015-07-07 00:00:00+00:00,2015-07-07 00:00:00+00:00,1,0.0008375757264697751,1
2015-07-08 00:00:00+00:00,2015-07-08 00:00:00+00:00,1,-0.007711615890070555,1
2015-07-09 00:00:00+00:00,2015-07-09 00:00:00+00:00,1,0.012481417746571155,1
2015-07-10 00:00:00+00:00,2015-07-10 00:00:00+00:00,1,0.012181300569568865,1
2015-07-13 00:00:00+00:00,2015-07-13 00:00:00+00:00,1,0.007658331746081959,1
2015-07-14 00:00:00+00:00,2015-07-14 00:00:00+00:00,1,0.00026544572773381543,1
2015-07-15 00:00:00+00:00,2015-07-15 00:00:00+00:00,1,0.0007708910810064421,1
2015-07-16 00:00:00+00:00,2015-07-16 00:00:00+00:00,1,0.006813376570275665,1
2015-07-17 00:00:00+00:00,2015-07-17 00:00:00+00:00,1,0.0036965940603644557,1
2015-07-20 00:00:00+00:00,2015-07-20 00:00:00+00:00,1,0.0013916341167678706,1
2015-07-21 00:00:00+00:00,2015-07-21 00:00:00+00:00,1,-0.000500686214573642,1
2015-07-22 00:00:00+00:00,2015-07-22 00:00:00+00:00,1,-0.009874127921879838,1
2015-07-23 00:00:00+00:00,2015-07-23 00:00:00+00:00,1,0.0005671454074266061,1
2015-07-24 00:00:00+00:00,2015-07-24 00:00:00+00:00,1,0.002659202735980493,1
2015-07-27 00:00:00+00:00,2015-07-27 00:00:00+00:00,1,-0.005683346035396808,1
2015-07-28 00:00:00+00:00,2015-07-28 00:00:00+00:00,1,0.004341506826678188,1
2015-07-29 00:00:00+00:00,2015-07-29 00:00:00+00:00,1,0.0011383017945737154,1
2015-07-30 00:00:00+00:00,2015-07-30 00:00:00+00:00,1,-0.0029124668391713234,1
2015-07-31 00:00:00+00:00,2015-07-31 00:00:00+00:00,1,0.002684160644855072,1
2015-08-03 00:00:00+00:00,2015-08-03 00:00:00+00:00,1,-0.0003055004056895846,1
2015-08-04 00:00:00+00:00,2015-08-04 00:00:00+00:00,1,-0.0007385504896445291,1
2015-08-05 00:00:00+00:00,2015-08-05 00:00:00+00:00,1,0.00503821249550559,1
2015-08-06 00:00:00+00:00,2015-08-06 00:00:00+00:00,1,0.0006689867732005642,1
2015-08-07 00:00:00+00:00,2015-08-07 00:00:00+00:00,1,-0.001978163604391325,1
2015-08-10 00:00:00+00:00,2015-08-10 00:00:00+00:00,1,0.006070766772097913,1
2015-08-11 00:00:00+00:00,2015-08-11 00:00:00+00:00,1,-0.006743316473036031,1
2015-08-12 00:00:00+00:00,2015-08-12 00:00:00+00:00,1,-0.007488225623084243,1
2015-08-13 00:00:00+00:00,2015-08-13 00:00:00+00:00,1,-0.000257053097987103,1
2015-08-14 00:00:00+00:00,2015-08-14 00:00:00+00:00,1,-0.0020294571405761515,1
2015-08-17 00:00:00+00:00,2015-08-17 00:00:00+00:00,1,-0.0032165531700104385,1
2015-08-18 00:00:00+00:00,2015-08-18 00:00:00+00:00,1,-0.0017567555003960896,1
2015-08-19 00:00:00+00:00,2015-08-19 00:00:00+00:00,1,-0.003952553827779181,1
2015-08-20 00:00:00+00:00,2015-08-20 00:00:00+00:00,1,-0.009275158427449892,1
2015-08-21 00:00:00+00:00,2015-08-21 00:00:00+00:00,1,-0.012842027201361328,1
2015-08-24 00:00:00+00:00,2015-08-24 00:00:00+00:00,1,-0.06632585034586488,1
2015-08-25 00:00:00+00:00,2015-08-25 00:00:00+00:00,1,0.03367879282519012,1
2015-08-26 00:00:00+00:00,2015-08-26 00:00:00+00:00,1,0.027171708062220322,1
2015-08-27 00:00:00+00:00,2015-08-27 00:00:00+00:00,1,0.013513174296837483,1
2015-08-28 00:00:00+00:00,2015-08-28 00:00:00+00:00,1,-0.004882633229995969,1
2015-08-31 00:00:00+00:00,2015-08-31 00:00:00+00:00,1,-0.006028515418066293,1
2015-09-01 00:00:00+00:00,2015-09-01 00:00:00+00:00,1,-0.024272015766020262,1
2015-09-02 00:00:00+00:00,2015-09-02 00:00:00+00:00,1,0.016185663790480885,1
2015-09-03 00:00:00+00:00,2015-09-03 00:00:00+00:00,1,0.0038479970750389895,1
2015-09-04 00:00:00+00:00,2015-09-04 00:00:00+00:00,1,-0.014070805344935577,1
2015-09-08 00:00:00+00:00,2015-09-08 00:00:00+00:00,1,0.017989829249567123,1
2015-09-09 00:00:00+00:00,2015-09-09 00:00:00+00:00,1,0.010389191666976794,1
2015-09-10 00:00:00+00:00,2015-09-10 00:00:00+00:00,1,-0.0014679609199298223,1
2015-09-11 00:00:00+00:00,2015-09-11 00:00:00+00:00,1,-0.0037859983569516805,1
2015-09-14 00:00:00+00:00,2015-09-14 00:00:00+00:00,1,0.002080740198940079,1
2015-09-15 00:00:00+00:00,2015-09-15 00:00:00+00:00,1,0.002418543468351431,1
2015-09-16 00:00:00+00:00,2015-09-16 00:00:00+00:00,1,0.0007007918996077781,1
2015-09-17 00:00:00+00:00,2015-09-17 00:00:00+00:00,1,-0.0012131893802451495,1
2015-09-18 00:00:00+00:00,2015-09-18 00:00:00+00:00,1,-0.015489447914140841,1
2015-09-21 00:00:00+00:00,2015-09-21 00:00:00+00:00,1,0.004985425974891345,1
2015-09-22 00:00:00+00:00,2015-09-22 00:00:00+00:00,1,-0.014530811727691917,1
2015-09-23 00:00:00+00:00,2015-09-23 00:00:00+00:00,1,0.001560454790408972,1
2015-09-24 00:00:00+00:00,2015-09-24 00:00:00+00:00,1,-0.008892185699996369,1
2015-09-25 00:00:00+00:00,2015-09-25 00:00:00+00:00,1,0.009557157180959031,1
2015-09-28 00:00:00+00:00,2015-09-28 00:00:00+00:00,1,-0.005211927113470993,1
2015-09-29 00:00:00+00:00,2015-09-29 00:00:00+00:00,1,0.001641406212838337,1
2015-09-30 00:00:00+00:00,2015-09-30 00:00:00+00:00,1,0.012818410952508985,1
2015-10-01 00:00:00+00:00,2015-10-01 00:00:00+00:00,1,0.0017581794081979688,1
2015-10-02 00:00:00+00:00,2015-10-02 00:00:00+00:00,1,-0.013387469278290797,1
2015-10-05 00:00:00+00:00,2015-10-05 00:00:00+00:00,1,0.007145383600417577,1
2015-10-06 00:00:00+00:00,2015-10-06 00:00:00+00:00,1,-0.0018879572782640516,1
2015-10-07 00:00:00+00:00,2015-10-07 00:00:00+00:00,1,0.005648983125742879,1
2015-10-08 00:00:00+00:00,2015-10-08 00:00:00+00:00,1,-0.0033467412910405444,1
2015-10-09 00:00:00+00:00,2015-10-09 00:00:00+00:00,1,0.0003578176147734594,1
2015-10-12 00:00:00+00:00,2015-10-12 00:00:00+00:00,1,0.0008624322119474507,1
2015-10-13 00:00:00+00:00,2015-10-13 00:00:00+00:00,1,-0.005314582922524324,1
2015-10-14 00:00:00+00:00,2015-10-14 00:00:00+00:00,1,-0.0004749011616642426,1
2015-10-15 00:00:00+00:00,2015-10-15 00:00:00+00:00,1,0.003522964662093309,1
2015-10-16 00:00:00+00:00,2015-10-16 00:00:00+00:00,1,0.0019541430245507366,1
2015-10-19 00:00:00+00:00,2015-10-19 00:00:00+00:00,1,-0.00284159883547328,1
2015-10-20 00:00:00+00:00,2015-10-20 00:00:00+00:00,1,-0.0024520412051199144,1
2015-10-21 00:00:00+00:00,2015-10-21 00:00:00+00:00,1,0.003472919347801662,1
2015-10-22 00:00:00+00:00,2015-10-22 00:00:00+00:00,1,0.006963277393375622,1
2015-10-23 00:00:00+00:00,2015-10-23 00:00:00+00:00,1,0.01799220974610679,1
2015-10-26 00:00:00+00:00,2015-10-26 00:00:00+00:00,1,-0.0011604859673904674,1
2015-10-27 00:00:00+00:00,2015-10-27 00:00:00+00:00,1,-0.00356152440754085,1
2015-10-28 00:00:00+00:00,2015-10-28 00:00:00+00:00,1,0.001419342670353452,1
2015-10-29 00:00:00+00:00,2015-10-29 00:00:00+00:00,1,-0.004015863450706569,1
2015-10-30 00:00:00+00:00,2015-10-30 00:00:00+00:00,1,0.00047051193592003744,1
2015-11-02 00:00:00+00:00,2015-11-02 00:00:00+00:00,1,0.0019611290006251395,1
2015-11-03 00:00:00+00:00,2015-11-03 00:00:00+00:00,1,-0.0023012070907938217,1
2015-11-04 00:00:00+00:00,2015-11-04 00:00:00+00:00,1,0.0021812132429326007,1
2015-11-05 00:00:00+00:00,2015-11-05 00:00:00+00:00,1,0.00030082391731342,1
2015-11-06 00:00:00+00:00,2015-11-06 00:00:00+00:00,1,-0.002234146948780635,1
2015-11-09 00:00:00+00:00,2015-11-09 00:00:00+00:00,1,-0.003910838189314847,1
2015-11-10 00:00:00+00:00,2015-11-10 00:00:00+00:00,1,-0.004311163247893801,1
2015-11-11 00:00:00+00:00,2015-11-11 00:00:00+00:00,1,0.001835505615983635,1
2015-11-12 00:00:00+00:00,2015-11-12 00:00:00+00:00,1,-0.005317498528876951,1
2015-11-13 00:00:00+00:00,2015-11-13 00:00:00+00:00,1,-0.00359332350026168,1
2015-11-16 00:00:00+00:00,2015-11-16 00:00:00+00:00,1,-0.0013437839320995845,1
2015-11-17 00:00:00+00:00,2015-11-17 00:00:00+00:00,1,0.0014521768857134968,1
2015-11-18 00:00:00+00:00,2015-11-18 00:00:00+00:00,1,0.0031053041263487628,1
2015-11-19 00:00:00+00:00,2015-11-19 00:00:00+00:00,1,-0.00037128694986685555,1
2015-11-20 00:00:00+00:00,2015-11-20 00:00:00+00:00,1,0.004232364252170518,1
2015-11-23 00:00:00+00:00,2015-11-23 00:00:00+00:00,1,4.181915804643029e-05,1
2015-11-24 00:00:00+00:00,2015-11-24 00:00:00+00:00,1,-0.00641134350428616,1
2015-11-25 00:00:00+00:00,2015-11-25 00:00:00+00:00,1,0.0008035988058536451,1
2015-11-27 00:00:00+00:00,2015-11-27 00:00:00+00:00,1,0.0010577605004397864,1
2015-11-30 00:00:00+00:00,2015-11-30 00:00:00+00:00,1,0.001640257716737115,1
2015-12-01 00:00:00+00:00,2015-12-01 00:00:00+00:00,1,0.0035143613933242505,1
2015-12-02 00:00:00+00:00,2015-12-02 00:00:00+00:00,1,-5.1690520634006516e-05,1
2015-12-03 00:00:00+00:00,2015-12-03 00:00:00+00:00,1,0.0017736698068463123,1
2015-12-04 00:00:00+00:00,2015-12-04 00:00:00+00:00,1,0.001211029040565215,1
2015-12-07 00:00:00+00:00,2015-12-07 00:00:00+00:00,1,-0.0008828274381354802,1
2015-12-08 00:00:00+00:00,2015-12-08 00:00:00+00:00,1,-0.00999832396051179,1
2015-12-09 00:00:00+00:00,2015-12-09 00:00:00+00:00,1,-0.004317124575793396,1
2015-12-10 00:00:00+00:00,2015-12-10 00:00:00+00:00,1,0.0010462231259885327,1
2015-12-11 00:00:00+00:00,2015-12-11 00:00:00+00:00,1,-0.012196305309250399,1
2015-12-14 00:00:00+00:00,2015-12-14 00:00:00+00:00,1,0.0008474583843918974,1
2015-12-15 00:00:00+00:00,2015-12-15 00:00:00+00:00,1,0.008749287892835545,1
2015-12-16 00:00:00+00:00,2015-12-16 00:00:00+00:00,1,0.0063513668230129276,1
2015-12-17 00:00:00+00:00,2015-12-17 00:00:00+00:00,1,0.0027826158036277863,1
2015-12-18 00:00:00+00:00,2015-12-18 00:00:00+00:00,1,-0.004009667534029182,1
2015-12-21 00:00:00+00:00,2015-12-21 00:00:00+00:00,1,0.007909405606947495,1
2015-12-22 00:00:00+00:00,2015-12-22 00:00:00+00:00,1,0.004959645475468089,1
2015-12-23 00:00:00+00:00,2015-12-23 00:00:00+00:00,1,0.005218052576762411,1
2015-12-24 00:00:00+00:00,2015-12-24 00:00:00+00:00,1,-0.001027914675144603,1
2015-12-28 00:00:00+00:00,2015-12-28 00:00:00+00:00,1,-0.0034925150268860002,1
2015-12-29 00:00:00+00:00,2015-12-29 00:00:00+00:00,1,0.005844620273392132,1
2015-12-30 00:00:00+00:00,2015-12-30 00:00:00+00:00,1,-0.0014365704647454122,1
2015-12-31 00:00:00+00:00,2015-12-31 00:00:00+00:00,1,-0.004008124864834017,1
2016-01-04 00:00:00+00:00,2016-01-04 00:00:00+00:00,1,-0.019362092434788238,1
2016-01-05 00:00:00+00:00,2016-01-05 00:00:00+00:00,1,0.00311102141230043,1
2016-01-06 00:00:00+00:00,2016-01-06 00:00:00+00:00,1,-0.016489843829827745,1
2016-01-07 00:00:00+00:00,2016-01-07 00:00:00+00:00,1,-0.019745794101803972,1
2016-01-08 00:00:00+00:00,2016-01-08 00:00:00+00:00,1,0.0062609572415714635,1
2016-01-11 00:00:00+00:00,2016-01-11 00:00:00+00:00,1,0.006097248922493382,1
2016-01-12 00:00:00+00:00,2016-01-12 00:00:00+00:00,1,0.008942790245435839,1
2016-01-13 00:00:00+00:00,2016-01-13 00:00:00+00:00,1,0.003776760243044375,1
2016-01-14 00:00:00+00:00,2016-01-14 00:00:00+00:00,1,0.003569413605879002,1
2016-01-15 00:00:00+00:00,2016-01-15 00:00:00+00:00,1,-0.030317723566784117,1
2016-01-19 00:00:00+00:00,2016-01-19 00:00:00+00:00,1,0.012216898691057432,1
2016-01-20 00:00:00+00:00,2016-01-20 00:00:00+00:00,1,-0.016222526712399356,1
2016-01-21 00:00:00+00:00,2016-01-21 00:00:00+00:00,1,0.0033421225917127043,1
2016-01-22 00:00:00+00:00,2016-01-22 00:00:00+00:00,1,0.01804022715544181,1
2016-01-25 00:00:00+00:00,2016-01-25 00:00:00+00:00,1,-0.0036573251719872243,1
2016-01-26 00:00:00+00:00,2016-01-26 00:00:00+00:00,1,0.0038814841999553432,1
2016-01-27 00:00:00+00:00,2016-01-27 00:00:00+00:00,1,-0.0048383694047013145,1
2016-01-28 00:00:00+00:00,2016-01-28 00:00:00+00:00,1,0.012865613646920371,1
2016-01-29 00:00:00+00:00,2016-01-29 00:00:00+00:00,1,0.00195898352476539,1
2016-02-01 00:00:00+00:00,2016-02-01 00:00:00+00:00,1,-0.005772247601946867,1
2016-02-02 00:00:00+00:00,2016-02-02 00:00:00+00:00,1,-0.006962323141602311,1
2016-02-03 00:00:00+00:00,2016-02-03 00:00:00+00:00,1,0.0063152436673645455,1
2016-02-04 00:00:00+00:00,2016-02-04 00:00:00+00:00,1,-0.003170195166454814,1
2016-02-05 00:00:00+00:00,2016-02-05 00:00:00+00:00,1,-0.0036625199597859256,1
2016-02-08 00:00:00+00:00,2016-02-08 00:00:00+00:00,1,-0.015424553314597222,1
2016-02-09 00:00:00+00:00,2016-02-09 00:00:00+00:00,1,-0.012530746377127732,1
2016-02-10 00:00:00+00:00,2016-02-10 00:00:00+00:00,1,0.008104663340222829,1
2016-02-11 00:00:00+00:00,2016-02-11 00:00:00+00:00,1,-0.014567955218508932,1
2016-02-12 00:00:00+00:00,2016-02-12 00:00:00+00:00,1,0.011086724149032745,1
2016-02-16 00:00:00+00:00,2016-02-16 00:00:00+00:00,1,0.012829754062770505,1
2016-02-17 00:00:00+00:00,2016-02-17 00:00:00+00:00,1,0.006977444219012996,1
2016-02-18 00:00:00+00:00,2016-02-18 00:00:00+00:00,1,0.0020904971593581293,1
2016-02-19 00:00:00+00:00,2016-02-19 00:00:00+00:00,1,-0.005112661996432377,1
2016-02-22 00:00:00+00:00,2016-02-22 00:00:00+00:00,1,0.009243460795559788,1
2016-02-23 00:00:00+00:00,2016-02-23 00:00:00+00:00,1,-0.005206632487799656,1
2016-02-24 00:00:00+00:00,2016-02-24 00:00:00+00:00,1,-0.010551259257219869,1
2016-02-25 00:00:00+00:00,2016-02-25 00:00:00+00:00,1,0.002095503557936274,1
2016-02-26 00:00:00+00:00,2016-02-26 00:00:00+00:00,1,0.006147906699054817,1
2016-02-29 00:00:00+00:00,2016-02-29 00:00:00+00:00,1,-0.0007320879418468481,1
2016-03-01 00:00:00+00:00,2016-03-01 00:00:00+00:00,1,0.008226101579430678,1
2016-03-02 00:00:00+00:00,2016-03-02 00:00:00+00:00,1,-0.001848155755313918,1
2016-03-03 00:00:00+00:00,2016-03-03 00:00:00+00:00,1,-0.0013473502381906918,1
2016-03-04 00:00:00+00:00,2016-03-04 00:00:00+00:00,1,0.0008436228369369195,1
2016-03-07 00:00:00+00:00,2016-03-07 00:00:00+00:00,1,-0.005574429997648711,1
2016-03-08 00:00:00+00:00,2016-03-08 00:00:00+00:00,1,-0.006893392425893019,1
2016-03-09 00:00:00+00:00,2016-03-09 00:00:00+00:00,1,0.0039918798136111214,1
2016-03-10 00:00:00+00:00,2016-03-10 00:00:00+00:00,1,0.0032531985049040982,1
2016-03-11 00:00:00+00:00,2016-03-11 00:00:00+00:00,1,0.009408365979659739,1
2016-03-14 00:00:00+00:00,2016-03-14 00:00:00+00:00,1,-0.003657796687582626,1
2016-03-15 00:00:00+00:00,2016-03-15 00:00:00+00:00,1,-0.004895967736452655,1
2016-03-16 00:00:00+00:00,2016-03-16 00:00:00+00:00,1,-0.002928858414455759,1
2016-03-17 00:00:00+00:00,2016-03-17 00:00:00+00:00,1,-0.001986516147849204,1
2016-03-18 00:00:00+00:00,2016-03-18 00:00:00+00:00,1,0.0023522791397081137,1
2016-03-21 00:00:00+00:00,2016-03-21 00:00:00+00:00,1,-0.0019429387703752462,1
2016-03-22 00:00:00+00:00,2016-03-22 00:00:00+00:00,1,-0.005352917137440882,1
2016-03-23 00:00:00+00:00,2016-03-23 00:00:00+00:00,1,-0.00237093376225842,1
2016-03-24 00:00:00+00:00,2016-03-24 00:00:00+00:00,1,-0.005702205233295321,1
2016-03-28 00:00:00+00:00,2016-03-28 00:00:00+00:00,1,0.0023047626043275152,1
2016-03-29 00:00:00+00:00,2016-03-29 00:00:00+00:00,1,-0.0024145417347809835,1
2016-03-30 00:00:00+00:00,2016-03-30 00:00:00+00:00,1,0.0055625736406219265,1
2016-03-31 00:00:00+00:00,2016-03-31 00:00:00+00:00,1,-0.0009325957911286206,1
2016-04-01 00:00:00+00:00,2016-04-01 00:00:00+00:00,1,-0.006168427579738988,1
2016-04-04 00:00:00+00:00,2016-04-04 00:00:00+00:00,1,-0.0005173515661512137,1
2016-04-05 00:00:00+00:00,2016-04-05 00:00:00+00:00,1,-0.00799615221822284,1
2016-04-06 00:00:00+00:00,2016-04-06 00:00:00+00:00,1,0.0002051442032870668,1
2016-04-07 00:00:00+00:00,2016-04-07 00:00:00+00:00,1,-0.006291908583888483,1
2016-04-08 00:00:00+00:00,2016-04-08 00:00:00+00:00,1,0.006224698996503764,1
2016-04-11 00:00:00+00:00,2016-04-11 00:00:00+00:00,1,0.0036894622078958664,1
2016-04-12 00:00:00+00:00,2016-04-12 00:00:00+00:00,1,0.0005585533095127885,1
2016-04-13 00:00:00+00:00,2016-04-13 00:00:00+00:00,1,0.006157759041102684,1
2016-04-14 00:00:00+00:00,2016-04-14 00:00:00+00:00,1,-4.14730862946852e-05,1
2016-04-15 00:00:00+00:00,2016-04-15 00:00:00+00:00,1,-0.0007059112151154619,1
2016-04-18 00:00:00+00:00,2016-04-18 00:00:00+00:00,1,-0.0017459189894225343,1
2016-04-19 00:00:00+00:00,2016-04-19 00:00:00+00:00,1,0.0018387366516907314,1
2016-04-20 00:00:00+00:00,2016-04-20 00:00:00+00:00,1,-0.00018104654274029268,1
2016-04-21 00:00:00+00:00,2016-04-21 00:00:00+00:00,1,-0.0005232437084663807,1
2016-04-22 00:00:00+00:00,2016-04-22 00:00:00+00:00,1,-0.007812025756399865,1
2016-04-25 00:00:00+00:00,2016-04-25 00:00:00+00:00,1,-0.003512771250653612,1
2016-04-26 00:00:00+00:00,2016-04-26 00:00:00+00:00,1,0.0017855459299516933,1
2016-04-27 00:00:00+00:00,2016-04-27 00:00:00+00:00,1,-0.006494494801716688,1
2016-04-28 00:00:00+00:00,2016-04-28 00:00:00+00:00,1,-0.0018679581975526768,1
2016-04-29 00:00:00+00:00,2016-04-29 00:00:00+00:00,1,-0.002059297867542975,1
2016-05-02 00:00:00+00:00,2016-05-02 00:00:00+00:00,1,0.0024065568272425234,1
2016-05-03 00:00:00+00:00,2016-05-03 00:00:00+00:00,1,-0.0073468493058893355,1
2016-05-04 00:00:00+00:00,2016-05-04 00:00:00+00:00,1,-0.006164103495567208,1
2016-05-05 00:00:00+00:00,2016-05-05 00:00:00+00:00,1,0.0028499208915006794,1
2016-05-06 00:00:00+00:00,2016-05-06 00:00:00+00:00,1,-0.0049954068219771105,1
2016-05-09 00:00:00+00:00,2016-05-09 00:00:00+00:00,1,-0.0006172974710103359,1
2016-05-10 00:00:00+00:00,2016-05-10 00:00:00+00:00,1,0.0035100289252064324,1
2016-05-11 00:00:00+00:00,2016-05-11 00:00:00+00:00,1,-0.002340460069271499,1
2016-05-12 00:00:00+00:00,2016-05-12 00:00:00+00:00,1,0.0027880263656660745,1
2016-05-13 00:00:00+00:00,2016-05-13 00:00:00+00:00,1,-0.0015721078509506655,1
2016-05-16 00:00:00+00:00,2016-05-16 00:00:00+00:00,1,0.000946615769998849,1
2016-05-17 00:00:00+00:00,2016-05-17 00:00:00+00:00,1,-0.0014949374895303121,1
2016-05-18 00:00:00+00:00,2016-05-18 00:00:00+00:00,1,-0.002438082894684423,1
2016-05-19 00:00:00+00:00,2016-05-19 00:00:00+00:00,1,-0.004310908542743274,1
2016-05-20 00:00:00+00:00,2016-05-20 00:00:00+00:00,1,0.003457218277483321,1
2016-05-23 00:00:00+00:00,2016-05-23 00:00:00+00:00,1,0.00031211887688561453,1
2016-05-24 00:00:00+00:00,2016-05-24 00:00:00+00:00,1,0.004813386084658944,1
2016-05-25 00:00:00+00:00,2016-05-25 00:00:00+00:00,1,0.003514187274051917,1
2016-05-26 00:00:00+00:00,2016-05-26 00:00:00+00:00,1,0.0005858523174106737,1
2016-05-27 00:00:00+00:00,2016-05-27 00:00:00+00:00,1,0.00047335637774889057,1
2016-05-31 00:00:00+00:00,2016-05-31 00:00:00+00:00,1,0.0011420303377068456,1
2016-06-01 00:00:00+00:00,2016-06-01 00:00:00+00:00,1,-0.0035562793878034845,1
2016-06-02 00:00:00+00:00,2016-06-02 00:00:00+00:00,1,-0.002414607574560723,1
2016-06-03 00:00:00+00:00,2016-06-03 00:00:00+00:00,1,-0.0028139651451056565,1
2016-06-06 00:00:00+00:00,2016-06-06 00:00:00+00:00,1,0.0016072092852029377,1
2016-06-07 00:00:00+00:00,2016-06-07 00:00:00+00:00,1,0.00039738722605217077,1
2016-06-08 00:00:00+00:00,2016-06-08 00:00:00+00:00,1,0.0009400719882736944,1
2016-06-09 00:00:00+00:00,2016-06-09 00:00:00+00:00,1,-0.004363183336509124,1
2016-06-10 00:00:00+00:00,2016-06-10 00:00:00+00:00,1,-0.008656911310122839,1
2016-06-13 00:00:00+00:00,2016-06-13 00:00:00+00:00,1,-0.004835755991874002,1
2016-06-14 00:00:00+00:00,2016-06-14 00:00:00+00:00,1,-0.0027215948084389537,1
2016-06-15 00:00:00+00:00,2016-06-15 00:00:00+00:00,1,0.0009035606825135937,1
2016-06-16 00:00:00+00:00,2016-06-16 00:00:00+00:00,1,-0.0027600971773363066,1
2016-06-17 00:00:00+00:00,2016-06-17 00:00:00+00:00,1,-0.0016291040540531206,1
2016-06-20 00:00:00+00:00,2016-06-20 00:00:00+00:00,1,0.011090582199312105,1
2016-06-21 00:00:00+00:00,2016-06-21 00:00:00+00:00,1,0.0014357939303445092,1
2016-06-22 00:00:00+00:00,2016-06-22 00:00:00+00:00,1,0.0004828420004514225,1
2016-06-23 00:00:00+00:00,2016-06-23 00:00:00+00:00,1,0.007678435027759856,1
2016-06-24 00:00:00+00:00,2016-06-24 00:00:00+00:00,1,-0.03511946391264507,1
2016-06-27 00:00:00+00:00,2016-06-27 00:00:00+00:00,1,-0.007667376267879977,1
2016-06-28 00:00:00+00:00,2016-06-28 00:00:00+00:00,1,0.009936549882359114,1
2016-06-29 00:00:00+00:00,2016-06-29 00:00:00+00:00,1,0.007660588726808493,1
2016-06-30 00:00:00+00:00,2016-06-30 00:00:00+00:00,1,0.0018769733600792708,1
2016-07-01 00:00:00+00:00,2016-07-01 00:00:00+00:00,1,-0.0005320160509173274,1
2016-07-05 00:00:00+00:00,2016-07-05 00:00:00+00:00,1,-0.005247476727310551,1
2016-07-06 00:00:00+00:00,2016-07-06 00:00:00+00:00,1,-0.004065226078841333,1
2016-07-07 00:00:00+00:00,2016-07-07 00:00:00+00:00,1,0.0006622117594531022,1
2016-07-08 00:00:00+00:00,2016-07-08 00:00:00+00:00,1,0.005997070741915878,1
2016-07-11 00:00:00+00:00,2016-07-11 00:00:00+00:00,1,0.0026469246309886677,1
2016-07-12 00:00:00+00:00,2016-07-12 00:00:00+00:00,1,0.0054125969853544235,1
2016-07-13 00:00:00+00:00,2016-07-13 00:00:00+00:00,1,0.0020059243104897043,1
2016-07-14 00:00:00+00:00,2016-07-14 00:00:00+00:00,1,0.006469708557160525,1
2016-07-15 00:00:00+00:00,2016-07-15 00:00:00+00:00,1,0.0023881166953691694,1
2016-07-18 00:00:00+00:00,2016-07-18 00:00:00+00:00,1,0.0003370831221167439,1
2016-07-19 00:00:00+00:00,2016-07-19 00:00:00+00:00,1,-0.003164811338931683,1
2016-07-20 00:00:00+00:00,2016-07-20 00:00:00+00:00,1,0.0024201917552233113,1
2016-07-21 00:00:00+00:00,2016-07-21 00:00:00+00:00,1,-0.00024686707568686265,1
2016-07-22 00:00:00+00:00,2016-07-22 00:00:00+00:00,1,0.00037695725777361384,1
2016-07-25 00:00:00+00:00,2016-07-25 00:00:00+00:00,1,-0.0012483247769433433,1
2016-07-26 00:00:00+00:00,2016-07-26 00:00:00+00:00,1,-0.0007527029568744955,1
2016-07-27 00:00:00+00:00,2016-07-27 00:00:00+00:00,1,0.004933081328287037,1
2016-07-28 00:00:00+00:00,2016-07-28 00:00:00+00:00,1,-4.547817183978535e-05,1
2016-07-29 00:00:00+00:00,2016-07-29 00:00:00+00:00,1,0.00011553034359070875,1
2016-08-01 00:00:00+00:00,2016-08-01 00:00:00+00:00,1,0.0002081667081817676,1
2016-08-02 00:00:00+00:00,2016-08-02 00:00:00+00:00,1,-0.0017020022416997845,1
2016-08-03 00:00:00+00:00,2016-08-03 00:00:00+00:00,1,-0.000853894041137537,1
2016-08-04 00:00:00+00:00,2016-08-04 00:00:00+00:00,1,-0.00017274551912119766,1
2016-08-05 00:00:00+00:00,2016-08-05 00:00:00+00:00,1,0.0022504856702733837,1
2016-08-08 00:00:00+00:00,2016-08-08 00:00:00+00:00,1,0.0004610695466437889,1
2016-08-09 00:00:00+00:00,2016-08-09 00:00:00+00:00,1,0.00026918087348456495,1
2016-08-10 00:00:00+00:00,2016-08-10 00:00:00+00:00,1,0.0002973376416862353,1
2016-08-11 00:00:00+00:00,2016-08-11 00:00:00+00:00,1,0.0028392619460788308,1
2016-08-12 00:00:00+00:00,2016-08-12 00:00:00+00:00,1,-0.0019771137745288377,1
2016-08-15 00:00:00+00:00,2016-08-15 00:00:00+00:00,1,0.001324041446003588,1
2016-08-16 00:00:00+00:00,2016-08-16 00:00:00+00:00,1,-0.0023527116377744847,1
2016-08-17 00:00:00+00:00,2016-08-17 00:00:00+00:00,1,-8.01964955919107e-05,1
2016-08-18 00:00:00+00:00,2016-08-18 00:00:00+00:00,1,-0.0008378055417674109,1
2016-08-19 00:00:00+00:00,2016-08-19 00:00:00+00:00,1,-0.0024516816406507155,1
2016-08-22 00:00:00+00:00,2016-08-22 00:00:00+00:00,1,-0.0016653758703409679,1
2016-08-23 00:00:00+00:00,2016-08-23 00:00:00+00:00,1,0.0033071988383525878,1
2016-08-24 00:00:00+00:00,2016-08-24 00:00:00+00:00,1,-0.0010284465609848078,1
2016-08-25 00:00:00+00:00,2016-08-25 00:00:00+00:00,1,-0.0026170084371997856,1
2016-08-26 00:00:00+00:00,2016-08-26 00:00:00+00:00,1,0.000376799073539236,1
2016-08-29 00:00:00+00:00,2016-08-29 00:00:00+00:00,1,0.0001735263161560477,1
2016-08-30 00:00:00+00:00,2016-08-30 00:00:00+00:00,1,-0.0013413272185278987,1
2016-08-31 00:00:00+00:00,2016-08-31 00:00:00+00:00,1,-0.0019665795415578,1
2016-09-01 00:00:00+00:00,2016-09-01 00:00:00+00:00,1,-0.00015126887041142482,1
2016-09-02 00:00:00+00:00,2016-09-02 00:00:00+00:00,1,0.004484156549323959,1
2016-09-06 00:00:00+00:00,2016-09-06 00:00:00+00:00,1,0.0013093745257885762,1
2016-09-07 00:00:00+00:00,2016-09-07 00:00:00+00:00,1,-0.00026707395971462515,1
2016-09-08 00:00:00+00:00,2016-09-08 00:00:00+00:00,1,-0.0026744830953792428,1
2016-09-09 00:00:00+00:00,2016-09-09 00:00:00+00:00,1,-0.008003375934403733,1
2016-09-12 00:00:00+00:00,2016-09-12 00:00:00+00:00,1,-0.005186739566292264,1
2016-09-13 00:00:00+00:00,2016-09-13 00:00:00+00:00,1,-0.0062597914398414885,1
2016-09-14 00:00:00+00:00,2016-09-14 00:00:00+00:00,1,0.0003611021994517019,1
2016-09-15 00:00:00+00:00,2016-09-15 00:00:00+00:00,1,-0.0006160109797477605,1
2016-09-16 00:00:00+00:00,2016-09-16 00:00:00+00:00,1,-0.002512893187569065,1
2016-09-19 00:00:00+00:00,2016-09-19 00:00:00+00:00,1,0.0027597012390546353,1
2016-09-20 00:00:00+00:00,2016-09-20 00:00:00+00:00,1,0.0038413389025476422,1
2016-09-21 00:00:00+00:00,2016-09-21 00:00:00+00:00,1,0.003757864632299735,1
2016-09-22 00:00:00+00:00,2016-09-22 00:00:00+00:00,1,0.005353533103523456,1
2016-09-23 00:00:00+00:00,2016-09-23 00:00:00+00:00,1,-0.0017366196003226527,1
2016-09-26 00:00:00+00:00,2016-09-26 00:00:00+00:00,1,-0.005376619986565001,1
2016-09-27 00:00:00+00:00,2016-09-27 00:00:00+00:00,1,-0.0010843742373441208,1
2016-09-28 00:00:00+00:00,2016-09-28 00:00:00+00:00,1,0.0009361066104562558,1
2016-09-29 00:00:00+00:00,2016-09-29 00:00:00+00:00,1,-0.0016965093458724875,1
2016-09-30 00:00:00+00:00,2016-09-30 00:00:00+00:00,1,0.0032747497938976026,1
2016-10-03 00:00:00+00:00,2016-10-03 00:00:00+00:00,1,-0.002041521027143311,1
2016-10-04 00:00:00+00:00,2016-10-04 00:00:00+00:00,1,0.0014774946820067195,1
2016-10-05 00:00:00+00:00,2016-10-05 00:00:00+00:00,1,0.002878598611133232,1
2016-10-06 00:00:00+00:00,2016-10-06 00:00:00+00:00,1,-0.0015343148455886132,1
2016-10-07 00:00:00+00:00,2016-10-07 00:00:00+00:00,1,0.0009048132602343609,1
2016-10-10 00:00:00+00:00,2016-10-10 00:00:00+00:00,1,0.00487847354997103,1
2016-10-11 00:00:00+00:00,2016-10-11 00:00:00+00:00,1,-0.001875899328342456,1
2016-10-12 00:00:00+00:00,2016-10-12 00:00:00+00:00,1,0.000542919977418255,1
2016-10-13 00:00:00+00:00,2016-10-13 00:00:00+00:00,1,-0.007332988211449931,1
2016-10-14 00:00:00+00:00,2016-10-14 00:00:00+00:00,1,0.00485469521588996,1
2016-10-17 00:00:00+00:00,2016-10-17 00:00:00+00:00,1,-0.0007973464335054078,1
2016-10-18 00:00:00+00:00,2016-10-18 00:00:00+00:00,1,0.010028272326687427,1
2016-10-19 00:00:00+00:00,2016-10-19 00:00:00+00:00,1,4.337157761782369e-05,1
2016-10-20 00:00:00+00:00,2016-10-20 00:00:00+00:00,1,-0.0017656544276070437,1
2016-10-21 00:00:00+00:00,2016-10-21 00:00:00+00:00,1,8.220088765794638e-05,1
2016-10-24 00:00:00+00:00,2016-10-24 00:00:00+00:00,1,0.005299793415267507,1
2016-10-25 00:00:00+00:00,2016-10-25 00:00:00+00:00,1,-0.0004961360531993472,1
2016-10-26 00:00:00+00:00,2016-10-26 00:00:00+00:00,1,-0.005771362309983463,1
2016-10-27 00:00:00+00:00,2016-10-27 00:00:00+00:00,1,0.0038191977852947926,1
2016-10-28 00:00:00+00:00,2016-10-28 00:00:00+00:00,1,-0.0018130188701272806,1
2016-10-31 00:00:00+00:00,2016-10-31 00:00:00+00:00,1,0.0024535946269293677,1
2016-11-01 00:00:00+00:00,2016-11-01 00:00:00+00:00,1,0.0014488291025070658,1
2016-11-02 00:00:00+00:00,2016-11-02 00:00:00+00:00,1,-0.0014976532554052732,1
2016-11-03 00:00:00+00:00,2016-11-03 00:00:00+00:00,1,-0.0005287810303532866,1
2016-11-04 00:00:00+00:00,2016-11-04 00:00:00+00:00,1,-0.0012164850342956442,1
2016-11-07 00:00:00+00:00,2016-11-07 00:00:00+00:00,1,0.007795254224591897,1
2016-11-08 00:00:00+00:00,2016-11-08 00:00:00+00:00,1,-0.0018948232764567138,1
2016-11-09 00:00:00+00:00,2016-11-09 00:00:00+00:00,1,-0.010212496931998638,1
2016-11-10 00:00:00+00:00,2016-11-10 00:00:00+00:00,1,0.00424839483006686,1
2016-11-11 00:00:00+00:00,2016-11-11 00:00:00+00:00,1,-0.004395976977573634,1
2016-11-14 00:00:00+00:00,2016-11-14 00:00:00+00:00,1,0.0012387951857276373,1
2016-11-15 00:00:00+00:00,2016-11-15 00:00:00+00:00,1,0.004533513261124356,1
2016-11-16 00:00:00+00:00,2016-11-16 00:00:00+00:00,1,-0.004315373248522913,1
2016-11-17 00:00:00+00:00,2016-11-17 00:00:00+00:00,1,-0.00014372449847958017,1
2016-11-18 00:00:00+00:00,2016-11-18 00:00:00+00:00,1,0.00047729577685792253,1
2016-11-21 00:00:00+00:00,2016-11-21 00:00:00+00:00,1,0.0024692866245896398,1
2016-11-22 00:00:00+00:00,2016-11-22 00:00:00+00:00,1,0.0025000311802311995,1
2016-11-23 00:00:00+00:00,2016-11-23 00:00:00+00:00,1,-0.0033001309629250627,1
2016-11-25 00:00:00+00:00,2016-11-25 00:00:00+00:00,1,0.0011972918646299905,1
2016-11-28 00:00:00+00:00,2016-11-28 00:00:00+00:00,1,-0.0017439449660904046,1
2016-11-29 00:00:00+00:00,2016-11-29 00:00:00+00:00,1,0.00025477687799454503,1
2016-11-30 00:00:00+00:00,2016-11-30 00:00:00+00:00,1,0.0019600139557771293,1
2016-12-01 00:00:00+00:00,2016-12-01 00:00:00+00:00,1,0.00032390735023071245,1
2016-12-02 00:00:00+00:00,2016-12-02 00:00:00+00:00,1,0.0002307641419957099,1
2016-12-05 00:00:00+00:00,2016-12-05 00:00:00+00:00,1,0.004500825533352593,1
2016-12-06 00:00:00+00:00,2016-12-06 00:00:00+00:00,1,0.0016128644489311287,1
2016-12-07 00:00:00+00:00,2016-12-07 00:00:00+00:00,1,-0.0017327058315403706,1
2016-12-08 00:00:00+00:00,2016-12-08 00:00:00+00:00,1,-0.00015533240473439817,1
2016-12-09 00:00:00+00:00,2016-12-09 00:00:00+00:00,1,0.002132764614892502,1
2016-12-12 00:00:00+00:00,2016-12-12 00:00:00+00:00,1,-0.002760368852527095,1
2016-12-13 00:00:00+00:00,2016-12-13 00:00:00+00:00,1,0.0029146827141465995,1
2016-12-14 00:00:00+00:00,2016-12-14 00:00:00+00:00,1,-0.000445685494079506,1
2016-12-15 00:00:00+00:00,2016-12-15 00:00:00+00:00,1,0.0009852336004489651,1
2016-12-16 00:00:00+00:00,2016-12-16 00:00:00+00:00,1,0.002101865686725846,1
2016-12-19 00:00:00+00:00,2016-12-19 00:00:00+00:00,1,0.0006682159903090516,1
2016-12-20 00:00:00+00:00,2016-12-20 00:00:00+00:00,1,0.002656802391201552,1
2016-12-21 00:00:00+00:00,2016-12-21 00:00:00+00:00,1,-0.0004239706714393773,1
2016-12-22 00:00:00+00:00,2016-12-22 00:00:00+00:00,1,-0.0006348281703028365,1
2016-12-23 00:00:00+00:00,2016-12-23 00:00:00+00:00,1,-0.0010218193309612707,1
2016-12-27 00:00:00+00:00,2016-12-27 00:00:00+00:00,1,0.0014684122089036692,1
2016-12-28 00:00:00+00:00,2016-12-28 00:00:00+00:00,1,0.0014387961768493555,1
2016-12-29 00:00:00+00:00,2016-12-29 00:00:00+00:00,1,-0.0002468007326331453,1
2016-12-30 00:00:00+00:00,2016-12-30 00:00:00+00:00,1,0.0015075354905390251,1
2017-01-03 00:00:00+00:00,2017-01-03 00:00:00+00:00,1,0.006411386187760016,1
2017-01-04 00:00:00+00:00,2017-01-04 00:00:00+00:00,1,0.0010872553008527078,1
2017-01-05 00:00:00+00:00,2017-01-05 00:00:00+00:00,1,-0.001358456795736795,1
2017-01-06 00:00:00+00:00,2017-01-06 00:00:00+00:00,1,0.000524750742931868,1
2017-01-09 00:00:00+00:00,2017-01-09 00:00:00+00:00,1,-0.0005499793885233913,1
2017-01-10 00:00:00+00:00,2017-01-10 00:00:00+00:00,1,-5.151476065815534e-05,1
2017-01-11 00:00:00+00:00,2017-01-11 00:00:00+00:00,1,-0.0003169325639922113,1
2017-01-12 00:00:00+00:00,2017-01-12 00:00:00+00:00,1,-0.003410653523186402,1
2017-01-13 00:00:00+00:00,2017-01-13 00:00:00+00:00,1,0.00038602764938408003,1
2017-01-17 00:00:00+00:00,2017-01-17 00:00:00+00:00,1,-0.003228861026024576,1
2017-01-18 00:00:00+00:00,2017-01-18 00:00:00+00:00,1,0.0010738332403668841,1
2017-01-19 00:00:00+00:00,2017-01-19 00:00:00+00:00,1,0.0006297775102559137,1
2017-01-20 00:00:00+00:00,2017-01-20 00:00:00+00:00,1,0.0036440426891121928,1
2017-01-23 00:00:00+00:00,2017-01-23 00:00:00+00:00,1,-0.0006246114263797949,1
2017-01-24 00:00:00+00:00,2017-01-24 00:00:00+00:00,1,0.0012256955146432106,1
2017-01-25 00:00:00+00:00,2017-01-25 00:00:00+00:00,1,0.005256832946933321,1
2017-01-26 00:00:00+00:00,2017-01-26 00:00:00+00:00,1,7.464062506257489e-06,1
2017-01-27 00:00:00+00:00,2017-01-27 00:00:00+00:00,1,0.0009714686303735291,1
2017-01-30 00:00:00+00:00,2017-01-30 00:00:00+00:00,1,-0.003716480512872022,1
2017-01-31 00:00:00+00:00,2017-01-31 00:00:00+00:00,1,-0.0033148507463281237,1
2017-02-01 00:00:00+00:00,2017-02-01 00:00:00+00:00,1,0.00323212707731132,1
2017-02-02 00:00:00+00:00,2017-02-02 00:00:00+00:00,1,-0.0011768667355644188,1
2017-02-03 00:00:00+00:00,2017-02-03 00:00:00+00:00,1,0.0025234953313779344,1
2017-02-06 00:00:00+00:00,2017-02-06 00:00:00+00:00,1,-0.0021601733057378444,1
2017-02-07 00:00:00+00:00,2017-02-07 00:00:00+00:00,1,0.0017160718302870696,1
2017-02-08 00:00:00+00:00,2017-02-08 00:00:00+00:00,1,-0.0009730287401177647,1
2017-02-09 00:00:00+00:00,2017-02-09 00:00:00+00:00,1,0.00021389552051706036,1
2017-02-10 00:00:00+00:00,2017-02-10 00:00:00+00:00,1,0.0016699717880145019,1
2017-02-13 00:00:00+00:00,2017-02-13 00:00:00+00:00,1,0.002461797705833513,1
2017-02-14 00:00:00+00:00,2017-02-14 00:00:00+00:00,1,-0.000555862014976349,1
2017-02-15 00:00:00+00:00,2017-02-15 00:00:00+00:00,1,-0.0011850861420029443,1
2017-02-16 00:00:00+00:00,2017-02-16 00:00:00+00:00,1,7.332281605162446e-05,1
2017-02-17 00:00:00+00:00,2017-02-17 00:00:00+00:00,1,-0.002675414623026928,1
2017-02-21 00:00:00+00:00,2017-02-21 00:00:00+00:00,1,0.0015777424007124789,1
2017-02-22 00:00:00+00:00,2017-02-22 00:00:00+00:00,1,-0.0017539059855981916,1
2017-02-23 00:00:00+00:00,2017-02-23 00:00:00+00:00,1,0.0017362030845052504,1
2017-02-24 00:00:00+00:00,2017-02-24 00:00:00+00:00,1,-0.0046414071045425605,1
2017-02-27 00:00:00+00:00,2017-02-27 00:00:00+00:00,1,-0.001432511544267356,1
2017-02-28 00:00:00+00:00,2017-02-28 00:00:00+00:00,1,-0.001342953031874627,1
2017-03-01 00:00:00+00:00,2017-03-01 00:00:00+00:00,1,0.006951522984332515,1
2017-03-02 00:00:00+00:00,2017-03-02 00:00:00+00:00,1,-0.0008726418946344069,1
2017-03-03 00:00:00+00:00,2017-03-03 00:00:00+00:00,1,-0.0008540386524793827,1
2017-03-06 00:00:00+00:00,2017-03-06 00:00:00+00:00,1,-0.0038702590870666517,1
2017-03-07 00:00:00+00:00,2017-03-07 00:00:00+00:00,1,-0.002030893833518987,1
2017-03-08 00:00:00+00:00,2017-03-08 00:00:00+00:00,1,0.0007240238992633711,1
2017-03-09 00:00:00+00:00,2017-03-09 00:00:00+00:00,1,-0.00011888419615994043,1
2017-03-10 00:00:00+00:00,2017-03-10 00:00:00+00:00,1,0.004335919341200667,1
2017-03-13 00:00:00+00:00,2017-03-13 00:00:00+00:00,1,-0.0006374832771464441,1
2017-03-14 00:00:00+00:00,2017-03-14 00:00:00+00:00,1,-0.0027643359343398673,1
2017-03-15 00:00:00+00:00,2017-03-15 00:00:00+00:00,1,0.00212120178406835,1
2017-03-16 00:00:00+00:00,2017-03-16 00:00:00+00:00,1,0.0009812690744478107,1
2017-03-17 00:00:00+00:00,2017-03-17 00:00:00+00:00,1,0.0009605747813564384,1
2017-03-20 00:00:00+00:00,2017-03-20 00:00:00+00:00,1,-0.00045198978991398657,1
2017-03-21 00:00:00+00:00,2017-03-21 00:00:00+00:00,1,0.0030747072450361904,1
2017-03-22 00:00:00+00:00,2017-03-22 00:00:00+00:00,1,-6.01131503703886e-05,1
2017-03-23 00:00:00+00:00,2017-03-23 00:00:00+00:00,1,-0.0009506424071289762,1
2017-03-24 00:00:00+00:00,2017-03-24 00:00:00+00:00,1,0.002058707163657603,1
2017-03-27 00:00:00+00:00,2017-03-27 00:00:00+00:00,1,-0.007985827066520434,1
2017-03-28 00:00:00+00:00,2017-03-28 00:00:00+00:00,1,-0.0010491020819502813,1
2017-03-29 00:00:00+00:00,2017-03-29 00:00:00+00:00,1,-0.0006595871226821367,1
2017-03-30 00:00:00+00:00,2017-03-30 00:00:00+00:00,1,-0.0006372846055072486,1
2017-03-31 00:00:00+00:00,2017-03-31 00:00:00+00:00,1,-0.0018425013787085939,1
2017-04-03 00:00:00+00:00,2017-04-03 00:00:00+00:00,1,0.00024259046339999453,1
2017-04-04 00:00:00+00:00,2017-04-04 00:00:00+00:00,1,-0.002437248170200112,1
2017-04-05 00:00:00+00:00,2017-04-05 00:00:00+00:00,1,0.0020728388463055695,1
2017-04-06 00:00:00+00:00,2017-04-06 00:00:00+00:00,1,0.0005335601388360648,1
2017-04-07 00:00:00+00:00,2017-04-07 00:00:00+00:00,1,-0.0010674189141783638,1
2017-04-10 00:00:00+00:00,2017-04-10 00:00:00+00:00,1,0.000532923957568399,1
2017-04-11 00:00:00+00:00,2017-04-11 00:00:00+00:00,1,-0.0016895228496133004,1
2017-04-12 00:00:00+00:00,2017-04-12 00:00:00+00:00,1,-0.001056677021590768,1
2017-04-13 00:00:00+00:00,2017-04-13 00:00:00+00:00,1,-0.0018206806254942639,1
2017-04-17 00:00:00+00:00,2017-04-17 00:00:00+00:00,1,0.0024091658301439115,1
2017-04-18 00:00:00+00:00,2017-04-18 00:00:00+00:00,1,-0.0037851652566216806,1
2017-04-19 00:00:00+00:00,2017-04-19 00:00:00+00:00,1,0.003260685943370112,1
2017-04-20 00:00:00+00:00,2017-04-20 00:00:00+00:00,1,0.00323602204508896,1
2017-04-21 00:00:00+00:00,2017-04-21 00:00:00+00:00,1,-3.889093598850006e-05,1
2017-04-24 00:00:00+00:00,2017-04-24 00:00:00+00:00,1,0.010765125130842457,1
2017-04-25 00:00:00+00:00,2017-04-25 00:00:00+00:00,1,0.0028998388074720997,1
2017-04-26 00:00:00+00:00,2017-04-26 00:00:00+00:00,1,-0.00019899337630322449,1
2017-04-27 00:00:00+00:00,2017-04-27 00:00:00+00:00,1,0.0016989403652702632,1
2017-04-28 00:00:00+00:00,2017-04-28 00:00:00+00:00,1,0.0023177227942926207,1
2017-05-01 00:00:00+00:00,2017-05-01 00:00:00+00:00,1,0.0026143283866117643,1
2017-05-02 00:00:00+00:00,2017-05-02 00:00:00+00:00,1,0.0006549598906047897,1
2017-05-03 00:00:00+00:00,2017-05-03 00:00:00+00:00,1,-0.0014278932665140794,1
2017-05-04 00:00:00+00:00,2017-05-04 00:00:00+00:00,1,0.00036063766414165006,1
2017-05-05 00:00:00+00:00,2017-05-05 00:00:00+00:00,1,0.0018777875404448422,1
2017-05-08 00:00:00+00:00,2017-05-08 00:00:00+00:00,1,5.8591084686943366e-05,1
2017-05-09 00:00:00+00:00,2017-05-09 00:00:00+00:00,1,0.0010875852388059996,1
2017-05-10 00:00:00+00:00,2017-05-10 00:00:00+00:00,1,-0.00011514480860100844,1
2017-05-11 00:00:00+00:00,2017-05-11 00:00:00+00:00,1,-0.002756699369238424,1
2017-05-12 00:00:00+00:00,2017-05-12 00:00:00+00:00,1,-0.0006885765451941969,1
2017-05-15 00:00:00+00:00,2017-05-15 00:00:00+00:00,1,0.0009414108808077585,1
2017-05-16 00:00:00+00:00,2017-05-16 00:00:00+00:00,1,0.0017021174746025495,1
2017-05-17 00:00:00+00:00,2017-05-17 00:00:00+00:00,1,-0.004275056573274405,1
2017-05-18 00:00:00+00:00,2017-05-18 00:00:00+00:00,1,-0.0006746885660921294,1
2017-05-19 00:00:00+00:00,2017-05-19 00:00:00+00:00,1,0.0026676501854413174,1
2017-05-22 00:00:00+00:00,2017-05-22 00:00:00+00:00,1,0.0020623832653137945,1
2017-05-23 00:00:00+00:00,2017-05-23 00:00:00+00:00,1,0.0020723072179555605,1
2017-05-24 00:00:00+00:00,2017-05-24 00:00:00+00:00,1,0.0017717069583990889,1
2017-05-25 00:00:00+00:00,2017-05-25 00:00:00+00:00,1,0.0028217332297696077,1
2017-05-26 00:00:00+00:00,2017-05-26 00:00:00+00:00,1,-0.0006484407788781895,1
2017-05-30 00:00:00+00:00,2017-05-30 00:00:00+00:00,1,-0.0013133876663530605,1
2017-05-31 00:00:00+00:00,2017-05-31 00:00:00+00:00,1,0.0021728659288495437,1
2017-06-01 00:00:00+00:00,2017-06-01 00:00:00+00:00,1,0.0018238328069813629,1
2017-06-02 00:00:00+00:00,2017-06-02 00:00:00+00:00,1,0.0015857732312357323,1
2017-06-05 00:00:00+00:00,2017-06-05 00:00:00+00:00,1,-0.0007444566732320076,1
2017-06-06 00:00:00+00:00,2017-06-06 00:00:00+00:00,1,-0.002224659511030935,1
2017-06-07 00:00:00+00:00,2017-06-07 00:00:00+00:00,1,0.0019018530533085557,1
2017-06-08 00:00:00+00:00,2017-06-08 00:00:00+00:00,1,0.001041339898294769,1
2017-06-09 00:00:00+00:00,2017-06-09 00:00:00+00:00,1,0.0009277291338543828,1
2017-06-12 00:00:00+00:00,2017-06-12 00:00:00+00:00,1,-0.005089844807450871,1
2017-06-13 00:00:00+00:00,2017-06-13 00:00:00+00:00,1,0.0037749359162238764,1
2017-06-14 00:00:00+00:00,2017-06-14 00:00:00+00:00,1,0.002364200202035616,1
2017-06-15 00:00:00+00:00,2017-06-15 00:00:00+00:00,1,-0.008538322700433842,1
2017-06-16 00:00:00+00:00,2017-06-16 00:00:00+00:00,1,-0.00018255959874339227,1
2017-06-19 00:00:00+00:00,2017-06-19 00:00:00+00:00,1,0.00650759784597329,1
2017-06-20 00:00:00+00:00,2017-06-20 00:00:00+00:00,1,-0.0016359694381843145,1
2017-06-21 00:00:00+00:00,2017-06-21 00:00:00+00:00,1,0.001773710687119701,1
2017-06-22 00:00:00+00:00,2017-06-22 00:00:00+00:00,1,0.0005023438731542543,1
2017-06-23 00:00:00+00:00,2017-06-23 00:00:00+00:00,1,-0.0007245272595483351,1
2017-06-26 00:00:00+00:00,2017-06-26 00:00:00+00:00,1,0.004150807526600653,1
2017-06-27 00:00:00+00:00,2017-06-27 00:00:00+00:00,1,-0.002698848883322202,1
2017-06-28 00:00:00+00:00,2017-06-28 00:00:00+00:00,1,0.003971423711673994,1
2017-06-29 00:00:00+00:00,2017-06-29 00:00:00+00:00,1,-0.002022034279514062,1
2017-06-30 00:00:00+00:00,2017-06-30 00:00:00+00:00,1,0.0030441191188099407,1
2017-07-03 00:00:00+00:00,2017-07-03 00:00:00+00:00,1,0.004221566548126188,1
2017-07-05 00:00:00+00:00,2017-07-05 00:00:00+00:00,1,0.002145955484552953,1
2017-07-06 00:00:00+00:00,2017-07-06 00:00:00+00:00,1,-0.005929687369420877,1
2017-07-07 00:00:00+00:00,2017-07-07 00:00:00+00:00,1,0.002759372458854126,1
2017-07-10 00:00:00+00:00,2017-07-10 00:00:00+00:00,1,2.662875135169858e-05,1
2017-07-11 00:00:00+00:00,2017-07-11 00:00:00+00:00,1,-0.0010212426241008928,1
2017-07-12 00:00:00+00:00,2017-07-12 00:00:00+00:00,1,0.006270822976313062,1
2017-07-13 00:00:00+00:00,2017-07-13 00:00:00+00:00,1,0.0003243367694861446,1
2017-07-14 00:00:00+00:00,2017-07-14 00:00:00+00:00,1,0.0019341306335234013,1
2017-07-17 00:00:00+00:00,2017-07-17 00:00:00+00:00,1,4.449758535770594e-05,1
2017-07-18 00:00:00+00:00,2017-07-18 00:00:00+00:00,1,-0.0016088978978524345,1
2017-07-19 00:00:00+00:00,2017-07-19 00:00:00+00:00,1,0.0018999055218284714,1
2017-07-20 00:00:00+00:00,2017-07-20 00:00:00+00:00,1,0.00157177413161721,1
2017-07-21 00:00:00+00:00,2017-07-21 00:00:00+00:00,1,-0.003473385906855175,1
2017-07-24 00:00:00+00:00,2017-07-24 00:00:00+00:00,1,-0.0005518524327557724,1
2017-07-25 00:00:00+00:00,2017-07-25 00:00:00+00:00,1,-0.0002157009331750001,1
2017-07-26 00:00:00+00:00,2017-07-26 00:00:00+00:00,1,0.001613368243325775,1
2017-07-27 00:00:00+00:00,2017-07-27 00:00:00+00:00,1,0.004050033041176316,1
2017-07-28 00:00:00+00:00,2017-07-28 00:00:00+00:00,1,-0.00439950913619167,1
2017-07-31 00:00:00+00:00,2017-07-31 00:00:00+00:00,1,0.0020566830232485404,1
2017-08-01 00:00:00+00:00,2017-08-01 00:00:00+00:00,1,0.002808523880204661,1
2017-08-02 00:00:00+00:00,2017-08-02 00:00:00+00:00,1,0.003242560422214347,1
2017-08-03 00:00:00+00:00,2017-08-03 00:00:00+00:00,1,-7.643258499704346e-05,1
2017-08-04 00:00:00+00:00,2017-08-04 00:00:00+00:00,1,0.0019497189154920828,1
2017-08-07 00:00:00+00:00,2017-08-07 00:00:00+00:00,1,0.0007665199114225921,1
2017-08-08 00:00:00+00:00,2017-08-08 00:00:00+00:00,1,-0.001994578934155644,1
2017-08-09 00:00:00+00:00,2017-08-09 00:00:00+00:00,1,-0.00602069102379591,1
2017-08-10 00:00:00+00:00,2017-08-10 00:00:00+00:00,1,-0.005085933450859425,1
2017-08-11 00:00:00+00:00,2017-08-11 00:00:00+00:00,1,0.0009067736882689362,1
2017-08-14 00:00:00+00:00,2017-08-14 00:00:00+00:00,1,0.006686775907702247,1
2017-08-15 00:00:00+00:00,2017-08-15 00:00:00+00:00,1,0.0018429966196501172,1
2017-08-16 00:00:00+00:00,2017-08-16 00:00:00+00:00,1,0.00216677292356412,1
2017-08-17 00:00:00+00:00,2017-08-17 00:00:00+00:00,1,-0.0036578211923054323,1
2017-08-18 00:00:00+00:00,2017-08-18 00:00:00+00:00,1,-0.0004079951983344873,1
2017-08-21 00:00:00+00:00,2017-08-21 00:00:00+00:00,1,-0.000479490556935169,1
2017-08-22 00:00:00+00:00,2017-08-22 00:00:00+00:00,1,0.003773309861203578,1
2017-08-23 00:00:00+00:00,2017-08-23 00:00:00+00:00,1,-0.005075447543320599,1
2017-08-24 00:00:00+00:00,2017-08-24 00:00:00+00:00,1,0.0017210851778731388,1
2017-08-25 00:00:00+00:00,2017-08-25 00:00:00+00:00,1,0.0034976804985182523,1
2017-08-28 00:00:00+00:00,2017-08-28 00:00:00+00:00,1,0.0024613441845409926,1
2017-08-29 00:00:00+00:00,2017-08-29 00:00:00+00:00,1,-0.007670201437726709,1
2017-08-30 00:00:00+00:00,2017-08-30 00:00:00+00:00,1,7.867860218138152e-05,1
2017-08-31 00:00:00+00:00,2017-08-31 00:00:00+00:00,1,0.0025604513431520485,1
2017-09-01 00:00:00+00:00,2017-09-01 00:00:00+00:00,1,0.0012184169549345984,1
2017-09-05 00:00:00+00:00,2017-09-05 00:00:00+00:00,1,-0.002942472492821568,1
2017-09-06 00:00:00+00:00,2017-09-06 00:00:00+00:00,1,0.0025633423832221672,1
2017-09-07 00:00:00+00:00,2017-09-07 00:00:00+00:00,1,0.00133904470845766,1
2017-09-08 00:00:00+00:00,2017-09-08 00:00:00+00:00,1,-0.0016216166738571621,1
2017-09-11 00:00:00+00:00,2017-09-11 00:00:00+00:00,1,0.00657840479824442,1
2017-09-12 00:00:00+00:00,2017-09-12 00:00:00+00:00,1,0.0019481065209589702,1
2017-09-13 00:00:00+00:00,2017-09-13 00:00:00+00:00,1,-0.0018148788325567985,1
2017-09-14 00:00:00+00:00,2017-09-14 00:00:00+00:00,1,-0.002985919375773338,1
2017-09-15 00:00:00+00:00,2017-09-15 00:00:00+00:00,1,-0.000734470065672654,1
2017-09-18 00:00:00+00:00,2017-09-18 00:00:00+00:00,1,0.0011223088865268353,1
2017-09-19 00:00:00+00:00,2017-09-19 00:00:00+00:00,1,0.001154055702174717,1
2017-09-20 00:00:00+00:00,2017-09-20 00:00:00+00:00,1,-0.00027145654850455585,1
2017-09-21 00:00:00+00:00,2017-09-21 00:00:00+00:00,1,-0.001004069336369517,1
2017-09-22 00:00:00+00:00,2017-09-22 00:00:00+00:00,1,-0.002573874627820638,1
2017-09-25 00:00:00+00:00,2017-09-25 00:00:00+00:00,1,-0.00285592239383734,1
2017-09-26 00:00:00+00:00,2017-09-26 00:00:00+00:00,1,0.0032402003099285207,1
2017-09-27 00:00:00+00:00,2017-09-27 00:00:00+00:00,1,0.003960036589853855,1
2017-09-28 00:00:00+00:00,2017-09-28 00:00:00+00:00,1,-0.0021512268583248947,1
2017-09-29 00:00:00+00:00,2017-09-29 00:00:00+00:00,1,0.0006839880940272217,1
2017-10-02 00:00:00+00:00,2017-10-02 00:00:00+00:00,1,0.0009739619084150001,1
2017-10-03 00:00:00+00:00,2017-10-03 00:00:00+00:00,1,0.0003524012385981104,1
2017-10-04 00:00:00+00:00,2017-10-04 00:00:00+00:00,1,-0.0015958096685599107,1
2017-10-05 00:00:00+00:00,2017-10-05 00:00:00+00:00,1,0.002265186433181488,1
2017-10-06 00:00:00+00:00,2017-10-06 00:00:00+00:00,1,-0.002996539903884687,1
2017-10-09 00:00:00+00:00,2017-10-09 00:00:00+00:00,1,0.0008543637983240097,1
2017-10-10 00:00:00+00:00,2017-10-10 00:00:00+00:00,1,0.002674682639811377,1
2017-10-11 00:00:00+00:00,2017-10-11 00:00:00+00:00,1,-0.0007529642973875591,1
2017-10-12 00:00:00+00:00,2017-10-12 00:00:00+00:00,1,-0.0017489127438585546,1
2017-10-13 00:00:00+00:00,2017-10-13 00:00:00+00:00,1,0.002712083134561694,1
2017-10-16 00:00:00+00:00,2017-10-16 00:00:00+00:00,1,0.0014568787083961369,1
2017-10-17 00:00:00+00:00,2017-10-17 00:00:00+00:00,1,-0.0005853478987681068,1
2017-10-18 00:00:00+00:00,2017-10-18 00:00:00+00:00,1,0.0010447056265947222,1
2017-10-19 00:00:00+00:00,2017-10-19 00:00:00+00:00,1,-0.00496247052853147,1
2017-10-20 00:00:00+00:00,2017-10-20 00:00:00+00:00,1,0.0035018137310704692,1
2017-10-23 00:00:00+00:00,2017-10-23 00:00:00+00:00,1,0.0014619357674369952,1
2017-10-24 00:00:00+00:00,2017-10-24 00:00:00+00:00,1,0.0016379238860648408,1
2017-10-25 00:00:00+00:00,2017-10-25 00:00:00+00:00,1,-0.00202025820634647,1
2017-10-26 00:00:00+00:00,2017-10-26 00:00:00+00:00,1,0.0007657812535664891,1
2017-10-27 00:00:00+00:00,2017-10-27 00:00:00+00:00,1,0.009766117043192158,1
2017-10-30 00:00:00+00:00,2017-10-30 00:00:00+00:00,1,-0.0030692321940811503,1
2017-10-31 00:00:00+00:00,2017-10-31 00:00:00+00:00,1,0.0021534912751995598,1
2017-11-01 00:00:00+00:00,2017-11-01 00:00:00+00:00,1,0.003435108108505414,1
2017-11-02 00:00:00+00:00,2017-11-02 00:00:00+00:00,1,-0.0010141726507047252,1
2017-11-03 00:00:00+00:00,2017-11-03 00:00:00+00:00,1,0.0018610353753813706,1
2017-11-06 00:00:00+00:00,2017-11-06 00:00:00+00:00,1,-0.0009818787225797983,1
2017-11-07 00:00:00+00:00,2017-11-07 00:00:00+00:00,1,-0.0004583949167078269,1
2017-11-08 00:00:00+00:00,2017-11-08 00:00:00+00:00,1,-0.0009466559842092655,1
2017-11-09 00:00:00+00:00,2017-11-09 00:00:00+00:00,1,-0.007072784995426051,1
2017-11-10 00:00:00+00:00,2017-11-10 00:00:00+00:00,1,-0.002323373792798988,1
2017-11-13 00:00:00+00:00,2017-11-13 00:00:00+00:00,1,-0.0036981058936553565,1
2017-11-14 00:00:00+00:00,2017-11-14 00:00:00+00:00,1,-0.0038353378836838755,1
2017-11-15 00:00:00+00:00,2017-11-15 00:00:00+00:00,1,-0.0046061488517381895,1
2017-11-16 00:00:00+00:00,2017-11-16 00:00:00+00:00,1,0.0043291124705292176,1
2017-11-17 00:00:00+00:00,2017-11-17 00:00:00+00:00,1,-0.0009439338248915293,1
2017-11-20 00:00:00+00:00,2017-11-20 00:00:00+00:00,1,0.0006001398194955491,1
2017-11-21 00:00:00+00:00,2017-11-21 00:00:00+00:00,1,0.0037764382152330692,1
2017-11-22 00:00:00+00:00,2017-11-22 00:00:00+00:00,1,0.0001691280338692261,1
2017-11-24 00:00:00+00:00,2017-11-24 00:00:00+00:00,1,0.0012920271005623877,1
2017-11-27 00:00:00+00:00,2017-11-27 00:00:00+00:00,1,-0.0003641813567420768,1
2017-11-28 00:00:00+00:00,2017-11-28 00:00:00+00:00,1,0.0018387638781772412,1
2017-11-29 00:00:00+00:00,2017-11-29 00:00:00+00:00,1,-0.0005892089860514479,1
2017-11-30 00:00:00+00:00,2017-11-30 00:00:00+00:00,1,0.0038106800774393105,1
2017-12-01 00:00:00+00:00,2017-12-01 00:00:00+00:00,1,-0.003833227761437052,1
2017-12-04 00:00:00+00:00,2017-12-04 00:00:00+00:00,1,0.0063370777174368235,1
2017-12-05 00:00:00+00:00,2017-12-05 00:00:00+00:00,1,-0.0021964859079072526,1
2017-12-06 00:00:00+00:00,2017-12-06 00:00:00+00:00,1,-0.0019562649678251717,1
2017-12-07 00:00:00+00:00,2017-12-07 00:00:00+00:00,1,0.0012440588954024893,1
2017-12-08 00:00:00+00:00,2017-12-08 00:00:00+00:00,1,0.005431807307907899,1
2017-12-11 00:00:00+00:00,2017-12-11 00:00:00+00:00,1,0.0014330594453538462,1
2017-12-12 00:00:00+00:00,2017-12-12 00:00:00+00:00,1,0.0011651020246746472,1
2017-12-13 00:00:00+00:00,2017-12-13 00:00:00+00:00,1,0.0022482762298952855,1
2017-12-14 00:00:00+00:00,2017-12-14 00:00:00+00:00,1,0.0012027611230724603,1
2017-12-15 00:00:00+00:00,2017-12-15 00:00:00+00:00,1,0.003814995638708763,1
2017-12-18 00:00:00+00:00,2017-12-18 00:00:00+00:00,1,0.005985177730406377,1
2017-12-19 00:00:00+00:00,2017-12-19 00:00:00+00:00,1,-0.0007236055237102353,1
2017-12-20 00:00:00+00:00,2017-12-20 00:00:00+00:00,1,0.0035024449011285767,1
2017-12-21 00:00:00+00:00,2017-12-21 00:00:00+00:00,1,0.0017276313093470223,1
2017-12-22 00:00:00+00:00,2017-12-22 00:00:00+00:00,1,-0.001024168362291111,1
2017-12-26 00:00:00+00:00,2017-12-26 00:00:00+00:00,1,-0.003955641303938972,1
2017-12-27 00:00:00+00:00,2017-12-27 00:00:00+00:00,1,8.729458333874869e-05,1
2017-12-28 00:00:00+00:00,2017-12-28 00:00:00+00:00,1,0.002363301166869636,1
2017-12-29 00:00:00+00:00,2017-12-29 00:00:00+00:00,1,0.0013784789470443152,1
2018-01-02 00:00:00+00:00,2018-01-02 00:00:00+00:00,1,0.004104378267876985,1
2018-01-03 00:00:00+00:00,2018-01-03 00:00:00+00:00,1,0.0005266747488067106,1
2018-01-04 00:00:00+00:00,2018-01-04 00:00:00+00:00,1,0.0027676778533476058,1
2018-01-05 00:00:00+00:00,2018-01-05 00:00:00+00:00,1,0.003727388575313373,1
2018-01-08 00:00:00+00:00,2018-01-08 00:00:00+00:00,1,-0.0005007992755234666,1
2018-01-09 00:00:00+00:00,2018-01-09 00:00:00+00:00,1,0.0015599176268933038,1
2018-01-10 00:00:00+00:00,2018-01-10 00:00:00+00:00,1,-0.0040805194776101,1
2018-01-11 00:00:00+00:00,2018-01-11 00:00:00+00:00,1,0.0017123183810657475,1
2018-01-12 00:00:00+00:00,2018-01-12 00:00:00+00:00,1,-0.00018529291308619881,1
2018-01-16 00:00:00+00:00,2018-01-16 00:00:00+00:00,1,0.005585767246437967,1
2018-01-17 00:00:00+00:00,2018-01-17 00:00:00+00:00,1,0.0039914268410245705,1
2018-01-18 00:00:00+00:00,2018-01-18 00:00:00+00:00,1,-0.001316759295980496,1
2018-01-19 00:00:00+00:00,2018-01-19 00:00:00+00:00,1,0.0023597317995268322,1
2018-01-22 00:00:00+00:00,2018-01-22 00:00:00+00:00,1,-0.0009082098657864131,1
2018-01-23 00:00:00+00:00,2018-01-23 00:00:00+00:00,1,0.0013348500181049276,1
2018-01-24 00:00:00+00:00,2018-01-24 00:00:00+00:00,1,0.002050371878841795,1
2018-01-25 00:00:00+00:00,2018-01-25 00:00:00+00:00,1,0.0048743179967223,1
2018-01-26 00:00:00+00:00,2018-01-26 00:00:00+00:00,1,0.004168450483904984,1
2018-01-29 00:00:00+00:00,2018-01-29 00:00:00+00:00,1,-0.00248690584773229,1
2018-01-30 00:00:00+00:00,2018-01-30 00:00:00+00:00,1,-0.008509529105882185,1
2018-01-31 00:00:00+00:00,2018-01-31 00:00:00+00:00,1,0.004237094814723863,1
2018-02-01 00:00:00+00:00,2018-02-01 00:00:00+00:00,1,-0.005609177998315762,1
2018-02-02 00:00:00+00:00,2018-02-02 00:00:00+00:00,1,-0.004928430858113153,1
2018-02-05 00:00:00+00:00,2018-02-05 00:00:00+00:00,1,-0.008607996438648935,1
2018-02-06 00:00:00+00:00,2018-02-06 00:00:00+00:00,1,-0.015163428558815506,1
2018-02-07 00:00:00+00:00,2018-02-07 00:00:00+00:00,1,-0.0030724066515417144,1
2018-02-08 00:00:00+00:00,2018-02-08 00:00:00+00:00,1,0.0016147892663886613,1
2018-02-09 00:00:00+00:00,2018-02-09 00:00:00+00:00,1,0.012922847306018748,1
2018-02-12 00:00:00+00:00,2018-02-12 00:00:00+00:00,1,0.00927982311043748,1
2018-02-13 00:00:00+00:00,2018-02-13 00:00:00+00:00,1,-0.005745570991625903,1
2018-02-14 00:00:00+00:00,2018-02-14 00:00:00+00:00,1,-0.006419911449519011,1
2018-02-15 00:00:00+00:00,2018-02-15 00:00:00+00:00,1,0.007859706449240689,1
2018-02-16 00:00:00+00:00,2018-02-16 00:00:00+00:00,1,-0.003229628740167889,1
2018-02-20 00:00:00+00:00,2018-02-20 00:00:00+00:00,1,-0.004035210765584362,1
2018-02-21 00:00:00+00:00,2018-02-21 00:00:00+00:00,1,0.003071477185650118,1
2018-02-22 00:00:00+00:00,2018-02-22 00:00:00+00:00,1,0.0038282910884209435,1
2018-02-23 00:00:00+00:00,2018-02-23 00:00:00+00:00,1,0.0063056369142254435,1
2018-02-26 00:00:00+00:00,2018-02-26 00:00:00+00:00,1,0.004269108046129977,1
2018-02-27 00:00:00+00:00,2018-02-27 00:00:00+00:00,1,0.00022465028100201486,1
2018-02-28 00:00:00+00:00,2018-02-28 00:00:00+00:00,1,0.004829678547299066,1
2018-03-01 00:00:00+00:00,2018-03-01 00:00:00+00:00,1,-0.00047256870589554826,1
2018-03-02 00:00:00+00:00,2018-03-02 00:00:00+00:00,1,-0.009867875645477064,1
2018-03-05 00:00:00+00:00,2018-03-05 00:00:00+00:00,1,-0.0051578196025061415,1
2018-03-06 00:00:00+00:00,2018-03-06 00:00:00+00:00,1,0.004181974113745291,1
2018-03-07 00:00:00+00:00,2018-03-07 00:00:00+00:00,1,-0.008634672232333973,1
2018-03-08 00:00:00+00:00,2018-03-08 00:00:00+00:00,1,0.0031833648437623267,1
2018-03-09 00:00:00+00:00,2018-03-09 00:00:00+00:00,1,0.006180191201905794,1
2018-03-12 00:00:00+00:00,2018-03-12 00:00:00+00:00,1,0.0017646469572166427,1
2018-03-13 00:00:00+00:00,2018-03-13 00:00:00+00:00,1,0.003218350274297033,1
2018-03-14 00:00:00+00:00,2018-03-14 00:00:00+00:00,1,0.004290449767382543,1
2018-03-15 00:00:00+00:00,2018-03-15 00:00:00+00:00,1,0.0011027644747738322,1
2018-03-16 00:00:00+00:00,2018-03-16 00:00:00+00:00,1,0.0016350255988068722,1
2018-03-19 00:00:00+00:00,2018-03-19 00:00:00+00:00,1,-0.006661264085086249,1
2018-03-20 00:00:00+00:00,2018-03-20 00:00:00+00:00,1,0.0007411106830445772,1
2018-03-21 00:00:00+00:00,2018-03-21 00:00:00+00:00,1,-0.0017044394907734014,1
2018-03-22 00:00:00+00:00,2018-03-22 00:00:00+00:00,1,-0.011878634768467266,1
2018-03-23 00:00:00+00:00,2018-03-23 00:00:00+00:00,1,6.464248163786686e-05,1
2018-03-26 00:00:00+00:00,2018-03-26 00:00:00+00:00,1,0.017730969654380556,1
2018-03-27 00:00:00+00:00,2018-03-27 00:00:00+00:00,1,0.005409876568619987,1
2018-03-28 00:00:00+00:00,2018-03-28 00:00:00+00:00,1,-0.0028723089365458084,1
2018-03-29 00:00:00+00:00,2018-03-29 00:00:00+00:00,1,0.004885042082067493,1
2018-04-02 00:00:00+00:00,2018-04-02 00:00:00+00:00,1,-0.0049997608229744635,1
2018-04-03 00:00:00+00:00,2018-04-03 00:00:00+00:00,1,0.006791582517572803,1
2018-04-04 00:00:00+00:00,2018-04-04 00:00:00+00:00,1,-0.017673428997057684,1
2018-04-05 00:00:00+00:00,2018-04-05 00:00:00+00:00,1,0.00845217123350247,1
2018-04-06 00:00:00+00:00,2018-04-06 00:00:00+00:00,1,-0.009987852274013309,1
2018-04-09 00:00:00+00:00,2018-04-09 00:00:00+00:00,1,0.007186179501338786,1
2018-04-10 00:00:00+00:00,2018-04-10 00:00:00+00:00,1,0.013825905871062883,1
2018-04-11 00:00:00+00:00,2018-04-11 00:00:00+00:00,1,-0.006600479772222256,1
2018-04-12 00:00:00+00:00,2018-04-12 00:00:00+00:00,1,0.005569307180791816,1
2018-04-13 00:00:00+00:00,2018-04-13 00:00:00+00:00,1,0.0049795487857977275,1
2018-04-16 00:00:00+00:00,2018-04-16 00:00:00+00:00,1,0.006689767241596834,1
2018-04-17 00:00:00+00:00,2018-04-17 00:00:00+00:00,1,0.00848378622331899,1
2018-04-18 00:00:00+00:00,2018-04-18 00:00:00+00:00,1,0.0006254346630900302,1
2018-04-19 00:00:00+00:00,2018-04-19 00:00:00+00:00,1,-0.004191820287506564,1
2018-04-20 00:00:00+00:00,2018-04-20 00:00:00+00:00,1,-0.001722371503177422,1
2018-04-23 00:00:00+00:00,2018-04-23 00:00:00+00:00,1,0.0033528703272561414,1
2018-04-24 00:00:00+00:00,2018-04-24 00:00:00+00:00,1,0.004254012925806816,1
2018-04-25 00:00:00+00:00,2018-04-25 00:00:00+00:00,1,0.0004504165127551477,1
2018-04-26 00:00:00+00:00,2018-04-26 00:00:00+00:00,1,0.008360679623310852,1
2018-04-27 00:00:00+00:00,2018-04-27 00:00:00+00:00,1,0.008341675248203251,1
2018-04-30 00:00:00+00:00,2018-04-30 00:00:00+00:00,1,0.002185097104734546,1
2018-05-01 00:00:00+00:00,2018-05-01 00:00:00+00:00,1,-0.0028145920192160553,1
2018-05-02 00:00:00+00:00,2018-05-02 00:00:00+00:00,1,0.000145111142829302,1
2018-05-03 00:00:00+00:00,2018-05-03 00:00:00+00:00,1,-0.004619668598643134,1
2018-05-04 00:00:00+00:00,2018-05-04 00:00:00+00:00,1,-0.0045572353978276855,1
2018-05-07 00:00:00+00:00,2018-05-07 00:00:00+00:00,1,0.0036704303692508215,1
2018-05-08 00:00:00+00:00,2018-05-08 00:00:00+00:00,1,-0.0021397647882698597,1
2018-05-09 00:00:00+00:00,2018-05-09 00:00:00+00:00,1,0.00202685020358292,1
2018-05-10 00:00:00+00:00,2018-05-10 00:00:00+00:00,1,0.0028669325708543195,1
2018-05-11 00:00:00+00:00,2018-05-11 00:00:00+00:00,1,-0.0006322990794379365,1
2018-05-14 00:00:00+00:00,2018-05-14 00:00:00+00:00,1,0.0017486411332005795,1
2018-05-15 00:00:00+00:00,2018-05-15 00:00:00+00:00,1,-0.006792901828250519,1
2018-05-16 00:00:00+00:00,2018-05-16 00:00:00+00:00,1,0.00042890613567266896,1
2018-05-17 00:00:00+00:00,2018-05-17 00:00:00+00:00,1,-0.002596587025238994,1
2018-05-18 00:00:00+00:00,2018-05-18 00:00:00+00:00,1,-0.0029476693043007703,1
2018-05-21 00:00:00+00:00,2018-05-21 00:00:00+00:00,1,0.006677363806535353,1
2018-05-22 00:00:00+00:00,2018-05-22 00:00:00+00:00,1,0.0030653901264018017,1
2018-05-23 00:00:00+00:00,2018-05-23 00:00:00+00:00,1,-0.006746623646536531,1
2018-05-24 00:00:00+00:00,2018-05-24 00:00:00+00:00,1,-0.0012702766747849977,1
2018-05-25 00:00:00+00:00,2018-05-25 00:00:00+00:00,1,-0.0015503064726214207,1
2018-05-29 00:00:00+00:00,2018-05-29 00:00:00+00:00,1,-0.0059493418377212556,1
2018-05-30 00:00:00+00:00,2018-05-30 00:00:00+00:00,1,0.004256183623862786,1
2018-05-31 00:00:00+00:00,2018-05-31 00:00:00+00:00,1,-0.0011436370266783898,1
2018-06-01 00:00:00+00:00,2018-06-01 00:00:00+00:00,1,0.004911450501491077,1
2018-06-04 00:00:00+00:00,2018-06-04 00:00:00+00:00,1,0.0026731905006088467,1
2018-06-05 00:00:00+00:00,2018-06-05 00:00:00+00:00,1,0.0011489816071625584,1
2018-06-06 00:00:00+00:00,2018-06-06 00:00:00+00:00,1,0.001468869877373569,1
2018-06-07 00:00:00+00:00,2018-06-07 00:00:00+00:00,1,0.0007765976538050782,1
2018-06-08 00:00:00+00:00,2018-06-08 00:00:00+00:00,1,-0.0035880584804796386,1
2018-06-11 00:00:00+00:00,2018-06-11 00:00:00+00:00,1,-0.0002229826526269682,1
2018-06-12 00:00:00+00:00,2018-06-12 00:00:00+00:00,1,0.0012296834183827769,1
2018-06-13 00:00:00+00:00,2018-06-13 00:00:00+00:00,1,0.0009519268014073993,1
2018-06-14 00:00:00+00:00,2018-06-14 00:00:00+00:00,1,0.0037657289808035958,1
2018-06-15 00:00:00+00:00,2018-06-15 00:00:00+00:00,1,-0.0037790686708830453,1
2018-06-18 00:00:00+00:00,2018-06-18 00:00:00+00:00,1,-0.00640732206709963,1
2018-06-19 00:00:00+00:00,2018-06-19 00:00:00+00:00,1,-0.011245726081464768,1
2018-06-20 00:00:00+00:00,2018-06-20 00:00:00+00:00,1,0.003398590992458173,1
2018-06-21 00:00:00+00:00,2018-06-21 00:00:00+00:00,1,0.0009510891103426625,1
2018-06-22 00:00:00+00:00,2018-06-22 00:00:00+00:00,1,0.00396819403148726,1
2018-06-25 00:00:00+00:00,2018-06-25 00:00:00+00:00,1,-0.007200533326903824,1
2018-06-26 00:00:00+00:00,2018-06-26 00:00:00+00:00,1,0.0027192020734578496,1
2018-06-27 00:00:00+00:00,2018-06-27 00:00:00+00:00,1,0.003036115197995926,1
2018-06-28 00:00:00+00:00,2018-06-28 00:00:00+00:00,1,-0.001030142310103543,1
2018-06-29 00:00:00+00:00,2018-06-29 00:00:00+00:00,1,0.004365504024734313,1
2018-07-02 00:00:00+00:00,2018-07-02 00:00:00+00:00,1,-0.008252290498124515,1
2018-07-03 00:00:00+00:00,2018-07-03 00:00:00+00:00,1,0.0034383875608943962,1
2018-07-05 00:00:00+00:00,2018-07-05 00:00:00+00:00,1,0.005293532040574334,1
2018-07-06 00:00:00+00:00,2018-07-06 00:00:00+00:00,1,0.0009114760767666378,1
2018-07-09 00:00:00+00:00,2018-07-09 00:00:00+00:00,1,0.004342456355787195,1
2018-07-10 00:00:00+00:00,2018-07-10 00:00:00+00:00,1,0.0015487052009231731,1
2018-07-11 00:00:00+00:00,2018-07-11 00:00:00+00:00,1,-0.0073566640935667,1
2018-07-12 00:00:00+00:00,2018-07-12 00:00:00+00:00,1,0.004475225885462864,1
2018-07-13 00:00:00+00:00,2018-07-13 00:00:00+00:00,1,-0.0006859445879800804,1
2018-07-16 00:00:00+00:00,2018-07-16 00:00:00+00:00,1,-9.940812327361408e-05,1
2018-07-17 00:00:00+00:00,2018-07-17 00:00:00+00:00,1,-0.00715882711477398,1
2018-07-18 00:00:00+00:00,2018-07-18 00:00:00+00:00,1,-8.41495865061878e-05,1
2018-07-19 00:00:00+00:00,2018-07-19 00:00:00+00:00,1,-0.0034408066775268083,1
2018-07-20 00:00:00+00:00,2018-07-20 00:00:00+00:00,1,0.0007976653186754449,1
2018-07-23 00:00:00+00:00,2018-07-23 00:00:00+00:00,1,-0.0021917497834083362,1
2018-07-24 00:00:00+00:00,2018-07-24 00:00:00+00:00,1,0.007688837125871062,1
2018-07-25 00:00:00+00:00,2018-07-25 00:00:00+00:00,1,-0.0005751162974909959,1
2018-07-26 00:00:00+00:00,2018-07-26 00:00:00+00:00,1,-0.00850903528421607,1
2018-07-27 00:00:00+00:00,2018-07-27 00:00:00+00:00,1,0.0035187100344945214,1
2018-07-30 00:00:00+00:00,2018-07-30 00:00:00+00:00,1,-0.00011177025917711274,1
2018-07-31 00:00:00+00:00,2018-07-31 00:00:00+00:00,1,0.0032062953139527454,1
2018-08-01 00:00:00+00:00,2018-08-01 00:00:00+00:00,1,0.001270528783449432,1
2018-08-02 00:00:00+00:00,2018-08-02 00:00:00+00:00,1,-0.006445505302401155,1
2018-08-03 00:00:00+00:00,2018-08-03 00:00:00+00:00,1,0.0008944154687578702,1
2018-08-06 00:00:00+00:00,2018-08-06 00:00:00+00:00,1,-0.0005623421365515188,1
2018-08-07 00:00:00+00:00,2018-08-07 00:00:00+00:00,1,0.0024251606935042583,1
2018-08-08 00:00:00+00:00,2018-08-08 00:00:00+00:00,1,-0.0013202258075526215,1
2018-08-09 00:00:00+00:00,2018-08-09 00:00:00+00:00,1,-0.00047944236209949113,1
2018-08-10 00:00:00+00:00,2018-08-10 00:00:00+00:00,1,-0.006522414075416849,1
2018-08-13 00:00:00+00:00,2018-08-13 00:00:00+00:00,1,0.0011614598210297426,1
2018-08-14 00:00:00+00:00,2018-08-14 00:00:00+00:00,1,0.0030666412106367894,1
2018-08-15 00:00:00+00:00,2018-08-15 00:00:00+00:00,1,-0.006945053392313527,1
2018-08-16 00:00:00+00:00,2018-08-16 00:00:00+00:00,1,0.00642449219063298,1
2018-08-17 00:00:00+00:00,2018-08-17 00:00:00+00:00,1,-0.002011755129178538,1
2018-08-20 00:00:00+00:00,2018-08-20 00:00:00+00:00,1,0.0017064688426594258,1
2018-08-21 00:00:00+00:00,2018-08-21 00:00:00+00:00,1,0.0022178281957851657,1
2018-08-22 00:00:00+00:00,2018-08-22 00:00:00+00:00,1,-0.0021568314839602084,1
2018-08-23 00:00:00+00:00,2018-08-23 00:00:00+00:00,1,-0.0015331342542664102,1
2018-08-24 00:00:00+00:00,2018-08-24 00:00:00+00:00,1,0.002496388884876433,1
2018-08-27 00:00:00+00:00,2018-08-27 00:00:00+00:00,1,0.004568852733926454,1
2018-08-28 00:00:00+00:00,2018-08-28 00:00:00+00:00,1,0.0019261513013426271,1
2018-08-29 00:00:00+00:00,2018-08-29 00:00:00+00:00,1,0.00098060638369365,1
2018-08-30 00:00:00+00:00,2018-08-30 00:00:00+00:00,1,-0.002190325022932182,1
2018-08-31 00:00:00+00:00,2018-08-31 00:00:00+00:00,1,-0.0017092455378830747,1
2018-09-04 00:00:00+00:00,2018-09-04 00:00:00+00:00,1,-0.002636435573459916,1
2018-09-05 00:00:00+00:00,2018-09-05 00:00:00+00:00,1,-0.0018778581276257308,1
2018-09-06 00:00:00+00:00,2018-09-06 00:00:00+00:00,1,0.00012548342675008402,1
2018-09-07 00:00:00+00:00,2018-09-07 00:00:00+00:00,1,-0.005949735660236188,1
2018-09-10 00:00:00+00:00,2018-09-10 00:00:00+00:00,1,0.004552858160299567,1
2018-09-11 00:00:00+00:00,2018-09-11 00:00:00+00:00,1,-0.003575536286491243,1
2018-09-12 00:00:00+00:00,2018-09-12 00:00:00+00:00,1,-0.001019779820238131,1
2018-09-13 00:00:00+00:00,2018-09-13 00:00:00+00:00,1,0.004897050682967719,1
2018-09-14 00:00:00+00:00,2018-09-14 00:00:00+00:00,1,0.0004474548449757368,1
2018-09-17 00:00:00+00:00,2018-09-17 00:00:00+00:00,1,-0.0012450166877225107,1
2018-09-18 00:00:00+00:00,2018-09-18 00:00:00+00:00,1,0.0005283052500156486,1
2018-09-19 00:00:00+00:00,2018-09-19 00:00:00+00:00,1,-0.00011495023518085483,1
2018-09-20 00:00:00+00:00,2018-09-20 00:00:00+00:00,1,0.005586401608235503,1
2018-09-21 00:00:00+00:00,2018-09-21 00:00:00+00:00,1,0.002478250156781126,1
2018-09-24 00:00:00+00:00,2018-09-24 00:00:00+00:00,1,-0.005039458840801458,1
2018-09-25 00:00:00+00:00,2018-09-25 00:00:00+00:00,1,0.0003588116885519191,1
2018-09-26 00:00:00+00:00,2018-09-26 00:00:00+00:00,1,0.0004096709316276595,1
2018-09-27 00:00:00+00:00,2018-09-27 00:00:00+00:00,1,0.0026491005493986756,1
2018-09-28 00:00:00+00:00,2018-09-28 00:00:00+00:00,1,-0.0029028880276717236,1
2018-10-01 00:00:00+00:00,2018-10-01 00:00:00+00:00,1,0.0049971195354971635,1
2018-10-02 00:00:00+00:00,2018-10-02 00:00:00+00:00,1,-0.0010213599601643693,1
2018-10-03 00:00:00+00:00,2018-10-03 00:00:00+00:00,1,0.0038230708334555333,1
2018-10-04 00:00:00+00:00,2018-10-04 00:00:00+00:00,1,-0.003242075040591796,1
2018-10-05 00:00:00+00:00,2018-10-05 00:00:00+00:00,1,7.712434588976776e-05,1
2018-10-08 00:00:00+00:00,2018-10-08 00:00:00+00:00,1,-0.003386177298204984,1
2018-10-09 00:00:00+00:00,2018-10-09 00:00:00+00:00,1,-0.0006842540725203513,1
2018-10-10 00:00:00+00:00,2018-10-10 00:00:00+00:00,1,-0.004409212316175781,1
2018-10-11 00:00:00+00:00,2018-10-11 00:00:00+00:00,1,-0.004558963669604598,1
2018-10-12 00:00:00+00:00,2018-10-12 00:00:00+00:00,1,0.021623369456842033,1
2018-10-15 00:00:00+00:00,2018-10-15 00:00:00+00:00,1,-0.002774257074818187,1
2018-10-16 00:00:00+00:00,2018-10-16 00:00:00+00:00,1,0.008963620402022221,1
2018-10-17 00:00:00+00:00,2018-10-17 00:00:00+00:00,1,0.002197915766447423,1
2018-10-18 00:00:00+00:00,2018-10-18 00:00:00+00:00,1,-0.004061561244037426,1
2018-10-19 00:00:00+00:00,2018-10-19 00:00:00+00:00,1,0.005062621062199313,1
2018-10-22 00:00:00+00:00,2018-10-22 00:00:00+00:00,1,0.004062854709845765,1
2018-10-23 00:00:00+00:00,2018-10-23 00:00:00+00:00,1,-0.017082774196928698,1
2018-10-24 00:00:00+00:00,2018-10-24 00:00:00+00:00,1,-0.001388929380693604,1
2018-10-25 00:00:00+00:00,2018-10-25 00:00:00+00:00,1,0.011353953619463198,1
2018-10-26 00:00:00+00:00,2018-10-26 00:00:00+00:00,1,-0.025129915637737567,1
2018-10-29 00:00:00+00:00,2018-10-29 00:00:00+00:00,1,0.013889319146359125,1
2018-10-30 00:00:00+00:00,2018-10-30 00:00:00+00:00,1,-0.002130251012689632,1
2018-10-31 00:00:00+00:00,2018-10-31 00:00:00+00:00,1,0.013214225429147708,1
2018-11-01 00:00:00+00:00,2018-11-01 00:00:00+00:00,1,0.002228256456600375,1
2018-11-02 00:00:00+00:00,2018-11-02 00:00:00+00:00,1,0.00042679071155923316,1
2018-11-05 00:00:00+00:00,2018-11-05 00:00:00+00:00,1,0.0013604829070584471,1
2018-11-06 00:00:00+00:00,2018-11-06 00:00:00+00:00,1,-0.0003984567467142705,1
2018-11-07 00:00:00+00:00,2018-11-07 00:00:00+00:00,1,0.010126173267311323,1
2018-11-08 00:00:00+00:00,2018-11-08 00:00:00+00:00,1,-0.004236551160131807,1
2018-11-09 00:00:00+00:00,2018-11-09 00:00:00+00:00,1,-0.00759198471903697,1
2018-11-12 00:00:00+00:00,2018-11-12 00:00:00+00:00,1,-0.004824221728173794,1
2018-11-13 00:00:00+00:00,2018-11-13 00:00:00+00:00,1,0.00299870911549357,1
2018-11-14 00:00:00+00:00,2018-11-14 00:00:00+00:00,1,0.008515277919235087,1
2018-11-15 00:00:00+00:00,2018-11-15 00:00:00+00:00,1,-0.0038358733102567873,1
2018-11-16 00:00:00+00:00,2018-11-16 00:00:00+00:00,1,-0.00743089403117112,1
2018-11-19 00:00:00+00:00,2018-11-19 00:00:00+00:00,1,-0.00393024295671488,1
2018-11-20 00:00:00+00:00,2018-11-20 00:00:00+00:00,1,-0.01863364094981982,1
2018-11-21 00:00:00+00:00,2018-11-21 00:00:00+00:00,1,0.009873606221822396,1
2018-11-23 00:00:00+00:00,2018-11-23 00:00:00+00:00,1,-0.007762123284486255,1
2018-11-26 00:00:00+00:00,2018-11-26 00:00:00+00:00,1,0.01150875316081409,1
2018-11-27 00:00:00+00:00,2018-11-27 00:00:00+00:00,1,-0.005200224298603151,1
2018-11-28 00:00:00+00:00,2018-11-28 00:00:00+00:00,1,0.005545430250003725,1
2018-11-29 00:00:00+00:00,2018-11-29 00:00:00+00:00,1,-0.003988422036910943,1
2018-11-30 00:00:00+00:00,2018-11-30 00:00:00+00:00,1,7.345662838955687e-05,1
2018-12-03 00:00:00+00:00,2018-12-03 00:00:00+00:00,1,0.019139205667613034,1
2018-12-04 00:00:00+00:00,2018-12-04 00:00:00+00:00,1,-0.004576012475939117,1
2018-12-06 00:00:00+00:00,2018-12-06 00:00:00+00:00,1,-0.01838827568819066,1
2018-12-07 00:00:00+00:00,2018-12-07 00:00:00+00:00,1,-0.0031910671253915,1
2018-12-10 00:00:00+00:00,2018-12-10 00:00:00+00:00,1,-0.0016091565144959238,1
2018-12-11 00:00:00+00:00,2018-12-11 00:00:00+00:00,1,0.014653454462259486,1
2018-12-12 00:00:00+00:00,2018-12-12 00:00:00+00:00,1,0.013326693653303268,1
2018-12-13 00:00:00+00:00,2018-12-13 00:00:00+00:00,1,0.004968273771975474,1
2018-12-14 00:00:00+00:00,2018-12-14 00:00:00+00:00,1,-0.010564721264770404,1
2018-12-17 00:00:00+00:00,2018-12-17 00:00:00+00:00,1,-0.004495977153689967,1
2018-12-18 00:00:00+00:00,2018-12-18 00:00:00+00:00,1,0.007177879323579573,1
2018-12-19 00:00:00+00:00,2018-12-19 00:00:00+00:00,1,-0.0008813585045544855,1
2018-12-20 00:00:00+00:00,2018-12-20 00:00:00+00:00,1,-0.004315633809761998,1
2018-12-21 00:00:00+00:00,2018-12-21 00:00:00+00:00,1,0.004240535735824358,1
2018-12-24 00:00:00+00:00,2018-12-24 00:00:00+00:00,1,-0.007380858222281328,1
2018-12-26 00:00:00+00:00,2018-12-26 00:00:00+00:00,1,0.00868327298303725,1
2018-12-27 00:00:00+00:00,2018-12-27 00:00:00+00:00,1,-0.01448644172178396,1
2018-12-28 00:00:00+00:00,2018-12-28 00:00:00+00:00,1,0.006337114674201805,1
2018-12-31 00:00:00+00:00,2018-12-31 00:00:00+00:00,1,0.008255691830969603,1
2019-01-02 00:00:00+00:00,2019-01-02 00:00:00+00:00,1,-0.018781415726937346,1
2019-01-03 00:00:00+00:00,2019-01-03 00:00:00+00:00,1,-0.011557694213051395,1
2019-01-04 00:00:00+00:00,2019-01-04 00:00:00+00:00,1,0.015030359586808506,1
2019-01-07 00:00:00+00:00,2019-01-07 00:00:00+00:00,1,0.0015424041683962057,1
2019-01-08 00:00:00+00:00,2019-01-08 00:00:00+00:00,1,0.009081957381399575,1
2019-01-09 00:00:00+00:00,2019-01-09 00:00:00+00:00,1,0.003181630075792941,1
2019-01-10 00:00:00+00:00,2019-01-10 00:00:00+00:00,1,-0.007407226651655085,1
2019-01-11 00:00:00+00:00,2019-01-11 00:00:00+00:00,1,-0.005563064745385293,1
2019-01-14 00:00:00+00:00,2019-01-14 00:00:00+00:00,1,-0.008624658831519005,1
2019-01-15 00:00:00+00:00,2019-01-15 00:00:00+00:00,1,0.0028076774892720983,1
2019-01-16 00:00:00+00:00,2019-01-16 00:00:00+00:00,1,0.0014530602632517268,1
2019-01-17 00:00:00+00:00,2019-01-17 00:00:00+00:00,1,-0.003760027400456589,1
2019-01-18 00:00:00+00:00,2019-01-18 00:00:00+00:00,1,0.007055071016349468,1
2019-01-22 00:00:00+00:00,2019-01-22 00:00:00+00:00,1,-0.006978185060483566,1
2019-01-23 00:00:00+00:00,2019-01-23 00:00:00+00:00,1,0.004450504195305205,1
2019-01-24 00:00:00+00:00,2019-01-24 00:00:00+00:00,1,0.000954568295532721,1
2019-01-25 00:00:00+00:00,2019-01-25 00:00:00+00:00,1,0.007621464911647691,1
2019-01-28 00:00:00+00:00,2019-01-28 00:00:00+00:00,1,-0.011244603863763336,1
2019-01-29 00:00:00+00:00,2019-01-29 00:00:00+00:00,1,0.0002790515089895143,1
2019-01-30 00:00:00+00:00,2019-01-30 00:00:00+00:00,1,0.008571174361957501,1
2019-01-31 00:00:00+00:00,2019-01-31 00:00:00+00:00,1,0.0026475276391784933,1
2019-02-01 00:00:00+00:00,2019-02-01 00:00:00+00:00,1,-0.0023606658582337233,1
2019-02-04 00:00:00+00:00,2019-02-04 00:00:00+00:00,1,-0.0001176707011779962,1
2019-02-05 00:00:00+00:00,2019-02-05 00:00:00+00:00,1,0.0012607519116118685,1
2019-02-06 00:00:00+00:00,2019-02-06 00:00:00+00:00,1,-0.0007504904322481517,1
2019-02-07 00:00:00+00:00,2019-02-07 00:00:00+00:00,1,-0.007968842003736853,1
2019-02-08 00:00:00+00:00,2019-02-08 00:00:00+00:00,1,-0.007241694705593526,1
2019-02-11 00:00:00+00:00,2019-02-11 00:00:00+00:00,1,0.002858806872660458,1
2019-02-12 00:00:00+00:00,2019-02-12 00:00:00+00:00,1,0.006677832677833584,1
2019-02-13 00:00:00+00:00,2019-02-13 00:00:00+00:00,1,0.003620208927918112,1
2019-02-14 00:00:00+00:00,2019-02-14 00:00:00+00:00,1,-0.004283652364279555,1
2019-02-15 00:00:00+00:00,2019-02-15 00:00:00+00:00,1,0.007104410489102675,1
2019-02-19 00:00:00+00:00,2019-02-19 00:00:00+00:00,1,-0.003445598518219106,1
2019-02-20 00:00:00+00:00,2019-02-20 00:00:00+00:00,1,-2.361731083619893e-05,1
2019-02-21 00:00:00+00:00,2019-02-21 00:00:00+00:00,1,-0.0029106394162346835,1
2019-02-22 00:00:00+00:00,2019-02-22 00:00:00+00:00,1,0.0020216526611123945,1
2019-02-25 00:00:00+00:00,2019-02-25 00:00:00+00:00,1,0.006365600741002975,1
2019-02-26 00:00:00+00:00,2019-02-26 00:00:00+00:00,1,-0.0022077860630458686,1
2019-02-27 00:00:00+00:00,2019-02-27 00:00:00+00:00,1,-0.004035096455126485,1
2019-02-28 00:00:00+00:00,2019-02-28 00:00:00+00:00,1,-0.002285203429866744,1
2019-03-01 00:00:00+00:00,2019-03-01 00:00:00+00:00,1,0.006466629491945508,1
2019-03-04 00:00:00+00:00,2019-03-04 00:00:00+00:00,1,0.005101009531506906,1
2019-03-05 00:00:00+00:00,2019-03-05 00:00:00+00:00,1,0.0003233745260627588,1
2019-03-06 00:00:00+00:00,2019-03-06 00:00:00+00:00,1,0.0004198612161165574,1
2019-03-07 00:00:00+00:00,2019-03-07 00:00:00+00:00,1,-0.002468975590252753,1
2019-03-08 00:00:00+00:00,2019-03-08 00:00:00+00:00,1,-0.009663466342708848,1
2019-03-11 00:00:00+00:00,2019-03-11 00:00:00+00:00,1,0.0032313823483617003,1
2019-03-12 00:00:00+00:00,2019-03-12 00:00:00+00:00,1,0.002129711448360794,1
2019-03-13 00:00:00+00:00,2019-03-13 00:00:00+00:00,1,0.004060951817522274,1
2019-03-14 00:00:00+00:00,2019-03-14 00:00:00+00:00,1,9.227212382531021e-05,1
2019-03-15 00:00:00+00:00,2019-03-15 00:00:00+00:00,1,0.002747131231583955,1
2019-03-18 00:00:00+00:00,2019-03-18 00:00:00+00:00,1,-8.703649586797561e-05,1
2019-03-19 00:00:00+00:00,2019-03-19 00:00:00+00:00,1,0.0038354613837621957,1
2019-03-20 00:00:00+00:00,2019-03-20 00:00:00+00:00,1,-0.0006968560841796641,1
2019-03-21 00:00:00+00:00,2019-03-21 00:00:00+00:00,1,-0.003418223637903039,1
2019-03-22 00:00:00+00:00,2019-03-22 00:00:00+00:00,1,-0.005115251467680082,1
2019-03-25 00:00:00+00:00,2019-03-25 00:00:00+00:00,1,-0.00280025621095179,1
2019-03-26 00:00:00+00:00,2019-03-26 00:00:00+00:00,1,0.007065390386179449,1
2019-03-27 00:00:00+00:00,2019-03-27 00:00:00+00:00,1,0.00043640965569843344,1
2019-03-28 00:00:00+00:00,2019-03-28 00:00:00+00:00,1,0.0022441759399231768,1
2019-03-29 00:00:00+00:00,2019-03-29 00:00:00+00:00,1,0.006562189451700473,1
2019-04-01 00:00:00+00:00,2019-04-01 00:00:00+00:00,1,0.008778120819016267,1
2019-04-02 00:00:00+00:00,2019-04-02 00:00:00+00:00,1,0.0006166094029663397,1
2019-04-03 00:00:00+00:00,2019-04-03 00:00:00+00:00,1,0.004878797773637722,1
2019-04-04 00:00:00+00:00,2019-04-04 00:00:00+00:00,1,0.00046474793309155856,1
2019-04-05 00:00:00+00:00,2019-04-05 00:00:00+00:00,1,0.002430888211099014,1
2019-04-08 00:00:00+00:00,2019-04-08 00:00:00+00:00,1,-0.0019266552854609095,1
2019-04-09 00:00:00+00:00,2019-04-09 00:00:00+00:00,1,-0.0038543683045445306,1
2019-04-10 00:00:00+00:00,2019-04-10 00:00:00+00:00,1,0.0011509895627331516,1
2019-04-11 00:00:00+00:00,2019-04-11 00:00:00+00:00,1,0.001472341774493258,1
2019-04-12 00:00:00+00:00,2019-04-12 00:00:00+00:00,1,0.005021720608835401,1
2019-04-15 00:00:00+00:00,2019-04-15 00:00:00+00:00,1,-0.0001357046984016616,1
2019-04-16 00:00:00+00:00,2019-04-16 00:00:00+00:00,1,0.0032195238933677376,1
2019-04-17 00:00:00+00:00,2019-04-17 00:00:00+00:00,1,0.00518754007247676,1
2019-04-18 00:00:00+00:00,2019-04-18 00:00:00+00:00,1,0.0016510992461561073,1
2019-04-22 00:00:00+00:00,2019-04-22 00:00:00+00:00,1,-0.003953352318072178,1
2019-04-23 00:00:00+00:00,2019-04-23 00:00:00+00:00,1,0.0016836085644956426,1
2019-04-24 00:00:00+00:00,2019-04-24 00:00:00+00:00,1,-3.331271765220049e-05,1
2019-04-25 00:00:00+00:00,2019-04-25 00:00:00+00:00,1,0.0032542033920307193,1
2019-04-26 00:00:00+00:00,2019-04-26 00:00:00+00:00,1,-0.0010020799816740419,1
2019-04-29 00:00:00+00:00,2019-04-29 00:00:00+00:00,1,-0.00012931259731278037,1
2019-04-30 00:00:00+00:00,2019-04-30 00:00:00+00:00,1,-0.004977635072695918,1
2019-05-01 00:00:00+00:00,2019-05-01 00:00:00+00:00,1,0.0041615179827277585,1
2019-05-02 00:00:00+00:00,2019-05-02 00:00:00+00:00,1,-0.0006816387768437734,1
2019-05-03 00:00:00+00:00,2019-05-03 00:00:00+00:00,1,0.006662652848869766,1
2019-05-06 00:00:00+00:00,2019-05-06 00:00:00+00:00,1,-0.019050470130120935,1
2019-05-07 00:00:00+00:00,2019-05-07 00:00:00+00:00,1,-0.010308167517495392,1
2019-05-08 00:00:00+00:00,2019-05-08 00:00:00+00:00,1,-0.0026322426589588162,1
2019-05-09 00:00:00+00:00,2019-05-09 00:00:00+00:00,1,-0.00987094540758363,1
2019-05-10 00:00:00+00:00,2019-05-10 00:00:00+00:00,1,-0.0039001765988306066,1
2019-05-13 00:00:00+00:00,2019-05-13 00:00:00+00:00,1,-0.022887578723066716,1
2019-05-14 00:00:00+00:00,2019-05-14 00:00:00+00:00,1,0.0043438484709264705,1
2019-05-15 00:00:00+00:00,2019-05-15 00:00:00+00:00,1,-0.006788970700025687,1
2019-05-16 00:00:00+00:00,2019-05-16 00:00:00+00:00,1,0.0012865922976802117,1
2019-05-17 00:00:00+00:00,2019-05-17 00:00:00+00:00,1,-0.009696995029716248,1
2019-05-20 00:00:00+00:00,2019-05-20 00:00:00+00:00,1,-0.010379354436833832,1
2019-05-21 00:00:00+00:00,2019-05-21 00:00:00+00:00,1,0.0073174118293799165,1
2019-05-22 00:00:00+00:00,2019-05-22 00:00:00+00:00,1,-0.004927369494873967,1
2019-05-23 00:00:00+00:00,2019-05-23 00:00:00+00:00,1,-0.010369032327522154,1
2019-05-24 00:00:00+00:00,2019-05-24 00:00:00+00:00,1,0.005228708506337576,1
2019-05-28 00:00:00+00:00,2019-05-28 00:00:00+00:00,1,0.0016508650841372211,1
2019-05-29 00:00:00+00:00,2019-05-29 00:00:00+00:00,1,-0.0056116737113727,1
2019-05-30 00:00:00+00:00,2019-05-30 00:00:00+00:00,1,0.002544381861868195,1
2019-05-31 00:00:00+00:00,2019-05-31 00:00:00+00:00,1,-0.011254613483718234,1
2019-06-03 00:00:00+00:00,2019-06-03 00:00:00+00:00,1,-0.001578348460454326,1
2019-06-04 00:00:00+00:00,2019-06-04 00:00:00+00:00,1,0.009957418797985807,1
2019-06-05 00:00:00+00:00,2019-06-05 00:00:00+00:00,1,0.0076821827138050195,1
2019-06-06 00:00:00+00:00,2019-06-06 00:00:00+00:00,1,0.0011341623551614725,1
2019-06-07 00:00:00+00:00,2019-06-07 00:00:00+00:00,1,0.004358404007499395,1
2019-06-10 00:00:00+00:00,2019-06-10 00:00:00+00:00,1,0.006031637919461675,1
2019-06-11 00:00:00+00:00,2019-06-11 00:00:00+00:00,1,0.008409378767159715,1
2019-06-12 00:00:00+00:00,2019-06-12 00:00:00+00:00,1,-0.002112863643722573,1
2019-06-13 00:00:00+00:00,2019-06-13 00:00:00+00:00,1,0.0035349284257507278,1
2019-06-14 00:00:00+00:00,2019-06-14 00:00:00+00:00,1,-0.0034148325790545383,1
2019-06-17 00:00:00+00:00,2019-06-17 00:00:00+00:00,1,0.0012442085568621034,1
2019-06-18 00:00:00+00:00,2019-06-18 00:00:00+00:00,1,0.009095497893611937,1
2019-06-19 00:00:00+00:00,2019-06-19 00:00:00+00:00,1,0.0006270360257712663,1
2019-06-20 00:00:00+00:00,2019-06-20 00:00:00+00:00,1,0.011758772449217048,1
2019-06-21 00:00:00+00:00,2019-06-21 00:00:00+00:00,1,-0.0013885502715108352,1
2019-06-24 00:00:00+00:00,2019-06-24 00:00:00+00:00,1,0.0010904840355190019,1
2019-06-25 00:00:00+00:00,2019-06-25 00:00:00+00:00,1,-0.0005433718313337162,1
2019-06-26 00:00:00+00:00,2019-06-26 00:00:00+00:00,1,0.004728056729705743,1
2019-06-27 00:00:00+00:00,2019-06-27 00:00:00+00:00,1,0.002949175838155316,1
2019-06-28 00:00:00+00:00,2019-06-28 00:00:00+00:00,1,0.0027587729003395126,1
2019-07-01 00:00:00+00:00,2019-07-01 00:00:00+00:00,1,0.015565430682771242,1
2019-07-02 00:00:00+00:00,2019-07-02 00:00:00+00:00,1,-0.0005431548715287612,1
2019-07-03 00:00:00+00:00,2019-07-03 00:00:00+00:00,1,0.0022282354708702216,1
2019-07-05 00:00:00+00:00,2019-07-05 00:00:00+00:00,1,-0.005997314268545139,1
2019-07-08 00:00:00+00:00,2019-07-08 00:00:00+00:00,1,-0.005974131754744072,1
2019-07-09 00:00:00+00:00,2019-07-09 00:00:00+00:00,1,-0.0048282635974076,1
2019-07-10 00:00:00+00:00,2019-07-10 00:00:00+00:00,1,0.004727143487283503,1
2019-07-11 00:00:00+00:00,2019-07-11 00:00:00+00:00,1,0.0016419038460566363,1
2019-07-12 00:00:00+00:00,2019-07-12 00:00:00+00:00,1,0.0011480021989777826,1
2019-07-15 00:00:00+00:00,2019-07-15 00:00:00+00:00,1,0.0016607259672995704,1
2019-07-16 00:00:00+00:00,2019-07-16 00:00:00+00:00,1,-0.0010841594777429627,1
2019-07-17 00:00:00+00:00,2019-07-17 00:00:00+00:00,1,-0.00035010955821665994,1
2019-07-18 00:00:00+00:00,2019-07-18 00:00:00+00:00,1,-0.0035908779117695185,1
2019-07-19 00:00:00+00:00,2019-07-19 00:00:00+00:00,1,0.005154499888041586,1
2019-07-22 00:00:00+00:00,2019-07-22 00:00:00+00:00,1,0.001566085478697377,1
2019-07-23 00:00:00+00:00,2019-07-23 00:00:00+00:00,1,0.00450813342017361,1
2019-07-24 00:00:00+00:00,2019-07-24 00:00:00+00:00,1,-0.003609252216742331,1
2019-07-25 00:00:00+00:00,2019-07-25 00:00:00+00:00,1,-0.0028203091545884514,1
2019-07-26 00:00:00+00:00,2019-07-26 00:00:00+00:00,1,0.004148193969549652,1
2019-07-29 00:00:00+00:00,2019-07-29 00:00:00+00:00,1,-0.0009761380786321491,1
2019-07-30 00:00:00+00:00,2019-07-30 00:00:00+00:00,1,-0.006698685300296858,1
2019-07-31 00:00:00+00:00,2019-07-31 00:00:00+00:00,1,0.0014907344944391169,1
2019-08-01 00:00:00+00:00,2019-08-01 00:00:00+00:00,1,0.000849231242390969,1
2019-08-02 00:00:00+00:00,2019-08-02 00:00:00+00:00,1,-0.005739227129856283,1
2019-08-05 00:00:00+00:00,2019-08-05 00:00:00+00:00,1,-0.01850212066553484,1
2019-08-06 00:00:00+00:00,2019-08-06 00:00:00+00:00,1,0.008002114061975341,1
2019-08-07 00:00:00+00:00,2019-08-07 00:00:00+00:00,1,-0.011636367611705422,1
2019-08-08 00:00:00+00:00,2019-08-08 00:00:00+00:00,1,0.004817336299874542,1
2019-08-09 00:00:00+00:00,2019-08-09 00:00:00+00:00,1,-0.004461468449268679,1
2019-08-12 00:00:00+00:00,2019-08-12 00:00:00+00:00,1,-0.0062293840345829295,1
2019-08-13 00:00:00+00:00,2019-08-13 00:00:00+00:00,1,-0.0013065685288507819,1
2019-08-14 00:00:00+00:00,2019-08-14 00:00:00+00:00,1,-0.015998656512772692,1
2019-08-15 00:00:00+00:00,2019-08-15 00:00:00+00:00,1,0.0020826175636009196,1
2019-08-16 00:00:00+00:00,2019-08-16 00:00:00+00:00,1,0.007461109248638487,1
2019-08-19 00:00:00+00:00,2019-08-19 00:00:00+00:00,1,0.012706057552894634,1
2019-08-20 00:00:00+00:00,2019-08-20 00:00:00+00:00,1,-0.002504901420878813,1
2019-08-21 00:00:00+00:00,2019-08-21 00:00:00+00:00,1,0.0082049540763934,1
2019-08-22 00:00:00+00:00,2019-08-22 00:00:00+00:00,1,0.0019613256930898996,1
2019-08-23 00:00:00+00:00,2019-08-23 00:00:00+00:00,1,-0.006166588815633733,1
2019-08-26 00:00:00+00:00,2019-08-26 00:00:00+00:00,1,0.009632550617475222,1
2019-08-27 00:00:00+00:00,2019-08-27 00:00:00+00:00,1,0.00586366484930464,1
2019-08-28 00:00:00+00:00,2019-08-28 00:00:00+00:00,1,-0.003199311063042087,1
2019-08-29 00:00:00+00:00,2019-08-29 00:00:00+00:00,1,0.01081141332117227,1
2019-08-30 00:00:00+00:00,2019-08-30 00:00:00+00:00,1,0.005189922443199902,1
2019-09-03 00:00:00+00:00,2019-09-03 00:00:00+00:00,1,-0.006847939582532636,1
2019-09-04 00:00:00+00:00,2019-09-04 00:00:00+00:00,1,0.00864823623885721,1
2019-09-05 00:00:00+00:00,2019-09-05 00:00:00+00:00,1,0.009898400920884532,1
2019-09-06 00:00:00+00:00,2019-09-06 00:00:00+00:00,1,0.0011219753066238018,1
2019-09-09 00:00:00+00:00,2019-09-09 00:00:00+00:00,1,0.003094594824460806,1
2019-09-10 00:00:00+00:00,2019-09-10 00:00:00+00:00,1,-0.004402238667626712,1
2019-09-11 00:00:00+00:00,2019-09-11 00:00:00+00:00,1,0.0012142286854562537,1
2019-09-12 00:00:00+00:00,2019-09-12 00:00:00+00:00,1,0.004431477269998563,1
2019-09-13 00:00:00+00:00,2019-09-13 00:00:00+00:00,1,-0.00021124310155504726,1
2019-09-16 00:00:00+00:00,2019-09-16 00:00:00+00:00,1,-0.00559591526891543,1
2019-09-17 00:00:00+00:00,2019-09-17 00:00:00+00:00,1,-0.0006143877290129326,1
2019-09-18 00:00:00+00:00,2019-09-18 00:00:00+00:00,1,-0.002052825967465954,1
2019-09-19 00:00:00+00:00,2019-09-19 00:00:00+00:00,1,0.0012969251157937903,1
2019-09-20 00:00:00+00:00,2019-09-20 00:00:00+00:00,1,0.0015080609919144398,1
2019-09-23 00:00:00+00:00,2019-09-23 00:00:00+00:00,1,-0.001670983334562814,1
2019-09-24 00:00:00+00:00,2019-09-24 00:00:00+00:00,1,0.003995635030910017,1
2019-09-25 00:00:00+00:00,2019-09-25 00:00:00+00:00,1,-0.0006532762031909219,1
2019-09-26 00:00:00+00:00,2019-09-26 00:00:00+00:00,1,-0.0009407895546334807,1
2019-09-27 00:00:00+00:00,2019-09-27 00:00:00+00:00,1,0.002021170441175635,1
2019-09-30 00:00:00+00:00,2019-09-30 00:00:00+00:00,1,0.002696471917652732,1
2019-10-01 00:00:00+00:00,2019-10-01 00:00:00+00:00,1,0.0031615749042977707,1
2019-10-02 00:00:00+00:00,2019-10-02 00:00:00+00:00,1,-0.006657663236986832,1
2019-10-03 00:00:00+00:00,2019-10-03 00:00:00+00:00,1,-0.0007883305438194706,1
2019-10-04 00:00:00+00:00,2019-10-04 00:00:00+00:00,1,0.0036536769609428425,1
2019-10-07 00:00:00+00:00,2019-10-07 00:00:00+00:00,1,-0.0032247606725754104,1
2019-10-08 00:00:00+00:00,2019-10-08 00:00:00+00:00,1,-0.006914475850034607,1
2019-10-09 00:00:00+00:00,2019-10-09 00:00:00+00:00,1,0.007780787996999184,1
2019-10-10 00:00:00+00:00,2019-10-10 00:00:00+00:00,1,-0.0003212165074839898,1
2019-10-11 00:00:00+00:00,2019-10-11 00:00:00+00:00,1,0.01056401312278995,1
2019-10-14 00:00:00+00:00,2019-10-14 00:00:00+00:00,1,-0.001596994303666754,1
2019-10-15 00:00:00+00:00,2019-10-15 00:00:00+00:00,1,0.0031863746198680046,1
2019-10-16 00:00:00+00:00,2019-10-16 00:00:00+00:00,1,-0.0028584138553417234,1
2019-10-17 00:00:00+00:00,2019-10-17 00:00:00+00:00,1,0.0048494581967206355,1
2019-10-18 00:00:00+00:00,2019-10-18 00:00:00+00:00,1,-0.0021901446886596117,1
2019-10-21 00:00:00+00:00,2019-10-21 00:00:00+00:00,1,0.004794033429217215,1
2019-10-22 00:00:00+00:00,2019-10-22 00:00:00+00:00,1,0.0026482447588304873,1
2019-10-23 00:00:00+00:00,2019-10-23 00:00:00+00:00,1,-0.001784659456130799,1
2019-10-24 00:00:00+00:00,2019-10-24 00:00:00+00:00,1,0.004980743934378718,1
2019-10-25 00:00:00+00:00,2019-10-25 00:00:00+00:00,1,-0.003924641248612392,1
2019-10-28 00:00:00+00:00,2019-10-28 00:00:00+00:00,1,0.004247076712327902,1
2019-10-29 00:00:00+00:00,2019-10-29 00:00:00+00:00,1,-0.001629350206014379,1
2019-10-30 00:00:00+00:00,2019-10-30 00:00:00+00:00,1,0.0010319637968192134,1
2019-10-31 00:00:00+00:00,2019-10-31 00:00:00+00:00,1,0.0011303092802846474,1
2019-11-01 00:00:00+00:00,2019-11-01 00:00:00+00:00,1,0.004477403254124568,1
2019-11-04 00:00:00+00:00,2019-11-04 00:00:00+00:00,1,0.005811386138731301,1
2019-11-05 00:00:00+00:00,2019-11-05 00:00:00+00:00,1,0.0006824895121436362,1
2019-11-06 00:00:00+00:00,2019-11-06 00:00:00+00:00,1,-0.0008744637115883688,1
2019-11-07 00:00:00+00:00,2019-11-07 00:00:00+00:00,1,0.004596673758715386,1
2019-11-08 00:00:00+00:00,2019-11-08 00:00:00+00:00,1,-0.0018147579970628543,1
2019-11-11 00:00:00+00:00,2019-11-11 00:00:00+00:00,1,-0.005294251850290843,1
2019-11-12 00:00:00+00:00,2019-11-12 00:00:00+00:00,1,0.000771378313801108,1
2019-11-13 00:00:00+00:00,2019-11-13 00:00:00+00:00,1,-0.0038002213922277202,1
2019-11-14 00:00:00+00:00,2019-11-14 00:00:00+00:00,1,-0.002686402587239156,1
2019-11-15 00:00:00+00:00,2019-11-15 00:00:00+00:00,1,0.005102756507925655,1
2019-11-18 00:00:00+00:00,2019-11-18 00:00:00+00:00,1,-0.0015055646948715414,1
2019-11-19 00:00:00+00:00,2019-11-19 00:00:00+00:00,1,0.002653489681593591,1
2019-11-20 00:00:00+00:00,2019-11-20 00:00:00+00:00,1,-0.0026450658662422796,1
2019-11-21 00:00:00+00:00,2019-11-21 00:00:00+00:00,1,-0.0006506706019453242,1
2019-11-22 00:00:00+00:00,2019-11-22 00:00:00+00:00,1,0.002260565003236759,1
2019-11-25 00:00:00+00:00,2019-11-25 00:00:00+00:00,1,0.0034954595729843278,1
2019-11-26 00:00:00+00:00,2019-11-26 00:00:00+00:00,1,8.229676134393656e-05,1
2019-11-27 00:00:00+00:00,2019-11-27 00:00:00+00:00,1,0.0018387915433191963,1
2019-11-29 00:00:00+00:00,2019-11-29 00:00:00+00:00,1,-0.0025445183409053326,1
2019-12-02 00:00:00+00:00,2019-12-02 00:00:00+00:00,1,0.00016965572524904078,1
2019-12-03 00:00:00+00:00,2019-12-03 00:00:00+00:00,1,-0.011968928023549796,1
2019-12-04 00:00:00+00:00,2019-12-04 00:00:00+00:00,1,0.004114490483816591,1
2019-12-05 00:00:00+00:00,2019-12-05 00:00:00+00:00,1,0.0027145337602855982,1
2019-12-06 00:00:00+00:00,2019-12-06 00:00:00+00:00,1,0.006713317693474019,1
2019-12-09 00:00:00+00:00,2019-12-09 00:00:00+00:00,1,-0.0018851071007127459,1
2019-12-10 00:00:00+00:00,2019-12-10 00:00:00+00:00,1,-0.00015066422765628277,1
2019-12-11 00:00:00+00:00,2019-12-11 00:00:00+00:00,1,0.0016255246512549507,1
2019-12-12 00:00:00+00:00,2019-12-12 00:00:00+00:00,1,-0.0007964410150363196,1
2019-12-13 00:00:00+00:00,2019-12-13 00:00:00+00:00,1,-0.0009762172358900641,1
2019-12-16 00:00:00+00:00,2019-12-16 00:00:00+00:00,1,0.005975781938117175,1
2019-12-17 00:00:00+00:00,2019-12-17 00:00:00+00:00,1,0.001002317861264668,1
2019-12-18 00:00:00+00:00,2019-12-18 00:00:00+00:00,1,0.0008026194171677162,1
2019-12-19 00:00:00+00:00,2019-12-19 00:00:00+00:00,1,0.00024340707429001436,1
2019-12-20 00:00:00+00:00,2019-12-20 00:00:00+00:00,1,0.0038405672467631494,1
2019-12-23 00:00:00+00:00,2019-12-23 00:00:00+00:00,1,0.0028110891357053473,1
2019-12-24 00:00:00+00:00,2019-12-24 00:00:00+00:00,1,0.0005373206090273034,1
2019-12-26 00:00:00+00:00,2019-12-26 00:00:00+00:00,1,0.0011561170576599115,1
2019-12-27 00:00:00+00:00,2019-12-27 00:00:00+00:00,1,0.0026925267803302403,1
2019-12-30 00:00:00+00:00,2019-12-30 00:00:00+00:00,1,-0.00041793564842865753,1
2019-12-31 00:00:00+00:00,2019-12-31 00:00:00+00:00,1,-0.0027586733236390267,1
2020-01-02 00:00:00+00:00,2020-01-02 00:00:00+00:00,1,0.006519425380231947,1
2020-01-03 00:00:00+00:00,2020-01-03 00:00:00+00:00,1,-0.012625531722544747,1
2020-01-06 00:00:00+00:00,2020-01-06 00:00:00+00:00,1,-0.007199321261708502,1
2020-01-07 00:00:00+00:00,2020-01-07 00:00:00+00:00,1,-0.0010725039338125072,1
2020-01-08 00:00:00+00:00,2020-01-08 00:00:00+00:00,1,-4.4016810820257364e-05,1
2020-01-09 00:00:00+00:00,2020-01-09 00:00:00+00:00,1,0.0064567270230782795,1
2020-01-10 00:00:00+00:00,2020-01-10 00:00:00+00:00,1,0.002643312286178834,1
2020-01-13 00:00:00+00:00,2020-01-13 00:00:00+00:00,1,0.0028038393044281466,1
2020-01-14 00:00:00+00:00,2020-01-14 00:00:00+00:00,1,-0.0012805870644738478,1
2020-01-15 00:00:00+00:00,2020-01-15 00:00:00+00:00,1,-0.00018023024653949197,1
2020-01-16 00:00:00+00:00,2020-01-16 00:00:00+00:00,1,0.004498691064811234,1
2020-01-17 00:00:00+00:00,2020-01-17 00:00:00+00:00,1,0.0031278849196491824,1
2020-01-21 00:00:00+00:00,2020-01-21 00:00:00+00:00,1,-0.003269400927861465,1
2020-01-22 00:00:00+00:00,2020-01-22 00:00:00+00:00,1,0.0036492607701310246,1
2020-01-23 00:00:00+00:00,2020-01-23 00:00:00+00:00,1,-0.0016617545832959598,1
2020-01-24 00:00:00+00:00,2020-01-24 00:00:00+00:00,1,0.0031229042170531577,1
2020-01-27 00:00:00+00:00,2020-01-27 00:00:00+00:00,1,-0.020322822414712928,1
2020-01-28 00:00:00+00:00,2020-01-28 00:00:00+00:00,1,0.005641628786239828,1
2020-01-29 00:00:00+00:00,2020-01-29 00:00:00+00:00,1,0.00475617230066957,1
2020-01-30 00:00:00+00:00,2020-01-30 00:00:00+00:00,1,-0.006983168713374932,1
2020-01-31 00:00:00+00:00,2020-01-31 00:00:00+00:00,1,0.0007514663223678556,1
2020-02-03 00:00:00+00:00,2020-02-03 00:00:00+00:00,1,0.004659676765271759,1
2020-02-04 00:00:00+00:00,2020-02-04 00:00:00+00:00,1,0.012628586413240129,1
2020-02-05 00:00:00+00:00,2020-02-05 00:00:00+00:00,1,0.01060021139431141,1
2020-02-06 00:00:00+00:00,2020-02-06 00:00:00+00:00,1,0.0025261912570765047,1
2020-02-07 00:00:00+00:00,2020-02-07 00:00:00+00:00,1,-0.004273807334011148,1
2020-02-10 00:00:00+00:00,2020-02-10 00:00:00+00:00,1,-0.003418000961175704,1
2020-02-11 00:00:00+00:00,2020-02-11 00:00:00+00:00,1,0.00466995092308794,1
2020-02-12 00:00:00+00:00,2020-02-12 00:00:00+00:00,1,0.004994056887551246,1
2020-02-13 00:00:00+00:00,2020-02-13 00:00:00+00:00,1,-0.006090733439722584,1
2020-02-14 00:00:00+00:00,2020-02-14 00:00:00+00:00,1,0.0011581745444681716,1
2020-02-18 00:00:00+00:00,2020-02-18 00:00:00+00:00,1,-0.004343533848808678,1
2020-02-19 00:00:00+00:00,2020-02-19 00:00:00+00:00,1,0.00425622815346024,1
2020-02-20 00:00:00+00:00,2020-02-20 00:00:00+00:00,1,-0.0022836805801863865,1
2020-02-21 00:00:00+00:00,2020-02-21 00:00:00+00:00,1,-0.0049881562237586215,1
2020-02-24 00:00:00+00:00,2020-02-24 00:00:00+00:00,1,-0.03445520467352501,1
2020-02-25 00:00:00+00:00,2020-02-25 00:00:00+00:00,1,0.006257994528286204,1
2020-02-26 00:00:00+00:00,2020-02-26 00:00:00+00:00,1,0.005257652249803757,1
2020-02-27 00:00:00+00:00,2020-02-27 00:00:00+00:00,1,-0.022883008375806015,1
2020-02-28 00:00:00+00:00,2020-02-28 00:00:00+00:00,1,-0.032126324721834666,1
2020-03-02 00:00:00+00:00,2020-03-02 00:00:00+00:00,1,0.010474063699939496,1
2020-03-03 00:00:00+00:00,2020-03-03 00:00:00+00:00,1,0.001957428837296849,1
2020-03-04 00:00:00+00:00,2020-03-04 00:00:00+00:00,1,0.018657734108578593,1
2020-03-05 00:00:00+00:00,2020-03-05 00:00:00+00:00,1,-0.02556431029311649,1
2020-03-06 00:00:00+00:00,2020-03-06 00:00:00+00:00,1,-0.03204272095458802,1
2020-03-09 00:00:00+00:00,2020-03-09 00:00:00+00:00,1,-0.07249709707152577,1
2020-03-10 00:00:00+00:00,2020-03-10 00:00:00+00:00,1,0.03815625096144123,1
2020-03-11 00:00:00+00:00,2020-03-11 00:00:00+00:00,1,-0.025343497457696408,1
2020-03-12 00:00:00+00:00,2020-03-12 00:00:00+00:00,1,-0.06738843990591156,1
2020-03-13 00:00:00+00:00,2020-03-13 00:00:00+00:00,1,0.057380835148761654,1
2020-03-16 00:00:00+00:00,2020-03-16 00:00:00+00:00,1,-0.09982872687391994,1
2020-03-17 00:00:00+00:00,2020-03-17 00:00:00+00:00,1,0.02874119795884563,1
2020-03-18 00:00:00+00:00,2020-03-18 00:00:00+00:00,1,-0.061939616685218725,1
2020-03-19 00:00:00+00:00,2020-03-19 00:00:00+00:00,1,-0.004439041151369094,1
2020-03-20 00:00:00+00:00,2020-03-20 00:00:00+00:00,1,0.018347137861101946,1
2020-03-23 00:00:00+00:00,2020-03-23 00:00:00+00:00,1,7.80975075474702e-05,1
2020-03-24 00:00:00+00:00,2020-03-24 00:00:00+00:00,1,0.053142225455190394,1
2020-03-25 00:00:00+00:00,2020-03-25 00:00:00+00:00,1,0.005306052668589601,1
2020-03-26 00:00:00+00:00,2020-03-26 00:00:00+00:00,1,0.009537128330104306,1
2020-03-27 00:00:00+00:00,2020-03-27 00:00:00+00:00,1,-0.028429409537637874,1
2020-03-30 00:00:00+00:00,2020-03-30 00:00:00+00:00,1,0.008947485922368237,1
2020-03-31 00:00:00+00:00,2020-03-31 00:00:00+00:00,1,-0.0032161457345023844,1
2020-04-01 00:00:00+00:00,2020-04-01 00:00:00+00:00,1,-0.034037078606894845,1
2020-04-02 00:00:00+00:00,2020-04-02 00:00:00+00:00,1,-0.005184551783158941,1
2020-04-03 00:00:00+00:00,2020-04-03 00:00:00+00:00,1,-0.0036609184110641176,1
2020-04-06 00:00:00+00:00,2020-04-06 00:00:00+00:00,1,0.03852784997537247,1
2020-04-07 00:00:00+00:00,2020-04-07 00:00:00+00:00,1,0.03233971725699577,1
2020-04-08 00:00:00+00:00,2020-04-08 00:00:00+00:00,1,0.009491979293946707,1
2020-04-09 00:00:00+00:00,2020-04-09 00:00:00+00:00,1,0.01061475293344768,1
2020-04-13 00:00:00+00:00,2020-04-13 00:00:00+00:00,1,-0.004345686529883519,1
2020-04-14 00:00:00+00:00,2020-04-14 00:00:00+00:00,1,0.01969266375897346,1
2020-04-15 00:00:00+00:00,2020-04-15 00:00:00+00:00,1,-0.01923575475018744,1
2020-04-16 00:00:00+00:00,2020-04-16 00:00:00+00:00,1,0.007597715341097733,1
2020-04-17 00:00:00+00:00,2020-04-17 00:00:00+00:00,1,0.01779689835872541,1
2020-04-20 00:00:00+00:00,2020-04-20 00:00:00+00:00,1,-0.011812121096825645,1
2020-04-21 00:00:00+00:00,2020-04-21 00:00:00+00:00,1,-0.013959033795696385,1
2020-04-22 00:00:00+00:00,2020-04-22 00:00:00+00:00,1,0.01969763450443015,1
2020-04-23 00:00:00+00:00,2020-04-23 00:00:00+00:00,1,0.004133372644921274,1
2020-04-24 00:00:00+00:00,2020-04-24 00:00:00+00:00,1,0.0037250876973331185,1
2020-04-27 00:00:00+00:00,2020-04-27 00:00:00+00:00,1,0.008993802817235242,1
2020-04-28 00:00:00+00:00,2020-04-28 00:00:00+00:00,1,0.01069772275959221,1
2020-04-29 00:00:00+00:00,2020-04-29 00:00:00+00:00,1,0.02093669059292088,1
2020-04-30 00:00:00+00:00,2020-04-30 00:00:00+00:00,1,-0.0006890510217052222,1
2020-05-01 00:00:00+00:00,2020-05-01 00:00:00+00:00,1,-0.019271764502507595,1
2020-05-04 00:00:00+00:00,2020-05-04 00:00:00+00:00,1,-0.006932910280090831,1
2020-05-05 00:00:00+00:00,2020-05-05 00:00:00+00:00,1,0.010270632070074249,1
2020-05-06 00:00:00+00:00,2020-05-06 00:00:00+00:00,1,0.006929352309648718,1
2020-05-07 00:00:00+00:00,2020-05-07 00:00:00+00:00,1,0.012294957856753908,1
2020-05-08 00:00:00+00:00,2020-05-08 00:00:00+00:00,1,0.00952619841537058,1
2020-05-11 00:00:00+00:00,2020-05-11 00:00:00+00:00,1,-0.00693693319129488,1
2020-05-12 00:00:00+00:00,2020-05-12 00:00:00+00:00,1,0.003271527726138335,1
2020-05-13 00:00:00+00:00,2020-05-13 00:00:00+00:00,1,-0.00014825426795714829,1
2020-05-14 00:00:00+00:00,2020-05-14 00:00:00+00:00,1,-0.008128052536772989,1
2020-05-15 00:00:00+00:00,2020-05-15 00:00:00+00:00,1,-0.011736799712745582,1
2020-05-18 00:00:00+00:00,2020-05-18 00:00:00+00:00,1,0.01826475478795938,1
2020-05-19 00:00:00+00:00,2020-05-19 00:00:00+00:00,1,-0.0008079423187424602,1
2020-05-20 00:00:00+00:00,2020-05-20 00:00:00+00:00,1,0.012111622177379678,1
2020-05-21 00:00:00+00:00,2020-05-21 00:00:00+00:00,1,-0.00042749122164257273,1
2020-05-22 00:00:00+00:00,2020-05-22 00:00:00+00:00,1,-0.0017433679378983432,1
2020-05-26 00:00:00+00:00,2020-05-26 00:00:00+00:00,1,0.018738920528212875,1
2020-05-27 00:00:00+00:00,2020-05-27 00:00:00+00:00,1,0.004018342616552839,1
2020-05-28 00:00:00+00:00,2020-05-28 00:00:00+00:00,1,-0.001017021728575018,1
2020-05-29 00:00:00+00:00,2020-05-29 00:00:00+00:00,1,-0.0002939884917191657,1
2020-06-01 00:00:00+00:00,2020-06-01 00:00:00+00:00,1,-0.0033783107713592827,1
2020-06-02 00:00:00+00:00,2020-06-02 00:00:00+00:00,1,0.0022760807018300192,1
2020-06-03 00:00:00+00:00,2020-06-03 00:00:00+00:00,1,0.004542592301677606,1
2020-06-04 00:00:00+00:00,2020-06-04 00:00:00+00:00,1,-0.002774146488591622,1
2020-06-05 00:00:00+00:00,2020-06-05 00:00:00+00:00,1,0.011657969740526542,1
2020-06-08 00:00:00+00:00,2020-06-08 00:00:00+00:00,1,0.0007649032800761905,1
2020-06-09 00:00:00+00:00,2020-06-09 00:00:00+00:00,1,-0.006628755893848348,1
2020-06-10 00:00:00+00:00,2020-06-10 00:00:00+00:00,1,0.004278441700132108,1
2020-06-11 00:00:00+00:00,2020-06-11 00:00:00+00:00,1,-0.02036288546579338,1
2020-06-12 00:00:00+00:00,2020-06-12 00:00:00+00:00,1,0.02322309971468458,1
2020-06-15 00:00:00+00:00,2020-06-15 00:00:00+00:00,1,-0.017765497279241906,1
2020-06-16 00:00:00+00:00,2020-06-16 00:00:00+00:00,1,0.023961327377301576,1
2020-06-17 00:00:00+00:00,2020-06-17 00:00:00+00:00,1,0.004664824852133787,1
2020-06-18 00:00:00+00:00,2020-06-18 00:00:00+00:00,1,-0.0036245858116692228,1
2020-06-19 00:00:00+00:00,2020-06-19 00:00:00+00:00,1,0.01076493449057977,1
2020-06-22 00:00:00+00:00,2020-06-22 00:00:00+00:00,1,-0.0016322974320767455,1
2020-06-23 00:00:00+00:00,2020-06-23 00:00:00+00:00,1,0.007663581836271105,1
2020-06-24 00:00:00+00:00,2020-06-24 00:00:00+00:00,1,-0.005408389091009635,1
2020-06-25 00:00:00+00:00,2020-06-25 00:00:00+00:00,1,-0.0011347253871815451,1
2020-06-26 00:00:00+00:00,2020-06-26 00:00:00+00:00,1,-0.0027439950668990184,1
2020-06-29 00:00:00+00:00,2020-06-29 00:00:00+00:00,1,0.001445787983809366,1
2020-06-30 00:00:00+00:00,2020-06-30 00:00:00+00:00,1,-0.0012157800080613065,1
2020-07-01 00:00:00+00:00,2020-07-01 00:00:00+00:00,1,0.0017427986779020247,1
2020-07-02 00:00:00+00:00,2020-07-02 00:00:00+00:00,1,0.010740205342224607,1
2020-07-06 00:00:00+00:00,2020-07-06 00:00:00+00:00,1,0.012792967449644277,1
2020-07-07 00:00:00+00:00,2020-07-07 00:00:00+00:00,1,-0.0034367098539503146,1
2020-07-08 00:00:00+00:00,2020-07-08 00:00:00+00:00,1,0.0036919371670449345,1
2020-07-09 00:00:00+00:00,2020-07-09 00:00:00+00:00,1,0.004551539921538528,1
2020-07-10 00:00:00+00:00,2020-07-10 00:00:00+00:00,1,-0.0006972054589420625,1
2020-07-13 00:00:00+00:00,2020-07-13 00:00:00+00:00,1,0.009267479648901922,1
2020-07-14 00:00:00+00:00,2020-07-14 00:00:00+00:00,1,-0.007793255353634376,1
2020-07-15 00:00:00+00:00,2020-07-15 00:00:00+00:00,1,0.007975140155559524,1
2020-07-16 00:00:00+00:00,2020-07-16 00:00:00+00:00,1,-0.009019488983520152,1
2020-07-17 00:00:00+00:00,2020-07-17 00:00:00+00:00,1,0.002305788110805696,1
2020-07-20 00:00:00+00:00,2020-07-20 00:00:00+00:00,1,0.0005213039090746999,1
2020-07-21 00:00:00+00:00,2020-07-21 00:00:00+00:00,1,0.0060199550318226994,1
2020-07-22 00:00:00+00:00,2020-07-22 00:00:00+00:00,1,6.598185300246169e-05,1
2020-07-23 00:00:00+00:00,2020-07-23 00:00:00+00:00,1,-0.001689190180142663,1
2020-07-24 00:00:00+00:00,2020-07-24 00:00:00+00:00,1,-0.011105245095699412,1
2020-07-27 00:00:00+00:00,2020-07-27 00:00:00+00:00,1,0.004194711500293125,1
2020-07-28 00:00:00+00:00,2020-07-28 00:00:00+00:00,1,-0.003079096129661318,1
2020-07-29 00:00:00+00:00,2020-07-29 00:00:00+00:00,1,0.004274826782697938,1
2020-07-30 00:00:00+00:00,2020-07-30 00:00:00+00:00,1,-0.009159735438554062,1
2020-07-31 00:00:00+00:00,2020-07-31 00:00:00+00:00,1,0.01184687279073623,1
2020-08-03 00:00:00+00:00,2020-08-03 00:00:00+00:00,1,0.006613835325836004,1
2020-08-04 00:00:00+00:00,2020-08-04 00:00:00+00:00,1,-0.0026795650529970235,1
2020-08-05 00:00:00+00:00,2020-08-05 00:00:00+00:00,1,0.002760581502457027,1
2020-08-06 00:00:00+00:00,2020-08-06 00:00:00+00:00,1,-0.0016172208232121173,1
2020-08-07 00:00:00+00:00,2020-08-07 00:00:00+00:00,1,-0.0028900528582171178,1
2020-08-10 00:00:00+00:00,2020-08-10 00:00:00+00:00,1,0.0009847598695293617,1
2020-08-11 00:00:00+00:00,2020-08-11 00:00:00+00:00,1,-0.000612385276407534,1
2020-08-12 00:00:00+00:00,2020-08-12 00:00:00+00:00,1,0.00787102679474968,1
2020-08-13 00:00:00+00:00,2020-08-13 00:00:00+00:00,1,-5.8683206447729104e-05,1
2020-08-14 00:00:00+00:00,2020-08-14 00:00:00+00:00,1,0.0002509962328725249,1
2020-08-17 00:00:00+00:00,2020-08-17 00:00:00+00:00,1,0.0045846384718785885,1
2020-08-18 00:00:00+00:00,2020-08-18 00:00:00+00:00,1,0.002333785672412792,1
2020-08-19 00:00:00+00:00,2020-08-19 00:00:00+00:00,1,0.00023343765735380802,1
2020-08-20 00:00:00+00:00,2020-08-20 00:00:00+00:00,1,-0.004557623453742421,1
2020-08-21 00:00:00+00:00,2020-08-21 00:00:00+00:00,1,-0.00047471768568699805,1
2020-08-24 00:00:00+00:00,2020-08-24 00:00:00+00:00,1,0.009584066163780902,1
2020-08-25 00:00:00+00:00,2020-08-25 00:00:00+00:00,1,-0.0008210227601771255,1
2020-08-26 00:00:00+00:00,2020-08-26 00:00:00+00:00,1,0.002886270993975615,1
2020-08-27 00:00:00+00:00,2020-08-27 00:00:00+00:00,1,0.0027817526891321335,1
2020-08-28 00:00:00+00:00,2020-08-28 00:00:00+00:00,1,0.003492220146468517,1
2020-08-31 00:00:00+00:00,2020-08-31 00:00:00+00:00,1,0.0002953271190735632,1
2020-09-01 00:00:00+00:00,2020-09-01 00:00:00+00:00,1,0.005633975145074877,1
2020-09-02 00:00:00+00:00,2020-09-02 00:00:00+00:00,1,0.00823687504576972,1
2020-09-03 00:00:00+00:00,2020-09-03 00:00:00+00:00,1,-0.010553945188654356,1
2020-09-04 00:00:00+00:00,2020-09-04 00:00:00+00:00,1,-0.0024469095159662443,1
2020-09-08 00:00:00+00:00,2020-09-08 00:00:00+00:00,1,-0.028882676567369016,1
2020-09-09 00:00:00+00:00,2020-09-09 00:00:00+00:00,1,0.016751163061345796,1
2020-09-10 00:00:00+00:00,2020-09-10 00:00:00+00:00,1,0.00819311172457301,1
2020-09-11 00:00:00+00:00,2020-09-11 00:00:00+00:00,1,0.00591319203888393,1
2020-09-14 00:00:00+00:00,2020-09-14 00:00:00+00:00,1,0.012062646613080397,1
2020-09-15 00:00:00+00:00,2020-09-15 00:00:00+00:00,1,0.010661779844290809,1
2020-09-16 00:00:00+00:00,2020-09-16 00:00:00+00:00,1,0.003138824958889697,1
2020-09-17 00:00:00+00:00,2020-09-17 00:00:00+00:00,1,-0.02091668902923497,1
2020-09-18 00:00:00+00:00,2020-09-18 00:00:00+00:00,1,0.0037177067212263663,1
2020-09-21 00:00:00+00:00,2020-09-21 00:00:00+00:00,1,-0.016028833119736276,1
2020-09-22 00:00:00+00:00,2020-09-22 00:00:00+00:00,1,0.006781712739550716,1
2020-09-23 00:00:00+00:00,2020-09-23 00:00:00+00:00,1,2.880473020017442e-06,1
2020-09-24 00:00:00+00:00,2020-09-24 00:00:00+00:00,1,-0.007743670397780877,1
2020-09-25 00:00:00+00:00,2020-09-25 00:00:00+00:00,1,-0.0007422383993025191,1
2020-09-28 00:00:00+00:00,2020-09-28 00:00:00+00:00,1,0.015772220333174013,1
2020-09-29 00:00:00+00:00,2020-09-29 00:00:00+00:00,1,-0.0016751386225958616,1
2020-09-30 00:00:00+00:00,2020-09-30 00:00:00+00:00,1,0.0011452145315104748,1
2020-10-01 00:00:00+00:00,2020-10-01 00:00:00+00:00,1,0.01098890083153511,1
2020-10-02 00:00:00+00:00,2020-10-02 00:00:00+00:00,1,-0.019257947416611222,1
2020-10-05 00:00:00+00:00,2020-10-05 00:00:00+00:00,1,0.00672500103864423,1
2020-10-06 00:00:00+00:00,2020-10-06 00:00:00+00:00,1,-0.0013463525732114508,1
2020-10-07 00:00:00+00:00,2020-10-07 00:00:00+00:00,1,0.009422850221587809,1
2020-10-08 00:00:00+00:00,2020-10-08 00:00:00+00:00,1,0.007196487695768495,1
2020-10-09 00:00:00+00:00,2020-10-09 00:00:00+00:00,1,0.005309313148951745,1
2020-10-12 00:00:00+00:00,2020-10-12 00:00:00+00:00,1,0.012120031559972289,1
2020-10-13 00:00:00+00:00,2020-10-13 00:00:00+00:00,1,0.0026446048482518195,1
2020-10-14 00:00:00+00:00,2020-10-14 00:00:00+00:00,1,0.001994654193437218,1
2020-10-15 00:00:00+00:00,2020-10-15 00:00:00+00:00,1,-0.01468482350834347,1
2020-10-16 00:00:00+00:00,2020-10-16 00:00:00+00:00,1,0.004730746628776117,1
2020-10-19 00:00:00+00:00,2020-10-19 00:00:00+00:00,1,0.005089374913150058,1
2020-10-20 00:00:00+00:00,2020-10-20 00:00:00+00:00,1,0.003158817463591335,1
2020-10-21 00:00:00+00:00,2020-10-21 00:00:00+00:00,1,8.429587981470006e-05,1
2020-10-22 00:00:00+00:00,2020-10-22 00:00:00+00:00,1,0.0015484061933272678,1
2020-10-23 00:00:00+00:00,2020-10-23 00:00:00+00:00,1,0.0026534285119875437,1
2020-10-26 00:00:00+00:00,2020-10-26 00:00:00+00:00,1,-0.00972201081428129,1
2020-10-27 00:00:00+00:00,2020-10-27 00:00:00+00:00,1,0.0020814853436069373,1
2020-10-28 00:00:00+00:00,2020-10-28 00:00:00+00:00,1,-0.017573007048535462,1
2020-10-29 00:00:00+00:00,2020-10-29 00:00:00+00:00,1,0.0025858018655856244,1
2020-10-30 00:00:00+00:00,2020-10-30 00:00:00+00:00,1,-0.006584243360579422,1
2020-11-02 00:00:00+00:00,2020-11-02 00:00:00+00:00,1,0.009888641412892996,1
2020-11-03 00:00:00+00:00,2020-11-03 00:00:00+00:00,1,0.00865161654684462,1
2020-11-04 00:00:00+00:00,2020-11-04 00:00:00+00:00,1,0.02316240759672391,1
2020-11-05 00:00:00+00:00,2020-11-05 00:00:00+00:00,1,0.019532595602262913,1
2020-11-06 00:00:00+00:00,2020-11-06 00:00:00+00:00,1,-0.0018976104528445666,1
2020-11-09 00:00:00+00:00,2020-11-09 00:00:00+00:00,1,0.024578808598860268,1
2020-11-10 00:00:00+00:00,2020-11-10 00:00:00+00:00,1,-0.0077342557299922895,1
2020-11-11 00:00:00+00:00,2020-11-11 00:00:00+00:00,1,0.007637354431111543,1
2020-11-12 00:00:00+00:00,2020-11-12 00:00:00+00:00,1,-0.00010237120287329675,1
2020-11-13 00:00:00+00:00,2020-11-13 00:00:00+00:00,1,0.005684822805952916,1
2020-11-16 00:00:00+00:00,2020-11-16 00:00:00+00:00,1,0.00318831786824505,1
2020-11-17 00:00:00+00:00,2020-11-17 00:00:00+00:00,1,-0.0035446860975287594,1
2020-11-18 00:00:00+00:00,2020-11-18 00:00:00+00:00,1,-0.000872823779205811,1
2020-11-19 00:00:00+00:00,2020-11-19 00:00:00+00:00,1,-0.0022362287832240254,1
2020-11-20 00:00:00+00:00,2020-11-20 00:00:00+00:00,1,-0.0008285196800748348,1
2020-11-23 00:00:00+00:00,2020-11-23 00:00:00+00:00,1,0.004217537157670226,1
2020-11-24 00:00:00+00:00,2020-11-24 00:00:00+00:00,1,0.005440437368069951,1
2020-11-25 00:00:00+00:00,2020-11-25 00:00:00+00:00,1,0.001444121670693044,1
2020-11-27 00:00:00+00:00,2020-11-27 00:00:00+00:00,1,0.004752513086996835,1
2020-11-30 00:00:00+00:00,2020-11-30 00:00:00+00:00,1,-0.000903220836707996,1
2020-12-01 00:00:00+00:00,2020-12-01 00:00:00+00:00,1,0.008469051641344006,1
2020-12-02 00:00:00+00:00,2020-12-02 00:00:00+00:00,1,-0.003932842925463897,1
2020-12-03 00:00:00+00:00,2020-12-03 00:00:00+00:00,1,7.651007688438434e-05,1
2020-12-04 00:00:00+00:00,2020-12-04 00:00:00+00:00,1,0.0006413445762318507,1
2020-12-07 00:00:00+00:00,2020-12-07 00:00:00+00:00,1,-0.0011113686357352767,1
2020-12-08 00:00:00+00:00,2020-12-08 00:00:00+00:00,1,-0.0029532357647358617,1
2020-12-09 00:00:00+00:00,2020-12-09 00:00:00+00:00,1,0.00030232340495680606,1
2020-12-10 00:00:00+00:00,2020-12-10 00:00:00+00:00,1,-0.005801933307766493,1
2020-12-11 00:00:00+00:00,2020-12-11 00:00:00+00:00,1,-0.005621367039713198,1
2020-12-14 00:00:00+00:00,2020-12-14 00:00:00+00:00,1,0.004931744809841343,1
2020-12-15 00:00:00+00:00,2020-12-15 00:00:00+00:00,1,0.007288512423862381,1
2020-12-16 00:00:00+00:00,2020-12-16 00:00:00+00:00,1,0.0006780907098436709,1
2020-12-17 00:00:00+00:00,2020-12-17 00:00:00+00:00,1,0.004760846239204109,1
2020-12-18 00:00:00+00:00,2020-12-18 00:00:00+00:00,1,0.0011794840801480858,1
2020-12-21 00:00:00+00:00,2020-12-21 00:00:00+00:00,1,-0.010911500299321563,1
2020-12-22 00:00:00+00:00,2020-12-22 00:00:00+00:00,1,0.0016809246509200352,1
2020-12-23 00:00:00+00:00,2020-12-23 00:00:00+00:00,1,0.0011967388037112617,1
2020-12-24 00:00:00+00:00,2020-12-24 00:00:00+00:00,1,0.0008318104963936594,1
2020-12-28 00:00:00+00:00,2020-12-28 00:00:00+00:00,1,0.007757437568559922,1
2020-12-29 00:00:00+00:00,2020-12-29 00:00:00+00:00,1,0.004094186240924913,1
2020-12-30 00:00:00+00:00,2020-12-30 00:00:00+00:00,1,0.002801598834221342,1
2020-12-31 00:00:00+00:00,2020-12-31 00:00:00+00:00,1,-0.0007419997606431857,1
2021-01-04 00:00:00+00:00,2021-01-04 00:00:00+00:00,1,0.003795510396942781,1
2021-01-05 00:00:00+00:00,2021-01-05 00:00:00+00:00,1,-0.0028841189802311425,1
2021-01-06 00:00:00+00:00,2021-01-06 00:00:00+00:00,1,-0.01027331486710712,1
2021-01-07 00:00:00+00:00,2021-01-07 00:00:00+00:00,1,0.0075680243748007196,1
2021-01-08 00:00:00+00:00,2021-01-08 00:00:00+00:00,1,0.005411273405726192,1
2021-01-11 00:00:00+00:00,2021-01-11 00:00:00+00:00,1,-0.00955202054361468,1
2021-01-12 00:00:00+00:00,2021-01-12 00:00:00+00:00,1,2.7612182933756406e-05,1
2021-01-13 00:00:00+00:00,2021-01-13 00:00:00+00:00,1,2.430927470178397e-05,1
2021-01-14 00:00:00+00:00,2021-01-14 00:00:00+00:00,1,0.0014809647024843445,1
2021-01-15 00:00:00+00:00,2021-01-15 00:00:00+00:00,1,-0.0029485845336209345,1
2021-01-19 00:00:00+00:00,2021-01-19 00:00:00+00:00,1,0.007045377449134549,1
2021-01-20 00:00:00+00:00,2021-01-20 00:00:00+00:00,1,0.008842495304301779,1
2021-01-21 00:00:00+00:00,2021-01-21 00:00:00+00:00,1,0.0026127400786891356,1
2021-01-22 00:00:00+00:00,2021-01-22 00:00:00+00:00,1,-0.004528876753353872,1
2021-01-25 00:00:00+00:00,2021-01-25 00:00:00+00:00,1,0.006094064658195142,1
2021-01-26 00:00:00+00:00,2021-01-26 00:00:00+00:00,1,0.002154407794508118,1
2021-01-27 00:00:00+00:00,2021-01-27 00:00:00+00:00,1,-0.00849643239703055,1
2021-01-28 00:00:00+00:00,2021-01-28 00:00:00+00:00,1,0.004244966593311717,1
2021-01-29 00:00:00+00:00,2021-01-29 00:00:00+00:00,1,-0.00565571437604615,1
2021-02-01 00:00:00+00:00,2021-02-01 00:00:00+00:00,1,0.010274322226896915,1
2021-02-02 00:00:00+00:00,2021-02-02 00:00:00+00:00,1,0.008990458217998343,1
2021-02-03 00:00:00+00:00,2021-02-03 00:00:00+00:00,1,0.004131625160141173,1
2021-02-04 00:00:00+00:00,2021-02-04 00:00:00+00:00,1,0.0033594737752496665,1
2021-02-05 00:00:00+00:00,2021-02-05 00:00:00+00:00,1,0.0037861869308760347,1
2021-02-08 00:00:00+00:00,2021-02-08 00:00:00+00:00,1,0.004337075052555395,1
2021-02-09 00:00:00+00:00,2021-02-09 00:00:00+00:00,1,-0.0028908392227595444,1
2021-02-10 00:00:00+00:00,2021-02-10 00:00:00+00:00,1,0.004314441654338664,1
2021-02-11 00:00:00+00:00,2021-02-11 00:00:00+00:00,1,0.003561174762805564,1
2021-02-12 00:00:00+00:00,2021-02-12 00:00:00+00:00,1,-0.0027005490969731812,1
2021-02-16 00:00:00+00:00,2021-02-16 00:00:00+00:00,1,0.0025992475928185658,1
2021-02-17 00:00:00+00:00,2021-02-17 00:00:00+00:00,1,-0.007270696067453708,1
2021-02-18 00:00:00+00:00,2021-02-18 00:00:00+00:00,1,-0.009408021227199337,1
2021-02-19 00:00:00+00:00,2021-02-19 00:00:00+00:00,1,0.0035180914730452376,1
2021-02-22 00:00:00+00:00,2021-02-22 00:00:00+00:00,1,-0.01093493527010878,1
2021-02-23 00:00:00+00:00,2021-02-23 00:00:00+00:00,1,-0.011797400287413584,1
2021-02-24 00:00:00+00:00,2021-02-24 00:00:00+00:00,1,-0.006071306877981774,1
2021-02-25 00:00:00+00:00,2021-02-25 00:00:00+00:00,1,-0.006262213670695493,1
2021-02-26 00:00:00+00:00,2021-02-26 00:00:00+00:00,1,0.007168344570034424,1
2021-03-01 00:00:00+00:00,2021-03-01 00:00:00+00:00,1,0.014740336130088594,1
2021-03-02 00:00:00+00:00,2021-03-02 00:00:00+00:00,1,0.001027833012120805,1
2021-03-03 00:00:00+00:00,2021-03-03 00:00:00+00:00,1,-0.003044442850615203,1
2021-03-04 00:00:00+00:00,2021-03-04 00:00:00+00:00,1,-0.0011770560032773655,1
2021-03-05 00:00:00+00:00,2021-03-05 00:00:00+00:00,1,0.00913006899355936,1
2021-03-08 00:00:00+00:00,2021-03-08 00:00:00+00:00,1,0.0001353068826214446,1
2021-03-09 00:00:00+00:00,2021-03-09 00:00:00+00:00,1,0.01766225203159929,1
2021-03-10 00:00:00+00:00,2021-03-10 00:00:00+00:00,1,0.009994948496443634,1
2021-03-11 00:00:00+00:00,2021-03-11 00:00:00+00:00,1,0.01096587984127303,1
2021-03-12 00:00:00+00:00,2021-03-12 00:00:00+00:00,1,-0.008726565336666636,1
2021-03-15 00:00:00+00:00,2021-03-15 00:00:00+00:00,1,0.0005656920042605654,1
2021-03-16 00:00:00+00:00,2021-03-16 00:00:00+00:00,1,0.004076606091099022,1
2021-03-17 00:00:00+00:00,2021-03-17 00:00:00+00:00,1,-0.006924437689420892,1
2021-03-18 00:00:00+00:00,2021-03-18 00:00:00+00:00,1,-0.011612167236662618,1
2021-03-19 00:00:00+00:00,2021-03-19 00:00:00+00:00,1,-0.0009849008223034913,1
2021-03-22 00:00:00+00:00,2021-03-22 00:00:00+00:00,1,0.004346749270642681,1
2021-03-23 00:00:00+00:00,2021-03-23 00:00:00+00:00,1,0.0005919237307104534,1
2021-03-24 00:00:00+00:00,2021-03-24 00:00:00+00:00,1,0.003847988700946237,1
2021-03-25 00:00:00+00:00,2021-03-25 00:00:00+00:00,1,-0.005333152284511344,1
2021-03-26 00:00:00+00:00,2021-03-26 00:00:00+00:00,1,0.0009247203349127212,1
2021-03-29 00:00:00+00:00,2021-03-29 00:00:00+00:00,1,-0.0031651696003283988,1
2021-03-30 00:00:00+00:00,2021-03-30 00:00:00+00:00,1,-0.005215285220877308,1
2021-03-31 00:00:00+00:00,2021-03-31 00:00:00+00:00,1,0.0033994440216742142,1
2021-04-01 00:00:00+00:00,2021-04-01 00:00:00+00:00,1,0.008484635500164062,1
2021-04-05 00:00:00+00:00,2021-04-05 00:00:00+00:00,1,0.007200609833884009,1
2021-04-06 00:00:00+00:00,2021-04-06 00:00:00+00:00,1,-0.0015214490209833672,1
2021-04-07 00:00:00+00:00,2021-04-07 00:00:00+00:00,1,-0.0012622480908482166,1
2021-04-08 00:00:00+00:00,2021-04-08 00:00:00+00:00,1,0.0057806464638950564,1
2021-04-09 00:00:00+00:00,2021-04-09 00:00:00+00:00,1,-0.0025479070513680143,1
2021-04-12 00:00:00+00:00,2021-04-12 00:00:00+00:00,1,-0.002664736172775772,1
2021-04-13 00:00:00+00:00,2021-04-13 00:00:00+00:00,1,0.0018980951795428917,1
2021-04-14 00:00:00+00:00,2021-04-14 00:00:00+00:00,1,3.058530867191574e-05,1
2021-04-15 00:00:00+00:00,2021-04-15 00:00:00+00:00,1,0.0068807932811055465,1
2021-04-16 00:00:00+00:00,2021-04-16 00:00:00+00:00,1,0.0021496957928356045,1
2021-04-19 00:00:00+00:00,2021-04-19 00:00:00+00:00,1,-0.003866568070323961,1
2021-04-20 00:00:00+00:00,2021-04-20 00:00:00+00:00,1,-0.0028687594688959536,1
2021-04-21 00:00:00+00:00,2021-04-21 00:00:00+00:00,1,-0.003062523678862927,1
2021-04-22 00:00:00+00:00,2021-04-22 00:00:00+00:00,1,-0.0011058249212468115,1
2021-04-23 00:00:00+00:00,2021-04-23 00:00:00+00:00,1,0.0013972855028278833,1
2021-04-26 00:00:00+00:00,2021-04-26 00:00:00+00:00,1,0.0009080383281923846,1
2021-04-27 00:00:00+00:00,2021-04-27 00:00:00+00:00,1,0.0005223996037168836,1
2021-04-28 00:00:00+00:00,2021-04-28 00:00:00+00:00,1,-0.000452842417403487,1
2021-04-29 00:00:00+00:00,2021-04-29 00:00:00+00:00,1,0.008168386379777204,1
2021-04-30 00:00:00+00:00,2021-04-30 00:00:00+00:00,1,-0.006895671034525796,1
2021-05-03 00:00:00+00:00,2021-05-03 00:00:00+00:00,1,0.004086377461956248,1
2021-05-04 00:00:00+00:00,2021-05-04 00:00:00+00:00,1,-0.006758143848491193,1
2021-05-05 00:00:00+00:00,2021-05-05 00:00:00+00:00,1,0.005012981958342733,1
2021-05-06 00:00:00+00:00,2021-05-06 00:00:00+00:00,1,-0.0006141086185615149,1
2021-05-07 00:00:00+00:00,2021-05-07 00:00:00+00:00,1,0.004992023665506962,1
2021-05-10 00:00:00+00:00,2021-05-10 00:00:00+00:00,1,-0.001974461748315925,1
2021-05-11 00:00:00+00:00,2021-05-11 00:00:00+00:00,1,-0.01539154717550959,1
2021-05-12 00:00:00+00:00,2021-05-12 00:00:00+00:00,1,-0.011704945596521554,1
2021-05-13 00:00:00+00:00,2021-05-13 00:00:00+00:00,1,0.006527890538568471,1
2021-05-14 00:00:00+00:00,2021-05-14 00:00:00+00:00,1,0.008375089743755304,1
2021-05-17 00:00:00+00:00,2021-05-17 00:00:00+00:00,1,-0.00442453600666518,1
2021-05-18 00:00:00+00:00,2021-05-18 00:00:00+00:00,1,0.0015475272581988112,1
2021-05-19 00:00:00+00:00,2021-05-19 00:00:00+00:00,1,-0.015020819801674056,1
2021-05-20 00:00:00+00:00,2021-05-20 00:00:00+00:00,1,0.003215424310066906,1
2021-05-21 00:00:00+00:00,2021-05-21 00:00:00+00:00,1,0.004047190292820491,1
2021-05-24 00:00:00+00:00,2021-05-24 00:00:00+00:00,1,0.006200411340601531,1
2021-05-25 00:00:00+00:00,2021-05-25 00:00:00+00:00,1,0.0034293438109762268,1
2021-05-26 00:00:00+00:00,2021-05-26 00:00:00+00:00,1,0.0014893013121289548,1
2021-05-27 00:00:00+00:00,2021-05-27 00:00:00+00:00,1,0.00032410614433239256,1
2021-05-28 00:00:00+00:00,2021-05-28 00:00:00+00:00,1,0.003566054604203084,1
2021-06-01 00:00:00+00:00,2021-06-01 00:00:00+00:00,1,0.004762960389923932,1
2021-06-02 00:00:00+00:00,2021-06-02 00:00:00+00:00,1,0.0011799217549185118,1
2021-06-03 00:00:00+00:00,2021-06-03 00:00:00+00:00,1,-0.007628358964059478,1
2021-06-04 00:00:00+00:00,2021-06-04 00:00:00+00:00,1,0.004867273996123822,1
2021-06-07 00:00:00+00:00,2021-06-07 00:00:00+00:00,1,-0.0011314339332945452,1
2021-06-08 00:00:00+00:00,2021-06-08 00:00:00+00:00,1,0.0034632779600541567,1
2021-06-09 00:00:00+00:00,2021-06-09 00:00:00+00:00,1,0.002859069613108856,1
2021-06-10 00:00:00+00:00,2021-06-10 00:00:00+00:00,1,0.0017731867570291663,1
2021-06-11 00:00:00+00:00,2021-06-11 00:00:00+00:00,1,0.00041088181704337397,1
2021-06-14 00:00:00+00:00,2021-06-14 00:00:00+00:00,1,0.0004862409892984701,1
2021-06-15 00:00:00+00:00,2021-06-15 00:00:00+00:00,1,-0.0006346085835618794,1
2021-06-16 00:00:00+00:00,2021-06-16 00:00:00+00:00,1,0.0005782233369202253,1
2021-06-17 00:00:00+00:00,2021-06-17 00:00:00+00:00,1,-0.0023462978836758294,1
2021-06-18 00:00:00+00:00,2021-06-18 00:00:00+00:00,1,-0.006941379719669771,1
2021-06-21 00:00:00+00:00,2021-06-21 00:00:00+00:00,1,0.002253363759297822,1
2021-06-22 00:00:00+00:00,2021-06-22 00:00:00+00:00,1,-0.0006168150623040766,1
2021-06-23 00:00:00+00:00,2021-06-23 00:00:00+00:00,1,-0.0002915026418792485,1
2021-06-24 00:00:00+00:00,2021-06-24 00:00:00+00:00,1,0.0052706091286762406,1
2021-06-25 00:00:00+00:00,2021-06-25 00:00:00+00:00,1,0.001469845164134809,1
2021-06-28 00:00:00+00:00,2021-06-28 00:00:00+00:00,1,0.0022449931733196874,1
2021-06-29 00:00:00+00:00,2021-06-29 00:00:00+00:00,1,-7.490435546600975e-05,1
2021-06-30 00:00:00+00:00,2021-06-30 00:00:00+00:00,1,-0.0010983655771112152,1
2021-07-01 00:00:00+00:00,2021-07-01 00:00:00+00:00,1,0.00013831699152918627,1
2021-07-02 00:00:00+00:00,2021-07-02 00:00:00+00:00,1,0.0038903624752339664,1
2021-07-06 00:00:00+00:00,2021-07-06 00:00:00+00:00,1,0.0006334555391868894,1
2021-07-07 00:00:00+00:00,2021-07-07 00:00:00+00:00,1,0.0036802877175824093,1
2021-07-08 00:00:00+00:00,2021-07-08 00:00:00+00:00,1,-0.014053841362773134,1
2021-07-09 00:00:00+00:00,2021-07-09 00:00:00+00:00,1,0.0007318226945867371,1
2021-07-12 00:00:00+00:00,2021-07-12 00:00:00+00:00,1,0.0015911652420901538,1
2021-07-13 00:00:00+00:00,2021-07-13 00:00:00+00:00,1,-0.001799049031152555,1
2021-07-14 00:00:00+00:00,2021-07-14 00:00:00+00:00,1,0.005102461762636368,1
2021-07-15 00:00:00+00:00,2021-07-15 00:00:00+00:00,1,-0.002062966134027599,1
2021-07-16 00:00:00+00:00,2021-07-16 00:00:00+00:00,1,0.0023696486871423676,1
2021-07-19 00:00:00+00:00,2021-07-19 00:00:00+00:00,1,-0.011233367806033156,1
2021-07-20 00:00:00+00:00,2021-07-20 00:00:00+00:00,1,0.0018887724932168063,1
2021-07-21 00:00:00+00:00,2021-07-21 00:00:00+00:00,1,0.0005715125246885892,1
2021-07-22 00:00:00+00:00,2021-07-22 00:00:00+00:00,1,0.00020900060354941437,1
2021-07-23 00:00:00+00:00,2021-07-23 00:00:00+00:00,1,0.003933704564245544,1
2021-07-26 00:00:00+00:00,2021-07-26 00:00:00+00:00,1,-0.0019803034994445353,1
2021-07-27 00:00:00+00:00,2021-07-27 00:00:00+00:00,1,-0.0019247960359423995,1
2021-07-28 00:00:00+00:00,2021-07-28 00:00:00+00:00,1,0.0020683657017800065,1
2021-07-29 00:00:00+00:00,2021-07-29 00:00:00+00:00,1,3.527405245514788e-05,1
2021-07-30 00:00:00+00:00,2021-07-30 00:00:00+00:00,1,-0.00892092169464329,1
2021-08-02 00:00:00+00:00,2021-08-02 00:00:00+00:00,1,0.004131919254593519,1
2021-08-03 00:00:00+00:00,2021-08-03 00:00:00+00:00,1,0.0016037395611949393,1
2021-08-04 00:00:00+00:00,2021-08-04 00:00:00+00:00,1,-0.0019073958665723808,1
2021-08-05 00:00:00+00:00,2021-08-05 00:00:00+00:00,1,0.0022558961702877304,1
2021-08-06 00:00:00+00:00,2021-08-06 00:00:00+00:00,1,-0.0016737599923605014,1
2021-08-09 00:00:00+00:00,2021-08-09 00:00:00+00:00,1,0.00030463029165880314,1
2021-08-10 00:00:00+00:00,2021-08-10 00:00:00+00:00,1,0.0009615984885838706,1
2021-08-11 00:00:00+00:00,2021-08-11 00:00:00+00:00,1,0.0027594731092229433,1
2021-08-12 00:00:00+00:00,2021-08-12 00:00:00+00:00,1,-0.001190205599567373,1
2021-08-13 00:00:00+00:00,2021-08-13 00:00:00+00:00,1,0.0007291370992233651,1
2021-08-16 00:00:00+00:00,2021-08-16 00:00:00+00:00,1,-0.0034176911641495607,1
2021-08-17 00:00:00+00:00,2021-08-17 00:00:00+00:00,1,-0.0071888681083899005,1
2021-08-18 00:00:00+00:00,2021-08-18 00:00:00+00:00,1,-0.002268074112488005,1
2021-08-19 00:00:00+00:00,2021-08-19 00:00:00+00:00,1,-0.006359921249470801,1
2021-08-20 00:00:00+00:00,2021-08-20 00:00:00+00:00,1,0.0016316971824000496,1
2021-08-23 00:00:00+00:00,2021-08-23 00:00:00+00:00,1,0.003184794621634757,1
2021-08-24 00:00:00+00:00,2021-08-24 00:00:00+00:00,1,0.0013108812145112506,1
2021-08-25 00:00:00+00:00,2021-08-25 00:00:00+00:00,1,0.00027052624669806653,1
2021-08-26 00:00:00+00:00,2021-08-26 00:00:00+00:00,1,-0.0018081061575541454,1
2021-08-27 00:00:00+00:00,2021-08-27 00:00:00+00:00,1,0.0015361484648091731,1
2021-08-30 00:00:00+00:00,2021-08-30 00:00:00+00:00,1,0.0015766128907410363,1
2021-08-31 00:00:00+00:00,2021-08-31 00:00:00+00:00,1,-8.184397796582281e-05,1
2021-09-01 00:00:00+00:00,2021-09-01 00:00:00+00:00,1,0.0022415488911534335,1
2021-09-02 00:00:00+00:00,2021-09-02 00:00:00+00:00,1,0.0032085122046932816,1
2021-09-03 00:00:00+00:00,2021-09-03 00:00:00+00:00,1,-0.003185913902113457,1
2021-09-07 00:00:00+00:00,2021-09-07 00:00:00+00:00,1,-0.0005642993123783132,1
2021-09-08 00:00:00+00:00,2021-09-08 00:00:00+00:00,1,-0.0011668602776145117,1
2021-09-09 00:00:00+00:00,2021-09-09 00:00:00+00:00,1,-0.00023092904565006315,1
2021-09-10 00:00:00+00:00,2021-09-10 00:00:00+00:00,1,0.004313369660838029,1
2021-09-13 00:00:00+00:00,2021-09-13 00:00:00+00:00,1,0.006478381115319143,1
2021-09-14 00:00:00+00:00,2021-09-14 00:00:00+00:00,1,0.0034570134794615574,1
2021-09-15 00:00:00+00:00,2021-09-15 00:00:00+00:00,1,0.0008327217112143685,1
2021-09-16 00:00:00+00:00,2021-09-16 00:00:00+00:00,1,-0.00273695516004383,1
2021-09-17 00:00:00+00:00,2021-09-17 00:00:00+00:00,1,-0.0018696864493373596,1
2021-09-20 00:00:00+00:00,2021-09-20 00:00:00+00:00,1,-0.015660712510171627,1
2021-09-21 00:00:00+00:00,2021-09-21 00:00:00+00:00,1,0.005138884409442402,1
2021-09-22 00:00:00+00:00,2021-09-22 00:00:00+00:00,1,0.003774075007207245,1
2021-09-23 00:00:00+00:00,2021-09-23 00:00:00+00:00,1,0.0035822914399170295,1
2021-09-24 00:00:00+00:00,2021-09-24 00:00:00+00:00,1,-0.005386531537217165,1
2021-09-27 00:00:00+00:00,2021-09-27 00:00:00+00:00,1,-0.005730961383550037,1
2021-09-28 00:00:00+00:00,2021-09-28 00:00:00+00:00,1,-0.009950656419109615,1
2021-09-29 00:00:00+00:00,2021-09-29 00:00:00+00:00,1,0.0032008562729972326,1
2021-09-30 00:00:00+00:00,2021-09-30 00:00:00+00:00,1,0.0038587843059208708,1
2021-10-01 00:00:00+00:00,2021-10-01 00:00:00+00:00,1,0.002737908899034214,1
2021-10-04 00:00:00+00:00,2021-10-04 00:00:00+00:00,1,-0.004032310257420823,1
2021-10-05 00:00:00+00:00,2021-10-05 00:00:00+00:00,1,0.003112074916090524,1
2021-10-06 00:00:00+00:00,2021-10-06 00:00:00+00:00,1,-0.00933869604353158,1
2021-10-07 00:00:00+00:00,2021-10-07 00:00:00+00:00,1,0.008063524049872062,1
2021-10-08 00:00:00+00:00,2021-10-08 00:00:00+00:00,1,0.0021637955395728773,1
2021-10-11 00:00:00+00:00,2021-10-11 00:00:00+00:00,1,-0.0032867065640652445,1
2021-10-12 00:00:00+00:00,2021-10-12 00:00:00+00:00,1,0.002906003470809904,1
2021-10-13 00:00:00+00:00,2021-10-13 00:00:00+00:00,1,0.004274782984065995,1
2021-10-14 00:00:00+00:00,2021-10-14 00:00:00+00:00,1,0.009305810853930974,1
2021-10-15 00:00:00+00:00,2021-10-15 00:00:00+00:00,1,0.003947259412667792,1
2021-10-18 00:00:00+00:00,2021-10-18 00:00:00+00:00,1,-0.004233139677141095,1
2021-10-19 00:00:00+00:00,2021-10-19 00:00:00+00:00,1,0.0031101237076045177,1
2021-10-20 00:00:00+00:00,2021-10-20 00:00:00+00:00,1,0.0008696036223194373,1
2021-10-21 00:00:00+00:00,2021-10-21 00:00:00+00:00,1,-0.002100695350853032,1
2021-10-22 00:00:00+00:00,2021-10-22 00:00:00+00:00,1,-0.002516655172907478,1
2021-10-25 00:00:00+00:00,2021-10-25 00:00:00+00:00,1,0.002931327741822776,1
2021-10-26 00:00:00+00:00,2021-10-26 00:00:00+00:00,1,0.004553813508353344,1
2021-10-27 00:00:00+00:00,2021-10-27 00:00:00+00:00,1,0.000844033372556641,1
2021-10-28 00:00:00+00:00,2021-10-28 00:00:00+00:00,1,0.003939974276102232,1
2021-10-29 00:00:00+00:00,2021-10-29 00:00:00+00:00,1,-0.007084973838169672,1
2021-11-01 00:00:00+00:00,2021-11-01 00:00:00+00:00,1,0.0014258811669230712,1
2021-11-02 00:00:00+00:00,2021-11-02 00:00:00+00:00,1,-0.0009173017901051069,1
2021-11-03 00:00:00+00:00,2021-11-03 00:00:00+00:00,1,-0.00030689228404476824,1
2021-11-04 00:00:00+00:00,2021-11-04 00:00:00+00:00,1,0.0020417001637147107,1
2021-11-05 00:00:00+00:00,2021-11-05 00:00:00+00:00,1,0.0045232152578028265,1
2021-11-08 00:00:00+00:00,2021-11-08 00:00:00+00:00,1,0.000910933115984747,1
2021-11-09 00:00:00+00:00,2021-11-09 00:00:00+00:00,1,0.0014974944910836844,1
2021-11-10 00:00:00+00:00,2021-11-10 00:00:00+00:00,1,-0.005830223813909163,1
2021-11-11 00:00:00+00:00,2021-11-11 00:00:00+00:00,1,0.005342621718986551,1
2021-11-12 00:00:00+00:00,2021-11-12 00:00:00+00:00,1,0.002666055333334383,1
2021-11-15 00:00:00+00:00,2021-11-15 00:00:00+00:00,1,0.0026988008568642145,1
2021-11-16 00:00:00+00:00,2021-11-16 00:00:00+00:00,1,-0.0015498682886584732,1
2021-11-17 00:00:00+00:00,2021-11-17 00:00:00+00:00,1,-0.00018310008874442533,1
2021-11-18 00:00:00+00:00,2021-11-18 00:00:00+00:00,1,0.0035154171200880383,1
2021-11-19 00:00:00+00:00,2021-11-19 00:00:00+00:00,1,0.001663112258052957,1
2021-11-22 00:00:00+00:00,2021-11-22 00:00:00+00:00,1,0.0037881748790218,1
2021-11-23 00:00:00+00:00,2021-11-23 00:00:00+00:00,1,-0.0021643033026904953,1
2021-11-24 00:00:00+00:00,2021-11-24 00:00:00+00:00,1,-0.005782451767798935,1
2021-11-26 00:00:00+00:00,2021-11-26 00:00:00+00:00,1,-0.011184998400559065,1
2021-11-29 00:00:00+00:00,2021-11-29 00:00:00+00:00,1,0.011250202497876305,1
2021-11-30 00:00:00+00:00,2021-11-30 00:00:00+00:00,1,-0.004236491602391456,1
2021-12-01 00:00:00+00:00,2021-12-01 00:00:00+00:00,1,0.012035448243862124,1
2021-12-02 00:00:00+00:00,2021-12-02 00:00:00+00:00,1,-0.001749429993413187,1
2021-12-03 00:00:00+00:00,2021-12-03 00:00:00+00:00,1,0.003430052871301348,1
2021-12-06 00:00:00+00:00,2021-12-06 00:00:00+00:00,1,0.0033409349287362947,1
2021-12-07 00:00:00+00:00,2021-12-07 00:00:00+00:00,1,0.014667408674106952,1
2021-12-08 00:00:00+00:00,2021-12-08 00:00:00+00:00,1,0.000575788905630004,1
2021-12-09 00:00:00+00:00,2021-12-09 00:00:00+00:00,1,-0.0033353927199473495,1
2021-12-10 00:00:00+00:00,2021-12-10 00:00:00+00:00,1,0.0064577242606364774,1
2021-12-13 00:00:00+00:00,2021-12-13 00:00:00+00:00,1,-0.0008966727723529796,1
2021-12-14 00:00:00+00:00,2021-12-14 00:00:00+00:00,1,-0.010351698204154413,1
2021-12-15 00:00:00+00:00,2021-12-15 00:00:00+00:00,1,-0.0005701063302439354,1
2021-12-16 00:00:00+00:00,2021-12-16 00:00:00+00:00,1,0.003039739826492272,1
2021-12-17 00:00:00+00:00,2021-12-17 00:00:00+00:00,1,-0.008351101280469708,1
2021-12-20 00:00:00+00:00,2021-12-20 00:00:00+00:00,1,-0.012467334699157595,1
2021-12-21 00:00:00+00:00,2021-12-21 00:00:00+00:00,1,0.008102035814134345,1
2021-12-22 00:00:00+00:00,2021-12-22 00:00:00+00:00,1,-0.0009765897980761103,1
2021-12-23 00:00:00+00:00,2021-12-23 00:00:00+00:00,1,0.0012899350280321745,1
2021-12-27 00:00:00+00:00,2021-12-27 00:00:00+00:00,1,0.0029266250711003864,1
2021-12-28 00:00:00+00:00,2021-12-28 00:00:00+00:00,1,0.0013220021495577664,1
2021-12-29 00:00:00+00:00,2021-12-29 00:00:00+00:00,1,-1.0398138709876977e-05,1
2021-12-30 00:00:00+00:00,2021-12-30 00:00:00+00:00,1,-0.0001026664599484192,1
2021-12-31 00:00:00+00:00,2021-12-31 00:00:00+00:00,1,-0.0017077348014452372,1
2022-01-03 00:00:00+00:00,2022-01-03 00:00:00+00:00,1,0.0026187294439894097,1
2022-01-04 00:00:00+00:00,2022-01-04 00:00:00+00:00,1,0.001977520421693602,1
2022-01-05 00:00:00+00:00,2022-01-05 00:00:00+00:00,1,-0.0028900078608935283,1
2022-01-06 00:00:00+00:00,2022-01-06 00:00:00+00:00,1,-0.0032560431637373207,1
2022-01-07 00:00:00+00:00,2022-01-07 00:00:00+00:00,1,-0.000276415511326544,1
2022-01-10 00:00:00+00:00,2022-01-10 00:00:00+00:00,1,-0.010570621848936179,1
2022-01-11 00:00:00+00:00,2022-01-11 00:00:00+00:00,1,-0.0015873761801401317,1
2022-01-12 00:00:00+00:00,2022-01-12 00:00:00+00:00,1,0.005079829628978317,1
2022-01-13 00:00:00+00:00,2022-01-13 00:00:00+00:00,1,0.0027749728107257735,1
2022-01-14 00:00:00+00:00,2022-01-14 00:00:00+00:00,1,-0.007324025943468848,1
2022-01-18 00:00:00+00:00,2022-01-18 00:00:00+00:00,1,-0.013513213498998455,1
2022-01-19 00:00:00+00:00,2022-01-19 00:00:00+00:00,1,0.003655322680477713,1
2022-01-20 00:00:00+00:00,2022-01-20 00:00:00+00:00,1,0.006429651029928729,1
2022-01-21 00:00:00+00:00,2022-01-21 00:00:00+00:00,1,-0.004742124987213414,1
2022-01-24 00:00:00+00:00,2022-01-24 00:00:00+00:00,1,-0.015310067837036345,1
2022-01-25 00:00:00+00:00,2022-01-25 00:00:00+00:00,1,-0.017390190082692804,1
2022-01-26 00:00:00+00:00,2022-01-26 00:00:00+00:00,1,0.01819338451854121,1
2022-01-27 00:00:00+00:00,2022-01-27 00:00:00+00:00,1,0.012338895692211993,1
2022-01-28 00:00:00+00:00,2022-01-28 00:00:00+00:00,1,0.0041987603768736895,1
2022-01-31 00:00:00+00:00,2022-01-31 00:00:00+00:00,1,0.000886358664457099,1
2022-02-01 00:00:00+00:00,2022-02-01 00:00:00+00:00,1,0.00245642527690656,1
2022-02-02 00:00:00+00:00,2022-02-02 00:00:00+00:00,1,0.00831478543675498,1
2022-02-03 00:00:00+00:00,2022-02-03 00:00:00+00:00,1,-0.020811380660315217,1
2022-02-04 00:00:00+00:00,2022-02-04 00:00:00+00:00,1,0.00016964647228509018,1
2022-02-07 00:00:00+00:00,2022-02-07 00:00:00+00:00,1,0.0014545809670297397,1
2022-02-08 00:00:00+00:00,2022-02-08 00:00:00+00:00,1,-0.002539880032536834,1
2022-02-09 00:00:00+00:00,2022-02-09 00:00:00+00:00,1,0.010905964585005002,1
2022-02-10 00:00:00+00:00,2022-02-10 00:00:00+00:00,1,-0.016905595830649968,1
2022-02-11 00:00:00+00:00,2022-02-11 00:00:00+00:00,1,-0.00019980954638435493,1
2022-02-14 00:00:00+00:00,2022-02-14 00:00:00+00:00,1,-0.0017341532456224603,1
2022-02-15 00:00:00+00:00,2022-02-15 00:00:00+00:00,1,0.012863058576011633,1
2022-02-16 00:00:00+00:00,2022-02-16 00:00:00+00:00,1,-0.0059754660881021545,1
2022-02-17 00:00:00+00:00,2022-02-17 00:00:00+00:00,1,-0.008718470172805725,1
2022-02-18 00:00:00+00:00,2022-02-18 00:00:00+00:00,1,0.0013982703030127278,1
2022-02-22 00:00:00+00:00,2022-02-22 00:00:00+00:00,1,-0.007415953200244052,1
2022-02-23 00:00:00+00:00,2022-02-23 00:00:00+00:00,1,0.008088355149642757,1
2022-02-24 00:00:00+00:00,2022-02-24 00:00:00+00:00,1,-0.02931021091601508,1
2022-02-25 00:00:00+00:00,2022-02-25 00:00:00+00:00,1,0.00243348487754177,1
2022-02-28 00:00:00+00:00,2022-02-28 00:00:00+00:00,1,-0.011547661663734698,1
2022-03-01 00:00:00+00:00,2022-03-01 00:00:00+00:00,1,-0.0036344414313564718,1
2022-03-02 00:00:00+00:00,2022-03-02 00:00:00+00:00,1,0.004807224597368232,1
2022-03-03 00:00:00+00:00,2022-03-03 00:00:00+00:00,1,0.0065482529722281305,1
2022-03-04 00:00:00+00:00,2022-03-04 00:00:00+00:00,1,-0.008379590400584313,1
2022-03-07 00:00:00+00:00,2022-03-07 00:00:00+00:00,1,-0.001032106313292291,1
2022-03-08 00:00:00+00:00,2022-03-08 00:00:00+00:00,1,-0.00132008885155197,1
2022-03-09 00:00:00+00:00,2022-03-09 00:00:00+00:00,1,0.0233675399318782,1
2022-03-10 00:00:00+00:00,2022-03-10 00:00:00+00:00,1,-0.01224461307134953,1
2022-03-11 00:00:00+00:00,2022-03-11 00:00:00+00:00,1,0.007405992844721732,1
2022-03-14 00:00:00+00:00,2022-03-14 00:00:00+00:00,1,-0.0012814598276656205,1
2022-03-15 00:00:00+00:00,2022-03-15 00:00:00+00:00,1,0.0072800132485822625,1
2022-03-16 00:00:00+00:00,2022-03-16 00:00:00+00:00,1,0.010189876741188176,1
2022-03-17 00:00:00+00:00,2022-03-17 00:00:00+00:00,1,-0.0054951445857730815,1
2022-03-18 00:00:00+00:00,2022-03-18 00:00:00+00:00,1,-0.004705448529640754,1
2022-03-21 00:00:00+00:00,2022-03-21 00:00:00+00:00,1,-0.0017214383064516944,1
2022-03-22 00:00:00+00:00,2022-03-22 00:00:00+00:00,1,0.0020822716455953464,1
2022-03-23 00:00:00+00:00,2022-03-23 00:00:00+00:00,1,-0.0074125709197522035,1
2022-03-24 00:00:00+00:00,2022-03-24 00:00:00+00:00,1,0.0049105899722003635,1
2022-03-25 00:00:00+00:00,2022-03-25 00:00:00+00:00,1,0.00036041980399766945,1
2022-03-28 00:00:00+00:00,2022-03-28 00:00:00+00:00,1,-0.0010099708164759465,1
2022-03-29 00:00:00+00:00,2022-03-29 00:00:00+00:00,1,0.00967457961944459,1
2022-03-30 00:00:00+00:00,2022-03-30 00:00:00+00:00,1,-0.004183607185220739,1
2022-03-31 00:00:00+00:00,2022-03-31 00:00:00+00:00,1,-0.0009785786030008566,1
2022-04-01 00:00:00+00:00,2022-04-01 00:00:00+00:00,1,0.0019213502788031026,1
2022-04-04 00:00:00+00:00,2022-04-04 00:00:00+00:00,1,0.0011198815999696413,1
2022-04-05 00:00:00+00:00,2022-04-05 00:00:00+00:00,1,-0.004046763215890014,1
2022-04-06 00:00:00+00:00,2022-04-06 00:00:00+00:00,1,-0.012435935454059443,1
2022-04-07 00:00:00+00:00,2022-04-07 00:00:00+00:00,1,-0.00278492729748917,1
2022-04-08 00:00:00+00:00,2022-04-08 00:00:00+00:00,1,-0.0037048202497301005,1
2022-04-11 00:00:00+00:00,2022-04-11 00:00:00+00:00,1,-0.010380303590439266,1
2022-04-12 00:00:00+00:00,2022-04-12 00:00:00+00:00,1,0.010434574445772194,1
2022-04-13 00:00:00+00:00,2022-04-13 00:00:00+00:00,1,-8.106957095103089e-05,1
2022-04-14 00:00:00+00:00,2022-04-14 00:00:00+00:00,1,0.0001005037782131016,1
2022-04-18 00:00:00+00:00,2022-04-18 00:00:00+00:00,1,-0.0030148499218275223,1
2022-04-19 00:00:00+00:00,2022-04-19 00:00:00+00:00,1,-0.0013999691001248867,1
2022-04-20 00:00:00+00:00,2022-04-20 00:00:00+00:00,1,0.0030105840615572647,1
2022-04-21 00:00:00+00:00,2022-04-21 00:00:00+00:00,1,0.009838550245773148,1
2022-04-22 00:00:00+00:00,2022-04-22 00:00:00+00:00,1,-0.0013732302298781526,1
2022-04-25 00:00:00+00:00,2022-04-25 00:00:00+00:00,1,-0.005647562093277192,1
2022-04-26 00:00:00+00:00,2022-04-26 00:00:00+00:00,1,-0.0066280798118351966,1
2022-04-27 00:00:00+00:00,2022-04-27 00:00:00+00:00,1,0.0012273372231233707,1
2022-04-28 00:00:00+00:00,2022-04-28 00:00:00+00:00,1,0.013749868132666954,1
2022-04-29 00:00:00+00:00,2022-04-29 00:00:00+00:00,1,-0.01180195373659385,1
2022-05-02 00:00:00+00:00,2022-05-02 00:00:00+00:00,1,-0.0008854530293368242,1
2022-05-03 00:00:00+00:00,2022-05-03 00:00:00+00:00,1,0.0003707534098897572,1
2022-05-04 00:00:00+00:00,2022-05-04 00:00:00+00:00,1,0.0013090151575377521,1
2022-05-05 00:00:00+00:00,2022-05-05 00:00:00+00:00,1,-0.012276097518537954,1
2022-05-06 00:00:00+00:00,2022-05-06 00:00:00+00:00,1,-0.0068490679197210965,1
2022-05-09 00:00:00+00:00,2022-05-09 00:00:00+00:00,1,-0.01721379380654762,1
2022-05-10 00:00:00+00:00,2022-05-10 00:00:00+00:00,1,0.020020464824421512,1
2022-05-11 00:00:00+00:00,2022-05-11 00:00:00+00:00,1,-0.0054348537409312,1
2022-05-12 00:00:00+00:00,2022-05-12 00:00:00+00:00,1,-0.01212422504902575,1
2022-05-13 00:00:00+00:00,2022-05-13 00:00:00+00:00,1,0.01311751712860828,1
2022-05-16 00:00:00+00:00,2022-05-16 00:00:00+00:00,1,-0.005430009781652234,1
2022-05-17 00:00:00+00:00,2022-05-17 00:00:00+00:00,1,0.017817258329331086,1
2022-05-18 00:00:00+00:00,2022-05-18 00:00:00+00:00,1,-0.013763334856593845,1
2022-05-19 00:00:00+00:00,2022-05-19 00:00:00+00:00,1,-0.007611342374186958,1
2022-05-20 00:00:00+00:00,2022-05-20 00:00:00+00:00,1,0.0106953199932471,1
2022-05-23 00:00:00+00:00,2022-05-23 00:00:00+00:00,1,0.0056596920735351944,1
2022-05-24 00:00:00+00:00,2022-05-24 00:00:00+00:00,1,-0.01490706556038005,1
2022-05-25 00:00:00+00:00,2022-05-25 00:00:00+00:00,1,-0.00496899505837981,1
2022-05-26 00:00:00+00:00,2022-05-26 00:00:00+00:00,1,-7.189063276922229e-05,1
2022-05-27 00:00:00+00:00,2022-05-27 00:00:00+00:00,1,0.008269341003289321,1
2022-05-31 00:00:00+00:00,2022-05-31 00:00:00+00:00,1,-0.0024074127362510352,1
2022-06-01 00:00:00+00:00,2022-06-01 00:00:00+00:00,1,0.005964429345898992,1
2022-06-02 00:00:00+00:00,2022-06-02 00:00:00+00:00,1,-0.0023866563519715275,1
2022-06-03 00:00:00+00:00,2022-06-03 00:00:00+00:00,1,-0.014786521415237208,1
2022-06-06 00:00:00+00:00,2022-06-06 00:00:00+00:00,1,0.012293712863844364,1
2022-06-07 00:00:00+00:00,2022-06-07 00:00:00+00:00,1,-0.01033022919526364,1
2022-06-08 00:00:00+00:00,2022-06-08 00:00:00+00:00,1,-0.0037999225598678073,1
2022-06-09 00:00:00+00:00,2022-06-09 00:00:00+00:00,1,-0.0053976715138486005,1
2022-06-10 00:00:00+00:00,2022-06-10 00:00:00+00:00,1,-0.01807314154606974,1
2022-06-13 00:00:00+00:00,2022-06-13 00:00:00+00:00,1,-0.028798175427092433,1
2022-06-14 00:00:00+00:00,2022-06-14 00:00:00+00:00,1,0.006251504599781599,1
2022-06-15 00:00:00+00:00,2022-06-15 00:00:00+00:00,1,0.010728064430680051,1
2022-06-16 00:00:00+00:00,2022-06-16 00:00:00+00:00,1,-0.024505733261473796,1
2022-06-17 00:00:00+00:00,2022-06-17 00:00:00+00:00,1,0.0017539743858360993,1
2022-06-21 00:00:00+00:00,2022-06-21 00:00:00+00:00,1,0.01630631849601668,1
2022-06-22 00:00:00+00:00,2022-06-22 00:00:00+00:00,1,-0.010786086174726517,1
2022-06-23 00:00:00+00:00,2022-06-23 00:00:00+00:00,1,0.007229653565587657,1
2022-06-24 00:00:00+00:00,2022-06-24 00:00:00+00:00,1,0.009190068643800531,1
2022-06-27 00:00:00+00:00,2022-06-27 00:00:00+00:00,1,0.003302514469671192,1
2022-06-28 00:00:00+00:00,2022-06-28 00:00:00+00:00,1,0.002750580725572627,1
2022-06-29 00:00:00+00:00,2022-06-29 00:00:00+00:00,1,0.00021484398355139407,1
2022-06-30 00:00:00+00:00,2022-06-30 00:00:00+00:00,1,-0.011063370663387395,1
2022-07-01 00:00:00+00:00,2022-07-01 00:00:00+00:00,1,-0.003587139721392329,1
2022-07-05 00:00:00+00:00,2022-07-05 00:00:00+00:00,1,-0.014099594225852307,1
2022-07-06 00:00:00+00:00,2022-07-06 00:00:00+00:00,1,0.000575870122614142,1
2022-07-07 00:00:00+00:00,2022-07-07 00:00:00+00:00,1,0.0035766908176633975,1
2022-07-08 00:00:00+00:00,2022-07-08 00:00:00+00:00,1,-0.007426454955493966,1
2022-07-11 00:00:00+00:00,2022-07-11 00:00:00+00:00,1,-0.008109228569471471,1
2022-07-12 00:00:00+00:00,2022-07-12 00:00:00+00:00,1,0.0011593957485967702,1
2022-07-13 00:00:00+00:00,2022-07-13 00:00:00+00:00,1,-0.017674871420393902,1
2022-07-14 00:00:00+00:00,2022-07-14 00:00:00+00:00,1,-0.011845664129112343,1
2022-07-15 00:00:00+00:00,2022-07-15 00:00:00+00:00,1,0.011176277515721778,1
2022-07-18 00:00:00+00:00,2022-07-18 00:00:00+00:00,1,0.008801494092311091,1
2022-07-19 00:00:00+00:00,2022-07-19 00:00:00+00:00,1,0.011516237449987055,1
2022-07-20 00:00:00+00:00,2022-07-20 00:00:00+00:00,1,0.0006756569790509984,1
2022-07-21 00:00:00+00:00,2022-07-21 00:00:00+00:00,1,-0.00029691862448558674,1
2022-07-22 00:00:00+00:00,2022-07-22 00:00:00+00:00,1,-0.0016823965344018085,1
2022-07-25 00:00:00+00:00,2022-07-25 00:00:00+00:00,1,0.0005850955290360397,1
2022-07-26 00:00:00+00:00,2022-07-26 00:00:00+00:00,1,-0.005384233807478633,1
2022-07-27 00:00:00+00:00,2022-07-27 00:00:00+00:00,1,0.012070686115857788,1
2022-07-28 00:00:00+00:00,2022-07-28 00:00:00+00:00,1,0.00040142916509574607,1
2022-07-29 00:00:00+00:00,2022-07-29 00:00:00+00:00,1,0.004109103958470828,1
2022-08-01 00:00:00+00:00,2022-08-01 00:00:00+00:00,1,-0.006615563169956739,1
2022-08-02 00:00:00+00:00,2022-08-02 00:00:00+00:00,1,-0.006035305871035601,1
2022-08-03 00:00:00+00:00,2022-08-03 00:00:00+00:00,1,0.005180728467573748,1
2022-08-04 00:00:00+00:00,2022-08-04 00:00:00+00:00,1,-0.00027268605455469356,1
2022-08-05 00:00:00+00:00,2022-08-05 00:00:00+00:00,1,-0.013774908021651133,1
2022-08-08 00:00:00+00:00,2022-08-08 00:00:00+00:00,1,0.003313285057040616,1
2022-08-09 00:00:00+00:00,2022-08-09 00:00:00+00:00,1,-0.004256691473253837,1
2022-08-10 00:00:00+00:00,2022-08-10 00:00:00+00:00,1,0.02057375351076881,1
2022-08-11 00:00:00+00:00,2022-08-11 00:00:00+00:00,1,0.006922627440143459,1
2022-08-12 00:00:00+00:00,2022-08-12 00:00:00+00:00,1,0.005368459961200134,1
2022-08-15 00:00:00+00:00,2022-08-15 00:00:00+00:00,1,-0.004495570001649607,1
2022-08-16 00:00:00+00:00,2022-08-16 00:00:00+00:00,1,-0.003118687341332615,1
2022-08-17 00:00:00+00:00,2022-08-17 00:00:00+00:00,1,-0.009540488237584499,1
2022-08-18 00:00:00+00:00,2022-08-18 00:00:00+00:00,1,-0.00012990162289941957,1
2022-08-19 00:00:00+00:00,2022-08-19 00:00:00+00:00,1,-0.008422814086881092,1
2022-08-22 00:00:00+00:00,2022-08-22 00:00:00+00:00,1,-0.013081009470486215,1
2022-08-23 00:00:00+00:00,2022-08-23 00:00:00+00:00,1,-0.0012258590764777973,1
2022-08-24 00:00:00+00:00,2022-08-24 00:00:00+00:00,1,-0.0013711055525895462,1
2022-08-25 00:00:00+00:00,2022-08-25 00:00:00+00:00,1,0.0044863167679742525,1
2022-08-26 00:00:00+00:00,2022-08-26 00:00:00+00:00,1,-0.0009109644196544694,1
2022-08-29 00:00:00+00:00,2022-08-29 00:00:00+00:00,1,-0.008722783022805857,1
2022-08-30 00:00:00+00:00,2022-08-30 00:00:00+00:00,1,0.003990935696991349,1
2022-08-31 00:00:00+00:00,2022-08-31 00:00:00+00:00,1,0.006793010644100839,1
2022-09-01 00:00:00+00:00,2022-09-01 00:00:00+00:00,1,-0.00745787803173612,1
2022-09-02 00:00:00+00:00,2022-09-02 00:00:00+00:00,1,0.009478219076739703,1
2022-09-06 00:00:00+00:00,2022-09-06 00:00:00+00:00,1,0.0016647680427434811,1
2022-09-07 00:00:00+00:00,2022-09-07 00:00:00+00:00,1,0.00011383478580842017,1
2022-09-08 00:00:00+00:00,2022-09-08 00:00:00+00:00,1,-0.006849850082756492,1
2022-09-09 00:00:00+00:00,2022-09-09 00:00:00+00:00,1,0.006490676229481041,1
2022-09-12 00:00:00+00:00,2022-09-12 00:00:00+00:00,1,0.0046764762010000575,1
2022-09-13 00:00:00+00:00,2022-09-13 00:00:00+00:00,1,-0.02580509606582413,1
2022-09-14 00:00:00+00:00,2022-09-14 00:00:00+00:00,1,0.0034342406056551925,1
2022-09-15 00:00:00+00:00,2022-09-15 00:00:00+00:00,1,-0.0056884520917127365,1
2022-09-16 00:00:00+00:00,2022-09-16 00:00:00+00:00,1,-0.01174744895910521,1
2022-09-19 00:00:00+00:00,2022-09-19 00:00:00+00:00,1,-0.009255815789905064,1
2022-09-20 00:00:00+00:00,2022-09-20 00:00:00+00:00,1,-0.00918877411108846,1
2022-09-21 00:00:00+00:00,2022-09-21 00:00:00+00:00,1,0.0038187398724364944,1
2022-09-22 00:00:00+00:00,2022-09-22 00:00:00+00:00,1,-0.00412372382650159,1
2022-09-23 00:00:00+00:00,2022-09-23 00:00:00+00:00,1,-0.009662523412697832,1
2022-09-26 00:00:00+00:00,2022-09-26 00:00:00+00:00,1,-0.0032637782516614974,1
2022-09-27 00:00:00+00:00,2022-09-27 00:00:00+00:00,1,0.011060529661321728,1
2022-09-28 00:00:00+00:00,2022-09-28 00:00:00+00:00,1,0.0010397359355238337,1
2022-09-29 00:00:00+00:00,2022-09-29 00:00:00+00:00,1,-0.012607203352542262,1
2022-09-30 00:00:00+00:00,2022-09-30 00:00:00+00:00,1,-0.0032091599922134725,1
2022-10-03 00:00:00+00:00,2022-10-03 00:00:00+00:00,1,0.008545316204011966,1
2022-10-04 00:00:00+00:00,2022-10-04 00:00:00+00:00,1,0.01757740528362347,1
2022-10-05 00:00:00+00:00,2022-10-05 00:00:00+00:00,1,-0.01318169099374431,1
2022-10-06 00:00:00+00:00,2022-10-06 00:00:00+00:00,1,-0.004057812931030835,1
2022-10-07 00:00:00+00:00,2022-10-07 00:00:00+00:00,1,-0.014438724572767602,1
2022-10-10 00:00:00+00:00,2022-10-10 00:00:00+00:00,1,0.0016839714638605344,1
2022-10-11 00:00:00+00:00,2022-10-11 00:00:00+00:00,1,-0.005981376056443144,1
2022-10-12 00:00:00+00:00,2022-10-12 00:00:00+00:00,1,0.0015378602475280782,1
2022-10-13 00:00:00+00:00,2022-10-13 00:00:00+00:00,1,-0.024883938933562756,1
2022-10-14 00:00:00+00:00,2022-10-14 00:00:00+00:00,1,0.007651937109153318,1
2022-10-17 00:00:00+00:00,2022-10-17 00:00:00+00:00,1,0.020317127167296466,1
2022-10-18 00:00:00+00:00,2022-10-18 00:00:00+00:00,1,0.024355510777040644,1
2022-10-19 00:00:00+00:00,2022-10-19 00:00:00+00:00,1,-0.006037877007066294,1
2022-10-20 00:00:00+00:00,2022-10-20 00:00:00+00:00,1,-0.00262004668962954,1
2022-10-21 00:00:00+00:00,2022-10-21 00:00:00+00:00,1,-0.0027962546508645044,1
2022-10-24 00:00:00+00:00,2022-10-24 00:00:00+00:00,1,0.002327630782341184,1
2022-10-25 00:00:00+00:00,2022-10-25 00:00:00+00:00,1,0.0013181323064841103,1
2022-10-26 00:00:00+00:00,2022-10-26 00:00:00+00:00,1,-0.014702425902572236,1
2022-10-27 00:00:00+00:00,2022-10-27 00:00:00+00:00,1,-0.0009763827325615978,1
2022-10-28 00:00:00+00:00,2022-10-28 00:00:00+00:00,1,-0.001617504808342862,1
2022-10-31 00:00:00+00:00,2022-10-31 00:00:00+00:00,1,-0.007705354615178661,1
2022-11-01 00:00:00+00:00,2022-11-01 00:00:00+00:00,1,0.01117396337681994,1
2022-11-02 00:00:00+00:00,2022-11-02 00:00:00+00:00,1,-0.0011605913946095333,1
2022-11-03 00:00:00+00:00,2022-11-03 00:00:00+00:00,1,-0.009859732118723463,1
2022-11-04 00:00:00+00:00,2022-11-04 00:00:00+00:00,1,0.01744664622345001,1
2022-11-07 00:00:00+00:00,2022-11-07 00:00:00+00:00,1,0.003528073779959751,1
2022-11-08 00:00:00+00:00,2022-11-08 00:00:00+00:00,1,0.004122788024435409,1
2022-11-09 00:00:00+00:00,2022-11-09 00:00:00+00:00,1,-0.006311576820899533,1
2022-11-10 00:00:00+00:00,2022-11-10 00:00:00+00:00,1,0.04239963833426582,1
2022-11-11 00:00:00+00:00,2022-11-11 00:00:00+00:00,1,0.0005040173652232308,1
2022-11-14 00:00:00+00:00,2022-11-14 00:00:00+00:00,1,-0.006267658322993341,1
2022-11-15 00:00:00+00:00,2022-11-15 00:00:00+00:00,1,0.019189619834545445,1
2022-11-16 00:00:00+00:00,2022-11-16 00:00:00+00:00,1,-0.005901186625444454,1
2022-11-17 00:00:00+00:00,2022-11-17 00:00:00+00:00,1,-0.014596811574486756,1
2022-11-18 00:00:00+00:00,2022-11-18 00:00:00+00:00,1,0.009545798941394812,1
2022-11-21 00:00:00+00:00,2022-11-21 00:00:00+00:00,1,-0.0045475725705061195,1
2022-11-22 00:00:00+00:00,2022-11-22 00:00:00+00:00,1,0.003615362743573292,1
2022-11-23 00:00:00+00:00,2022-11-23 00:00:00+00:00,1,-0.0007026207545995696,1
2022-11-25 00:00:00+00:00,2022-11-25 00:00:00+00:00,1,-0.003855047745538775,1
2022-11-28 00:00:00+00:00,2022-11-28 00:00:00+00:00,1,-0.007846700259861705,1
2022-11-29 00:00:00+00:00,2022-11-29 00:00:00+00:00,1,0.00028355287970301986,1
2022-11-30 00:00:00+00:00,2022-11-30 00:00:00+00:00,1,0.000510021105739911,1
2022-12-01 00:00:00+00:00,2022-12-01 00:00:00+00:00,1,0.0015993436227106032,1
2022-12-02 00:00:00+00:00,2022-12-02 00:00:00+00:00,1,-0.015414276323732245,1
2022-12-05 00:00:00+00:00,2022-12-05 00:00:00+00:00,1,-0.007645913720626096,1
2022-12-06 00:00:00+00:00,2022-12-06 00:00:00+00:00,1,-0.0007908060518892809,1
2022-12-07 00:00:00+00:00,2022-12-07 00:00:00+00:00,1,-0.0035777029825476477,1
2022-12-08 00:00:00+00:00,2022-12-08 00:00:00+00:00,1,0.004677613571816475,1
2022-12-09 00:00:00+00:00,2022-12-09 00:00:00+00:00,1,-0.0037722729584002464,1
2022-12-12 00:00:00+00:00,2022-12-12 00:00:00+00:00,1,0.001074277166336091,1
2022-12-13 00:00:00+00:00,2022-12-13 00:00:00+00:00,1,0.03320613763028276,1
2022-12-14 00:00:00+00:00,2022-12-14 00:00:00+00:00,1,-0.0017870159616755529,1
2022-12-15 00:00:00+00:00,2022-12-15 00:00:00+00:00,1,-0.013979361834084636,1
2022-12-16 00:00:00+00:00,2022-12-16 00:00:00+00:00,1,-0.00498666277712193,1
2022-12-19 00:00:00+00:00,2022-12-19 00:00:00+00:00,1,0.0004634961552654973,1
2022-12-20 00:00:00+00:00,2022-12-20 00:00:00+00:00,1,-0.003545198507604574,1
2022-12-21 00:00:00+00:00,2022-12-21 00:00:00+00:00,1,0.0052270329732278745,1
2022-12-22 00:00:00+00:00,2022-12-22 00:00:00+00:00,1,-0.010030300611020093,1
2022-12-23 00:00:00+00:00,2022-12-23 00:00:00+00:00,1,-0.004123064415724386,1
2022-12-27 00:00:00+00:00,2022-12-27 00:00:00+00:00,1,-0.0016161948896883712,1
2022-12-28 00:00:00+00:00,2022-12-28 00:00:00+00:00,1,-0.0011695278355435042,1
2022-12-29 00:00:00+00:00,2022-12-29 00:00:00+00:00,1,0.009140179734682919,1
2022-12-30 00:00:00+00:00,2022-12-30 00:00:00+00:00,1,-0.009242955208753545,1
2023-01-03 00:00:00+00:00,2023-01-03 00:00:00+00:00,1,0.006686690446517341,1
2023-01-04 00:00:00+00:00,2023-01-04 00:00:00+00:00,1,0.006882037818259435,1
2023-01-05 00:00:00+00:00,2023-01-05 00:00:00+00:00,1,-0.006156451132921492,1
2023-01-06 00:00:00+00:00,2023-01-06 00:00:00+00:00,1,0.007340105756099858,1
2023-01-09 00:00:00+00:00,2023-01-09 00:00:00+00:00,1,0.006426552831312183,1
2023-01-10 00:00:00+00:00,2023-01-10 00:00:00+00:00,1,-0.0030269451518266984,1
2023-01-11 00:00:00+00:00,2023-01-11 00:00:00+00:00,1,0.0038098848610648942,1
2023-01-12 00:00:00+00:00,2023-01-12 00:00:00+00:00,1,0.002180685398901561,1
2023-01-13 00:00:00+00:00,2023-01-13 00:00:00+00:00,1,-0.009076074247460575,1
2023-01-17 00:00:00+00:00,2023-01-17 00:00:00+00:00,1,-0.0006808482583683714,1
2023-01-18 00:00:00+00:00,2023-01-18 00:00:00+00:00,1,0.004046763653836572,1
2023-01-19 00:00:00+00:00,2023-01-19 00:00:00+00:00,1,-0.006007270477153969,1
2023-01-20 00:00:00+00:00,2023-01-20 00:00:00+00:00,1,0.004558636528322191,1
2023-01-23 00:00:00+00:00,2023-01-23 00:00:00+00:00,1,0.00228192918508271,1
2023-01-24 00:00:00+00:00,2023-01-24 00:00:00+00:00,1,-0.005339044520653235,1
2023-01-25 00:00:00+00:00,2023-01-25 00:00:00+00:00,1,-0.013585723972081886,1
2023-01-26 00:00:00+00:00,2023-01-26 00:00:00+00:00,1,0.009236683541040536,1
2023-01-27 00:00:00+00:00,2023-01-27 00:00:00+00:00,1,-0.003930528514632747,1
2023-01-30 00:00:00+00:00,2023-01-30 00:00:00+00:00,1,-0.00946963963476386,1
2023-01-31 00:00:00+00:00,2023-01-31 00:00:00+00:00,1,0.00044283100232408475,1
2023-02-01 00:00:00+00:00,2023-02-01 00:00:00+00:00,1,-0.002218502324382676,1
2023-02-02 00:00:00+00:00,2023-02-02 00:00:00+00:00,1,0.015691079370104243,1
2023-02-03 00:00:00+00:00,2023-02-03 00:00:00+00:00,1,-0.017401652780588008,1
2023-02-06 00:00:00+00:00,2023-02-06 00:00:00+00:00,1,-0.007764172604000396,1
2023-02-07 00:00:00+00:00,2023-02-07 00:00:00+00:00,1,-0.0016854428737039014,1
2023-02-08 00:00:00+00:00,2023-02-08 00:00:00+00:00,1,-0.004943012624277631,1
2023-02-09 00:00:00+00:00,2023-02-09 00:00:00+00:00,1,0.01162135600127553,1
2023-02-10 00:00:00+00:00,2023-02-10 00:00:00+00:00,1,-0.005456932001793346,1
2023-02-13 00:00:00+00:00,2023-02-13 00:00:00+00:00,1,0.002918913161341819,1
2023-02-14 00:00:00+00:00,2023-02-14 00:00:00+00:00,1,-0.004869372032338426,1
2023-02-15 00:00:00+00:00,2023-02-15 00:00:00+00:00,1,-0.006090447445289282,1
2023-02-16 00:00:00+00:00,2023-02-16 00:00:00+00:00,1,-0.014203359057310383,1
2023-02-17 00:00:00+00:00,2023-02-17 00:00:00+00:00,1,-0.0066949175412783,1
2023-02-21 00:00:00+00:00,2023-02-21 00:00:00+00:00,1,-0.011931457401646783,1
2023-02-22 00:00:00+00:00,2023-02-22 00:00:00+00:00,1,0.001241940137731901,1
2023-02-23 00:00:00+00:00,2023-02-23 00:00:00+00:00,1,0.009810094993640795,1
2023-02-24 00:00:00+00:00,2023-02-24 00:00:00+00:00,1,-0.015362849978267234,1
2023-02-27 00:00:00+00:00,2023-02-27 00:00:00+00:00,1,0.009618771702694285,1
2023-02-28 00:00:00+00:00,2023-02-28 00:00:00+00:00,1,-0.0020171200570627042,1
2023-03-01 00:00:00+00:00,2023-03-01 00:00:00+00:00,1,-0.0018834267425519077,1
2023-03-02 00:00:00+00:00,2023-03-02 00:00:00+00:00,1,-0.007270723595530304,1
2023-03-03 00:00:00+00:00,2023-03-03 00:00:00+00:00,1,0.005119381030173476,1
2023-03-06 00:00:00+00:00,2023-03-06 00:00:00+00:00,1,0.002866150109443655,1
2023-03-07 00:00:00+00:00,2023-03-07 00:00:00+00:00,1,-0.0002785496995718947,1
2023-03-08 00:00:00+00:00,2023-03-08 00:00:00+00:00,1,0.0005762103889643492,1
2023-03-09 00:00:00+00:00,2023-03-09 00:00:00+00:00,1,0.0015839791272226015,1
2023-03-10 00:00:00+00:00,2023-03-10 00:00:00+00:00,1,-0.0007375467360951401,1
2023-03-13 00:00:00+00:00,2023-03-13 00:00:00+00:00,1,-0.008765709497799512,1
2023-03-14 00:00:00+00:00,2023-03-14 00:00:00+00:00,1,0.012595497952178148,1
2023-03-15 00:00:00+00:00,2023-03-15 00:00:00+00:00,1,-0.012226351267376067,1
2023-03-16 00:00:00+00:00,2023-03-16 00:00:00+00:00,1,-0.005015387736764054,1
2023-03-17 00:00:00+00:00,2023-03-17 00:00:00+00:00,1,-0.0022002445924103383,1
2023-03-20 00:00:00+00:00,2023-03-20 00:00:00+00:00,1,-0.00029134085623608834,1
2023-03-21 00:00:00+00:00,2023-03-21 00:00:00+00:00,1,0.007363822551808863,1
2023-03-22 00:00:00+00:00,2023-03-22 00:00:00+00:00,1,-0.0006385079609448115,1
2023-03-23 00:00:00+00:00,2023-03-23 00:00:00+00:00,1,0.00970676479986673,1
2023-03-24 00:00:00+00:00,2023-03-24 00:00:00+00:00,1,-0.0026854016491395846,1
2023-03-27 00:00:00+00:00,2023-03-27 00:00:00+00:00,1,0.0038361090706487636,1
2023-03-28 00:00:00+00:00,2023-03-28 00:00:00+00:00,1,-0.0021634919242165315,1
2023-03-29 00:00:00+00:00,2023-03-29 00:00:00+00:00,1,0.01129419861441402,1
2023-03-30 00:00:00+00:00,2023-03-30 00:00:00+00:00,1,0.0071425480309889825,1
2023-03-31 00:00:00+00:00,2023-03-31 00:00:00+00:00,1,0.0012533873348114736,1
2023-04-03 00:00:00+00:00,2023-04-03 00:00:00+00:00,1,-0.004324856172850755,1
2023-04-04 00:00:00+00:00,2023-04-04 00:00:00+00:00,1,0.0012179708903262369,1
2023-04-05 00:00:00+00:00,2023-04-05 00:00:00+00:00,1,-0.002749820812884418,1
2023-04-06 00:00:00+00:00,2023-04-06 00:00:00+00:00,1,-0.003977078621699525,1
2023-04-10 00:00:00+00:00,2023-04-10 00:00:00+00:00,1,-0.00813734772915251,1
2023-04-11 00:00:00+00:00,2023-04-11 00:00:00+00:00,1,0.0004304492071765756,1
2023-04-12 00:00:00+00:00,2023-04-12 00:00:00+00:00,1,0.0054742503772628685,1
2023-04-13 00:00:00+00:00,2023-04-13 00:00:00+00:00,1,0.003943664016695736,1
2023-04-14 00:00:00+00:00,2023-04-14 00:00:00+00:00,1,-0.0035731984783231915,1
2023-04-17 00:00:00+00:00,2023-04-17 00:00:00+00:00,1,-0.001068353172402425,1
2023-04-18 00:00:00+00:00,2023-04-18 00:00:00+00:00,1,0.0050524101490636245,1
2023-04-19 00:00:00+00:00,2023-04-19 00:00:00+00:00,1,-0.00654388842561735,1
2023-04-20 00:00:00+00:00,2023-04-20 00:00:00+00:00,1,-0.008575327722929215,1
2023-04-21 00:00:00+00:00,2023-04-21 00:00:00+00:00,1,-0.0005085838993959865,1
2023-04-24 00:00:00+00:00,2023-04-24 00:00:00+00:00,1,-0.0009179379938169859,1
2023-04-25 00:00:00+00:00,2023-04-25 00:00:00+00:00,1,-0.0054111146322068145,1
2023-04-26 00:00:00+00:00,2023-04-26 00:00:00+00:00,1,0.006052607665041976,1
2023-04-27 00:00:00+00:00,2023-04-27 00:00:00+00:00,1,0.009105049581403535,1
2023-04-28 00:00:00+00:00,2023-04-28 00:00:00+00:00,1,-0.0017901400720779833,1
2023-05-01 00:00:00+00:00,2023-05-01 00:00:00+00:00,1,-0.0015814756667252069,1
2023-05-02 00:00:00+00:00,2023-05-02 00:00:00+00:00,1,-0.0012991865717042247,1
2023-05-03 00:00:00+00:00,2023-05-03 00:00:00+00:00,1,0.0009121379806122602,1
2023-05-04 00:00:00+00:00,2023-05-04 00:00:00+00:00,1,-0.001998119381859431,1
2023-05-05 00:00:00+00:00,2023-05-05 00:00:00+00:00,1,0.008002347287935441,1
2023-05-08 00:00:00+00:00,2023-05-08 00:00:00+00:00,1,-0.0006157592711299783,1
2023-05-09 00:00:00+00:00,2023-05-09 00:00:00+00:00,1,-0.00486098933690513,1
2023-05-10 00:00:00+00:00,2023-05-10 00:00:00+00:00,1,0.0071446604450186805,1
2023-05-11 00:00:00+00:00,2023-05-11 00:00:00+00:00,1,-0.0005286921679497399,1
2023-05-12 00:00:00+00:00,2023-05-12 00:00:00+00:00,1,0.002092663299435438,1
2023-05-15 00:00:00+00:00,2023-05-15 00:00:00+00:00,1,0.0012036923946238901,1
2023-05-16 00:00:00+00:00,2023-05-16 00:00:00+00:00,1,-0.0028092369127537316,1
2023-05-17 00:00:00+00:00,2023-05-17 00:00:00+00:00,1,0.003910017212578743,1
2023-05-18 00:00:00+00:00,2023-05-18 00:00:00+00:00,1,-9.338689269398041e-05,1
2023-05-19 00:00:00+00:00,2023-05-19 00:00:00+00:00,1,0.0011471619204561304,1
2023-05-22 00:00:00+00:00,2023-05-22 00:00:00+00:00,1,-0.0006623228194044036,1
2023-05-23 00:00:00+00:00,2023-05-23 00:00:00+00:00,1,-0.004933277248774659,1
2023-05-24 00:00:00+00:00,2023-05-24 00:00:00+00:00,1,-0.0053010114387508685,1
2023-05-25 00:00:00+00:00,2023-05-25 00:00:00+00:00,1,0.015431437217321176,1
2023-05-26 00:00:00+00:00,2023-05-26 00:00:00+00:00,1,0.002050598747067223,1
2023-05-30 00:00:00+00:00,2023-05-30 00:00:00+00:00,1,0.008278132434645891,1
2023-05-31 00:00:00+00:00,2023-05-31 00:00:00+00:00,1,-0.004860903033884067,1
2023-06-01 00:00:00+00:00,2023-06-01 00:00:00+00:00,1,-0.00038637223547991455,1
2023-06-02 00:00:00+00:00,2023-06-02 00:00:00+00:00,1,0.005419095507013994,1
2023-06-05 00:00:00+00:00,2023-06-05 00:00:00+00:00,1,-0.0001894636219423648,1
2023-06-06 00:00:00+00:00,2023-06-06 00:00:00+00:00,1,-0.0016769449012750456,1
2023-06-07 00:00:00+00:00,2023-06-07 00:00:00+00:00,1,0.0005875691891192528,1
2023-06-08 00:00:00+00:00,2023-06-08 00:00:00+00:00,1,0.00021209761117188004,1
2023-06-09 00:00:00+00:00,2023-06-09 00:00:00+00:00,1,0.0027625490872252526,1
2023-06-12 00:00:00+00:00,2023-06-12 00:00:00+00:00,1,0.0032700061623328284,1
2023-06-13 00:00:00+00:00,2023-06-13 00:00:00+00:00,1,0.005335505264517837,1
2023-06-14 00:00:00+00:00,2023-06-14 00:00:00+00:00,1,0.00011461159940670014,1
2023-06-15 00:00:00+00:00,2023-06-15 00:00:00+00:00,1,-0.0030349848181977276,1
2023-06-16 00:00:00+00:00,2023-06-16 00:00:00+00:00,1,0.0053555141001269905,1
2023-06-20 00:00:00+00:00,2023-06-20 00:00:00+00:00,1,-0.004595507811035826,1
2023-06-21 00:00:00+00:00,2023-06-21 00:00:00+00:00,1,-0.003047258964143462,1
2023-06-22 00:00:00+00:00,2023-06-22 00:00:00+00:00,1,-0.0031926847796386656,1
2023-06-23 00:00:00+00:00,2023-06-23 00:00:00+00:00,1,-0.009808156814449276,1
2023-06-26 00:00:00+00:00,2023-06-26 00:00:00+00:00,1,-0.001725610288599166,1
2023-06-27 00:00:00+00:00,2023-06-27 00:00:00+00:00,1,0.0029492216428688937,1
2023-06-28 00:00:00+00:00,2023-06-28 00:00:00+00:00,1,-0.004126374524374121,1
2023-06-29 00:00:00+00:00,2023-06-29 00:00:00+00:00,1,-0.0012040599461274667,1
2023-06-30 00:00:00+00:00,2023-06-30 00:00:00+00:00,1,0.00864041331229678,1
2023-07-03 00:00:00+00:00,2023-07-03 00:00:00+00:00,1,0.00017370280284936286,1
2023-07-05 00:00:00+00:00,2023-07-05 00:00:00+00:00,1,-0.004565096718412742,1
2023-07-06 00:00:00+00:00,2023-07-06 00:00:00+00:00,1,-0.009576788162079552,1
2023-07-07 00:00:00+00:00,2023-07-07 00:00:00+00:00,1,-0.0017843285239146685,1
2023-07-10 00:00:00+00:00,2023-07-10 00:00:00+00:00,1,-0.0011040394514963189,1
2023-07-11 00:00:00+00:00,2023-07-11 00:00:00+00:00,1,0.001185216977759607,1
2023-07-12 00:00:00+00:00,2023-07-12 00:00:00+00:00,1,0.009804225955664292,1
2023-07-13 00:00:00+00:00,2023-07-13 00:00:00+00:00,1,0.006139415309689611,1
2023-07-14 00:00:00+00:00,2023-07-14 00:00:00+00:00,1,0.001303463563053853,1
2023-07-17 00:00:00+00:00,2023-07-17 00:00:00+00:00,1,0.0004958317564494278,1
2023-07-18 00:00:00+00:00,2023-07-18 00:00:00+00:00,1,-0.0015264199041063239,1
2023-07-19 00:00:00+00:00,2023-07-19 00:00:00+00:00,1,0.002002745268149109,1
2023-07-20 00:00:00+00:00,2023-07-20 00:00:00+00:00,1,-0.005372833413323596,1
2023-07-21 00:00:00+00:00,2023-07-21 00:00:00+00:00,1,0.0048797571079925665,1
2023-07-24 00:00:00+00:00,2023-07-24 00:00:00+00:00,1,0.002333522286378365,1
2023-07-25 00:00:00+00:00,2023-07-25 00:00:00+00:00,1,0.00034875853348245196,1
2023-07-26 00:00:00+00:00,2023-07-26 00:00:00+00:00,1,-0.0027641077728788096,1
2023-07-27 00:00:00+00:00,2023-07-27 00:00:00+00:00,1,0.010903410638344735,1
2023-07-28 00:00:00+00:00,2023-07-28 00:00:00+00:00,1,0.008915623048394961,1
2023-07-31 00:00:00+00:00,2023-07-31 00:00:00+00:00,1,0.000640447138809919,1
2023-08-01 00:00:00+00:00,2023-08-01 00:00:00+00:00,1,-0.0037455394988560094,1
2023-08-02 00:00:00+00:00,2023-08-02 00:00:00+00:00,1,-0.008448943350171911,1
2023-08-03 00:00:00+00:00,2023-08-03 00:00:00+00:00,1,-0.005893458424835718,1
2023-08-04 00:00:00+00:00,2023-08-04 00:00:00+00:00,1,0.004416111395047018,1
2023-08-07 00:00:00+00:00,2023-08-07 00:00:00+00:00,1,0.004298912706401226,1
2023-08-08 00:00:00+00:00,2023-08-08 00:00:00+00:00,1,-0.006615747364200042,1
2023-08-09 00:00:00+00:00,2023-08-09 00:00:00+00:00,1,0.0004017764222387868,1
2023-08-10 00:00:00+00:00,2023-08-10 00:00:00+00:00,1,0.006595451054200419,1
2023-08-11 00:00:00+00:00,2023-08-11 00:00:00+00:00,1,-0.006002190307915189,1
2023-08-14 00:00:00+00:00,2023-08-14 00:00:00+00:00,1,-0.0024716342475344707,1
2023-08-15 00:00:00+00:00,2023-08-15 00:00:00+00:00,1,-0.0036896870815868784,1
2023-08-16 00:00:00+00:00,2023-08-16 00:00:00+00:00,1,-0.001536045203039382,1
2023-08-17 00:00:00+00:00,2023-08-17 00:00:00+00:00,1,0.003387028701882311,1
2023-08-18 00:00:00+00:00,2023-08-18 00:00:00+00:00,1,-0.008275662202510725,1
2023-08-21 00:00:00+00:00,2023-08-21 00:00:00+00:00,1,0.0029828757573923895,1
2023-08-22 00:00:00+00:00,2023-08-22 00:00:00+00:00,1,0.005435216876346039,1
2023-08-23 00:00:00+00:00,2023-08-23 00:00:00+00:00,1,0.002606457228626702,1
2023-08-24 00:00:00+00:00,2023-08-24 00:00:00+00:00,1,0.006355246842614648,1
2023-08-25 00:00:00+00:00,2023-08-25 00:00:00+00:00,1,0.0029250376827934747,1
2023-08-28 00:00:00+00:00,2023-08-28 00:00:00+00:00,1,0.006359143230347775,1
2023-08-29 00:00:00+00:00,2023-08-29 00:00:00+00:00,1,-0.0006968665995233155,1
2023-08-30 00:00:00+00:00,2023-08-30 00:00:00+00:00,1,0.00023634943627800527,1
2023-08-31 00:00:00+00:00,2023-08-31 00:00:00+00:00,1,0.000515747164653935,1
2023-09-01 00:00:00+00:00,2023-09-01 00:00:00+00:00,1,0.006018775600864468,1
2023-09-05 00:00:00+00:00,2023-09-05 00:00:00+00:00,1,-0.0018955751330936629,1
2023-09-06 00:00:00+00:00,2023-09-06 00:00:00+00:00,1,-0.0022796628077849986,1
2023-09-07 00:00:00+00:00,2023-09-07 00:00:00+00:00,1,-0.009829080519583788,1
2023-09-08 00:00:00+00:00,2023-09-08 00:00:00+00:00,1,-0.0003109948343648969,1
2023-09-11 00:00:00+00:00,2023-09-11 00:00:00+00:00,1,0.0068859740055931765,1
2023-09-12 00:00:00+00:00,2023-09-12 00:00:00+00:00,1,-0.00422720977327099,1
2023-09-13 00:00:00+00:00,2023-09-13 00:00:00+00:00,1,0.00027977269181719307,1
2023-09-14 00:00:00+00:00,2023-09-14 00:00:00+00:00,1,0.004944972071319687,1
2023-09-15 00:00:00+00:00,2023-09-15 00:00:00+00:00,1,-0.003926250915625795,1
2023-09-18 00:00:00+00:00,2023-09-18 00:00:00+00:00,1,-0.0019490406638211551,1
2023-09-19 00:00:00+00:00,2023-09-19 00:00:00+00:00,1,-0.003178310957302177,1
2023-09-20 00:00:00+00:00,2023-09-20 00:00:00+00:00,1,0.0026281487350043545,1
2023-09-21 00:00:00+00:00,2023-09-21 00:00:00+00:00,1,-0.008781018024891373,1
2023-09-22 00:00:00+00:00,2023-09-22 00:00:00+00:00,1,0.003401728718432773,1
2023-09-25 00:00:00+00:00,2023-09-25 00:00:00+00:00,1,-0.003121215858854531,1
2023-09-26 00:00:00+00:00,2023-09-26 00:00:00+00:00,1,-0.007575225512495598,1
2023-09-27 00:00:00+00:00,2023-09-27 00:00:00+00:00,1,0.002772291451092668,1
2023-09-28 00:00:00+00:00,2023-09-28 00:00:00+00:00,1,-0.0022786661703226626,1
2023-09-29 00:00:00+00:00,2023-09-29 00:00:00+00:00,1,0.008305391034962717,1
2023-10-02 00:00:00+00:00,2023-10-02 00:00:00+00:00,1,-0.0009289841780157123,1
2023-10-03 00:00:00+00:00,2023-10-03 00:00:00+00:00,1,-0.006365224221261822,1
2023-10-04 00:00:00+00:00,2023-10-04 00:00:00+00:00,1,0.0014667162753052247,1
2023-10-05 00:00:00+00:00,2023-10-05 00:00:00+00:00,1,-0.0006671604360314661,1
2023-10-06 00:00:00+00:00,2023-10-06 00:00:00+00:00,1,-0.007517624198951389,1
2023-10-09 00:00:00+00:00,2023-10-09 00:00:00+00:00,1,-0.005871960660900488,1
2023-10-10 00:00:00+00:00,2023-10-10 00:00:00+00:00,1,0.0009155922597177905,1
2023-10-11 00:00:00+00:00,2023-10-11 00:00:00+00:00,1,0.002796989969892605,1
2023-10-12 00:00:00+00:00,2023-10-12 00:00:00+00:00,1,0.0011089448299792196,1
2023-10-13 00:00:00+00:00,2023-10-13 00:00:00+00:00,1,0.002351997369719772,1
2023-10-16 00:00:00+00:00,2023-10-16 00:00:00+00:00,1,0.004222605785725942,1
2023-10-17 00:00:00+00:00,2023-10-17 00:00:00+00:00,1,-0.008876435877928612,1
2023-10-18 00:00:00+00:00,2023-10-18 00:00:00+00:00,1,-0.0058342330633980085,1
2023-10-19 00:00:00+00:00,2023-10-19 00:00:00+00:00,1,0.0025417234745042875,1
2023-10-20 00:00:00+00:00,2023-10-20 00:00:00+00:00,1,-0.0015360981133114345,1
2023-10-23 00:00:00+00:00,2023-10-23 00:00:00+00:00,1,-0.0040651869696258,1
2023-10-24 00:00:00+00:00,2023-10-24 00:00:00+00:00,1,0.0048909635917609665,1
2023-10-25 00:00:00+00:00,2023-10-25 00:00:00+00:00,1,-0.005736846184757593,1
2023-10-26 00:00:00+00:00,2023-10-26 00:00:00+00:00,1,-0.0033582368971824313,1
2023-10-27 00:00:00+00:00,2023-10-27 00:00:00+00:00,1,0.005717781732500227,1
2023-10-30 00:00:00+00:00,2023-10-30 00:00:00+00:00,1,0.006855235808203875,1
2023-10-31 00:00:00+00:00,2023-10-31 00:00:00+00:00,1,0.00045277199624546045,1
2023-11-01 00:00:00+00:00,2023-11-01 00:00:00+00:00,1,0.0021069454067903174,1
2023-11-02 00:00:00+00:00,2023-11-02 00:00:00+00:00,1,0.010752500403875953,1
2023-11-03 00:00:00+00:00,2023-11-03 00:00:00+00:00,1,0.0042648914819030884,1
2023-11-06 00:00:00+00:00,2023-11-06 00:00:00+00:00,1,0.0016576213946699284,1
2023-11-07 00:00:00+00:00,2023-11-07 00:00:00+00:00,1,0.0011355527264573454,1
2023-11-08 00:00:00+00:00,2023-11-08 00:00:00+00:00,1,0.0009192158164382461,1
2023-11-09 00:00:00+00:00,2023-11-09 00:00:00+00:00,1,0.0019878258688074916,1
2023-11-10 00:00:00+00:00,2023-11-10 00:00:00+00:00,1,0.004530869537771232,1
2023-11-13 00:00:00+00:00,2023-11-13 00:00:00+00:00,1,-0.003980254889165568,1
2023-11-14 00:00:00+00:00,2023-11-14 00:00:00+00:00,1,0.015278884455337616,1
2023-11-15 00:00:00+00:00,2023-11-15 00:00:00+00:00,1,0.00372908485297504,1
2023-11-16 00:00:00+00:00,2023-11-16 00:00:00+00:00,1,-0.0018228760131025808,1
2023-11-17 00:00:00+00:00,2023-11-17 00:00:00+00:00,1,-0.001247667935479124,1
2023-11-20 00:00:00+00:00,2023-11-20 00:00:00+00:00,1,-0.0005754840651371104,1
2023-11-21 00:00:00+00:00,2023-11-21 00:00:00+00:00,1,-0.0037024779232748047,1
2023-11-22 00:00:00+00:00,2023-11-22 00:00:00+00:00,1,0.004289257562303328,1
2023-11-24 00:00:00+00:00,2023-11-24 00:00:00+00:00,1,-0.0007706146012295464,1
2023-11-27 00:00:00+00:00,2023-11-27 00:00:00+00:00,1,-0.0016557321952726852,1
2023-11-28 00:00:00+00:00,2023-11-28 00:00:00+00:00,1,-0.001716458252556818,1
2023-11-29 00:00:00+00:00,2023-11-29 00:00:00+00:00,1,0.00534350558849791,1
2023-11-30 00:00:00+00:00,2023-11-30 00:00:00+00:00,1,0.0010032631665086392,1
2023-12-01 00:00:00+00:00,2023-12-01 00:00:00+00:00,1,-0.0023790965196479937,1
2023-12-04 00:00:00+00:00,2023-12-04 00:00:00+00:00,1,-0.00904837559803665,1
2023-12-05 00:00:00+00:00,2023-12-05 00:00:00+00:00,1,-0.004363571858917536,1
2023-12-06 00:00:00+00:00,2023-12-06 00:00:00+00:00,1,0.0059671288208285825,1
2023-12-07 00:00:00+00:00,2023-12-07 00:00:00+00:00,1,0.00598569326146633,1
2023-12-08 00:00:00+00:00,2023-12-08 00:00:00+00:00,1,-0.0033941250590006408,1
2023-12-11 00:00:00+00:00,2023-12-11 00:00:00+00:00,1,-0.0014024443476906342,1
2023-12-12 00:00:00+00:00,2023-12-12 00:00:00+00:00,1,-0.0006389763055847705,1
2023-12-13 00:00:00+00:00,2023-12-13 00:00:00+00:00,1,0.0013115752121995675,1
2023-12-14 00:00:00+00:00,2023-12-14 00:00:00+00:00,1,0.003361031404476045,1
2023-12-15 00:00:00+00:00,2023-12-15 00:00:00+00:00,1,2.60881990097553e-05,1
2023-12-18 00:00:00+00:00,2023-12-18 00:00:00+00:00,1,0.0019498606148001477,1
2023-12-19 00:00:00+00:00,2023-12-19 00:00:00+00:00,1,0.0008582048315653682,1
2023-12-20 00:00:00+00:00,2023-12-20 00:00:00+00:00,1,-0.002216423025802527,1
2023-12-21 00:00:00+00:00,2023-12-21 00:00:00+00:00,1,0.00791505648092491,1
2023-12-22 00:00:00+00:00,2023-12-22 00:00:00+00:00,1,0.002435298391753349,1
2023-12-26 00:00:00+00:00,2023-12-26 00:00:00+00:00,1,0.0012085177286724428,1
2023-12-27 00:00:00+00:00,2023-12-27 00:00:00+00:00,1,-0.00017260804279487478,1
2023-12-28 00:00:00+00:00,2023-12-28 00:00:00+00:00,1,0.0015098906141719163,1
2023-12-29 00:00:00+00:00,2023-12-29 00:00:00+00:00,1,-0.0005341217732306777,1
2024-01-02 00:00:00+00:00,2024-01-02 00:00:00+00:00,1,-0.008106575194777066,1
2024-01-03 00:00:00+00:00,2024-01-03 00:00:00+00:00,1,-0.00595212312023422,1
2024-01-04 00:00:00+00:00,2024-01-04 00:00:00+00:00,1,-0.0031950043445176154,1
2024-01-05 00:00:00+00:00,2024-01-05 00:00:00+00:00,1,0.0001391616448317093,1
2024-01-08 00:00:00+00:00,2024-01-08 00:00:00+00:00,1,0.00180767503290632,1
2024-01-09 00:00:00+00:00,2024-01-09 00:00:00+00:00,1,-0.006929689610163636,1
2024-01-10 00:00:00+00:00,2024-01-10 00:00:00+00:00,1,0.00038983113562193224,1
2024-01-11 00:00:00+00:00,2024-01-11 00:00:00+00:00,1,0.002359607437666356,1
2024-01-12 00:00:00+00:00,2024-01-12 00:00:00+00:00,1,0.002546399046867787,1
2024-01-16 00:00:00+00:00,2024-01-16 00:00:00+00:00,1,-0.0033155098395852064,1
2024-01-17 00:00:00+00:00,2024-01-17 00:00:00+00:00,1,-0.007664178672168042,1
2024-01-18 00:00:00+00:00,2024-01-18 00:00:00+00:00,1,0.005585081567288286,1
2024-01-19 00:00:00+00:00,2024-01-19 00:00:00+00:00,1,0.003617051518285475,1
2024-01-22 00:00:00+00:00,2024-01-22 00:00:00+00:00,1,0.003984978181282484,1
2024-01-23 00:00:00+00:00,2024-01-23 00:00:00+00:00,1,0.0011091002717626645,1
2024-01-24 00:00:00+00:00,2024-01-24 00:00:00+00:00,1,0.007417593460612626,1
2024-01-25 00:00:00+00:00,2024-01-25 00:00:00+00:00,1,0.004926507548408144,1
2024-01-26 00:00:00+00:00,2024-01-26 00:00:00+00:00,1,-0.002990648235164683,1
2024-01-29 00:00:00+00:00,2024-01-29 00:00:00+00:00,1,0.000570879627800858,1
2024-01-30 00:00:00+00:00,2024-01-30 00:00:00+00:00,1,-0.0022487693615981016,1
2024-01-31 00:00:00+00:00,2024-01-31 00:00:00+00:00,1,-0.007843693560033926,1
2024-02-01 00:00:00+00:00,2024-02-01 00:00:00+00:00,1,0.0036943851819804755,1
2024-02-02 00:00:00+00:00,2024-02-02 00:00:00+00:00,1,0.0024354230704396133,1
2024-02-05 00:00:00+00:00,2024-02-05 00:00:00+00:00,1,-0.0008874241456037543,1
2024-02-06 00:00:00+00:00,2024-02-06 00:00:00+00:00,1,0.002038265230224068,1
2024-02-07 00:00:00+00:00,2024-02-07 00:00:00+00:00,1,0.005335781194959111,1
2024-02-08 00:00:00+00:00,2024-02-08 00:00:00+00:00,1,-0.00016105479320608322,1
2024-02-09 00:00:00+00:00,2024-02-09 00:00:00+00:00,1,0.0015502834108379274,1
2024-02-12 00:00:00+00:00,2024-02-12 00:00:00+00:00,1,-0.00045577069836247845,1
2024-02-13 00:00:00+00:00,2024-02-13 00:00:00+00:00,1,-0.015994523395046735,1
2024-02-14 00:00:00+00:00,2024-02-14 00:00:00+00:00,1,0.005604390406430871,1
2024-02-15 00:00:00+00:00,2024-02-15 00:00:00+00:00,1,0.0012299378273402332,1
2024-02-16 00:00:00+00:00,2024-02-16 00:00:00+00:00,1,-0.00017146319914560475,1
2024-02-20 00:00:00+00:00,2024-02-20 00:00:00+00:00,1,-0.004437564366979485,1
2024-02-21 00:00:00+00:00,2024-02-21 00:00:00+00:00,1,-0.0048898178503795405,1
2024-02-22 00:00:00+00:00,2024-02-22 00:00:00+00:00,1,0.016970244226937457,1
2024-02-23 00:00:00+00:00,2024-02-23 00:00:00+00:00,1,0.003247072736450163,1
2024-02-26 00:00:00+00:00,2024-02-26 00:00:00+00:00,1,0.0010818889126423484,1
2024-02-27 00:00:00+00:00,2024-02-27 00:00:00+00:00,1,0.0016843436313939922,1
2024-02-28 00:00:00+00:00,2024-02-28 00:00:00+00:00,1,-0.004357548602114158,1
2024-02-29 00:00:00+00:00,2024-02-29 00:00:00+00:00,1,0.004887773365971982,1
2024-03-01 00:00:00+00:00,2024-03-01 00:00:00+00:00,1,0.0016108654827740824,1
2024-03-04 00:00:00+00:00,2024-03-04 00:00:00+00:00,1,-0.001099505986345761,1
2024-03-05 00:00:00+00:00,2024-03-05 00:00:00+00:00,1,-0.005778828142514325,1
2024-03-06 00:00:00+00:00,2024-03-06 00:00:00+00:00,1,0.00791855757847556,1
2024-03-07 00:00:00+00:00,2024-03-07 00:00:00+00:00,1,0.007161567442747619,1
2024-03-08 00:00:00+00:00,2024-03-08 00:00:00+00:00,1,0.0007353841683335974,1
2024-03-11 00:00:00+00:00,2024-03-11 00:00:00+00:00,1,-0.0032312586719689725,1
2024-03-12 00:00:00+00:00,2024-03-12 00:00:00+00:00,1,0.004497122898209771,1
2024-03-13 00:00:00+00:00,2024-03-13 00:00:00+00:00,1,-0.0011190171347005059,1
2024-03-14 00:00:00+00:00,2024-03-14 00:00:00+00:00,1,0.0020885169427197984,1
2024-03-15 00:00:00+00:00,2024-03-15 00:00:00+00:00,1,-0.006858602979204631,1
2024-03-18 00:00:00+00:00,2024-03-18 00:00:00+00:00,1,0.010000634624171856,1
2024-03-19 00:00:00+00:00,2024-03-19 00:00:00+00:00,1,-0.0033123256563189814,1
2024-03-20 00:00:00+00:00,2024-03-20 00:00:00+00:00,1,0.001137732330946573,1
2024-03-21 00:00:00+00:00,2024-03-21 00:00:00+00:00,1,0.008252982218177685,1
2024-03-22 00:00:00+00:00,2024-03-22 00:00:00+00:00,1,-0.0009693619255814242,1
2024-03-25 00:00:00+00:00,2024-03-25 00:00:00+00:00,1,-0.004822622857542402,1
2024-03-26 00:00:00+00:00,2024-03-26 00:00:00+00:00,1,0.0028357181922017086,1
2024-03-27 00:00:00+00:00,2024-03-27 00:00:00+00:00,1,0.006013832544004083,1
2024-03-28 00:00:00+00:00,2024-03-28 00:00:00+00:00,1,-0.00031806916711361015,1
2024-04-01 00:00:00+00:00,2024-04-01 00:00:00+00:00,1,0.0015077361636426038,1
2024-04-02 00:00:00+00:00,2024-04-02 00:00:00+00:00,1,-0.009526292912391132,1
2024-04-03 00:00:00+00:00,2024-04-03 00:00:00+00:00,1,-0.0038164629050484785,1
2024-04-04 00:00:00+00:00,2024-04-04 00:00:00+00:00,1,0.008440496260439046,1
2024-04-05 00:00:00+00:00,2024-04-05 00:00:00+00:00,1,0.0027085747005806907,1
2024-04-08 00:00:00+00:00,2024-04-08 00:00:00+00:00,1,0.0014613086330148243,1
2024-04-09 00:00:00+00:00,2024-04-09 00:00:00+00:00,1,0.004093972269864155,1
2024-04-10 00:00:00+00:00,2024-04-10 00:00:00+00:00,1,-0.01183592781022067,1
2024-04-11 00:00:00+00:00,2024-04-11 00:00:00+00:00,1,0.003372916356687539,1
2024-04-12 00:00:00+00:00,2024-04-12 00:00:00+00:00,1,-0.008597645966970413,1
2024-04-15 00:00:00+00:00,2024-04-15 00:00:00+00:00,1,0.008212882016447287,1
2024-04-16 00:00:00+00:00,2024-04-16 00:00:00+00:00,1,2.0552572222180734e-08,1
2024-04-17 00:00:00+00:00,2024-04-17 00:00:00+00:00,1,0.004521992597183189,1
2024-04-18 00:00:00+00:00,2024-04-18 00:00:00+00:00,1,0.0018916675147662935,1
2024-04-19 00:00:00+00:00,2024-04-19 00:00:00+00:00,1,-0.0017853088604170338,1
2024-04-22 00:00:00+00:00,2024-04-22 00:00:00+00:00,1,0.005603598598026472,1
2024-04-23 00:00:00+00:00,2024-04-23 00:00:00+00:00,1,0.004089011433807988,1
2024-04-24 00:00:00+00:00,2024-04-24 00:00:00+00:00,1,0.004281688453827781,1
2024-04-25 00:00:00+00:00,2024-04-25 00:00:00+00:00,1,-0.014986049111687527,1
2024-04-26 00:00:00+00:00,2024-04-26 00:00:00+00:00,1,0.006274444800408363,1
2024-04-29 00:00:00+00:00,2024-04-29 00:00:00+00:00,1,0.003971304570307555,1
2024-04-30 00:00:00+00:00,2024-04-30 00:00:00+00:00,1,-0.003619098771712159,1
2024-05-01 00:00:00+00:00,2024-05-01 00:00:00+00:00,1,-0.00259337716149558,1
2024-05-02 00:00:00+00:00,2024-05-02 00:00:00+00:00,1,0.007981102304903976,1
2024-05-03 00:00:00+00:00,2024-05-03 00:00:00+00:00,1,0.014600083441016232,1
2024-05-06 00:00:00+00:00,2024-05-06 00:00:00+00:00,1,0.004195244349830618,1
2024-05-07 00:00:00+00:00,2024-05-07 00:00:00+00:00,1,0.0011694860501535124,1
2024-05-08 00:00:00+00:00,2024-05-08 00:00:00+00:00,1,-0.005127029627571033,1
2024-05-09 00:00:00+00:00,2024-05-09 00:00:00+00:00,1,0.0001904339276753378,1
2024-05-10 00:00:00+00:00,2024-05-10 00:00:00+00:00,1,0.0029997867552710947,1
2024-05-13 00:00:00+00:00,2024-05-13 00:00:00+00:00,1,0.0035340215973980963,1
2024-05-14 00:00:00+00:00,2024-05-14 00:00:00+00:00,1,-0.0005931140644384377,1
2024-05-15 00:00:00+00:00,2024-05-15 00:00:00+00:00,1,0.004920386411567746,1
2024-05-16 00:00:00+00:00,2024-05-16 00:00:00+00:00,1,-0.0004153815819038284,1
2024-05-17 00:00:00+00:00,2024-05-17 00:00:00+00:00,1,-4.2745397946164206e-05,1
2024-05-20 00:00:00+00:00,2024-05-20 00:00:00+00:00,1,5.690254963394177e-05,1
2024-05-21 00:00:00+00:00,2024-05-21 00:00:00+00:00,1,-0.0030911773729932254,1
2024-05-22 00:00:00+00:00,2024-05-22 00:00:00+00:00,1,-0.0006828314746642802,1
2024-05-23 00:00:00+00:00,2024-05-23 00:00:00+00:00,1,0.00796409059583777,1
2024-05-24 00:00:00+00:00,2024-05-24 00:00:00+00:00,1,0.0032932863889597267,1
2024-05-28 00:00:00+00:00,2024-05-28 00:00:00+00:00,1,0.0018267713212137496,1
2024-05-29 00:00:00+00:00,2024-05-29 00:00:00+00:00,1,-0.008765965455269508,1
2024-05-30 00:00:00+00:00,2024-05-30 00:00:00+00:00,1,-0.0028312548616371887,1
2024-05-31 00:00:00+00:00,2024-05-31 00:00:00+00:00,1,0.0008923119809139627,1
2024-06-03 00:00:00+00:00,2024-06-03 00:00:00+00:00,1,0.005546476982204418,1
2024-06-04 00:00:00+00:00,2024-06-04 00:00:00+00:00,1,-0.0018561741335694545,1
2024-06-05 00:00:00+00:00,2024-06-05 00:00:00+00:00,1,0.005924542695065782,1
2024-06-06 00:00:00+00:00,2024-06-06 00:00:00+00:00,1,0.0007342446921732807,1
2024-06-07 00:00:00+00:00,2024-06-07 00:00:00+00:00,1,-0.0016345118063388116,1
2024-06-10 00:00:00+00:00,2024-06-10 00:00:00+00:00,1,-0.002308355043501553,1
2024-06-11 00:00:00+00:00,2024-06-11 00:00:00+00:00,1,-0.0031716132366354285,1
2024-06-12 00:00:00+00:00,2024-06-12 00:00:00+00:00,1,0.008299273981097277,1
2024-06-13 00:00:00+00:00,2024-06-13 00:00:00+00:00,1,0.005117751412609695,1
2024-06-14 00:00:00+00:00,2024-06-14 00:00:00+00:00,1,-0.0019568509843707945,1
2024-06-17 00:00:00+00:00,2024-06-17 00:00:00+00:00,1,-0.0006631847627810768,1
2024-06-18 00:00:00+00:00,2024-06-18 00:00:00+00:00,1,-0.0002965789695616225,1
2024-06-20 00:00:00+00:00,2024-06-20 00:00:00+00:00,1,0.0018128208124304716,1
2024-06-21 00:00:00+00:00,2024-06-21 00:00:00+00:00,1,-0.0013618841865947525,1
2024-06-24 00:00:00+00:00,2024-06-24 00:00:00+00:00,1,-0.0017564454049127428,1
2024-06-25 00:00:00+00:00,2024-06-25 00:00:00+00:00,1,0.0030775329331463545,1
2024-06-26 00:00:00+00:00,2024-06-26 00:00:00+00:00,1,-0.00221186085987205,1
2024-06-27 00:00:00+00:00,2024-06-27 00:00:00+00:00,1,-0.0006887143225342892,1
2024-06-28 00:00:00+00:00,2024-06-28 00:00:00+00:00,1,0.001253635027816358,1
2024-07-01 00:00:00+00:00,2024-07-01 00:00:00+00:00,1,0.001965976708979989,1
2024-07-02 00:00:00+00:00,2024-07-02 00:00:00+00:00,1,-0.0033703321923030157,1
2024-07-03 00:00:00+00:00,2024-07-03 00:00:00+00:00,1,-0.0013716892150777201,1
2024-07-05 00:00:00+00:00,2024-07-05 00:00:00+00:00,1,0.0008465282473208661,1
2024-07-08 00:00:00+00:00,2024-07-08 00:00:00+00:00,1,0.0007941768848309331,1
2024-07-09 00:00:00+00:00,2024-07-09 00:00:00+00:00,1,0.00212038796799271,1
2024-07-10 00:00:00+00:00,2024-07-10 00:00:00+00:00,1,0.002773195449372568,1
2024-07-11 00:00:00+00:00,2024-07-11 00:00:00+00:00,1,-8.368881692858403e-05,1
2024-07-12 00:00:00+00:00,2024-07-12 00:00:00+00:00,1,0.0013228517170761015,1
2024-07-15 00:00:00+00:00,2024-07-15 00:00:00+00:00,1,0.0033301383868011517,1
2024-07-16 00:00:00+00:00,2024-07-16 00:00:00+00:00,1,0.002374618787382843,1
2024-07-17 00:00:00+00:00,2024-07-17 00:00:00+00:00,1,-0.013783694153840764,1
2024-07-18 00:00:00+00:00,2024-07-18 00:00:00+00:00,1,0.005011927146330775,1
2024-07-19 00:00:00+00:00,2024-07-19 00:00:00+00:00,1,-0.0008718044962365609,1
2024-07-22 00:00:00+00:00,2024-07-22 00:00:00+00:00,1,0.00958072925848027,1
2024-07-23 00:00:00+00:00,2024-07-23 00:00:00+00:00,1,-0.0013425639269154296,1
2024-07-24 00:00:00+00:00,2024-07-24 00:00:00+00:00,1,-0.011816401214153704,1
2024-07-25 00:00:00+00:00,2024-07-25 00:00:00+00:00,1,0.0001776924480690559,1
2024-07-26 00:00:00+00:00,2024-07-26 00:00:00+00:00,1,0.00807283938550748,1
2024-07-29 00:00:00+00:00,2024-07-29 00:00:00+00:00,1,0.004110086377640288,1
2024-07-30 00:00:00+00:00,2024-07-30 00:00:00+00:00,1,0.0031786155528847563,1
2024-07-31 00:00:00+00:00,2024-07-31 00:00:00+00:00,1,0.0174389328273132,1
2024-08-01 00:00:00+00:00,2024-08-01 00:00:00+00:00,1,0.0020299922177539845,1
2024-08-02 00:00:00+00:00,2024-08-02 00:00:00+00:00,1,-0.016524660376997936,1
2024-08-05 00:00:00+00:00,2024-08-05 00:00:00+00:00,1,-0.04703300426396432,1
2024-08-06 00:00:00+00:00,2024-08-06 00:00:00+00:00,1,0.0036142571089063606,1
2024-08-07 00:00:00+00:00,2024-08-07 00:00:00+00:00,1,0.013669478503532806,1
2024-08-08 00:00:00+00:00,2024-08-08 00:00:00+00:00,1,0.01199477020706149,1
2024-08-09 00:00:00+00:00,2024-08-09 00:00:00+00:00,1,-0.002575679663808705,1
2024-08-12 00:00:00+00:00,2024-08-12 00:00:00+00:00,1,0.0019324255205826705,1
2024-08-13 00:00:00+00:00,2024-08-13 00:00:00+00:00,1,0.0076748756957567225,1
2024-08-14 00:00:00+00:00,2024-08-14 00:00:00+00:00,1,0.0014524515330602509,1
2024-08-15 00:00:00+00:00,2024-08-15 00:00:00+00:00,1,0.011502970947563107,1
2024-08-16 00:00:00+00:00,2024-08-16 00:00:00+00:00,1,-0.003688687404918933,1
2024-08-19 00:00:00+00:00,2024-08-19 00:00:00+00:00,1,0.0002261911563075872,1
2024-08-20 00:00:00+00:00,2024-08-20 00:00:00+00:00,1,-0.0016667628115014429,1
2024-08-21 00:00:00+00:00,2024-08-21 00:00:00+00:00,1,0.0014799047037375671,1
2024-08-22 00:00:00+00:00,2024-08-22 00:00:00+00:00,1,0.0038553003826277913,1
2024-08-23 00:00:00+00:00,2024-08-23 00:00:00+00:00,1,0.007297942506019084,1
2024-08-26 00:00:00+00:00,2024-08-26 00:00:00+00:00,1,6.109386032501248e-05,1
2024-08-27 00:00:00+00:00,2024-08-27 00:00:00+00:00,1,-0.0031947295854969134,1
2024-08-28 00:00:00+00:00,2024-08-28 00:00:00+00:00,1,-0.001104417408080793,1
2024-08-29 00:00:00+00:00,2024-08-29 00:00:00+00:00,1,0.0035473274538504133,1
2024-08-30 00:00:00+00:00,2024-08-30 00:00:00+00:00,1,0.006520093892685453,1
2024-09-03 00:00:00+00:00,2024-09-03 00:00:00+00:00,1,-0.006370190072788695,1
2024-09-04 00:00:00+00:00,2024-09-04 00:00:00+00:00,1,-0.005402356361354976,1
2024-09-05 00:00:00+00:00,2024-09-05 00:00:00+00:00,1,-0.002134703370397872,1
2024-09-06 00:00:00+00:00,2024-09-06 00:00:00+00:00,1,-0.0007697275877143524,1
2024-09-09 00:00:00+00:00,2024-09-09 00:00:00+00:00,1,0.008539280552997764,1
2024-09-10 00:00:00+00:00,2024-09-10 00:00:00+00:00,1,0.0034427070325396495,1
2024-09-11 00:00:00+00:00,2024-09-11 00:00:00+00:00,1,0.0009808239425492474,1
2024-09-12 00:00:00+00:00,2024-09-12 00:00:00+00:00,1,0.0002639876573151348,1
2024-09-13 00:00:00+00:00,2024-09-13 00:00:00+00:00,1,-0.0005274530806354868,1
2024-09-16 00:00:00+00:00,2024-09-16 00:00:00+00:00,1,-0.0028016187340662354,1
2024-09-17 00:00:00+00:00,2024-09-17 00:00:00+00:00,1,0.004930112100497175,1
2024-09-18 00:00:00+00:00,2024-09-18 00:00:00+00:00,1,0.0015726973870218933,1
2024-09-19 00:00:00+00:00,2024-09-19 00:00:00+00:00,1,0.020105616245798062,1
2024-09-20 00:00:00+00:00,2024-09-20 00:00:00+00:00,1,-0.0024244386501060308,1
2024-09-23 00:00:00+00:00,2024-09-23 00:00:00+00:00,1,0.0018911058431027809,1
2024-09-24 00:00:00+00:00,2024-09-24 00:00:00+00:00,1,0.001880883314292892,1
2024-09-25 00:00:00+00:00,2024-09-25 00:00:00+00:00,1,-0.0010891332042691545,1
2024-09-26 00:00:00+00:00,2024-09-26 00:00:00+00:00,1,0.011277263145248096,1
2024-09-27 00:00:00+00:00,2024-09-27 00:00:00+00:00,1,0.0017042957926181827,1
2024-09-30 00:00:00+00:00,2024-09-30 00:00:00+00:00,1,-0.0022150256534634646,1
2024-10-01 00:00:00+00:00,2024-10-01 00:00:00+00:00,1,-0.0009927103867468975,1
2024-10-02 00:00:00+00:00,2024-10-02 00:00:00+00:00,1,-0.00204558678734249,1
2024-10-03 00:00:00+00:00,2024-10-03 00:00:00+00:00,1,-0.003911211484328636,1
2024-10-04 00:00:00+00:00,2024-10-04 00:00:00+00:00,1,0.009772916714221947,1
2024-10-07 00:00:00+00:00,2024-10-07 00:00:00+00:00,1,-0.003746215858599888,1
2024-10-08 00:00:00+00:00,2024-10-08 00:00:00+00:00,1,0.004662231601662759,1
2024-10-09 00:00:00+00:00,2024-10-09 00:00:00+00:00,1,-0.0006153307168071716,1
2024-10-10 00:00:00+00:00,2024-10-10 00:00:00+00:00,1,-0.0038187659992784725,1
2024-10-11 00:00:00+00:00,2024-10-11 00:00:00+00:00,1,-0.0022472614636938944,1
2024-10-14 00:00:00+00:00,2024-10-14 00:00:00+00:00,1,0.0035571263134222767,1
2024-10-15 00:00:00+00:00,2024-10-15 00:00:00+00:00,1,0.0002626753796729167,1
2024-10-16 00:00:00+00:00,2024-10-16 00:00:00+00:00,1,3.6252182124630065e-05,1
2024-10-17 00:00:00+00:00,2024-10-17 00:00:00+00:00,1,0.008432097479577372,1
2024-10-18 00:00:00+00:00,2024-10-18 00:00:00+00:00,1,0.004036839711771345,1
2024-10-21 00:00:00+00:00,2024-10-21 00:00:00+00:00,1,-0.002166625717599324,1
2024-10-22 00:00:00+00:00,2024-10-22 00:00:00+00:00,1,-0.005225180161507392,1
2024-10-23 00:00:00+00:00,2024-10-23 00:00:00+00:00,1,-0.004455050056260934,1
2024-10-24 00:00:00+00:00,2024-10-24 00:00:00+00:00,1,0.005260857938488595,1
2024-10-25 00:00:00+00:00,2024-10-25 00:00:00+00:00,1,0.00452339654434627,1
2024-10-28 00:00:00+00:00,2024-10-28 00:00:00+00:00,1,0.005926592906284023,1
2024-10-29 00:00:00+00:00,2024-10-29 00:00:00+00:00,1,-0.0008206627743254976,1
2024-10-30 00:00:00+00:00,2024-10-30 00:00:00+00:00,1,-0.0014823685184276233,1
2024-10-31 00:00:00+00:00,2024-10-31 00:00:00+00:00,1,-0.008165240299214093,1
2024-11-01 00:00:00+00:00,2024-11-01 00:00:00+00:00,1,0.0037614368512005284,1
2024-11-04 00:00:00+00:00,2024-11-04 00:00:00+00:00,1,-0.0008030244624424362,1
2024-11-05 00:00:00+00:00,2024-11-05 00:00:00+00:00,1,0.0021620769405782062,1
2024-11-06 00:00:00+00:00,2024-11-06 00:00:00+00:00,1,0.01901972557876782,1
2024-11-07 00:00:00+00:00,2024-11-07 00:00:00+00:00,1,0.004214553250815956,1
2024-11-08 00:00:00+00:00,2024-11-08 00:00:00+00:00,1,-0.00031651454138190675,1
2024-11-11 00:00:00+00:00,2024-11-11 00:00:00+00:00,1,0.002250148982372047,1
2024-11-12 00:00:00+00:00,2024-11-12 00:00:00+00:00,1,-0.00043497970715320437,1
2024-11-13 00:00:00+00:00,2024-11-13 00:00:00+00:00,1,-0.0004034410153945009,1
2024-11-14 00:00:00+00:00,2024-11-14 00:00:00+00:00,1,-0.000523021077560892,1
2024-11-15 00:00:00+00:00,2024-11-15 00:00:00+00:00,1,-0.00901064005922656,1
2024-11-18 00:00:00+00:00,2024-11-18 00:00:00+00:00,1,0.001671870141700305,1
2024-11-19 00:00:00+00:00,2024-11-19 00:00:00+00:00,1,-0.005824330005137024,1
2024-11-20 00:00:00+00:00,2024-11-20 00:00:00+00:00,1,-0.0005301377856880337,1
2024-11-21 00:00:00+00:00,2024-11-21 00:00:00+00:00,1,0.0052062386638664585,1
2024-11-22 00:00:00+00:00,2024-11-22 00:00:00+00:00,1,-0.0008629062697019015,1
2024-11-25 00:00:00+00:00,2024-11-25 00:00:00+00:00,1,0.007129780454660584,1
2024-11-26 00:00:00+00:00,2024-11-26 00:00:00+00:00,1,0.002233419488172428,1
2024-11-27 00:00:00+00:00,2024-11-27 00:00:00+00:00,1,-0.0015774712992407177,1
2024-11-29 00:00:00+00:00,2024-11-29 00:00:00+00:00,1,0.0010164115344823647,1
2024-12-02 00:00:00+00:00,2024-12-02 00:00:00+00:00,1,0.0012942474349203151,1
2024-12-03 00:00:00+00:00,2024-12-03 00:00:00+00:00,1,-0.001798978144833074,1
2024-12-04 00:00:00+00:00,2024-12-04 00:00:00+00:00,1,0.0044616211445158375,1
2024-12-05 00:00:00+00:00,2024-12-05 00:00:00+00:00,1,-0.000252272852229429,1
2024-12-06 00:00:00+00:00,2024-12-06 00:00:00+00:00,1,0.000984846135172546,1
2024-12-09 00:00:00+00:00,2024-12-09 00:00:00+00:00,1,-0.0012819112033500054,1
2024-12-10 00:00:00+00:00,2024-12-10 00:00:00+00:00,1,0.0014574757773890504,1
2024-12-11 00:00:00+00:00,2024-12-11 00:00:00+00:00,1,0.006397690345009888,1
2024-12-12 00:00:00+00:00,2024-12-12 00:00:00+00:00,1,-0.0031379570431248945,1
2024-12-13 00:00:00+00:00,2024-12-13 00:00:00+00:00,1,0.005173411044287335,1
2024-12-16 00:00:00+00:00,2024-12-16 00:00:00+00:00,1,0.0035844825982540244,1
2024-12-17 00:00:00+00:00,2024-12-17 00:00:00+00:00,1,-0.004124074926609466,1
2024-12-18 00:00:00+00:00,2024-12-18 00:00:00+00:00,1,-0.0011629001173301453,1
2024-12-19 00:00:00+00:00,2024-12-19 00:00:00+00:00,1,0.008601775654104993,1
2024-12-20 00:00:00+00:00,2024-12-20 00:00:00+00:00,1,-0.005950655419926653,1
2024-12-23 00:00:00+00:00,2024-12-23 00:00:00+00:00,1,0.0011458348673071498,1
2024-12-24 00:00:00+00:00,2024-12-24 00:00:00+00:00,1,0.0027259703615849177,1
2024-12-26 00:00:00+00:00,2024-12-26 00:00:00+00:00,1,-0.003343983560651442,1
2024-12-27 00:00:00+00:00,2024-12-27 00:00:00+00:00,1,-0.006849018011470398,1
2024-12-30 00:00:00+00:00,2024-12-30 00:00:00+00:00,1,-0.013028632926639283,1
2024-12-31 00:00:00+00:00,2024-12-31 00:00:00+00:00,1,0.0023875512812285508,1
2025-01-02 00:00:00+00:00,2025-01-02 00:00:00+00:00,1,0.005526353610898671,1
2025-01-03 00:00:00+00:00,2025-01-03 00:00:00+00:00,1,0.0052289951954118345,1
2025-01-06 00:00:00+00:00,2025-01-06 00:00:00+00:00,1,0.008594057108491671,1
2025-01-07 00:00:00+00:00,2025-01-07 00:00:00+00:00,1,0.002430982978082608,1
2025-01-08 00:00:00+00:00,2025-01-08 00:00:00+00:00,1,-0.000337655504230516,1
2025-01-10 00:00:00+00:00,2025-01-10 00:00:00+00:00,1,-0.007039542745845817,1
2025-01-13 00:00:00+00:00,2025-01-13 00:00:00+00:00,1,-0.010270511582950758,1
2025-01-14 00:00:00+00:00,2025-01-14 00:00:00+00:00,1,0.005399201429922418,1
2025-01-15 00:00:00+00:00,2025-01-15 00:00:00+00:00,1,0.014560943856016329,1
2025-01-16 00:00:00+00:00,2025-01-16 00:00:00+00:00,1,0.003078631077553762,1
2025-01-17 00:00:00+00:00,2025-01-17 00:00:00+00:00,1,0.01371679566307823,1
2025-01-21 00:00:00+00:00,2025-01-21 00:00:00+00:00,1,0.0049112733851956695,1
2025-01-22 00:00:00+00:00,2025-01-22 00:00:00+00:00,1,0.006624246456449401,1
2025-01-23 00:00:00+00:00,2025-01-23 00:00:00+00:00,1,-0.003151354134490558,1
2025-01-24 00:00:00+00:00,2025-01-24 00:00:00+00:00,1,0.00010584754026706807,1
2025-01-27 00:00:00+00:00,2025-01-27 00:00:00+00:00,1,-0.028710619334337474,1
2025-01-28 00:00:00+00:00,2025-01-28 00:00:00+00:00,1,0.0017249384920589809,1
2025-01-29 00:00:00+00:00,2025-01-29 00:00:00+00:00,1,-0.00033901632102332184,1
2025-01-30 00:00:00+00:00,2025-01-30 00:00:00+00:00,1,0.004251174155887017,1
2025-01-31 00:00:00+00:00,2025-01-31 00:00:00+00:00,1,0.005432486802269121,1
2025-02-03 00:00:00+00:00,2025-02-03 00:00:00+00:00,1,-0.016345626502833034,1
2025-02-04 00:00:00+00:00,2025-02-04 00:00:00+00:00,1,0.0002520534342443595,1
2025-02-05 00:00:00+00:00,2025-02-05 00:00:00+00:00,1,-0.003773541385815848,1
2025-02-06 00:00:00+00:00,2025-02-06 00:00:00+00:00,1,0.0016487066398778952,1
2025-02-07 00:00:00+00:00,2025-02-07 00:00:00+00:00,1,0.000679971824257242,1
2025-02-10 00:00:00+00:00,2025-02-10 00:00:00+00:00,1,0.00652467200133019,1
2025-02-11 00:00:00+00:00,2025-02-11 00:00:00+00:00,1,-0.00530947267649926,1
2025-02-12 00:00:00+00:00,2025-02-12 00:00:00+00:00,1,-0.010735385449387657,1
2025-02-13 00:00:00+00:00,2025-02-13 00:00:00+00:00,1,0.002218323509451692,1
2025-02-14 00:00:00+00:00,2025-02-14 00:00:00+00:00,1,-2.531734320002614e-05,1
2025-02-18 00:00:00+00:00,2025-02-18 00:00:00+00:00,1,0.0021355428220634857,1
2025-02-19 00:00:00+00:00,2025-02-19 00:00:00+00:00,1,-0.0021943620934129823,1
2025-02-20 00:00:00+00:00,2025-02-20 00:00:00+00:00,1,-0.0021661415222656074,1
2025-02-21 00:00:00+00:00,2025-02-21 00:00:00+00:00,1,0.000590231298116051,1
2025-02-24 00:00:00+00:00,2025-02-24 00:00:00+00:00,1,0.0031441828758687843,1
2025-02-25 00:00:00+00:00,2025-02-25 00:00:00+00:00,1,-0.0009561813069687616,1
2025-02-26 00:00:00+00:00,2025-02-26 00:00:00+00:00,1,0.0032746751325440585,1
2025-02-27 00:00:00+00:00,2025-02-27 00:00:00+00:00,1,0.005111707833953616,1
2025-02-28 00:00:00+00:00,2025-02-28 00:00:00+00:00,1,-4.0222478071891125e-06,1
2025-03-03 00:00:00+00:00,2025-03-03 00:00:00+00:00,1,0.004679020387668509,1
2025-03-04 00:00:00+00:00,2025-03-04 00:00:00+00:00,1,-0.006664279903808501,1
2025-03-05 00:00:00+00:00,2025-03-05 00:00:00+00:00,1,0.00020836690786909558,1
2025-03-06 00:00:00+00:00,2025-03-06 00:00:00+00:00,1,-0.015086867808828097,1
2025-03-07 00:00:00+00:00,2025-03-07 00:00:00+00:00,1,-0.0029453697452868407,1
2025-03-10 00:00:00+00:00,2025-03-10 00:00:00+00:00,1,-0.0160110524697488,1
2025-03-11 00:00:00+00:00,2025-03-11 00:00:00+00:00,1,-0.001754366679151886,1
2025-03-12 00:00:00+00:00,2025-03-12 00:00:00+00:00,1,0.013336625231090105,1
2025-03-13 00:00:00+00:00,2025-03-13 00:00:00+00:00,1,-0.0013423710993368584,1
2025-03-14 00:00:00+00:00,2025-03-14 00:00:00+00:00,1,0.009706991462385595,1
2025-03-17 00:00:00+00:00,2025-03-17 00:00:00+00:00,1,-0.0003700535485981257,1
2025-03-18 00:00:00+00:00,2025-03-18 00:00:00+00:00,1,-0.005851576205014119,1
2025-03-19 00:00:00+00:00,2025-03-19 00:00:00+00:00,1,0.0037048282594140617,1
2025-03-20 00:00:00+00:00,2025-03-20 00:00:00+00:00,1,-0.007819534331351885,1
2025-03-21 00:00:00+00:00,2025-03-21 00:00:00+00:00,1,-0.00970733010806083,1
2025-03-24 00:00:00+00:00,2025-03-24 00:00:00+00:00,1,0.013677644326428451,1
2025-03-25 00:00:00+00:00,2025-03-25 00:00:00+00:00,1,0.0015063120490162677,1
2025-03-26 00:00:00+00:00,2025-03-26 00:00:00+00:00,1,-0.0017100045312301356,1
2025-03-27 00:00:00+00:00,2025-03-27 00:00:00+00:00,1,-0.003573333912821308,1
2025-03-28 00:00:00+00:00,2025-03-28 00:00:00+00:00,1,-0.003545831449378733,1
2025-03-31 00:00:00+00:00,2025-03-31 00:00:00+00:00,1,-0.013030959505430628,1
2025-04-01 00:00:00+00:00,2025-04-01 00:00:00+00:00,1,-0.003761331247125221,1
2025-04-02 00:00:00+00:00,2025-04-02 00:00:00+00:00,1,-0.012536676397223534,1
2025-04-03 00:00:00+00:00,2025-04-03 00:00:00+00:00,1,-0.038188814555608054,1
2025-04-04 00:00:00+00:00,2025-04-04 00:00:00+00:00,1,-0.026329830525163946,1
2025-04-07 00:00:00+00:00,2025-04-07 00:00:00+00:00,1,-0.032795017846343956,1
2025-04-08 00:00:00+00:00,2025-04-08 00:00:00+00:00,1,0.03410434037777418,1
2025-04-09 00:00:00+00:00,2025-04-09 00:00:00+00:00,1,-0.003950328981537776,1
2025-04-10 00:00:00+00:00,2025-04-10 00:00:00+00:00,1,-0.02863985634523012,1
2025-04-11 00:00:00+00:00,2025-04-11 00:00:00+00:00,1,-0.003511032931245583,1
2025-04-14 00:00:00+00:00,2025-04-14 00:00:00+00:00,1,0.020236933550458934,1
2025-04-15 00:00:00+00:00,2025-04-15 00:00:00+00:00,1,0.0013685017981081796,1
2025-04-16 00:00:00+00:00,2025-04-16 00:00:00+00:00,1,-0.0155969466541647,1
2025-04-17 00:00:00+00:00,2025-04-17 00:00:00+00:00,1,0.00494912572715297,1
2025-04-21 00:00:00+00:00,2025-04-21 00:00:00+00:00,1,-0.011895484405724832,1
2025-04-22 00:00:00+00:00,2025-04-22 00:00:00+00:00,1,0.012382776700983944,1
2025-04-23 00:00:00+00:00,2025-04-23 00:00:00+00:00,1,0.027598886077190042,1
2025-04-24 00:00:00+00:00,2025-04-24 00:00:00+00:00,1,0.0030259419442734917,1
2025-04-25 00:00:00+00:00,2025-04-25 00:00:00+00:00,1,-0.0007430675874384503,1
2025-04-28 00:00:00+00:00,2025-04-28 00:00:00+00:00,1,0.0008781998784344828,1
2025-04-29 00:00:00+00:00,2025-04-29 00:00:00+00:00,1,-0.004431692805033449,1
2025-04-30 00:00:00+00:00,2025-04-30 00:00:00+00:00,1,-0.015220697468210509,1
2025-05-01 00:00:00+00:00,2025-05-01 00:00:00+00:00,1,0.0133060647031917,1
2025-05-02 00:00:00+00:00,2025-05-02 00:00:00+00:00,1,0.010349599667217347,1
2025-05-05 00:00:00+00:00,2025-05-05 00:00:00+00:00,1,-0.00832313246139641,1
2025-05-06 00:00:00+00:00,2025-05-06 00:00:00+00:00,1,-0.011805477827276844,1
2025-05-07 00:00:00+00:00,2025-05-07 00:00:00+00:00,1,0.0016038489252829472,1
2025-05-08 00:00:00+00:00,2025-05-08 00:00:00+00:00,1,0.008754856804105005,1
2025-05-09 00:00:00+00:00,2025-05-09 00:00:00+00:00,1,0.0029225821496191243,1
2025-05-12 00:00:00+00:00,2025-05-12 00:00:00+00:00,1,0.0343658664715227,1
2025-05-13 00:00:00+00:00,2025-05-13 00:00:00+00:00,1,0.0013500040308859988,1
2025-05-14 00:00:00+00:00,2025-05-14 00:00:00+00:00,1,0.001670689265946346,1
2025-05-15 00:00:00+00:00,2025-05-15 00:00:00+00:00,1,-0.004109598238834422,1
2025-05-16 00:00:00+00:00,2025-05-16 00:00:00+00:00,1,0.0017266520527644217,1
2025-05-19 00:00:00+00:00,2025-05-19 00:00:00+00:00,1,-0.012403112926714954,1
2025-05-20 00:00:00+00:00,2025-05-20 00:00:00+00:00,1,-0.004212236769719413,1
2025-05-21 00:00:00+00:00,2025-05-21 00:00:00+00:00,1,-0.007863468575925158,1
2025-05-22 00:00:00+00:00,2025-05-22 00:00:00+00:00,1,0.000132585383998263,1
2025-05-23 00:00:00+00:00,2025-05-23 00:00:00+00:00,1,-0.014003831539940758,1
2025-05-27 00:00:00+00:00,2025-05-27 00:00:00+00:00,1,0.012493911227404586,1
2025-05-28 00:00:00+00:00,2025-05-28 00:00:00+00:00,1,0.0009677376682688203,1
2025-05-29 00:00:00+00:00,2025-05-29 00:00:00+00:00,1,0.011383909866431308,1
2025-05-30 00:00:00+00:00,2025-05-30 00:00:00+00:00,1,-0.0017201587487062683,1
2025-06-02 00:00:00+00:00,2025-06-02 00:00:00+00:00,1,-0.003483991886387627,1
2025-06-03 00:00:00+00:00,2025-06-03 00:00:00+00:00,1,-0.0002776786859099209,1
2025-06-04 00:00:00+00:00,2025-06-04 00:00:00+00:00,1,0.0011030456828988403,1
2025-06-05 00:00:00+00:00,2025-06-05 00:00:00+00:00,1,0.0024594536521506897,1
2025-06-06 00:00:00+00:00,2025-06-06 00:00:00+00:00,1,0.00939377662631754,1
2025-06-09 00:00:00+00:00,2025-06-09 00:00:00+00:00,1,0.0003916089480953902,1
2025-06-10 00:00:00+00:00,2025-06-10 00:00:00+00:00,1,0.0005930810647109767,1
2025-06-11 00:00:00+00:00,2025-06-11 00:00:00+00:00,1,0.0019398553449601844,1
2025-06-12 00:00:00+00:00,2025-06-12 00:00:00+00:00,1,-0.0026619705436213056,1
2025-06-13 00:00:00+00:00,2025-06-13 00:00:00+00:00,1,-0.01025066954047813,1
2025-06-16 00:00:00+00:00,2025-06-16 00:00:00+00:00,1,0.005906533919523749,1
2025-06-17 00:00:00+00:00,2025-06-17 00:00:00+00:00,1,-0.004763611771953202,1
2025-06-18 00:00:00+00:00,2025-06-18 00:00:00+00:00,1,0.0014253260351605127,1
2025-06-20 00:00:00+00:00,2025-06-20 00:00:00+00:00,1,0.0050580726935462676,1
2025-06-23 00:00:00+00:00,2025-06-23 00:00:00+00:00,1,0.0008818643165268928,1
2025-06-24 00:00:00+00:00,2025-06-24 00:00:00+00:00,1,0.008110605715985842,1
2025-06-25 00:00:00+00:00,2025-06-25 00:00:00+00:00,1,0.0027428473388500744,1
2025-06-26 00:00:00+00:00,2025-06-26 00:00:00+00:00,1,0.0032635345279065867,1
2025-06-27 00:00:00+00:00,2025-06-27 00:00:00+00:00,1,0.0014773499231799051,1
2025-06-30 00:00:00+00:00,2025-06-30 00:00:00+00:00,1,0.004600341986371237,1
2025-07-01 00:00:00+00:00,2025-07-01 00:00:00+00:00,1,-0.0032369647541989673,1
2025-07-02 00:00:00+00:00,2025-07-02 00:00:00+00:00,1,-0.001390651091989414,1
2025-07-03 00:00:00+00:00,2025-07-03 00:00:00+00:00,1,0.0034721811922105664,1
2025-07-07 00:00:00+00:00,2025-07-07 00:00:00+00:00,1,-0.004310222101241578,1
2025-07-08 00:00:00+00:00,2025-07-08 00:00:00+00:00,1,0.0014625036958852648,1
2025-07-09 00:00:00+00:00,2025-07-09 00:00:00+00:00,1,0.003595747165596042,1
2025-07-10 00:00:00+00:00,2025-07-10 00:00:00+00:00,1,0.00038744107568374793,1
2025-07-11 00:00:00+00:00,2025-07-11 00:00:00+00:00,1,-0.004696168019440372,1
2025-07-14 00:00:00+00:00,2025-07-14 00:00:00+00:00,1,-0.0008582395013098428,1
2025-07-15 00:00:00+00:00,2025-07-15 00:00:00+00:00,1,0.005500389713793153,1
2025-07-16 00:00:00+00:00,2025-07-16 00:00:00+00:00,1,0.0014888842628550617,1
2025-07-17 00:00:00+00:00,2025-07-17 00:00:00+00:00,1,0.0004991061937177025,1
2025-07-18 00:00:00+00:00,2025-07-18 00:00:00+00:00,1,0.001877847437083047,1
2025-07-21 00:00:00+00:00,2025-07-21 00:00:00+00:00,1,0.0013876317713523382,1
2025-07-22 00:00:00+00:00,2025-07-22 00:00:00+00:00,1,7.759563593653403e-05,1
2025-07-23 00:00:00+00:00,2025-07-23 00:00:00+00:00,1,0.0028098525564962066,1
2025-07-24 00:00:00+00:00,2025-07-24 00:00:00+00:00,1,0.0011780853124058969,1
2025-07-25 00:00:00+00:00,2025-07-25 00:00:00+00:00,1,0.0001572422695225953,1
2025-07-28 00:00:00+00:00,2025-07-28 00:00:00+00:00,1,0.0012077377694244777,1
2025-07-29 00:00:00+00:00,2025-07-29 00:00:00+00:00,1,0.0031124841902216652,1
2025-07-30 00:00:00+00:00,2025-07-30 00:00:00+00:00,1,0.0010303956386025995,1
2025-07-31 00:00:00+00:00,2025-07-31 00:00:00+00:00,1,0.009379641850017906,1
2025-08-01 00:00:00+00:00,2025-08-01 00:00:00+00:00,1,-0.010341147902293546,1
2025-08-04 00:00:00+00:00,2025-08-04 00:00:00+00:00,1,0.007543641564834192,1
2025-08-05 00:00:00+00:00,2025-08-05 00:00:00+00:00,1,0.0013345590321199533,1
2025-08-06 00:00:00+00:00,2025-08-06 00:00:00+00:00,1,0.001309538203371841,1
2025-08-07 00:00:00+00:00,2025-08-07 00:00:00+00:00,1,0.006267777392955998,1
2025-08-08 00:00:00+00:00,2025-08-08 00:00:00+00:00,1,0.002194141384009163,1
2025-08-11 00:00:00+00:00,2025-08-11 00:00:00+00:00,1,4.1680483307404996e-05,1
2025-08-12 00:00:00+00:00,2025-08-12 00:00:00+00:00,1,0.003579617073046182,1
2025-08-13 00:00:00+00:00,2025-08-13 00:00:00+00:00,1,0.0037632182516435745,1
2025-08-14 00:00:00+00:00,2025-08-14 00:00:00+00:00,1,-0.0037031231935777172,1
2025-08-15 00:00:00+00:00,2025-08-15 00:00:00+00:00,1,0.0004287567672864537,1
2025-08-18 00:00:00+00:00,2025-08-18 00:00:00+00:00,1,-0.0015302514330870261,1
2025-08-19 00:00:00+00:00,2025-08-19 00:00:00+00:00,1,-0.001063752392757444,1
2025-08-20 00:00:00+00:00,2025-08-20 00:00:00+00:00,1,-0.0014546461706816723,1
2025-08-21 00:00:00+00:00,2025-08-21 00:00:00+00:00,1,-0.003103510379690288,1
2025-08-22 00:00:00+00:00,2025-08-22 00:00:00+00:00,1,0.002672476283466974,1
2025-08-25 00:00:00+00:00,2025-08-25 00:00:00+00:00,1,-0.00265636104286141,1
2025-08-26 00:00:00+00:00,2025-08-26 00:00:00+00:00,1,-0.0009397941999075062,1
2025-08-27 00:00:00+00:00,2025-08-27 00:00:00+00:00,1,-0.0016476920983608308,1
2025-08-28 00:00:00+00:00,2025-08-28 00:00:00+00:00,1,0.0007120579348259496,1
2025-08-29 00:00:00+00:00,2025-08-29 00:00:00+00:00,1,-0.003514011221910562,1
2025-09-02 00:00:00+00:00,2025-09-02 00:00:00+00:00,1,-0.014120297200433595,1
2025-09-03 00:00:00+00:00,2025-09-03 00:00:00+00:00,1,0.004765268098741194,1
2025-09-04 00:00:00+00:00,2025-09-04 00:00:00+00:00,1,0.0008157282448118756,1
2025-09-05 00:00:00+00:00,2025-09-05 00:00:00+00:00,1,0.006089988790833301,1
2025-09-08 00:00:00+00:00,2025-09-08 00:00:00+00:00,1,0.002771052932719587,1
2025-09-09 00:00:00+00:00,2025-09-09 00:00:00+00:00,1,0.0004988420234477101,1
2025-09-10 00:00:00+00:00,2025-09-10 00:00:00+00:00,1,0.005011501685292819,1
2025-09-11 00:00:00+00:00,2025-09-11 00:00:00+00:00,1,0.0033972945133314506,1
2025-09-12 00:00:00+00:00,2025-09-12 00:00:00+00:00,1,0.0004988981204395952,1
2025-09-15 00:00:00+00:00,2025-09-15 00:00:00+00:00,1,0.0029131872373272198,1
2025-09-16 00:00:00+00:00,2025-09-16 00:00:00+00:00,1,0.0009095131375645663,1
2025-09-17 00:00:00+00:00,2025-09-17 00:00:00+00:00,1,-0.0003600835577416192,1
2025-09-18 00:00:00+00:00,2025-09-18 00:00:00+00:00,1,0.005916582664851367,1
2025-09-19 00:00:00+00:00,2025-09-19 00:00:00+00:00,1,0.0028274336400755055,1
2025-09-22 00:00:00+00:00,2025-09-22 00:00:00+00:00,1,-0.00219505589020561,1
2025-09-23 00:00:00+00:00,2025-09-23 00:00:00+00:00,1,-0.0002488011633216877,1
2025-09-24 00:00:00+00:00,2025-09-24 00:00:00+00:00,1,0.0018334956380528736,1
2025-09-25 00:00:00+00:00,2025-09-25 00:00:00+00:00,1,-0.0059611807615919995,1
2025-09-26 00:00:00+00:00,2025-09-26 00:00:00+00:00,1,0.0015000507102616804,1
2025-09-29 00:00:00+00:00,2025-09-29 00:00:00+00:00,1,0.004253344101445478,1
2025-09-30 00:00:00+00:00,2025-09-30 00:00:00+00:00,1,-0.0011155555837757177,1
2025-10-01 00:00:00+00:00,2025-10-01 00:00:00+00:00,1,-0.005224212974394271,1
2025-10-02 00:00:00+00:00,2025-10-02 00:00:00+00:00,1,0.004353829278797095,1
2025-10-03 00:00:00+00:00,2025-10-03 00:00:00+00:00,1,0.0009192300102500387,1
2025-10-06 00:00:00+00:00,2025-10-06 00:00:00+00:00,1,0.00586913087443105,1
2025-10-07 00:00:00+00:00,2025-10-07 00:00:00+00:00,1,0.0014701918262714723,1
2025-10-08 00:00:00+00:00,2025-10-08 00:00:00+00:00,1,0.0012887580033248084,1
2025-10-09 00:00:00+00:00,2025-10-09 00:00:00+00:00,1,4.476976967079412e-05,1
2025-10-10 00:00:00+00:00,2025-10-10 00:00:00+00:00,1,0.0009957011817078535,1
2025-10-13 00:00:00+00:00,2025-10-13 00:00:00+00:00,1,0.01417650777677767,1
2025-10-14 00:00:00+00:00,2025-10-14 00:00:00+00:00,1,-0.010291224639236684,1
2025-10-15 00:00:00+00:00,2025-10-15 00:00:00+00:00,1,0.008190703590243398,1
2025-10-16 00:00:00+00:00,2025-10-16 00:00:00+00:00,1,0.003339717973374035,1
2025-10-17 00:00:00+00:00,2025-10-17 00:00:00+00:00,1,-0.002862841059924603,1
2025-10-20 00:00:00+00:00,2025-10-20 00:00:00+00:00,1,0.004562657567095696,1
2025-10-21 00:00:00+00:00,2025-10-21 00:00:00+00:00,1,-0.00011387013833855623,1
2025-10-22 00:00:00+00:00,2025-10-22 00:00:00+00:00,1,-0.00022916256026986852,1
2025-10-23 00:00:00+00:00,2025-10-23 00:00:00+00:00,1,-0.0005394397036714623,1
2025-10-24 00:00:00+00:00,2025-10-24 00:00:00+00:00,1,0.007628455473768525,1
2025-10-27 00:00:00+00:00,2025-10-27 00:00:00+00:00,1,0.009757900862226688,1
2025-10-28 00:00:00+00:00,2025-10-28 00:00:00+00:00,1,0.002827658157104807,1
2025-10-29 00:00:00+00:00,2025-10-29 00:00:00+00:00,1,0.00301733752156016,1
2025-10-30 00:00:00+00:00,2025-10-30 00:00:00+00:00,1,-0.0056697712935192875,1
2025-10-31 00:00:00+00:00,2025-10-31 00:00:00+00:00,1,0.010016934578460058,1
2025-11-03 00:00:00+00:00,2025-11-03 00:00:00+00:00,1,0.007146984339637308,1
2025-11-04 00:00:00+00:00,2025-11-04 00:00:00+00:00,1,-0.012551288329008514,1
2025-11-05 00:00:00+00:00,2025-11-05 00:00:00+00:00,1,-0.0011062313312515722,1
2025-11-06 00:00:00+00:00,2025-11-06 00:00:00+00:00,1,-0.002314309070594078,1
2025-11-07 00:00:00+00:00,2025-11-07 00:00:00+00:00,1,-0.004836922381325525,1
2025-11-10 00:00:00+00:00,2025-11-10 00:00:00+00:00,1,0.011900176223900905,1
2025-11-11 00:00:00+00:00,2025-11-11 00:00:00+00:00,1,-0.0035272609634117488,1
2025-11-12 00:00:00+00:00,2025-11-12 00:00:00+00:00,1,0.0036408739080633027,1
2025-11-13 00:00:00+00:00,2025-11-13 00:00:00+00:00,1,-0.0052571627401041595,1
2025-11-14 00:00:00+00:00,2025-11-14 00:00:00+00:00,1,-0.012528192471439248,1
2025-11-17 00:00:00+00:00,2025-11-17 00:00:00+00:00,1,-0.004061680359467945,1
2025-11-18 00:00:00+00:00,2025-11-18 00:00:00+00:00,1,-0.006327788469310069,1
2025-11-19 00:00:00+00:00,2025-11-19 00:00:00+00:00,1,0.0008674981015690201,1
2025-11-20 00:00:00+00:00,2025-11-20 00:00:00+00:00,1,0.01725076934455235,1
2025-11-21 00:00:00+00:00,2025-11-21 00:00:00+00:00,1,0.0031675448560698153,1
2025-11-24 00:00:00+00:00,2025-11-24 00:00:00+00:00,1,0.006891560851248724,1
2025-11-25 00:00:00+00:00,2025-11-25 00:00:00+00:00,1,-0.0017379115288427057,1
2025-11-26 00:00:00+00:00,2025-11-26 00:00:00+00:00,1,0.004605839614869345,1
2025-11-28 00:00:00+00:00,2025-11-28 00:00:00+00:00,1,0.0020657084437482823,1
2025-12-01 00:00:00+00:00,2025-12-01 00:00:00+00:00,1,-0.008188698094535351,1
2025-12-02 00:00:00+00:00,2025-12-02 00:00:00+00:00,1,0.002767925658879367,1
2025-12-03 00:00:00+00:00,2025-12-03 00:00:00+00:00,1,-0.0029173973979727316,1
2025-12-04 00:00:00+00:00,2025-12-04 00:00:00+00:00,1,0.0018614565943223197,1
2025-12-05 00:00:00+00:00,2025-12-05 00:00:00+00:00,1,0.001644848511175379,1
2025-12-08 00:00:00+00:00,2025-12-08 00:00:00+00:00,1,0.0017392049542536928,1
2025-12-09 00:00:00+00:00,2025-12-09 00:00:00+00:00,1,-0.0016682524286230956,1
2025-12-10 00:00:00+00:00,2025-12-10 00:00:00+00:00,1,-0.001611175742417403,1
2025-12-11 00:00:00+00:00,2025-12-11 00:00:00+00:00,1,-0.005086496287700337,1
2025-12-12 00:00:00+00:00,2025-12-12 00:00:00+00:00,1,-0.003822874975034673,1
2025-12-15 00:00:00+00:00,2025-12-15 00:00:00+00:00,1,0.006489273705511523,1
2025-12-16 00:00:00+00:00,2025-12-16 00:00:00+00:00,1,-0.0032689131019969283,1
2025-12-17 00:00:00+00:00,2025-12-17 00:00:00+00:00,1,0.0015219513181689796,1
2025-12-18 00:00:00+00:00,2025-12-18 00:00:00+00:00,1,0.012136857966830584,1
2025-12-19 00:00:00+00:00,2025-12-19 00:00:00+00:00,1,0.0035977476052254324,1
2025-12-22 00:00:00+00:00,2025-12-22 00:00:00+00:00,1,0.006294081125182005,1
2025-12-23 00:00:00+00:00,2025-12-23 00:00:00+00:00,1,-0.0017800429165668926,1
2025-12-24 00:00:00+00:00,2025-12-24 00:00:00+00:00,1,-0.00040360011916693554,1
2025-12-26 00:00:00+00:00,2025-12-26 00:00:00+00:00,1,0.00047323987036104216,1
2025-12-29 00:00:00+00:00,2025-12-29 00:00:00+00:00,1,-0.005343798498118479,1
2025-12-30 00:00:00+00:00,2025-12-30 00:00:00+00:00,1,-0.0014201787120589945,1
2025-12-31 00:00:00+00:00,2025-12-31 00:00:00+00:00,1,-2.7776159232472937e-05,1
2026-01-02 00:00:00+00:00,2026-01-02 00:00:00+00:00,1,0.007159023577773949,1
2026-01-05 00:00:00+00:00,2026-01-05 00:00:00+00:00,1,0.007222485697456283,1
2026-01-06 00:00:00+00:00,2026-01-06 00:00:00+00:00,1,0.0008560020387124671,1
2026-01-07 00:00:00+00:00,2026-01-07 00:00:00+00:00,1,-0.00033011806366048917,1
2026-01-08 00:00:00+00:00,2026-01-08 00:00:00+00:00,1,-0.0016443185592653117,1
2026-01-09 00:00:00+00:00,2026-01-09 00:00:00+00:00,1,0.0012696445020577655,1
2026-01-12 00:00:00+00:00,2026-01-12 00:00:00+00:00,1,-0.006204993079834442,1
2026-01-13 00:00:00+00:00,2026-01-13 00:00:00+00:00,1,1.7112081389514548e-05,1
2026-01-14 00:00:00+00:00,2026-01-14 00:00:00+00:00,1,-0.00548997380102304,1
2026-01-15 00:00:00+00:00,2026-01-15 00:00:00+00:00,1,0.008438741436429831,1
2026-01-16 00:00:00+00:00,2026-01-16 00:00:00+00:00,1,0.0037170066983864495,1
2026-01-20 00:00:00+00:00,2026-01-20 00:00:00+00:00,1,-0.016287566515564268,1
2026-01-21 00:00:00+00:00,2026-01-21 00:00:00+00:00,1,0.002386903336101998,1
2026-01-22 00:00:00+00:00,2026-01-22 00:00:00+00:00,1,0.007870942277712201,1
2026-01-23 00:00:00+00:00,2026-01-23 00:00:00+00:00,1,-0.0017319667079793485,1
2026-01-26 00:00:00+00:00,2026-01-26 00:00:00+00:00,1,0.001007535338793131,1
2026-01-27 00:00:00+00:00,2026-01-27 00:00:00+00:00,1,0.0035045149252694533,1
2026-01-28 00:00:00+00:00,2026-01-28 00:00:00+00:00,1,0.004251894036326165,1
2026-01-29 00:00:00+00:00,2026-01-29 00:00:00+00:00,1,-5.2549238560606045e-05,1
2026-01-30 00:00:00+00:00,2026-01-30 00:00:00+00:00,1,-0.004875988387119034,1
2026-02-02 00:00:00+00:00,2026-02-02 00:00:00+00:00,1,-0.004575612941677054,1
2026-02-03 00:00:00+00:00,2026-02-03 00:00:00+00:00,1,0.00199994779692011,1
2026-02-04 00:00:00+00:00,2026-02-04 00:00:00+00:00,1,-0.0009218930934334676,1
2026-02-05 00:00:00+00:00,2026-02-05 00:00:00+00:00,1,-0.008698250775703553,1
2026-02-06 00:00:00+00:00,2026-02-06 00:00:00+00:00,1,0.005179802609681728,1
2026-02-09 00:00:00+00:00,2026-02-09 00:00:00+00:00,1,-0.0028992604854104816,1
2026-02-10 00:00:00+00:00,2026-02-10 00:00:00+00:00,1,0.001226188481482671,1
2026-02-11 00:00:00+00:00,2026-02-11 00:00:00+00:00,1,0.006799723203797148,1
2026-02-12 00:00:00+00:00,2026-02-12 00:00:00+00:00,1,0.0026523279109940904,1
2026-02-13 00:00:00+00:00,2026-02-13 00:00:00+00:00,1,-0.00016658407977002658,1
2026-02-17 00:00:00+00:00,2026-02-17 00:00:00+00:00,1,-0.00442139044483717,1
2026-02-18 00:00:00+00:00,2026-02-18 00:00:00+00:00,1,0.0012303007321018081,1
2026-02-19 00:00:00+00:00,2026-02-19 00:00:00+00:00,1,-0.004544544352907553,1
2026-02-20 00:00:00+00:00,2026-02-20 00:00:00+00:00,1,-0.004653347895095394,1
2026-02-23 00:00:00+00:00,2026-02-23 00:00:00+00:00,1,-0.003267242101955425,1
2026-02-24 00:00:00+00:00,2026-02-24 00:00:00+00:00,1,0.00016408739538189583,1
2026-02-25 00:00:00+00:00,2026-02-25 00:00:00+00:00,1,0.0043908133162989475,1
2026-02-26 00:00:00+00:00,2026-02-26 00:00:00+00:00,1,-0.0010899846695696987,1
2026-02-27 00:00:00+00:00,2026-02-27 00:00:00+00:00,1,-0.00994208909673242,1
2026-03-02 00:00:00+00:00,2026-03-02 00:00:00+00:00,1,-0.012554090050240474,1
2026-03-03 00:00:00+00:00,2026-03-03 00:00:00+00:00,1,-0.018215805824406052,1
2026-03-04 00:00:00+00:00,2026-03-04 00:00:00+00:00,1,0.0027997007446514902,1
2026-03-05 00:00:00+00:00,2026-03-05 00:00:00+00:00,1,-0.005268329696657003,1
2026-03-06 00:00:00+00:00,2026-03-06 00:00:00+00:00,1,-0.013159462197448379,1
2026-03-09 00:00:00+00:00,2026-03-09 00:00:00+00:00,1,-0.009356240306266616,1
2026-03-10 00:00:00+00:00,2026-03-10 00:00:00+00:00,1,-0.0006889998180433007,1
2026-03-11 00:00:00+00:00,2026-03-11 00:00:00+00:00,1,0.0009660969467005457,1
2026-03-12 00:00:00+00:00,2026-03-12 00:00:00+00:00,1,-0.008178422636532878,1
2026-03-13 00:00:00+00:00,2026-03-13 00:00:00+00:00,1,0.004177430059719678,1
2026-03-16 00:00:00+00:00,2026-03-16 00:00:00+00:00,1,0.009620096131936784,1
2026-03-17 00:00:00+00:00,2026-03-17 00:00:00+00:00,1,0.004509612003941366,1
2026-03-18 00:00:00+00:00,2026-03-18 00:00:00+00:00,1,-0.0036196508969442483,1
2026-03-19 00:00:00+00:00,2026-03-19 00:00:00+00:00,1,-0.008201665479385145,1
2026-03-20 00:00:00+00:00,2026-03-20 00:00:00+00:00,1,-0.003087027594125968,1
2026-03-23 00:00:00+00:00,2026-03-23 00:00:00+00:00,1,0.014930714890348107,1
2026-03-24 00:00:00+00:00,2026-03-24 00:00:00+00:00,1,-0.006110050686001766,1
2026-03-25 00:00:00+00:00,2026-03-25 00:00:00+00:00,1,0.008320504758412362,1
2026-03-26 00:00:00+00:00,2026-03-26 00:00:00+00:00,1,-0.008363691368089376,1
2026-03-27 00:00:00+00:00,2026-03-27 00:00:00+00:00,1,-0.004904241003379417,1
2026-03-30 00:00:00+00:00,2026-03-30 00:00:00+00:00,1,0.008712988920313103,1
2026-03-31 00:00:00+00:00,2026-03-31 00:00:00+00:00,1,0.010597032588443878,1
2026-04-01 00:00:00+00:00,2026-04-01 00:00:00+00:00,1,0.006162092824766952,1
2026-04-02 00:00:00+00:00,2026-04-02 00:00:00+00:00,1,-0.015878470303576232,1
2026-04-06 00:00:00+00:00,2026-04-06 00:00:00+00:00,1,0.0007913211317872263,1
2026-04-07 00:00:00+00:00,2026-04-07 00:00:00+00:00,1,-0.004459988540818227,1
2026-04-08 00:00:00+00:00,2026-04-08 00:00:00+00:00,1,0.029814707298763753,1
2026-04-09 00:00:00+00:00,2026-04-09 00:00:00+00:00,1,-0.0012973939384597118,1
2026-04-10 00:00:00+00:00,2026-04-10 00:00:00+00:00,1,0.002089013978824184,1
2026-04-13 00:00:00+00:00,2026-04-13 00:00:00+00:00,1,-0.003109623787690507,1
2026-04-14 00:00:00+00:00,2026-04-14 00:00:00+00:00,1,0.0031505656013968934,1
2026-04-15 00:00:00+00:00,2026-04-15 00:00:00+00:00,1,0.0006578453593488413,1
2026-04-16 00:00:00+00:00,2026-04-16 00:00:00+00:00,1,0.0019199199016831318,1
2026-04-17 00:00:00+00:00,2026-04-17 00:00:00+00:00,1,0.0068895551371136125,1
2026-04-20 00:00:00+00:00,2026-04-20 00:00:00+00:00,1,-0.0018817882793517923,1
2026-04-21 00:00:00+00:00,2026-04-21 00:00:00+00:00,1,0.002052980611434963,1
2026-04-22 00:00:00+00:00,2026-04-22 00:00:00+00:00,1,0.007816836820709073,1
2026-04-23 00:00:00+00:00,2026-04-23 00:00:00+00:00,1,-0.00269288388121911,1
2026-04-24 00:00:00+00:00,2026-04-24 00:00:00+00:00,1,0.006765264892658907,1
2026-04-27 00:00:00+00:00,2026-04-27 00:00:00+00:00,1,-0.0012007776329792438,1
2026-04-28 00:00:00+00:00,2026-04-28 00:00:00+00:00,1,-0.007775866495612049,1
2026-04-29 00:00:00+00:00,2026-04-29 00:00:00+00:00,1,3.64664699789244e-05,1
2026-04-30 00:00:00+00:00,2026-04-30 00:00:00+00:00,1,0.004699912388526817,1
2026-05-01 00:00:00+00:00,2026-05-01 00:00:00+00:00,1,0.0025652531484831823,1
2026-05-04 00:00:00+00:00,2026-05-04 00:00:00+00:00,1,-0.00032418719228791663,1
2026-05-05 00:00:00+00:00,2026-05-05 00:00:00+00:00,1,0.006093202449720303,1
2026-05-06 00:00:00+00:00,2026-05-06 00:00:00+00:00,1,0.007258765752875063,1
2026-05-07 00:00:00+00:00,2026-05-07 00:00:00+00:00,1,0.0011133274802423657,1
2026-05-08 00:00:00+00:00,2026-05-08 00:00:00+00:00,1,0.005572590089038843,1
2026-05-11 00:00:00+00:00,2026-05-11 00:00:00+00:00,1,-0.0017047404789841455,1
2026-05-12 00:00:00+00:00,2026-05-12 00:00:00+00:00,1,-0.00548383541771722,1
2026-05-13 00:00:00+00:00,2026-05-13 00:00:00+00:00,1,0.0018194335812534383,1
2026-05-14 00:00:00+00:00,2026-05-14 00:00:00+00:00,1,0.0005396172146963311,1
2026-05-15 00:00:00+00:00,2026-05-15 00:00:00+00:00,1,-0.011266998509547243,1
2026-05-18 00:00:00+00:00,2026-05-18 00:00:00+00:00,1,0.0019871875725877234,1
2026-05-19 00:00:00+00:00,2026-05-19 00:00:00+00:00,1,-0.0072191858271528405,1
2026-05-20 00:00:00+00:00,2026-05-20 00:00:00+00:00,1,0.0037290745575163323,1
2026-05-21 00:00:00+00:00,2026-05-21 00:00:00+00:00,1,-0.004977190808312304,1
2026-05-22 00:00:00+00:00,2026-05-22 00:00:00+00:00,1,0.0045609080512379555,1
2026-05-26 00:00:00+00:00,2026-05-26 00:00:00+00:00,1,0.008497662577029075,1
2026-05-27 00:00:00+00:00,2026-05-27 00:00:00+00:00,1,0.001728082212297333,1
2026-05-28 00:00:00+00:00,2026-05-28 00:00:00+00:00,1,-0.00024805603638603484,1
2026-05-29 00:00:00+00:00,2026-05-29 00:00:00+00:00,1,0.0020840238565552286,1
2026-06-01 00:00:00+00:00,2026-06-01 00:00:00+00:00,1,-0.0019003013294240697,1
2026-06-02 00:00:00+00:00,2026-06-02 00:00:00+00:00,1,-0.0015242066513106774,1
2026-06-03 00:00:00+00:00,2026-06-03 00:00:00+00:00,1,-0.0004640764896958524,1
2026-06-04 00:00:00+00:00,2026-06-04 00:00:00+00:00,1,-0.007583993164733216,1
2026-06-05 00:00:00+00:00,2026-06-05 00:00:00+00:00,1,-0.010579327137332261,1
2026-06-08 00:00:00+00:00,2026-06-08 00:00:00+00:00,1,0.012680476137734232,1
2026-06-09 00:00:00+00:00,2026-06-09 00:00:00+00:00,1,0.007507792035712136,1
2026-06-10 00:00:00+00:00,2026-06-10 00:00:00+00:00,1,-0.0071412232463138655,1
2026-06-11 00:00:00+00:00,2026-06-11 00:00:00+00:00,1,0.006031559350756688,1
2026-06-12 00:00:00+00:00,2026-06-12 00:00:00+00:00,1,0.0020409111406461625,1
2026-06-15 00:00:00+00:00,2026-06-15 00:00:00+00:00,1,0.01812547096366387,1
2026-06-16 00:00:00+00:00,2026-06-16 00:00:00+00:00,1,-0.0016615595462876939,1
2026-06-17 00:00:00+00:00,2026-06-17 00:00:00+00:00,1,0.00399104004856784,1
2026-06-18 00:00:00+00:00,2026-06-18 00:00:00+00:00,1,0.015754576234009075,1
2026-06-22 00:00:00+00:00,2026-06-22 00:00:00+00:00,1,0.0018384756609554857,1
2026-06-23 00:00:00+00:00,2026-06-23 00:00:00+00:00,1,-0.022454966942973643,1
2026-06-24 00:00:00+00:00,2026-06-24 00:00:00+00:00,1,0.0019887773461434114,1
2026-06-25 00:00:00+00:00,2026-06-25 00:00:00+00:00,1,0.014317552641707832,1
2026-06-26 00:00:00+00:00,2026-06-26 00:00:00+00:00,1,-0.010398923004742688,1
2026-06-29 00:00:00+00:00,2026-06-29 00:00:00+00:00,1,0.010157971910513675,1
2026-06-30 00:00:00+00:00,2026-06-30 00:00:00+00:00,1,-3.528520952648077e-05,1
2026-07-01 00:00:00+00:00,2026-07-01 00:00:00+00:00,1,-0.006380590365490246,1
2026-07-02 00:00:00+00:00,2026-07-02 00:00:00+00:00,1,0.001082310932081743,1
2026-07-06 00:00:00+00:00,2026-07-06 00:00:00+00:00,1,0.007501631102096418,1
2026-07-07 00:00:00+00:00,2026-07-07 00:00:00+00:00,1,-0.006989037879312576,1
2026-07-08 00:00:00+00:00,2026-07-08 00:00:00+00:00,1,-0.006500084562135999,1
2026-07-09 00:00:00+00:00,2026-07-09 00:00:00+00:00,1,0.005850291721220724,1
2026-07-10 00:00:00+00:00,2026-07-10 00:00:00+00:00,1,-0.0018574444732326941,1
2026-07-13 00:00:00+00:00,2026-07-13 00:00:00+00:00,1,-0.007311202761282975,1
2026-07-14 00:00:00+00:00,2026-07-14 00:00:00+00:00,1,0.006818520075924062,1
2026-07-15 00:00:00+00:00,2026-07-15 00:00:00+00:00,1,0.004192839142405392,1
2026-07-16 00:00:00+00:00,2026-07-16 00:00:00+00:00,1,-0.005649642330173154,1
2026-07-17 00:00:00+00:00,2026-07-17 00:00:00+00:00,1,-0.01617570614827988,1
2026-07-20 00:00:00+00:00,2026-07-20 00:00:00+00:00,1,0.007147373235463406,1
2026-07-21 00:00:00+00:00,2026-07-21 00:00:00+00:00,1,0.010079472460203543,1
2026-07-22 00:00:00+00:00,2026-07-22 00:00:00+00:00,1,-0.005182339771392241,1
2026-07-23 00:00:00+00:00,2026-07-23 00:00:00+00:00,1,-0.013249220008624918,1
2026-07-24 00:00:00+00:00,2026-07-24 00:00:00+00:00,1,-0.0011965236783932683,1
2026-07-27 00:00:00+00:00,2026-07-27 00:00:00+00:00,1,0.009190484495386697,1
2026-07-28 00:00:00+00:00,2026-07-28 00:00:00+00:00,1,-0.004549808751273287,1
2026-07-29 00:00:00+00:00,2026-07-29 00:00:00+00:00,1,-0.0008858610230460858,1
2026-07-30 00:00:00+00:00,2026-07-30 00:00:00+00:00,1,0.014062423085445109,1
2026-07-31 00:00:00+00:00,2026-07-31 00:00:00+00:00,1,0.007977150205346695,1
2026-08-03 00:00:00+00:00,2026-08-03 00:00:00+00:00,1,0.0015383212001341632,1
2026-08-04 00:00:00+00:00,2026-08-04 00:00:00+00:00,1,0.007431296293262524,1
2026-08-05 00:00:00+00:00,2026-08-05 00:00:00+00:00,1,0.0042878284144429405,1
2026-08-06 00:00:00+00:00,2026-08-06 00:00:00+00:00,1,-0.004544099642022714,1
2026-08-07 00:00:00+00:00,2026-08-07 00:00:00+00:00,1,0.005148433504571804,1
2026-08-10 00:00:00+00:00,2026-08-10 00:00:00+00:00,1,-0.0011693850796466784,1
2026-08-11 00:00:00+00:00,2026-08-11 00:00:00+00:00,1,0.0023487420599502488,1
2026-08-12 00:00:00+00:00,2026-08-12 00:00:00+00:00,1,0.00839884713345559,1
2026-08-13 00:00:00+00:00,2026-08-13 00:00:00+00:00,1,0.002242299750569743,1
2026-08-14 00:00:00+00:00,2026-08-14 00:00:00+00:00,1,0.001039380467311635,1
2026-08-17 00:00:00+00:00,2026-08-17 00:00:00+00:00,1,0.0008827029052437489,1
2026-08-18 00:00:00+00:00,2026-08-18 00:00:00+00:00,1,-0.009486579079661028,1
2026-08-19 00:00:00+00:00,2026-08-19 00:00:00+00:00,1,0.0036027724863274217,1
2026-08-20 00:00:00+00:00,2026-08-20 00:00:00+00:00,1,-0.0051013863480961815,1
2026-08-21 00:00:00+00:00,2026-08-21 00:00:00+00:00,1,0.004986225272510103,1
2026-08-24 00:00:00+00:00,2026-08-24 00:00:00+00:00,1,-0.003562951078696674,1
2026-08-25 00:00:00+00:00,2026-08-25 00:00:00+00:00,1,0.004930354538555582,1
2026-08-26 00:00:00+00:00,2026-08-26 00:00:00+00:00,1,-0.0026954319188703165,1
2026-08-27 00:00:00+00:00,2026-08-27 00:00:00+00:00,1,0.005187442740343185,1
2026-08-28 00:00:00+00:00,2026-08-28 00:00:00+00:00,1,-0.000821931745338322,1
2026-08-31 00:00:00+00:00,2026-08-31 00:00:00+00:00,1,-0.002492165989700623,1
2026-09-01 00:00:00+00:00,2026-09-01 00:00:00+00:00,1,-0.010121672105963186,1
2026-09-02 00:00:00+00:00,2026-09-02 00:00:00+00:00,1,-0.00024181000503801202,1
2026-09-03 00:00:00+00:00,2026-09-03 00:00:00+00:00,1,0.002625509509242863,1
2026-09-04 00:00:00+00:00,2026-09-04 00:00:00+00:00,1,0.00012031075256165898,1
2026-09-08 00:00:00+00:00,2026-09-08 00:00:00+00:00,1,0.0003290074309200922,1
2026-09-09 00:00:00+00:00,2026-09-09 00:00:00+00:00,1,-0.0028913901451584675,1
2026-09-10 00:00:00+00:00,2026-09-10 00:00:00+00:00,1,-0.009280640924908134,1
2026-09-11 00:00:00+00:00,2026-09-11 00:00:00+00:00,1,0.00917745939924749,1
2026-09-14 00:00:00+00:00,2026-09-14 00:00:00+00:00,1,-0.011839008821000174,1
2026-09-15 00:00:00+00:00,2026-09-15 00:00:00+00:00,1,-0.0010673379554756775,1
2026-09-16 00:00:00+00:00,2026-09-16 00:00:00+00:00,1,0.0035484716700227795,1
2026-09-17 00:00:00+00:00,2026-09-17 00:00:00+00:00,1,0.013701842883781479,1
2026-09-18 00:00:00+00:00,2026-09-18 00:00:00+00:00,1,0.0014258321165471991,1
2026-09-21 00:00:00+00:00,2026-09-21 00:00:00+00:00,1,0.0076822339265019916,1
2026-09-22 00:00:00+00:00,2026-09-22 00:00:00+00:00,1,-0.000287800608871491,1
2026-09-23 00:00:00+00:00,2026-09-23 00:00:00+00:00,1,-0.001009270882569335,1
2026-09-24 00:00:00+00:00,2026-09-24 00:00:00+00:00,1,-0.006728991676413254,1
2026-09-25 00:00:00+00:00,2026-09-25 00:00:00+00:00,1,0.0019100158847226937,1
2026-09-28 00:00:00+00:00,2026-09-28 00:00:00+00:00,1,-0.0049578581707258925,1
2026-09-29 00:00:00+00:00,2026-09-29 00:00:00+00:00,1,0.0029677861228073147,1
