Date,ret
2000-01-04 00:00:00+00:00,-0.02136540129814072
2000-01-05 00:00:00+00:00,-0.0038787388059557722
2000-01-06 00:00:00+00:00,0.0034485074508304406
2000-01-07 00:00:00+00:00,0.026753532034289394
2000-01-10 00:00:00+00:00,0.006970996801285734
2000-01-11 00:00:00+00:00,-0.0058498102680109906
2000-01-12 00:00:00+00:00,0.005706458837174655
2000-01-13 00:00:00+00:00,0.01877557621219169
2000-01-14 00:00:00+00:00,0.014569447122707547
2000-01-18 00:00:00+00:00,-0.012856288454210973
2000-01-19 00:00:00+00:00,-0.004053862958169762
2000-01-20 00:00:00+00:00,-0.0030103611851969633
2000-01-21 00:00:00+00:00,0.009851695052953325
2000-01-24 00:00:00+00:00,0.010087740323352102
2000-01-25 00:00:00+00:00,0.001676712570615713
2000-01-26 00:00:00+00:00,-0.002258523752062513
2000-01-27 00:00:00+00:00,0.01736728159425468
2000-01-28 00:00:00+00:00,-0.006302560285930658
2000-01-31 00:00:00+00:00,-0.0012564158254620757
2000-02-01 00:00:00+00:00,-0.0004995380400210966
2000-02-02 00:00:00+00:00,0.0017679856663473607
2000-02-03 00:00:00+00:00,0.006774576563682655
2000-02-04 00:00:00+00:00,0.002290607981232729
2000-02-07 00:00:00+00:00,7.25043318809074e-05
2000-02-08 00:00:00+00:00,0.009738864491983102
2000-02-09 00:00:00+00:00,-0.0024991218653792942
2000-02-10 00:00:00+00:00,0.005019886670322571
2000-02-11 00:00:00+00:00,-0.00022362063273232395
2000-02-14 00:00:00+00:00,0.00423011359580402
2000-02-15 00:00:00+00:00,-0.0052688516610831845
2000-02-16 00:00:00+00:00,-0.00559114180285789
2000-02-17 00:00:00+00:00,0.010808425184126025
2000-02-18 00:00:00+00:00,0.00429483439300612
2000-02-22 00:00:00+00:00,0.00209494651040173
2000-02-23 00:00:00+00:00,0.006838478675470017
2000-02-24 00:00:00+00:00,0.003155570695144572
2000-02-25 00:00:00+00:00,0.003370478578397307
2000-02-28 00:00:00+00:00,-0.004027978977450919
2000-02-29 00:00:00+00:00,0.007883842227173888
2000-03-01 00:00:00+00:00,0.0027241622055557916
2000-03-02 00:00:00+00:00,0.002635353585030387
2000-03-03 00:00:00+00:00,0.0202158539913165
2000-03-06 00:00:00+00:00,0.0016882806465008064
2000-03-07 00:00:00+00:00,0.008969325706646514
2000-03-08 00:00:00+00:00,0.0009927027672680614
2000-03-09 00:00:00+00:00,0.0009290617168984053
2000-03-10 00:00:00+00:00,-0.0032834496959408873
2000-03-13 00:00:00+00:00,-0.032216343574496466
2000-03-14 00:00:00+00:00,0.007785221678731269
2000-03-15 00:00:00+00:00,-0.0034592706068214737
2000-03-16 00:00:00+00:00,0.01833223347804721
2000-03-17 00:00:00+00:00,-0.004296816031253403
2000-03-20 00:00:00+00:00,0.00033305986166062314
2000-03-21 00:00:00+00:00,-0.009799582466073408
2000-03-22 00:00:00+00:00,0.00878734799087807
2000-03-23 00:00:00+00:00,-0.001298922900534438
2000-03-24 00:00:00+00:00,0.006814778666261534
2000-03-27 00:00:00+00:00,0.0009501618659508385
2000-03-28 00:00:00+00:00,-0.005813395346844585
2000-03-29 00:00:00+00:00,0.00407817661724671
2000-03-30 00:00:00+00:00,-0.0163127729849478
2000-03-31 00:00:00+00:00,0.007004106518425058
2000-04-03 00:00:00+00:00,-0.009050672867731068
2000-04-04 00:00:00+00:00,0.0046924607733516924
2000-04-05 00:00:00+00:00,-0.029559645880356623
2000-04-06 00:00:00+00:00,0.014496259448042859
2000-04-07 00:00:00+00:00,0.011209985080955243
2000-04-10 00:00:00+00:00,0.005420762314561534
2000-04-11 00:00:00+00:00,-0.018077962595509735
2000-04-12 00:00:00+00:00,-0.0010433305818393964
2000-04-13 00:00:00+00:00,0.008174866078578391
2000-04-14 00:00:00+00:00,-0.016940999926472
2000-04-17 00:00:00+00:00,-0.017964793427382254
2000-04-18 00:00:00+00:00,-0.00175053692702779
2000-04-19 00:00:00+00:00,0.0025257058711881334
2000-04-20 00:00:00+00:00,0.007885764925566774
2000-04-24 00:00:00+00:00,-0.03018820617742588
2000-04-25 00:00:00+00:00,0.01837232758151127
2000-04-26 00:00:00+00:00,-6.902204907241997e-05
2000-04-27 00:00:00+00:00,-0.031506934444254876
2000-04-28 00:00:00+00:00,0.015796090678990536
2000-05-01 00:00:00+00:00,0.010038426237647469
2000-05-02 00:00:00+00:00,-0.009534033251145968
2000-05-03 00:00:00+00:00,-0.004200972105549738
2000-05-04 00:00:00+00:00,0.003439423472883252
2000-05-05 00:00:00+00:00,-0.009592696580484372
2000-05-08 00:00:00+00:00,-0.00814796009912403
2000-05-09 00:00:00+00:00,0.005394958989591492
2000-05-10 00:00:00+00:00,-0.012622279843466566
2000-05-11 00:00:00+00:00,0.025748558829216416
2000-05-12 00:00:00+00:00,0.006011442541308776
2000-05-15 00:00:00+00:00,0.0005891359407499078
2000-05-16 00:00:00+00:00,0.013663720160419357
2000-05-17 00:00:00+00:00,-0.012311679452836377
2000-05-18 00:00:00+00:00,0.0016659000097462798
2000-05-19 00:00:00+00:00,-0.014795227827993784
2000-05-22 00:00:00+00:00,-0.00023945101231523906
2000-05-23 00:00:00+00:00,-0.0004927016011402104
2000-05-24 00:00:00+00:00,0.0009532274520357101
2000-05-25 00:00:00+00:00,0.00597652590396921
2000-05-26 00:00:00+00:00,0.0032139538872769328
2000-05-30 00:00:00+00:00,0.02141577419220305
2000-05-31 00:00:00+00:00,-0.006472037686595522
2000-06-01 00:00:00+00:00,0.015169593316791985
2000-06-02 00:00:00+00:00,0.04221520426985089
2000-06-05 00:00:00+00:00,-0.008910629748471543
2000-06-06 00:00:00+00:00,-0.005578646699605927
2000-06-07 00:00:00+00:00,0.001946170395586722
2000-06-08 00:00:00+00:00,0.00475625748132954
2000-06-09 00:00:00+00:00,0.009763356961186543
2000-06-12 00:00:00+00:00,0.003978905876480277
2000-06-13 00:00:00+00:00,-0.0018928310937391998
2000-06-14 00:00:00+00:00,0.005238327725696846
2000-06-15 00:00:00+00:00,-0.0007053174173677675
2000-06-16 00:00:00+00:00,0.006739066262665372
2000-06-19 00:00:00+00:00,-0.0019696726437953057
2000-06-20 00:00:00+00:00,2.8200158739966356e-05
2000-06-21 00:00:00+00:00,-0.007840750253190065
2000-06-22 00:00:00+00:00,-0.0026209698627631447
2000-06-23 00:00:00+00:00,-0.0009688747889034285
2000-06-26 00:00:00+00:00,0.011701886144638152
2000-06-27 00:00:00+00:00,-0.0024018084376882572
2000-06-28 00:00:00+00:00,0.0019036032022433317
2000-06-29 00:00:00+00:00,-0.008742513408365104
2000-06-30 00:00:00+00:00,-0.00022911947402446368
2000-07-03 00:00:00+00:00,0.0005721121006360911
2000-07-05 00:00:00+00:00,-0.011906898328048343
2000-07-06 00:00:00+00:00,0.0007805341683308712
2000-07-07 00:00:00+00:00,0.008235396165904263
2000-07-10 00:00:00+00:00,-0.007553437237529581
2000-07-11 00:00:00+00:00,-0.0038007295834219575
2000-07-12 00:00:00+00:00,0.005799234865499903
2000-07-13 00:00:00+00:00,0.006116176593362466
2000-07-14 00:00:00+00:00,0.010774301264107356
2000-07-17 00:00:00+00:00,0.0003743455178582769
2000-07-18 00:00:00+00:00,-0.008298228227466986
2000-07-19 00:00:00+00:00,-0.007258666278272463
2000-07-20 00:00:00+00:00,0.004386033611858487
2000-07-21 00:00:00+00:00,-0.01285582245148601
2000-07-24 00:00:00+00:00,0.00601360276586157
2000-07-25 00:00:00+00:00,0.006074787005988036
2000-07-26 00:00:00+00:00,-0.002771808077278037
2000-07-27 00:00:00+00:00,-0.00890919243265712
2000-07-28 00:00:00+00:00,0.0025826838034887726
2000-07-31 00:00:00+00:00,0.006985447361222608
2000-08-01 00:00:00+00:00,0.003981925764791583
2000-08-02 00:00:00+00:00,-0.002424712632646797
2000-08-03 00:00:00+00:00,-0.02030272116260349
2000-08-04 00:00:00+00:00,0.01080710931329506
2000-08-07 00:00:00+00:00,0.005035149754141955
2000-08-08 00:00:00+00:00,-0.003425510762857442
2000-08-09 00:00:00+00:00,-0.001100876255013183
2000-08-10 00:00:00+00:00,0.0010412083462193137
2000-08-11 00:00:00+00:00,-0.00375093590176776
2000-08-14 00:00:00+00:00,0.0026880741921389787
2000-08-15 00:00:00+00:00,-0.001434905586716417
2000-08-16 00:00:00+00:00,0.00257587823693769
2000-08-17 00:00:00+00:00,-0.005412870467151698
2000-08-18 00:00:00+00:00,0.0013037321727291332
2000-08-21 00:00:00+00:00,0.004784994597215453
2000-08-22 00:00:00+00:00,0.00252573833506361
2000-08-23 00:00:00+00:00,-0.006010171750814397
2000-08-24 00:00:00+00:00,0.0026676372353679704
2000-08-25 00:00:00+00:00,-0.0012123184830053254
2000-08-28 00:00:00+00:00,0.0008155337484954898
2000-08-29 00:00:00+00:00,-0.0007464796761193822
2000-08-30 00:00:00+00:00,-0.005367461030484888
2000-08-31 00:00:00+00:00,0.005882572723035684
2000-09-01 00:00:00+00:00,0.009439523175827714
2000-09-05 00:00:00+00:00,-0.007220989876072425
2000-09-06 00:00:00+00:00,-0.0018660368972676419
2000-09-07 00:00:00+00:00,0.006229567373702583
2000-09-08 00:00:00+00:00,-0.003995288906790939
2000-09-11 00:00:00+00:00,-0.0037938212680416524
2000-09-12 00:00:00+00:00,0.003925905572151523
2000-09-13 00:00:00+00:00,-0.008139432429114279
2000-09-14 00:00:00+00:00,0.012364059348533763
2000-09-15 00:00:00+00:00,-0.003239473966203254
2000-09-18 00:00:00+00:00,0.003722231650433028
2000-09-19 00:00:00+00:00,0.006188166934008777
2000-09-20 00:00:00+00:00,-0.0002574679312442371
2000-09-21 00:00:00+00:00,-0.00637931593442651
2000-09-22 00:00:00+00:00,-0.0012311996838697877
2000-09-25 00:00:00+00:00,0.005657128316559368
2000-09-26 00:00:00+00:00,0.0017741194178593992
2000-09-27 00:00:00+00:00,0.010398164444168046
2000-09-28 00:00:00+00:00,-0.004901048570021804
2000-09-29 00:00:00+00:00,0.003705442659443248
2000-10-02 00:00:00+00:00,0.010435215197814951
2000-10-03 00:00:00+00:00,0.009654848801184135
2000-10-04 00:00:00+00:00,-0.0019606633398784098
2000-10-05 00:00:00+00:00,-0.003468488334925501
2000-10-06 00:00:00+00:00,-0.0032033251899756584
2000-10-09 00:00:00+00:00,-0.0020491060286287107
2000-10-10 00:00:00+00:00,-0.004881964160312202
2000-10-11 00:00:00+00:00,-0.009704981324233508
2000-10-12 00:00:00+00:00,0.0166393897996849
2000-10-13 00:00:00+00:00,-0.003915603951452717
2000-10-16 00:00:00+00:00,-0.0016374126179211964
2000-10-17 00:00:00+00:00,0.0074643991440319305
2000-10-18 00:00:00+00:00,-0.017769984282113384
2000-10-19 00:00:00+00:00,0.03750523830062432
2000-10-20 00:00:00+00:00,-0.006971025581623746
2000-10-23 00:00:00+00:00,-0.0009123304764902859
2000-10-24 00:00:00+00:00,0.0027068051111674655
2000-10-25 00:00:00+00:00,-0.010897888258493115
2000-10-26 00:00:00+00:00,0.004686365449562769
2000-10-27 00:00:00+00:00,0.010206555164219278
2000-10-30 00:00:00+00:00,-0.012933101931900481
2000-10-31 00:00:00+00:00,0.00946321035204919
2000-11-01 00:00:00+00:00,-0.011269735389841417
2000-11-02 00:00:00+00:00,0.00944315742590004
2000-11-03 00:00:00+00:00,0.007717876541740687
2000-11-06 00:00:00+00:00,0.004399365149379742
2000-11-07 00:00:00+00:00,-0.008593228655216811
2000-11-08 00:00:00+00:00,0.0007872891202308167
2000-11-09 00:00:00+00:00,-0.008596351033345473
2000-11-10 00:00:00+00:00,-0.013478376108715806
2000-11-13 00:00:00+00:00,-0.009512931590886486
2000-11-14 00:00:00+00:00,0.014667939818685716
2000-11-15 00:00:00+00:00,-0.0023793545150886716
2000-11-16 00:00:00+00:00,-0.016750476623707967
2000-11-17 00:00:00+00:00,0.0016163265430628408
2000-11-20 00:00:00+00:00,-0.0165390658440168
2000-11-21 00:00:00+00:00,0.002744622488743598
2000-11-22 00:00:00+00:00,-0.013517391713394477
2000-11-24 00:00:00+00:00,0.018449862704254714
2000-11-27 00:00:00+00:00,0.020809746468118027
2000-11-28 00:00:00+00:00,-0.008123107253641992
2000-11-29 00:00:00+00:00,0.0050163542306607915
2000-11-30 00:00:00+00:00,-0.013246851608987897
2000-12-01 00:00:00+00:00,0.01168411624804574
2000-12-04 00:00:00+00:00,-0.0006232014659907966
2000-12-05 00:00:00+00:00,0.013614524352615199
2000-12-06 00:00:00+00:00,-0.0007358793024792361
2000-12-07 00:00:00+00:00,-0.0100164940604485
2000-12-08 00:00:00+00:00,0.046982140576991314
2000-12-11 00:00:00+00:00,0.042283846001312596
2000-12-12 00:00:00+00:00,-0.0077604422153448645
2000-12-13 00:00:00+00:00,0.016543905444568373
2000-12-14 00:00:00+00:00,-0.00286686172382653
2000-12-15 00:00:00+00:00,-0.012151689831387735
2000-12-18 00:00:00+00:00,0.013905202350162316
2000-12-19 00:00:00+00:00,-0.0055142271244799975
2000-12-20 00:00:00+00:00,-0.02097562710236659
2000-12-21 00:00:00+00:00,-0.007737812830607349
2000-12-22 00:00:00+00:00,0.021009787839172255
2000-12-26 00:00:00+00:00,0.00011659855463932474
2000-12-27 00:00:00+00:00,-0.012296738860691025
2000-12-28 00:00:00+00:00,-0.008520533192876689
2000-12-29 00:00:00+00:00,0.002002823308564017
2001-01-02 00:00:00+00:00,0.004402537394079998
2001-01-03 00:00:00+00:00,-0.01393658203565149
2001-01-04 00:00:00+00:00,-0.007037975507044747
2001-01-05 00:00:00+00:00,-0.0005926180078374751
2001-01-08 00:00:00+00:00,-0.00039854630287875474
2001-01-09 00:00:00+00:00,0.007367285646956401
2001-01-10 00:00:00+00:00,-0.013374200799866376
2001-01-11 00:00:00+00:00,-0.011860898775797967
2001-01-12 00:00:00+00:00,0.00791290340141334
2001-01-16 00:00:00+00:00,-0.0016698634389359143
2001-01-17 00:00:00+00:00,0.027519868958069425
2001-01-18 00:00:00+00:00,0.0015987268189458729
2001-01-19 00:00:00+00:00,0.016771201757589026
2001-01-22 00:00:00+00:00,-0.002724477806490688
2001-01-23 00:00:00+00:00,-0.005452339231223546
2001-01-24 00:00:00+00:00,0.002924361156752287
2001-01-25 00:00:00+00:00,-0.0026204742679985845
2001-01-26 00:00:00+00:00,-0.010783672288764956
2001-01-29 00:00:00+00:00,-0.007758352878470242
2001-01-30 00:00:00+00:00,-0.0002786813856366696
2001-01-31 00:00:00+00:00,0.0019938727538320825
2001-02-01 00:00:00+00:00,0.0019358212476215612
2001-02-02 00:00:00+00:00,-0.003832937378899925
2001-02-05 00:00:00+00:00,-0.0032245189890327316
2001-02-06 00:00:00+00:00,-0.002185225966718862
2001-02-07 00:00:00+00:00,-0.011621593839656696
2001-02-08 00:00:00+00:00,0.0025836210339998614
2001-02-09 00:00:00+00:00,-0.0040291843654723155
2001-02-12 00:00:00+00:00,-0.0021605001661389785
2001-02-13 00:00:00+00:00,0.00600517232878125
2001-02-14 00:00:00+00:00,0.0025317908002017945
2001-02-15 00:00:00+00:00,0.014402915282792106
2001-02-16 00:00:00+00:00,-0.02996518817982189
2001-02-20 00:00:00+00:00,0.0076866064133470306
2001-02-21 00:00:00+00:00,-0.0157959561350555
2001-02-22 00:00:00+00:00,0.0021201458307578917
2001-02-23 00:00:00+00:00,-0.01212281589477796
2001-02-26 00:00:00+00:00,0.01185359562172913
2001-02-27 00:00:00+00:00,-0.009361300076520284
2001-02-28 00:00:00+00:00,0.005517829468814595
2001-03-01 00:00:00+00:00,-0.004954408738621218
2001-03-02 00:00:00+00:00,-0.02512007175832335
2001-03-05 00:00:00+00:00,0.010449447869998763
2001-03-06 00:00:00+00:00,0.024555010507817464
2001-03-07 00:00:00+00:00,0.013073175520817737
2001-03-08 00:00:00+00:00,-0.002504348044914206
2001-03-09 00:00:00+00:00,-0.01719858856169535
2001-03-12 00:00:00+00:00,-0.01662943684797239
2001-03-13 00:00:00+00:00,0.010963073389198075
2001-03-14 00:00:00+00:00,-0.03235786569754743
2001-03-15 00:00:00+00:00,0.01967128211444421
2001-03-16 00:00:00+00:00,-0.0044999478487363406
2001-03-19 00:00:00+00:00,0.005873332391070208
2001-03-20 00:00:00+00:00,0.004124070807355296
2001-03-21 00:00:00+00:00,0.0017192185383401396
2001-03-22 00:00:00+00:00,0.0017287705417713631
2001-03-23 00:00:00+00:00,0.01804616060569727
2001-03-26 00:00:00+00:00,0.012855060979439637
2001-03-27 00:00:00+00:00,-0.0017994037788333968
2001-03-28 00:00:00+00:00,-0.02186564548218809
2001-03-29 00:00:00+00:00,-0.005808337821780118
2001-03-30 00:00:00+00:00,0.004496062904507514
2001-04-02 00:00:00+00:00,-0.001715923539431041
2001-04-03 00:00:00+00:00,-0.003936910851092856
2001-04-04 00:00:00+00:00,0.001236765014054753
2001-04-05 00:00:00+00:00,0.03938541915578916
2001-04-06 00:00:00+00:00,-0.010401586296692833
2001-04-09 00:00:00+00:00,0.014472002377022475
2001-04-10 00:00:00+00:00,0.015055470056218401
2001-04-11 00:00:00+00:00,0.038478273157460184
2001-04-12 00:00:00+00:00,-0.010678130236792737
2001-04-16 00:00:00+00:00,-0.012702895338460174
2001-04-17 00:00:00+00:00,-0.005259625497840847
2001-04-18 00:00:00+00:00,0.0371860697243955
2001-04-19 00:00:00+00:00,0.006745253737090418
2001-04-20 00:00:00+00:00,-0.004526780727310919
2001-04-23 00:00:00+00:00,-0.018279865297055643
2001-04-24 00:00:00+00:00,0.0002912795476128996
2001-04-25 00:00:00+00:00,-0.005472485331959631
2001-04-26 00:00:00+00:00,0.010842749736337554
2001-04-27 00:00:00+00:00,0.018201213822058714
2001-04-30 00:00:00+00:00,0.01454492377559632
2001-05-01 00:00:00+00:00,-0.006034418196583879
2001-05-02 00:00:00+00:00,0.00892120937778459
2001-05-03 00:00:00+00:00,-0.014045302831648931
2001-05-04 00:00:00+00:00,-0.022555620606364936
2001-05-07 00:00:00+00:00,-0.004259394023175633
2001-05-08 00:00:00+00:00,0.013808214265854291
2001-05-09 00:00:00+00:00,-0.015914469122610776
2001-05-10 00:00:00+00:00,0.020821828183101153
2001-05-11 00:00:00+00:00,0.00038585157274175804
2001-05-14 00:00:00+00:00,-0.004043482932479225
2001-05-15 00:00:00+00:00,0.0011905672346116062
2001-05-16 00:00:00+00:00,-0.01412685542336115
2001-05-17 00:00:00+00:00,0.0030749559116631468
2001-05-18 00:00:00+00:00,-0.0032459937052791484
2001-05-21 00:00:00+00:00,0.0014387177704765167
2001-05-22 00:00:00+00:00,0.0029299247466812676
2001-05-23 00:00:00+00:00,-0.006453758553114952
2001-05-24 00:00:00+00:00,0.0038398467873575707
2001-05-25 00:00:00+00:00,0.0003779897703008686
2001-05-29 00:00:00+00:00,-0.0048327281363588544
2001-05-30 00:00:00+00:00,-0.009708230216932378
2001-05-31 00:00:00+00:00,0.0014565167450573905
2001-06-01 00:00:00+00:00,0.009746865458691712
2001-06-04 00:00:00+00:00,0.0030162901568772885
2001-06-05 00:00:00+00:00,0.005416715613754753
2001-06-06 00:00:00+00:00,0.0022197724887069396
2001-06-07 00:00:00+00:00,-0.006647714988712505
2001-06-08 00:00:00+00:00,-0.002005633563589104
2001-06-11 00:00:00+00:00,-0.006193679891627923
2001-06-12 00:00:00+00:00,-0.01802906544158609
2001-06-13 00:00:00+00:00,0.005983259080208548
2001-06-14 00:00:00+00:00,-0.008732370745623974
2001-06-15 00:00:00+00:00,-0.008683385776791374
2001-06-18 00:00:00+00:00,-0.0006510831124771129
2001-06-19 00:00:00+00:00,0.019664181978054827
2001-06-20 00:00:00+00:00,-0.008980615262819491
2001-06-21 00:00:00+00:00,-0.00232642629418176
2001-06-22 00:00:00+00:00,0.001481544027967652
2001-06-25 00:00:00+00:00,0.005611949783076076
2001-06-26 00:00:00+00:00,-0.01312414390740444
2001-06-27 00:00:00+00:00,0.001859387742083352
2001-06-28 00:00:00+00:00,0.008805400789036988
2001-06-29 00:00:00+00:00,0.010703438974722446
2001-07-02 00:00:00+00:00,-3.122928692859099e-05
2001-07-03 00:00:00+00:00,-0.0031047100103555932
2001-07-05 00:00:00+00:00,-0.012885468744106876
2001-07-06 00:00:00+00:00,-0.006883764915172041
2001-07-09 00:00:00+00:00,0.004429450469079133
2001-07-10 00:00:00+00:00,0.011090603913556174
2001-07-11 00:00:00+00:00,-0.0019640207844957343
2001-07-12 00:00:00+00:00,0.024308682686236947
2001-07-13 00:00:00+00:00,-0.004267122157875036
2001-07-16 00:00:00+00:00,0.00032682817595255405
2001-07-17 00:00:00+00:00,-0.008669990093159307
2001-07-18 00:00:00+00:00,-0.017446486801710827
2001-07-19 00:00:00+00:00,0.014258178028695523
2001-07-20 00:00:00+00:00,-0.017553372080304365
2001-07-23 00:00:00+00:00,0.008678721226746034
2001-07-24 00:00:00+00:00,-0.0029216250874162016
2001-07-25 00:00:00+00:00,8.442027617713317e-05
2001-07-26 00:00:00+00:00,-0.0010853598785073078
2001-07-27 00:00:00+00:00,0.008263698292488708
2001-07-30 00:00:00+00:00,0.0034183121682042853
2001-07-31 00:00:00+00:00,0.001998949524184968
2001-08-01 00:00:00+00:00,0.012671370954215633
2001-08-02 00:00:00+00:00,0.012290887388903904
2001-08-03 00:00:00+00:00,-0.005646429684588261
2001-08-06 00:00:00+00:00,-0.010245819533330291
2001-08-07 00:00:00+00:00,-0.0051308771925698046
2001-08-08 00:00:00+00:00,-0.008076160207485783
2001-08-09 00:00:00+00:00,-0.0006939269417842505
2001-08-10 00:00:00+00:00,-0.0037100354560711587
2001-08-13 00:00:00+00:00,0.004847569303516009
2001-08-14 00:00:00+00:00,0.007880695753067235
2001-08-15 00:00:00+00:00,-0.00022155761059992034
2001-08-16 00:00:00+00:00,-0.008042887890702654
2001-08-17 00:00:00+00:00,-0.018669837401139623
2001-08-20 00:00:00+00:00,0.0011059727661596134
2001-08-21 00:00:00+00:00,-0.00029675054825598594
2001-08-22 00:00:00+00:00,0.014071922145811067
2001-08-23 00:00:00+00:00,-0.0008218448231453231
2001-08-24 00:00:00+00:00,0.009551034874257758
2001-08-27 00:00:00+00:00,-0.0007644705516285707
2001-08-28 00:00:00+00:00,-0.0008082622485747534
2001-08-29 00:00:00+00:00,0.00533818632260793
2001-08-30 00:00:00+00:00,-0.013403563460353296
2001-08-31 00:00:00+00:00,-0.001881883258479355
2001-09-04 00:00:00+00:00,-0.0032522304886157035
2001-09-05 00:00:00+00:00,0.0012159690436807872
2001-09-06 00:00:00+00:00,-0.01326706458833674
2001-09-07 00:00:00+00:00,-0.007814999035349301
2001-09-10 00:00:00+00:00,-0.00810652388232872
2001-09-17 00:00:00+00:00,-0.083206782880105
2001-09-18 00:00:00+00:00,0.005132079489715469
2001-09-19 00:00:00+00:00,0.0022352925690254048
2001-09-20 00:00:00+00:00,-0.019079325739273935
2001-09-21 00:00:00+00:00,-0.04787199794445427
2001-09-24 00:00:00+00:00,0.028026893757810832
2001-09-25 00:00:00+00:00,0.0016366855317989319
2001-09-26 00:00:00+00:00,0.006857500827552066
2001-09-27 00:00:00+00:00,-0.005699381013936277
2001-09-28 00:00:00+00:00,0.009491756491249304
2001-10-01 00:00:00+00:00,-0.005128435197292591
2001-10-02 00:00:00+00:00,-0.0029869413050109036
2001-10-03 00:00:00+00:00,-0.01188071044827147
2001-10-04 00:00:00+00:00,0.0145620999482183
2001-10-05 00:00:00+00:00,-0.005976523601273631
2001-10-08 00:00:00+00:00,-0.014694534016212657
2001-10-09 00:00:00+00:00,7.531490780795543e-05
2001-10-10 00:00:00+00:00,-0.00459268715802017
2001-10-11 00:00:00+00:00,0.013223347989351953
2001-10-12 00:00:00+00:00,-0.009495291155395524
2001-10-15 00:00:00+00:00,-0.010495474512771307
2001-10-16 00:00:00+00:00,0.005766397438696525
2001-10-17 00:00:00+00:00,0.017624852593849015
2001-10-18 00:00:00+00:00,0.0043410101629802415
2001-10-19 00:00:00+00:00,-0.009305324945670856
2001-10-22 00:00:00+00:00,-0.002172145347385723
2001-10-23 00:00:00+00:00,0.007308307541896231
2001-10-24 00:00:00+00:00,-0.0004121417933463986
2001-10-25 00:00:00+00:00,-0.015295668860410483
2001-10-26 00:00:00+00:00,-0.007180039614962807
2001-10-29 00:00:00+00:00,-0.0011635104586289798
2001-10-30 00:00:00+00:00,-0.005612799131350243
2001-10-31 00:00:00+00:00,0.013071554164662625
2001-11-01 00:00:00+00:00,0.011445280453893892
2001-11-02 00:00:00+00:00,-0.0016132612808325338
2001-11-05 00:00:00+00:00,0.012951417419390288
2001-11-06 00:00:00+00:00,-0.003966521148667667
2001-11-07 00:00:00+00:00,-0.010696833729609756
2001-11-08 00:00:00+00:00,0.007836837595727364
2001-11-09 00:00:00+00:00,-0.003973340979202244
2001-11-12 00:00:00+00:00,-0.017603354049529375
2001-11-13 00:00:00+00:00,0.019545448763128435
2001-11-14 00:00:00+00:00,0.010028170549381177
2001-11-15 00:00:00+00:00,-0.007618960834182486
2001-11-16 00:00:00+00:00,0.0006136106863835148
2001-11-19 00:00:00+00:00,0.007482500047867069
2001-11-20 00:00:00+00:00,-0.007090129915083154
2001-11-21 00:00:00+00:00,-0.0035487509511464618
2001-11-23 00:00:00+00:00,0.004124881199974529
2001-11-26 00:00:00+00:00,0.003821598735344678
2001-11-27 00:00:00+00:00,-0.0041216723455471446
2001-11-28 00:00:00+00:00,-0.009134864244454954
2001-11-29 00:00:00+00:00,0.004724700146329275
2001-11-30 00:00:00+00:00,-0.005099311068775569
2001-12-03 00:00:00+00:00,-0.006593438368084436
2001-12-04 00:00:00+00:00,0.0068729157884453666
2001-12-05 00:00:00+00:00,0.005619089305210679
2001-12-06 00:00:00+00:00,-0.0023059359995177605
2001-12-07 00:00:00+00:00,-0.007185445550507185
2001-12-10 00:00:00+00:00,-0.008257991149935784
2001-12-11 00:00:00+00:00,0.007583185776146662
2001-12-12 00:00:00+00:00,0.004725684823300902
2001-12-13 00:00:00+00:00,-0.01415755919810211
2001-12-14 00:00:00+00:00,0.002288255446104082
2001-12-17 00:00:00+00:00,-0.002040766121671622
2001-12-18 00:00:00+00:00,0.005555552268710929
2001-12-19 00:00:00+00:00,-0.01265321117701449
2001-12-20 00:00:00+00:00,-0.006612928178037469
2001-12-21 00:00:00+00:00,0.011203751425639308
2001-12-24 00:00:00+00:00,-6.217513398552003e-05
2001-12-26 00:00:00+00:00,-1.2992647983189594e-05
2001-12-27 00:00:00+00:00,0.0014555523782035177
2001-12-28 00:00:00+00:00,0.004190166939254081
2001-12-31 00:00:00+00:00,9.840318704981173e-05
2002-01-02 00:00:00+00:00,0.01172451927863235
2002-01-03 00:00:00+00:00,0.0027126381207931097
2002-01-04 00:00:00+00:00,0.0065341523038469854
2002-01-07 00:00:00+00:00,0.005319250802397335
2002-01-08 00:00:00+00:00,-0.0016345081977931272
2002-01-09 00:00:00+00:00,0.007014476485083099
2002-01-10 00:00:00+00:00,0.0009490923013340761
2002-01-11 00:00:00+00:00,-0.00010290196965937441
2002-01-14 00:00:00+00:00,-0.005967485554280871
2002-01-15 00:00:00+00:00,0.0020203611321337415
2002-01-16 00:00:00+00:00,-0.014030675961781014
2002-01-17 00:00:00+00:00,0.012891064910593853
2002-01-18 00:00:00+00:00,-0.013587756685698537
2002-01-22 00:00:00+00:00,0.007663895871660354
2002-01-23 00:00:00+00:00,0.004199206999128758
2002-01-24 00:00:00+00:00,0.008145502252714787
2002-01-25 00:00:00+00:00,-0.008359378296392083
2002-01-28 00:00:00+00:00,0.005361798380375616
2002-01-29 00:00:00+00:00,0.0006803404645165049
2002-01-30 00:00:00+00:00,0.00046162091754294894
2002-01-31 00:00:00+00:00,0.004871184121199435
2002-02-01 00:00:00+00:00,-0.0021259300989568738
2002-02-04 00:00:00+00:00,-0.004523962454826868
2002-02-05 00:00:00+00:00,-0.006817049408898301
2002-02-06 00:00:00+00:00,0.009196650799883932
2002-02-07 00:00:00+00:00,-0.0011785366514957315
2002-02-08 00:00:00+00:00,0.0063595677026765055
2002-02-11 00:00:00+00:00,-0.0008959653744115888
2002-02-12 00:00:00+00:00,-0.006821544791865341
2002-02-13 00:00:00+00:00,0.006822664864867678
2002-02-14 00:00:00+00:00,0.0034749636835312517
2002-02-15 00:00:00+00:00,-0.0005761525099175265
2002-02-19 00:00:00+00:00,-0.009366127172452976
2002-02-20 00:00:00+00:00,0.004205516424405998
2002-02-21 00:00:00+00:00,-0.008404713513606088
2002-02-22 00:00:00+00:00,0.0018720103356939192
2002-02-25 00:00:00+00:00,0.00535634689340766
2002-02-26 00:00:00+00:00,0.0035149296144026624
2002-02-27 00:00:00+00:00,0.010337462733218306
2002-02-28 00:00:00+00:00,0.002104596789399971
2002-03-01 00:00:00+00:00,0.007740799042839053
2002-03-04 00:00:00+00:00,-0.0001555085219910654
2002-03-05 00:00:00+00:00,-0.005075948580778455
2002-03-06 00:00:00+00:00,-0.006056097577748698
2002-03-07 00:00:00+00:00,0.009227771811996266
2002-03-08 00:00:00+00:00,0.010774733038609397
2002-03-11 00:00:00+00:00,-0.004864711656027731
2002-03-12 00:00:00+00:00,-0.017619751325633017
2002-03-13 00:00:00+00:00,-0.010367358531005155
2002-03-14 00:00:00+00:00,-0.0005698839989793699
2002-03-15 00:00:00+00:00,0.0019284223868507259
2002-03-18 00:00:00+00:00,0.0070009986690618645
2002-03-19 00:00:00+00:00,0.00453681896978172
2002-03-20 00:00:00+00:00,-0.011166042406169896
2002-03-21 00:00:00+00:00,0.001208228828558611
2002-03-22 00:00:00+00:00,-0.00046990839317110315
2002-03-25 00:00:00+00:00,5.36218111972467e-05
2002-03-26 00:00:00+00:00,-0.002664808729689527
2002-03-27 00:00:00+00:00,-0.0049718697686168874
2002-03-28 00:00:00+00:00,0.0072021631171167114
2002-04-01 00:00:00+00:00,-0.00517094168155755
2002-04-02 00:00:00+00:00,-0.013351466122902089
2002-04-03 00:00:00+00:00,0.002999642878779152
2002-04-04 00:00:00+00:00,-0.010251229296452146
2002-04-05 00:00:00+00:00,0.0056036693445326805
2002-04-08 00:00:00+00:00,-0.019471174562088668
2002-04-09 00:00:00+00:00,0.0005190715639679325
2002-04-10 00:00:00+00:00,0.002052318753108762
2002-04-11 00:00:00+00:00,-0.005252258984271485
2002-04-12 00:00:00+00:00,0.006492685940706589
2002-04-15 00:00:00+00:00,0.004774156950471753
2002-04-16 00:00:00+00:00,0.01428008382865783
2002-04-17 00:00:00+00:00,0.003380126186463184
2002-04-18 00:00:00+00:00,-0.003992224119627163
2002-04-19 00:00:00+00:00,0.013134550886578411
2002-04-22 00:00:00+00:00,-0.009044229205484122
2002-04-23 00:00:00+00:00,0.00010566554062082541
2002-04-24 00:00:00+00:00,0.0029102395849112898
2002-04-25 00:00:00+00:00,-0.004290825620447169
2002-04-26 00:00:00+00:00,0.004862876372261871
2002-04-29 00:00:00+00:00,0.005436026163271402
2002-04-30 00:00:00+00:00,-0.000997279862047262
2002-05-01 00:00:00+00:00,-0.0007358796803187736
2002-05-02 00:00:00+00:00,-0.003359391425576763
2002-05-03 00:00:00+00:00,-0.0016912984644188774
2002-05-06 00:00:00+00:00,-0.00187048029611484
2002-05-07 00:00:00+00:00,0.007864392714849589
2002-05-08 00:00:00+00:00,0.03388990160191482
2002-05-09 00:00:00+00:00,-0.00509871338683624
2002-05-10 00:00:00+00:00,0.0016899887884425872
2002-05-13 00:00:00+00:00,0.007307936134308102
2002-05-14 00:00:00+00:00,0.028780668262411623
2002-05-15 00:00:00+00:00,-0.01108819179071433
2002-05-16 00:00:00+00:00,-0.004824407497943084
2002-05-17 00:00:00+00:00,0.007601453912621204
2002-05-20 00:00:00+00:00,-0.006482458741056995
2002-05-21 00:00:00+00:00,0.003897315976129046
2002-05-22 00:00:00+00:00,-0.008253392769243062
2002-05-23 00:00:00+00:00,0.004831336908456907
2002-05-24 00:00:00+00:00,-0.007713595078681556
2002-05-28 00:00:00+00:00,0.005037083185530611
2002-05-29 00:00:00+00:00,-0.009594145050014857
2002-05-30 00:00:00+00:00,-0.008252961021933824
2002-05-31 00:00:00+00:00,0.005170874870082465
2002-06-03 00:00:00+00:00,-0.001572004162863105
2002-06-04 00:00:00+00:00,-0.005322658207278874
2002-06-05 00:00:00+00:00,0.0022514787918327065
2002-06-06 00:00:00+00:00,-0.003160124231700456
2002-06-07 00:00:00+00:00,-0.03006039757428961
2002-06-10 00:00:00+00:00,0.0002762132602127879
2002-06-11 00:00:00+00:00,0.007774166851673392
2002-06-12 00:00:00+00:00,-0.005531539120826578
2002-06-13 00:00:00+00:00,-0.004288300157632074
2002-06-14 00:00:00+00:00,-0.021217338928382436
2002-06-17 00:00:00+00:00,0.00914300400588094
2002-06-18 00:00:00+00:00,-0.006501221258545997
2002-06-19 00:00:00+00:00,-0.023153217553592932
2002-06-20 00:00:00+00:00,-0.0028487281046861487
2002-06-21 00:00:00+00:00,-0.0041076367169951885
2002-06-24 00:00:00+00:00,-0.010839669342010838
2002-06-25 00:00:00+00:00,0.006952844305668971
2002-06-26 00:00:00+00:00,-0.03262295022840409
2002-06-27 00:00:00+00:00,0.010513358544445206
2002-06-28 00:00:00+00:00,-0.004307211330374349
2002-07-01 00:00:00+00:00,-0.0016790997838633578
2002-07-02 00:00:00+00:00,-0.006206462956577874
2002-07-03 00:00:00+00:00,-0.004230171395008952
2002-07-05 00:00:00+00:00,0.01665143849648639
2002-07-08 00:00:00+00:00,-0.00461856701371941
2002-07-09 00:00:00+00:00,-0.004594577777291919
2002-07-10 00:00:00+00:00,0.008482884067709218
2002-07-11 00:00:00+00:00,-0.005183164452473554
2002-07-12 00:00:00+00:00,0.011249146495774432
2002-07-15 00:00:00+00:00,-0.003862605303251698
2002-07-16 00:00:00+00:00,-0.013162847359442986
2002-07-17 00:00:00+00:00,0.027657511265105482
2002-07-18 00:00:00+00:00,-0.00578365923203592
2002-07-19 00:00:00+00:00,-0.014310015929554143
2002-07-22 00:00:00+00:00,-0.006818269950678834
2002-07-23 00:00:00+00:00,0.0028975659120738743
2002-07-24 00:00:00+00:00,-0.024852149889599252
2002-07-25 00:00:00+00:00,-0.010788397415097828
2002-07-26 00:00:00+00:00,0.010535567380396927
2002-07-29 00:00:00+00:00,0.02403171104073073
2002-07-30 00:00:00+00:00,-0.004904568136006293
2002-07-31 00:00:00+00:00,-0.00915050429250156
2002-08-01 00:00:00+00:00,-0.004141687297987062
2002-08-02 00:00:00+00:00,-0.0007769598063695812
2002-08-05 00:00:00+00:00,-0.005174432949693974
2002-08-06 00:00:00+00:00,0.016810023871392042
2002-08-07 00:00:00+00:00,0.022646830507250547
2002-08-08 00:00:00+00:00,0.00041962060172542366
2002-08-09 00:00:00+00:00,-0.012822062200621076
2002-08-12 00:00:00+00:00,-0.013420762669673214
2002-08-13 00:00:00+00:00,-0.006526019211964584
2002-08-14 00:00:00+00:00,0.0015295936383824208
2002-08-15 00:00:00+00:00,0.007221102320513173
2002-08-16 00:00:00+00:00,-0.012089186070809587
2002-08-19 00:00:00+00:00,0.002403708469599553
2002-08-20 00:00:00+00:00,-0.005710913392359995
2002-08-21 00:00:00+00:00,0.007218638512207021
2002-08-22 00:00:00+00:00,-0.0018516872076513088
2002-08-23 00:00:00+00:00,-0.010645985380233236
2002-08-26 00:00:00+00:00,0.00432065127807465
2002-08-27 00:00:00+00:00,0.005573828632219191
2002-08-28 00:00:00+00:00,-0.01215379358302091
2002-08-29 00:00:00+00:00,-0.010768419356736425
2002-08-30 00:00:00+00:00,-0.006369414597798195
2002-09-03 00:00:00+00:00,-0.015172886030740995
2002-09-04 00:00:00+00:00,-0.0015228358932585003
2002-09-05 00:00:00+00:00,-0.013422299872633747
2002-09-06 00:00:00+00:00,0.01621370815773978
2002-09-09 00:00:00+00:00,-0.00923881045079642
2002-09-10 00:00:00+00:00,0.005596816098789559
2002-09-11 00:00:00+00:00,0.013835160862451923
2002-09-12 00:00:00+00:00,-0.00707570708680586
2002-09-13 00:00:00+00:00,-0.009151527901636846
2002-09-16 00:00:00+00:00,-0.005134528855015119
2002-09-17 00:00:00+00:00,0.01386781932418032
2002-09-18 00:00:00+00:00,-0.008800422531298679
2002-09-19 00:00:00+00:00,-0.011064187336460895
2002-09-20 00:00:00+00:00,0.009038491818425832
2002-09-23 00:00:00+00:00,-0.009525820272011631
2002-09-24 00:00:00+00:00,-0.015678665061832332
2002-09-25 00:00:00+00:00,0.013747147166491913
2002-09-26 00:00:00+00:00,0.01030142361490457
2002-09-27 00:00:00+00:00,-0.005714995490312102
2002-09-30 00:00:00+00:00,-0.010462797603363471
2002-10-01 00:00:00+00:00,0.008197395874047853
2002-10-02 00:00:00+00:00,-0.01699946618614604
2002-10-03 00:00:00+00:00,-0.004830650304193584
2002-10-04 00:00:00+00:00,0.007498421226506536
2002-10-07 00:00:00+00:00,-0.007090541621123192
2002-10-08 00:00:00+00:00,0.006972547082444736
2002-10-09 00:00:00+00:00,-0.014699102645764716
2002-10-10 00:00:00+00:00,-0.0003269574634310654
2002-10-11 00:00:00+00:00,0.019963870375426428
2002-10-14 00:00:00+00:00,-0.013879516156033866
2002-10-15 00:00:00+00:00,0.03499533769213089
2002-10-16 00:00:00+00:00,-0.025610465448512622
2002-10-17 00:00:00+00:00,0.031100679027490218
2002-10-18 00:00:00+00:00,-0.009544297164634319
2002-10-21 00:00:00+00:00,-0.009322936089746358
2002-10-22 00:00:00+00:00,-0.01803770272924763
2002-10-23 00:00:00+00:00,-0.01049570493236882
2002-10-24 00:00:00+00:00,0.004374586968144601
2002-10-25 00:00:00+00:00,-0.0009399136931050652
2002-10-28 00:00:00+00:00,0.011038927616458605
2002-10-29 00:00:00+00:00,-0.006932499609038056
2002-10-30 00:00:00+00:00,0.003247419419986264
2002-10-31 00:00:00+00:00,0.003021821284978488
2002-11-01 00:00:00+00:00,-0.00492580008574337
2002-11-04 00:00:00+00:00,0.024015646974210957
2002-11-05 00:00:00+00:00,-0.005558937019681442
2002-11-06 00:00:00+00:00,0.006769555168200514
2002-11-07 00:00:00+00:00,-0.01484839710962591
2002-11-08 00:00:00+00:00,-0.002545914324946918
2002-11-11 00:00:00+00:00,-0.0034743356266443755
2002-11-12 00:00:00+00:00,0.003817135113901105
2002-11-13 00:00:00+00:00,-0.008510080010117027
2002-11-14 00:00:00+00:00,0.012363685063523666
2002-11-15 00:00:00+00:00,-0.008154797402259528
2002-11-18 00:00:00+00:00,0.008908654326952392
2002-11-19 00:00:00+00:00,-0.007640017960433598
2002-11-20 00:00:00+00:00,-0.0041572934286812965
2002-11-21 00:00:00+00:00,0.0044977113158491625
2002-11-22 00:00:00+00:00,-0.010032950986019506
2002-11-25 00:00:00+00:00,0.00047537351903611554
2002-11-26 00:00:00+00:00,-0.006244477420038896
2002-11-27 00:00:00+00:00,0.013043733998353757
2002-11-29 00:00:00+00:00,0.007831816116388913
2002-12-02 00:00:00+00:00,0.020253617798150124
2002-12-03 00:00:00+00:00,-0.013010042812301814
2002-12-04 00:00:00+00:00,-0.01744821224594848
2002-12-05 00:00:00+00:00,0.008365608692785876
2002-12-06 00:00:00+00:00,-0.014906661186999714
2002-12-09 00:00:00+00:00,-0.010238213644394067
2002-12-10 00:00:00+00:00,0.006570483072953126
2002-12-11 00:00:00+00:00,-0.004968971981317715
2002-12-12 00:00:00+00:00,0.007456284498384947
2002-12-13 00:00:00+00:00,-0.011610714752855278
2002-12-16 00:00:00+00:00,0.00598087808333877
2002-12-17 00:00:00+00:00,-0.0026014884530089263
2002-12-18 00:00:00+00:00,-0.010543825687719532
2002-12-19 00:00:00+00:00,-0.006943415525782237
2002-12-20 00:00:00+00:00,0.007769593774788997
2002-12-23 00:00:00+00:00,-0.005286914118827179
2002-12-24 00:00:00+00:00,-0.005999379332473553
2002-12-26 00:00:00+00:00,0.00520849614052229
2002-12-27 00:00:00+00:00,-0.004683040757682699
2002-12-30 00:00:00+00:00,0.002449573497732305
2002-12-31 00:00:00+00:00,-0.002808570751088457
2003-01-02 00:00:00+00:00,0.010394555999014255
2003-01-03 00:00:00+00:00,2.6120744518135105e-06
2003-01-06 00:00:00+00:00,-0.00031789046919797863
2003-01-07 00:00:00+00:00,0.0010872884657459284
2003-01-08 00:00:00+00:00,-0.008036622298349927
2003-01-09 00:00:00+00:00,0.008617012115949086
2003-01-10 00:00:00+00:00,-0.011488077049802458
2003-01-13 00:00:00+00:00,0.006523020904084154
2003-01-14 00:00:00+00:00,-0.002684310696467995
2003-01-15 00:00:00+00:00,0.003779628682939318
2003-01-16 00:00:00+00:00,0.0011760689583966925
2003-01-17 00:00:00+00:00,-0.01610868073710906
2003-01-21 00:00:00+00:00,0.002833662781656277
2003-01-22 00:00:00+00:00,-0.004387254094412518
2003-01-23 00:00:00+00:00,0.012415232101678575
2003-01-24 00:00:00+00:00,-0.0005843274436759024
2003-01-27 00:00:00+00:00,-0.011516124758867796
2003-01-28 00:00:00+00:00,0.007116110685062871
2003-01-29 00:00:00+00:00,-0.003092555423099696
2003-01-30 00:00:00+00:00,0.004872060238101017
2003-01-31 00:00:00+00:00,-0.010937992142183639
2003-02-03 00:00:00+00:00,0.0018016667157857106
2003-02-04 00:00:00+00:00,-0.011963489319767573
2003-02-05 00:00:00+00:00,0.004760276014990595
2003-02-06 00:00:00+00:00,-0.003959113026364624
2003-02-07 00:00:00+00:00,0.005521410141675476
2003-02-10 00:00:00+00:00,0.001619864694198803
2003-02-11 00:00:00+00:00,0.006630468051710492
2003-02-12 00:00:00+00:00,-0.00357464155624968
2003-02-13 00:00:00+00:00,0.0006344888411252362
2003-02-14 00:00:00+00:00,-0.002475691610556474
2003-02-18 00:00:00+00:00,0.006244809715428479
2003-02-19 00:00:00+00:00,-0.0031000834785407713
2003-02-20 00:00:00+00:00,0.0012712531705835976
2003-02-21 00:00:00+00:00,-0.0010042270632962032
2003-02-24 00:00:00+00:00,-0.0025618852532143573
2003-02-25 00:00:00+00:00,-0.011232831424587175
2003-02-26 00:00:00+00:00,-0.004780265865171751
2003-02-27 00:00:00+00:00,0.006591985345593321
2003-02-28 00:00:00+00:00,0.0012778214409235548
2003-03-03 00:00:00+00:00,0.004006608646384991
2003-03-04 00:00:00+00:00,-0.0009298365316267928
2003-03-05 00:00:00+00:00,-0.003186348138843975
2003-03-06 00:00:00+00:00,-0.006219263679061593
2003-03-07 00:00:00+00:00,-0.015559057769216877
2003-03-10 00:00:00+00:00,-0.008899232355515518
2003-03-11 00:00:00+00:00,0.0017246348746671972
2003-03-12 00:00:00+00:00,-0.0020094391044870093
2003-03-13 00:00:00+00:00,0.015068972919634905
2003-03-14 00:00:00+00:00,0.0038738979918768405
2003-03-17 00:00:00+00:00,-0.009919641658834443
2003-03-18 00:00:00+00:00,0.005591340026965786
2003-03-19 00:00:00+00:00,-0.0018425591112118164
2003-03-20 00:00:00+00:00,-0.00687733389580023
2003-03-21 00:00:00+00:00,0.013067025377957531
2003-03-24 00:00:00+00:00,-0.02238241934192762
2003-03-25 00:00:00+00:00,0.0021004499842604777
2003-03-26 00:00:00+00:00,0.0016324943972620635
2003-03-27 00:00:00+00:00,-0.00966340776654343
2003-03-28 00:00:00+00:00,-0.00856225417124693
2003-03-31 00:00:00+00:00,-0.017345044798504163
2003-04-01 00:00:00+00:00,0.006471317169675162
2003-04-02 00:00:00+00:00,0.020401345769295608
2003-04-03 00:00:00+00:00,0.013324997225708424
2003-04-04 00:00:00+00:00,0.00556089156963876
2003-04-07 00:00:00+00:00,0.032061130354062516
2003-04-08 00:00:00+00:00,0.002269323460749784
2003-04-09 00:00:00+00:00,0.0014315360842120598
2003-04-10 00:00:00+00:00,4.445462786036887e-05
2003-04-11 00:00:00+00:00,0.00826455424748348
2003-04-14 00:00:00+00:00,0.0032999625616375265
2003-04-15 00:00:00+00:00,-0.0020711470677065354
2003-04-16 00:00:00+00:00,0.007463769584378744
2003-04-17 00:00:00+00:00,-0.0011612226089961816
2003-04-21 00:00:00+00:00,0.0036124324098630537
2003-04-22 00:00:00+00:00,-0.006896617662251503
2003-04-23 00:00:00+00:00,0.0025085266668862464
2003-04-24 00:00:00+00:00,-0.008711477824966429
2003-04-25 00:00:00+00:00,-0.0035396174928079335
2003-04-28 00:00:00+00:00,0.00271916173927963
2003-04-29 00:00:00+00:00,0.004517763137330067
2003-04-30 00:00:00+00:00,-0.002828191601983809
2003-05-01 00:00:00+00:00,-0.0004279265845310351
2003-05-02 00:00:00+00:00,-0.003594347671586817
2003-05-05 00:00:00+00:00,0.001978922243272863
2003-05-06 00:00:00+00:00,-0.0007773229167818193
2003-05-07 00:00:00+00:00,-0.006404275622553168
2003-05-08 00:00:00+00:00,-0.012734715506052019
2003-05-09 00:00:00+00:00,0.006616514057411005
2003-05-12 00:00:00+00:00,-0.0024067043726928358
2003-05-13 00:00:00+00:00,-0.005784933246396928
2003-05-14 00:00:00+00:00,0.005369430162921985
2003-05-15 00:00:00+00:00,0.0043329014246548895
2003-05-16 00:00:00+00:00,-0.004741202320858983
2003-05-19 00:00:00+00:00,-0.0072313342152442225
2003-05-20 00:00:00+00:00,0.0018817746643256753
2003-05-21 00:00:00+00:00,-0.004353684800695789
2003-05-22 00:00:00+00:00,0.002583547221915417
2003-05-23 00:00:00+00:00,-0.0014038323831846219
2003-05-27 00:00:00+00:00,-0.005778120012353538
2003-05-28 00:00:00+00:00,0.0030892315231146553
2003-05-29 00:00:00+00:00,0.0014828896236842252
2003-05-30 00:00:00+00:00,0.005968043836538673
2003-06-02 00:00:00+00:00,0.007558674625948914
2003-06-03 00:00:00+00:00,-0.00369352605594212
2003-06-04 00:00:00+00:00,-0.0015975668575729293
2003-06-05 00:00:00+00:00,-0.007991459926598476
2003-06-06 00:00:00+00:00,0.01276478390760557
2003-06-09 00:00:00+00:00,-0.004925713516630547
2003-06-10 00:00:00+00:00,0.0029553083315298715
2003-06-11 00:00:00+00:00,-0.0025755976546247613
2003-06-12 00:00:00+00:00,0.003909082650777796
2003-06-13 00:00:00+00:00,-0.00013677465950770988
2003-06-16 00:00:00+00:00,0.005213485235753013
2003-06-17 00:00:00+00:00,0.003983305959979389
2003-06-18 00:00:00+00:00,-0.003745238848013621
2003-06-19 00:00:00+00:00,0.0010146795787827293
2003-06-20 00:00:00+00:00,0.00780053179370418
2003-06-23 00:00:00+00:00,-0.0010729547110582046
2003-06-24 00:00:00+00:00,-0.004324812366054176
2003-06-25 00:00:00+00:00,-0.00041758189686128515
2003-06-26 00:00:00+00:00,0.004199554462935818
2003-06-27 00:00:00+00:00,-5.67182482893777e-05
2003-06-30 00:00:00+00:00,0.008098498864139237
2003-07-01 00:00:00+00:00,-0.006419938289481208
2003-07-02 00:00:00+00:00,0.0019063771924910603
2003-07-03 00:00:00+00:00,-0.008167181411088997
2003-07-07 00:00:00+00:00,0.01068496657655379
2003-07-08 00:00:00+00:00,-0.0030176677927276404
2003-07-09 00:00:00+00:00,-0.0029858549196163705
2003-07-10 00:00:00+00:00,-0.009413172918646273
2003-07-11 00:00:00+00:00,0.0009440930423849307
2003-07-14 00:00:00+00:00,0.01234025541696967
2003-07-15 00:00:00+00:00,0.007736859751520353
2003-07-16 00:00:00+00:00,0.004292189838628746
2003-07-17 00:00:00+00:00,-0.011615647071588053
2003-07-18 00:00:00+00:00,0.005867343775790868
2003-07-21 00:00:00+00:00,-0.0012408972831194683
2003-07-22 00:00:00+00:00,0.0055102030324845844
2003-07-23 00:00:00+00:00,0.0006993691278366024
2003-07-24 00:00:00+00:00,0.007434251287877636
2003-07-25 00:00:00+00:00,-0.00023892999252348417
2003-07-28 00:00:00+00:00,0.0013420662628328087
2003-07-29 00:00:00+00:00,0.0017290432109696389
2003-07-30 00:00:00+00:00,0.0016540037562033597
2003-07-31 00:00:00+00:00,0.009722314270927035
2003-08-01 00:00:00+00:00,-0.003035224593763019
2003-08-04 00:00:00+00:00,-0.0019509149056770921
2003-08-05 00:00:00+00:00,-0.0014434061720323462
2003-08-06 00:00:00+00:00,0.0035826662740759633
2003-08-07 00:00:00+00:00,0.0011763557300994102
2003-08-08 00:00:00+00:00,0.0033120224831066584
2003-08-11 00:00:00+00:00,-0.00023521882935293418
2003-08-12 00:00:00+00:00,0.0018133220322522296
2003-08-13 00:00:00+00:00,0.0030003645945384187
2003-08-14 00:00:00+00:00,0.0001646624890116691
2003-08-15 00:00:00+00:00,0.0015697625876975544
2003-08-18 00:00:00+00:00,0.003502025923821617
2003-08-19 00:00:00+00:00,0.0029345850007053923
2003-08-20 00:00:00+00:00,-0.007296224526966244
2003-08-21 00:00:00+00:00,0.007331835154839228
2003-08-22 00:00:00+00:00,0.014059895963673375
2003-08-25 00:00:00+00:00,-0.001833274224647052
2003-08-26 00:00:00+00:00,-0.005988845882594717
2003-08-27 00:00:00+00:00,-0.001368060862345843
2003-08-28 00:00:00+00:00,0.0031323596997571927
2003-08-29 00:00:00+00:00,-0.0017998292522018785
2003-09-02 00:00:00+00:00,0.0021826635818152588
2003-09-03 00:00:00+00:00,0.004214637759168272
2003-09-04 00:00:00+00:00,-0.001853442317317799
2003-09-05 00:00:00+00:00,-0.005353253116487133
2003-09-08 00:00:00+00:00,0.0016050046797254306
2003-09-09 00:00:00+00:00,-0.004403682212729387
2003-09-10 00:00:00+00:00,-0.007568347075478465
2003-09-11 00:00:00+00:00,0.0005366445063320294
2003-09-12 00:00:00+00:00,-0.006470161082978964
2003-09-15 00:00:00+00:00,0.00033720170883241336
2003-09-16 00:00:00+00:00,0.0008336653511790918
2003-09-17 00:00:00+00:00,-0.0018001808995026566
2003-09-18 00:00:00+00:00,-0.0015169483592533447
2003-09-19 00:00:00+00:00,0.00018003360411996712
2003-09-22 00:00:00+00:00,-0.01076154312076275
2003-09-23 00:00:00+00:00,0.0006317230631745722
2003-09-24 00:00:00+00:00,0.0004293031390323002
2003-09-25 00:00:00+00:00,0.00359200457503025
2003-09-26 00:00:00+00:00,0.0020222238931527307
2003-09-29 00:00:00+00:00,0.004213515016820846
2003-09-30 00:00:00+00:00,-0.0058484274129593
2003-10-01 00:00:00+00:00,0.004080813499203051
2003-10-02 00:00:00+00:00,-0.001788760354762586
2003-10-03 00:00:00+00:00,0.014524145997859084
2003-10-06 00:00:00+00:00,0.0014504892152412355
2003-10-07 00:00:00+00:00,-0.00725285531514378
2003-10-08 00:00:00+00:00,0.0023446316494396217
2003-10-09 00:00:00+00:00,0.010901474638541709
2003-10-10 00:00:00+00:00,0.0008050533084813186
2003-10-13 00:00:00+00:00,0.00222611528449731
2003-10-14 00:00:00+00:00,-0.002763566738372447
2003-10-15 00:00:00+00:00,0.009154216713897012
2003-10-16 00:00:00+00:00,-0.0029133656171204444
2003-10-17 00:00:00+00:00,-0.0007203221037861748
2003-10-20 00:00:00+00:00,0.0011885643754649625
2003-10-21 00:00:00+00:00,8.014705053468492e-05
2003-10-22 00:00:00+00:00,-0.009364056616379379
2003-10-23 00:00:00+00:00,-0.009513563523840063
2003-10-24 00:00:00+00:00,-0.008375960304641638
2003-10-27 00:00:00+00:00,0.001641721405593011
2003-10-28 00:00:00+00:00,0.004603843500851823
2003-10-29 00:00:00+00:00,-0.003847459632167349
2003-10-30 00:00:00+00:00,0.009536456742563837
2003-10-31 00:00:00+00:00,0.0004066631734395923
2003-11-03 00:00:00+00:00,0.0053895553545782685
2003-11-04 00:00:00+00:00,-0.0012788910482096402
2003-11-05 00:00:00+00:00,-0.0015762894296213244
2003-11-06 00:00:00+00:00,-0.002131094818784684
2003-11-07 00:00:00+00:00,0.0027755570293168334
2003-11-10 00:00:00+00:00,0.0012975226137967536
2003-11-11 00:00:00+00:00,-0.001295974752137918
2003-11-12 00:00:00+00:00,0.0016487932493671423
2003-11-13 00:00:00+00:00,-0.0032009369984524524
2003-11-14 00:00:00+00:00,0.0004469127984699453
2003-11-17 00:00:00+00:00,-0.005761400096935243
2003-11-18 00:00:00+00:00,0.003916989645141389
2003-11-19 00:00:00+00:00,0.0025328343403432044
2003-11-20 00:00:00+00:00,-0.007976117217847167
2003-11-21 00:00:00+00:00,0.004868080413273435
2003-11-24 00:00:00+00:00,0.006239426607786836
2003-11-25 00:00:00+00:00,0.0019259409403737607
2003-11-26 00:00:00+00:00,0.0048553910955771665
2003-11-28 00:00:00+00:00,-0.0018548001797638932
2003-12-01 00:00:00+00:00,0.006242381127119801
2003-12-02 00:00:00+00:00,-0.0024366276857199273
2003-12-03 00:00:00+00:00,0.0031513875690450614
2003-12-04 00:00:00+00:00,0.001590777294914936
2003-12-05 00:00:00+00:00,-0.007582754951935699
2003-12-08 00:00:00+00:00,-0.0010996434610506586
2003-12-09 00:00:00+00:00,0.004071363873389211
2003-12-10 00:00:00+00:00,0.000856788649890106
2003-12-11 00:00:00+00:00,-0.0014021932368316944
2003-12-12 00:00:00+00:00,2.7102751119912076e-05
2003-12-15 00:00:00+00:00,0.014252338887724115
2003-12-16 00:00:00+00:00,0.00021536711967581364
2003-12-17 00:00:00+00:00,-0.0013359613756055207
2003-12-18 00:00:00+00:00,0.0005033185530865739
2003-12-19 00:00:00+00:00,0.0008422385721394646
2003-12-22 00:00:00+00:00,-0.00235584938104042
2003-12-23 00:00:00+00:00,-0.0006989775794582261
2003-12-24 00:00:00+00:00,-0.001061642886632774
2003-12-26 00:00:00+00:00,0.0009462964268047384
2003-12-29 00:00:00+00:00,0.004033543551245489
2003-12-30 00:00:00+00:00,0.0006197616651760999
2003-12-31 00:00:00+00:00,0.0007006176400186862
2004-01-02 00:00:00+00:00,0.004509600700834915
2004-01-05 00:00:00+00:00,0.004793235618463532
2004-01-06 00:00:00+00:00,-0.0016800989810841545
2004-01-07 00:00:00+00:00,-0.0018142184485195664
2004-01-08 00:00:00+00:00,0.003372830056693721
2004-01-09 00:00:00+00:00,-0.006280165588101605
2004-01-12 00:00:00+00:00,0.0020019946616907872
2004-01-13 00:00:00+00:00,-0.0016566826278452736
2004-01-14 00:00:00+00:00,0.002301127061271469
2004-01-15 00:00:00+00:00,-0.001961325817594872
2004-01-16 00:00:00+00:00,0.0034621719901375084
2004-01-20 00:00:00+00:00,0.0030871382196540845
2004-01-21 00:00:00+00:00,-0.0025528694743714216
2004-01-22 00:00:00+00:00,0.0020889675618745666
2004-01-23 00:00:00+00:00,0.0013570719080706287
2004-01-26 00:00:00+00:00,-0.0008693458981682053
2004-01-27 00:00:00+00:00,-0.0018545179538263842
2004-01-28 00:00:00+00:00,0.003657763677322923
2004-01-29 00:00:00+00:00,0.002424620914128506
2004-01-30 00:00:00+00:00,-0.0006608816220802002
2004-02-02 00:00:00+00:00,0.0024227604669286532
2004-02-03 00:00:00+00:00,-0.002120560104750901
2004-02-04 00:00:00+00:00,-0.007089400880234886
2004-02-05 00:00:00+00:00,0.0035945578383252633
2004-02-06 00:00:00+00:00,0.0025428465460406117
2004-02-09 00:00:00+00:00,0.003489166799020638
2004-02-10 00:00:00+00:00,-0.001981911250155932
2004-02-11 00:00:00+00:00,0.0005070759310736531
2004-02-12 00:00:00+00:00,-0.0015292535859610986
2004-02-13 00:00:00+00:00,0.002314303114223726
2004-02-17 00:00:00+00:00,0.007429048592002963
2004-02-18 00:00:00+00:00,0.0007635642263036039
2004-02-19 00:00:00+00:00,0.006857370679760744
2004-02-20 00:00:00+00:00,0.0010556965929559795
2004-02-23 00:00:00+00:00,0.0030787188817760994
2004-02-24 00:00:00+00:00,-0.003754051153684523
2004-02-25 00:00:00+00:00,0.0009682655311678782
2004-02-26 00:00:00+00:00,-0.0029350783868228644
2004-02-27 00:00:00+00:00,0.002014570868980237
2004-03-01 00:00:00+00:00,0.002986654709679038
2004-03-02 00:00:00+00:00,-0.002191744082438862
2004-03-03 00:00:00+00:00,-0.0027976302746915756
2004-03-04 00:00:00+00:00,0.00010422546973617471
2004-03-05 00:00:00+00:00,-0.007382348194113408
2004-03-08 00:00:00+00:00,0.00034764286469803925
2004-03-09 00:00:00+00:00,0.0008681213756010723
2004-03-10 00:00:00+00:00,0.0019220634386228567
2004-03-11 00:00:00+00:00,-0.0028040259954819954
2004-03-12 00:00:00+00:00,0.0068897634985008675
2004-03-15 00:00:00+00:00,-0.003788660392077847
2004-03-16 00:00:00+00:00,0.005460965914470506
2004-03-17 00:00:00+00:00,0.005163593368386088
2004-03-18 00:00:00+00:00,-0.003635028817815222
2004-03-19 00:00:00+00:00,-0.0023248885736572907
2004-03-22 00:00:00+00:00,-0.00580649348012644
2004-03-23 00:00:00+00:00,0.006516331062294401
2004-03-24 00:00:00+00:00,0.0020112358516790278
2004-03-25 00:00:00+00:00,0.0054603784038400275
2004-03-26 00:00:00+00:00,-0.0010459380549678095
2004-03-29 00:00:00+00:00,0.006518507980942301
2004-03-30 00:00:00+00:00,-0.0032641675519450627
2004-03-31 00:00:00+00:00,-7.198154438218222e-05
2004-04-01 00:00:00+00:00,-0.0008516954093889303
2004-04-02 00:00:00+00:00,0.01432053376487038
2004-04-05 00:00:00+00:00,-0.002297984809788633
2004-04-06 00:00:00+00:00,-0.006080319905367148
2004-04-07 00:00:00+00:00,5.26662634347755e-05
2004-04-08 00:00:00+00:00,0.008652053818126138
2004-04-12 00:00:00+00:00,0.0017006108478924923
2004-04-13 00:00:00+00:00,0.0039028613923834613
2004-04-14 00:00:00+00:00,-0.0059526614350911885
2004-04-15 00:00:00+00:00,-0.0008503616012376144
2004-04-16 00:00:00+00:00,0.0022502130389191136
2004-04-19 00:00:00+00:00,-0.0026381287759345336
2004-04-20 00:00:00+00:00,0.001893283677442648
2004-04-21 00:00:00+00:00,0.004033646799231206
2004-04-22 00:00:00+00:00,-0.0010037945632284991
2004-04-23 00:00:00+00:00,0.002610813935742218
2004-04-26 00:00:00+00:00,-9.10433905284888e-05
2004-04-27 00:00:00+00:00,-3.349118490406615e-05
2004-04-28 00:00:00+00:00,-0.0042632405887366494
2004-04-29 00:00:00+00:00,-0.002262434824517356
2004-04-30 00:00:00+00:00,0.0015006563078541982
2004-05-03 00:00:00+00:00,0.004854991871610171
2004-05-04 00:00:00+00:00,0.001712795018029312
2004-05-05 00:00:00+00:00,0.0036730498731841425
2004-05-06 00:00:00+00:00,-0.007891323419853857
2004-05-07 00:00:00+00:00,-0.005349275785034002
2004-05-10 00:00:00+00:00,-0.006953540188768736
2004-05-11 00:00:00+00:00,0.006920617410832908
2004-05-12 00:00:00+00:00,-0.0021145303463385497
2004-05-13 00:00:00+00:00,-0.006259370594833202
2004-05-14 00:00:00+00:00,0.0022317143009613297
2004-05-17 00:00:00+00:00,-0.010849596091369961
2004-05-18 00:00:00+00:00,0.004974145714677658
2004-05-19 00:00:00+00:00,0.009766566285256817
2004-05-20 00:00:00+00:00,0.0018210093965287059
2004-05-21 00:00:00+00:00,0.0035915390485024793
2004-05-24 00:00:00+00:00,0.006976460796838857
2004-05-25 00:00:00+00:00,-0.0035373836129188093
2004-05-26 00:00:00+00:00,-0.0025399048544987642
2004-05-27 00:00:00+00:00,0.002418107845151696
2004-05-28 00:00:00+00:00,-0.0014692319475334333
2004-06-01 00:00:00+00:00,-0.0059024316185112054
2004-06-02 00:00:00+00:00,0.001941227675578661
2004-06-03 00:00:00+00:00,-0.0033614822410277575
2004-06-04 00:00:00+00:00,0.008672572742759422
2004-06-07 00:00:00+00:00,0.005145995195671682
2004-06-08 00:00:00+00:00,-0.0037634226775780984
2004-06-09 00:00:00+00:00,-0.0034408012273935747
2004-06-10 00:00:00+00:00,0.0023023745208085814
2004-06-14 00:00:00+00:00,-0.005739214190488484
2004-06-15 00:00:00+00:00,0.006006636566698498
2004-06-16 00:00:00+00:00,-0.0006591138224127709
2004-06-17 00:00:00+00:00,-0.002046925109794406
2004-06-18 00:00:00+00:00,-0.002180081195614003
2004-06-21 00:00:00+00:00,0.0013256587308276505
2004-06-22 00:00:00+00:00,-0.0004708323070502837
2004-06-23 00:00:00+00:00,-0.0025025128267281756
2004-06-24 00:00:00+00:00,-0.002475012622765149
2004-06-25 00:00:00+00:00,-0.0008873244355180106
2004-06-28 00:00:00+00:00,0.004829872120239631
2004-06-29 00:00:00+00:00,0.0011328689912473936
2004-06-30 00:00:00+00:00,0.0014289981787388387
2004-07-01 00:00:00+00:00,-0.0025825755022882754
2004-07-02 00:00:00+00:00,0.0006739170170118828
2004-07-06 00:00:00+00:00,-0.005546401129510636
2004-07-07 00:00:00+00:00,-0.001628628510854357
2004-07-08 00:00:00+00:00,-0.006143623574740553
2004-07-09 00:00:00+00:00,0.002916842867371672
2004-07-12 00:00:00+00:00,-0.0037573719735583874
2004-07-13 00:00:00+00:00,0.0014499032174058683
2004-07-14 00:00:00+00:00,-0.00790463440970327
2004-07-15 00:00:00+00:00,0.0025336201613640145
2004-07-16 00:00:00+00:00,0.008307443625599065
2004-07-19 00:00:00+00:00,0.0014670883333631427
2004-07-20 00:00:00+00:00,0.0030384420455463416
2004-07-21 00:00:00+00:00,0.0024819163418568716
2004-07-22 00:00:00+00:00,-0.0001409890344127637
2004-07-23 00:00:00+00:00,-0.005068053902285352
2004-07-26 00:00:00+00:00,0.0011939108751387265
2004-07-27 00:00:00+00:00,0.0029878711858763677
2004-07-28 00:00:00+00:00,-0.0030398575842309535
2004-07-29 00:00:00+00:00,0.006497899946161978
2004-07-30 00:00:00+00:00,-0.001718342444108045
2004-08-02 00:00:00+00:00,-0.0072447093926208735
2004-08-03 00:00:00+00:00,-0.00264641560416482
2004-08-04 00:00:00+00:00,-0.0029200342998365932
2004-08-05 00:00:00+00:00,0.0017143944343987697
2004-08-06 00:00:00+00:00,-0.0068276855107695985
2004-08-09 00:00:00+00:00,0.0018707156548321783
2004-08-10 00:00:00+00:00,0.0035874162647900557
2004-08-11 00:00:00+00:00,-0.008949494634629662
2004-08-12 00:00:00+00:00,-0.006011987895147874
2004-08-13 00:00:00+00:00,0.003032420276481063
2004-08-16 00:00:00+00:00,0.0008507012354758373
2004-08-17 00:00:00+00:00,0.005274002614091689
2004-08-18 00:00:00+00:00,-0.005096997381554591
2004-08-19 00:00:00+00:00,-0.0030724397429217395
2004-08-20 00:00:00+00:00,-0.0022404709182656576
2004-08-23 00:00:00+00:00,0.0006048194190740545
2004-08-24 00:00:00+00:00,0.00404325870892216
2004-08-25 00:00:00+00:00,-0.0005374437131839601
2004-08-26 00:00:00+00:00,-0.0022324768629312427
2004-08-27 00:00:00+00:00,0.0011673553853871147
2004-08-30 00:00:00+00:00,-0.0035018722573056157
2004-08-31 00:00:00+00:00,0.0008765977215815183
2004-09-01 00:00:00+00:00,-0.002343201733416877
2004-09-02 00:00:00+00:00,-0.001972241575277955
2004-09-03 00:00:00+00:00,-0.006298000568950057
2004-09-07 00:00:00+00:00,0.005380767172833723
2004-09-08 00:00:00+00:00,-0.0031063282730157456
2004-09-09 00:00:00+00:00,0.0018429982109368862
2004-09-10 00:00:00+00:00,0.00016649298346335136
2004-09-13 00:00:00+00:00,0.0026565126017064847
2004-09-14 00:00:00+00:00,-0.002699834096461828
2004-09-15 00:00:00+00:00,-0.0048307906709330935
2004-09-16 00:00:00+00:00,6.341847328746904e-05
2004-09-17 00:00:00+00:00,-0.00033595470807821186
2004-09-20 00:00:00+00:00,-0.004397066173156916
2004-09-21 00:00:00+00:00,0.002497246592293301
2004-09-22 00:00:00+00:00,-0.0041632679612202735
2004-09-23 00:00:00+00:00,0.00035285010942750524
2004-09-24 00:00:00+00:00,0.001694065513466481
2004-09-27 00:00:00+00:00,-0.0045007979774317804
2004-09-28 00:00:00+00:00,0.0011466071273511184
2004-09-29 00:00:00+00:00,-0.0010483419968268844
2004-09-30 00:00:00+00:00,-0.0024516514756687587
2004-10-01 00:00:00+00:00,0.006347961377941547
2004-10-04 00:00:00+00:00,0.005280977812416399
2004-10-05 00:00:00+00:00,-0.0013581454668341927
2004-10-06 00:00:00+00:00,-0.00155817144179724
2004-10-07 00:00:00+00:00,-0.0031081503657267914
2004-10-08 00:00:00+00:00,-0.0038298542007035082
2004-10-11 00:00:00+00:00,0.002867091708378367
2004-10-12 00:00:00+00:00,-0.008183308619057894
2004-10-13 00:00:00+00:00,0.006831761467957687
2004-10-14 00:00:00+00:00,0.001450716009276232
2004-10-15 00:00:00+00:00,0.001981446325880343
2004-10-18 00:00:00+00:00,-0.003646686291334666
2004-10-19 00:00:00+00:00,0.004542723244072533
2004-10-20 00:00:00+00:00,-0.002622409780340817
2004-10-21 00:00:00+00:00,0.003556431618497691
2004-10-22 00:00:00+00:00,-0.00038792238807336925
2004-10-25 00:00:00+00:00,-0.0023682818485422415
2004-10-26 00:00:00+00:00,0.0012091175749171183
2004-10-27 00:00:00+00:00,-0.0007379545209893808
2004-10-28 00:00:00+00:00,-0.0014236883931809993
2004-10-29 00:00:00+00:00,-0.0014178962251937596
2004-11-01 00:00:00+00:00,0.002374030161183838
2004-11-02 00:00:00+00:00,0.0010800109474236822
2004-11-03 00:00:00+00:00,0.014289855488167936
2004-11-04 00:00:00+00:00,-0.0031747247887251914
2004-11-05 00:00:00+00:00,0.007161495047412781
2004-11-08 00:00:00+00:00,-0.001710650650622125
2004-11-09 00:00:00+00:00,-0.0013491033456697662
2004-11-10 00:00:00+00:00,0.0006017624147960036
2004-11-11 00:00:00+00:00,0.0021855318039103126
2004-11-12 00:00:00+00:00,0.0008194180199596283
2004-11-15 00:00:00+00:00,-0.00030100168596051106
2004-11-16 00:00:00+00:00,-0.004047306050200627
2004-11-17 00:00:00+00:00,0.0048881493116126
2004-11-18 00:00:00+00:00,-0.0021730350691584795
2004-11-19 00:00:00+00:00,-0.0011047642980461566
2004-11-22 00:00:00+00:00,-0.002269434091815103
2004-11-23 00:00:00+00:00,-0.001024286768347404
2004-11-24 00:00:00+00:00,0.0014484127327087596
2004-11-26 00:00:00+00:00,0.0005035274961455397
2004-11-29 00:00:00+00:00,0.00474691630544174
2004-11-30 00:00:00+00:00,0.0017820961874744582
2004-12-01 00:00:00+00:00,0.0027624375518185643
2004-12-02 00:00:00+00:00,-0.0020980134844522987
2004-12-03 00:00:00+00:00,0.00311020710108203
2004-12-06 00:00:00+00:00,-0.0005921132302249884
2004-12-07 00:00:00+00:00,0.0018678263188961156
2004-12-08 00:00:00+00:00,0.000418110216319845
2004-12-09 00:00:00+00:00,-0.0070545828950128505
2004-12-10 00:00:00+00:00,-0.004138449981807879
2004-12-13 00:00:00+00:00,0.00525797237923783
2004-12-14 00:00:00+00:00,-0.00108933927326158
2004-12-15 00:00:00+00:00,-0.0005485475832962324
2004-12-16 00:00:00+00:00,-0.000838074777269859
2004-12-17 00:00:00+00:00,-0.002679438302814396
2004-12-20 00:00:00+00:00,0.002263920986193402
2004-12-21 00:00:00+00:00,0.0026676717479234505
2004-12-22 00:00:00+00:00,-0.0021056841026515834
2004-12-23 00:00:00+00:00,-0.0010233099348906146
2004-12-27 00:00:00+00:00,0.004247116347133451
2004-12-28 00:00:00+00:00,0.001208423033895534
2004-12-29 00:00:00+00:00,-0.0013380780929230004
2004-12-30 00:00:00+00:00,0.000489329385897375
2004-12-31 00:00:00+00:00,0.0009015174101499549
2005-01-03 00:00:00+00:00,0.004683852163153557
2005-01-04 00:00:00+00:00,0.0025169185985704726
2005-01-05 00:00:00+00:00,-0.0019682017274425864
2005-01-06 00:00:00+00:00,0.0026895369289201224
2005-01-07 00:00:00+00:00,0.003955770083745225
2005-01-10 00:00:00+00:00,-0.002149091862880514
2005-01-11 00:00:00+00:00,-0.0038891599835740084
2005-01-12 00:00:00+00:00,0.0028532603412331995
2005-01-13 00:00:00+00:00,-5.526446239001155e-06
2005-01-14 00:00:00+00:00,0.002895643138204085
2005-01-18 00:00:00+00:00,-0.0030552953754994557
2005-01-19 00:00:00+00:00,-0.0003382271188232308
2005-01-20 00:00:00+00:00,-0.007341336470008541
2005-01-21 00:00:00+00:00,0.002673768751696637
2005-01-24 00:00:00+00:00,0.001971980015032371
2005-01-25 00:00:00+00:00,0.004529477898173118
2005-01-26 00:00:00+00:00,0.004987340492154291
2005-01-27 00:00:00+00:00,-0.0012780401325994447
2005-01-28 00:00:00+00:00,0.0015725230796188264
2005-01-31 00:00:00+00:00,0.007873074773155431
2005-02-01 00:00:00+00:00,0.0012841412573578407
2005-02-02 00:00:00+00:00,0.0019297950023790759
2005-02-03 00:00:00+00:00,-0.0038415673423193627
2005-02-04 00:00:00+00:00,-0.00013153144965986045
2005-02-07 00:00:00+00:00,0.0004454561657701531
2005-02-08 00:00:00+00:00,-1.6646263774821853e-05
2005-02-09 00:00:00+00:00,0.0009707729444473293
2005-02-10 00:00:00+00:00,0.003188221157919469
2005-02-11 00:00:00+00:00,-0.0020825384875935767
2005-02-14 00:00:00+00:00,-0.0006307523045585347
2005-02-15 00:00:00+00:00,0.000593115410881773
2005-02-16 00:00:00+00:00,-0.0023062248434357665
2005-02-17 00:00:00+00:00,0.0007041209690156983
2005-02-18 00:00:00+00:00,-0.00012461716946946503
2005-02-22 00:00:00+00:00,-0.006619247162886343
2005-02-23 00:00:00+00:00,0.0031242296808745244
2005-02-24 00:00:00+00:00,-0.0023968242257025093
2005-02-25 00:00:00+00:00,-0.0005761489456495347
2005-02-28 00:00:00+00:00,-0.003579493514681042
2005-03-01 00:00:00+00:00,0.002502378284873619
2005-03-02 00:00:00+00:00,-0.0051618930527473125
2005-03-03 00:00:00+00:00,0.0030518237279204222
2005-03-04 00:00:00+00:00,0.007144825742863759
2005-03-07 00:00:00+00:00,0.00048058050911872237
2005-03-08 00:00:00+00:00,-0.0014453633986598376
2005-03-09 00:00:00+00:00,-0.0019039851488791056
2005-03-10 00:00:00+00:00,0.0011827265214218955
2005-03-11 00:00:00+00:00,0.0022540372443944027
2005-03-14 00:00:00+00:00,0.0015554804695214423
2005-03-15 00:00:00+00:00,0.0019268255011757
2005-03-16 00:00:00+00:00,-0.0038855058324882893
2005-03-17 00:00:00+00:00,0.0003607539336486168
2005-03-18 00:00:00+00:00,0.0011574508156552924
2005-03-21 00:00:00+00:00,0.0016490022915203965
2005-03-22 00:00:00+00:00,0.0012538231899906441
2005-03-23 00:00:00+00:00,-0.0006400849858013476
2005-03-24 00:00:00+00:00,0.0034580984691315545
2005-03-28 00:00:00+00:00,0.002825682390351825
2005-03-29 00:00:00+00:00,-0.0019880960188614957
2005-03-30 00:00:00+00:00,0.0032693488010214437
2005-03-31 00:00:00+00:00,-0.00025766908002103876
2005-04-01 00:00:00+00:00,0.005957972695282499
2005-04-04 00:00:00+00:00,9.252813346041251e-05
2005-04-05 00:00:00+00:00,0.0007489878787522945
2005-04-06 00:00:00+00:00,0.0021675841219405915
2005-04-07 00:00:00+00:00,-0.0006900410486777361
2005-04-08 00:00:00+00:00,0.00021890166533141715
2005-04-11 00:00:00+00:00,0.0024296761110879864
2005-04-12 00:00:00+00:00,-0.0016951053090998643
2005-04-13 00:00:00+00:00,-0.0022533302527015017
2005-04-14 00:00:00+00:00,0.0001258566262267949
2005-04-15 00:00:00+00:00,-0.00478925659377819
2005-04-18 00:00:00+00:00,-0.0008631981532921992
2005-04-19 00:00:00+00:00,0.006204844059887827
2005-04-20 00:00:00+00:00,0.0027139418368151928
2005-04-21 00:00:00+00:00,0.010101341485060889
2005-04-22 00:00:00+00:00,-0.0037095222655944334
2005-04-25 00:00:00+00:00,0.003946725294830389
2005-04-26 00:00:00+00:00,-0.0031620398266474
2005-04-27 00:00:00+00:00,-0.004343364887220457
2005-04-28 00:00:00+00:00,-0.004507056249991181
2005-04-29 00:00:00+00:00,0.0071064453775821716
2005-05-02 00:00:00+00:00,0.002797094720407423
2005-05-03 00:00:00+00:00,-0.0027138983483671383
2005-05-04 00:00:00+00:00,-0.00022698769027105185
2005-05-05 00:00:00+00:00,0.0007031456261347938
2005-05-06 00:00:00+00:00,0.004636854330347407
2005-05-09 00:00:00+00:00,0.00035192210389330987
2005-05-10 00:00:00+00:00,-0.004611255964839666
2005-05-11 00:00:00+00:00,0.0018143700340721106
2005-05-12 00:00:00+00:00,0.0011531009630907033
2005-05-13 00:00:00+00:00,0.0031622734296829717
2005-05-16 00:00:00+00:00,-0.0003862578412193504
2005-05-17 00:00:00+00:00,-0.003751657571279576
2005-05-18 00:00:00+00:00,0.003230941244275443
2005-05-19 00:00:00+00:00,0.0018780215998171704
2005-05-20 00:00:00+00:00,-0.0008901128017775647
2005-05-23 00:00:00+00:00,7.763932343715115e-05
2005-05-24 00:00:00+00:00,-0.0029079792896113173
2005-05-25 00:00:00+00:00,-0.0026397159136941403
2005-05-26 00:00:00+00:00,0.003539415938525881
2005-05-27 00:00:00+00:00,-0.0009129172207206545
2005-05-31 00:00:00+00:00,-0.0012685830155384822
2005-06-01 00:00:00+00:00,-0.0007894584886263042
2005-06-02 00:00:00+00:00,-0.0022019231678534253
2005-06-03 00:00:00+00:00,-0.001556996762143081
2005-06-06 00:00:00+00:00,-0.0008702764025991568
2005-06-07 00:00:00+00:00,0.0016829121948169438
2005-06-08 00:00:00+00:00,0.0021393813391669906
2005-06-09 00:00:00+00:00,-0.001671911082715449
2005-06-10 00:00:00+00:00,-0.0006269247369069305
2005-06-13 00:00:00+00:00,-0.002313309571184396
2005-06-14 00:00:00+00:00,-0.0013692806084195982
2005-06-15 00:00:00+00:00,0.004267290612302877
2005-06-16 00:00:00+00:00,0.0001068169263481414
2005-06-17 00:00:00+00:00,0.005532013669932801
2005-06-20 00:00:00+00:00,-0.0034339802263440907
2005-06-21 00:00:00+00:00,-0.0002843882559221186
2005-06-22 00:00:00+00:00,0.002546257774629324
2005-06-23 00:00:00+00:00,-0.0005349350331223298
2005-06-24 00:00:00+00:00,-0.0003504302950977142
2005-06-27 00:00:00+00:00,-0.0006121662652782463
2005-06-28 00:00:00+00:00,0.002786668121773162
2005-06-29 00:00:00+00:00,0.0019617863820691975
2005-06-30 00:00:00+00:00,0.002271080483435906
2005-07-01 00:00:00+00:00,0.0019204387507055446
2005-07-05 00:00:00+00:00,-0.0032404786450674124
2005-07-06 00:00:00+00:00,-0.0017934441394144348
2005-07-07 00:00:00+00:00,-0.010018656123368419
2005-07-08 00:00:00+00:00,5.3343913367609756e-05
2005-07-11 00:00:00+00:00,0.0010651245961286974
2005-07-12 00:00:00+00:00,-9.486499262648633e-05
2005-07-13 00:00:00+00:00,1.6326890501464227e-06
2005-07-14 00:00:00+00:00,0.005593090079238883
2005-07-15 00:00:00+00:00,-1.423891879535037e-05
2005-07-18 00:00:00+00:00,-0.002969593675462656
2005-07-19 00:00:00+00:00,0.0034951805218987556
2005-07-20 00:00:00+00:00,-0.005110828460210692
2005-07-21 00:00:00+00:00,0.001413069450105076
2005-07-22 00:00:00+00:00,0.0004779215839887055
2005-07-25 00:00:00+00:00,-0.00031838481139404544
2005-07-26 00:00:00+00:00,0.0013900267548147775
2005-07-27 00:00:00+00:00,0.0007291556056597485
2005-07-28 00:00:00+00:00,0.000764598971135089
2005-07-29 00:00:00+00:00,-0.0014432238686380768
2005-08-01 00:00:00+00:00,0.0008212272249592204
2005-08-02 00:00:00+00:00,0.001220394421424154
2005-08-03 00:00:00+00:00,-0.00298378884913556
2005-08-04 00:00:00+00:00,-0.004510776283633311
2005-08-05 00:00:00+00:00,-0.0021474181805598343
2005-08-08 00:00:00+00:00,0.0013049326654874464
2005-08-09 00:00:00+00:00,0.0036682282158810534
2005-08-10 00:00:00+00:00,0.0027099690051066386
2005-08-11 00:00:00+00:00,-0.00028755852476328696
2005-08-12 00:00:00+00:00,-0.0052409295638450645
2005-08-15 00:00:00+00:00,-0.0005422943235168006
2005-08-16 00:00:00+00:00,-0.0037356763375196774
2005-08-17 00:00:00+00:00,0.0010348439210058572
2005-08-18 00:00:00+00:00,-0.003090598517059206
2005-08-19 00:00:00+00:00,0.002144147444387368
2005-08-22 00:00:00+00:00,0.0009218802645679317
2005-08-23 00:00:00+00:00,-0.00017760311623036233
2005-08-24 00:00:00+00:00,-0.002559325950999369
2005-08-25 00:00:00+00:00,0.0014341179894142523
2005-08-26 00:00:00+00:00,-0.001529489153918961
2005-08-29 00:00:00+00:00,-0.004349718073305175
2005-08-30 00:00:00+00:00,-0.004687766250930181
2005-08-31 00:00:00+00:00,0.0005374945449569627
2005-09-01 00:00:00+00:00,-0.0002884698038479236
2005-09-02 00:00:00+00:00,0.0021971199984032967
2005-09-06 00:00:00+00:00,0.003616645436948474
2005-09-07 00:00:00+00:00,-0.0010915525686615909
2005-09-08 00:00:00+00:00,-0.0028312172680685973
2005-09-09 00:00:00+00:00,0.0011632003232921687
2005-09-12 00:00:00+00:00,-0.0007756065218589066
2005-09-13 00:00:00+00:00,-0.0018139854050051914
2005-09-14 00:00:00+00:00,0.00027562274839817465
2005-09-15 00:00:00+00:00,0.0022628973629243657
2005-09-16 00:00:00+00:00,0.003589157505558516
2005-09-19 00:00:00+00:00,-0.0014369258601914844
2005-09-20 00:00:00+00:00,0.001042503354637481
2005-09-21 00:00:00+00:00,-0.0027775686678595864
2005-09-22 00:00:00+00:00,-0.0009143880958941471
2005-09-23 00:00:00+00:00,-0.0025235541587007356
2005-09-26 00:00:00+00:00,0.004926745831274582
2005-09-27 00:00:00+00:00,-0.0001598417528322124
2005-09-28 00:00:00+00:00,0.0024270309705809127
2005-09-29 00:00:00+00:00,-0.0014395682897298308
2005-09-30 00:00:00+00:00,-0.0008457996999301828
2005-10-03 00:00:00+00:00,0.00038843131905710345
2005-10-04 00:00:00+00:00,0.0012334965899391762
2005-10-05 00:00:00+00:00,-4.9307843939782865e-05
2005-10-06 00:00:00+00:00,-5.9939053771140545e-05
2005-10-07 00:00:00+00:00,0.003758622909488663
2005-10-10 00:00:00+00:00,-0.0009204445198383922
2005-10-11 00:00:00+00:00,0.0027865329620951566
2005-10-12 00:00:00+00:00,-0.0033681750030552845
2005-10-13 00:00:00+00:00,-0.0007368726093761931
2005-10-14 00:00:00+00:00,0.003961236205593932
2005-10-17 00:00:00+00:00,0.00037920839049695483
2005-10-18 00:00:00+00:00,-0.0015373989121705619
2005-10-19 00:00:00+00:00,-0.004164151081743983
2005-10-20 00:00:00+00:00,-0.0009929367233271532
2005-10-21 00:00:00+00:00,0.007032546454014155
2005-10-24 00:00:00+00:00,0.0033466244820962946
2005-10-25 00:00:00+00:00,-0.0021941055525822924
2005-10-26 00:00:00+00:00,-0.0015610356365005958
2005-10-27 00:00:00+00:00,-0.0013987583330387406
2005-10-28 00:00:00+00:00,0.002806259015031254
2005-10-31 00:00:00+00:00,0.003441313367503607
2005-11-01 00:00:00+00:00,0.00041517999583337047
2005-11-02 00:00:00+00:00,-0.0030440148727144175
2005-11-03 00:00:00+00:00,0.0062981560799805995
2005-11-04 00:00:00+00:00,0.0009829597435018992
2005-11-07 00:00:00+00:00,0.0023862728569432282
2005-11-08 00:00:00+00:00,-0.0021501343279347936
2005-11-09 00:00:00+00:00,-0.0011627348801283906
2005-11-10 00:00:00+00:00,-0.00025528189739552036
2005-11-11 00:00:00+00:00,0.0018340368032052305
2005-11-14 00:00:00+00:00,0.0005580632391862465
2005-11-15 00:00:00+00:00,-0.0006199656951793361
2005-11-16 00:00:00+00:00,0.001585029529789195
2005-11-17 00:00:00+00:00,0.0021860102372687987
2005-11-18 00:00:00+00:00,0.003926654128147711
2005-11-21 00:00:00+00:00,-0.0008234899634186107
2005-11-22 00:00:00+00:00,-0.002057843982836904
2005-11-23 00:00:00+00:00,-0.00013814579125473984
2005-11-25 00:00:00+00:00,-1.829492611513632e-05
2005-11-28 00:00:00+00:00,0.0014849988952371999
2005-11-29 00:00:00+00:00,0.0041320586724814205
2005-11-30 00:00:00+00:00,-0.0007482482239717699
2005-12-01 00:00:00+00:00,0.005405592462100229
2005-12-02 00:00:00+00:00,-0.0008172076681275172
2005-12-05 00:00:00+00:00,-0.001485262660564179
2005-12-06 00:00:00+00:00,0.004307795656415226
2005-12-07 00:00:00+00:00,0.0002181979246018931
2005-12-08 00:00:00+00:00,0.0014497608487531125
2005-12-09 00:00:00+00:00,0.00033490555917850025
2005-12-12 00:00:00+00:00,0.0030017378120239194
2005-12-13 00:00:00+00:00,-0.0010156212664354288
2005-12-14 00:00:00+00:00,-0.0018415582947791439
2005-12-15 00:00:00+00:00,0.001010049559730131
2005-12-16 00:00:00+00:00,0.0016121857346019456
2005-12-19 00:00:00+00:00,0.0022461358753776643
2005-12-20 00:00:00+00:00,0.0006636976326833358
2005-12-21 00:00:00+00:00,0.002104076073830197
2005-12-22 00:00:00+00:00,0.0005674953105011208
2005-12-23 00:00:00+00:00,0.0013839293116202026
2005-12-27 00:00:00+00:00,0.0019379225105977341
2005-12-28 00:00:00+00:00,0.0010195466593560746
2005-12-29 00:00:00+00:00,6.87706459835072e-05
2005-12-30 00:00:00+00:00,-0.004067515741937899
2006-01-03 00:00:00+00:00,0.005400040679111451
2006-01-04 00:00:00+00:00,0.0015418498678877127
2006-01-05 00:00:00+00:00,-0.0007698334840645967
2006-01-06 00:00:00+00:00,0.006267983851012982
2006-01-09 00:00:00+00:00,-0.0003779102200545445
2006-01-10 00:00:00+00:00,-0.003992581293744612
2006-01-11 00:00:00+00:00,0.001564707748861716
2006-01-12 00:00:00+00:00,-0.0017676068090992977
2006-01-13 00:00:00+00:00,-0.0018903914241305327
2006-01-17 00:00:00+00:00,-0.006004398415085021
2006-01-18 00:00:00+00:00,-0.011067720122615232
2006-01-19 00:00:00+00:00,0.003399970083238524
2006-01-20 00:00:00+00:00,-0.0011221169319137522
2006-01-23 00:00:00+00:00,0.0019859571653010003
2006-01-24 00:00:00+00:00,0.001742322613246883
2006-01-25 00:00:00+00:00,0.004049316735988484
2006-01-26 00:00:00+00:00,0.004937128500887867
2006-01-27 00:00:00+00:00,0.0038863738782554894
2006-01-30 00:00:00+00:00,0.0001418707188339477
2006-01-31 00:00:00+00:00,-0.001003474679407623
2006-02-01 00:00:00+00:00,-0.002140649403106631
2006-02-02 00:00:00+00:00,-0.0030898886644319164
2006-02-03 00:00:00+00:00,-0.005302398143915787
2006-02-06 00:00:00+00:00,-0.0020703582076963874
2006-02-07 00:00:00+00:00,-0.0020264656172472636
2006-02-08 00:00:00+00:00,0.0047428509912415765
2006-02-09 00:00:00+00:00,0.0022229434086144754
2006-02-10 00:00:00+00:00,-0.0005894065636439013
2006-02-13 00:00:00+00:00,-0.0036320770412730293
2006-02-14 00:00:00+00:00,0.0008860886515113745
2006-02-15 00:00:00+00:00,-0.0019187828549609206
2006-02-16 00:00:00+00:00,0.0020678237588060647
2006-02-17 00:00:00+00:00,-0.0016884797966381423
2006-02-21 00:00:00+00:00,0.0008642161370595262
2006-02-22 00:00:00+00:00,0.00115795358974532
2006-02-23 00:00:00+00:00,-0.0011482572458975434
2006-02-24 00:00:00+00:00,0.00030212565253103814
2006-02-27 00:00:00+00:00,0.0008732973931101732
2006-02-28 00:00:00+00:00,-0.002622604585208776
2006-03-01 00:00:00+00:00,0.0027244389818008256
2006-03-02 00:00:00+00:00,-0.0034367656962388856
2006-03-03 00:00:00+00:00,-0.005845371731445092
2006-03-06 00:00:00+00:00,0.002261464760676202
2006-03-07 00:00:00+00:00,-0.0023609687336760606
2006-03-08 00:00:00+00:00,-0.002457245033712285
2006-03-09 00:00:00+00:00,0.0014463865973577076
2006-03-10 00:00:00+00:00,0.0005019303686284119
2006-03-13 00:00:00+00:00,0.0028911335292642563
2006-03-14 00:00:00+00:00,-0.001257330002522294
2006-03-15 00:00:00+00:00,0.0015183823835783431
2006-03-16 00:00:00+00:00,0.0022141450264307697
2006-03-17 00:00:00+00:00,0.00033511133725802085
2006-03-20 00:00:00+00:00,0.0012245696857667524
2006-03-21 00:00:00+00:00,-0.005748533534248789
2006-03-22 00:00:00+00:00,-0.0034061174115964984
2006-03-23 00:00:00+00:00,-0.0022160209531013383
2006-03-24 00:00:00+00:00,0.0009422261090676013
2006-03-27 00:00:00+00:00,-0.0012332325526849038
2006-03-28 00:00:00+00:00,0.0003220086671296921
2006-03-29 00:00:00+00:00,0.001164375266810425
2006-03-30 00:00:00+00:00,0.0010813087691499915
2006-03-31 00:00:00+00:00,0.001498570717175263
2006-04-03 00:00:00+00:00,0.003247677957916551
2006-04-04 00:00:00+00:00,0.0005336834620393808
2006-04-05 00:00:00+00:00,0.0009579857062988698
2006-04-06 00:00:00+00:00,-0.0011455527225481595
2006-04-07 00:00:00+00:00,0.002180917955047346
2006-04-10 00:00:00+00:00,0.001417534034407553
2006-04-11 00:00:00+00:00,0.001661772572197429
2006-04-12 00:00:00+00:00,0.00044405023482126967
2006-04-13 00:00:00+00:00,-0.001782963541078408
2006-04-17 00:00:00+00:00,-0.0005462427246395226
2006-04-18 00:00:00+00:00,0.002069668373351175
2006-04-19 00:00:00+00:00,0.0008332573387190515
2006-04-20 00:00:00+00:00,-0.0002262018516792971
2006-04-21 00:00:00+00:00,0.003717801749711558
2006-04-24 00:00:00+00:00,-0.00188662105252938
2006-04-25 00:00:00+00:00,0.0015071558653424137
2006-04-26 00:00:00+00:00,7.916268742066442e-05
2006-04-27 00:00:00+00:00,-0.004486564007412852
2006-04-28 00:00:00+00:00,-0.0042921187080805275
2006-05-01 00:00:00+00:00,0.0005364134052241124
2006-05-02 00:00:00+00:00,0.004210744662268751
2006-05-03 00:00:00+00:00,-0.0009350469177458517
2006-05-04 00:00:00+00:00,0.0009080741912359195
2006-05-05 00:00:00+00:00,0.005553468637232795
2006-05-08 00:00:00+00:00,-0.001286147662811354
2006-05-09 00:00:00+00:00,-0.0012583234999883671
2006-05-10 00:00:00+00:00,-0.002400010614087766
2006-05-11 00:00:00+00:00,-0.000930868210918567
2006-05-12 00:00:00+00:00,-0.004761801928616393
2006-05-15 00:00:00+00:00,-0.0041561920845174846
2006-05-16 00:00:00+00:00,0.0008282516062239845
2006-05-17 00:00:00+00:00,-0.005032148842351014
2006-05-18 00:00:00+00:00,0.0038322695698544632
2006-05-19 00:00:00+00:00,0.004235710797748727
2006-05-22 00:00:00+00:00,-0.007846324618048883
2006-05-23 00:00:00+00:00,0.007583081612684362
2006-05-24 00:00:00+00:00,0.0009599671502662725
2006-05-25 00:00:00+00:00,0.006018439912519347
2006-05-26 00:00:00+00:00,0.0019392942054361154
2006-05-30 00:00:00+00:00,-0.004302438894062377
2006-05-31 00:00:00+00:00,0.002667667363745319
2006-06-01 00:00:00+00:00,0.0006073185776370397
2006-06-02 00:00:00+00:00,0.004487297909471744
2006-06-05 00:00:00+00:00,-0.0018904607500322742
2006-06-06 00:00:00+00:00,0.0009564540475955566
2006-06-07 00:00:00+00:00,0.0007399344099869535
2006-06-08 00:00:00+00:00,-0.003882953387941401
2006-06-09 00:00:00+00:00,0.004209105660407631
2006-06-12 00:00:00+00:00,0.0024690407109034477
2006-06-13 00:00:00+00:00,-0.00010463026792032452
2006-06-14 00:00:00+00:00,0.0023594093760480276
2006-06-15 00:00:00+00:00,0.004445252236532216
2006-06-16 00:00:00+00:00,-0.0023530015725132577
2006-06-19 00:00:00+00:00,0.004795015956865234
2006-06-20 00:00:00+00:00,0.0018632173753097784
2006-06-21 00:00:00+00:00,0.0001249497449893558
2006-06-22 00:00:00+00:00,-0.0017031058800659245
2006-06-23 00:00:00+00:00,-0.001215225460958957
2006-06-26 00:00:00+00:00,0.0003642020443927699
2006-06-27 00:00:00+00:00,4.144899181431934e-05
2006-06-28 00:00:00+00:00,0.0020288985990607137
2006-06-29 00:00:00+00:00,0.0037512246614673454
2006-06-30 00:00:00+00:00,0.002814453526181893
2006-07-03 00:00:00+00:00,0.0018368187353904
2006-07-05 00:00:00+00:00,-0.006910769996692023
2006-07-06 00:00:00+00:00,0.0017846361898932964
2006-07-07 00:00:00+00:00,-0.004036122939827335
2006-07-10 00:00:00+00:00,0.0023298672622443454
2006-07-11 00:00:00+00:00,-0.00231693436086664
2006-07-12 00:00:00+00:00,-0.002382922731330816
2006-07-13 00:00:00+00:00,-0.006606422627721964
2006-07-14 00:00:00+00:00,8.675405045390801e-05
2006-07-17 00:00:00+00:00,-0.00016113437060908368
2006-07-18 00:00:00+00:00,0.0038366463933615317
2006-07-19 00:00:00+00:00,0.0001316677085424714
2006-07-20 00:00:00+00:00,0.003185752141526799
2006-07-21 00:00:00+00:00,-0.0017899211232858866
2006-07-24 00:00:00+00:00,0.0036375593205717153
2006-07-25 00:00:00+00:00,-0.0001126603495807174
2006-07-26 00:00:00+00:00,-0.0020782213475318053
2006-07-27 00:00:00+00:00,0.003917937123280224
2006-07-28 00:00:00+00:00,0.0034785168718469376
2006-07-31 00:00:00+00:00,-0.001954878826876871
2006-08-01 00:00:00+00:00,-0.006741735063644038
2006-08-02 00:00:00+00:00,0.0028966594966956753
2006-08-03 00:00:00+00:00,-0.00820362762675395
2006-08-04 00:00:00+00:00,0.006714934495741532
2006-08-07 00:00:00+00:00,-0.00201167919127696
2006-08-08 00:00:00+00:00,0.0018051515096529584
2006-08-09 00:00:00+00:00,0.009711589722016656
2006-08-10 00:00:00+00:00,-0.003243783877414674
2006-08-11 00:00:00+00:00,-0.0029876737592519406
2006-08-14 00:00:00+00:00,0.006384123899267092
2006-08-15 00:00:00+00:00,0.01003108320677345
2006-08-16 00:00:00+00:00,0.006095407731208058
2006-08-17 00:00:00+00:00,-0.002446843469176929
2006-08-18 00:00:00+00:00,-0.0009757683089700927
2006-08-21 00:00:00+00:00,-0.005989134361478221
2006-08-22 00:00:00+00:00,-0.0016189637829666422
2006-08-23 00:00:00+00:00,0.0003211916293371589
2006-08-24 00:00:00+00:00,0.0020285353141816457
2006-08-25 00:00:00+00:00,-0.001384648505378205
2006-08-28 00:00:00+00:00,-0.0013075724946852493
2006-08-29 00:00:00+00:00,-0.00045873129401439143
2006-08-30 00:00:00+00:00,0.0006818663722281352
2006-08-31 00:00:00+00:00,0.0010693039360906934
2006-09-01 00:00:00+00:00,0.004315035416358326
2006-09-05 00:00:00+00:00,0.00029842051884950734
2006-09-06 00:00:00+00:00,-0.006988341880090209
2006-09-07 00:00:00+00:00,-0.0035759138755619754
2006-09-08 00:00:00+00:00,0.0010041998345324491
2006-09-11 00:00:00+00:00,-0.00591496175843762
2006-09-12 00:00:00+00:00,0.0001465721214044205
2006-09-13 00:00:00+00:00,-0.00011165475416261532
2006-09-14 00:00:00+00:00,-0.002535068541467433
2006-09-15 00:00:00+00:00,0.006369022932358493
2006-09-18 00:00:00+00:00,-0.000819832155213673
2006-09-19 00:00:00+00:00,0.0008710207158552866
2006-09-20 00:00:00+00:00,0.0057601450336471575
2006-09-21 00:00:00+00:00,0.001314084044447517
2006-09-22 00:00:00+00:00,-0.0014315613927923573
2006-09-25 00:00:00+00:00,0.0028210170576483343
2006-09-26 00:00:00+00:00,-0.0008408866358489472
2006-09-27 00:00:00+00:00,-0.0018633146534150265
2006-09-28 00:00:00+00:00,0.00031382372386309394
2006-09-29 00:00:00+00:00,0.0009685323264431948
2006-10-02 00:00:00+00:00,-0.00106451596722088
2006-10-03 00:00:00+00:00,-0.0025085757489752055
2006-10-04 00:00:00+00:00,-0.0016559123085882251
2006-10-05 00:00:00+00:00,-0.00029995341258490764
2006-10-06 00:00:00+00:00,-0.0028373307981254033
2006-10-09 00:00:00+00:00,-0.0014964844628398196
2006-10-10 00:00:00+00:00,0.00033911300194074985
2006-10-11 00:00:00+00:00,-0.004171845912888416
2006-10-12 00:00:00+00:00,0.0036059352303540963
2006-10-13 00:00:00+00:00,-0.000384750850507298
2006-10-16 00:00:00+00:00,-0.0007027144698424134
2006-10-17 00:00:00+00:00,-0.005183564292984588
2006-10-18 00:00:00+00:00,0.004627899583059836
2006-10-19 00:00:00+00:00,-0.0023478339548000157
2006-10-20 00:00:00+00:00,0.0014804682625719438
2006-10-23 00:00:00+00:00,-0.002275555303239229
2006-10-24 00:00:00+00:00,-0.002758784177689355
2006-10-25 00:00:00+00:00,-0.0005703394772278766
2006-10-26 00:00:00+00:00,0.0025881505040564416
2006-10-27 00:00:00+00:00,-0.0020802722429599015
2006-10-30 00:00:00+00:00,-0.0017986271143062057
2006-10-31 00:00:00+00:00,0.0015847930412820847
2006-11-01 00:00:00+00:00,0.003022067977357346
2006-11-02 00:00:00+00:00,-0.003840629028896014
2006-11-03 00:00:00+00:00,0.002204889125071852
2006-11-06 00:00:00+00:00,0.002907143099688503
2006-11-07 00:00:00+00:00,0.00013464852086705366
2006-11-08 00:00:00+00:00,-0.005302180812523238
2006-11-09 00:00:00+00:00,0.002732356605491615
2006-11-10 00:00:00+00:00,-0.0003280306356372217
2006-11-13 00:00:00+00:00,-0.00028443631384037464
2006-11-14 00:00:00+00:00,0.0014521591670750515
2006-11-15 00:00:00+00:00,0.00020408097634874196
2006-11-16 00:00:00+00:00,0.002899774032650149
2006-11-17 00:00:00+00:00,-0.004611370915502322
2006-11-20 00:00:00+00:00,-0.0023077637034225936
2006-11-21 00:00:00+00:00,2.748702071642421e-06
2006-11-22 00:00:00+00:00,0.0015529172112489168
2006-11-24 00:00:00+00:00,-0.006401294832159376
2006-11-27 00:00:00+00:00,-0.002117356591697239
2006-11-28 00:00:00+00:00,-0.0024396878840843624
2006-11-29 00:00:00+00:00,0.00394603534428436
2006-11-30 00:00:00+00:00,-0.0006338222267038059
2006-12-01 00:00:00+00:00,-0.0007540435057943103
2006-12-04 00:00:00+00:00,0.0012956927588021142
2006-12-05 00:00:00+00:00,0.0021241751407884094
2006-12-06 00:00:00+00:00,-0.0019816735770996404
2006-12-07 00:00:00+00:00,0.001485403974497335
2006-12-08 00:00:00+00:00,-0.0020077696284842347
2006-12-11 00:00:00+00:00,-0.0010973454176438132
2006-12-12 00:00:00+00:00,-0.000907264546763242
2006-12-13 00:00:00+00:00,0.004924134120181967
2006-12-14 00:00:00+00:00,0.0006899441173779056
2006-12-15 00:00:00+00:00,0.004906762990982328
2006-12-18 00:00:00+00:00,0.0020907192328500582
2006-12-19 00:00:00+00:00,-0.00557348002205924
2006-12-20 00:00:00+00:00,0.00048088983168023154
2006-12-21 00:00:00+00:00,0.0007295401854036879
2006-12-22 00:00:00+00:00,1.3065435601980631e-06
2006-12-26 00:00:00+00:00,-8.698766899032344e-05
2006-12-27 00:00:00+00:00,0.0018842667243339165
2006-12-28 00:00:00+00:00,-0.002151258978900705
2006-12-29 00:00:00+00:00,-1.5694525820153223e-05
2007-01-03 00:00:00+00:00,0.005399718747862681
2007-01-04 00:00:00+00:00,-0.00010134519964752868
2007-01-05 00:00:00+00:00,-0.002748150717965891
2007-01-08 00:00:00+00:00,0.0011522621754099464
2007-01-09 00:00:00+00:00,0.0016064355725496585
2007-01-10 00:00:00+00:00,-0.003624160233790341
2007-01-11 00:00:00+00:00,0.0008495976293751654
2007-01-12 00:00:00+00:00,-0.0010006269247998297
2007-01-16 00:00:00+00:00,-0.0004518691843496178
2007-01-17 00:00:00+00:00,-0.0027827176265753702
2007-01-18 00:00:00+00:00,-0.0011117433314445698
2007-01-19 00:00:00+00:00,-0.0015476515940962884
2007-01-22 00:00:00+00:00,0.0010278527201414648
2007-01-23 00:00:00+00:00,-0.0010644301292005217
2007-01-24 00:00:00+00:00,0.0035075132648770494
2007-01-25 00:00:00+00:00,6.438946397066021e-05
2007-01-26 00:00:00+00:00,0.0017046170542260545
2007-01-29 00:00:00+00:00,-0.0013514456212359912
2007-01-30 00:00:00+00:00,0.0015588669891113075
2007-01-31 00:00:00+00:00,-0.001433577182446832
2007-02-01 00:00:00+00:00,0.0033604583432330307
2007-02-02 00:00:00+00:00,0.0014787400214934746
2007-02-05 00:00:00+00:00,-0.000906502435830769
2007-02-06 00:00:00+00:00,0.0010207753845116966
2007-02-07 00:00:00+00:00,0.002990586465937051
2007-02-08 00:00:00+00:00,-0.002455480494967221
2007-02-09 00:00:00+00:00,0.001187504487708291
2007-02-12 00:00:00+00:00,-0.000413789804119746
2007-02-13 00:00:00+00:00,0.0016156285335852897
2007-02-14 00:00:00+00:00,0.002236298866623321
2007-02-15 00:00:00+00:00,0.00024247306153898392
2007-02-16 00:00:00+00:00,-0.0037639179212569426
2007-02-20 00:00:00+00:00,-0.0016660126759658663
2007-02-21 00:00:00+00:00,-0.003214889240419216
2007-02-22 00:00:00+00:00,0.0018203865627630326
2007-02-23 00:00:00+00:00,-0.0007454088922119514
2007-02-26 00:00:00+00:00,0.003954343706821984
2007-02-27 00:00:00+00:00,-0.012180926628010935
2007-02-28 00:00:00+00:00,0.0024272476129114876
2007-03-01 00:00:00+00:00,-0.014942270823494452
2007-03-02 00:00:00+00:00,-0.005994300109446104
2007-03-05 00:00:00+00:00,-0.006852414180739707
2007-03-06 00:00:00+00:00,0.009413287956905847
2007-03-07 00:00:00+00:00,-0.0005769813504518991
2007-03-08 00:00:00+00:00,0.008482948525715595
2007-03-09 00:00:00+00:00,0.005913597726887232
2007-03-12 00:00:00+00:00,-0.002276875751973417
2007-03-13 00:00:00+00:00,-0.005603180339735813
2007-03-14 00:00:00+00:00,0.0010592483566604586
2007-03-15 00:00:00+00:00,-0.0024595813147763376
2007-03-16 00:00:00+00:00,0.0020055866804049253
2007-03-19 00:00:00+00:00,0.0050196561256403375
2007-03-20 00:00:00+00:00,-0.000843329207291554
2007-03-21 00:00:00+00:00,0.0008492629111282683
2007-03-22 00:00:00+00:00,0.0005883016072878115
2007-03-23 00:00:00+00:00,4.920109038893979e-05
2007-03-26 00:00:00+00:00,0.00031029669119661015
2007-03-27 00:00:00+00:00,-0.001369267498839732
2007-03-28 00:00:00+00:00,-0.0049796136585718905
2007-03-29 00:00:00+00:00,0.005685030666514901
2007-03-30 00:00:00+00:00,0.000536245755471754
2007-04-02 00:00:00+00:00,0.0018714801819381347
2007-04-03 00:00:00+00:00,0.005187114769934243
2007-04-04 00:00:00+00:00,3.947294131231323e-05
2007-04-05 00:00:00+00:00,-0.0014892276596760508
2007-04-09 00:00:00+00:00,0.002804157845092881
2007-04-10 00:00:00+00:00,-0.000793644591354092
2007-04-11 00:00:00+00:00,-2.1303364649704877e-05
2007-04-12 00:00:00+00:00,-0.0020638254263894203
2007-04-13 00:00:00+00:00,0.0006415545771421786
2007-04-16 00:00:00+00:00,0.003470696723785716
2007-04-17 00:00:00+00:00,0.0016188456835245172
2007-04-18 00:00:00+00:00,-0.004512039302730952
2007-04-19 00:00:00+00:00,-0.004966226726771139
2007-04-20 00:00:00+00:00,0.007159552131374836
2007-04-23 00:00:00+00:00,-0.0004803329291504285
2007-04-24 00:00:00+00:00,0.0020336823460101686
2007-04-25 00:00:00+00:00,0.003400106307654716
2007-04-26 00:00:00+00:00,0.0009208680927687788
2007-04-27 00:00:00+00:00,-0.004104016207791139
2007-04-30 00:00:00+00:00,-0.0007912160715735968
2007-05-01 00:00:00+00:00,0.0002468813184984489
2007-05-02 00:00:00+00:00,0.0023248263714109266
2007-05-03 00:00:00+00:00,0.0021078127683190288
2007-05-04 00:00:00+00:00,0.002961186096723323
2007-05-07 00:00:00+00:00,-0.00011068499553682469
2007-05-08 00:00:00+00:00,-0.003241097792566183
2007-05-09 00:00:00+00:00,-0.003232927224268522
2007-05-10 00:00:00+00:00,-0.003430684092167879
2007-05-11 00:00:00+00:00,0.0008096809880772885
2007-05-14 00:00:00+00:00,-0.0004067035868470567
2007-05-15 00:00:00+00:00,-0.00016568954459897893
2007-05-16 00:00:00+00:00,0.0015477896215339796
2007-05-17 00:00:00+00:00,-0.0016695435414237122
2007-05-18 00:00:00+00:00,0.0036645706120641223
2007-05-21 00:00:00+00:00,-0.00010938323141826937
2007-05-22 00:00:00+00:00,0.000543226130918029
2007-05-23 00:00:00+00:00,0.0029264394731406077
2007-05-24 00:00:00+00:00,0.00031530680104882054
2007-05-25 00:00:00+00:00,0.002239759536107966
2007-05-29 00:00:00+00:00,0.0010622835377670174
2007-05-30 00:00:00+00:00,-0.006386741196126233
2007-05-31 00:00:00+00:00,0.0016964151745326398
2007-06-01 00:00:00+00:00,0.0033191975309318725
2007-06-04 00:00:00+00:00,-0.003844025193844169
2007-06-05 00:00:00+00:00,-0.002834244439808486
2007-06-06 00:00:00+00:00,-0.004559214717014292
2007-06-07 00:00:00+00:00,-0.002921573854854675
2007-06-08 00:00:00+00:00,0.0010939493915144375
2007-06-11 00:00:00+00:00,-0.000983679843708429
2007-06-12 00:00:00+00:00,-0.005052210047709482
2007-06-13 00:00:00+00:00,0.0046887660385457
2007-06-14 00:00:00+00:00,0.0007911038565498688
2007-06-15 00:00:00+00:00,0.0073918466194138
2007-06-18 00:00:00+00:00,0.001655311138746585
2007-06-19 00:00:00+00:00,-0.0028776529130465685
2007-06-20 00:00:00+00:00,0.0014437997552635088
2007-06-21 00:00:00+00:00,-0.0007093877230398334
2007-06-22 00:00:00+00:00,-0.0028612160106371905
2007-06-25 00:00:00+00:00,-0.0012233111161521256
2007-06-26 00:00:00+00:00,0.0033040991393310185
2007-06-27 00:00:00+00:00,-0.0013735981196927646
2007-06-28 00:00:00+00:00,-0.0005767115844820588
2007-06-29 00:00:00+00:00,0.00416428125243592
2007-07-02 00:00:00+00:00,0.0023182330429277424
2007-07-03 00:00:00+00:00,0.001609071141037222
2007-07-05 00:00:00+00:00,0.000207694505013534
2007-07-06 00:00:00+00:00,0.00087097930199217
2007-07-09 00:00:00+00:00,0.0006971941846774746
2007-07-10 00:00:00+00:00,-0.005706314962716097
2007-07-11 00:00:00+00:00,-0.001997488715080908
2007-07-12 00:00:00+00:00,0.002588905313373047
2007-07-13 00:00:00+00:00,0.0009891802976788825
2007-07-16 00:00:00+00:00,5.1764279171107334e-05
2007-07-17 00:00:00+00:00,0.001126224385207342
2007-07-18 00:00:00+00:00,-0.004767342373157657
2007-07-19 00:00:00+00:00,0.004454468128870815
2007-07-20 00:00:00+00:00,-0.0011782522697597938
2007-07-23 00:00:00+00:00,0.003612972932807124
2007-07-24 00:00:00+00:00,-0.0067545534387390745
2007-07-25 00:00:00+00:00,0.004613125211540859
2007-07-26 00:00:00+00:00,-0.008424162202021834
2007-07-27 00:00:00+00:00,-0.000577038670810914
2007-07-30 00:00:00+00:00,0.004921609692825813
2007-07-31 00:00:00+00:00,0.0072486541051353885
2007-08-01 00:00:00+00:00,-0.0036256508783641724
2007-08-02 00:00:00+00:00,0.0011399909616606977
2007-08-03 00:00:00+00:00,-0.002315357374796134
2007-08-06 00:00:00+00:00,0.0016528723386086356
2007-08-07 00:00:00+00:00,-0.0021612151709910817
2007-08-08 00:00:00+00:00,0.003935336627337549
2007-08-09 00:00:00+00:00,-0.014963414869408198
2007-08-10 00:00:00+00:00,-0.009083650234881868
2007-08-13 00:00:00+00:00,0.010114402892852781
2007-08-14 00:00:00+00:00,0.0023693092504272987
2007-08-15 00:00:00+00:00,-0.0024896813567554573
2007-08-16 00:00:00+00:00,-0.008762204887435931
2007-08-17 00:00:00+00:00,0.02112438530592938
2007-08-20 00:00:00+00:00,0.0032327412519754465
2007-08-21 00:00:00+00:00,-0.0009750759477515133
2007-08-22 00:00:00+00:00,0.007254059111208544
2007-08-23 00:00:00+00:00,0.0034160325671659057
2007-08-24 00:00:00+00:00,-0.002014206661677542
2007-08-27 00:00:00+00:00,-0.0033702997000179865
2007-08-28 00:00:00+00:00,-0.005911812162938323
2007-08-29 00:00:00+00:00,0.005277275950606531
2007-08-30 00:00:00+00:00,-0.006618996590408077
2007-08-31 00:00:00+00:00,0.010314949184467815
2007-09-04 00:00:00+00:00,-0.00016070961039369418
2007-09-05 00:00:00+00:00,-0.004458883830382876
2007-09-06 00:00:00+00:00,0.0007497749700585369
2007-09-07 00:00:00+00:00,-0.012076311071598988
2007-09-10 00:00:00+00:00,0.005283628061757717
2007-09-11 00:00:00+00:00,0.00445881159263547
2007-09-12 00:00:00+00:00,-0.0018977975512720954
2007-09-13 00:00:00+00:00,0.005575086123165008
2007-09-14 00:00:00+00:00,-0.007353034257782753
2007-09-17 00:00:00+00:00,-0.004515797106950414
2007-09-18 00:00:00+00:00,0.005032681761302083
2007-09-19 00:00:00+00:00,0.005313453973751126
2007-09-20 00:00:00+00:00,-0.001461547938179852
2007-09-21 00:00:00+00:00,0.006250229900969096
2007-09-24 00:00:00+00:00,0.0024714051615838065
2007-09-25 00:00:00+00:00,-0.004880746410756342
2007-09-26 00:00:00+00:00,0.005379430253838325
2007-09-27 00:00:00+00:00,0.004988390584334168
2007-09-28 00:00:00+00:00,-0.0014715876300557037
2007-10-01 00:00:00+00:00,0.0001545633071132427
2007-10-02 00:00:00+00:00,0.0010889872304841956
2007-10-03 00:00:00+00:00,-0.002842653121171634
2007-10-04 00:00:00+00:00,0.0017408979857863275
2007-10-05 00:00:00+00:00,0.006842257364793014
2007-10-08 00:00:00+00:00,-0.001965073912352155
2007-10-09 00:00:00+00:00,0.00269939379015457
2007-10-10 00:00:00+00:00,-0.00161217888216556
2007-10-11 00:00:00+00:00,0.004588556168809233
2007-10-12 00:00:00+00:00,0.0019469860185530544
2007-10-15 00:00:00+00:00,0.00025520045723378433
2007-10-16 00:00:00+00:00,-0.005341282891239507
2007-10-17 00:00:00+00:00,0.010693816906963772
2007-10-18 00:00:00+00:00,-0.004947144185181196
2007-10-19 00:00:00+00:00,-0.002344809596825292
2007-10-22 00:00:00+00:00,-0.005675529929229461
2007-10-23 00:00:00+00:00,0.007843421753660674
2007-10-24 00:00:00+00:00,-0.006172724728888501
2007-10-25 00:00:00+00:00,0.0013770267254230254
2007-10-26 00:00:00+00:00,0.013425489805638147
2007-10-29 00:00:00+00:00,0.0031190002296784484
2007-10-30 00:00:00+00:00,-0.0044445802022063715
2007-10-31 00:00:00+00:00,0.00464003625922812
2007-11-01 00:00:00+00:00,-0.007876815528371361
2007-11-02 00:00:00+00:00,0.005244242838766644
2007-11-05 00:00:00+00:00,-0.010603820932145602
2007-11-06 00:00:00+00:00,0.0048033195544026856
2007-11-07 00:00:00+00:00,-0.009865394955510398
2007-11-08 00:00:00+00:00,-0.0019978036063542422
2007-11-09 00:00:00+00:00,-0.014960106730445321
2007-11-12 00:00:00+00:00,-0.0008588085997079161
2007-11-13 00:00:00+00:00,0.012282350454711788
2007-11-14 00:00:00+00:00,0.009954619096563666
2007-11-15 00:00:00+00:00,-0.004922842161280061
2007-11-16 00:00:00+00:00,0.005757665117294997
2007-11-19 00:00:00+00:00,-0.003242535545996827
2007-11-20 00:00:00+00:00,0.003219866963678231
2007-11-21 00:00:00+00:00,-0.010201798865932898
2007-11-23 00:00:00+00:00,0.007850400000939695
2007-11-26 00:00:00+00:00,0.0020449033441670376
2007-11-27 00:00:00+00:00,0.006790113772899254
2007-11-28 00:00:00+00:00,0.012086679881028484
2007-11-29 00:00:00+00:00,-0.0039757597843352085
2007-11-30 00:00:00+00:00,0.010951311567227251
2007-12-03 00:00:00+00:00,-0.004024898263272991
2007-12-04 00:00:00+00:00,-0.007585846563832965
2007-12-05 00:00:00+00:00,0.010293425485540542
2007-12-06 00:00:00+00:00,-0.0004202739370893546
2007-12-07 00:00:00+00:00,0.0010037505680945639
2007-12-10 00:00:00+00:00,0.002167789335467874
2007-12-11 00:00:00+00:00,0.0006585993451834974
2007-12-12 00:00:00+00:00,0.01940917977258979
2007-12-13 00:00:00+00:00,-0.00816011836627959
2007-12-14 00:00:00+00:00,-0.008071082369239624
2007-12-17 00:00:00+00:00,-0.0040662399886190245
2007-12-18 00:00:00+00:00,0.00837760276529761
2007-12-19 00:00:00+00:00,-9.448850458763062e-05
2007-12-20 00:00:00+00:00,0.010408293147593806
2007-12-21 00:00:00+00:00,0.012496870650991776
2007-12-24 00:00:00+00:00,0.003571417613901529
2007-12-26 00:00:00+00:00,-0.003295824710488981
2007-12-27 00:00:00+00:00,-0.0036913570413133253
2007-12-28 00:00:00+00:00,0.004284631021777863
2007-12-31 00:00:00+00:00,-0.0033909867683187597
2008-01-02 00:00:00+00:00,0.0012822558068553373
2008-01-03 00:00:00+00:00,-0.0003690936099085326
2008-01-04 00:00:00+00:00,-0.013547150550039
2008-01-07 00:00:00+00:00,0.001469353052751943
2008-01-08 00:00:00+00:00,0.003889763444978567
2008-01-09 00:00:00+00:00,0.0023725122189096285
2008-01-10 00:00:00+00:00,-0.007870280073030289
2008-01-11 00:00:00+00:00,-0.004813925697766319
2008-01-14 00:00:00+00:00,0.010104787576301144
2008-01-15 00:00:00+00:00,-0.010795745546273971
2008-01-16 00:00:00+00:00,-0.007098108479716014
2008-01-17 00:00:00+00:00,0.004792785306087366
2008-01-18 00:00:00+00:00,0.007141653037549623
2008-01-22 00:00:00+00:00,-0.046446898795676574
2008-01-23 00:00:00+00:00,-0.0327453192035058
2008-01-24 00:00:00+00:00,0.004060838990909222
2008-01-25 00:00:00+00:00,0.016018008007124128
2008-01-28 00:00:00+00:00,0.0008678382929455334
2008-01-29 00:00:00+00:00,0.005474041345273817
2008-01-30 00:00:00+00:00,-0.0033156892552518077
2008-01-31 00:00:00+00:00,-0.011530621176657352
2008-02-01 00:00:00+00:00,0.005873979018062714
2008-02-04 00:00:00+00:00,-0.0017356068142613586
2008-02-05 00:00:00+00:00,-0.015796326183592592
2008-02-06 00:00:00+00:00,0.004239580169888646
2008-02-07 00:00:00+00:00,-0.010603592978142872
2008-02-08 00:00:00+00:00,-0.002391841971874897
2008-02-11 00:00:00+00:00,0.0017621329558904168
2008-02-12 00:00:00+00:00,0.007099835350611728
2008-02-13 00:00:00+00:00,0.009981815829264462
2008-02-14 00:00:00+00:00,0.002608289650837892
2008-02-15 00:00:00+00:00,-0.005507454891131391
2008-02-19 00:00:00+00:00,0.01216382365420462
2008-02-20 00:00:00+00:00,-0.011431759053551127
2008-02-21 00:00:00+00:00,0.007201182010170249
2008-02-22 00:00:00+00:00,0.002091045517048829
2008-02-25 00:00:00+00:00,-0.0011673878033686465
2008-02-26 00:00:00+00:00,-0.0052590303223857045
2008-02-27 00:00:00+00:00,-0.006594577353089692
2008-02-28 00:00:00+00:00,-0.005764153080928014
2008-02-29 00:00:00+00:00,-0.010265758490657728
2008-03-03 00:00:00+00:00,-0.0031902944414567754
2008-03-04 00:00:00+00:00,-0.008220206192277401
2008-03-05 00:00:00+00:00,0.0022487088626839905
2008-03-06 00:00:00+00:00,-0.0038233668074879375
2008-03-07 00:00:00+00:00,-0.008185661480748596
2008-03-10 00:00:00+00:00,-0.0005119235362707527
2008-03-11 00:00:00+00:00,0.01759612874175894
2008-03-12 00:00:00+00:00,0.0022122107578342546
2008-03-13 00:00:00+00:00,-0.012580155167290141
2008-03-14 00:00:00+00:00,0.007322527965198134
2008-03-17 00:00:00+00:00,-0.023388439876124913
2008-03-18 00:00:00+00:00,0.017902455526973636
2008-03-19 00:00:00+00:00,0.003685158877801154
2008-03-20 00:00:00+00:00,0.002590664601486459
2008-03-24 00:00:00+00:00,0.006560832414543605
2008-03-25 00:00:00+00:00,0.0015656229214597531
2008-03-26 00:00:00+00:00,-0.0035303965289359748
2008-03-27 00:00:00+00:00,0.000545399188106999
2008-03-28 00:00:00+00:00,0.004036524632165939
2008-03-31 00:00:00+00:00,0.0007031838363526725
2008-04-01 00:00:00+00:00,0.013919145566911395
2008-04-02 00:00:00+00:00,0.00251675043417029
2008-04-03 00:00:00+00:00,-0.005204918524044566
2008-04-04 00:00:00+00:00,0.0019659858555136304
2008-04-07 00:00:00+00:00,0.006332350879717586
2008-04-08 00:00:00+00:00,-0.006935466684378255
2008-04-09 00:00:00+00:00,-0.0004066329995511039
2008-04-10 00:00:00+00:00,-0.0014751122818959846
2008-04-11 00:00:00+00:00,-0.011633711417225112
2008-04-14 00:00:00+00:00,-0.0018023962213602248
2008-04-15 00:00:00+00:00,0.003959356470484033
2008-04-16 00:00:00+00:00,0.010808709796354921
2008-04-17 00:00:00+00:00,-0.0027815841529238213
2008-04-18 00:00:00+00:00,0.01984946034341869
2008-04-21 00:00:00+00:00,-0.002166015093281048
2008-04-22 00:00:00+00:00,-0.004681886875630236
2008-04-23 00:00:00+00:00,0.0039122975176104306
2008-04-24 00:00:00+00:00,0.001220479415089815
2008-04-25 00:00:00+00:00,0.004132946887277911
2008-04-28 00:00:00+00:00,0.00186905636999154
2008-04-29 00:00:00+00:00,-0.002112125010139831
2008-04-30 00:00:00+00:00,0.001505543983570912
2008-05-01 00:00:00+00:00,0.0003458306807866077
2008-05-02 00:00:00+00:00,0.00874549209408434
2008-05-05 00:00:00+00:00,-0.0019254050690194254
2008-05-06 00:00:00+00:00,-0.004615108193928274
2008-05-07 00:00:00+00:00,-0.0007610439220322226
2008-05-08 00:00:00+00:00,0.0025699125045826835
2008-05-09 00:00:00+00:00,-0.006031116361078314
2008-05-12 00:00:00+00:00,0.0016858049895673525
2008-05-13 00:00:00+00:00,0.0011143214961408469
2008-05-14 00:00:00+00:00,0.003730058895532318
2008-05-15 00:00:00+00:00,0.0007606361497564888
2008-05-16 00:00:00+00:00,0.0018580086767084562
2008-05-19 00:00:00+00:00,0.0006260678389311217
2008-05-20 00:00:00+00:00,-0.004839127659982434
2008-05-21 00:00:00+00:00,2.695704361346281e-05
2008-05-22 00:00:00+00:00,0.0007305257469185315
2008-05-23 00:00:00+00:00,-0.003707110250116252
2008-05-27 00:00:00+00:00,0.001318653635221734
2008-05-28 00:00:00+00:00,0.0038836745332244352
2008-05-29 00:00:00+00:00,-0.0006056327732193775
2008-05-30 00:00:00+00:00,0.003290539534369941
2008-06-02 00:00:00+00:00,-0.0030525121038755595
2008-06-03 00:00:00+00:00,0.003062988833092162
2008-06-04 00:00:00+00:00,-0.003238646227586883
2008-06-05 00:00:00+00:00,0.003034984292293619
2008-06-06 00:00:00+00:00,-0.009020855946771744
2008-06-09 00:00:00+00:00,0.00281109687375144
2008-06-10 00:00:00+00:00,-0.008902847937601632
2008-06-11 00:00:00+00:00,-0.0012197078783926837
2008-06-12 00:00:00+00:00,0.005752458308179243
2008-06-13 00:00:00+00:00,0.005435515720933893
2008-06-16 00:00:00+00:00,-0.005087970433780375
2008-06-17 00:00:00+00:00,0.004320125428806854
2008-06-18 00:00:00+00:00,-0.006429738431216725
2008-06-19 00:00:00+00:00,-0.0016095515938537083
2008-06-20 00:00:00+00:00,-0.007870960875860677
2008-06-23 00:00:00+00:00,0.0036412021430973444
2008-06-24 00:00:00+00:00,-0.004158934854439999
2008-06-25 00:00:00+00:00,0.0038559921274807455
2008-06-26 00:00:00+00:00,-0.014253555479814916
2008-06-27 00:00:00+00:00,-0.0006525575926678347
2008-06-30 00:00:00+00:00,-0.0004216202961916712
2008-07-01 00:00:00+00:00,-0.009989224265532259
2008-07-02 00:00:00+00:00,0.002825121308024559
2008-07-03 00:00:00+00:00,0.006404499470139069
2008-07-07 00:00:00+00:00,0.006193402538871096
2008-07-08 00:00:00+00:00,0.0001368425695658318
2008-07-09 00:00:00+00:00,0.0006127048391425752
2008-07-10 00:00:00+00:00,-0.0009602045625171415
2008-07-11 00:00:00+00:00,-0.0107969350376794
2008-07-14 00:00:00+00:00,0.011941138738727897
2008-07-15 00:00:00+00:00,-0.006535236770070096
2008-07-16 00:00:00+00:00,0.0029568538297439443
2008-07-17 00:00:00+00:00,0.007437154606187624
2008-07-18 00:00:00+00:00,-0.0019037361019103357
2008-07-21 00:00:00+00:00,0.006400982275574141
2008-07-22 00:00:00+00:00,-0.012244309396707375
2008-07-23 00:00:00+00:00,0.0020894157510271353
2008-07-24 00:00:00+00:00,0.0026774799868957925
2008-07-25 00:00:00+00:00,0.004458558363986865
2008-07-28 00:00:00+00:00,-0.00029069271425333747
2008-07-29 00:00:00+00:00,0.0032135181855527887
2008-07-30 00:00:00+00:00,0.004420270886635292
2008-07-31 00:00:00+00:00,-0.009633478600609957
2008-08-01 00:00:00+00:00,0.0013929224981735436
2008-08-04 00:00:00+00:00,-0.0008871100624601499
2008-08-05 00:00:00+00:00,0.008997174624005589
2008-08-06 00:00:00+00:00,-0.0014066262907904466
2008-08-07 00:00:00+00:00,-0.0070641945862224605
2008-08-08 00:00:00+00:00,-0.0023167372247898995
2008-08-11 00:00:00+00:00,-0.00012502864731565004
2008-08-12 00:00:00+00:00,-0.00204959960971921
2008-08-13 00:00:00+00:00,-0.0033015237327746246
2008-08-14 00:00:00+00:00,-0.00481616121144105
2008-08-15 00:00:00+00:00,0.002034241701349771
2008-08-18 00:00:00+00:00,0.0021523092442731987
2008-08-19 00:00:00+00:00,-0.006598334191755572
2008-08-20 00:00:00+00:00,0.0047849841912650185
2008-08-21 00:00:00+00:00,-0.00726924759808798
2008-08-22 00:00:00+00:00,0.005770535079993444
2008-08-25 00:00:00+00:00,-0.007052439117248432
2008-08-26 00:00:00+00:00,2.2942470210863e-05
2008-08-27 00:00:00+00:00,0.0005430211519624421
2008-08-28 00:00:00+00:00,0.004259727683419168
2008-08-29 00:00:00+00:00,-0.0073734883751514265
2008-09-02 00:00:00+00:00,0.012644833750689
2008-09-03 00:00:00+00:00,-0.0018270673100523657
2008-09-04 00:00:00+00:00,-0.006739239695081478
2008-09-05 00:00:00+00:00,-0.007635114420206457
2008-09-08 00:00:00+00:00,0.02080691522228203
2008-09-09 00:00:00+00:00,-9.74797611883235e-05
2008-09-10 00:00:00+00:00,0.007248057650133444
2008-09-11 00:00:00+00:00,-0.013775874938890131
2008-09-12 00:00:00+00:00,-0.00940310520193125
2008-09-15 00:00:00+00:00,-0.029843949055746978
2008-09-16 00:00:00+00:00,-0.01946206372340723
2008-09-17 00:00:00+00:00,-0.01674016012697669
2008-09-18 00:00:00+00:00,0.016941332970519106
2008-09-19 00:00:00+00:00,0.05717890053652749
2008-09-22 00:00:00+00:00,-0.0008350074460260811
2008-09-23 00:00:00+00:00,0.0017177760635992082
2008-09-24 00:00:00+00:00,0.0060320953486678545
2008-09-25 00:00:00+00:00,0.006326989796770566
2008-09-26 00:00:00+00:00,-0.02275073395131514
2008-09-29 00:00:00+00:00,-0.01735509744182271
2008-09-30 00:00:00+00:00,0.007939669394895566
2008-10-01 00:00:00+00:00,-0.0043033214694478735
2008-10-02 00:00:00+00:00,-0.00832858917305116
2008-10-03 00:00:00+00:00,0.011153413740330376
2008-10-06 00:00:00+00:00,-0.027469292927855805
2008-10-07 00:00:00+00:00,0.013838185953273208
2008-10-08 00:00:00+00:00,-0.023566131598723318
2008-10-09 00:00:00+00:00,0.022456566588689185
2008-10-10 00:00:00+00:00,-0.0378826488144046
2008-10-13 00:00:00+00:00,0.05462375288586859
2008-10-14 00:00:00+00:00,0.03074418253159602
2008-10-15 00:00:00+00:00,-0.01792082407938781
2008-10-16 00:00:00+00:00,0.010185376698802451
2008-10-17 00:00:00+00:00,-0.018935682049969406
2008-10-20 00:00:00+00:00,0.01830014745426741
2008-10-21 00:00:00+00:00,-0.01774333003169002
2008-10-22 00:00:00+00:00,-0.015921444741947434
2008-10-23 00:00:00+00:00,-0.004190768661078736
2008-10-24 00:00:00+00:00,-0.07896922745135018
2008-10-27 00:00:00+00:00,-0.012207426154857903
2008-10-28 00:00:00+00:00,0.037144294552847144
2008-10-29 00:00:00+00:00,0.0005379760656841429
2008-10-30 00:00:00+00:00,0.028206238880132926
2008-10-31 00:00:00+00:00,-0.013790510668039135
2008-11-03 00:00:00+00:00,-0.0017743958333132689
2008-11-04 00:00:00+00:00,0.019490393875331878
2008-11-05 00:00:00+00:00,-0.0095846084379547
2008-11-06 00:00:00+00:00,-0.017107589132694924
2008-11-07 00:00:00+00:00,0.009937081670068204
2008-11-10 00:00:00+00:00,0.019395569374571285
2008-11-11 00:00:00+00:00,-0.015106230274175491
2008-11-12 00:00:00+00:00,-0.01635234255336835
2008-11-13 00:00:00+00:00,-0.0002353839810942168
2008-11-14 00:00:00+00:00,-0.021114364166831857
2008-11-17 00:00:00+00:00,-0.010139603026859156
2008-11-18 00:00:00+00:00,0.0011765256745716827
2008-11-19 00:00:00+00:00,-0.005959178244910634
2008-11-20 00:00:00+00:00,-0.01484792055125409
2008-11-21 00:00:00+00:00,0.021823109421539942
2008-11-24 00:00:00+00:00,0.025101504102657622
2008-11-25 00:00:00+00:00,0.01852487212776862
2008-11-26 00:00:00+00:00,-0.013385651046349789
2008-11-28 00:00:00+00:00,-0.00783225251346784
2008-12-01 00:00:00+00:00,-0.02526486696895295
2008-12-02 00:00:00+00:00,0.0148516770673219
2008-12-03 00:00:00+00:00,-0.02384178546814906
2008-12-04 00:00:00+00:00,-0.015376761178263898
2008-12-05 00:00:00+00:00,-0.015544658412935486
2008-12-08 00:00:00+00:00,0.024634002193744307
2008-12-09 00:00:00+00:00,-0.010410874667667746
2008-12-10 00:00:00+00:00,0.00578068036209608
2008-12-11 00:00:00+00:00,-0.005134319183256497
2008-12-12 00:00:00+00:00,-0.020763976411996656
2008-12-15 00:00:00+00:00,0.0007108073476774449
2008-12-16 00:00:00+00:00,0.027690952506356413
2008-12-17 00:00:00+00:00,-0.0110313931700459
2008-12-18 00:00:00+00:00,0.001952623065524262
2008-12-19 00:00:00+00:00,0.007970501568834465
2008-12-22 00:00:00+00:00,0.0019109685462948781
2008-12-23 00:00:00+00:00,0.004453841956264382
2008-12-24 00:00:00+00:00,0.0037912774969326105
2008-12-26 00:00:00+00:00,0.00407605064582125
2008-12-29 00:00:00+00:00,0.0015320345571329889
2008-12-30 00:00:00+00:00,0.0045365813740017805
2008-12-31 00:00:00+00:00,-0.00019044580077429678
2009-01-02 00:00:00+00:00,0.0009764631494377455
2009-01-05 00:00:00+00:00,-0.0052976631726804665
2009-01-06 00:00:00+00:00,0.00766149471198937
2009-01-07 00:00:00+00:00,-0.01773952488328643
2009-01-08 00:00:00+00:00,-0.00409737844197886
2009-01-09 00:00:00+00:00,0.0005212136360499223
2009-01-12 00:00:00+00:00,-0.001037703325601302
2009-01-13 00:00:00+00:00,-0.0017345931798158128
2009-01-14 00:00:00+00:00,-0.0150686882929558
2009-01-15 00:00:00+00:00,-0.0028290750983567033
2009-01-16 00:00:00+00:00,0.015221959681237485
2009-01-20 00:00:00+00:00,-0.007218214796279631
2009-01-21 00:00:00+00:00,0.016606978802381454
2009-01-22 00:00:00+00:00,-0.02080302022954498
2009-01-23 00:00:00+00:00,-0.019649084230856685
2009-01-26 00:00:00+00:00,0.003279834877181831
2009-01-27 00:00:00+00:00,0.0025601769947507184
2009-01-28 00:00:00+00:00,0.01911748923019648
2009-01-29 00:00:00+00:00,-0.013719073678442972
2009-01-30 00:00:00+00:00,0.005961673761439823
2009-02-02 00:00:00+00:00,-0.01272403052345492
2009-02-03 00:00:00+00:00,0.003868860296541621
2009-02-04 00:00:00+00:00,0.004215461814227795
2009-02-05 00:00:00+00:00,-0.011268384094968697
2009-02-06 00:00:00+00:00,0.003213559186929416
2009-02-09 00:00:00+00:00,-9.629463666991327e-05
2009-02-10 00:00:00+00:00,-0.008239098490875596
2009-02-11 00:00:00+00:00,0.002404480983802604
2009-02-12 00:00:00+00:00,-0.01464734153482592
2009-02-13 00:00:00+00:00,-0.0024293789953767405
2009-02-17 00:00:00+00:00,-0.03145335293756433
2009-02-18 00:00:00+00:00,0.006548725398651445
2009-02-19 00:00:00+00:00,0.007902704230191982
2009-02-20 00:00:00+00:00,-0.015130822624623041
2009-02-23 00:00:00+00:00,0.00796043881120253
2009-02-24 00:00:00+00:00,0.00667880852756394
2009-02-25 00:00:00+00:00,-0.005447631977955036
2009-02-26 00:00:00+00:00,0.009202080553599024
2009-02-27 00:00:00+00:00,-0.01616314055073962
2009-03-02 00:00:00+00:00,-0.017282500659220414
2009-03-03 00:00:00+00:00,0.010982241089569545
2009-03-04 00:00:00+00:00,0.01530270888536286
2009-03-05 00:00:00+00:00,-0.017150341660966163
2009-03-06 00:00:00+00:00,0.006700672464126723
2009-03-09 00:00:00+00:00,-0.011329300715957813
2009-03-10 00:00:00+00:00,0.019884068498090622
2009-03-11 00:00:00+00:00,0.01057266023808342
2009-03-12 00:00:00+00:00,-0.0007978679338238922
2009-03-13 00:00:00+00:00,0.0029030418610801138
2009-03-16 00:00:00+00:00,0.008722720406598572
2009-03-17 00:00:00+00:00,0.0035611385428752865
2009-03-18 00:00:00+00:00,-0.004712144732945877
2009-03-19 00:00:00+00:00,0.012857960239612243
2009-03-20 00:00:00+00:00,0.0031258700445760627
2009-03-23 00:00:00+00:00,0.02526885480667692
2009-03-24 00:00:00+00:00,-0.010466737516894564
2009-03-25 00:00:00+00:00,0.007894485253238293
2009-03-26 00:00:00+00:00,0.010026310678082207
2009-03-27 00:00:00+00:00,-0.013203869863309103
2009-03-30 00:00:00+00:00,-0.019825269914546174
2009-03-31 00:00:00+00:00,0.008412281813269551
2009-04-01 00:00:00+00:00,-0.012791683587465663
2009-04-02 00:00:00+00:00,0.021097415842570154
2009-04-03 00:00:00+00:00,0.005254999905627689
2009-04-06 00:00:00+00:00,-0.011323746356820407
2009-04-07 00:00:00+00:00,-0.013797238783234056
2009-04-08 00:00:00+00:00,0.007143795512542373
2009-04-09 00:00:00+00:00,0.02205440869730132
2009-04-13 00:00:00+00:00,-0.007003320527470635
2009-04-14 00:00:00+00:00,-0.008001030450623869
2009-04-15 00:00:00+00:00,-0.0068624333780487375
2009-04-16 00:00:00+00:00,0.010632646593973305
2009-04-17 00:00:00+00:00,0.0005543447184084508
2009-04-20 00:00:00+00:00,-0.018148979432078695
2009-04-21 00:00:00+00:00,-0.005816736095729169
2009-04-22 00:00:00+00:00,-0.007732020795670069
2009-04-23 00:00:00+00:00,0.003907512105351974
2009-04-24 00:00:00+00:00,0.007038660577154488
2009-04-27 00:00:00+00:00,-0.009961560789969104
2009-04-28 00:00:00+00:00,-0.008480208650138743
2009-04-29 00:00:00+00:00,0.00928307103586209
2009-04-30 00:00:00+00:00,0.012966498051849651
2009-05-01 00:00:00+00:00,-0.0003319252030016037
2009-05-04 00:00:00+00:00,0.007964715169566728
2009-05-05 00:00:00+00:00,-0.002861450745165228
2009-05-06 00:00:00+00:00,0.009682590079079756
2009-05-07 00:00:00+00:00,0.007847293225214458
2009-05-08 00:00:00+00:00,0.009938288392187323
2009-05-11 00:00:00+00:00,-0.01361021941020094
2009-05-12 00:00:00+00:00,0.0028557167877103166
2009-05-13 00:00:00+00:00,-0.011481102387329222
2009-05-14 00:00:00+00:00,0.0011371663055440243
2009-05-15 00:00:00+00:00,-0.0014403928902550819
2009-05-18 00:00:00+00:00,0.00788099496661362
2009-05-19 00:00:00+00:00,-0.0017421044725986264
2009-05-20 00:00:00+00:00,0.006144109162567435
2009-05-21 00:00:00+00:00,-0.009893248289688605
2009-05-22 00:00:00+00:00,0.0030329983304544176
2009-05-26 00:00:00+00:00,-0.008330548532679926
2009-05-27 00:00:00+00:00,-0.000970175393503336
2009-05-28 00:00:00+00:00,0.007144086769373692
2009-05-29 00:00:00+00:00,0.0027354639558793917
2009-06-01 00:00:00+00:00,0.011230549402143042
2009-06-02 00:00:00+00:00,-0.004999886325480962
2009-06-03 00:00:00+00:00,-0.006079181042519177
2009-06-04 00:00:00+00:00,0.0026695705161151276
2009-06-05 00:00:00+00:00,0.007771909764491347
2009-06-08 00:00:00+00:00,-0.007181400694342121
2009-06-09 00:00:00+00:00,0.00483183305199405
2009-06-10 00:00:00+00:00,0.00698041103923216
2009-06-11 00:00:00+00:00,-2.6052866489911493e-05
2009-06-12 00:00:00+00:00,-0.0045518839746219505
2009-06-15 00:00:00+00:00,-0.010964840347785975
2009-06-16 00:00:00+00:00,0.003425807221281019
2009-06-17 00:00:00+00:00,0.0015916489643872603
2009-06-18 00:00:00+00:00,-0.0003710580798472526
2009-06-19 00:00:00+00:00,0.008316736644391887
2009-06-22 00:00:00+00:00,-0.009752050681430457
2009-06-23 00:00:00+00:00,0.002189478224507624
2009-06-24 00:00:00+00:00,0.008518046562427573
2009-06-25 00:00:00+00:00,-0.006027456706533074
2009-06-26 00:00:00+00:00,-0.004325802992676131
2009-06-29 00:00:00+00:00,0.0025444166451363496
2009-06-30 00:00:00+00:00,0.0011798282348503778
2009-07-01 00:00:00+00:00,0.004294511306108662
2009-07-02 00:00:00+00:00,-0.011056678340831216
2009-07-06 00:00:00+00:00,-0.008233327496328857
2009-07-07 00:00:00+00:00,-0.0006600516211840209
2009-07-08 00:00:00+00:00,0.0057501793463166865
2009-07-09 00:00:00+00:00,0.005038602803080184
2009-07-10 00:00:00+00:00,-0.004403381043763565
2009-07-13 00:00:00+00:00,0.0021191941618345592
2009-07-14 00:00:00+00:00,0.0006918120332526038
2009-07-15 00:00:00+00:00,0.014720582409992933
2009-07-16 00:00:00+00:00,-0.003996339931589132
2009-07-17 00:00:00+00:00,0.004667467441309548
2009-07-20 00:00:00+00:00,0.00528412116367335
2009-07-21 00:00:00+00:00,0.005567280100087302
2009-07-22 00:00:00+00:00,-0.003098714674506486
2009-07-23 00:00:00+00:00,-0.0005053898245029661
2009-07-24 00:00:00+00:00,-0.007991744040905835
2009-07-27 00:00:00+00:00,0.0023674478955124315
2009-07-28 00:00:00+00:00,-0.005968125390775658
2009-07-29 00:00:00+00:00,0.00047232111141806173
2009-07-30 00:00:00+00:00,0.010952861165181538
2009-07-31 00:00:00+00:00,-0.0004013081615666711
2009-08-03 00:00:00+00:00,0.010285879316957536
2009-08-04 00:00:00+00:00,-0.004912723337958147
2009-08-05 00:00:00+00:00,0.0011716408210286858
2009-08-06 00:00:00+00:00,0.0031228774433510135
2009-08-07 00:00:00+00:00,0.011811790135054146
2009-08-10 00:00:00+00:00,-0.004328055056345958
2009-08-11 00:00:00+00:00,-0.004169376497722288
2009-08-12 00:00:00+00:00,-0.0015343939703122752
2009-08-13 00:00:00+00:00,0.004991768152284715
2009-08-14 00:00:00+00:00,-0.0032899884551053967
2009-08-17 00:00:00+00:00,-0.01837702946890111
2009-08-18 00:00:00+00:00,0.003937143709799773
2009-08-19 00:00:00+00:00,-0.010128502445119958
2009-08-20 00:00:00+00:00,9.564485850046574e-05
2009-08-21 00:00:00+00:00,0.006701890911358721
2009-08-24 00:00:00+00:00,0.0026080124841374123
2009-08-25 00:00:00+00:00,0.0028091657650066385
2009-08-26 00:00:00+00:00,-0.002965868156804141
2009-08-27 00:00:00+00:00,-0.000714630139796146
2009-08-28 00:00:00+00:00,0.009901553793044216
2009-08-31 00:00:00+00:00,-0.008894148273392776
2009-09-01 00:00:00+00:00,-0.004537305450460582
2009-09-02 00:00:00+00:00,-0.005068807144092502
2009-09-03 00:00:00+00:00,0.005025511878578992
2009-09-04 00:00:00+00:00,0.0015795151761902274
2009-09-08 00:00:00+00:00,0.008269420287068197
2009-09-09 00:00:00+00:00,0.0009421042007549899
2009-09-10 00:00:00+00:00,0.00028093424720551126
2009-09-11 00:00:00+00:00,0.00101578734148341
2009-09-14 00:00:00+00:00,-0.0077983895740982075
2009-09-15 00:00:00+00:00,0.00014748397050525804
2009-09-16 00:00:00+00:00,0.0037689458935949664
2009-09-17 00:00:00+00:00,-0.0022951764867737198
2009-09-18 00:00:00+00:00,0.00405275899206633
2009-09-21 00:00:00+00:00,-0.007016282506107951
2009-09-22 00:00:00+00:00,0.005477984786454082
2009-09-23 00:00:00+00:00,0.002977707020866716
2009-09-24 00:00:00+00:00,0.0027853613313071016
2009-09-25 00:00:00+00:00,-0.005079626881978194
2009-09-28 00:00:00+00:00,0.004373076881536953
2009-09-29 00:00:00+00:00,0.0005932791297036059
2009-09-30 00:00:00+00:00,0.0034113073506781503
2009-10-01 00:00:00+00:00,-0.014339179479479191
2009-10-02 00:00:00+00:00,-0.008328094144767406
2009-10-05 00:00:00+00:00,0.00426865270464335
2009-10-06 00:00:00+00:00,0.006095812482313357
2009-10-07 00:00:00+00:00,-0.0020333653258208014
2009-10-08 00:00:00+00:00,0.006216458300612982
2009-10-09 00:00:00+00:00,-0.0012248543741437464
2009-10-12 00:00:00+00:00,0.004031861964863126
2009-10-13 00:00:00+00:00,-0.002116357750015707
2009-10-14 00:00:00+00:00,0.011785927103367089
2009-10-15 00:00:00+00:00,-0.005388719832494426
2009-10-16 00:00:00+00:00,-0.006304962954376136
2009-10-19 00:00:00+00:00,0.0008770809484373813
2009-10-20 00:00:00+00:00,0.003321337674256875
2009-10-21 00:00:00+00:00,-0.0011938860990628238
2009-10-22 00:00:00+00:00,-0.0014121088821783864
2009-10-23 00:00:00+00:00,0.0061952394311716955
2009-10-26 00:00:00+00:00,0.0010667165067818844
2009-10-27 00:00:00+00:00,-0.0004363211653882534
2009-10-28 00:00:00+00:00,-0.0033403122671875948
2009-10-29 00:00:00+00:00,0.006334406734223886
2009-10-30 00:00:00+00:00,-0.002297141462282803
2009-11-02 00:00:00+00:00,0.002940112300340936
2009-11-03 00:00:00+00:00,-0.00575418718727253
2009-11-04 00:00:00+00:00,0.007080725862812021
2009-11-05 00:00:00+00:00,0.009033790501179329
2009-11-06 00:00:00+00:00,-0.005776521570089043
2009-11-09 00:00:00+00:00,0.007400151661577226
2009-11-10 00:00:00+00:00,-0.0020610883582850344
2009-11-11 00:00:00+00:00,0.006767540797338512
2009-11-12 00:00:00+00:00,-0.0006389737857616425
2009-11-13 00:00:00+00:00,0.002473045935615226
2009-11-16 00:00:00+00:00,0.005325401346232795
2009-11-17 00:00:00+00:00,-0.0029533689141050586
2009-11-18 00:00:00+00:00,-0.0022287470804869033
2009-11-19 00:00:00+00:00,-0.0070973212884958056
2009-11-20 00:00:00+00:00,-0.005528983337152659
2009-11-23 00:00:00+00:00,0.010773635248811109
2009-11-24 00:00:00+00:00,0.000285435973764481
2009-11-25 00:00:00+00:00,0.002215960117402516
2009-11-27 00:00:00+00:00,-0.027371836550911723
2009-11-30 00:00:00+00:00,-0.0018597940957542965
2009-12-01 00:00:00+00:00,0.00794478977599008
2009-12-02 00:00:00+00:00,0.0013147820911656675
2009-12-03 00:00:00+00:00,0.0028634232551568387
2009-12-04 00:00:00+00:00,0.012692956989665294
2009-12-07 00:00:00+00:00,-0.0010899943158122812
2009-12-08 00:00:00+00:00,-0.006755685933585364
2009-12-09 00:00:00+00:00,-0.0008952807723030861
2009-12-10 00:00:00+00:00,0.004945303343652252
2009-12-11 00:00:00+00:00,0.00453327950185608
2009-12-14 00:00:00+00:00,0.006518870268232802
2009-12-15 00:00:00+00:00,-0.0037037917522297122
2009-12-16 00:00:00+00:00,0.0036393224821996365
2009-12-17 00:00:00+00:00,-0.006140827580129992
2009-12-18 00:00:00+00:00,0.007203527241291885
2009-12-21 00:00:00+00:00,0.004781603706387328
2009-12-22 00:00:00+00:00,0.002446173663748519
2009-12-23 00:00:00+00:00,0.0019031053470366047
2009-12-24 00:00:00+00:00,0.0013206507763187884
2009-12-28 00:00:00+00:00,0.0027632472046210336
2009-12-29 00:00:00+00:00,0.001094481809708359
2009-12-30 00:00:00+00:00,-0.0023088773079851573
2009-12-31 00:00:00+00:00,0.0017852873471923773
2010-01-04 00:00:00+00:00,0.01021142578770592
2010-01-05 00:00:00+00:00,-0.0009316692038900728
2010-01-06 00:00:00+00:00,-0.0009993248630071668
2010-01-07 00:00:00+00:00,-0.0004648577450201194
2010-01-08 00:00:00+00:00,-0.002696563317574596
2010-01-11 00:00:00+00:00,0.0025702258356501088
2010-01-12 00:00:00+00:00,-0.006632110402024915
2010-01-13 00:00:00+00:00,0.0025046437043426354
2010-01-14 00:00:00+00:00,-0.0018380754483700908
2010-01-15 00:00:00+00:00,-0.0003077968720456067
2010-01-19 00:00:00+00:00,0.000811872458210983
2010-01-20 00:00:00+00:00,-0.007231296036701728
2010-01-21 00:00:00+00:00,0.0012473264296348433
2010-01-22 00:00:00+00:00,-0.004186833601688178
2010-01-25 00:00:00+00:00,0.007335398391255266
2010-01-26 00:00:00+00:00,-0.0028228664764576635
2010-01-27 00:00:00+00:00,-0.0018422070741742399
2010-01-28 00:00:00+00:00,-0.00201685002658134
2010-01-29 00:00:00+00:00,0.005997826909685833
2010-02-01 00:00:00+00:00,0.004523725495526454
2010-02-02 00:00:00+00:00,0.001426012845557734
2010-02-03 00:00:00+00:00,-0.00497035650091796
2010-02-04 00:00:00+00:00,-0.00781517500588561
2010-02-05 00:00:00+00:00,0.001554127966293806
2010-02-08 00:00:00+00:00,-0.0007394906493335181
2010-02-09 00:00:00+00:00,0.01153176002212516
2010-02-10 00:00:00+00:00,-0.0010932854175889403
2010-02-11 00:00:00+00:00,-0.000837854009760974
2010-02-12 00:00:00+00:00,-0.010036609577698452
2010-02-16 00:00:00+00:00,0.007151327495596738
2010-02-17 00:00:00+00:00,0.004371049863747112
2010-02-18 00:00:00+00:00,-0.0014527718495297767
2010-02-19 00:00:00+00:00,-0.002945116206037079
2010-02-22 00:00:00+00:00,0.0035517004110494303
2010-02-23 00:00:00+00:00,-0.001984465052285422
2010-02-24 00:00:00+00:00,0.0038067897208855176
2010-02-25 00:00:00+00:00,-0.012696592783556926
2010-02-26 00:00:00+00:00,3.985802646896437e-05
2010-03-01 00:00:00+00:00,0.004010886009325499
2010-03-02 00:00:00+00:00,0.003606722167551058
2010-03-03 00:00:00+00:00,0.0021999685695469288
2010-03-04 00:00:00+00:00,0.0006964856031545733
2010-03-05 00:00:00+00:00,0.006656476384845312
2010-03-08 00:00:00+00:00,-4.07179609256733e-05
2010-03-09 00:00:00+00:00,-0.002862157872491366
2010-03-10 00:00:00+00:00,0.00023883098745177718
2010-03-11 00:00:00+00:00,-0.002640365203519934
2010-03-12 00:00:00+00:00,0.0034495896049838385
2010-03-15 00:00:00+00:00,-0.0022219952474086587
2010-03-16 00:00:00+00:00,0.0026730776710304997
2010-03-17 00:00:00+00:00,0.0019392090160211487
2010-03-18 00:00:00+00:00,0.00016259754296795744
2010-03-19 00:00:00+00:00,-0.0013554522459675363
2010-03-22 00:00:00+00:00,-0.005145976916484251
2010-03-23 00:00:00+00:00,0.0011593328137796347
2010-03-24 00:00:00+00:00,-0.0030025689125003693
2010-03-25 00:00:00+00:00,0.007245543952102829
2010-03-26 00:00:00+00:00,0.0027284232523902777
2010-03-29 00:00:00+00:00,0.004730318342275519
2010-03-30 00:00:00+00:00,0.0018518789266000705
2010-03-31 00:00:00+00:00,-0.0037666266920621024
2010-04-01 00:00:00+00:00,0.005195217565413602
2010-04-05 00:00:00+00:00,0.002751957360251767
2010-04-06 00:00:00+00:00,-0.002862456353421616
2010-04-07 00:00:00+00:00,-0.002026219927726147
2010-04-08 00:00:00+00:00,-0.00347139834045721
2010-04-09 00:00:00+00:00,0.0008549891980006111
2010-04-12 00:00:00+00:00,0.0005314120157346672
2010-04-13 00:00:00+00:00,-0.0013107157597055715
2010-04-14 00:00:00+00:00,0.004171877795988344
2010-04-15 00:00:00+00:00,-0.001525775636373605
2010-04-16 00:00:00+00:00,-0.0038679871836515885
2010-04-19 00:00:00+00:00,-0.003583222508391803
2010-04-20 00:00:00+00:00,0.005557215073236444
2010-04-21 00:00:00+00:00,0.0034067519569543573
2010-04-22 00:00:00+00:00,-0.008619635515874058
2010-04-23 00:00:00+00:00,-0.0007300075356943322
2010-04-26 00:00:00+00:00,0.0003591599711185392
2010-04-27 00:00:00+00:00,-0.005167774287045434
2010-04-28 00:00:00+00:00,0.004739977440156718
2010-04-29 00:00:00+00:00,0.005551213179815962
2010-04-30 00:00:00+00:00,-0.00041615606516535146
2010-05-03 00:00:00+00:00,0.0042311699232120085
2010-05-04 00:00:00+00:00,-0.011975639122787018
2010-05-05 00:00:00+00:00,-0.009649727921432627
2010-05-06 00:00:00+00:00,-0.006121696119566899
2010-05-07 00:00:00+00:00,-0.005385899140423233
2010-05-10 00:00:00+00:00,0.04238988998761991
2010-05-11 00:00:00+00:00,-0.010016361963708897
2010-05-12 00:00:00+00:00,0.004409911981987891
2010-05-13 00:00:00+00:00,-0.003821913967244994
2010-05-14 00:00:00+00:00,-0.007811926622980947
2010-05-17 00:00:00+00:00,0.0020196058246772734
2010-05-18 00:00:00+00:00,0.008029056147739156
2010-05-19 00:00:00+00:00,-0.004933405102562604
2010-05-20 00:00:00+00:00,-0.02071745707555598
2010-05-21 00:00:00+00:00,-0.015657772435545482
2010-05-24 00:00:00+00:00,-0.0032268593474849335
2010-05-25 00:00:00+00:00,-0.023340954545445637
2010-05-26 00:00:00+00:00,0.006228358860294237
2010-05-27 00:00:00+00:00,0.020436336367845885
2010-05-28 00:00:00+00:00,3.0334639877027962e-05
2010-06-01 00:00:00+00:00,-0.006827307954549588
2010-06-02 00:00:00+00:00,0.00513502678191099
2010-06-03 00:00:00+00:00,0.0025554416469168676
2010-06-04 00:00:00+00:00,-0.020386022713133257
2010-06-07 00:00:00+00:00,0.004029294127687233
2010-06-08 00:00:00+00:00,0.0009826969462145233
2010-06-09 00:00:00+00:00,0.006114749443321877
2010-06-10 00:00:00+00:00,0.014395520945211205
2010-06-11 00:00:00+00:00,-0.009800551312479732
2010-06-14 00:00:00+00:00,0.008144278205080202
2010-06-15 00:00:00+00:00,0.005853851399280819
2010-06-16 00:00:00+00:00,-0.004281053174681781
2010-06-17 00:00:00+00:00,0.0039009322127637417
2010-06-18 00:00:00+00:00,0.0016377416857049302
2010-06-21 00:00:00+00:00,0.012303349466294489
2010-06-22 00:00:00+00:00,0.001845886893760718
2010-06-23 00:00:00+00:00,0.0005599260381321195
2010-06-24 00:00:00+00:00,-0.004943050617639199
2010-06-25 00:00:00+00:00,0.003939824310941165
2010-06-28 00:00:00+00:00,0.0004416723445942131
2010-06-29 00:00:00+00:00,-0.014969413534108167
2010-06-30 00:00:00+00:00,-0.003305310397675709
2010-07-01 00:00:00+00:00,0.0008832486010767141
2010-07-02 00:00:00+00:00,0.0022246368352755955
2010-07-06 00:00:00+00:00,0.01416160371723415
2010-07-07 00:00:00+00:00,0.0026068829124220264
2010-07-08 00:00:00+00:00,0.007874793100382716
2010-07-09 00:00:00+00:00,-0.0006662397244141856
2010-07-12 00:00:00+00:00,-0.0024152396364247927
2010-07-13 00:00:00+00:00,0.009241272578390325
2010-07-14 00:00:00+00:00,-0.0009033384295140997
2010-07-15 00:00:00+00:00,-0.0014697976711655954
2010-07-16 00:00:00+00:00,-0.004744336618775468
2010-07-19 00:00:00+00:00,0.002993989777844786
2010-07-20 00:00:00+00:00,-0.014967269155779039
2010-07-21 00:00:00+00:00,0.0075836640432218275
2010-07-22 00:00:00+00:00,0.012687102366418313
2010-07-23 00:00:00+00:00,-0.004691289115562191
2010-07-26 00:00:00+00:00,0.0012117319863096058
2010-07-27 00:00:00+00:00,0.004587104721716384
2010-07-28 00:00:00+00:00,-0.0018696128389236507
2010-07-29 00:00:00+00:00,0.005744494125727162
2010-07-30 00:00:00+00:00,-0.009534090186443888
2010-08-02 00:00:00+00:00,0.013829737864986725
2010-08-03 00:00:00+00:00,-0.0018633413473693513
2010-08-04 00:00:00+00:00,0.0033408142356832985
2010-08-05 00:00:00+00:00,-0.005936664186413676
2010-08-06 00:00:00+00:00,-0.010663375407835496
2010-08-09 00:00:00+00:00,0.004624601775214255
2010-08-10 00:00:00+00:00,-0.008584111719334852
2010-08-11 00:00:00+00:00,-0.016246482976711198
2010-08-12 00:00:00+00:00,-0.017429401538670376
2010-08-13 00:00:00+00:00,-0.0037524391199000636
2010-08-16 00:00:00+00:00,-0.006175535750507921
2010-08-17 00:00:00+00:00,0.007566376354296101
2010-08-18 00:00:00+00:00,-0.0015196413814952178
2010-08-19 00:00:00+00:00,-0.0058599113125613386
2010-08-20 00:00:00+00:00,-0.0025635068742568597
2010-08-23 00:00:00+00:00,0.005188443236584151
2010-08-24 00:00:00+00:00,-0.011494189058904902
2010-08-25 00:00:00+00:00,-0.006599075860024428
2010-08-26 00:00:00+00:00,0.0037621447625042163
2010-08-27 00:00:00+00:00,0.006510461084199804
2010-08-30 00:00:00+00:00,-0.003992724023091454
2010-08-31 00:00:00+00:00,-0.004788668969188647
2010-09-01 00:00:00+00:00,0.013805110070630866
2010-09-02 00:00:00+00:00,0.0017926397873762826
2010-09-03 00:00:00+00:00,0.010110587123760862
2010-09-07 00:00:00+00:00,-0.004709354001365773
2010-09-08 00:00:00+00:00,0.0021255243180733022
2010-09-09 00:00:00+00:00,0.009747841301966343
2010-09-10 00:00:00+00:00,0.0011396602382624747
2010-09-13 00:00:00+00:00,0.008496440224634328
2010-09-14 00:00:00+00:00,-0.001910723498831179
2010-09-15 00:00:00+00:00,-0.0030291502148533708
2010-09-16 00:00:00+00:00,-0.002790022479124221
2010-09-17 00:00:00+00:00,0.005593999048680376
2010-09-20 00:00:00+00:00,0.003309015728676446
2010-09-21 00:00:00+00:00,0.0004009661920145405
2010-09-22 00:00:00+00:00,-0.0031380463514501297
2010-09-23 00:00:00+00:00,-0.0076858461072112135
2010-09-24 00:00:00+00:00,0.0109060904338106
2010-09-27 00:00:00+00:00,-0.00042802804272299404
2010-09-28 00:00:00+00:00,0.0015712947855061835
2010-09-29 00:00:00+00:00,-0.0022734036248197916
2010-09-30 00:00:00+00:00,0.004769485807723706
2010-10-01 00:00:00+00:00,0.0076453119371311055
2010-10-04 00:00:00+00:00,-0.0027753502949381167
2010-10-05 00:00:00+00:00,0.009987828097114926
2010-10-06 00:00:00+00:00,-0.0009904528829823064
2010-10-07 00:00:00+00:00,0.004569124261875246
2010-10-08 00:00:00+00:00,0.0005929390084184697
2010-10-11 00:00:00+00:00,0.0007736732662952609
2010-10-12 00:00:00+00:00,-0.002732539624756591
2010-10-13 00:00:00+00:00,0.005670556561720519
2010-10-14 00:00:00+00:00,-0.00046975334983881926
2010-10-15 00:00:00+00:00,0.00933907297188793
2010-10-18 00:00:00+00:00,-3.3172860367003106e-05
2010-10-19 00:00:00+00:00,-0.00958588021110005
2010-10-20 00:00:00+00:00,0.0019770916937379094
2010-10-21 00:00:00+00:00,0.0050736826407649874
2010-10-22 00:00:00+00:00,0.0005593176445734763
2010-10-25 00:00:00+00:00,0.005070647608858303
2010-10-26 00:00:00+00:00,-0.005332348141941867
2010-10-27 00:00:00+00:00,-0.006390166468006752
2010-10-28 00:00:00+00:00,0.004679635953638373
2010-10-29 00:00:00+00:00,-0.0008067459314284649
2010-11-01 00:00:00+00:00,0.003968073598928002
2010-11-02 00:00:00+00:00,0.007571465381740883
2010-11-03 00:00:00+00:00,0.0010526310652576257
2010-11-04 00:00:00+00:00,0.010713708066792138
2010-11-05 00:00:00+00:00,0.0003064893306043651
2010-11-08 00:00:00+00:00,-0.0026867600827274792
2010-11-09 00:00:00+00:00,0.0030010779118954892
2010-11-10 00:00:00+00:00,0.00023130419562014144
2010-11-11 00:00:00+00:00,-0.01213863677198227
2010-11-12 00:00:00+00:00,-0.006293472467319794
2010-11-15 00:00:00+00:00,0.003851845555541822
2010-11-16 00:00:00+00:00,-0.006919511344210738
2010-11-17 00:00:00+00:00,0.00020323938844176744
2010-11-18 00:00:00+00:00,0.009947991781083377
2010-11-19 00:00:00+00:00,-0.001217591145949248
2010-11-22 00:00:00+00:00,-0.004795326743888361
2010-11-23 00:00:00+00:00,-0.011310148679153009
2010-11-24 00:00:00+00:00,0.007762879809720869
2010-11-26 00:00:00+00:00,-0.007826192655884722
2010-11-29 00:00:00+00:00,-0.0022258862364568973
2010-11-30 00:00:00+00:00,-0.010466667745148072
2010-12-01 00:00:00+00:00,0.014307169236135254
2010-12-02 00:00:00+00:00,0.0012369723713015705
2010-12-03 00:00:00+00:00,-0.004153799139768577
2010-12-06 00:00:00+00:00,-0.0012650613060399604
2010-12-07 00:00:00+00:00,0.010541152728202741
2010-12-08 00:00:00+00:00,0.0016099762943590726
2010-12-09 00:00:00+00:00,0.005549380090231615
2010-12-10 00:00:00+00:00,0.0027132174863729545
2010-12-13 00:00:00+00:00,0.00391652936029715
2010-12-14 00:00:00+00:00,0.0017518430926789178
2010-12-15 00:00:00+00:00,-0.0014981201629343573
2010-12-16 00:00:00+00:00,0.00048389824453595216
2010-12-17 00:00:00+00:00,-2.635685633426392e-05
2010-12-20 00:00:00+00:00,0.001984899458359302
2010-12-21 00:00:00+00:00,0.0031894296865465303
2010-12-22 00:00:00+00:00,-0.00012328624525196312
2010-12-23 00:00:00+00:00,-0.0017676240303266862
2010-12-27 00:00:00+00:00,-0.0036322086046153054
2010-12-28 00:00:00+00:00,0.0016987982637228453
2010-12-29 00:00:00+00:00,0.0016679303722720532
2010-12-30 00:00:00+00:00,-0.000776378517040854
2010-12-31 00:00:00+00:00,-0.0016960493393647132
2011-01-03 00:00:00+00:00,0.008199549247183436
2011-01-04 00:00:00+00:00,0.002609482710068412
2011-01-05 00:00:00+00:00,-0.0034125876840699117
2011-01-06 00:00:00+00:00,0.0004340789387966229
2011-01-07 00:00:00+00:00,0.0012614560615726526
2011-01-10 00:00:00+00:00,-0.003576568886849185
2011-01-11 00:00:00+00:00,0.003562331967834809
2011-01-12 00:00:00+00:00,0.005164169643180861
2011-01-13 00:00:00+00:00,0.0002482164506968035
2011-01-14 00:00:00+00:00,-0.000824701143301498
2011-01-18 00:00:00+00:00,-0.004535855760601981
2011-01-19 00:00:00+00:00,0.0001501942824762795
2011-01-20 00:00:00+00:00,-0.003554249908501705
2011-01-21 00:00:00+00:00,0.005318218584253154
2011-01-24 00:00:00+00:00,0.00037611581151266756
2011-01-25 00:00:00+00:00,-0.004096850770171167
2011-01-26 00:00:00+00:00,0.0016461962228172203
2011-01-27 00:00:00+00:00,0.001399365235782624
2011-01-28 00:00:00+00:00,0.00018940495767191286
2011-01-31 00:00:00+00:00,0.001787950858871479
2011-02-01 00:00:00+00:00,0.006481015663548273
2011-02-02 00:00:00+00:00,-0.0026520738561529363
2011-02-03 00:00:00+00:00,-0.0021470091445869085
2011-02-04 00:00:00+00:00,-0.00019653942739187273
2011-02-07 00:00:00+00:00,0.0017640071581083942
2011-02-08 00:00:00+00:00,0.0003284119181232395
2011-02-09 00:00:00+00:00,-0.0024334637266045563
2011-02-10 00:00:00+00:00,-0.006112396632889127
2011-02-11 00:00:00+00:00,-0.0037297709448798396
2011-02-14 00:00:00+00:00,-0.0006008498970659689
2011-02-15 00:00:00+00:00,-0.0030311892697052253
2011-02-16 00:00:00+00:00,0.0026735832322740353
2011-02-17 00:00:00+00:00,-0.004219393498980128
2011-02-18 00:00:00+00:00,0.00014684913254006145
2011-02-22 00:00:00+00:00,-0.012351026041493162
2011-02-23 00:00:00+00:00,-0.000603572644681338
2011-02-24 00:00:00+00:00,0.00022657002277334278
2011-02-25 00:00:00+00:00,0.004614111903368212
2011-02-28 00:00:00+00:00,0.0035462720080525426
2011-03-01 00:00:00+00:00,0.0034410590266354627
2011-03-02 00:00:00+00:00,-0.0012512169246880252
2011-03-03 00:00:00+00:00,0.008872229398259013
2011-03-04 00:00:00+00:00,-0.0008461306718109182
2011-03-07 00:00:00+00:00,0.00324217373757848
2011-03-08 00:00:00+00:00,-0.00011338808355157963
2011-03-09 00:00:00+00:00,-0.003108707835327162
2011-03-10 00:00:00+00:00,-0.011160947589655778
2011-03-11 00:00:00+00:00,-0.00476601971186783
2011-03-14 00:00:00+00:00,-0.006292209198877496
2011-03-15 00:00:00+00:00,-0.028258632442995847
2011-03-16 00:00:00+00:00,-0.006039611599322458
2011-03-17 00:00:00+00:00,0.014852548415495182
2011-03-18 00:00:00+00:00,0.01168854740322397
2011-03-21 00:00:00+00:00,0.013544564775013946
2011-03-22 00:00:00+00:00,0.00034327922612694713
2011-03-23 00:00:00+00:00,-0.003497182738159998
2011-03-24 00:00:00+00:00,0.0063233886564681655
2011-03-25 00:00:00+00:00,0.0025857644787531057
2011-03-28 00:00:00+00:00,0.0029653239008461067
2011-03-29 00:00:00+00:00,-0.0018695741439937238
2011-03-30 00:00:00+00:00,0.004768999489520998
2011-03-31 00:00:00+00:00,-0.001811997899551809
2011-04-01 00:00:00+00:00,0.005317062221843661
2011-04-04 00:00:00+00:00,0.002143842914953476
2011-04-05 00:00:00+00:00,-0.002235797808574502
2011-04-06 00:00:00+00:00,0.005953207009805917
2011-04-07 00:00:00+00:00,-0.0013724167636742553
2011-04-08 00:00:00+00:00,0.004184506833438817
2011-04-11 00:00:00+00:00,0.0021583447707930973
2011-04-12 00:00:00+00:00,-0.005383653455393855
2011-04-13 00:00:00+00:00,0.005745135051237827
2011-04-14 00:00:00+00:00,-0.006620581951496373
2011-04-15 00:00:00+00:00,-0.0013261151704680226
2011-04-18 00:00:00+00:00,-0.010821855056054075
2011-04-19 00:00:00+00:00,0.0017996498397169994
2011-04-20 00:00:00+00:00,0.01451209382803006
2011-04-21 00:00:00+00:00,0.00712925364517566
2011-04-25 00:00:00+00:00,-0.00024504661490229977
2011-04-26 00:00:00+00:00,0.0025162092179949695
2011-04-27 00:00:00+00:00,0.0015996229557538547
2011-04-28 00:00:00+00:00,-0.002704323710792744
2011-04-29 00:00:00+00:00,-0.0010465642213141942
2011-05-02 00:00:00+00:00,0.0028072982781849
2011-05-03 00:00:00+00:00,-0.0015086806291948248
2011-05-04 00:00:00+00:00,-0.00026550345966417336
2011-05-05 00:00:00+00:00,-0.005555702473597135
2011-05-06 00:00:00+00:00,0.009653272169592187
2011-05-09 00:00:00+00:00,0.0005179045556939158
2011-05-10 00:00:00+00:00,0.002818305186025072
2011-05-11 00:00:00+00:00,-0.0017960021161771197
2011-05-12 00:00:00+00:00,-0.0031705572851082105
2011-05-13 00:00:00+00:00,-0.00122490952104457
2011-05-16 00:00:00+00:00,-0.004401924705960769
2011-05-17 00:00:00+00:00,-0.004790221317520193
2011-05-18 00:00:00+00:00,-0.0007321491626153583
2011-05-19 00:00:00+00:00,0.0028879934252377896
2011-05-20 00:00:00+00:00,-0.002114952639280831
2011-05-23 00:00:00+00:00,-0.013237127642015822
2011-05-24 00:00:00+00:00,0.002368514545368317
2011-05-25 00:00:00+00:00,-0.0029271917850709813
2011-05-26 00:00:00+00:00,-0.0031561420742803655
2011-05-27 00:00:00+00:00,0.0019661150875173953
2011-05-31 00:00:00+00:00,0.009119877457755521
2011-06-01 00:00:00+00:00,-0.0029449089119185975
2011-06-02 00:00:00+00:00,0.0010047031843710367
2011-06-03 00:00:00+00:00,-0.01206503017643954
2011-06-06 00:00:00+00:00,-0.002718871683314616
2011-06-07 00:00:00+00:00,0.0035993723907631007
2011-06-08 00:00:00+00:00,-0.002151269546257861
2011-06-09 00:00:00+00:00,0.001243670969789579
2011-06-10 00:00:00+00:00,-0.004768289078873089
2011-06-13 00:00:00+00:00,0.001111103073736042
2011-06-14 00:00:00+00:00,0.008124399262911497
2011-06-15 00:00:00+00:00,-0.009264171209071559
2011-06-16 00:00:00+00:00,0.00013371437335759658
2011-06-17 00:00:00+00:00,0.008751917051291714
2011-06-20 00:00:00+00:00,-0.003386566249918099
2011-06-21 00:00:00+00:00,0.004041046334779053
2011-06-22 00:00:00+00:00,-0.003927030189758296
2011-06-23 00:00:00+00:00,-0.01154809446248537
2011-06-24 00:00:00+00:00,-0.0027657331446905627
2011-06-27 00:00:00+00:00,0.0005670329299904634
2011-06-28 00:00:00+00:00,0.002779169271182236
2011-06-29 00:00:00+00:00,0.0031349950018285336
2011-06-30 00:00:00+00:00,0.0030829301585572847
2011-07-01 00:00:00+00:00,0.0004174794065197832
2011-07-05 00:00:00+00:00,-0.00030469169056699356
2011-07-06 00:00:00+00:00,-0.0020971650020444096
2011-07-07 00:00:00+00:00,0.007909248418727944
2011-07-08 00:00:00+00:00,-0.010259641087495974
2011-07-11 00:00:00+00:00,-0.011689968396874006
2011-07-12 00:00:00+00:00,-0.0014472050567516988
2011-07-13 00:00:00+00:00,0.0059765242250557574
2011-07-14 00:00:00+00:00,0.002249877518077337
2011-07-15 00:00:00+00:00,0.008092961897597529
2011-07-18 00:00:00+00:00,-0.005381640752294114
2011-07-19 00:00:00+00:00,0.007273905033044004
2011-07-20 00:00:00+00:00,0.003784353712778821
2011-07-21 00:00:00+00:00,0.0030394058804150362
2011-07-22 00:00:00+00:00,-0.00044315728429481475
2011-07-25 00:00:00+00:00,-0.008998319487133177
2011-07-26 00:00:00+00:00,-0.0009724133949810861
2011-07-27 00:00:00+00:00,-0.006345345293601678
2011-07-28 00:00:00+00:00,-4.192461263178264e-05
2011-07-29 00:00:00+00:00,-0.00936849276319388
2011-08-01 00:00:00+00:00,0.011572482420142605
2011-08-02 00:00:00+00:00,-0.006404647446434852
2011-08-03 00:00:00+00:00,0.0009993948833817105
2011-08-04 00:00:00+00:00,-0.01436410024261101
2011-08-05 00:00:00+00:00,0.011012953716002494
2011-08-08 00:00:00+00:00,-0.02882515780289816
2011-08-09 00:00:00+00:00,0.015272593751952302
2011-08-10 00:00:00+00:00,-0.021062464824646722
2011-08-11 00:00:00+00:00,0.011195529942956884
2011-08-12 00:00:00+00:00,0.00736701491064592
2011-08-15 00:00:00+00:00,0.006282737616184331
2011-08-16 00:00:00+00:00,-0.009941886822829182
2011-08-17 00:00:00+00:00,0.003108843361604075
2011-08-18 00:00:00+00:00,-0.027075795230042922
2011-08-19 00:00:00+00:00,-0.012269294343654457
2011-08-22 00:00:00+00:00,0.022922932022396002
2011-08-23 00:00:00+00:00,0.004948829226513263
2011-08-24 00:00:00+00:00,-0.002808051871726258
2011-08-25 00:00:00+00:00,0.0021675928195737607
2011-08-26 00:00:00+00:00,-0.004476822898799615
2011-08-29 00:00:00+00:00,0.011426769225987366
2011-08-30 00:00:00+00:00,-0.004314732758767514
2011-08-31 00:00:00+00:00,0.005906729899829178
2011-09-01 00:00:00+00:00,0.0012576358512274791
2011-09-02 00:00:00+00:00,-0.019699374312453867
2011-09-06 00:00:00+00:00,-0.026616287544161878
2011-09-07 00:00:00+00:00,0.014395471553508144
2011-09-08 00:00:00+00:00,-0.005854707092449762
2011-09-09 00:00:00+00:00,-0.00950580215799588
2011-09-12 00:00:00+00:00,-0.012101516176460192
2011-09-13 00:00:00+00:00,0.003185192979359675
2011-09-14 00:00:00+00:00,0.004813007336307152
2011-09-15 00:00:00+00:00,0.010480623412775192
2011-09-16 00:00:00+00:00,0.0028129166417009913
2011-09-19 00:00:00+00:00,-0.01467296161910856
2011-09-20 00:00:00+00:00,0.004380966216681792
2011-09-21 00:00:00+00:00,0.002522623368561428
2011-09-22 00:00:00+00:00,-0.02752034944830343
2011-09-23 00:00:00+00:00,-0.007822330070956595
2011-09-26 00:00:00+00:00,0.00690501903009807
2011-09-27 00:00:00+00:00,0.018039188728119125
2011-09-28 00:00:00+00:00,0.002888882815400529
2011-09-29 00:00:00+00:00,0.015604705444171996
2011-09-30 00:00:00+00:00,-0.01387509181290334
2011-10-03 00:00:00+00:00,-0.0076939183634820215
2011-10-04 00:00:00+00:00,-0.012569972504317994
2011-10-05 00:00:00+00:00,-0.0002994150929572001
2011-10-06 00:00:00+00:00,-0.001216000584662846
2011-10-07 00:00:00+00:00,0.0023430274900194895
2011-10-10 00:00:00+00:00,0.016719979493783753
2011-10-11 00:00:00+00:00,-0.004609148725452627
2011-10-12 00:00:00+00:00,0.008253686875006905
2011-10-13 00:00:00+00:00,-0.004211897908702944
2011-10-14 00:00:00+00:00,0.011636051929641756
2011-10-17 00:00:00+00:00,-0.004986401884666791
2011-10-18 00:00:00+00:00,-0.001459970730612747
2011-10-19 00:00:00+00:00,-0.00387492669517373
2011-10-20 00:00:00+00:00,0.0008506949854128146
2011-10-21 00:00:00+00:00,0.010878162093115396
2011-10-24 00:00:00+00:00,0.0023391359390086634
2011-10-25 00:00:00+00:00,-0.004314814313877346
2011-10-26 00:00:00+00:00,0.0077725131781685945
2011-10-27 00:00:00+00:00,0.02505614119268359
2011-10-28 00:00:00+00:00,-0.005552865148022923
2011-10-31 00:00:00+00:00,-0.010225079289894723
2011-11-01 00:00:00+00:00,-0.026462912645048665
2011-11-02 00:00:00+00:00,0.012426742332787255
2011-11-03 00:00:00+00:00,0.008814398220420372
2011-11-04 00:00:00+00:00,-0.006748939239224183
2011-11-07 00:00:00+00:00,-0.0010047518589413103
2011-11-08 00:00:00+00:00,0.005921310856016071
2011-11-09 00:00:00+00:00,-0.02167131622430061
2011-11-10 00:00:00+00:00,0.011245984579898083
2011-11-11 00:00:00+00:00,0.01008810658459055
2011-11-14 00:00:00+00:00,-0.0035383364901575894
2011-11-15 00:00:00+00:00,-0.002933943052918586
2011-11-16 00:00:00+00:00,-0.008949559909445659
2011-11-17 00:00:00+00:00,-0.0025385321116824008
2011-11-18 00:00:00+00:00,0.0013864824492940356
2011-11-21 00:00:00+00:00,-0.014365122387381057
2011-11-22 00:00:00+00:00,-0.002674696784207486
2011-11-23 00:00:00+00:00,-0.008758410733733379
2011-11-25 00:00:00+00:00,-0.0032304190833058796
2011-11-28 00:00:00+00:00,0.02565047435177955
2011-11-29 00:00:00+00:00,0.0008458922242163495
2011-11-30 00:00:00+00:00,0.027635154116120907
2011-12-01 00:00:00+00:00,-0.0009487829014132917
2011-12-02 00:00:00+00:00,0.009232759412168024
2011-12-05 00:00:00+00:00,0.015134915282748096
2011-12-06 00:00:00+00:00,9.717347396711625e-05
2011-12-07 00:00:00+00:00,-0.0033649013059725338
2011-12-08 00:00:00+00:00,-0.006815583841789851
2011-12-09 00:00:00+00:00,0.0032058334321823593
2011-12-12 00:00:00+00:00,-0.009924327816421307
2011-12-13 00:00:00+00:00,0.0055977694251127755
2011-12-14 00:00:00+00:00,-0.004174031573697312
2011-12-15 00:00:00+00:00,0.009279294465175026
2011-12-16 00:00:00+00:00,0.005742909968829058
2011-12-19 00:00:00+00:00,0.0035467758278631915
2011-12-20 00:00:00+00:00,0.015656291846517366
2011-12-21 00:00:00+00:00,-0.0032504126148141573
2011-12-22 00:00:00+00:00,0.002640468003003516
2011-12-23 00:00:00+00:00,0.0022859551591856934
2011-12-27 00:00:00+00:00,-0.00153609677061981
2011-12-28 00:00:00+00:00,-0.0008433155558355328
2011-12-29 00:00:00+00:00,0.002151623723257912
2011-12-30 00:00:00+00:00,-0.00176816433779684
2012-01-03 00:00:00+00:00,0.018376146537029202
2012-01-04 00:00:00+00:00,-0.0022671935881820367
2012-01-05 00:00:00+00:00,-0.004051702023015391
2012-01-06 00:00:00+00:00,0.0004117330850500148
2012-01-09 00:00:00+00:00,0.002132500422611006
2012-01-10 00:00:00+00:00,0.010343941048936734
2012-01-11 00:00:00+00:00,-0.0019348209488740716
2012-01-12 00:00:00+00:00,0.0022496828396212035
2012-01-13 00:00:00+00:00,-0.006313412597738021
2012-01-17 00:00:00+00:00,0.008895113889647444
2012-01-18 00:00:00+00:00,0.0005208636503876932
2012-01-19 00:00:00+00:00,0.0036897972854113784
2012-01-20 00:00:00+00:00,-0.003308743412356296
2012-01-23 00:00:00+00:00,-0.0018835307468952674
2012-01-24 00:00:00+00:00,-0.005635078514807134
2012-01-25 00:00:00+00:00,0.003798509141528761
2012-01-26 00:00:00+00:00,0.00407660168184284
2012-01-27 00:00:00+00:00,-0.0038059511590069813
2012-01-30 00:00:00+00:00,-0.009490734792905997
2012-01-31 00:00:00+00:00,0.004655428874825474
2012-02-01 00:00:00+00:00,0.0062843076745674135
2012-02-02 00:00:00+00:00,0.0023199143634557665
2012-02-03 00:00:00+00:00,0.009330485790960375
2012-02-06 00:00:00+00:00,-0.004234255325004632
2012-02-07 00:00:00+00:00,-0.0017447437079170843
2012-02-08 00:00:00+00:00,4.064189354188204e-05
2012-02-09 00:00:00+00:00,0.002434764810018109
2012-02-10 00:00:00+00:00,-0.008309251600020584
2012-02-13 00:00:00+00:00,0.007034405141972367
2012-02-14 00:00:00+00:00,-0.002739962047424915
2012-02-15 00:00:00+00:00,0.003700363621754821
2012-02-16 00:00:00+00:00,-0.0001036822441213056
2012-02-17 00:00:00+00:00,0.0015058106847856915
2012-02-21 00:00:00+00:00,0.0014247816962200347
2012-02-22 00:00:00+00:00,-0.002012684840627421
2012-02-23 00:00:00+00:00,7.464415985116742e-05
2012-02-24 00:00:00+00:00,0.002209804614649114
2012-02-27 00:00:00+00:00,-0.006358879035451936
2012-02-28 00:00:00+00:00,0.000314125552282796
2012-02-29 00:00:00+00:00,0.0008130807807970823
2012-03-01 00:00:00+00:00,0.002621466742011436
2012-03-02 00:00:00+00:00,-0.0013200878354634234
2012-03-05 00:00:00+00:00,-0.0013727748296376904
2012-03-06 00:00:00+00:00,-0.010325473716153421
2012-03-07 00:00:00+00:00,0.0032101985417386184
2012-03-08 00:00:00+00:00,0.005724346714822992
2012-03-09 00:00:00+00:00,0.001497711915781708
2012-03-12 00:00:00+00:00,-0.0005263010284463406
2012-03-13 00:00:00+00:00,0.0050795530416985705
2012-03-14 00:00:00+00:00,0.0003711052631700465
2012-03-15 00:00:00+00:00,0.0019541994193554516
2012-03-16 00:00:00+00:00,0.0013804405130358414
2012-03-19 00:00:00+00:00,0.00020597277125075116
2012-03-20 00:00:00+00:00,-0.005752168610755481
2012-03-21 00:00:00+00:00,5.9419773899194465e-05
2012-03-22 00:00:00+00:00,-0.006952824506269528
2012-03-23 00:00:00+00:00,0.0007283186921035138
2012-03-26 00:00:00+00:00,0.00664158567287384
2012-03-27 00:00:00+00:00,0.0005261548308150513
2012-03-28 00:00:00+00:00,-0.00025496959605711937
2012-03-29 00:00:00+00:00,-0.005756437315679186
2012-03-30 00:00:00+00:00,0.004376309919902977
2012-04-02 00:00:00+00:00,-0.0014217556701612618
2012-04-03 00:00:00+00:00,-0.0005652895541597199
2012-04-04 00:00:00+00:00,-0.007718660204616345
2012-04-05 00:00:00+00:00,-0.002907430167695157
2012-04-09 00:00:00+00:00,-0.012797063041685852
2012-04-10 00:00:00+00:00,-0.0014999323525908045
2012-04-11 00:00:00+00:00,0.009199237797527371
2012-04-12 00:00:00+00:00,0.0011528036548916435
2012-04-13 00:00:00+00:00,-0.0031638839787782366
2012-04-16 00:00:00+00:00,0.00474501019021697
2012-04-17 00:00:00+00:00,0.004721188528974374
2012-04-18 00:00:00+00:00,-0.003951528320252451
2012-04-19 00:00:00+00:00,-0.0020295964556175435
2012-04-20 00:00:00+00:00,0.004647945288539146
2012-04-23 00:00:00+00:00,-0.010130384884271015
2012-04-24 00:00:00+00:00,-0.0007832149499783832
2012-04-25 00:00:00+00:00,0.014930056795489166
2012-04-26 00:00:00+00:00,-0.001453134798336175
2012-04-27 00:00:00+00:00,0.0032930396852099645
2012-04-30 00:00:00+00:00,-0.0027844850168045384
2012-05-01 00:00:00+00:00,-0.0011100234375287284
2012-05-02 00:00:00+00:00,-0.005680781566257653
2012-05-03 00:00:00+00:00,6.930443026894635e-05
2012-05-04 00:00:00+00:00,-0.007517819448056106
2012-05-07 00:00:00+00:00,-0.005102235378275399
2012-05-08 00:00:00+00:00,-0.006456358062516687
2012-05-09 00:00:00+00:00,-0.01142129372245374
2012-05-10 00:00:00+00:00,0.005416827690333326
2012-05-11 00:00:00+00:00,-0.005138158972072293
2012-05-14 00:00:00+00:00,-0.009378323128803078
2012-05-15 00:00:00+00:00,0.0007017048286940501
2012-05-16 00:00:00+00:00,0.0036856453069059273
2012-05-17 00:00:00+00:00,-2.8307702957175147e-05
2012-05-18 00:00:00+00:00,0.0031906498462191627
2012-05-21 00:00:00+00:00,0.0023052997662302514
2012-05-22 00:00:00+00:00,0.0024277921255608462
2012-05-23 00:00:00+00:00,-0.008137033596754028
2012-05-24 00:00:00+00:00,0.0017800847493506192
2012-05-25 00:00:00+00:00,-5.576427397823976e-06
2012-05-29 00:00:00+00:00,0.008384218034013203
2012-05-30 00:00:00+00:00,-0.009097491283292769
2012-05-31 00:00:00+00:00,-0.0011314264850089458
2012-06-01 00:00:00+00:00,-0.017157988807162107
2012-06-04 00:00:00+00:00,0.002004368054422912
2012-06-05 00:00:00+00:00,-0.0030006063379635958
2012-06-06 00:00:00+00:00,0.006949401210305484
2012-06-07 00:00:00+00:00,0.010661701457607553
2012-06-08 00:00:00+00:00,-0.0023905779439465143
2012-06-11 00:00:00+00:00,0.007536923129962203
2012-06-12 00:00:00+00:00,0.0034916409877465363
2012-06-13 00:00:00+00:00,-0.0032055149462811624
2012-06-14 00:00:00+00:00,0.0006415859797172189
2012-06-15 00:00:00+00:00,0.003342156928296392
2012-06-18 00:00:00+00:00,-0.004451379103949249
2012-06-19 00:00:00+00:00,0.004746394586254666
2012-06-20 00:00:00+00:00,0.0008264401348071163
2012-06-21 00:00:00+00:00,-9.825228696350689e-05
2012-06-22 00:00:00+00:00,0.003979986070478081
2012-06-25 00:00:00+00:00,-0.009686782212630618
2012-06-26 00:00:00+00:00,0.0028368129859683514
2012-06-27 00:00:00+00:00,0.0032864087936816614
2012-06-28 00:00:00+00:00,-0.007340399332617964
2012-06-29 00:00:00+00:00,0.018420903517472685
2012-07-02 00:00:00+00:00,0.001797436480453574
2012-07-03 00:00:00+00:00,-9.907273582790947e-05
2012-07-05 00:00:00+00:00,-0.002617954108647102
2012-07-06 00:00:00+00:00,-0.007435387345771182
2012-07-09 00:00:00+00:00,-0.0012515992940972717
2012-07-10 00:00:00+00:00,0.0049837956039013535
2012-07-11 00:00:00+00:00,-0.000670432760249173
2012-07-12 00:00:00+00:00,-0.007173847134834021
2012-07-13 00:00:00+00:00,0.0023720299658906655
2012-07-16 00:00:00+00:00,-0.0025458701497672372
2012-07-17 00:00:00+00:00,0.004858098276490053
2012-07-18 00:00:00+00:00,-0.0024179247123572774
2012-07-19 00:00:00+00:00,0.004213601955914437
2012-07-20 00:00:00+00:00,-0.003285231116383491
2012-07-23 00:00:00+00:00,-0.017356837677427663
2012-07-24 00:00:00+00:00,0.0009367935941585141
2012-07-25 00:00:00+00:00,-0.0031459328168249364
2012-07-26 00:00:00+00:00,0.014099211823329927
2012-07-27 00:00:00+00:00,0.005973210367910842
2012-07-30 00:00:00+00:00,0.00035634414845644476
2012-07-31 00:00:00+00:00,-0.0002135465006040446
2012-08-01 00:00:00+00:00,0.0068437073504245775
2012-08-02 00:00:00+00:00,-0.00787134953263322
2012-08-03 00:00:00+00:00,0.014802780698928342
2012-08-06 00:00:00+00:00,0.0036192870721008744
2012-08-07 00:00:00+00:00,0.0038231169216412456
2012-08-08 00:00:00+00:00,-0.003249944035094132
2012-08-09 00:00:00+00:00,-0.0010866970588036314
2012-08-10 00:00:00+00:00,-0.00412274609797667
2012-08-13 00:00:00+00:00,-0.0013018666381442775
2012-08-14 00:00:00+00:00,0.0034123625499322355
2012-08-15 00:00:00+00:00,-0.0012055600655421547
2012-08-16 00:00:00+00:00,0.0022689475046349886
2012-08-17 00:00:00+00:00,0.001647454084613165
2012-08-20 00:00:00+00:00,-0.0013687782414048884
2012-08-21 00:00:00+00:00,0.00224584617377851
2012-08-22 00:00:00+00:00,-0.002670465383526088
2012-08-23 00:00:00+00:00,-0.0037988677167149817
2012-08-24 00:00:00+00:00,-0.002723036257194533
2012-08-27 00:00:00+00:00,0.0031661663193856774
2012-08-28 00:00:00+00:00,-0.0020104149157197156
2012-08-29 00:00:00+00:00,0.0001243658384466831
2012-08-30 00:00:00+00:00,-0.004648366792741143
2012-08-31 00:00:00+00:00,0.00616550932141543
2012-09-04 00:00:00+00:00,-0.001678911943375305
2012-09-05 00:00:00+00:00,-0.00030748463479394165
2012-09-06 00:00:00+00:00,0.005803237635405545
2012-09-07 00:00:00+00:00,-0.0006156892080478645
2012-09-10 00:00:00+00:00,-0.002081204839252426
2012-09-11 00:00:00+00:00,8.668722920065515e-05
2012-09-12 00:00:00+00:00,0.0031938892273995715
2012-09-13 00:00:00+00:00,6.851893144712602e-05
2012-09-14 00:00:00+00:00,0.0024857845647507596
2012-09-17 00:00:00+00:00,-0.0010335636930957955
2012-09-18 00:00:00+00:00,-0.002433725957405741
2012-09-19 00:00:00+00:00,0.0002086242904774885
2012-09-20 00:00:00+00:00,-0.004998580008498376
2012-09-21 00:00:00+00:00,0.004624709504075642
2012-09-24 00:00:00+00:00,-0.006901999555238824
2012-09-25 00:00:00+00:00,0.0020547092119561298
2012-09-26 00:00:00+00:00,-0.0010585417571903118
2012-09-27 00:00:00+00:00,0.0030400790228336198
2012-09-28 00:00:00+00:00,-0.0038645301187642863
2012-10-01 00:00:00+00:00,0.004016415735449941
2012-10-02 00:00:00+00:00,0.003864839139674803
2012-10-03 00:00:00+00:00,0.00243321746799593
2012-10-04 00:00:00+00:00,0.0023910676085882824
2012-10-05 00:00:00+00:00,0.004892629005815075
2012-10-08 00:00:00+00:00,-0.005047167843577149
2012-10-09 00:00:00+00:00,-0.0019941439127364787
2012-10-10 00:00:00+00:00,-0.0005186192532767083
2012-10-11 00:00:00+00:00,0.006925735762185215
2012-10-12 00:00:00+00:00,-2.6310191137224033e-05
2012-10-15 00:00:00+00:00,0.002764321229671041
2012-10-16 00:00:00+00:00,0.002804518222420305
2012-10-17 00:00:00+00:00,-0.002525589768570235
2012-10-18 00:00:00+00:00,-0.003215256795570087
2012-10-19 00:00:00+00:00,-0.001820542870096786
2012-10-22 00:00:00+00:00,-0.0013652792544529887
2012-10-23 00:00:00+00:00,-0.009793377856948981
2012-10-24 00:00:00+00:00,0.004331972811253271
2012-10-25 00:00:00+00:00,0.006698671025780334
2012-10-26 00:00:00+00:00,-0.0007595707128630665
2012-10-31 00:00:00+00:00,0.0008566264309855191
2012-11-01 00:00:00+00:00,0.003917435135460912
2012-11-02 00:00:00+00:00,0.004952701695476647
2012-11-05 00:00:00+00:00,-0.0009648520152728875
2012-11-06 00:00:00+00:00,0.0020540625896540935
2012-11-07 00:00:00+00:00,-0.010172467915819083
2012-11-08 00:00:00+00:00,0.0010309126599734823
2012-11-09 00:00:00+00:00,-0.0015046903395392382
2012-11-12 00:00:00+00:00,0.004173084763075064
2012-11-13 00:00:00+00:00,-0.006803207090684859
2012-11-14 00:00:00+00:00,0.0036854316935592494
2012-11-15 00:00:00+00:00,0.0002050941670130538
2012-11-16 00:00:00+00:00,0.0008399581184696751
2012-11-19 00:00:00+00:00,0.010767274269218608
2012-11-20 00:00:00+00:00,-0.0012474465396750452
2012-11-21 00:00:00+00:00,0.0006798317690964398
2012-11-23 00:00:00+00:00,0.004953528087556192
2012-11-26 00:00:00+00:00,-0.004008906404782275
2012-11-27 00:00:00+00:00,-0.000872888233322244
2012-11-28 00:00:00+00:00,-0.004717085222134409
2012-11-29 00:00:00+00:00,0.004244329827289362
2012-11-30 00:00:00+00:00,-0.00015380734449336157
2012-12-03 00:00:00+00:00,0.005861692524603746
2012-12-04 00:00:00+00:00,-0.00010687534271955872
2012-12-05 00:00:00+00:00,-0.0006371675073368107
2012-12-06 00:00:00+00:00,-0.002300083731733271
2012-12-07 00:00:00+00:00,0.0040863240998889275
2012-12-10 00:00:00+00:00,-0.0023884918651944417
2012-12-11 00:00:00+00:00,0.005225807338694677
2012-12-12 00:00:00+00:00,0.004304858430049985
2012-12-13 00:00:00+00:00,-0.0016009767093077328
2012-12-14 00:00:00+00:00,-0.004755317036083317
2012-12-17 00:00:00+00:00,0.0014653231822043481
2012-12-18 00:00:00+00:00,0.0030173285181770097
2012-12-19 00:00:00+00:00,0.0016778895202371417
2012-12-20 00:00:00+00:00,0.0009173259751737665
2012-12-21 00:00:00+00:00,-0.01467656545758148
2012-12-24 00:00:00+00:00,-0.002689356865644787
2012-12-26 00:00:00+00:00,0.0011027458562410056
2012-12-27 00:00:00+00:00,0.0003061782907741398
2012-12-28 00:00:00+00:00,-0.007353581393972441
2012-12-31 00:00:00+00:00,-0.002169946754751106
2013-01-02 00:00:00+00:00,0.02146267793804254
2013-01-03 00:00:00+00:00,-0.0005397345561514496
2013-01-04 00:00:00+00:00,0.0007479060982957478
2013-01-07 00:00:00+00:00,-0.0033518529499054536
2013-01-08 00:00:00+00:00,-0.0012655946485991883
2013-01-09 00:00:00+00:00,0.0015512268482812067
2013-01-10 00:00:00+00:00,0.005919967274489702
2013-01-11 00:00:00+00:00,-0.0006593669241519492
2013-01-14 00:00:00+00:00,-0.0034394284118427817
2013-01-15 00:00:00+00:00,-0.005077743827932335
2013-01-16 00:00:00+00:00,-0.000644552429636935
2013-01-17 00:00:00+00:00,0.003928368454149867
2013-01-18 00:00:00+00:00,-0.0018895754762126345
2013-01-22 00:00:00+00:00,0.00022204450311454933
2013-01-23 00:00:00+00:00,0.0025283199293089868
2013-01-24 00:00:00+00:00,-0.00791643070795115
2013-01-25 00:00:00+00:00,0.002848247947988847
2013-01-28 00:00:00+00:00,-9.242302837478815e-05
2013-01-29 00:00:00+00:00,-0.001895210325192775
2013-01-30 00:00:00+00:00,0.000527032685452478
2013-01-31 00:00:00+00:00,-0.0011233195460222164
2013-02-01 00:00:00+00:00,0.006386710130815454
2013-02-04 00:00:00+00:00,-0.006223132727962299
2013-02-05 00:00:00+00:00,0.004589361562510741
2013-02-06 00:00:00+00:00,-0.0036851723575639147
2013-02-07 00:00:00+00:00,0.000460452420244695
2013-02-08 00:00:00+00:00,0.003087060808474618
2013-02-11 00:00:00+00:00,-0.000203573618761754
2013-02-12 00:00:00+00:00,-0.0009287976044193621
2013-02-13 00:00:00+00:00,0.0021961871045390272
2013-02-14 00:00:00+00:00,-0.0040919684543429865
2013-02-15 00:00:00+00:00,8.601520804193437e-05
2013-02-19 00:00:00+00:00,0.0015139669570598206
2013-02-20 00:00:00+00:00,-0.000805269191796942
2013-02-21 00:00:00+00:00,-0.003415830738095293
2013-02-22 00:00:00+00:00,0.004985138747683882
2013-02-25 00:00:00+00:00,0.005337995154667785
2013-02-26 00:00:00+00:00,0.0027947234993412565
2013-02-27 00:00:00+00:00,-0.0007332088910136699
2013-02-28 00:00:00+00:00,-0.00025854909049586287
2013-03-01 00:00:00+00:00,-0.003728877682881193
2013-03-04 00:00:00+00:00,-0.0030831107591783643
2013-03-05 00:00:00+00:00,0.005074901074165939
2013-03-06 00:00:00+00:00,0.0030112331012080665
2013-03-07 00:00:00+00:00,0.0009309240581881432
2013-03-08 00:00:00+00:00,0.003570876051362493
2013-03-11 00:00:00+00:00,-0.0013403014613574734
2013-03-12 00:00:00+00:00,-0.002102468695602688
2013-03-13 00:00:00+00:00,0.0006118172187025931
2013-03-14 00:00:00+00:00,0.002763281440025101
2013-03-15 00:00:00+00:00,-0.0005389907366761589
2013-03-18 00:00:00+00:00,-0.009678884280343058
2013-03-19 00:00:00+00:00,0.0023006677655608935
2013-03-20 00:00:00+00:00,0.006160370038886443
2013-03-21 00:00:00+00:00,-0.00787158038650152
2013-03-22 00:00:00+00:00,0.003348474686037573
2013-03-25 00:00:00+00:00,0.002621267142227624
2013-03-26 00:00:00+00:00,0.003667646423797766
2013-03-27 00:00:00+00:00,-0.0066974808924440184
2013-03-28 00:00:00+00:00,-0.000620043278715043
2013-04-01 00:00:00+00:00,-0.0001932023548994796
2013-04-02 00:00:00+00:00,0.003903145828898025
2013-04-03 00:00:00+00:00,0.00027653586758332767
2013-04-04 00:00:00+00:00,0.0001249569504117812
2013-04-05 00:00:00+00:00,-0.014318829794018472
2013-04-08 00:00:00+00:00,0.0002761376485274861
2013-04-09 00:00:00+00:00,0.0019471124735132798
2013-04-10 00:00:00+00:00,0.0027870536988261144
2013-04-11 00:00:00+00:00,-0.001419454361876715
2013-04-12 00:00:00+00:00,-0.0031164579548692336
2013-04-15 00:00:00+00:00,-0.004677911556085745
2013-04-16 00:00:00+00:00,0.00631573163964535
2013-04-17 00:00:00+00:00,-0.008175850287344332
2013-04-18 00:00:00+00:00,0.001859510395876363
2013-04-19 00:00:00+00:00,0.001835737248475378
2013-04-22 00:00:00+00:00,0.002426694318938794
2013-04-23 00:00:00+00:00,0.005032108022743198
2013-04-24 00:00:00+00:00,-0.0013653261163099947
2013-04-25 00:00:00+00:00,0.002453006652894685
2013-04-26 00:00:00+00:00,-0.002117039727981806
2013-04-29 00:00:00+00:00,0.0026398807445476517
2013-04-30 00:00:00+00:00,0.0002466988773459858
2013-05-01 00:00:00+00:00,-0.0012544659549572953
2013-05-02 00:00:00+00:00,0.0018157775846395444
2013-05-03 00:00:00+00:00,0.008890545152810481
2013-05-06 00:00:00+00:00,0.0009734004641937747
2013-05-07 00:00:00+00:00,0.0016104663599642802
2013-05-08 00:00:00+00:00,-0.0011300632104185079
2013-05-09 00:00:00+00:00,-0.001476720519250829
2013-05-10 00:00:00+00:00,0.0010703685064895278
2013-05-13 00:00:00+00:00,-0.0017637648815787329
2013-05-14 00:00:00+00:00,0.00023426044316318147
2013-05-15 00:00:00+00:00,-0.0020693893650309044
2013-05-16 00:00:00+00:00,-0.0009159767250459857
2013-05-17 00:00:00+00:00,0.004126520250276123
2013-05-20 00:00:00+00:00,-0.0017214629384502463
2013-05-21 00:00:00+00:00,-0.00012003439317046476
2013-05-22 00:00:00+00:00,0.0008142652051896463
2013-05-23 00:00:00+00:00,-0.010047895898978509
2013-05-24 00:00:00+00:00,-0.006597466064166757
2013-05-28 00:00:00+00:00,0.010789947657245247
2013-05-29 00:00:00+00:00,-0.004908227532297948
2013-05-30 00:00:00+00:00,0.0002973777286266691
2013-05-31 00:00:00+00:00,-0.0035805281263009744
2013-06-03 00:00:00+00:00,0.0009303304764198498
2013-06-04 00:00:00+00:00,0.0009964234863793723
2013-06-05 00:00:00+00:00,-0.003380721125800656
2013-06-06 00:00:00+00:00,0.0001769485522645445
2013-06-07 00:00:00+00:00,0.005213221122577572
2013-06-10 00:00:00+00:00,0.0022011323373238526
2013-06-11 00:00:00+00:00,-0.009822313303734209
2013-06-12 00:00:00+00:00,0.006022271467337548
2013-06-13 00:00:00+00:00,-0.0012740223026981076
2013-06-14 00:00:00+00:00,-0.000847931362159304
2013-06-17 00:00:00+00:00,0.00704388343938841
2013-06-18 00:00:00+00:00,0.0006586939117836036
2013-06-19 00:00:00+00:00,-0.0005863483225369889
2013-06-20 00:00:00+00:00,-0.010936387049493656
2013-06-21 00:00:00+00:00,0.0029191270147055585
2013-06-24 00:00:00+00:00,-0.009635657864073143
2013-06-25 00:00:00+00:00,0.009024996425187249
2013-06-26 00:00:00+00:00,0.008070038097188837
2013-06-27 00:00:00+00:00,0.0053075364023534525
2013-06-28 00:00:00+00:00,-0.003242199779405852
2013-07-01 00:00:00+00:00,0.005685724971652062
2013-07-02 00:00:00+00:00,-0.0012530846070747167
2013-07-03 00:00:00+00:00,-0.0043762959407055765
2013-07-05 00:00:00+00:00,0.006235683940694037
2013-07-08 00:00:00+00:00,0.0048938235488453444
2013-07-09 00:00:00+00:00,0.005181329526353718
2013-07-10 00:00:00+00:00,-0.0012633566890397404
2013-07-11 00:00:00+00:00,0.010884976701414495
2013-07-12 00:00:00+00:00,-0.00011609262545045877
2013-07-15 00:00:00+00:00,0.001604282036564231
2013-07-16 00:00:00+00:00,0.0004247085217664262
2013-07-17 00:00:00+00:00,0.0031359150614992063
2013-07-18 00:00:00+00:00,0.0007056017021867759
2013-07-19 00:00:00+00:00,-0.005648656035588928
2013-07-22 00:00:00+00:00,0.00228670759214763
2013-07-23 00:00:00+00:00,0.0015205874122401156
2013-07-24 00:00:00+00:00,0.0065366621033294495
2013-07-25 00:00:00+00:00,0.0011589220196229436
2013-07-26 00:00:00+00:00,-0.004402283950262131
2013-07-29 00:00:00+00:00,-0.0025663207855700417
2013-07-30 00:00:00+00:00,0.0030069916108929843
2013-07-31 00:00:00+00:00,0.0017297164678765301
2013-08-01 00:00:00+00:00,0.006924970794104113
2013-08-02 00:00:00+00:00,-0.0013478402718672174
2013-08-05 00:00:00+00:00,-0.001671553657887825
2013-08-06 00:00:00+00:00,-0.0019155584978849168
2013-08-07 00:00:00+00:00,-0.0033278334817812057
2013-08-08 00:00:00+00:00,0.004812457607120424
2013-08-09 00:00:00+00:00,-0.0017942196346520719
2013-08-12 00:00:00+00:00,-0.00470604919323162
2013-08-13 00:00:00+00:00,0.001239401496849946
2013-08-14 00:00:00+00:00,-0.0007303925336626157
2013-08-15 00:00:00+00:00,-0.009839523072668532
2013-08-16 00:00:00+00:00,-0.0011951142035095726
2013-08-19 00:00:00+00:00,-0.000806999906220773
2013-08-20 00:00:00+00:00,0.0014483397886561836
2013-08-21 00:00:00+00:00,-0.0032745809775545417
2013-08-22 00:00:00+00:00,0.0029210023747494266
2013-08-23 00:00:00+00:00,0.004720134371099827
2013-08-26 00:00:00+00:00,0.0006021023891784275
2013-08-27 00:00:00+00:00,-0.01117158877037675
2013-08-28 00:00:00+00:00,-0.001113079963314589
2013-08-29 00:00:00+00:00,-0.001530819295682195
2013-08-30 00:00:00+00:00,0.0012619197904497285
2013-09-03 00:00:00+00:00,0.008635394425839682
2013-09-04 00:00:00+00:00,0.001534489210305823
2013-09-05 00:00:00+00:00,0.0003273046029142693
2013-09-06 00:00:00+00:00,0.0030488466469775436
2013-09-09 00:00:00+00:00,0.003079461524373073
2013-09-10 00:00:00+00:00,0.005603527435681011
2013-09-11 00:00:00+00:00,-0.004305385733931055
2013-09-12 00:00:00+00:00,-0.0003487678444524575
2013-09-13 00:00:00+00:00,0.0007452109487756323
2013-09-16 00:00:00+00:00,0.009331181788270493
2013-09-17 00:00:00+00:00,0.0012323778801926703
2013-09-18 00:00:00+00:00,0.0002899975189476159
2013-09-19 00:00:00+00:00,0.0026341020254941564
2013-09-20 00:00:00+00:00,0.0020727727299789337
2013-09-23 00:00:00+00:00,0.0011148523755711518
2013-09-24 00:00:00+00:00,0.0006898841373021661
2013-09-25 00:00:00+00:00,0.0004055210027384629
2013-09-26 00:00:00+00:00,0.0025647292060817176
2013-09-27 00:00:00+00:00,-0.00570961735194273
2013-09-30 00:00:00+00:00,-0.009718643994725306
2013-10-01 00:00:00+00:00,0.00015061349652397722
2013-10-02 00:00:00+00:00,-0.006611737243406168
2013-10-03 00:00:00+00:00,-0.002080617913384741
2013-10-04 00:00:00+00:00,8.82433204249747e-05
2013-10-07 00:00:00+00:00,-0.009060176985412593
2013-10-08 00:00:00+00:00,-0.00038957575663998127
2013-10-09 00:00:00+00:00,0.0018322388041885577
2013-10-10 00:00:00+00:00,0.010193588773494156
2013-10-11 00:00:00+00:00,-0.002340419135428295
2013-10-14 00:00:00+00:00,-0.006475767090686901
2013-10-15 00:00:00+00:00,-0.0019337626019160555
2013-10-16 00:00:00+00:00,0.005032752351827508
2013-10-17 00:00:00+00:00,-0.004573325283990104
2013-10-18 00:00:00+00:00,0.006124468989184806
2013-10-21 00:00:00+00:00,0.0010281881565379018
2013-10-22 00:00:00+00:00,0.003105798778165714
2013-10-23 00:00:00+00:00,-0.004435937546007551
2013-10-24 00:00:00+00:00,0.0010074881175810794
2013-10-25 00:00:00+00:00,0.005405086744025256
2013-10-28 00:00:00+00:00,-0.00041007383568134574
2013-10-29 00:00:00+00:00,0.0025231065951180857
2013-10-30 00:00:00+00:00,0.0020382815214320064
2013-10-31 00:00:00+00:00,-0.0019623669822837805
2013-11-01 00:00:00+00:00,0.0020455577609796664
2013-11-04 00:00:00+00:00,0.002571155823813587
2013-11-05 00:00:00+00:00,-0.004180255845441272
2013-11-06 00:00:00+00:00,0.003963526031760945
2013-11-07 00:00:00+00:00,0.0006916136008319976
2013-11-08 00:00:00+00:00,0.0013703881036796432
2013-11-11 00:00:00+00:00,-0.0015061138580543584
2013-11-12 00:00:00+00:00,-0.0028887893910800374
2013-11-13 00:00:00+00:00,-0.006029111054794234
2013-11-14 00:00:00+00:00,-0.0011683348443448423
2013-11-15 00:00:00+00:00,0.000628186108278939
2013-11-18 00:00:00+00:00,0.0004143261299386583
2013-11-19 00:00:00+00:00,-0.0008516506011977173
2013-11-20 00:00:00+00:00,0.0020319627858809922
2013-11-21 00:00:00+00:00,0.0032171463346362898
2013-11-22 00:00:00+00:00,0.0007323079233769406
2013-11-25 00:00:00+00:00,0.002370906653257754
2013-11-26 00:00:00+00:00,6.791051822127055e-05
2013-11-27 00:00:00+00:00,0.001230255687610782
2013-11-29 00:00:00+00:00,0.0022468239867378895
2013-12-02 00:00:00+00:00,0.0005317181193395751
2013-12-03 00:00:00+00:00,-0.002284991010217818
2013-12-04 00:00:00+00:00,-0.004215457164930469
2013-12-05 00:00:00+00:00,-0.0007806260224395341
2013-12-06 00:00:00+00:00,0.008750368964352962
2013-12-09 00:00:00+00:00,0.0031995259247122546
2013-12-10 00:00:00+00:00,-0.002268472971566937
2013-12-11 00:00:00+00:00,-0.00016435816970625765
2013-12-12 00:00:00+00:00,-0.0003476867693204874
2013-12-13 00:00:00+00:00,0.0030927442686669807
2013-12-16 00:00:00+00:00,0.004532893974667019
2013-12-17 00:00:00+00:00,0.00014662881938573043
2013-12-18 00:00:00+00:00,0.0010427397650611629
2013-12-19 00:00:00+00:00,-0.0025437685059456535
2013-12-20 00:00:00+00:00,0.0011445922809569468
2013-12-23 00:00:00+00:00,0.006255194079575832
2013-12-24 00:00:00+00:00,-0.00015824733758932312
2013-12-26 00:00:00+00:00,0.001735541574012978
2013-12-27 00:00:00+00:00,0.0009796556276317706
2013-12-30 00:00:00+00:00,-0.0009886696058458485
2013-12-31 00:00:00+00:00,0.001295537736943431
2014-01-02 00:00:00+00:00,-0.0045527864801937264
2014-01-03 00:00:00+00:00,0.00054712722558844
2014-01-06 00:00:00+00:00,0.0014560970825627465
2014-01-07 00:00:00+00:00,0.004018653035683129
2014-01-08 00:00:00+00:00,-0.00026725122399021665
2014-01-09 00:00:00+00:00,0.0031400401171169604
2014-01-10 00:00:00+00:00,0.0017510090512573243
2014-01-13 00:00:00+00:00,-0.0022638370212531896
2014-01-14 00:00:00+00:00,0.0030371577088332494
2014-01-15 00:00:00+00:00,0.003038310952329393
2014-01-16 00:00:00+00:00,-0.0017253965690182445
2014-01-17 00:00:00+00:00,-0.0026948528696852155
2014-01-21 00:00:00+00:00,0.005772403584963526
2014-01-22 00:00:00+00:00,0.0018403030768507581
2014-01-23 00:00:00+00:00,-0.004343604350190799
2014-01-24 00:00:00+00:00,-0.005985256098992564
2014-01-27 00:00:00+00:00,0.00017516298793193193
2014-01-28 00:00:00+00:00,-0.002263165162008895
2014-01-29 00:00:00+00:00,-0.008770089851759455
2014-01-30 00:00:00+00:00,0.009995098597668306
2014-01-31 00:00:00+00:00,-0.012042505315535168
2014-02-03 00:00:00+00:00,-0.0018160161164760043
2014-02-04 00:00:00+00:00,0.004489844237696128
2014-02-05 00:00:00+00:00,-0.0036879646526989714
2014-02-06 00:00:00+00:00,0.002346300572306748
2014-02-07 00:00:00+00:00,0.004836651468734099
2014-02-10 00:00:00+00:00,-0.00041629296093979
2014-02-11 00:00:00+00:00,0.0011985508358565936
2014-02-12 00:00:00+00:00,0.0014553518015739345
2014-02-13 00:00:00+00:00,-0.007330776236891967
2014-02-14 00:00:00+00:00,-0.0009316512426087772
2014-02-18 00:00:00+00:00,0.0009698464461700088
2014-02-19 00:00:00+00:00,-0.0025444837333651656
2014-02-20 00:00:00+00:00,0.0007177309054092421
2014-02-21 00:00:00+00:00,0.00226081751006243
2014-02-24 00:00:00+00:00,0.0019277548640391443
2014-02-25 00:00:00+00:00,0.000824603303662819
2014-02-26 00:00:00+00:00,0.0017590784134879581
2014-02-27 00:00:00+00:00,-0.0009581157404895176
2014-02-28 00:00:00+00:00,-0.0004910764477595638
2014-03-03 00:00:00+00:00,-0.009406199062990039
2014-03-04 00:00:00+00:00,0.010056855672010612
2014-03-05 00:00:00+00:00,0.0009525712009987534
2014-03-06 00:00:00+00:00,0.0020777502970782073
2014-03-07 00:00:00+00:00,0.0033664365681269296
2014-03-10 00:00:00+00:00,-0.0013466770586182172
2014-03-11 00:00:00+00:00,0.0016584489505084513
2014-03-12 00:00:00+00:00,-0.0050023983526066625
2014-03-13 00:00:00+00:00,0.0030722534822960838
2014-03-14 00:00:00+00:00,-0.002814983402581994
2014-03-17 00:00:00+00:00,0.005431978941882265
2014-03-18 00:00:00+00:00,0.001334715048640878
2014-03-19 00:00:00+00:00,-8.114759453551305e-05
2014-03-20 00:00:00+00:00,-0.0029527705283184155
2014-03-21 00:00:00+00:00,0.004663170859194177
2014-03-24 00:00:00+00:00,0.0032167498490914496
2014-03-25 00:00:00+00:00,0.004841688664209165
2014-03-26 00:00:00+00:00,0.004144612818161442
2014-03-27 00:00:00+00:00,-0.0015812008818223752
2014-03-28 00:00:00+00:00,0.002746751850272478
2014-03-31 00:00:00+00:00,0.006786899213102238
2014-04-01 00:00:00+00:00,0.0037831451113673146
2014-04-02 00:00:00+00:00,0.0024670731251057124
2014-04-03 00:00:00+00:00,0.0009708883312152475
2014-04-04 00:00:00+00:00,0.00575493334287599
2014-04-07 00:00:00+00:00,-0.004633105467594744
2014-04-08 00:00:00+00:00,6.747523112717897e-05
2014-04-09 00:00:00+00:00,0.0029038418937387903
2014-04-10 00:00:00+00:00,1.4724586987502634e-05
2014-04-11 00:00:00+00:00,-0.007549822097750769
2014-04-14 00:00:00+00:00,0.00801076479203241
2014-04-15 00:00:00+00:00,0.00256697146421
2014-04-16 00:00:00+00:00,0.007497719792063895
2014-04-17 00:00:00+00:00,-0.002886399317357324
2014-04-21 00:00:00+00:00,0.000994615270816979
2014-04-22 00:00:00+00:00,0.0019349306323380392
2014-04-23 00:00:00+00:00,-0.00048583242188197066
2014-04-24 00:00:00+00:00,0.010394949328824976
2014-04-25 00:00:00+00:00,-0.00489212879560672
2014-04-28 00:00:00+00:00,0.0041182411536416445
2014-04-29 00:00:00+00:00,0.0028086180744246406
2014-04-30 00:00:00+00:00,-0.0034201835773781993
2014-05-01 00:00:00+00:00,0.0002622239353852421
2014-05-02 00:00:00+00:00,0.0013581430064853687
2014-05-05 00:00:00+00:00,-0.005717709148058003
2014-05-06 00:00:00+00:00,-0.0022104480151048152
2014-05-07 00:00:00+00:00,0.0024229574383578204
2014-05-08 00:00:00+00:00,-0.002542784321286051
2014-05-09 00:00:00+00:00,-0.0005091297954600612
2014-05-12 00:00:00+00:00,0.004929710683757327
2014-05-13 00:00:00+00:00,0.0008121540988610069
2014-05-14 00:00:00+00:00,-0.0022765642366573188
2014-05-15 00:00:00+00:00,-0.0014190520001786996
2014-05-16 00:00:00+00:00,0.0005674373185660889
2014-05-19 00:00:00+00:00,-0.0027393346186616926
2014-05-20 00:00:00+00:00,-0.000765115240038616
2014-05-21 00:00:00+00:00,0.002048788205308927
2014-05-22 00:00:00+00:00,0.00039518859715722583
2014-05-23 00:00:00+00:00,0.0006524263868385675
2014-05-27 00:00:00+00:00,0.0037901144805342016
2014-05-28 00:00:00+00:00,-0.0004646761817014064
2014-05-29 00:00:00+00:00,0.0026130905973169253
2014-05-30 00:00:00+00:00,-0.0006584613972847372
2014-06-02 00:00:00+00:00,0.0010030694013038691
2014-06-03 00:00:00+00:00,-0.0031626302125976943
2014-06-04 00:00:00+00:00,-0.0024172125535375285
2014-06-05 00:00:00+00:00,0.0007065784186786831
2014-06-06 00:00:00+00:00,0.002622297180447675
2014-06-09 00:00:00+00:00,-0.00026935601373432287
2014-06-10 00:00:00+00:00,-0.0013448492907865203
2014-06-11 00:00:00+00:00,-0.0038114727831296876
2014-06-12 00:00:00+00:00,-0.0019663216452624806
2014-06-13 00:00:00+00:00,0.0028543044826758405
2014-06-16 00:00:00+00:00,-0.0017850793920740956
2014-06-17 00:00:00+00:00,-0.0013732887939132184
2014-06-18 00:00:00+00:00,0.00018683661589032925
2014-06-19 00:00:00+00:00,0.0008859685167947554
2014-06-20 00:00:00+00:00,0.0011554703108481394
2014-06-23 00:00:00+00:00,-0.00022591531531110902
2014-06-24 00:00:00+00:00,-0.0012474583211315223
2014-06-25 00:00:00+00:00,-0.0024854154333610375
2014-06-26 00:00:00+00:00,9.790258434779793e-05
2014-06-27 00:00:00+00:00,-0.002119356676260264
2014-06-30 00:00:00+00:00,-0.0007132409736621877
2014-07-01 00:00:00+00:00,0.0026829764213504807
2014-07-02 00:00:00+00:00,6.703037757135351e-05
2014-07-03 00:00:00+00:00,0.0027496047790850024
2014-07-07 00:00:00+00:00,-0.0018331006250408618
2014-07-08 00:00:00+00:00,-0.002155175917395535
2014-07-09 00:00:00+00:00,0.0022746081686064405
2014-07-10 00:00:00+00:00,-0.01154273138739218
2014-07-11 00:00:00+00:00,0.0006618044067139509
2014-07-14 00:00:00+00:00,0.004500134623998087
2014-07-15 00:00:00+00:00,0.0007861009388202226
2014-07-16 00:00:00+00:00,0.005543078191097861
2014-07-17 00:00:00+00:00,-0.0031965273581771366
2014-07-18 00:00:00+00:00,0.00392444826287105
2014-07-21 00:00:00+00:00,-0.0029086340077638436
2014-07-22 00:00:00+00:00,0.003741550673215877
2014-07-23 00:00:00+00:00,0.002216449962046141
2014-07-24 00:00:00+00:00,0.0010522957796926472
2014-07-25 00:00:00+00:00,-0.004283664427223421
2014-07-28 00:00:00+00:00,0.0003180357207161702
2014-07-29 00:00:00+00:00,0.0017204064645648057
2014-07-30 00:00:00+00:00,0.00427236393924465
2014-07-31 00:00:00+00:00,-0.007902338663710684
2014-08-01 00:00:00+00:00,-0.0027250751130746594
2014-08-04 00:00:00+00:00,0.001717513604497756
2014-08-05 00:00:00+00:00,-0.0043303449182623185
2014-08-06 00:00:00+00:00,-0.005762395403471709
2014-08-07 00:00:00+00:00,0.0042921337187107
2014-08-08 00:00:00+00:00,0.0016217141493119706
2014-08-11 00:00:00+00:00,0.003538542334103634
2014-08-12 00:00:00+00:00,-0.0013140236915270883
2014-08-13 00:00:00+00:00,0.0037068881608283925
2014-08-14 00:00:00+00:00,0.001195319316791588
2014-08-15 00:00:00+00:00,0.0044020699909536835
2014-08-18 00:00:00+00:00,0.005077154884688151
2014-08-19 00:00:00+00:00,0.002087686441099435
2014-08-20 00:00:00+00:00,-0.0013856877647317242
2014-08-21 00:00:00+00:00,0.00038074985283539394
2014-08-22 00:00:00+00:00,-0.0004990006718023961
2014-08-25 00:00:00+00:00,0.004457389753031305
2014-08-26 00:00:00+00:00,0.0007790138937937233
2014-08-27 00:00:00+00:00,0.00010016201891368566
2014-08-28 00:00:00+00:00,-0.003655757868198139
2014-08-29 00:00:00+00:00,0.0015806069929886427
2014-09-02 00:00:00+00:00,0.001550534631155143
2014-09-03 00:00:00+00:00,0.002968182686243959
2014-09-04 00:00:00+00:00,0.0017035810896530394
2014-09-05 00:00:00+00:00,0.0003546780391145646
2014-09-08 00:00:00+00:00,-0.0006219840828982966
2014-09-09 00:00:00+00:00,-0.0006989221074466308
2014-09-10 00:00:00+00:00,0.0006309889426347696
2014-09-11 00:00:00+00:00,-0.00444784327096962
2014-09-12 00:00:00+00:00,-0.0012493255756953255
2014-09-15 00:00:00+00:00,0.0003282666591573838
2014-09-16 00:00:00+00:00,-0.003107606449364286
2014-09-17 00:00:00+00:00,0.0003228735222028048
2014-09-18 00:00:00+00:00,0.00277652985737894
2014-09-19 00:00:00+00:00,0.0033792436317252265
2014-09-22 00:00:00+00:00,-0.0023718195663937954
2014-09-23 00:00:00+00:00,-0.004126987277276206
2014-09-24 00:00:00+00:00,0.00028196352865313997
2014-09-25 00:00:00+00:00,-0.003205355448494018
2014-09-26 00:00:00+00:00,0.0022537078209241227
2014-09-29 00:00:00+00:00,-0.009555413452703476
2014-09-30 00:00:00+00:00,0.0014478537423373242
2014-10-01 00:00:00+00:00,-0.002529058310800558
2014-10-02 00:00:00+00:00,-0.0009432795705006988
2014-10-03 00:00:00+00:00,0.005976015719547945
2014-10-06 00:00:00+00:00,0.0033647910117696415
2014-10-07 00:00:00+00:00,-0.0052202012609766976
2014-10-08 00:00:00+00:00,0.00024344955045826373
2014-10-09 00:00:00+00:00,-0.0017488785675880188
2014-10-10 00:00:00+00:00,-0.0033716781590128805
2014-10-13 00:00:00+00:00,-0.0014103848922102698
2014-10-14 00:00:00+00:00,0.005514625663625006
2014-10-15 00:00:00+00:00,-0.014595528949758274
2014-10-16 00:00:00+00:00,-0.01989378457764438
2014-10-17 00:00:00+00:00,0.012062213182430915
2014-10-20 00:00:00+00:00,-0.0012553617935604274
2014-10-21 00:00:00+00:00,0.009523345462804056
2014-10-22 00:00:00+00:00,0.002124556732560368
2014-10-23 00:00:00+00:00,0.00974064805356597
2014-10-24 00:00:00+00:00,0.0015943086660615505
2014-10-27 00:00:00+00:00,-0.003045367003300858
2014-10-28 00:00:00+00:00,0.0037127514465948534
2014-10-29 00:00:00+00:00,-0.0015939610717323523
2014-10-30 00:00:00+00:00,-0.003891981613463635
2014-10-31 00:00:00+00:00,0.0140168954700581
2014-11-03 00:00:00+00:00,0.0012320797875082449
2014-11-04 00:00:00+00:00,-0.0032111696139656472
2014-11-05 00:00:00+00:00,0.006660286743918465
2014-11-06 00:00:00+00:00,-0.00022570477721870456
2014-11-07 00:00:00+00:00,0.000634309721977944
2014-11-10 00:00:00+00:00,4.442769664344566e-05
2014-11-11 00:00:00+00:00,-5.949103924629258e-06
2014-11-12 00:00:00+00:00,-0.0043366657268179894
2014-11-13 00:00:00+00:00,0.0011175816172184997
2014-11-14 00:00:00+00:00,-0.0006661416633328195
2014-11-17 00:00:00+00:00,-0.0024175040447776738
2014-11-18 00:00:00+00:00,0.00030887413834354034
2014-11-19 00:00:00+00:00,-0.0014143759289212184
2014-11-20 00:00:00+00:00,-0.004770755397539439
2014-11-21 00:00:00+00:00,0.009147372066965998
2014-11-24 00:00:00+00:00,0.002233494649548107
2014-11-25 00:00:00+00:00,0.0011394658906675684
2014-11-26 00:00:00+00:00,0.0006116609863266679
2014-11-28 00:00:00+00:00,0.0006654000758947957
2014-12-01 00:00:00+00:00,-0.0035980096743217557
2014-12-02 00:00:00+00:00,0.00034613789195444585
2014-12-03 00:00:00+00:00,0.0009671348109702941
2014-12-04 00:00:00+00:00,-0.0016161933293524552
2014-12-05 00:00:00+00:00,0.0010126389390182292
2014-12-08 00:00:00+00:00,-0.002734779972815826
2014-12-09 00:00:00+00:00,-0.011551139640858887
2014-12-10 00:00:00+00:00,-0.0025612797778975845
2014-12-11 00:00:00+00:00,0.0029238652288573145
2014-12-12 00:00:00+00:00,-0.008864401163023205
2014-12-15 00:00:00+00:00,0.004994101885042979
2014-12-16 00:00:00+00:00,-0.0057801402280501565
2014-12-17 00:00:00+00:00,0.0013892031165692823
2014-12-18 00:00:00+00:00,0.014180676211036658
2014-12-19 00:00:00+00:00,0.002123682413988826
2014-12-22 00:00:00+00:00,-0.0005582111131605446
2014-12-23 00:00:00+00:00,0.003203921950342659
2014-12-24 00:00:00+00:00,0.0009734640266737208
2014-12-26 00:00:00+00:00,0.0024377398564691902
2014-12-29 00:00:00+00:00,-0.0013037811971381204
2014-12-30 00:00:00+00:00,-0.0029499359883775386
2014-12-31 00:00:00+00:00,0.0015020874583737357
2015-01-02 00:00:00+00:00,0.004213033490196383
2015-01-05 00:00:00+00:00,-0.005552283453527351
2015-01-06 00:00:00+00:00,0.001356413386201483
2015-01-07 00:00:00+00:00,0.007001410698517197
2015-01-08 00:00:00+00:00,0.008143747016115721
2015-01-09 00:00:00+00:00,0.002463017704927484
2015-01-12 00:00:00+00:00,0.0010660945048982188
2015-01-13 00:00:00+00:00,0.00820127032925152
2015-01-14 00:00:00+00:00,-0.01133595165257043
2015-01-15 00:00:00+00:00,0.003944512164546355
2015-01-16 00:00:00+00:00,-0.0015805949842806252
2015-01-20 00:00:00+00:00,0.004634604524489572
2015-01-21 00:00:00+00:00,-0.003161567872864956
2015-01-22 00:00:00+00:00,0.0038985261359083204
2015-01-23 00:00:00+00:00,-0.0011001936071458381
2015-01-26 00:00:00+00:00,-0.0015098894130163628
2015-01-27 00:00:00+00:00,-0.014209439153655112
2015-01-28 00:00:00+00:00,0.011261278589490964
2015-01-29 00:00:00+00:00,-9.718438417020107e-05
2015-01-30 00:00:00+00:00,-0.004256475819041905
2015-02-02 00:00:00+00:00,0.0023416135150340026
2015-02-03 00:00:00+00:00,0.004188240043029612
2015-02-04 00:00:00+00:00,-0.004585131109476703
2015-02-05 00:00:00+00:00,0.002923913189952299
2015-02-06 00:00:00+00:00,0.001538423354293961
2015-02-09 00:00:00+00:00,-0.004136644005453138
2015-02-10 00:00:00+00:00,0.005526742111180061
2015-02-11 00:00:00+00:00,-0.0002089115230612723
2015-02-12 00:00:00+00:00,0.005264412137916253
2015-02-13 00:00:00+00:00,0.0014741264975641436
2015-02-17 00:00:00+00:00,-0.0012055387833685201
2015-02-18 00:00:00+00:00,-0.0019783135187010133
2015-02-19 00:00:00+00:00,-0.0023400149459497973
2015-02-20 00:00:00+00:00,-0.0018154977902049337
2015-02-23 00:00:00+00:00,-0.0012867570848688389
2015-02-24 00:00:00+00:00,-0.0011582775442073086
2015-02-25 00:00:00+00:00,-0.001390784641783471
2015-02-26 00:00:00+00:00,-5.182541620549734e-05
2015-02-27 00:00:00+00:00,-0.0007677782356182768
2015-03-02 00:00:00+00:00,0.0009533018054241563
2015-03-03 00:00:00+00:00,-0.003034753410113755
2015-03-04 00:00:00+00:00,-0.00365863026522476
2015-03-05 00:00:00+00:00,0.0019183107834957695
2015-03-06 00:00:00+00:00,-0.0034150278742319014
2015-03-09 00:00:00+00:00,0.0013022329983879092
2015-03-10 00:00:00+00:00,-0.007833401867913625
2015-03-11 00:00:00+00:00,0.001212827196485156
2015-03-12 00:00:00+00:00,0.0011778233920768048
2015-03-13 00:00:00+00:00,-0.0015694483637388231
2015-03-16 00:00:00+00:00,0.003688757356345074
2015-03-17 00:00:00+00:00,-0.0037924153340064045
2015-03-18 00:00:00+00:00,-0.0030271956703501798
2015-03-19 00:00:00+00:00,-0.0009781380024143412
2015-03-20 00:00:00+00:00,0.006552974913941767
2015-03-23 00:00:00+00:00,-0.0005529002346000619
2015-03-24 00:00:00+00:00,-0.0007031160245577813
2015-03-25 00:00:00+00:00,0.0010861000368340371
2015-03-26 00:00:00+00:00,-0.006368794470706129
2015-03-27 00:00:00+00:00,-0.0007362349550403043
2015-03-30 00:00:00+00:00,0.005746201498353887
2015-03-31 00:00:00+00:00,-0.004082524344333904
2015-04-01 00:00:00+00:00,-0.000397018267261606
2015-04-02 00:00:00+00:00,-1.8163112231605867e-05
2015-04-06 00:00:00+00:00,-0.0058405763969097465
2015-04-07 00:00:00+00:00,-0.0005109382710153151
2015-04-08 00:00:00+00:00,0.0005401083109584873
2015-04-09 00:00:00+00:00,-0.0010151188591839052
2015-04-10 00:00:00+00:00,0.000231499324680107
2015-04-13 00:00:00+00:00,-0.0003334527111554572
2015-04-14 00:00:00+00:00,-0.0013853030360482573
2015-04-15 00:00:00+00:00,0.0023427381589049227
2015-04-16 00:00:00+00:00,-0.0025950582891781423
2015-04-17 00:00:00+00:00,-0.00848096004285096
2015-04-20 00:00:00+00:00,0.004868704335308916
2015-04-21 00:00:00+00:00,0.004534992807402072
2015-04-22 00:00:00+00:00,0.0019732099978443055
2015-04-23 00:00:00+00:00,-0.0031420063107311155
2015-04-24 00:00:00+00:00,0.0061563718647213665
2015-04-27 00:00:00+00:00,0.00316073082072218
2015-04-28 00:00:00+00:00,-8.289750647682821e-06
2015-04-29 00:00:00+00:00,-0.005602139276760709
2015-04-30 00:00:00+00:00,-0.004773267399018099
2015-05-01 00:00:00+00:00,0.0039057100453772867
2015-05-04 00:00:00+00:00,0.0025151071251216742
2015-05-05 00:00:00+00:00,-0.002954641272118785
2015-05-06 00:00:00+00:00,0.0021638070837281757
2015-05-07 00:00:00+00:00,-0.0007286868845067015
2015-05-08 00:00:00+00:00,0.009681300809005056
2015-05-11 00:00:00+00:00,-9.596869711789828e-05
2015-05-12 00:00:00+00:00,-0.0056295839312894055
2015-05-13 00:00:00+00:00,0.003047340466745452
2015-05-14 00:00:00+00:00,0.0066781544260405504
2015-05-15 00:00:00+00:00,0.0015195887738398087
2015-05-18 00:00:00+00:00,-0.0015918466535009609
2015-05-19 00:00:00+00:00,0.0005736070201218472
2015-05-20 00:00:00+00:00,0.0003454446461524599
2015-05-21 00:00:00+00:00,-0.001562935042243507
2015-05-22 00:00:00+00:00,-0.0019649332962679896
2015-05-26 00:00:00+00:00,-0.0027715291599071153
2015-05-27 00:00:00+00:00,0.0025161233276972065
2015-05-28 00:00:00+00:00,-0.0021158526039800948
2015-05-29 00:00:00+00:00,-0.0008044782675357461
2015-06-01 00:00:00+00:00,0.004275207399757475
2015-06-02 00:00:00+00:00,-0.003456388160564072
2015-06-03 00:00:00+00:00,0.003485181021233708
2015-06-04 00:00:00+00:00,-0.005113456960917117
2015-06-05 00:00:00+00:00,-0.0013215908561544417
2015-06-08 00:00:00+00:00,-0.0008385243295674135
2015-06-09 00:00:00+00:00,-0.0015736150294325731
2015-06-10 00:00:00+00:00,0.003619595945211296
2015-06-11 00:00:00+00:00,0.0026456317932016197
2015-06-12 00:00:00+00:00,-0.005283559244413349
2015-06-15 00:00:00+00:00,-0.007285889994057415
2015-06-16 00:00:00+00:00,-0.0012386182819574595
2015-06-17 00:00:00+00:00,0.0013356088925325586
2015-06-18 00:00:00+00:00,0.0032425472910389778
2015-06-19 00:00:00+00:00,-0.0007398198718738588
2015-06-22 00:00:00+00:00,0.005994108842471169
2015-06-23 00:00:00+00:00,0.000832075037532987
2015-06-24 00:00:00+00:00,-0.0016412984022648788
2015-06-25 00:00:00+00:00,0.0030758839708624145
2015-06-26 00:00:00+00:00,0.000633555037826106
2015-06-29 00:00:00+00:00,-0.010054545093715705
2015-06-30 00:00:00+00:00,0.00792763162670992
2015-07-01 00:00:00+00:00,0.009216486639343125
2015-07-02 00:00:00+00:00,0.002509784581215724
2015-07-06 00:00:00+00:00,-0.007163808468061172
2015-07-07 00:00:00+00:00,0.0008375757264697751
2015-07-08 00:00:00+00:00,-0.007711615890070555
2015-07-09 00:00:00+00:00,0.012481417746571155
2015-07-10 00:00:00+00:00,0.012181300569568865
2015-07-13 00:00:00+00:00,0.007658331746081959
2015-07-14 00:00:00+00:00,0.00026544572773381543
2015-07-15 00:00:00+00:00,0.0007708910810064421
2015-07-16 00:00:00+00:00,0.006813376570275665
2015-07-17 00:00:00+00:00,0.0036965940603644557
2015-07-20 00:00:00+00:00,0.0013916341167678706
2015-07-21 00:00:00+00:00,-0.000500686214573642
2015-07-22 00:00:00+00:00,-0.009874127921879838
2015-07-23 00:00:00+00:00,0.0005671454074266061
2015-07-24 00:00:00+00:00,0.002659202735980493
2015-07-27 00:00:00+00:00,-0.005683346035396808
2015-07-28 00:00:00+00:00,0.004341506826678188
2015-07-29 00:00:00+00:00,0.0011383017945737154
2015-07-30 00:00:00+00:00,-0.0029124668391713234
2015-07-31 00:00:00+00:00,0.002684160644855072
2015-08-03 00:00:00+00:00,-0.0003055004056895846
2015-08-04 00:00:00+00:00,-0.0007385504896445291
2015-08-05 00:00:00+00:00,0.00503821249550559
2015-08-06 00:00:00+00:00,0.0006689867732005642
2015-08-07 00:00:00+00:00,-0.001978163604391325
2015-08-10 00:00:00+00:00,0.006070766772097913
2015-08-11 00:00:00+00:00,-0.006743316473036031
2015-08-12 00:00:00+00:00,-0.007488225623084243
2015-08-13 00:00:00+00:00,-0.000257053097987103
2015-08-14 00:00:00+00:00,-0.0020294571405761515
2015-08-17 00:00:00+00:00,-0.0032165531700104385
2015-08-18 00:00:00+00:00,-0.0017567555003960896
2015-08-19 00:00:00+00:00,-0.003952553827779181
2015-08-20 00:00:00+00:00,-0.009275158427449892
2015-08-21 00:00:00+00:00,-0.012842027201361328
2015-08-24 00:00:00+00:00,-0.06632585034586488
2015-08-25 00:00:00+00:00,0.03367879282519012
2015-08-26 00:00:00+00:00,0.027171708062220322
2015-08-27 00:00:00+00:00,0.013513174296837483
2015-08-28 00:00:00+00:00,-0.004882633229995969
2015-08-31 00:00:00+00:00,-0.006028515418066293
2015-09-01 00:00:00+00:00,-0.024272015766020262
2015-09-02 00:00:00+00:00,0.016185663790480885
2015-09-03 00:00:00+00:00,0.0038479970750389895
2015-09-04 00:00:00+00:00,-0.014070805344935577
2015-09-08 00:00:00+00:00,0.017989829249567123
2015-09-09 00:00:00+00:00,0.010389191666976794
2015-09-10 00:00:00+00:00,-0.0014679609199298223
2015-09-11 00:00:00+00:00,-0.0037859983569516805
2015-09-14 00:00:00+00:00,0.002080740198940079
2015-09-15 00:00:00+00:00,0.002418543468351431
2015-09-16 00:00:00+00:00,0.0007007918996077781
2015-09-17 00:00:00+00:00,-0.0012131893802451495
2015-09-18 00:00:00+00:00,-0.015489447914140841
2015-09-21 00:00:00+00:00,0.004985425974891345
2015-09-22 00:00:00+00:00,-0.014530811727691917
2015-09-23 00:00:00+00:00,0.001560454790408972
2015-09-24 00:00:00+00:00,-0.008892185699996369
2015-09-25 00:00:00+00:00,0.009557157180959031
2015-09-28 00:00:00+00:00,-0.005211927113470993
2015-09-29 00:00:00+00:00,0.001641406212838337
2015-09-30 00:00:00+00:00,0.012818410952508985
2015-10-01 00:00:00+00:00,0.0017581794081979688
2015-10-02 00:00:00+00:00,-0.013387469278290797
2015-10-05 00:00:00+00:00,0.007145383600417577
2015-10-06 00:00:00+00:00,-0.0018879572782640516
2015-10-07 00:00:00+00:00,0.005648983125742879
2015-10-08 00:00:00+00:00,-0.0033467412910405444
2015-10-09 00:00:00+00:00,0.0003578176147734594
2015-10-12 00:00:00+00:00,0.0008624322119474507
2015-10-13 00:00:00+00:00,-0.005314582922524324
2015-10-14 00:00:00+00:00,-0.0004749011616642426
2015-10-15 00:00:00+00:00,0.003522964662093309
2015-10-16 00:00:00+00:00,0.0019541430245507366
2015-10-19 00:00:00+00:00,-0.00284159883547328
2015-10-20 00:00:00+00:00,-0.0024520412051199144
2015-10-21 00:00:00+00:00,0.003472919347801662
2015-10-22 00:00:00+00:00,0.006963277393375622
2015-10-23 00:00:00+00:00,0.01799220974610679
2015-10-26 00:00:00+00:00,-0.0011604859673904674
2015-10-27 00:00:00+00:00,-0.00356152440754085
2015-10-28 00:00:00+00:00,0.001419342670353452
2015-10-29 00:00:00+00:00,-0.004015863450706569
2015-10-30 00:00:00+00:00,0.00047051193592003744
2015-11-02 00:00:00+00:00,0.0019611290006251395
2015-11-03 00:00:00+00:00,-0.0023012070907938217
2015-11-04 00:00:00+00:00,0.0021812132429326007
2015-11-05 00:00:00+00:00,0.00030082391731342
2015-11-06 00:00:00+00:00,-0.002234146948780635
2015-11-09 00:00:00+00:00,-0.003910838189314847
2015-11-10 00:00:00+00:00,-0.004311163247893801
2015-11-11 00:00:00+00:00,0.001835505615983635
2015-11-12 00:00:00+00:00,-0.005317498528876951
2015-11-13 00:00:00+00:00,-0.00359332350026168
2015-11-16 00:00:00+00:00,-0.0013437839320995845
2015-11-17 00:00:00+00:00,0.0014521768857134968
2015-11-18 00:00:00+00:00,0.0031053041263487628
2015-11-19 00:00:00+00:00,-0.00037128694986685555
2015-11-20 00:00:00+00:00,0.004232364252170518
2015-11-23 00:00:00+00:00,4.181915804643029e-05
2015-11-24 00:00:00+00:00,-0.00641134350428616
2015-11-25 00:00:00+00:00,0.0008035988058536451
2015-11-27 00:00:00+00:00,0.0010577605004397864
2015-11-30 00:00:00+00:00,0.001640257716737115
2015-12-01 00:00:00+00:00,0.0035143613933242505
2015-12-02 00:00:00+00:00,-5.1690520634006516e-05
2015-12-03 00:00:00+00:00,0.0017736698068463123
2015-12-04 00:00:00+00:00,0.001211029040565215
2015-12-07 00:00:00+00:00,-0.0008828274381354802
2015-12-08 00:00:00+00:00,-0.00999832396051179
2015-12-09 00:00:00+00:00,-0.004317124575793396
2015-12-10 00:00:00+00:00,0.0010462231259885327
2015-12-11 00:00:00+00:00,-0.012196305309250399
2015-12-14 00:00:00+00:00,0.0008474583843918974
2015-12-15 00:00:00+00:00,0.008749287892835545
2015-12-16 00:00:00+00:00,0.0063513668230129276
2015-12-17 00:00:00+00:00,0.0027826158036277863
2015-12-18 00:00:00+00:00,-0.004009667534029182
2015-12-21 00:00:00+00:00,0.007909405606947495
2015-12-22 00:00:00+00:00,0.004959645475468089
2015-12-23 00:00:00+00:00,0.005218052576762411
2015-12-24 00:00:00+00:00,-0.001027914675144603
2015-12-28 00:00:00+00:00,-0.0034925150268860002
2015-12-29 00:00:00+00:00,0.005844620273392132
2015-12-30 00:00:00+00:00,-0.0014365704647454122
2015-12-31 00:00:00+00:00,-0.004008124864834017
2016-01-04 00:00:00+00:00,-0.019362092434788238
2016-01-05 00:00:00+00:00,0.00311102141230043
2016-01-06 00:00:00+00:00,-0.016489843829827745
2016-01-07 00:00:00+00:00,-0.019745794101803972
2016-01-08 00:00:00+00:00,0.0062609572415714635
2016-01-11 00:00:00+00:00,0.006097248922493382
2016-01-12 00:00:00+00:00,0.008942790245435839
2016-01-13 00:00:00+00:00,0.003776760243044375
2016-01-14 00:00:00+00:00,0.003569413605879002
2016-01-15 00:00:00+00:00,-0.030317723566784117
2016-01-19 00:00:00+00:00,0.012216898691057432
2016-01-20 00:00:00+00:00,-0.016222526712399356
2016-01-21 00:00:00+00:00,0.0033421225917127043
2016-01-22 00:00:00+00:00,0.01804022715544181
2016-01-25 00:00:00+00:00,-0.0036573251719872243
2016-01-26 00:00:00+00:00,0.0038814841999553432
2016-01-27 00:00:00+00:00,-0.0048383694047013145
2016-01-28 00:00:00+00:00,0.012865613646920371
2016-01-29 00:00:00+00:00,0.00195898352476539
2016-02-01 00:00:00+00:00,-0.005772247601946867
2016-02-02 00:00:00+00:00,-0.006962323141602311
2016-02-03 00:00:00+00:00,0.0063152436673645455
2016-02-04 00:00:00+00:00,-0.003170195166454814
2016-02-05 00:00:00+00:00,-0.0036625199597859256
2016-02-08 00:00:00+00:00,-0.015424553314597222
2016-02-09 00:00:00+00:00,-0.012530746377127732
2016-02-10 00:00:00+00:00,0.008104663340222829
2016-02-11 00:00:00+00:00,-0.014567955218508932
2016-02-12 00:00:00+00:00,0.011086724149032745
2016-02-16 00:00:00+00:00,0.012829754062770505
2016-02-17 00:00:00+00:00,0.006977444219012996
2016-02-18 00:00:00+00:00,0.0020904971593581293
2016-02-19 00:00:00+00:00,-0.005112661996432377
2016-02-22 00:00:00+00:00,0.009243460795559788
2016-02-23 00:00:00+00:00,-0.005206632487799656
2016-02-24 00:00:00+00:00,-0.010551259257219869
2016-02-25 00:00:00+00:00,0.002095503557936274
2016-02-26 00:00:00+00:00,0.006147906699054817
2016-02-29 00:00:00+00:00,-0.0007320879418468481
2016-03-01 00:00:00+00:00,0.008226101579430678
2016-03-02 00:00:00+00:00,-0.001848155755313918
2016-03-03 00:00:00+00:00,-0.0013473502381906918
2016-03-04 00:00:00+00:00,0.0008436228369369195
2016-03-07 00:00:00+00:00,-0.005574429997648711
2016-03-08 00:00:00+00:00,-0.006893392425893019
2016-03-09 00:00:00+00:00,0.0039918798136111214
2016-03-10 00:00:00+00:00,0.0032531985049040982
2016-03-11 00:00:00+00:00,0.009408365979659739
2016-03-14 00:00:00+00:00,-0.003657796687582626
2016-03-15 00:00:00+00:00,-0.004895967736452655
2016-03-16 00:00:00+00:00,-0.002928858414455759
2016-03-17 00:00:00+00:00,-0.001986516147849204
2016-03-18 00:00:00+00:00,0.0023522791397081137
2016-03-21 00:00:00+00:00,-0.0019429387703752462
2016-03-22 00:00:00+00:00,-0.005352917137440882
2016-03-23 00:00:00+00:00,-0.00237093376225842
2016-03-24 00:00:00+00:00,-0.005702205233295321
2016-03-28 00:00:00+00:00,0.0023047626043275152
2016-03-29 00:00:00+00:00,-0.0024145417347809835
2016-03-30 00:00:00+00:00,0.0055625736406219265
2016-03-31 00:00:00+00:00,-0.0009325957911286206
2016-04-01 00:00:00+00:00,-0.006168427579738988
2016-04-04 00:00:00+00:00,-0.0005173515661512137
2016-04-05 00:00:00+00:00,-0.00799615221822284
2016-04-06 00:00:00+00:00,0.0002051442032870668
2016-04-07 00:00:00+00:00,-0.006291908583888483
2016-04-08 00:00:00+00:00,0.006224698996503764
2016-04-11 00:00:00+00:00,0.0036894622078958664
2016-04-12 00:00:00+00:00,0.0005585533095127885
2016-04-13 00:00:00+00:00,0.006157759041102684
2016-04-14 00:00:00+00:00,-4.14730862946852e-05
2016-04-15 00:00:00+00:00,-0.0007059112151154619
2016-04-18 00:00:00+00:00,-0.0017459189894225343
2016-04-19 00:00:00+00:00,0.0018387366516907314
2016-04-20 00:00:00+00:00,-0.00018104654274029268
2016-04-21 00:00:00+00:00,-0.0005232437084663807
2016-04-22 00:00:00+00:00,-0.007812025756399865
2016-04-25 00:00:00+00:00,-0.003512771250653612
2016-04-26 00:00:00+00:00,0.0017855459299516933
2016-04-27 00:00:00+00:00,-0.006494494801716688
2016-04-28 00:00:00+00:00,-0.0018679581975526768
2016-04-29 00:00:00+00:00,-0.002059297867542975
2016-05-02 00:00:00+00:00,0.0024065568272425234
2016-05-03 00:00:00+00:00,-0.0073468493058893355
2016-05-04 00:00:00+00:00,-0.006164103495567208
2016-05-05 00:00:00+00:00,0.0028499208915006794
2016-05-06 00:00:00+00:00,-0.0049954068219771105
2016-05-09 00:00:00+00:00,-0.0006172974710103359
2016-05-10 00:00:00+00:00,0.0035100289252064324
2016-05-11 00:00:00+00:00,-0.002340460069271499
2016-05-12 00:00:00+00:00,0.0027880263656660745
2016-05-13 00:00:00+00:00,-0.0015721078509506655
2016-05-16 00:00:00+00:00,0.000946615769998849
2016-05-17 00:00:00+00:00,-0.0014949374895303121
2016-05-18 00:00:00+00:00,-0.002438082894684423
2016-05-19 00:00:00+00:00,-0.004310908542743274
2016-05-20 00:00:00+00:00,0.003457218277483321
2016-05-23 00:00:00+00:00,0.00031211887688561453
2016-05-24 00:00:00+00:00,0.004813386084658944
2016-05-25 00:00:00+00:00,0.003514187274051917
2016-05-26 00:00:00+00:00,0.0005858523174106737
2016-05-27 00:00:00+00:00,0.00047335637774889057
2016-05-31 00:00:00+00:00,0.0011420303377068456
2016-06-01 00:00:00+00:00,-0.0035562793878034845
2016-06-02 00:00:00+00:00,-0.002414607574560723
2016-06-03 00:00:00+00:00,-0.0028139651451056565
2016-06-06 00:00:00+00:00,0.0016072092852029377
2016-06-07 00:00:00+00:00,0.00039738722605217077
2016-06-08 00:00:00+00:00,0.0009400719882736944
2016-06-09 00:00:00+00:00,-0.004363183336509124
2016-06-10 00:00:00+00:00,-0.008656911310122839
2016-06-13 00:00:00+00:00,-0.004835755991874002
2016-06-14 00:00:00+00:00,-0.0027215948084389537
2016-06-15 00:00:00+00:00,0.0009035606825135937
2016-06-16 00:00:00+00:00,-0.0027600971773363066
2016-06-17 00:00:00+00:00,-0.0016291040540531206
2016-06-20 00:00:00+00:00,0.011090582199312105
2016-06-21 00:00:00+00:00,0.0014357939303445092
2016-06-22 00:00:00+00:00,0.0004828420004514225
2016-06-23 00:00:00+00:00,0.007678435027759856
2016-06-24 00:00:00+00:00,-0.03511946391264507
2016-06-27 00:00:00+00:00,-0.007667376267879977
2016-06-28 00:00:00+00:00,0.009936549882359114
2016-06-29 00:00:00+00:00,0.007660588726808493
2016-06-30 00:00:00+00:00,0.0018769733600792708
2016-07-01 00:00:00+00:00,-0.0005320160509173274
2016-07-05 00:00:00+00:00,-0.005247476727310551
2016-07-06 00:00:00+00:00,-0.004065226078841333
2016-07-07 00:00:00+00:00,0.0006622117594531022
2016-07-08 00:00:00+00:00,0.005997070741915878
2016-07-11 00:00:00+00:00,0.0026469246309886677
2016-07-12 00:00:00+00:00,0.0054125969853544235
2016-07-13 00:00:00+00:00,0.0020059243104897043
2016-07-14 00:00:00+00:00,0.006469708557160525
2016-07-15 00:00:00+00:00,0.0023881166953691694
2016-07-18 00:00:00+00:00,0.0003370831221167439
2016-07-19 00:00:00+00:00,-0.003164811338931683
2016-07-20 00:00:00+00:00,0.0024201917552233113
2016-07-21 00:00:00+00:00,-0.00024686707568686265
2016-07-22 00:00:00+00:00,0.00037695725777361384
2016-07-25 00:00:00+00:00,-0.0012483247769433433
2016-07-26 00:00:00+00:00,-0.0007527029568744955
2016-07-27 00:00:00+00:00,0.004933081328287037
2016-07-28 00:00:00+00:00,-4.547817183978535e-05
2016-07-29 00:00:00+00:00,0.00011553034359070875
2016-08-01 00:00:00+00:00,0.0002081667081817676
2016-08-02 00:00:00+00:00,-0.0017020022416997845
2016-08-03 00:00:00+00:00,-0.000853894041137537
2016-08-04 00:00:00+00:00,-0.00017274551912119766
2016-08-05 00:00:00+00:00,0.0022504856702733837
2016-08-08 00:00:00+00:00,0.0004610695466437889
2016-08-09 00:00:00+00:00,0.00026918087348456495
2016-08-10 00:00:00+00:00,0.0002973376416862353
2016-08-11 00:00:00+00:00,0.0028392619460788308
2016-08-12 00:00:00+00:00,-0.0019771137745288377
2016-08-15 00:00:00+00:00,0.001324041446003588
2016-08-16 00:00:00+00:00,-0.0023527116377744847
2016-08-17 00:00:00+00:00,-8.01964955919107e-05
2016-08-18 00:00:00+00:00,-0.0008378055417674109
2016-08-19 00:00:00+00:00,-0.0024516816406507155
2016-08-22 00:00:00+00:00,-0.0016653758703409679
2016-08-23 00:00:00+00:00,0.0033071988383525878
2016-08-24 00:00:00+00:00,-0.0010284465609848078
2016-08-25 00:00:00+00:00,-0.0026170084371997856
2016-08-26 00:00:00+00:00,0.000376799073539236
2016-08-29 00:00:00+00:00,0.0001735263161560477
2016-08-30 00:00:00+00:00,-0.0013413272185278987
2016-08-31 00:00:00+00:00,-0.0019665795415578
2016-09-01 00:00:00+00:00,-0.00015126887041142482
2016-09-02 00:00:00+00:00,0.004484156549323959
2016-09-06 00:00:00+00:00,0.0013093745257885762
2016-09-07 00:00:00+00:00,-0.00026707395971462515
2016-09-08 00:00:00+00:00,-0.0026744830953792428
2016-09-09 00:00:00+00:00,-0.008003375934403733
2016-09-12 00:00:00+00:00,-0.005186739566292264
2016-09-13 00:00:00+00:00,-0.0062597914398414885
2016-09-14 00:00:00+00:00,0.0003611021994517019
2016-09-15 00:00:00+00:00,-0.0006160109797477605
2016-09-16 00:00:00+00:00,-0.002512893187569065
2016-09-19 00:00:00+00:00,0.0027597012390546353
2016-09-20 00:00:00+00:00,0.0038413389025476422
2016-09-21 00:00:00+00:00,0.003757864632299735
2016-09-22 00:00:00+00:00,0.005353533103523456
2016-09-23 00:00:00+00:00,-0.0017366196003226527
2016-09-26 00:00:00+00:00,-0.005376619986565001
2016-09-27 00:00:00+00:00,-0.0010843742373441208
2016-09-28 00:00:00+00:00,0.0009361066104562558
2016-09-29 00:00:00+00:00,-0.0016965093458724875
2016-09-30 00:00:00+00:00,0.0032747497938976026
2016-10-03 00:00:00+00:00,-0.002041521027143311
2016-10-04 00:00:00+00:00,0.0014774946820067195
2016-10-05 00:00:00+00:00,0.002878598611133232
2016-10-06 00:00:00+00:00,-0.0015343148455886132
2016-10-07 00:00:00+00:00,0.0009048132602343609
2016-10-10 00:00:00+00:00,0.00487847354997103
2016-10-11 00:00:00+00:00,-0.001875899328342456
2016-10-12 00:00:00+00:00,0.000542919977418255
2016-10-13 00:00:00+00:00,-0.007332988211449931
2016-10-14 00:00:00+00:00,0.00485469521588996
2016-10-17 00:00:00+00:00,-0.0007973464335054078
2016-10-18 00:00:00+00:00,0.010028272326687427
2016-10-19 00:00:00+00:00,4.337157761782369e-05
2016-10-20 00:00:00+00:00,-0.0017656544276070437
2016-10-21 00:00:00+00:00,8.220088765794638e-05
2016-10-24 00:00:00+00:00,0.005299793415267507
2016-10-25 00:00:00+00:00,-0.0004961360531993472
2016-10-26 00:00:00+00:00,-0.005771362309983463
2016-10-27 00:00:00+00:00,0.0038191977852947926
2016-10-28 00:00:00+00:00,-0.0018130188701272806
2016-10-31 00:00:00+00:00,0.0024535946269293677
2016-11-01 00:00:00+00:00,0.0014488291025070658
2016-11-02 00:00:00+00:00,-0.0014976532554052732
2016-11-03 00:00:00+00:00,-0.0005287810303532866
2016-11-04 00:00:00+00:00,-0.0012164850342956442
2016-11-07 00:00:00+00:00,0.007795254224591897
2016-11-08 00:00:00+00:00,-0.0018948232764567138
2016-11-09 00:00:00+00:00,-0.010212496931998638
2016-11-10 00:00:00+00:00,0.00424839483006686
2016-11-11 00:00:00+00:00,-0.004395976977573634
2016-11-14 00:00:00+00:00,0.0012387951857276373
2016-11-15 00:00:00+00:00,0.004533513261124356
2016-11-16 00:00:00+00:00,-0.004315373248522913
2016-11-17 00:00:00+00:00,-0.00014372449847958017
2016-11-18 00:00:00+00:00,0.00047729577685792253
2016-11-21 00:00:00+00:00,0.0024692866245896398
2016-11-22 00:00:00+00:00,0.0025000311802311995
2016-11-23 00:00:00+00:00,-0.0033001309629250627
2016-11-25 00:00:00+00:00,0.0011972918646299905
2016-11-28 00:00:00+00:00,-0.0017439449660904046
2016-11-29 00:00:00+00:00,0.00025477687799454503
2016-11-30 00:00:00+00:00,0.0019600139557771293
2016-12-01 00:00:00+00:00,0.00032390735023071245
2016-12-02 00:00:00+00:00,0.0002307641419957099
2016-12-05 00:00:00+00:00,0.004500825533352593
2016-12-06 00:00:00+00:00,0.0016128644489311287
2016-12-07 00:00:00+00:00,-0.0017327058315403706
2016-12-08 00:00:00+00:00,-0.00015533240473439817
2016-12-09 00:00:00+00:00,0.002132764614892502
2016-12-12 00:00:00+00:00,-0.002760368852527095
2016-12-13 00:00:00+00:00,0.0029146827141465995
2016-12-14 00:00:00+00:00,-0.000445685494079506
2016-12-15 00:00:00+00:00,0.0009852336004489651
2016-12-16 00:00:00+00:00,0.002101865686725846
2016-12-19 00:00:00+00:00,0.0006682159903090516
2016-12-20 00:00:00+00:00,0.002656802391201552
2016-12-21 00:00:00+00:00,-0.0004239706714393773
2016-12-22 00:00:00+00:00,-0.0006348281703028365
2016-12-23 00:00:00+00:00,-0.0010218193309612707
2016-12-27 00:00:00+00:00,0.0014684122089036692
2016-12-28 00:00:00+00:00,0.0014387961768493555
2016-12-29 00:00:00+00:00,-0.0002468007326331453
2016-12-30 00:00:00+00:00,0.0015075354905390251
2017-01-03 00:00:00+00:00,0.006411386187760016
2017-01-04 00:00:00+00:00,0.0010872553008527078
2017-01-05 00:00:00+00:00,-0.001358456795736795
2017-01-06 00:00:00+00:00,0.000524750742931868
2017-01-09 00:00:00+00:00,-0.0005499793885233913
2017-01-10 00:00:00+00:00,-5.151476065815534e-05
2017-01-11 00:00:00+00:00,-0.0003169325639922113
2017-01-12 00:00:00+00:00,-0.003410653523186402
2017-01-13 00:00:00+00:00,0.00038602764938408003
2017-01-17 00:00:00+00:00,-0.003228861026024576
2017-01-18 00:00:00+00:00,0.0010738332403668841
2017-01-19 00:00:00+00:00,0.0006297775102559137
2017-01-20 00:00:00+00:00,0.0036440426891121928
2017-01-23 00:00:00+00:00,-0.0006246114263797949
2017-01-24 00:00:00+00:00,0.0012256955146432106
2017-01-25 00:00:00+00:00,0.005256832946933321
2017-01-26 00:00:00+00:00,7.464062506257489e-06
2017-01-27 00:00:00+00:00,0.0009714686303735291
2017-01-30 00:00:00+00:00,-0.003716480512872022
2017-01-31 00:00:00+00:00,-0.0033148507463281237
2017-02-01 00:00:00+00:00,0.00323212707731132
2017-02-02 00:00:00+00:00,-0.0011768667355644188
2017-02-03 00:00:00+00:00,0.0025234953313779344
2017-02-06 00:00:00+00:00,-0.0021601733057378444
2017-02-07 00:00:00+00:00,0.0017160718302870696
2017-02-08 00:00:00+00:00,-0.0009730287401177647
2017-02-09 00:00:00+00:00,0.00021389552051706036
2017-02-10 00:00:00+00:00,0.0016699717880145019
2017-02-13 00:00:00+00:00,0.002461797705833513
2017-02-14 00:00:00+00:00,-0.000555862014976349
2017-02-15 00:00:00+00:00,-0.0011850861420029443
2017-02-16 00:00:00+00:00,7.332281605162446e-05
2017-02-17 00:00:00+00:00,-0.002675414623026928
2017-02-21 00:00:00+00:00,0.0015777424007124789
2017-02-22 00:00:00+00:00,-0.0017539059855981916
2017-02-23 00:00:00+00:00,0.0017362030845052504
2017-02-24 00:00:00+00:00,-0.0046414071045425605
2017-02-27 00:00:00+00:00,-0.001432511544267356
2017-02-28 00:00:00+00:00,-0.001342953031874627
2017-03-01 00:00:00+00:00,0.006951522984332515
2017-03-02 00:00:00+00:00,-0.0008726418946344069
2017-03-03 00:00:00+00:00,-0.0008540386524793827
2017-03-06 00:00:00+00:00,-0.0038702590870666517
2017-03-07 00:00:00+00:00,-0.002030893833518987
2017-03-08 00:00:00+00:00,0.0007240238992633711
2017-03-09 00:00:00+00:00,-0.00011888419615994043
2017-03-10 00:00:00+00:00,0.004335919341200667
2017-03-13 00:00:00+00:00,-0.0006374832771464441
2017-03-14 00:00:00+00:00,-0.0027643359343398673
2017-03-15 00:00:00+00:00,0.00212120178406835
2017-03-16 00:00:00+00:00,0.0009812690744478107
2017-03-17 00:00:00+00:00,0.0009605747813564384
2017-03-20 00:00:00+00:00,-0.00045198978991398657
2017-03-21 00:00:00+00:00,0.0030747072450361904
2017-03-22 00:00:00+00:00,-6.01131503703886e-05
2017-03-23 00:00:00+00:00,-0.0009506424071289762
2017-03-24 00:00:00+00:00,0.002058707163657603
2017-03-27 00:00:00+00:00,-0.007985827066520434
2017-03-28 00:00:00+00:00,-0.0010491020819502813
2017-03-29 00:00:00+00:00,-0.0006595871226821367
2017-03-30 00:00:00+00:00,-0.0006372846055072486
2017-03-31 00:00:00+00:00,-0.0018425013787085939
2017-04-03 00:00:00+00:00,0.00024259046339999453
2017-04-04 00:00:00+00:00,-0.002437248170200112
2017-04-05 00:00:00+00:00,0.0020728388463055695
2017-04-06 00:00:00+00:00,0.0005335601388360648
2017-04-07 00:00:00+00:00,-0.0010674189141783638
2017-04-10 00:00:00+00:00,0.000532923957568399
2017-04-11 00:00:00+00:00,-0.0016895228496133004
2017-04-12 00:00:00+00:00,-0.001056677021590768
2017-04-13 00:00:00+00:00,-0.0018206806254942639
2017-04-17 00:00:00+00:00,0.0024091658301439115
2017-04-18 00:00:00+00:00,-0.0037851652566216806
2017-04-19 00:00:00+00:00,0.003260685943370112
2017-04-20 00:00:00+00:00,0.00323602204508896
2017-04-21 00:00:00+00:00,-3.889093598850006e-05
2017-04-24 00:00:00+00:00,0.010765125130842457
2017-04-25 00:00:00+00:00,0.0028998388074720997
2017-04-26 00:00:00+00:00,-0.00019899337630322449
2017-04-27 00:00:00+00:00,0.0016989403652702632
2017-04-28 00:00:00+00:00,0.0023177227942926207
2017-05-01 00:00:00+00:00,0.0026143283866117643
2017-05-02 00:00:00+00:00,0.0006549598906047897
2017-05-03 00:00:00+00:00,-0.0014278932665140794
2017-05-04 00:00:00+00:00,0.00036063766414165006
2017-05-05 00:00:00+00:00,0.0018777875404448422
2017-05-08 00:00:00+00:00,5.8591084686943366e-05
2017-05-09 00:00:00+00:00,0.0010875852388059996
2017-05-10 00:00:00+00:00,-0.00011514480860100844
2017-05-11 00:00:00+00:00,-0.002756699369238424
2017-05-12 00:00:00+00:00,-0.0006885765451941969
2017-05-15 00:00:00+00:00,0.0009414108808077585
2017-05-16 00:00:00+00:00,0.0017021174746025495
2017-05-17 00:00:00+00:00,-0.004275056573274405
2017-05-18 00:00:00+00:00,-0.0006746885660921294
2017-05-19 00:00:00+00:00,0.0026676501854413174
2017-05-22 00:00:00+00:00,0.0020623832653137945
2017-05-23 00:00:00+00:00,0.0020723072179555605
2017-05-24 00:00:00+00:00,0.0017717069583990889
2017-05-25 00:00:00+00:00,0.0028217332297696077
2017-05-26 00:00:00+00:00,-0.0006484407788781895
2017-05-30 00:00:00+00:00,-0.0013133876663530605
2017-05-31 00:00:00+00:00,0.0021728659288495437
2017-06-01 00:00:00+00:00,0.0018238328069813629
2017-06-02 00:00:00+00:00,0.0015857732312357323
2017-06-05 00:00:00+00:00,-0.0007444566732320076
2017-06-06 00:00:00+00:00,-0.002224659511030935
2017-06-07 00:00:00+00:00,0.0019018530533085557
2017-06-08 00:00:00+00:00,0.001041339898294769
2017-06-09 00:00:00+00:00,0.0009277291338543828
2017-06-12 00:00:00+00:00,-0.005089844807450871
2017-06-13 00:00:00+00:00,0.0037749359162238764
2017-06-14 00:00:00+00:00,0.002364200202035616
2017-06-15 00:00:00+00:00,-0.008538322700433842
2017-06-16 00:00:00+00:00,-0.00018255959874339227
2017-06-19 00:00:00+00:00,0.00650759784597329
2017-06-20 00:00:00+00:00,-0.0016359694381843145
2017-06-21 00:00:00+00:00,0.001773710687119701
2017-06-22 00:00:00+00:00,0.0005023438731542543
2017-06-23 00:00:00+00:00,-0.0007245272595483351
2017-06-26 00:00:00+00:00,0.004150807526600653
2017-06-27 00:00:00+00:00,-0.002698848883322202
2017-06-28 00:00:00+00:00,0.003971423711673994
2017-06-29 00:00:00+00:00,-0.002022034279514062
2017-06-30 00:00:00+00:00,0.0030441191188099407
2017-07-03 00:00:00+00:00,0.004221566548126188
2017-07-05 00:00:00+00:00,0.002145955484552953
2017-07-06 00:00:00+00:00,-0.005929687369420877
2017-07-07 00:00:00+00:00,0.002759372458854126
2017-07-10 00:00:00+00:00,2.662875135169858e-05
2017-07-11 00:00:00+00:00,-0.0010212426241008928
2017-07-12 00:00:00+00:00,0.006270822976313062
2017-07-13 00:00:00+00:00,0.0003243367694861446
2017-07-14 00:00:00+00:00,0.0019341306335234013
2017-07-17 00:00:00+00:00,4.449758535770594e-05
2017-07-18 00:00:00+00:00,-0.0016088978978524345
2017-07-19 00:00:00+00:00,0.0018999055218284714
2017-07-20 00:00:00+00:00,0.00157177413161721
2017-07-21 00:00:00+00:00,-0.003473385906855175
2017-07-24 00:00:00+00:00,-0.0005518524327557724
2017-07-25 00:00:00+00:00,-0.0002157009331750001
2017-07-26 00:00:00+00:00,0.001613368243325775
2017-07-27 00:00:00+00:00,0.004050033041176316
2017-07-28 00:00:00+00:00,-0.00439950913619167
2017-07-31 00:00:00+00:00,0.0020566830232485404
2017-08-01 00:00:00+00:00,0.002808523880204661
2017-08-02 00:00:00+00:00,0.003242560422214347
2017-08-03 00:00:00+00:00,-7.643258499704346e-05
2017-08-04 00:00:00+00:00,0.0019497189154920828
2017-08-07 00:00:00+00:00,0.0007665199114225921
2017-08-08 00:00:00+00:00,-0.001994578934155644
2017-08-09 00:00:00+00:00,-0.00602069102379591
2017-08-10 00:00:00+00:00,-0.005085933450859425
2017-08-11 00:00:00+00:00,0.0009067736882689362
2017-08-14 00:00:00+00:00,0.006686775907702247
2017-08-15 00:00:00+00:00,0.0018429966196501172
2017-08-16 00:00:00+00:00,0.00216677292356412
2017-08-17 00:00:00+00:00,-0.0036578211923054323
2017-08-18 00:00:00+00:00,-0.0004079951983344873
2017-08-21 00:00:00+00:00,-0.000479490556935169
2017-08-22 00:00:00+00:00,0.003773309861203578
2017-08-23 00:00:00+00:00,-0.005075447543320599
2017-08-24 00:00:00+00:00,0.0017210851778731388
2017-08-25 00:00:00+00:00,0.0034976804985182523
2017-08-28 00:00:00+00:00,0.0024613441845409926
2017-08-29 00:00:00+00:00,-0.007670201437726709
2017-08-30 00:00:00+00:00,7.867860218138152e-05
2017-08-31 00:00:00+00:00,0.0025604513431520485
2017-09-01 00:00:00+00:00,0.0012184169549345984
2017-09-05 00:00:00+00:00,-0.002942472492821568
2017-09-06 00:00:00+00:00,0.0025633423832221672
2017-09-07 00:00:00+00:00,0.00133904470845766
2017-09-08 00:00:00+00:00,-0.0016216166738571621
2017-09-11 00:00:00+00:00,0.00657840479824442
2017-09-12 00:00:00+00:00,0.0019481065209589702
2017-09-13 00:00:00+00:00,-0.0018148788325567985
2017-09-14 00:00:00+00:00,-0.002985919375773338
2017-09-15 00:00:00+00:00,-0.000734470065672654
2017-09-18 00:00:00+00:00,0.0011223088865268353
2017-09-19 00:00:00+00:00,0.001154055702174717
2017-09-20 00:00:00+00:00,-0.00027145654850455585
2017-09-21 00:00:00+00:00,-0.001004069336369517
2017-09-22 00:00:00+00:00,-0.002573874627820638
2017-09-25 00:00:00+00:00,-0.00285592239383734
2017-09-26 00:00:00+00:00,0.0032402003099285207
2017-09-27 00:00:00+00:00,0.003960036589853855
2017-09-28 00:00:00+00:00,-0.0021512268583248947
2017-09-29 00:00:00+00:00,0.0006839880940272217
2017-10-02 00:00:00+00:00,0.0009739619084150001
2017-10-03 00:00:00+00:00,0.0003524012385981104
2017-10-04 00:00:00+00:00,-0.0015958096685599107
2017-10-05 00:00:00+00:00,0.002265186433181488
2017-10-06 00:00:00+00:00,-0.002996539903884687
2017-10-09 00:00:00+00:00,0.0008543637983240097
2017-10-10 00:00:00+00:00,0.002674682639811377
2017-10-11 00:00:00+00:00,-0.0007529642973875591
2017-10-12 00:00:00+00:00,-0.0017489127438585546
2017-10-13 00:00:00+00:00,0.002712083134561694
2017-10-16 00:00:00+00:00,0.0014568787083961369
2017-10-17 00:00:00+00:00,-0.0005853478987681068
2017-10-18 00:00:00+00:00,0.0010447056265947222
2017-10-19 00:00:00+00:00,-0.00496247052853147
2017-10-20 00:00:00+00:00,0.0035018137310704692
2017-10-23 00:00:00+00:00,0.0014619357674369952
2017-10-24 00:00:00+00:00,0.0016379238860648408
2017-10-25 00:00:00+00:00,-0.00202025820634647
2017-10-26 00:00:00+00:00,0.0007657812535664891
2017-10-27 00:00:00+00:00,0.009766117043192158
2017-10-30 00:00:00+00:00,-0.0030692321940811503
2017-10-31 00:00:00+00:00,0.0021534912751995598
2017-11-01 00:00:00+00:00,0.003435108108505414
2017-11-02 00:00:00+00:00,-0.0010141726507047252
2017-11-03 00:00:00+00:00,0.0018610353753813706
2017-11-06 00:00:00+00:00,-0.0009818787225797983
2017-11-07 00:00:00+00:00,-0.0004583949167078269
2017-11-08 00:00:00+00:00,-0.0009466559842092655
2017-11-09 00:00:00+00:00,-0.007072784995426051
2017-11-10 00:00:00+00:00,-0.002323373792798988
2017-11-13 00:00:00+00:00,-0.0036981058936553565
2017-11-14 00:00:00+00:00,-0.0038353378836838755
2017-11-15 00:00:00+00:00,-0.0046061488517381895
2017-11-16 00:00:00+00:00,0.0043291124705292176
2017-11-17 00:00:00+00:00,-0.0009439338248915293
2017-11-20 00:00:00+00:00,0.0006001398194955491
2017-11-21 00:00:00+00:00,0.0037764382152330692
2017-11-22 00:00:00+00:00,0.0001691280338692261
2017-11-24 00:00:00+00:00,0.0012920271005623877
2017-11-27 00:00:00+00:00,-0.0003641813567420768
2017-11-28 00:00:00+00:00,0.0018387638781772412
2017-11-29 00:00:00+00:00,-0.0005892089860514479
2017-11-30 00:00:00+00:00,0.0038106800774393105
2017-12-01 00:00:00+00:00,-0.003833227761437052
2017-12-04 00:00:00+00:00,0.0063370777174368235
2017-12-05 00:00:00+00:00,-0.0021964859079072526
2017-12-06 00:00:00+00:00,-0.0019562649678251717
2017-12-07 00:00:00+00:00,0.0012440588954024893
2017-12-08 00:00:00+00:00,0.005431807307907899
2017-12-11 00:00:00+00:00,0.0014330594453538462
2017-12-12 00:00:00+00:00,0.0011651020246746472
2017-12-13 00:00:00+00:00,0.0022482762298952855
2017-12-14 00:00:00+00:00,0.0012027611230724603
2017-12-15 00:00:00+00:00,0.003814995638708763
2017-12-18 00:00:00+00:00,0.005985177730406377
2017-12-19 00:00:00+00:00,-0.0007236055237102353
2017-12-20 00:00:00+00:00,0.0035024449011285767
2017-12-21 00:00:00+00:00,0.0017276313093470223
2017-12-22 00:00:00+00:00,-0.001024168362291111
2017-12-26 00:00:00+00:00,-0.003955641303938972
2017-12-27 00:00:00+00:00,8.729458333874869e-05
2017-12-28 00:00:00+00:00,0.002363301166869636
2017-12-29 00:00:00+00:00,0.0013784789470443152
2018-01-02 00:00:00+00:00,0.004104378267876985
2018-01-03 00:00:00+00:00,0.0005266747488067106
2018-01-04 00:00:00+00:00,0.0027676778533476058
2018-01-05 00:00:00+00:00,0.003727388575313373
2018-01-08 00:00:00+00:00,-0.0005007992755234666
2018-01-09 00:00:00+00:00,0.0015599176268933038
2018-01-10 00:00:00+00:00,-0.0040805194776101
2018-01-11 00:00:00+00:00,0.0017123183810657475
2018-01-12 00:00:00+00:00,-0.00018529291308619881
2018-01-16 00:00:00+00:00,0.005585767246437967
2018-01-17 00:00:00+00:00,0.0039914268410245705
2018-01-18 00:00:00+00:00,-0.001316759295980496
2018-01-19 00:00:00+00:00,0.0023597317995268322
2018-01-22 00:00:00+00:00,-0.0009082098657864131
2018-01-23 00:00:00+00:00,0.0013348500181049276
2018-01-24 00:00:00+00:00,0.002050371878841795
2018-01-25 00:00:00+00:00,0.0048743179967223
2018-01-26 00:00:00+00:00,0.004168450483904984
2018-01-29 00:00:00+00:00,-0.00248690584773229
2018-01-30 00:00:00+00:00,-0.008509529105882185
2018-01-31 00:00:00+00:00,0.004237094814723863
2018-02-01 00:00:00+00:00,-0.005609177998315762
2018-02-02 00:00:00+00:00,-0.004928430858113153
2018-02-05 00:00:00+00:00,-0.008607996438648935
2018-02-06 00:00:00+00:00,-0.015163428558815506
2018-02-07 00:00:00+00:00,-0.0030724066515417144
2018-02-08 00:00:00+00:00,0.0016147892663886613
2018-02-09 00:00:00+00:00,0.012922847306018748
2018-02-12 00:00:00+00:00,0.00927982311043748
2018-02-13 00:00:00+00:00,-0.005745570991625903
2018-02-14 00:00:00+00:00,-0.006419911449519011
2018-02-15 00:00:00+00:00,0.007859706449240689
2018-02-16 00:00:00+00:00,-0.003229628740167889
2018-02-20 00:00:00+00:00,-0.004035210765584362
2018-02-21 00:00:00+00:00,0.003071477185650118
2018-02-22 00:00:00+00:00,0.0038282910884209435
2018-02-23 00:00:00+00:00,0.0063056369142254435
2018-02-26 00:00:00+00:00,0.004269108046129977
2018-02-27 00:00:00+00:00,0.00022465028100201486
2018-02-28 00:00:00+00:00,0.004829678547299066
2018-03-01 00:00:00+00:00,-0.00047256870589554826
2018-03-02 00:00:00+00:00,-0.009867875645477064
2018-03-05 00:00:00+00:00,-0.0051578196025061415
2018-03-06 00:00:00+00:00,0.004181974113745291
2018-03-07 00:00:00+00:00,-0.008634672232333973
2018-03-08 00:00:00+00:00,0.0031833648437623267
2018-03-09 00:00:00+00:00,0.006180191201905794
2018-03-12 00:00:00+00:00,0.0017646469572166427
2018-03-13 00:00:00+00:00,0.003218350274297033
2018-03-14 00:00:00+00:00,0.004290449767382543
2018-03-15 00:00:00+00:00,0.0011027644747738322
2018-03-16 00:00:00+00:00,0.0016350255988068722
2018-03-19 00:00:00+00:00,-0.006661264085086249
2018-03-20 00:00:00+00:00,0.0007411106830445772
2018-03-21 00:00:00+00:00,-0.0017044394907734014
2018-03-22 00:00:00+00:00,-0.011878634768467266
2018-03-23 00:00:00+00:00,6.464248163786686e-05
2018-03-26 00:00:00+00:00,0.017730969654380556
2018-03-27 00:00:00+00:00,0.005409876568619987
2018-03-28 00:00:00+00:00,-0.0028723089365458084
2018-03-29 00:00:00+00:00,0.004885042082067493
2018-04-02 00:00:00+00:00,-0.0049997608229744635
2018-04-03 00:00:00+00:00,0.006791582517572803
2018-04-04 00:00:00+00:00,-0.017673428997057684
2018-04-05 00:00:00+00:00,0.00845217123350247
2018-04-06 00:00:00+00:00,-0.009987852274013309
2018-04-09 00:00:00+00:00,0.007186179501338786
2018-04-10 00:00:00+00:00,0.013825905871062883
2018-04-11 00:00:00+00:00,-0.006600479772222256
2018-04-12 00:00:00+00:00,0.005569307180791816
2018-04-13 00:00:00+00:00,0.0049795487857977275
2018-04-16 00:00:00+00:00,0.006689767241596834
2018-04-17 00:00:00+00:00,0.00848378622331899
2018-04-18 00:00:00+00:00,0.0006254346630900302
2018-04-19 00:00:00+00:00,-0.004191820287506564
2018-04-20 00:00:00+00:00,-0.001722371503177422
2018-04-23 00:00:00+00:00,0.0033528703272561414
2018-04-24 00:00:00+00:00,0.004254012925806816
2018-04-25 00:00:00+00:00,0.0004504165127551477
2018-04-26 00:00:00+00:00,0.008360679623310852
2018-04-27 00:00:00+00:00,0.008341675248203251
2018-04-30 00:00:00+00:00,0.002185097104734546
2018-05-01 00:00:00+00:00,-0.0028145920192160553
2018-05-02 00:00:00+00:00,0.000145111142829302
2018-05-03 00:00:00+00:00,-0.004619668598643134
2018-05-04 00:00:00+00:00,-0.0045572353978276855
2018-05-07 00:00:00+00:00,0.0036704303692508215
2018-05-08 00:00:00+00:00,-0.0021397647882698597
2018-05-09 00:00:00+00:00,0.00202685020358292
2018-05-10 00:00:00+00:00,0.0028669325708543195
2018-05-11 00:00:00+00:00,-0.0006322990794379365
2018-05-14 00:00:00+00:00,0.0017486411332005795
2018-05-15 00:00:00+00:00,-0.006792901828250519
2018-05-16 00:00:00+00:00,0.00042890613567266896
2018-05-17 00:00:00+00:00,-0.002596587025238994
2018-05-18 00:00:00+00:00,-0.0029476693043007703
2018-05-21 00:00:00+00:00,0.006677363806535353
2018-05-22 00:00:00+00:00,0.0030653901264018017
2018-05-23 00:00:00+00:00,-0.006746623646536531
2018-05-24 00:00:00+00:00,-0.0012702766747849977
2018-05-25 00:00:00+00:00,-0.0015503064726214207
2018-05-29 00:00:00+00:00,-0.0059493418377212556
2018-05-30 00:00:00+00:00,0.004256183623862786
2018-05-31 00:00:00+00:00,-0.0011436370266783898
2018-06-01 00:00:00+00:00,0.004911450501491077
2018-06-04 00:00:00+00:00,0.0026731905006088467
2018-06-05 00:00:00+00:00,0.0011489816071625584
2018-06-06 00:00:00+00:00,0.001468869877373569
2018-06-07 00:00:00+00:00,0.0007765976538050782
2018-06-08 00:00:00+00:00,-0.0035880584804796386
2018-06-11 00:00:00+00:00,-0.0002229826526269682
2018-06-12 00:00:00+00:00,0.0012296834183827769
2018-06-13 00:00:00+00:00,0.0009519268014073993
2018-06-14 00:00:00+00:00,0.0037657289808035958
2018-06-15 00:00:00+00:00,-0.0037790686708830453
2018-06-18 00:00:00+00:00,-0.00640732206709963
2018-06-19 00:00:00+00:00,-0.011245726081464768
2018-06-20 00:00:00+00:00,0.003398590992458173
2018-06-21 00:00:00+00:00,0.0009510891103426625
2018-06-22 00:00:00+00:00,0.00396819403148726
2018-06-25 00:00:00+00:00,-0.007200533326903824
2018-06-26 00:00:00+00:00,0.0027192020734578496
2018-06-27 00:00:00+00:00,0.003036115197995926
2018-06-28 00:00:00+00:00,-0.001030142310103543
2018-06-29 00:00:00+00:00,0.004365504024734313
2018-07-02 00:00:00+00:00,-0.008252290498124515
2018-07-03 00:00:00+00:00,0.0034383875608943962
2018-07-05 00:00:00+00:00,0.005293532040574334
2018-07-06 00:00:00+00:00,0.0009114760767666378
2018-07-09 00:00:00+00:00,0.004342456355787195
2018-07-10 00:00:00+00:00,0.0015487052009231731
2018-07-11 00:00:00+00:00,-0.0073566640935667
2018-07-12 00:00:00+00:00,0.004475225885462864
2018-07-13 00:00:00+00:00,-0.0006859445879800804
2018-07-16 00:00:00+00:00,-9.940812327361408e-05
2018-07-17 00:00:00+00:00,-0.00715882711477398
2018-07-18 00:00:00+00:00,-8.41495865061878e-05
2018-07-19 00:00:00+00:00,-0.0034408066775268083
2018-07-20 00:00:00+00:00,0.0007976653186754449
2018-07-23 00:00:00+00:00,-0.0021917497834083362
2018-07-24 00:00:00+00:00,0.007688837125871062
2018-07-25 00:00:00+00:00,-0.0005751162974909959
2018-07-26 00:00:00+00:00,-0.00850903528421607
2018-07-27 00:00:00+00:00,0.0035187100344945214
2018-07-30 00:00:00+00:00,-0.00011177025917711274
2018-07-31 00:00:00+00:00,0.0032062953139527454
2018-08-01 00:00:00+00:00,0.001270528783449432
2018-08-02 00:00:00+00:00,-0.006445505302401155
2018-08-03 00:00:00+00:00,0.0008944154687578702
2018-08-06 00:00:00+00:00,-0.0005623421365515188
2018-08-07 00:00:00+00:00,0.0024251606935042583
2018-08-08 00:00:00+00:00,-0.0013202258075526215
2018-08-09 00:00:00+00:00,-0.00047944236209949113
2018-08-10 00:00:00+00:00,-0.006522414075416849
2018-08-13 00:00:00+00:00,0.0011614598210297426
2018-08-14 00:00:00+00:00,0.0030666412106367894
2018-08-15 00:00:00+00:00,-0.006945053392313527
2018-08-16 00:00:00+00:00,0.00642449219063298
2018-08-17 00:00:00+00:00,-0.002011755129178538
2018-08-20 00:00:00+00:00,0.0017064688426594258
2018-08-21 00:00:00+00:00,0.0022178281957851657
2018-08-22 00:00:00+00:00,-0.0021568314839602084
2018-08-23 00:00:00+00:00,-0.0015331342542664102
2018-08-24 00:00:00+00:00,0.002496388884876433
2018-08-27 00:00:00+00:00,0.004568852733926454
2018-08-28 00:00:00+00:00,0.0019261513013426271
2018-08-29 00:00:00+00:00,0.00098060638369365
2018-08-30 00:00:00+00:00,-0.002190325022932182
2018-08-31 00:00:00+00:00,-0.0017092455378830747
2018-09-04 00:00:00+00:00,-0.002636435573459916
2018-09-05 00:00:00+00:00,-0.0018778581276257308
2018-09-06 00:00:00+00:00,0.00012548342675008402
2018-09-07 00:00:00+00:00,-0.005949735660236188
2018-09-10 00:00:00+00:00,0.004552858160299567
2018-09-11 00:00:00+00:00,-0.003575536286491243
2018-09-12 00:00:00+00:00,-0.001019779820238131
2018-09-13 00:00:00+00:00,0.004897050682967719
2018-09-14 00:00:00+00:00,0.0004474548449757368
2018-09-17 00:00:00+00:00,-0.0012450166877225107
2018-09-18 00:00:00+00:00,0.0005283052500156486
2018-09-19 00:00:00+00:00,-0.00011495023518085483
2018-09-20 00:00:00+00:00,0.005586401608235503
2018-09-21 00:00:00+00:00,0.002478250156781126
2018-09-24 00:00:00+00:00,-0.005039458840801458
2018-09-25 00:00:00+00:00,0.0003588116885519191
2018-09-26 00:00:00+00:00,0.0004096709316276595
2018-09-27 00:00:00+00:00,0.0026491005493986756
2018-09-28 00:00:00+00:00,-0.0029028880276717236
2018-10-01 00:00:00+00:00,0.0049971195354971635
2018-10-02 00:00:00+00:00,-0.0010213599601643693
2018-10-03 00:00:00+00:00,0.0038230708334555333
2018-10-04 00:00:00+00:00,-0.003242075040591796
2018-10-05 00:00:00+00:00,7.712434588976776e-05
2018-10-08 00:00:00+00:00,-0.003386177298204984
2018-10-09 00:00:00+00:00,-0.0006842540725203513
2018-10-10 00:00:00+00:00,-0.004409212316175781
2018-10-11 00:00:00+00:00,-0.004558963669604598
2018-10-12 00:00:00+00:00,0.021623369456842033
2018-10-15 00:00:00+00:00,-0.002774257074818187
2018-10-16 00:00:00+00:00,0.008963620402022221
2018-10-17 00:00:00+00:00,0.002197915766447423
2018-10-18 00:00:00+00:00,-0.004061561244037426
2018-10-19 00:00:00+00:00,0.005062621062199313
2018-10-22 00:00:00+00:00,0.004062854709845765
2018-10-23 00:00:00+00:00,-0.017082774196928698
2018-10-24 00:00:00+00:00,-0.001388929380693604
2018-10-25 00:00:00+00:00,0.011353953619463198
2018-10-26 00:00:00+00:00,-0.025129915637737567
2018-10-29 00:00:00+00:00,0.013889319146359125
2018-10-30 00:00:00+00:00,-0.002130251012689632
2018-10-31 00:00:00+00:00,0.013214225429147708
2018-11-01 00:00:00+00:00,0.002228256456600375
2018-11-02 00:00:00+00:00,0.00042679071155923316
2018-11-05 00:00:00+00:00,0.0013604829070584471
2018-11-06 00:00:00+00:00,-0.0003984567467142705
2018-11-07 00:00:00+00:00,0.010126173267311323
2018-11-08 00:00:00+00:00,-0.004236551160131807
2018-11-09 00:00:00+00:00,-0.00759198471903697
2018-11-12 00:00:00+00:00,-0.004824221728173794
2018-11-13 00:00:00+00:00,0.00299870911549357
2018-11-14 00:00:00+00:00,0.008515277919235087
2018-11-15 00:00:00+00:00,-0.0038358733102567873
2018-11-16 00:00:00+00:00,-0.00743089403117112
2018-11-19 00:00:00+00:00,-0.00393024295671488
2018-11-20 00:00:00+00:00,-0.01863364094981982
2018-11-21 00:00:00+00:00,0.009873606221822396
2018-11-23 00:00:00+00:00,-0.007762123284486255
2018-11-26 00:00:00+00:00,0.01150875316081409
2018-11-27 00:00:00+00:00,-0.005200224298603151
2018-11-28 00:00:00+00:00,0.005545430250003725
2018-11-29 00:00:00+00:00,-0.003988422036910943
2018-11-30 00:00:00+00:00,7.345662838955687e-05
2018-12-03 00:00:00+00:00,0.019139205667613034
2018-12-04 00:00:00+00:00,-0.004576012475939117
2018-12-06 00:00:00+00:00,-0.01838827568819066
2018-12-07 00:00:00+00:00,-0.0031910671253915
2018-12-10 00:00:00+00:00,-0.0016091565144959238
2018-12-11 00:00:00+00:00,0.014653454462259486
2018-12-12 00:00:00+00:00,0.013326693653303268
2018-12-13 00:00:00+00:00,0.004968273771975474
2018-12-14 00:00:00+00:00,-0.010564721264770404
2018-12-17 00:00:00+00:00,-0.004495977153689967
2018-12-18 00:00:00+00:00,0.007177879323579573
2018-12-19 00:00:00+00:00,-0.0008813585045544855
2018-12-20 00:00:00+00:00,-0.004315633809761998
2018-12-21 00:00:00+00:00,0.004240535735824358
2018-12-24 00:00:00+00:00,-0.007380858222281328
2018-12-26 00:00:00+00:00,0.00868327298303725
2018-12-27 00:00:00+00:00,-0.01448644172178396
2018-12-28 00:00:00+00:00,0.006337114674201805
2018-12-31 00:00:00+00:00,0.008255691830969603
2019-01-02 00:00:00+00:00,-0.018781415726937346
2019-01-03 00:00:00+00:00,-0.011557694213051395
2019-01-04 00:00:00+00:00,0.015030359586808506
2019-01-07 00:00:00+00:00,0.0015424041683962057
2019-01-08 00:00:00+00:00,0.009081957381399575
2019-01-09 00:00:00+00:00,0.003181630075792941
2019-01-10 00:00:00+00:00,-0.007407226651655085
2019-01-11 00:00:00+00:00,-0.005563064745385293
2019-01-14 00:00:00+00:00,-0.008624658831519005
2019-01-15 00:00:00+00:00,0.0028076774892720983
2019-01-16 00:00:00+00:00,0.0014530602632517268
2019-01-17 00:00:00+00:00,-0.003760027400456589
2019-01-18 00:00:00+00:00,0.007055071016349468
2019-01-22 00:00:00+00:00,-0.006978185060483566
2019-01-23 00:00:00+00:00,0.004450504195305205
2019-01-24 00:00:00+00:00,0.000954568295532721
2019-01-25 00:00:00+00:00,0.007621464911647691
2019-01-28 00:00:00+00:00,-0.011244603863763336
2019-01-29 00:00:00+00:00,0.0002790515089895143
2019-01-30 00:00:00+00:00,0.008571174361957501
2019-01-31 00:00:00+00:00,0.0026475276391784933
2019-02-01 00:00:00+00:00,-0.0023606658582337233
2019-02-04 00:00:00+00:00,-0.0001176707011779962
2019-02-05 00:00:00+00:00,0.0012607519116118685
2019-02-06 00:00:00+00:00,-0.0007504904322481517
2019-02-07 00:00:00+00:00,-0.007968842003736853
2019-02-08 00:00:00+00:00,-0.007241694705593526
2019-02-11 00:00:00+00:00,0.002858806872660458
2019-02-12 00:00:00+00:00,0.006677832677833584
2019-02-13 00:00:00+00:00,0.003620208927918112
2019-02-14 00:00:00+00:00,-0.004283652364279555
2019-02-15 00:00:00+00:00,0.007104410489102675
2019-02-19 00:00:00+00:00,-0.003445598518219106
2019-02-20 00:00:00+00:00,-2.361731083619893e-05
2019-02-21 00:00:00+00:00,-0.0029106394162346835
2019-02-22 00:00:00+00:00,0.0020216526611123945
2019-02-25 00:00:00+00:00,0.006365600741002975
2019-02-26 00:00:00+00:00,-0.0022077860630458686
2019-02-27 00:00:00+00:00,-0.004035096455126485
2019-02-28 00:00:00+00:00,-0.002285203429866744
2019-03-01 00:00:00+00:00,0.006466629491945508
2019-03-04 00:00:00+00:00,0.005101009531506906
2019-03-05 00:00:00+00:00,0.0003233745260627588
2019-03-06 00:00:00+00:00,0.0004198612161165574
2019-03-07 00:00:00+00:00,-0.002468975590252753
2019-03-08 00:00:00+00:00,-0.009663466342708848
2019-03-11 00:00:00+00:00,0.0032313823483617003
2019-03-12 00:00:00+00:00,0.002129711448360794
2019-03-13 00:00:00+00:00,0.004060951817522274
2019-03-14 00:00:00+00:00,9.227212382531021e-05
2019-03-15 00:00:00+00:00,0.002747131231583955
2019-03-18 00:00:00+00:00,-8.703649586797561e-05
2019-03-19 00:00:00+00:00,0.0038354613837621957
2019-03-20 00:00:00+00:00,-0.0006968560841796641
2019-03-21 00:00:00+00:00,-0.003418223637903039
2019-03-22 00:00:00+00:00,-0.005115251467680082
2019-03-25 00:00:00+00:00,-0.00280025621095179
2019-03-26 00:00:00+00:00,0.007065390386179449
2019-03-27 00:00:00+00:00,0.00043640965569843344
2019-03-28 00:00:00+00:00,0.0022441759399231768
2019-03-29 00:00:00+00:00,0.006562189451700473
2019-04-01 00:00:00+00:00,0.008778120819016267
2019-04-02 00:00:00+00:00,0.0006166094029663397
2019-04-03 00:00:00+00:00,0.004878797773637722
2019-04-04 00:00:00+00:00,0.00046474793309155856
2019-04-05 00:00:00+00:00,0.002430888211099014
2019-04-08 00:00:00+00:00,-0.0019266552854609095
2019-04-09 00:00:00+00:00,-0.0038543683045445306
2019-04-10 00:00:00+00:00,0.0011509895627331516
2019-04-11 00:00:00+00:00,0.001472341774493258
2019-04-12 00:00:00+00:00,0.005021720608835401
2019-04-15 00:00:00+00:00,-0.0001357046984016616
2019-04-16 00:00:00+00:00,0.0032195238933677376
2019-04-17 00:00:00+00:00,0.00518754007247676
2019-04-18 00:00:00+00:00,0.0016510992461561073
2019-04-22 00:00:00+00:00,-0.003953352318072178
2019-04-23 00:00:00+00:00,0.0016836085644956426
2019-04-24 00:00:00+00:00,-3.331271765220049e-05
2019-04-25 00:00:00+00:00,0.0032542033920307193
2019-04-26 00:00:00+00:00,-0.0010020799816740419
2019-04-29 00:00:00+00:00,-0.00012931259731278037
2019-04-30 00:00:00+00:00,-0.004977635072695918
2019-05-01 00:00:00+00:00,0.0041615179827277585
2019-05-02 00:00:00+00:00,-0.0006816387768437734
2019-05-03 00:00:00+00:00,0.006662652848869766
2019-05-06 00:00:00+00:00,-0.019050470130120935
2019-05-07 00:00:00+00:00,-0.010308167517495392
2019-05-08 00:00:00+00:00,-0.0026322426589588162
2019-05-09 00:00:00+00:00,-0.00987094540758363
2019-05-10 00:00:00+00:00,-0.0039001765988306066
2019-05-13 00:00:00+00:00,-0.022887578723066716
2019-05-14 00:00:00+00:00,0.0043438484709264705
2019-05-15 00:00:00+00:00,-0.006788970700025687
2019-05-16 00:00:00+00:00,0.0012865922976802117
2019-05-17 00:00:00+00:00,-0.009696995029716248
2019-05-20 00:00:00+00:00,-0.010379354436833832
2019-05-21 00:00:00+00:00,0.0073174118293799165
2019-05-22 00:00:00+00:00,-0.004927369494873967
2019-05-23 00:00:00+00:00,-0.010369032327522154
2019-05-24 00:00:00+00:00,0.005228708506337576
2019-05-28 00:00:00+00:00,0.0016508650841372211
2019-05-29 00:00:00+00:00,-0.0056116737113727
2019-05-30 00:00:00+00:00,0.002544381861868195
2019-05-31 00:00:00+00:00,-0.011254613483718234
2019-06-03 00:00:00+00:00,-0.001578348460454326
2019-06-04 00:00:00+00:00,0.009957418797985807
2019-06-05 00:00:00+00:00,0.0076821827138050195
2019-06-06 00:00:00+00:00,0.0011341623551614725
2019-06-07 00:00:00+00:00,0.004358404007499395
2019-06-10 00:00:00+00:00,0.006031637919461675
2019-06-11 00:00:00+00:00,0.008409378767159715
2019-06-12 00:00:00+00:00,-0.002112863643722573
2019-06-13 00:00:00+00:00,0.0035349284257507278
2019-06-14 00:00:00+00:00,-0.0034148325790545383
2019-06-17 00:00:00+00:00,0.0012442085568621034
2019-06-18 00:00:00+00:00,0.009095497893611937
2019-06-19 00:00:00+00:00,0.0006270360257712663
2019-06-20 00:00:00+00:00,0.011758772449217048
2019-06-21 00:00:00+00:00,-0.0013885502715108352
2019-06-24 00:00:00+00:00,0.0010904840355190019
2019-06-25 00:00:00+00:00,-0.0005433718313337162
2019-06-26 00:00:00+00:00,0.004728056729705743
2019-06-27 00:00:00+00:00,0.002949175838155316
2019-06-28 00:00:00+00:00,0.0027587729003395126
2019-07-01 00:00:00+00:00,0.015565430682771242
2019-07-02 00:00:00+00:00,-0.0005431548715287612
2019-07-03 00:00:00+00:00,0.0022282354708702216
2019-07-05 00:00:00+00:00,-0.005997314268545139
2019-07-08 00:00:00+00:00,-0.005974131754744072
2019-07-09 00:00:00+00:00,-0.0048282635974076
2019-07-10 00:00:00+00:00,0.004727143487283503
2019-07-11 00:00:00+00:00,0.0016419038460566363
2019-07-12 00:00:00+00:00,0.0011480021989777826
2019-07-15 00:00:00+00:00,0.0016607259672995704
2019-07-16 00:00:00+00:00,-0.0010841594777429627
2019-07-17 00:00:00+00:00,-0.00035010955821665994
2019-07-18 00:00:00+00:00,-0.0035908779117695185
2019-07-19 00:00:00+00:00,0.005154499888041586
2019-07-22 00:00:00+00:00,0.001566085478697377
2019-07-23 00:00:00+00:00,0.00450813342017361
2019-07-24 00:00:00+00:00,-0.003609252216742331
2019-07-25 00:00:00+00:00,-0.0028203091545884514
2019-07-26 00:00:00+00:00,0.004148193969549652
2019-07-29 00:00:00+00:00,-0.0009761380786321491
2019-07-30 00:00:00+00:00,-0.006698685300296858
2019-07-31 00:00:00+00:00,0.0014907344944391169
2019-08-01 00:00:00+00:00,0.000849231242390969
2019-08-02 00:00:00+00:00,-0.005739227129856283
2019-08-05 00:00:00+00:00,-0.01850212066553484
2019-08-06 00:00:00+00:00,0.008002114061975341
2019-08-07 00:00:00+00:00,-0.011636367611705422
2019-08-08 00:00:00+00:00,0.004817336299874542
2019-08-09 00:00:00+00:00,-0.004461468449268679
2019-08-12 00:00:00+00:00,-0.0062293840345829295
2019-08-13 00:00:00+00:00,-0.0013065685288507819
2019-08-14 00:00:00+00:00,-0.015998656512772692
2019-08-15 00:00:00+00:00,0.0020826175636009196
2019-08-16 00:00:00+00:00,0.007461109248638487
2019-08-19 00:00:00+00:00,0.012706057552894634
2019-08-20 00:00:00+00:00,-0.002504901420878813
2019-08-21 00:00:00+00:00,0.0082049540763934
2019-08-22 00:00:00+00:00,0.0019613256930898996
2019-08-23 00:00:00+00:00,-0.006166588815633733
2019-08-26 00:00:00+00:00,0.009632550617475222
2019-08-27 00:00:00+00:00,0.00586366484930464
2019-08-28 00:00:00+00:00,-0.003199311063042087
2019-08-29 00:00:00+00:00,0.01081141332117227
2019-08-30 00:00:00+00:00,0.005189922443199902
2019-09-03 00:00:00+00:00,-0.006847939582532636
2019-09-04 00:00:00+00:00,0.00864823623885721
2019-09-05 00:00:00+00:00,0.009898400920884532
2019-09-06 00:00:00+00:00,0.0011219753066238018
2019-09-09 00:00:00+00:00,0.003094594824460806
2019-09-10 00:00:00+00:00,-0.004402238667626712
2019-09-11 00:00:00+00:00,0.0012142286854562537
2019-09-12 00:00:00+00:00,0.004431477269998563
2019-09-13 00:00:00+00:00,-0.00021124310155504726
2019-09-16 00:00:00+00:00,-0.00559591526891543
2019-09-17 00:00:00+00:00,-0.0006143877290129326
2019-09-18 00:00:00+00:00,-0.002052825967465954
2019-09-19 00:00:00+00:00,0.0012969251157937903
2019-09-20 00:00:00+00:00,0.0015080609919144398
2019-09-23 00:00:00+00:00,-0.001670983334562814
2019-09-24 00:00:00+00:00,0.003995635030910017
2019-09-25 00:00:00+00:00,-0.0006532762031909219
2019-09-26 00:00:00+00:00,-0.0009407895546334807
2019-09-27 00:00:00+00:00,0.002021170441175635
2019-09-30 00:00:00+00:00,0.002696471917652732
2019-10-01 00:00:00+00:00,0.0031615749042977707
2019-10-02 00:00:00+00:00,-0.006657663236986832
2019-10-03 00:00:00+00:00,-0.0007883305438194706
2019-10-04 00:00:00+00:00,0.0036536769609428425
2019-10-07 00:00:00+00:00,-0.0032247606725754104
2019-10-08 00:00:00+00:00,-0.006914475850034607
2019-10-09 00:00:00+00:00,0.007780787996999184
2019-10-10 00:00:00+00:00,-0.0003212165074839898
2019-10-11 00:00:00+00:00,0.01056401312278995
2019-10-14 00:00:00+00:00,-0.001596994303666754
2019-10-15 00:00:00+00:00,0.0031863746198680046
2019-10-16 00:00:00+00:00,-0.0028584138553417234
2019-10-17 00:00:00+00:00,0.0048494581967206355
2019-10-18 00:00:00+00:00,-0.0021901446886596117
2019-10-21 00:00:00+00:00,0.004794033429217215
2019-10-22 00:00:00+00:00,0.0026482447588304873
2019-10-23 00:00:00+00:00,-0.001784659456130799
2019-10-24 00:00:00+00:00,0.004980743934378718
2019-10-25 00:00:00+00:00,-0.003924641248612392
2019-10-28 00:00:00+00:00,0.004247076712327902
2019-10-29 00:00:00+00:00,-0.001629350206014379
2019-10-30 00:00:00+00:00,0.0010319637968192134
2019-10-31 00:00:00+00:00,0.0011303092802846474
2019-11-01 00:00:00+00:00,0.004477403254124568
2019-11-04 00:00:00+00:00,0.005811386138731301
2019-11-05 00:00:00+00:00,0.0006824895121436362
2019-11-06 00:00:00+00:00,-0.0008744637115883688
2019-11-07 00:00:00+00:00,0.004596673758715386
2019-11-08 00:00:00+00:00,-0.0018147579970628543
2019-11-11 00:00:00+00:00,-0.005294251850290843
2019-11-12 00:00:00+00:00,0.000771378313801108
2019-11-13 00:00:00+00:00,-0.0038002213922277202
2019-11-14 00:00:00+00:00,-0.002686402587239156
2019-11-15 00:00:00+00:00,0.005102756507925655
2019-11-18 00:00:00+00:00,-0.0015055646948715414
2019-11-19 00:00:00+00:00,0.002653489681593591
2019-11-20 00:00:00+00:00,-0.0026450658662422796
2019-11-21 00:00:00+00:00,-0.0006506706019453242
2019-11-22 00:00:00+00:00,0.002260565003236759
2019-11-25 00:00:00+00:00,0.0034954595729843278
2019-11-26 00:00:00+00:00,8.229676134393656e-05
2019-11-27 00:00:00+00:00,0.0018387915433191963
2019-11-29 00:00:00+00:00,-0.0025445183409053326
2019-12-02 00:00:00+00:00,0.00016965572524904078
2019-12-03 00:00:00+00:00,-0.011968928023549796
2019-12-04 00:00:00+00:00,0.004114490483816591
2019-12-05 00:00:00+00:00,0.0027145337602855982
2019-12-06 00:00:00+00:00,0.006713317693474019
2019-12-09 00:00:00+00:00,-0.0018851071007127459
2019-12-10 00:00:00+00:00,-0.00015066422765628277
2019-12-11 00:00:00+00:00,0.0016255246512549507
2019-12-12 00:00:00+00:00,-0.0007964410150363196
2019-12-13 00:00:00+00:00,-0.0009762172358900641
2019-12-16 00:00:00+00:00,0.005975781938117175
2019-12-17 00:00:00+00:00,0.001002317861264668
2019-12-18 00:00:00+00:00,0.0008026194171677162
2019-12-19 00:00:00+00:00,0.00024340707429001436
2019-12-20 00:00:00+00:00,0.0038405672467631494
2019-12-23 00:00:00+00:00,0.0028110891357053473
2019-12-24 00:00:00+00:00,0.0005373206090273034
2019-12-26 00:00:00+00:00,0.0011561170576599115
2019-12-27 00:00:00+00:00,0.0026925267803302403
2019-12-30 00:00:00+00:00,-0.00041793564842865753
2019-12-31 00:00:00+00:00,-0.0027586733236390267
2020-01-02 00:00:00+00:00,0.006519425380231947
2020-01-03 00:00:00+00:00,-0.012625531722544747
2020-01-06 00:00:00+00:00,-0.007199321261708502
2020-01-07 00:00:00+00:00,-0.0010725039338125072
2020-01-08 00:00:00+00:00,-4.4016810820257364e-05
2020-01-09 00:00:00+00:00,0.0064567270230782795
2020-01-10 00:00:00+00:00,0.002643312286178834
2020-01-13 00:00:00+00:00,0.0028038393044281466
2020-01-14 00:00:00+00:00,-0.0012805870644738478
2020-01-15 00:00:00+00:00,-0.00018023024653949197
2020-01-16 00:00:00+00:00,0.004498691064811234
2020-01-17 00:00:00+00:00,0.0031278849196491824
2020-01-21 00:00:00+00:00,-0.003269400927861465
2020-01-22 00:00:00+00:00,0.0036492607701310246
2020-01-23 00:00:00+00:00,-0.0016617545832959598
2020-01-24 00:00:00+00:00,0.0031229042170531577
2020-01-27 00:00:00+00:00,-0.020322822414712928
2020-01-28 00:00:00+00:00,0.005641628786239828
2020-01-29 00:00:00+00:00,0.00475617230066957
2020-01-30 00:00:00+00:00,-0.006983168713374932
2020-01-31 00:00:00+00:00,0.0007514663223678556
2020-02-03 00:00:00+00:00,0.004659676765271759
2020-02-04 00:00:00+00:00,0.012628586413240129
2020-02-05 00:00:00+00:00,0.01060021139431141
2020-02-06 00:00:00+00:00,0.0025261912570765047
2020-02-07 00:00:00+00:00,-0.004273807334011148
2020-02-10 00:00:00+00:00,-0.003418000961175704
2020-02-11 00:00:00+00:00,0.00466995092308794
2020-02-12 00:00:00+00:00,0.004994056887551246
2020-02-13 00:00:00+00:00,-0.006090733439722584
2020-02-14 00:00:00+00:00,0.0011581745444681716
2020-02-18 00:00:00+00:00,-0.004343533848808678
2020-02-19 00:00:00+00:00,0.00425622815346024
2020-02-20 00:00:00+00:00,-0.0022836805801863865
2020-02-21 00:00:00+00:00,-0.0049881562237586215
2020-02-24 00:00:00+00:00,-0.03445520467352501
2020-02-25 00:00:00+00:00,0.006257994528286204
2020-02-26 00:00:00+00:00,0.005257652249803757
2020-02-27 00:00:00+00:00,-0.022883008375806015
2020-02-28 00:00:00+00:00,-0.032126324721834666
2020-03-02 00:00:00+00:00,0.010474063699939496
2020-03-03 00:00:00+00:00,0.001957428837296849
2020-03-04 00:00:00+00:00,0.018657734108578593
2020-03-05 00:00:00+00:00,-0.02556431029311649
2020-03-06 00:00:00+00:00,-0.03204272095458802
2020-03-09 00:00:00+00:00,-0.07249709707152577
2020-03-10 00:00:00+00:00,0.03815625096144123
2020-03-11 00:00:00+00:00,-0.025343497457696408
2020-03-12 00:00:00+00:00,-0.06738843990591156
2020-03-13 00:00:00+00:00,0.057380835148761654
2020-03-16 00:00:00+00:00,-0.09982872687391994
2020-03-17 00:00:00+00:00,0.02874119795884563
2020-03-18 00:00:00+00:00,-0.061939616685218725
2020-03-19 00:00:00+00:00,-0.004439041151369094
2020-03-20 00:00:00+00:00,0.018347137861101946
2020-03-23 00:00:00+00:00,7.80975075474702e-05
2020-03-24 00:00:00+00:00,0.053142225455190394
2020-03-25 00:00:00+00:00,0.005306052668589601
2020-03-26 00:00:00+00:00,0.009537128330104306
2020-03-27 00:00:00+00:00,-0.028429409537637874
2020-03-30 00:00:00+00:00,0.008947485922368237
2020-03-31 00:00:00+00:00,-0.0032161457345023844
2020-04-01 00:00:00+00:00,-0.034037078606894845
2020-04-02 00:00:00+00:00,-0.005184551783158941
2020-04-03 00:00:00+00:00,-0.0036609184110641176
2020-04-06 00:00:00+00:00,0.03852784997537247
2020-04-07 00:00:00+00:00,0.03233971725699577
2020-04-08 00:00:00+00:00,0.009491979293946707
2020-04-09 00:00:00+00:00,0.01061475293344768
2020-04-13 00:00:00+00:00,-0.004345686529883519
2020-04-14 00:00:00+00:00,0.01969266375897346
2020-04-15 00:00:00+00:00,-0.01923575475018744
2020-04-16 00:00:00+00:00,0.007597715341097733
2020-04-17 00:00:00+00:00,0.01779689835872541
2020-04-20 00:00:00+00:00,-0.011812121096825645
2020-04-21 00:00:00+00:00,-0.013959033795696385
2020-04-22 00:00:00+00:00,0.01969763450443015
2020-04-23 00:00:00+00:00,0.004133372644921274
2020-04-24 00:00:00+00:00,0.0037250876973331185
2020-04-27 00:00:00+00:00,0.008993802817235242
2020-04-28 00:00:00+00:00,0.01069772275959221
2020-04-29 00:00:00+00:00,0.02093669059292088
2020-04-30 00:00:00+00:00,-0.0006890510217052222
2020-05-01 00:00:00+00:00,-0.019271764502507595
2020-05-04 00:00:00+00:00,-0.006932910280090831
2020-05-05 00:00:00+00:00,0.010270632070074249
2020-05-06 00:00:00+00:00,0.006929352309648718
2020-05-07 00:00:00+00:00,0.012294957856753908
2020-05-08 00:00:00+00:00,0.00952619841537058
2020-05-11 00:00:00+00:00,-0.00693693319129488
2020-05-12 00:00:00+00:00,0.003271527726138335
2020-05-13 00:00:00+00:00,-0.00014825426795714829
2020-05-14 00:00:00+00:00,-0.008128052536772989
2020-05-15 00:00:00+00:00,-0.011736799712745582
2020-05-18 00:00:00+00:00,0.01826475478795938
2020-05-19 00:00:00+00:00,-0.0008079423187424602
2020-05-20 00:00:00+00:00,0.012111622177379678
2020-05-21 00:00:00+00:00,-0.00042749122164257273
2020-05-22 00:00:00+00:00,-0.0017433679378983432
2020-05-26 00:00:00+00:00,0.018738920528212875
2020-05-27 00:00:00+00:00,0.004018342616552839
2020-05-28 00:00:00+00:00,-0.001017021728575018
2020-05-29 00:00:00+00:00,-0.0002939884917191657
2020-06-01 00:00:00+00:00,-0.0033783107713592827
2020-06-02 00:00:00+00:00,0.0022760807018300192
2020-06-03 00:00:00+00:00,0.004542592301677606
2020-06-04 00:00:00+00:00,-0.002774146488591622
2020-06-05 00:00:00+00:00,0.011657969740526542
2020-06-08 00:00:00+00:00,0.0007649032800761905
2020-06-09 00:00:00+00:00,-0.006628755893848348
2020-06-10 00:00:00+00:00,0.004278441700132108
2020-06-11 00:00:00+00:00,-0.02036288546579338
2020-06-12 00:00:00+00:00,0.02322309971468458
2020-06-15 00:00:00+00:00,-0.017765497279241906
2020-06-16 00:00:00+00:00,0.023961327377301576
2020-06-17 00:00:00+00:00,0.004664824852133787
2020-06-18 00:00:00+00:00,-0.0036245858116692228
2020-06-19 00:00:00+00:00,0.01076493449057977
2020-06-22 00:00:00+00:00,-0.0016322974320767455
2020-06-23 00:00:00+00:00,0.007663581836271105
2020-06-24 00:00:00+00:00,-0.005408389091009635
2020-06-25 00:00:00+00:00,-0.0011347253871815451
2020-06-26 00:00:00+00:00,-0.0027439950668990184
2020-06-29 00:00:00+00:00,0.001445787983809366
2020-06-30 00:00:00+00:00,-0.0012157800080613065
2020-07-01 00:00:00+00:00,0.0017427986779020247
2020-07-02 00:00:00+00:00,0.010740205342224607
2020-07-06 00:00:00+00:00,0.012792967449644277
2020-07-07 00:00:00+00:00,-0.0034367098539503146
2020-07-08 00:00:00+00:00,0.0036919371670449345
2020-07-09 00:00:00+00:00,0.004551539921538528
2020-07-10 00:00:00+00:00,-0.0006972054589420625
2020-07-13 00:00:00+00:00,0.009267479648901922
2020-07-14 00:00:00+00:00,-0.007793255353634376
2020-07-15 00:00:00+00:00,0.007975140155559524
2020-07-16 00:00:00+00:00,-0.009019488983520152
2020-07-17 00:00:00+00:00,0.002305788110805696
2020-07-20 00:00:00+00:00,0.0005213039090746999
2020-07-21 00:00:00+00:00,0.0060199550318226994
2020-07-22 00:00:00+00:00,6.598185300246169e-05
2020-07-23 00:00:00+00:00,-0.001689190180142663
2020-07-24 00:00:00+00:00,-0.011105245095699412
2020-07-27 00:00:00+00:00,0.004194711500293125
2020-07-28 00:00:00+00:00,-0.003079096129661318
2020-07-29 00:00:00+00:00,0.004274826782697938
2020-07-30 00:00:00+00:00,-0.009159735438554062
2020-07-31 00:00:00+00:00,0.01184687279073623
2020-08-03 00:00:00+00:00,0.006613835325836004
2020-08-04 00:00:00+00:00,-0.0026795650529970235
2020-08-05 00:00:00+00:00,0.002760581502457027
2020-08-06 00:00:00+00:00,-0.0016172208232121173
2020-08-07 00:00:00+00:00,-0.0028900528582171178
2020-08-10 00:00:00+00:00,0.0009847598695293617
2020-08-11 00:00:00+00:00,-0.000612385276407534
2020-08-12 00:00:00+00:00,0.00787102679474968
2020-08-13 00:00:00+00:00,-5.8683206447729104e-05
2020-08-14 00:00:00+00:00,0.0002509962328725249
2020-08-17 00:00:00+00:00,0.0045846384718785885
2020-08-18 00:00:00+00:00,0.002333785672412792
2020-08-19 00:00:00+00:00,0.00023343765735380802
2020-08-20 00:00:00+00:00,-0.004557623453742421
2020-08-21 00:00:00+00:00,-0.00047471768568699805
2020-08-24 00:00:00+00:00,0.009584066163780902
2020-08-25 00:00:00+00:00,-0.0008210227601771255
2020-08-26 00:00:00+00:00,0.002886270993975615
2020-08-27 00:00:00+00:00,0.0027817526891321335
2020-08-28 00:00:00+00:00,0.003492220146468517
2020-08-31 00:00:00+00:00,0.0002953271190735632
2020-09-01 00:00:00+00:00,0.005633975145074877
2020-09-02 00:00:00+00:00,0.00823687504576972
2020-09-03 00:00:00+00:00,-0.010553945188654356
2020-09-04 00:00:00+00:00,-0.0024469095159662443
2020-09-08 00:00:00+00:00,-0.028882676567369016
2020-09-09 00:00:00+00:00,0.016751163061345796
2020-09-10 00:00:00+00:00,0.00819311172457301
2020-09-11 00:00:00+00:00,0.00591319203888393
2020-09-14 00:00:00+00:00,0.012062646613080397
2020-09-15 00:00:00+00:00,0.010661779844290809
2020-09-16 00:00:00+00:00,0.003138824958889697
2020-09-17 00:00:00+00:00,-0.02091668902923497
2020-09-18 00:00:00+00:00,0.0037177067212263663
2020-09-21 00:00:00+00:00,-0.016028833119736276
2020-09-22 00:00:00+00:00,0.006781712739550716
2020-09-23 00:00:00+00:00,2.880473020017442e-06
2020-09-24 00:00:00+00:00,-0.007743670397780877
2020-09-25 00:00:00+00:00,-0.0007422383993025191
2020-09-28 00:00:00+00:00,0.015772220333174013
2020-09-29 00:00:00+00:00,-0.0016751386225958616
2020-09-30 00:00:00+00:00,0.0011452145315104748
2020-10-01 00:00:00+00:00,0.01098890083153511
2020-10-02 00:00:00+00:00,-0.019257947416611222
2020-10-05 00:00:00+00:00,0.00672500103864423
2020-10-06 00:00:00+00:00,-0.0013463525732114508
2020-10-07 00:00:00+00:00,0.009422850221587809
2020-10-08 00:00:00+00:00,0.007196487695768495
2020-10-09 00:00:00+00:00,0.005309313148951745
2020-10-12 00:00:00+00:00,0.012120031559972289
2020-10-13 00:00:00+00:00,0.0026446048482518195
2020-10-14 00:00:00+00:00,0.001994654193437218
2020-10-15 00:00:00+00:00,-0.01468482350834347
2020-10-16 00:00:00+00:00,0.004730746628776117
2020-10-19 00:00:00+00:00,0.005089374913150058
2020-10-20 00:00:00+00:00,0.003158817463591335
2020-10-21 00:00:00+00:00,8.429587981470006e-05
2020-10-22 00:00:00+00:00,0.0015484061933272678
2020-10-23 00:00:00+00:00,0.0026534285119875437
2020-10-26 00:00:00+00:00,-0.00972201081428129
2020-10-27 00:00:00+00:00,0.0020814853436069373
2020-10-28 00:00:00+00:00,-0.017573007048535462
2020-10-29 00:00:00+00:00,0.0025858018655856244
2020-10-30 00:00:00+00:00,-0.006584243360579422
2020-11-02 00:00:00+00:00,0.009888641412892996
2020-11-03 00:00:00+00:00,0.00865161654684462
2020-11-04 00:00:00+00:00,0.02316240759672391
2020-11-05 00:00:00+00:00,0.019532595602262913
2020-11-06 00:00:00+00:00,-0.0018976104528445666
2020-11-09 00:00:00+00:00,0.024578808598860268
2020-11-10 00:00:00+00:00,-0.0077342557299922895
2020-11-11 00:00:00+00:00,0.007637354431111543
2020-11-12 00:00:00+00:00,-0.00010237120287329675
2020-11-13 00:00:00+00:00,0.005684822805952916
2020-11-16 00:00:00+00:00,0.00318831786824505
2020-11-17 00:00:00+00:00,-0.0035446860975287594
2020-11-18 00:00:00+00:00,-0.000872823779205811
2020-11-19 00:00:00+00:00,-0.0022362287832240254
2020-11-20 00:00:00+00:00,-0.0008285196800748348
2020-11-23 00:00:00+00:00,0.004217537157670226
2020-11-24 00:00:00+00:00,0.005440437368069951
2020-11-25 00:00:00+00:00,0.001444121670693044
2020-11-27 00:00:00+00:00,0.004752513086996835
2020-11-30 00:00:00+00:00,-0.000903220836707996
2020-12-01 00:00:00+00:00,0.008469051641344006
2020-12-02 00:00:00+00:00,-0.003932842925463897
2020-12-03 00:00:00+00:00,7.651007688438434e-05
2020-12-04 00:00:00+00:00,0.0006413445762318507
2020-12-07 00:00:00+00:00,-0.0011113686357352767
2020-12-08 00:00:00+00:00,-0.0029532357647358617
2020-12-09 00:00:00+00:00,0.00030232340495680606
2020-12-10 00:00:00+00:00,-0.005801933307766493
2020-12-11 00:00:00+00:00,-0.005621367039713198
2020-12-14 00:00:00+00:00,0.004931744809841343
2020-12-15 00:00:00+00:00,0.007288512423862381
2020-12-16 00:00:00+00:00,0.0006780907098436709
2020-12-17 00:00:00+00:00,0.004760846239204109
2020-12-18 00:00:00+00:00,0.0011794840801480858
2020-12-21 00:00:00+00:00,-0.010911500299321563
2020-12-22 00:00:00+00:00,0.0016809246509200352
2020-12-23 00:00:00+00:00,0.0011967388037112617
2020-12-24 00:00:00+00:00,0.0008318104963936594
2020-12-28 00:00:00+00:00,0.007757437568559922
2020-12-29 00:00:00+00:00,0.004094186240924913
2020-12-30 00:00:00+00:00,0.002801598834221342
2020-12-31 00:00:00+00:00,-0.0007419997606431857
2021-01-04 00:00:00+00:00,0.003795510396942781
2021-01-05 00:00:00+00:00,-0.0028841189802311425
2021-01-06 00:00:00+00:00,-0.01027331486710712
2021-01-07 00:00:00+00:00,0.0075680243748007196
2021-01-08 00:00:00+00:00,0.005411273405726192
2021-01-11 00:00:00+00:00,-0.00955202054361468
2021-01-12 00:00:00+00:00,2.7612182933756406e-05
2021-01-13 00:00:00+00:00,2.430927470178397e-05
2021-01-14 00:00:00+00:00,0.0014809647024843445
2021-01-15 00:00:00+00:00,-0.0029485845336209345
2021-01-19 00:00:00+00:00,0.007045377449134549
2021-01-20 00:00:00+00:00,0.008842495304301779
2021-01-21 00:00:00+00:00,0.0026127400786891356
2021-01-22 00:00:00+00:00,-0.004528876753353872
2021-01-25 00:00:00+00:00,0.006094064658195142
2021-01-26 00:00:00+00:00,0.002154407794508118
2021-01-27 00:00:00+00:00,-0.00849643239703055
2021-01-28 00:00:00+00:00,0.004244966593311717
2021-01-29 00:00:00+00:00,-0.00565571437604615
2021-02-01 00:00:00+00:00,0.010274322226896915
2021-02-02 00:00:00+00:00,0.008990458217998343
2021-02-03 00:00:00+00:00,0.004131625160141173
2021-02-04 00:00:00+00:00,0.0033594737752496665
2021-02-05 00:00:00+00:00,0.0037861869308760347
2021-02-08 00:00:00+00:00,0.004337075052555395
2021-02-09 00:00:00+00:00,-0.0028908392227595444
2021-02-10 00:00:00+00:00,0.004314441654338664
2021-02-11 00:00:00+00:00,0.003561174762805564
2021-02-12 00:00:00+00:00,-0.0027005490969731812
2021-02-16 00:00:00+00:00,0.0025992475928185658
2021-02-17 00:00:00+00:00,-0.007270696067453708
2021-02-18 00:00:00+00:00,-0.009408021227199337
2021-02-19 00:00:00+00:00,0.0035180914730452376
2021-02-22 00:00:00+00:00,-0.01093493527010878
2021-02-23 00:00:00+00:00,-0.011797400287413584
2021-02-24 00:00:00+00:00,-0.006071306877981774
2021-02-25 00:00:00+00:00,-0.006262213670695493
2021-02-26 00:00:00+00:00,0.007168344570034424
2021-03-01 00:00:00+00:00,0.014740336130088594
2021-03-02 00:00:00+00:00,0.001027833012120805
2021-03-03 00:00:00+00:00,-0.003044442850615203
2021-03-04 00:00:00+00:00,-0.0011770560032773655
2021-03-05 00:00:00+00:00,0.00913006899355936
2021-03-08 00:00:00+00:00,0.0001353068826214446
2021-03-09 00:00:00+00:00,0.01766225203159929
2021-03-10 00:00:00+00:00,0.009994948496443634
2021-03-11 00:00:00+00:00,0.01096587984127303
2021-03-12 00:00:00+00:00,-0.008726565336666636
2021-03-15 00:00:00+00:00,0.0005656920042605654
2021-03-16 00:00:00+00:00,0.004076606091099022
2021-03-17 00:00:00+00:00,-0.006924437689420892
2021-03-18 00:00:00+00:00,-0.011612167236662618
2021-03-19 00:00:00+00:00,-0.0009849008223034913
2021-03-22 00:00:00+00:00,0.004346749270642681
2021-03-23 00:00:00+00:00,0.0005919237307104534
2021-03-24 00:00:00+00:00,0.003847988700946237
2021-03-25 00:00:00+00:00,-0.005333152284511344
2021-03-26 00:00:00+00:00,0.0009247203349127212
2021-03-29 00:00:00+00:00,-0.0031651696003283988
2021-03-30 00:00:00+00:00,-0.005215285220877308
2021-03-31 00:00:00+00:00,0.0033994440216742142
2021-04-01 00:00:00+00:00,0.008484635500164062
2021-04-05 00:00:00+00:00,0.007200609833884009
2021-04-06 00:00:00+00:00,-0.0015214490209833672
2021-04-07 00:00:00+00:00,-0.0012622480908482166
2021-04-08 00:00:00+00:00,0.0057806464638950564
2021-04-09 00:00:00+00:00,-0.0025479070513680143
2021-04-12 00:00:00+00:00,-0.002664736172775772
2021-04-13 00:00:00+00:00,0.0018980951795428917
2021-04-14 00:00:00+00:00,3.058530867191574e-05
2021-04-15 00:00:00+00:00,0.0068807932811055465
2021-04-16 00:00:00+00:00,0.0021496957928356045
2021-04-19 00:00:00+00:00,-0.003866568070323961
2021-04-20 00:00:00+00:00,-0.0028687594688959536
2021-04-21 00:00:00+00:00,-0.003062523678862927
2021-04-22 00:00:00+00:00,-0.0011058249212468115
2021-04-23 00:00:00+00:00,0.0013972855028278833
2021-04-26 00:00:00+00:00,0.0009080383281923846
2021-04-27 00:00:00+00:00,0.0005223996037168836
2021-04-28 00:00:00+00:00,-0.000452842417403487
2021-04-29 00:00:00+00:00,0.008168386379777204
2021-04-30 00:00:00+00:00,-0.006895671034525796
2021-05-03 00:00:00+00:00,0.004086377461956248
2021-05-04 00:00:00+00:00,-0.006758143848491193
2021-05-05 00:00:00+00:00,0.005012981958342733
2021-05-06 00:00:00+00:00,-0.0006141086185615149
2021-05-07 00:00:00+00:00,0.004992023665506962
2021-05-10 00:00:00+00:00,-0.001974461748315925
2021-05-11 00:00:00+00:00,-0.01539154717550959
2021-05-12 00:00:00+00:00,-0.011704945596521554
2021-05-13 00:00:00+00:00,0.006527890538568471
2021-05-14 00:00:00+00:00,0.008375089743755304
2021-05-17 00:00:00+00:00,-0.00442453600666518
2021-05-18 00:00:00+00:00,0.0015475272581988112
2021-05-19 00:00:00+00:00,-0.015020819801674056
2021-05-20 00:00:00+00:00,0.003215424310066906
2021-05-21 00:00:00+00:00,0.004047190292820491
2021-05-24 00:00:00+00:00,0.006200411340601531
2021-05-25 00:00:00+00:00,0.0034293438109762268
2021-05-26 00:00:00+00:00,0.0014893013121289548
2021-05-27 00:00:00+00:00,0.00032410614433239256
2021-05-28 00:00:00+00:00,0.003566054604203084
2021-06-01 00:00:00+00:00,0.004762960389923932
2021-06-02 00:00:00+00:00,0.0011799217549185118
2021-06-03 00:00:00+00:00,-0.007628358964059478
2021-06-04 00:00:00+00:00,0.004867273996123822
2021-06-07 00:00:00+00:00,-0.0011314339332945452
2021-06-08 00:00:00+00:00,0.0034632779600541567
2021-06-09 00:00:00+00:00,0.002859069613108856
2021-06-10 00:00:00+00:00,0.0017731867570291663
2021-06-11 00:00:00+00:00,0.00041088181704337397
2021-06-14 00:00:00+00:00,0.0004862409892984701
2021-06-15 00:00:00+00:00,-0.0006346085835618794
2021-06-16 00:00:00+00:00,0.0005782233369202253
2021-06-17 00:00:00+00:00,-0.0023462978836758294
2021-06-18 00:00:00+00:00,-0.006941379719669771
2021-06-21 00:00:00+00:00,0.002253363759297822
2021-06-22 00:00:00+00:00,-0.0006168150623040766
2021-06-23 00:00:00+00:00,-0.0002915026418792485
2021-06-24 00:00:00+00:00,0.0052706091286762406
2021-06-25 00:00:00+00:00,0.001469845164134809
2021-06-28 00:00:00+00:00,0.0022449931733196874
2021-06-29 00:00:00+00:00,-7.490435546600975e-05
2021-06-30 00:00:00+00:00,-0.0010983655771112152
2021-07-01 00:00:00+00:00,0.00013831699152918627
2021-07-02 00:00:00+00:00,0.0038903624752339664
2021-07-06 00:00:00+00:00,0.0006334555391868894
2021-07-07 00:00:00+00:00,0.0036802877175824093
2021-07-08 00:00:00+00:00,-0.014053841362773134
2021-07-09 00:00:00+00:00,0.0007318226945867371
2021-07-12 00:00:00+00:00,0.0015911652420901538
2021-07-13 00:00:00+00:00,-0.001799049031152555
2021-07-14 00:00:00+00:00,0.005102461762636368
2021-07-15 00:00:00+00:00,-0.002062966134027599
2021-07-16 00:00:00+00:00,0.0023696486871423676
2021-07-19 00:00:00+00:00,-0.011233367806033156
2021-07-20 00:00:00+00:00,0.0018887724932168063
2021-07-21 00:00:00+00:00,0.0005715125246885892
2021-07-22 00:00:00+00:00,0.00020900060354941437
2021-07-23 00:00:00+00:00,0.003933704564245544
2021-07-26 00:00:00+00:00,-0.0019803034994445353
2021-07-27 00:00:00+00:00,-0.0019247960359423995
2021-07-28 00:00:00+00:00,0.0020683657017800065
2021-07-29 00:00:00+00:00,3.527405245514788e-05
2021-07-30 00:00:00+00:00,-0.00892092169464329
2021-08-02 00:00:00+00:00,0.004131919254593519
2021-08-03 00:00:00+00:00,0.0016037395611949393
2021-08-04 00:00:00+00:00,-0.0019073958665723808
2021-08-05 00:00:00+00:00,0.0022558961702877304
2021-08-06 00:00:00+00:00,-0.0016737599923605014
2021-08-09 00:00:00+00:00,0.00030463029165880314
2021-08-10 00:00:00+00:00,0.0009615984885838706
2021-08-11 00:00:00+00:00,0.0027594731092229433
2021-08-12 00:00:00+00:00,-0.001190205599567373
2021-08-13 00:00:00+00:00,0.0007291370992233651
2021-08-16 00:00:00+00:00,-0.0034176911641495607
2021-08-17 00:00:00+00:00,-0.0071888681083899005
2021-08-18 00:00:00+00:00,-0.002268074112488005
2021-08-19 00:00:00+00:00,-0.006359921249470801
2021-08-20 00:00:00+00:00,0.0016316971824000496
2021-08-23 00:00:00+00:00,0.003184794621634757
2021-08-24 00:00:00+00:00,0.0013108812145112506
2021-08-25 00:00:00+00:00,0.00027052624669806653
2021-08-26 00:00:00+00:00,-0.0018081061575541454
2021-08-27 00:00:00+00:00,0.0015361484648091731
2021-08-30 00:00:00+00:00,0.0015766128907410363
2021-08-31 00:00:00+00:00,-8.184397796582281e-05
2021-09-01 00:00:00+00:00,0.0022415488911534335
2021-09-02 00:00:00+00:00,0.0032085122046932816
2021-09-03 00:00:00+00:00,-0.003185913902113457
2021-09-07 00:00:00+00:00,-0.0005642993123783132
2021-09-08 00:00:00+00:00,-0.0011668602776145117
2021-09-09 00:00:00+00:00,-0.00023092904565006315
2021-09-10 00:00:00+00:00,0.004313369660838029
2021-09-13 00:00:00+00:00,0.006478381115319143
2021-09-14 00:00:00+00:00,0.0034570134794615574
2021-09-15 00:00:00+00:00,0.0008327217112143685
2021-09-16 00:00:00+00:00,-0.00273695516004383
2021-09-17 00:00:00+00:00,-0.0018696864493373596
2021-09-20 00:00:00+00:00,-0.015660712510171627
2021-09-21 00:00:00+00:00,0.005138884409442402
2021-09-22 00:00:00+00:00,0.003774075007207245
2021-09-23 00:00:00+00:00,0.0035822914399170295
2021-09-24 00:00:00+00:00,-0.005386531537217165
2021-09-27 00:00:00+00:00,-0.005730961383550037
2021-09-28 00:00:00+00:00,-0.009950656419109615
2021-09-29 00:00:00+00:00,0.0032008562729972326
2021-09-30 00:00:00+00:00,0.0038587843059208708
2021-10-01 00:00:00+00:00,0.002737908899034214
2021-10-04 00:00:00+00:00,-0.004032310257420823
2021-10-05 00:00:00+00:00,0.003112074916090524
2021-10-06 00:00:00+00:00,-0.00933869604353158
2021-10-07 00:00:00+00:00,0.008063524049872062
2021-10-08 00:00:00+00:00,0.0021637955395728773
2021-10-11 00:00:00+00:00,-0.0032867065640652445
2021-10-12 00:00:00+00:00,0.002906003470809904
2021-10-13 00:00:00+00:00,0.004274782984065995
2021-10-14 00:00:00+00:00,0.009305810853930974
2021-10-15 00:00:00+00:00,0.003947259412667792
2021-10-18 00:00:00+00:00,-0.004233139677141095
2021-10-19 00:00:00+00:00,0.0031101237076045177
2021-10-20 00:00:00+00:00,0.0008696036223194373
2021-10-21 00:00:00+00:00,-0.002100695350853032
2021-10-22 00:00:00+00:00,-0.002516655172907478
2021-10-25 00:00:00+00:00,0.002931327741822776
2021-10-26 00:00:00+00:00,0.004553813508353344
2021-10-27 00:00:00+00:00,0.000844033372556641
2021-10-28 00:00:00+00:00,0.003939974276102232
2021-10-29 00:00:00+00:00,-0.007084973838169672
2021-11-01 00:00:00+00:00,0.0014258811669230712
2021-11-02 00:00:00+00:00,-0.0009173017901051069
2021-11-03 00:00:00+00:00,-0.00030689228404476824
2021-11-04 00:00:00+00:00,0.0020417001637147107
2021-11-05 00:00:00+00:00,0.0045232152578028265
2021-11-08 00:00:00+00:00,0.000910933115984747
2021-11-09 00:00:00+00:00,0.0014974944910836844
2021-11-10 00:00:00+00:00,-0.005830223813909163
2021-11-11 00:00:00+00:00,0.005342621718986551
2021-11-12 00:00:00+00:00,0.002666055333334383
2021-11-15 00:00:00+00:00,0.0026988008568642145
2021-11-16 00:00:00+00:00,-0.0015498682886584732
2021-11-17 00:00:00+00:00,-0.00018310008874442533
2021-11-18 00:00:00+00:00,0.0035154171200880383
2021-11-19 00:00:00+00:00,0.001663112258052957
2021-11-22 00:00:00+00:00,0.0037881748790218
2021-11-23 00:00:00+00:00,-0.0021643033026904953
2021-11-24 00:00:00+00:00,-0.005782451767798935
2021-11-26 00:00:00+00:00,-0.011184998400559065
2021-11-29 00:00:00+00:00,0.011250202497876305
2021-11-30 00:00:00+00:00,-0.004236491602391456
2021-12-01 00:00:00+00:00,0.012035448243862124
2021-12-02 00:00:00+00:00,-0.001749429993413187
2021-12-03 00:00:00+00:00,0.003430052871301348
2021-12-06 00:00:00+00:00,0.0033409349287362947
2021-12-07 00:00:00+00:00,0.014667408674106952
2021-12-08 00:00:00+00:00,0.000575788905630004
2021-12-09 00:00:00+00:00,-0.0033353927199473495
2021-12-10 00:00:00+00:00,0.0064577242606364774
2021-12-13 00:00:00+00:00,-0.0008966727723529796
2021-12-14 00:00:00+00:00,-0.010351698204154413
2021-12-15 00:00:00+00:00,-0.0005701063302439354
2021-12-16 00:00:00+00:00,0.003039739826492272
2021-12-17 00:00:00+00:00,-0.008351101280469708
2021-12-20 00:00:00+00:00,-0.012467334699157595
2021-12-21 00:00:00+00:00,0.008102035814134345
2021-12-22 00:00:00+00:00,-0.0009765897980761103
2021-12-23 00:00:00+00:00,0.0012899350280321745
2021-12-27 00:00:00+00:00,0.0029266250711003864
2021-12-28 00:00:00+00:00,0.0013220021495577664
2021-12-29 00:00:00+00:00,-1.0398138709876977e-05
2021-12-30 00:00:00+00:00,-0.0001026664599484192
2021-12-31 00:00:00+00:00,-0.0017077348014452372
2022-01-03 00:00:00+00:00,0.0026187294439894097
2022-01-04 00:00:00+00:00,0.001977520421693602
2022-01-05 00:00:00+00:00,-0.0028900078608935283
2022-01-06 00:00:00+00:00,-0.0032560431637373207
2022-01-07 00:00:00+00:00,-0.000276415511326544
2022-01-10 00:00:00+00:00,-0.010570621848936179
2022-01-11 00:00:00+00:00,-0.0015873761801401317
2022-01-12 00:00:00+00:00,0.005079829628978317
2022-01-13 00:00:00+00:00,0.0027749728107257735
2022-01-14 00:00:00+00:00,-0.007324025943468848
2022-01-18 00:00:00+00:00,-0.013513213498998455
2022-01-19 00:00:00+00:00,0.003655322680477713
2022-01-20 00:00:00+00:00,0.006429651029928729
2022-01-21 00:00:00+00:00,-0.004742124987213414
2022-01-24 00:00:00+00:00,-0.015310067837036345
2022-01-25 00:00:00+00:00,-0.017390190082692804
2022-01-26 00:00:00+00:00,0.01819338451854121
2022-01-27 00:00:00+00:00,0.012338895692211993
2022-01-28 00:00:00+00:00,0.0041987603768736895
2022-01-31 00:00:00+00:00,0.000886358664457099
2022-02-01 00:00:00+00:00,0.00245642527690656
2022-02-02 00:00:00+00:00,0.00831478543675498
2022-02-03 00:00:00+00:00,-0.020811380660315217
2022-02-04 00:00:00+00:00,0.00016964647228509018
2022-02-07 00:00:00+00:00,0.0014545809670297397
2022-02-08 00:00:00+00:00,-0.002539880032536834
2022-02-09 00:00:00+00:00,0.010905964585005002
2022-02-10 00:00:00+00:00,-0.016905595830649968
2022-02-11 00:00:00+00:00,-0.00019980954638435493
2022-02-14 00:00:00+00:00,-0.0017341532456224603
2022-02-15 00:00:00+00:00,0.012863058576011633
2022-02-16 00:00:00+00:00,-0.0059754660881021545
2022-02-17 00:00:00+00:00,-0.008718470172805725
2022-02-18 00:00:00+00:00,0.0013982703030127278
2022-02-22 00:00:00+00:00,-0.007415953200244052
2022-02-23 00:00:00+00:00,0.008088355149642757
2022-02-24 00:00:00+00:00,-0.02931021091601508
2022-02-25 00:00:00+00:00,0.00243348487754177
2022-02-28 00:00:00+00:00,-0.011547661663734698
2022-03-01 00:00:00+00:00,-0.0036344414313564718
2022-03-02 00:00:00+00:00,0.004807224597368232
2022-03-03 00:00:00+00:00,0.0065482529722281305
2022-03-04 00:00:00+00:00,-0.008379590400584313
2022-03-07 00:00:00+00:00,-0.001032106313292291
2022-03-08 00:00:00+00:00,-0.00132008885155197
2022-03-09 00:00:00+00:00,0.0233675399318782
2022-03-10 00:00:00+00:00,-0.01224461307134953
2022-03-11 00:00:00+00:00,0.007405992844721732
2022-03-14 00:00:00+00:00,-0.0012814598276656205
2022-03-15 00:00:00+00:00,0.0072800132485822625
2022-03-16 00:00:00+00:00,0.010189876741188176
2022-03-17 00:00:00+00:00,-0.0054951445857730815
2022-03-18 00:00:00+00:00,-0.004705448529640754
2022-03-21 00:00:00+00:00,-0.0017214383064516944
2022-03-22 00:00:00+00:00,0.0020822716455953464
2022-03-23 00:00:00+00:00,-0.0074125709197522035
2022-03-24 00:00:00+00:00,0.0049105899722003635
2022-03-25 00:00:00+00:00,0.00036041980399766945
2022-03-28 00:00:00+00:00,-0.0010099708164759465
2022-03-29 00:00:00+00:00,0.00967457961944459
2022-03-30 00:00:00+00:00,-0.004183607185220739
2022-03-31 00:00:00+00:00,-0.0009785786030008566
2022-04-01 00:00:00+00:00,0.0019213502788031026
2022-04-04 00:00:00+00:00,0.0011198815999696413
2022-04-05 00:00:00+00:00,-0.004046763215890014
2022-04-06 00:00:00+00:00,-0.012435935454059443
2022-04-07 00:00:00+00:00,-0.00278492729748917
2022-04-08 00:00:00+00:00,-0.0037048202497301005
2022-04-11 00:00:00+00:00,-0.010380303590439266
2022-04-12 00:00:00+00:00,0.010434574445772194
2022-04-13 00:00:00+00:00,-8.106957095103089e-05
2022-04-14 00:00:00+00:00,0.0001005037782131016
2022-04-18 00:00:00+00:00,-0.0030148499218275223
2022-04-19 00:00:00+00:00,-0.0013999691001248867
2022-04-20 00:00:00+00:00,0.0030105840615572647
2022-04-21 00:00:00+00:00,0.009838550245773148
2022-04-22 00:00:00+00:00,-0.0013732302298781526
2022-04-25 00:00:00+00:00,-0.005647562093277192
2022-04-26 00:00:00+00:00,-0.0066280798118351966
2022-04-27 00:00:00+00:00,0.0012273372231233707
2022-04-28 00:00:00+00:00,0.013749868132666954
2022-04-29 00:00:00+00:00,-0.01180195373659385
2022-05-02 00:00:00+00:00,-0.0008854530293368242
2022-05-03 00:00:00+00:00,0.0003707534098897572
2022-05-04 00:00:00+00:00,0.0013090151575377521
2022-05-05 00:00:00+00:00,-0.012276097518537954
2022-05-06 00:00:00+00:00,-0.0068490679197210965
2022-05-09 00:00:00+00:00,-0.01721379380654762
2022-05-10 00:00:00+00:00,0.020020464824421512
2022-05-11 00:00:00+00:00,-0.0054348537409312
2022-05-12 00:00:00+00:00,-0.01212422504902575
2022-05-13 00:00:00+00:00,0.01311751712860828
2022-05-16 00:00:00+00:00,-0.005430009781652234
2022-05-17 00:00:00+00:00,0.017817258329331086
2022-05-18 00:00:00+00:00,-0.013763334856593845
2022-05-19 00:00:00+00:00,-0.007611342374186958
2022-05-20 00:00:00+00:00,0.0106953199932471
2022-05-23 00:00:00+00:00,0.0056596920735351944
2022-05-24 00:00:00+00:00,-0.01490706556038005
2022-05-25 00:00:00+00:00,-0.00496899505837981
2022-05-26 00:00:00+00:00,-7.189063276922229e-05
2022-05-27 00:00:00+00:00,0.008269341003289321
2022-05-31 00:00:00+00:00,-0.0024074127362510352
2022-06-01 00:00:00+00:00,0.005964429345898992
2022-06-02 00:00:00+00:00,-0.0023866563519715275
2022-06-03 00:00:00+00:00,-0.014786521415237208
2022-06-06 00:00:00+00:00,0.012293712863844364
2022-06-07 00:00:00+00:00,-0.01033022919526364
2022-06-08 00:00:00+00:00,-0.0037999225598678073
2022-06-09 00:00:00+00:00,-0.0053976715138486005
2022-06-10 00:00:00+00:00,-0.01807314154606974
2022-06-13 00:00:00+00:00,-0.028798175427092433
2022-06-14 00:00:00+00:00,0.006251504599781599
2022-06-15 00:00:00+00:00,0.010728064430680051
2022-06-16 00:00:00+00:00,-0.024505733261473796
2022-06-17 00:00:00+00:00,0.0017539743858360993
2022-06-21 00:00:00+00:00,0.01630631849601668
2022-06-22 00:00:00+00:00,-0.010786086174726517
2022-06-23 00:00:00+00:00,0.007229653565587657
2022-06-24 00:00:00+00:00,0.009190068643800531
2022-06-27 00:00:00+00:00,0.003302514469671192
2022-06-28 00:00:00+00:00,0.002750580725572627
2022-06-29 00:00:00+00:00,0.00021484398355139407
2022-06-30 00:00:00+00:00,-0.011063370663387395
2022-07-01 00:00:00+00:00,-0.003587139721392329
2022-07-05 00:00:00+00:00,-0.014099594225852307
2022-07-06 00:00:00+00:00,0.000575870122614142
2022-07-07 00:00:00+00:00,0.0035766908176633975
2022-07-08 00:00:00+00:00,-0.007426454955493966
2022-07-11 00:00:00+00:00,-0.008109228569471471
2022-07-12 00:00:00+00:00,0.0011593957485967702
2022-07-13 00:00:00+00:00,-0.017674871420393902
2022-07-14 00:00:00+00:00,-0.011845664129112343
2022-07-15 00:00:00+00:00,0.011176277515721778
2022-07-18 00:00:00+00:00,0.008801494092311091
2022-07-19 00:00:00+00:00,0.011516237449987055
2022-07-20 00:00:00+00:00,0.0006756569790509984
2022-07-21 00:00:00+00:00,-0.00029691862448558674
2022-07-22 00:00:00+00:00,-0.0016823965344018085
2022-07-25 00:00:00+00:00,0.0005850955290360397
2022-07-26 00:00:00+00:00,-0.005384233807478633
2022-07-27 00:00:00+00:00,0.012070686115857788
2022-07-28 00:00:00+00:00,0.00040142916509574607
2022-07-29 00:00:00+00:00,0.004109103958470828
2022-08-01 00:00:00+00:00,-0.006615563169956739
2022-08-02 00:00:00+00:00,-0.006035305871035601
2022-08-03 00:00:00+00:00,0.005180728467573748
2022-08-04 00:00:00+00:00,-0.00027268605455469356
2022-08-05 00:00:00+00:00,-0.013774908021651133
2022-08-08 00:00:00+00:00,0.003313285057040616
2022-08-09 00:00:00+00:00,-0.004256691473253837
2022-08-10 00:00:00+00:00,0.02057375351076881
2022-08-11 00:00:00+00:00,0.006922627440143459
2022-08-12 00:00:00+00:00,0.005368459961200134
2022-08-15 00:00:00+00:00,-0.004495570001649607
2022-08-16 00:00:00+00:00,-0.003118687341332615
2022-08-17 00:00:00+00:00,-0.009540488237584499
2022-08-18 00:00:00+00:00,-0.00012990162289941957
2022-08-19 00:00:00+00:00,-0.008422814086881092
2022-08-22 00:00:00+00:00,-0.013081009470486215
2022-08-23 00:00:00+00:00,-0.0012258590764777973
2022-08-24 00:00:00+00:00,-0.0013711055525895462
2022-08-25 00:00:00+00:00,0.0044863167679742525
2022-08-26 00:00:00+00:00,-0.0009109644196544694
2022-08-29 00:00:00+00:00,-0.008722783022805857
2022-08-30 00:00:00+00:00,0.003990935696991349
2022-08-31 00:00:00+00:00,0.006793010644100839
2022-09-01 00:00:00+00:00,-0.00745787803173612
2022-09-02 00:00:00+00:00,0.009478219076739703
2022-09-06 00:00:00+00:00,0.0016647680427434811
2022-09-07 00:00:00+00:00,0.00011383478580842017
2022-09-08 00:00:00+00:00,-0.006849850082756492
2022-09-09 00:00:00+00:00,0.006490676229481041
2022-09-12 00:00:00+00:00,0.0046764762010000575
2022-09-13 00:00:00+00:00,-0.02580509606582413
2022-09-14 00:00:00+00:00,0.0034342406056551925
2022-09-15 00:00:00+00:00,-0.0056884520917127365
2022-09-16 00:00:00+00:00,-0.01174744895910521
2022-09-19 00:00:00+00:00,-0.009255815789905064
2022-09-20 00:00:00+00:00,-0.00918877411108846
2022-09-21 00:00:00+00:00,0.0038187398724364944
2022-09-22 00:00:00+00:00,-0.00412372382650159
2022-09-23 00:00:00+00:00,-0.009662523412697832
2022-09-26 00:00:00+00:00,-0.0032637782516614974
2022-09-27 00:00:00+00:00,0.011060529661321728
2022-09-28 00:00:00+00:00,0.0010397359355238337
2022-09-29 00:00:00+00:00,-0.012607203352542262
2022-09-30 00:00:00+00:00,-0.0032091599922134725
2022-10-03 00:00:00+00:00,0.008545316204011966
2022-10-04 00:00:00+00:00,0.01757740528362347
2022-10-05 00:00:00+00:00,-0.01318169099374431
2022-10-06 00:00:00+00:00,-0.004057812931030835
2022-10-07 00:00:00+00:00,-0.014438724572767602
2022-10-10 00:00:00+00:00,0.0016839714638605344
2022-10-11 00:00:00+00:00,-0.005981376056443144
2022-10-12 00:00:00+00:00,0.0015378602475280782
2022-10-13 00:00:00+00:00,-0.024883938933562756
2022-10-14 00:00:00+00:00,0.007651937109153318
2022-10-17 00:00:00+00:00,0.020317127167296466
2022-10-18 00:00:00+00:00,0.024355510777040644
2022-10-19 00:00:00+00:00,-0.006037877007066294
2022-10-20 00:00:00+00:00,-0.00262004668962954
2022-10-21 00:00:00+00:00,-0.0027962546508645044
2022-10-24 00:00:00+00:00,0.002327630782341184
2022-10-25 00:00:00+00:00,0.0013181323064841103
2022-10-26 00:00:00+00:00,-0.014702425902572236
2022-10-27 00:00:00+00:00,-0.0009763827325615978
2022-10-28 00:00:00+00:00,-0.001617504808342862
2022-10-31 00:00:00+00:00,-0.007705354615178661
2022-11-01 00:00:00+00:00,0.01117396337681994
2022-11-02 00:00:00+00:00,-0.0011605913946095333
2022-11-03 00:00:00+00:00,-0.009859732118723463
2022-11-04 00:00:00+00:00,0.01744664622345001
2022-11-07 00:00:00+00:00,0.003528073779959751
2022-11-08 00:00:00+00:00,0.004122788024435409
2022-11-09 00:00:00+00:00,-0.006311576820899533
2022-11-10 00:00:00+00:00,0.04239963833426582
2022-11-11 00:00:00+00:00,0.0005040173652232308
2022-11-14 00:00:00+00:00,-0.006267658322993341
2022-11-15 00:00:00+00:00,0.019189619834545445
2022-11-16 00:00:00+00:00,-0.005901186625444454
2022-11-17 00:00:00+00:00,-0.014596811574486756
2022-11-18 00:00:00+00:00,0.009545798941394812
2022-11-21 00:00:00+00:00,-0.0045475725705061195
2022-11-22 00:00:00+00:00,0.003615362743573292
2022-11-23 00:00:00+00:00,-0.0007026207545995696
2022-11-25 00:00:00+00:00,-0.003855047745538775
2022-11-28 00:00:00+00:00,-0.007846700259861705
2022-11-29 00:00:00+00:00,0.00028355287970301986
2022-11-30 00:00:00+00:00,0.000510021105739911
2022-12-01 00:00:00+00:00,0.0015993436227106032
2022-12-02 00:00:00+00:00,-0.015414276323732245
2022-12-05 00:00:00+00:00,-0.007645913720626096
2022-12-06 00:00:00+00:00,-0.0007908060518892809
2022-12-07 00:00:00+00:00,-0.0035777029825476477
2022-12-08 00:00:00+00:00,0.004677613571816475
2022-12-09 00:00:00+00:00,-0.0037722729584002464
2022-12-12 00:00:00+00:00,0.001074277166336091
2022-12-13 00:00:00+00:00,0.03320613763028276
2022-12-14 00:00:00+00:00,-0.0017870159616755529
2022-12-15 00:00:00+00:00,-0.013979361834084636
2022-12-16 00:00:00+00:00,-0.00498666277712193
2022-12-19 00:00:00+00:00,0.0004634961552654973
2022-12-20 00:00:00+00:00,-0.003545198507604574
2022-12-21 00:00:00+00:00,0.0052270329732278745
2022-12-22 00:00:00+00:00,-0.010030300611020093
2022-12-23 00:00:00+00:00,-0.004123064415724386
2022-12-27 00:00:00+00:00,-0.0016161948896883712
2022-12-28 00:00:00+00:00,-0.0011695278355435042
2022-12-29 00:00:00+00:00,0.009140179734682919
2022-12-30 00:00:00+00:00,-0.009242955208753545
2023-01-03 00:00:00+00:00,0.006686690446517341
2023-01-04 00:00:00+00:00,0.006882037818259435
2023-01-05 00:00:00+00:00,-0.006156451132921492
2023-01-06 00:00:00+00:00,0.007340105756099858
2023-01-09 00:00:00+00:00,0.006426552831312183
2023-01-10 00:00:00+00:00,-0.0030269451518266984
2023-01-11 00:00:00+00:00,0.0038098848610648942
2023-01-12 00:00:00+00:00,0.002180685398901561
2023-01-13 00:00:00+00:00,-0.009076074247460575
2023-01-17 00:00:00+00:00,-0.0006808482583683714
2023-01-18 00:00:00+00:00,0.004046763653836572
2023-01-19 00:00:00+00:00,-0.006007270477153969
2023-01-20 00:00:00+00:00,0.004558636528322191
2023-01-23 00:00:00+00:00,0.00228192918508271
2023-01-24 00:00:00+00:00,-0.005339044520653235
2023-01-25 00:00:00+00:00,-0.013585723972081886
2023-01-26 00:00:00+00:00,0.009236683541040536
2023-01-27 00:00:00+00:00,-0.003930528514632747
2023-01-30 00:00:00+00:00,-0.00946963963476386
2023-01-31 00:00:00+00:00,0.00044283100232408475
2023-02-01 00:00:00+00:00,-0.002218502324382676
2023-02-02 00:00:00+00:00,0.015691079370104243
2023-02-03 00:00:00+00:00,-0.017401652780588008
2023-02-06 00:00:00+00:00,-0.007764172604000396
2023-02-07 00:00:00+00:00,-0.0016854428737039014
2023-02-08 00:00:00+00:00,-0.004943012624277631
2023-02-09 00:00:00+00:00,0.01162135600127553
2023-02-10 00:00:00+00:00,-0.005456932001793346
2023-02-13 00:00:00+00:00,0.002918913161341819
2023-02-14 00:00:00+00:00,-0.004869372032338426
2023-02-15 00:00:00+00:00,-0.006090447445289282
2023-02-16 00:00:00+00:00,-0.014203359057310383
2023-02-17 00:00:00+00:00,-0.0066949175412783
2023-02-21 00:00:00+00:00,-0.011931457401646783
2023-02-22 00:00:00+00:00,0.001241940137731901
2023-02-23 00:00:00+00:00,0.009810094993640795
2023-02-24 00:00:00+00:00,-0.015362849978267234
2023-02-27 00:00:00+00:00,0.009618771702694285
2023-02-28 00:00:00+00:00,-0.0020171200570627042
2023-03-01 00:00:00+00:00,-0.0018834267425519077
2023-03-02 00:00:00+00:00,-0.007270723595530304
2023-03-03 00:00:00+00:00,0.005119381030173476
2023-03-06 00:00:00+00:00,0.002866150109443655
2023-03-07 00:00:00+00:00,-0.0002785496995718947
2023-03-08 00:00:00+00:00,0.0005762103889643492
2023-03-09 00:00:00+00:00,0.0015839791272226015
2023-03-10 00:00:00+00:00,-0.0007375467360951401
2023-03-13 00:00:00+00:00,-0.008765709497799512
2023-03-14 00:00:00+00:00,0.012595497952178148
2023-03-15 00:00:00+00:00,-0.012226351267376067
2023-03-16 00:00:00+00:00,-0.005015387736764054
2023-03-17 00:00:00+00:00,-0.0022002445924103383
2023-03-20 00:00:00+00:00,-0.00029134085623608834
2023-03-21 00:00:00+00:00,0.007363822551808863
2023-03-22 00:00:00+00:00,-0.0006385079609448115
2023-03-23 00:00:00+00:00,0.00970676479986673
2023-03-24 00:00:00+00:00,-0.0026854016491395846
2023-03-27 00:00:00+00:00,0.0038361090706487636
2023-03-28 00:00:00+00:00,-0.0021634919242165315
2023-03-29 00:00:00+00:00,0.01129419861441402
2023-03-30 00:00:00+00:00,0.0071425480309889825
2023-03-31 00:00:00+00:00,0.0012533873348114736
2023-04-03 00:00:00+00:00,-0.004324856172850755
2023-04-04 00:00:00+00:00,0.0012179708903262369
2023-04-05 00:00:00+00:00,-0.002749820812884418
2023-04-06 00:00:00+00:00,-0.003977078621699525
2023-04-10 00:00:00+00:00,-0.00813734772915251
2023-04-11 00:00:00+00:00,0.0004304492071765756
2023-04-12 00:00:00+00:00,0.0054742503772628685
2023-04-13 00:00:00+00:00,0.003943664016695736
2023-04-14 00:00:00+00:00,-0.0035731984783231915
2023-04-17 00:00:00+00:00,-0.001068353172402425
2023-04-18 00:00:00+00:00,0.0050524101490636245
2023-04-19 00:00:00+00:00,-0.00654388842561735
2023-04-20 00:00:00+00:00,-0.008575327722929215
2023-04-21 00:00:00+00:00,-0.0005085838993959865
2023-04-24 00:00:00+00:00,-0.0009179379938169859
2023-04-25 00:00:00+00:00,-0.0054111146322068145
2023-04-26 00:00:00+00:00,0.006052607665041976
2023-04-27 00:00:00+00:00,0.009105049581403535
2023-04-28 00:00:00+00:00,-0.0017901400720779833
2023-05-01 00:00:00+00:00,-0.0015814756667252069
2023-05-02 00:00:00+00:00,-0.0012991865717042247
2023-05-03 00:00:00+00:00,0.0009121379806122602
2023-05-04 00:00:00+00:00,-0.001998119381859431
2023-05-05 00:00:00+00:00,0.008002347287935441
2023-05-08 00:00:00+00:00,-0.0006157592711299783
2023-05-09 00:00:00+00:00,-0.00486098933690513
2023-05-10 00:00:00+00:00,0.0071446604450186805
2023-05-11 00:00:00+00:00,-0.0005286921679497399
2023-05-12 00:00:00+00:00,0.002092663299435438
2023-05-15 00:00:00+00:00,0.0012036923946238901
2023-05-16 00:00:00+00:00,-0.0028092369127537316
2023-05-17 00:00:00+00:00,0.003910017212578743
2023-05-18 00:00:00+00:00,-9.338689269398041e-05
2023-05-19 00:00:00+00:00,0.0011471619204561304
2023-05-22 00:00:00+00:00,-0.0006623228194044036
2023-05-23 00:00:00+00:00,-0.004933277248774659
2023-05-24 00:00:00+00:00,-0.0053010114387508685
2023-05-25 00:00:00+00:00,0.015431437217321176
2023-05-26 00:00:00+00:00,0.002050598747067223
2023-05-30 00:00:00+00:00,0.008278132434645891
2023-05-31 00:00:00+00:00,-0.004860903033884067
2023-06-01 00:00:00+00:00,-0.00038637223547991455
2023-06-02 00:00:00+00:00,0.005419095507013994
2023-06-05 00:00:00+00:00,-0.0001894636219423648
2023-06-06 00:00:00+00:00,-0.0016769449012750456
2023-06-07 00:00:00+00:00,0.0005875691891192528
2023-06-08 00:00:00+00:00,0.00021209761117188004
2023-06-09 00:00:00+00:00,0.0027625490872252526
2023-06-12 00:00:00+00:00,0.0032700061623328284
2023-06-13 00:00:00+00:00,0.005335505264517837
2023-06-14 00:00:00+00:00,0.00011461159940670014
2023-06-15 00:00:00+00:00,-0.0030349848181977276
2023-06-16 00:00:00+00:00,0.0053555141001269905
2023-06-20 00:00:00+00:00,-0.004595507811035826
2023-06-21 00:00:00+00:00,-0.003047258964143462
2023-06-22 00:00:00+00:00,-0.0031926847796386656
2023-06-23 00:00:00+00:00,-0.009808156814449276
2023-06-26 00:00:00+00:00,-0.001725610288599166
2023-06-27 00:00:00+00:00,0.0029492216428688937
2023-06-28 00:00:00+00:00,-0.004126374524374121
2023-06-29 00:00:00+00:00,-0.0012040599461274667
2023-06-30 00:00:00+00:00,0.00864041331229678
2023-07-03 00:00:00+00:00,0.00017370280284936286
2023-07-05 00:00:00+00:00,-0.004565096718412742
2023-07-06 00:00:00+00:00,-0.009576788162079552
2023-07-07 00:00:00+00:00,-0.0017843285239146685
2023-07-10 00:00:00+00:00,-0.0011040394514963189
2023-07-11 00:00:00+00:00,0.001185216977759607
2023-07-12 00:00:00+00:00,0.009804225955664292
2023-07-13 00:00:00+00:00,0.006139415309689611
2023-07-14 00:00:00+00:00,0.001303463563053853
2023-07-17 00:00:00+00:00,0.0004958317564494278
2023-07-18 00:00:00+00:00,-0.0015264199041063239
2023-07-19 00:00:00+00:00,0.002002745268149109
2023-07-20 00:00:00+00:00,-0.005372833413323596
2023-07-21 00:00:00+00:00,0.0048797571079925665
2023-07-24 00:00:00+00:00,0.002333522286378365
2023-07-25 00:00:00+00:00,0.00034875853348245196
2023-07-26 00:00:00+00:00,-0.0027641077728788096
2023-07-27 00:00:00+00:00,0.010903410638344735
2023-07-28 00:00:00+00:00,0.008915623048394961
2023-07-31 00:00:00+00:00,0.000640447138809919
2023-08-01 00:00:00+00:00,-0.0037455394988560094
2023-08-02 00:00:00+00:00,-0.008448943350171911
2023-08-03 00:00:00+00:00,-0.005893458424835718
2023-08-04 00:00:00+00:00,0.004416111395047018
2023-08-07 00:00:00+00:00,0.004298912706401226
2023-08-08 00:00:00+00:00,-0.006615747364200042
2023-08-09 00:00:00+00:00,0.0004017764222387868
2023-08-10 00:00:00+00:00,0.006595451054200419
2023-08-11 00:00:00+00:00,-0.006002190307915189
2023-08-14 00:00:00+00:00,-0.0024716342475344707
2023-08-15 00:00:00+00:00,-0.0036896870815868784
2023-08-16 00:00:00+00:00,-0.001536045203039382
2023-08-17 00:00:00+00:00,0.003387028701882311
2023-08-18 00:00:00+00:00,-0.008275662202510725
2023-08-21 00:00:00+00:00,0.0029828757573923895
2023-08-22 00:00:00+00:00,0.005435216876346039
2023-08-23 00:00:00+00:00,0.002606457228626702
2023-08-24 00:00:00+00:00,0.006355246842614648
2023-08-25 00:00:00+00:00,0.0029250376827934747
2023-08-28 00:00:00+00:00,0.006359143230347775
2023-08-29 00:00:00+00:00,-0.0006968665995233155
2023-08-30 00:00:00+00:00,0.00023634943627800527
2023-08-31 00:00:00+00:00,0.000515747164653935
2023-09-01 00:00:00+00:00,0.006018775600864468
2023-09-05 00:00:00+00:00,-0.0018955751330936629
2023-09-06 00:00:00+00:00,-0.0022796628077849986
2023-09-07 00:00:00+00:00,-0.009829080519583788
2023-09-08 00:00:00+00:00,-0.0003109948343648969
2023-09-11 00:00:00+00:00,0.0068859740055931765
2023-09-12 00:00:00+00:00,-0.00422720977327099
2023-09-13 00:00:00+00:00,0.00027977269181719307
2023-09-14 00:00:00+00:00,0.004944972071319687
2023-09-15 00:00:00+00:00,-0.003926250915625795
2023-09-18 00:00:00+00:00,-0.0019490406638211551
2023-09-19 00:00:00+00:00,-0.003178310957302177
2023-09-20 00:00:00+00:00,0.0026281487350043545
2023-09-21 00:00:00+00:00,-0.008781018024891373
2023-09-22 00:00:00+00:00,0.003401728718432773
2023-09-25 00:00:00+00:00,-0.003121215858854531
2023-09-26 00:00:00+00:00,-0.007575225512495598
2023-09-27 00:00:00+00:00,0.002772291451092668
2023-09-28 00:00:00+00:00,-0.0022786661703226626
2023-09-29 00:00:00+00:00,0.008305391034962717
2023-10-02 00:00:00+00:00,-0.0009289841780157123
2023-10-03 00:00:00+00:00,-0.006365224221261822
2023-10-04 00:00:00+00:00,0.0014667162753052247
2023-10-05 00:00:00+00:00,-0.0006671604360314661
2023-10-06 00:00:00+00:00,-0.007517624198951389
2023-10-09 00:00:00+00:00,-0.005871960660900488
2023-10-10 00:00:00+00:00,0.0009155922597177905
2023-10-11 00:00:00+00:00,0.002796989969892605
2023-10-12 00:00:00+00:00,0.0011089448299792196
2023-10-13 00:00:00+00:00,0.002351997369719772
2023-10-16 00:00:00+00:00,0.004222605785725942
2023-10-17 00:00:00+00:00,-0.008876435877928612
2023-10-18 00:00:00+00:00,-0.0058342330633980085
2023-10-19 00:00:00+00:00,0.0025417234745042875
2023-10-20 00:00:00+00:00,-0.0015360981133114345
2023-10-23 00:00:00+00:00,-0.0040651869696258
2023-10-24 00:00:00+00:00,0.0048909635917609665
2023-10-25 00:00:00+00:00,-0.005736846184757593
2023-10-26 00:00:00+00:00,-0.0033582368971824313
2023-10-27 00:00:00+00:00,0.005717781732500227
2023-10-30 00:00:00+00:00,0.006855235808203875
2023-10-31 00:00:00+00:00,0.00045277199624546045
2023-11-01 00:00:00+00:00,0.0021069454067903174
2023-11-02 00:00:00+00:00,0.010752500403875953
2023-11-03 00:00:00+00:00,0.0042648914819030884
2023-11-06 00:00:00+00:00,0.0016576213946699284
2023-11-07 00:00:00+00:00,0.0011355527264573454
2023-11-08 00:00:00+00:00,0.0009192158164382461
2023-11-09 00:00:00+00:00,0.0019878258688074916
2023-11-10 00:00:00+00:00,0.004530869537771232
2023-11-13 00:00:00+00:00,-0.003980254889165568
2023-11-14 00:00:00+00:00,0.015278884455337616
2023-11-15 00:00:00+00:00,0.00372908485297504
2023-11-16 00:00:00+00:00,-0.0018228760131025808
2023-11-17 00:00:00+00:00,-0.001247667935479124
2023-11-20 00:00:00+00:00,-0.0005754840651371104
2023-11-21 00:00:00+00:00,-0.0037024779232748047
2023-11-22 00:00:00+00:00,0.004289257562303328
2023-11-24 00:00:00+00:00,-0.0007706146012295464
2023-11-27 00:00:00+00:00,-0.0016557321952726852
2023-11-28 00:00:00+00:00,-0.001716458252556818
2023-11-29 00:00:00+00:00,0.00534350558849791
2023-11-30 00:00:00+00:00,0.0010032631665086392
2023-12-01 00:00:00+00:00,-0.0023790965196479937
2023-12-04 00:00:00+00:00,-0.00904837559803665
2023-12-05 00:00:00+00:00,-0.004363571858917536
2023-12-06 00:00:00+00:00,0.0059671288208285825
2023-12-07 00:00:00+00:00,0.00598569326146633
2023-12-08 00:00:00+00:00,-0.0033941250590006408
2023-12-11 00:00:00+00:00,-0.0014024443476906342
2023-12-12 00:00:00+00:00,-0.0006389763055847705
2023-12-13 00:00:00+00:00,0.0013115752121995675
2023-12-14 00:00:00+00:00,0.003361031404476045
2023-12-15 00:00:00+00:00,2.60881990097553e-05
2023-12-18 00:00:00+00:00,0.0019498606148001477
2023-12-19 00:00:00+00:00,0.0008582048315653682
2023-12-20 00:00:00+00:00,-0.002216423025802527
2023-12-21 00:00:00+00:00,0.00791505648092491
2023-12-22 00:00:00+00:00,0.002435298391753349
2023-12-26 00:00:00+00:00,0.0012085177286724428
2023-12-27 00:00:00+00:00,-0.00017260804279487478
2023-12-28 00:00:00+00:00,0.0015098906141719163
2023-12-29 00:00:00+00:00,-0.0005341217732306777
2024-01-02 00:00:00+00:00,-0.008106575194777066
2024-01-03 00:00:00+00:00,-0.00595212312023422
2024-01-04 00:00:00+00:00,-0.0031950043445176154
2024-01-05 00:00:00+00:00,0.0001391616448317093
2024-01-08 00:00:00+00:00,0.00180767503290632
2024-01-09 00:00:00+00:00,-0.006929689610163636
2024-01-10 00:00:00+00:00,0.00038983113562193224
2024-01-11 00:00:00+00:00,0.002359607437666356
2024-01-12 00:00:00+00:00,0.002546399046867787
2024-01-16 00:00:00+00:00,-0.0033155098395852064
2024-01-17 00:00:00+00:00,-0.007664178672168042
2024-01-18 00:00:00+00:00,0.005585081567288286
2024-01-19 00:00:00+00:00,0.003617051518285475
2024-01-22 00:00:00+00:00,0.003984978181282484
2024-01-23 00:00:00+00:00,0.0011091002717626645
2024-01-24 00:00:00+00:00,0.007417593460612626
2024-01-25 00:00:00+00:00,0.004926507548408144
2024-01-26 00:00:00+00:00,-0.002990648235164683
2024-01-29 00:00:00+00:00,0.000570879627800858
2024-01-30 00:00:00+00:00,-0.0022487693615981016
2024-01-31 00:00:00+00:00,-0.007843693560033926
2024-02-01 00:00:00+00:00,0.0036943851819804755
2024-02-02 00:00:00+00:00,0.0024354230704396133
2024-02-05 00:00:00+00:00,-0.0008874241456037543
2024-02-06 00:00:00+00:00,0.002038265230224068
2024-02-07 00:00:00+00:00,0.005335781194959111
2024-02-08 00:00:00+00:00,-0.00016105479320608322
2024-02-09 00:00:00+00:00,0.0015502834108379274
2024-02-12 00:00:00+00:00,-0.00045577069836247845
2024-02-13 00:00:00+00:00,-0.015994523395046735
2024-02-14 00:00:00+00:00,0.005604390406430871
2024-02-15 00:00:00+00:00,0.0012299378273402332
2024-02-16 00:00:00+00:00,-0.00017146319914560475
2024-02-20 00:00:00+00:00,-0.004437564366979485
2024-02-21 00:00:00+00:00,-0.0048898178503795405
2024-02-22 00:00:00+00:00,0.016970244226937457
2024-02-23 00:00:00+00:00,0.003247072736450163
2024-02-26 00:00:00+00:00,0.0010818889126423484
2024-02-27 00:00:00+00:00,0.0016843436313939922
2024-02-28 00:00:00+00:00,-0.004357548602114158
2024-02-29 00:00:00+00:00,0.004887773365971982
2024-03-01 00:00:00+00:00,0.0016108654827740824
2024-03-04 00:00:00+00:00,-0.001099505986345761
2024-03-05 00:00:00+00:00,-0.005778828142514325
2024-03-06 00:00:00+00:00,0.00791855757847556
2024-03-07 00:00:00+00:00,0.007161567442747619
2024-03-08 00:00:00+00:00,0.0007353841683335974
2024-03-11 00:00:00+00:00,-0.0032312586719689725
2024-03-12 00:00:00+00:00,0.004497122898209771
2024-03-13 00:00:00+00:00,-0.0011190171347005059
2024-03-14 00:00:00+00:00,0.0020885169427197984
2024-03-15 00:00:00+00:00,-0.006858602979204631
2024-03-18 00:00:00+00:00,0.010000634624171856
2024-03-19 00:00:00+00:00,-0.0033123256563189814
2024-03-20 00:00:00+00:00,0.001137732330946573
2024-03-21 00:00:00+00:00,0.008252982218177685
2024-03-22 00:00:00+00:00,-0.0009693619255814242
2024-03-25 00:00:00+00:00,-0.004822622857542402
2024-03-26 00:00:00+00:00,0.0028357181922017086
2024-03-27 00:00:00+00:00,0.006013832544004083
2024-03-28 00:00:00+00:00,-0.00031806916711361015
2024-04-01 00:00:00+00:00,0.0015077361636426038
2024-04-02 00:00:00+00:00,-0.009526292912391132
2024-04-03 00:00:00+00:00,-0.0038164629050484785
2024-04-04 00:00:00+00:00,0.008440496260439046
2024-04-05 00:00:00+00:00,0.0027085747005806907
2024-04-08 00:00:00+00:00,0.0014613086330148243
2024-04-09 00:00:00+00:00,0.004093972269864155
2024-04-10 00:00:00+00:00,-0.01183592781022067
2024-04-11 00:00:00+00:00,0.003372916356687539
2024-04-12 00:00:00+00:00,-0.008597645966970413
2024-04-15 00:00:00+00:00,0.008212882016447287
2024-04-16 00:00:00+00:00,2.0552572222180734e-08
2024-04-17 00:00:00+00:00,0.004521992597183189
2024-04-18 00:00:00+00:00,0.0018916675147662935
2024-04-19 00:00:00+00:00,-0.0017853088604170338
2024-04-22 00:00:00+00:00,0.005603598598026472
2024-04-23 00:00:00+00:00,0.004089011433807988
2024-04-24 00:00:00+00:00,0.004281688453827781
2024-04-25 00:00:00+00:00,-0.014986049111687527
2024-04-26 00:00:00+00:00,0.006274444800408363
2024-04-29 00:00:00+00:00,0.003971304570307555
2024-04-30 00:00:00+00:00,-0.003619098771712159
2024-05-01 00:00:00+00:00,-0.00259337716149558
2024-05-02 00:00:00+00:00,0.007981102304903976
2024-05-03 00:00:00+00:00,0.014600083441016232
2024-05-06 00:00:00+00:00,0.004195244349830618
2024-05-07 00:00:00+00:00,0.0011694860501535124
2024-05-08 00:00:00+00:00,-0.005127029627571033
2024-05-09 00:00:00+00:00,0.0001904339276753378
2024-05-10 00:00:00+00:00,0.0029997867552710947
2024-05-13 00:00:00+00:00,0.0035340215973980963
2024-05-14 00:00:00+00:00,-0.0005931140644384377
2024-05-15 00:00:00+00:00,0.004920386411567746
2024-05-16 00:00:00+00:00,-0.0004153815819038284
2024-05-17 00:00:00+00:00,-4.2745397946164206e-05
2024-05-20 00:00:00+00:00,5.690254963394177e-05
2024-05-21 00:00:00+00:00,-0.0030911773729932254
2024-05-22 00:00:00+00:00,-0.0006828314746642802
2024-05-23 00:00:00+00:00,0.00796409059583777
2024-05-24 00:00:00+00:00,0.0032932863889597267
2024-05-28 00:00:00+00:00,0.0018267713212137496
2024-05-29 00:00:00+00:00,-0.008765965455269508
2024-05-30 00:00:00+00:00,-0.0028312548616371887
2024-05-31 00:00:00+00:00,0.0008923119809139627
2024-06-03 00:00:00+00:00,0.005546476982204418
2024-06-04 00:00:00+00:00,-0.0018561741335694545
2024-06-05 00:00:00+00:00,0.005924542695065782
2024-06-06 00:00:00+00:00,0.0007342446921732807
2024-06-07 00:00:00+00:00,-0.0016345118063388116
2024-06-10 00:00:00+00:00,-0.002308355043501553
2024-06-11 00:00:00+00:00,-0.0031716132366354285
2024-06-12 00:00:00+00:00,0.008299273981097277
2024-06-13 00:00:00+00:00,0.005117751412609695
2024-06-14 00:00:00+00:00,-0.0019568509843707945
2024-06-17 00:00:00+00:00,-0.0006631847627810768
2024-06-18 00:00:00+00:00,-0.0002965789695616225
2024-06-20 00:00:00+00:00,0.0018128208124304716
2024-06-21 00:00:00+00:00,-0.0013618841865947525
2024-06-24 00:00:00+00:00,-0.0017564454049127428
2024-06-25 00:00:00+00:00,0.0030775329331463545
2024-06-26 00:00:00+00:00,-0.00221186085987205
2024-06-27 00:00:00+00:00,-0.0006887143225342892
2024-06-28 00:00:00+00:00,0.001253635027816358
2024-07-01 00:00:00+00:00,0.001965976708979989
2024-07-02 00:00:00+00:00,-0.0033703321923030157
2024-07-03 00:00:00+00:00,-0.0013716892150777201
2024-07-05 00:00:00+00:00,0.0008465282473208661
2024-07-08 00:00:00+00:00,0.0007941768848309331
2024-07-09 00:00:00+00:00,0.00212038796799271
2024-07-10 00:00:00+00:00,0.002773195449372568
2024-07-11 00:00:00+00:00,-8.368881692858403e-05
2024-07-12 00:00:00+00:00,0.0013228517170761015
2024-07-15 00:00:00+00:00,0.0033301383868011517
2024-07-16 00:00:00+00:00,0.002374618787382843
2024-07-17 00:00:00+00:00,-0.013783694153840764
2024-07-18 00:00:00+00:00,0.005011927146330775
2024-07-19 00:00:00+00:00,-0.0008718044962365609
2024-07-22 00:00:00+00:00,0.00958072925848027
2024-07-23 00:00:00+00:00,-0.0013425639269154296
2024-07-24 00:00:00+00:00,-0.011816401214153704
2024-07-25 00:00:00+00:00,0.0001776924480690559
2024-07-26 00:00:00+00:00,0.00807283938550748
2024-07-29 00:00:00+00:00,0.004110086377640288
2024-07-30 00:00:00+00:00,0.0031786155528847563
2024-07-31 00:00:00+00:00,0.0174389328273132
2024-08-01 00:00:00+00:00,0.0020299922177539845
2024-08-02 00:00:00+00:00,-0.016524660376997936
2024-08-05 00:00:00+00:00,-0.04703300426396432
2024-08-06 00:00:00+00:00,0.0036142571089063606
2024-08-07 00:00:00+00:00,0.013669478503532806
2024-08-08 00:00:00+00:00,0.01199477020706149
2024-08-09 00:00:00+00:00,-0.002575679663808705
2024-08-12 00:00:00+00:00,0.0019324255205826705
2024-08-13 00:00:00+00:00,0.0076748756957567225
2024-08-14 00:00:00+00:00,0.0014524515330602509
2024-08-15 00:00:00+00:00,0.011502970947563107
2024-08-16 00:00:00+00:00,-0.003688687404918933
2024-08-19 00:00:00+00:00,0.0002261911563075872
2024-08-20 00:00:00+00:00,-0.0016667628115014429
2024-08-21 00:00:00+00:00,0.0014799047037375671
2024-08-22 00:00:00+00:00,0.0038553003826277913
2024-08-23 00:00:00+00:00,0.007297942506019084
2024-08-26 00:00:00+00:00,6.109386032501248e-05
2024-08-27 00:00:00+00:00,-0.0031947295854969134
2024-08-28 00:00:00+00:00,-0.001104417408080793
2024-08-29 00:00:00+00:00,0.0035473274538504133
2024-08-30 00:00:00+00:00,0.006520093892685453
2024-09-03 00:00:00+00:00,-0.006370190072788695
2024-09-04 00:00:00+00:00,-0.005402356361354976
2024-09-05 00:00:00+00:00,-0.002134703370397872
2024-09-06 00:00:00+00:00,-0.0007697275877143524
2024-09-09 00:00:00+00:00,0.008539280552997764
2024-09-10 00:00:00+00:00,0.0034427070325396495
2024-09-11 00:00:00+00:00,0.0009808239425492474
2024-09-12 00:00:00+00:00,0.0002639876573151348
2024-09-13 00:00:00+00:00,-0.0005274530806354868
2024-09-16 00:00:00+00:00,-0.0028016187340662354
2024-09-17 00:00:00+00:00,0.004930112100497175
2024-09-18 00:00:00+00:00,0.0015726973870218933
2024-09-19 00:00:00+00:00,0.020105616245798062
2024-09-20 00:00:00+00:00,-0.0024244386501060308
2024-09-23 00:00:00+00:00,0.0018911058431027809
2024-09-24 00:00:00+00:00,0.001880883314292892
2024-09-25 00:00:00+00:00,-0.0010891332042691545
2024-09-26 00:00:00+00:00,0.011277263145248096
2024-09-27 00:00:00+00:00,0.0017042957926181827
2024-09-30 00:00:00+00:00,-0.0022150256534634646
2024-10-01 00:00:00+00:00,-0.0009927103867468975
2024-10-02 00:00:00+00:00,-0.00204558678734249
2024-10-03 00:00:00+00:00,-0.003911211484328636
2024-10-04 00:00:00+00:00,0.009772916714221947
2024-10-07 00:00:00+00:00,-0.003746215858599888
2024-10-08 00:00:00+00:00,0.004662231601662759
2024-10-09 00:00:00+00:00,-0.0006153307168071716
2024-10-10 00:00:00+00:00,-0.0038187659992784725
2024-10-11 00:00:00+00:00,-0.0022472614636938944
2024-10-14 00:00:00+00:00,0.0035571263134222767
2024-10-15 00:00:00+00:00,0.0002626753796729167
2024-10-16 00:00:00+00:00,3.6252182124630065e-05
2024-10-17 00:00:00+00:00,0.008432097479577372
2024-10-18 00:00:00+00:00,0.004036839711771345
2024-10-21 00:00:00+00:00,-0.002166625717599324
2024-10-22 00:00:00+00:00,-0.005225180161507392
2024-10-23 00:00:00+00:00,-0.004455050056260934
2024-10-24 00:00:00+00:00,0.005260857938488595
2024-10-25 00:00:00+00:00,0.00452339654434627
2024-10-28 00:00:00+00:00,0.005926592906284023
2024-10-29 00:00:00+00:00,-0.0008206627743254976
2024-10-30 00:00:00+00:00,-0.0014823685184276233
2024-10-31 00:00:00+00:00,-0.008165240299214093
2024-11-01 00:00:00+00:00,0.0037614368512005284
2024-11-04 00:00:00+00:00,-0.0008030244624424362
2024-11-05 00:00:00+00:00,0.0021620769405782062
2024-11-06 00:00:00+00:00,0.01901972557876782
2024-11-07 00:00:00+00:00,0.004214553250815956
2024-11-08 00:00:00+00:00,-0.00031651454138190675
2024-11-11 00:00:00+00:00,0.002250148982372047
2024-11-12 00:00:00+00:00,-0.00043497970715320437
2024-11-13 00:00:00+00:00,-0.0004034410153945009
2024-11-14 00:00:00+00:00,-0.000523021077560892
2024-11-15 00:00:00+00:00,-0.00901064005922656
2024-11-18 00:00:00+00:00,0.001671870141700305
2024-11-19 00:00:00+00:00,-0.005824330005137024
2024-11-20 00:00:00+00:00,-0.0005301377856880337
2024-11-21 00:00:00+00:00,0.0052062386638664585
2024-11-22 00:00:00+00:00,-0.0008629062697019015
2024-11-25 00:00:00+00:00,0.007129780454660584
2024-11-26 00:00:00+00:00,0.002233419488172428
2024-11-27 00:00:00+00:00,-0.0015774712992407177
2024-11-29 00:00:00+00:00,0.0010164115344823647
2024-12-02 00:00:00+00:00,0.0012942474349203151
2024-12-03 00:00:00+00:00,-0.001798978144833074
2024-12-04 00:00:00+00:00,0.0044616211445158375
2024-12-05 00:00:00+00:00,-0.000252272852229429
2024-12-06 00:00:00+00:00,0.000984846135172546
2024-12-09 00:00:00+00:00,-0.0012819112033500054
2024-12-10 00:00:00+00:00,0.0014574757773890504
2024-12-11 00:00:00+00:00,0.006397690345009888
2024-12-12 00:00:00+00:00,-0.0031379570431248945
2024-12-13 00:00:00+00:00,0.005173411044287335
2024-12-16 00:00:00+00:00,0.0035844825982540244
2024-12-17 00:00:00+00:00,-0.004124074926609466
2024-12-18 00:00:00+00:00,-0.0011629001173301453
2024-12-19 00:00:00+00:00,0.008601775654104993
2024-12-20 00:00:00+00:00,-0.005950655419926653
2024-12-23 00:00:00+00:00,0.0011458348673071498
2024-12-24 00:00:00+00:00,0.0027259703615849177
2024-12-26 00:00:00+00:00,-0.003343983560651442
2024-12-27 00:00:00+00:00,-0.006849018011470398
2024-12-30 00:00:00+00:00,-0.013028632926639283
2024-12-31 00:00:00+00:00,0.0023875512812285508
2025-01-02 00:00:00+00:00,0.005526353610898671
2025-01-03 00:00:00+00:00,0.0052289951954118345
2025-01-06 00:00:00+00:00,0.008594057108491671
2025-01-07 00:00:00+00:00,0.002430982978082608
2025-01-08 00:00:00+00:00,-0.000337655504230516
2025-01-10 00:00:00+00:00,-0.007039542745845817
2025-01-13 00:00:00+00:00,-0.010270511582950758
2025-01-14 00:00:00+00:00,0.005399201429922418
2025-01-15 00:00:00+00:00,0.014560943856016329
2025-01-16 00:00:00+00:00,0.003078631077553762
2025-01-17 00:00:00+00:00,0.01371679566307823
2025-01-21 00:00:00+00:00,0.0049112733851956695
2025-01-22 00:00:00+00:00,0.006624246456449401
2025-01-23 00:00:00+00:00,-0.003151354134490558
2025-01-24 00:00:00+00:00,0.00010584754026706807
2025-01-27 00:00:00+00:00,-0.028710619334337474
2025-01-28 00:00:00+00:00,0.0017249384920589809
2025-01-29 00:00:00+00:00,-0.00033901632102332184
2025-01-30 00:00:00+00:00,0.004251174155887017
2025-01-31 00:00:00+00:00,0.005432486802269121
2025-02-03 00:00:00+00:00,-0.016345626502833034
2025-02-04 00:00:00+00:00,0.0002520534342443595
2025-02-05 00:00:00+00:00,-0.003773541385815848
2025-02-06 00:00:00+00:00,0.0016487066398778952
2025-02-07 00:00:00+00:00,0.000679971824257242
2025-02-10 00:00:00+00:00,0.00652467200133019
2025-02-11 00:00:00+00:00,-0.00530947267649926
2025-02-12 00:00:00+00:00,-0.010735385449387657
2025-02-13 00:00:00+00:00,0.002218323509451692
2025-02-14 00:00:00+00:00,-2.531734320002614e-05
2025-02-18 00:00:00+00:00,0.0021355428220634857
2025-02-19 00:00:00+00:00,-0.0021943620934129823
2025-02-20 00:00:00+00:00,-0.0021661415222656074
2025-02-21 00:00:00+00:00,0.000590231298116051
2025-02-24 00:00:00+00:00,0.0031441828758687843
2025-02-25 00:00:00+00:00,-0.0009561813069687616
2025-02-26 00:00:00+00:00,0.0032746751325440585
2025-02-27 00:00:00+00:00,0.005111707833953616
2025-02-28 00:00:00+00:00,-4.0222478071891125e-06
2025-03-03 00:00:00+00:00,0.004679020387668509
2025-03-04 00:00:00+00:00,-0.006664279903808501
2025-03-05 00:00:00+00:00,0.00020836690786909558
2025-03-06 00:00:00+00:00,-0.015086867808828097
2025-03-07 00:00:00+00:00,-0.0029453697452868407
2025-03-10 00:00:00+00:00,-0.0160110524697488
2025-03-11 00:00:00+00:00,-0.001754366679151886
2025-03-12 00:00:00+00:00,0.013336625231090105
2025-03-13 00:00:00+00:00,-0.0013423710993368584
2025-03-14 00:00:00+00:00,0.009706991462385595
2025-03-17 00:00:00+00:00,-0.0003700535485981257
2025-03-18 00:00:00+00:00,-0.005851576205014119
2025-03-19 00:00:00+00:00,0.0037048282594140617
2025-03-20 00:00:00+00:00,-0.007819534331351885
2025-03-21 00:00:00+00:00,-0.00970733010806083
2025-03-24 00:00:00+00:00,0.013677644326428451
2025-03-25 00:00:00+00:00,0.0015063120490162677
2025-03-26 00:00:00+00:00,-0.0017100045312301356
2025-03-27 00:00:00+00:00,-0.003573333912821308
2025-03-28 00:00:00+00:00,-0.003545831449378733
2025-03-31 00:00:00+00:00,-0.013030959505430628
2025-04-01 00:00:00+00:00,-0.003761331247125221
2025-04-02 00:00:00+00:00,-0.012536676397223534
2025-04-03 00:00:00+00:00,-0.038188814555608054
2025-04-04 00:00:00+00:00,-0.026329830525163946
2025-04-07 00:00:00+00:00,-0.032795017846343956
2025-04-08 00:00:00+00:00,0.03410434037777418
2025-04-09 00:00:00+00:00,-0.003950328981537776
2025-04-10 00:00:00+00:00,-0.02863985634523012
2025-04-11 00:00:00+00:00,-0.003511032931245583
2025-04-14 00:00:00+00:00,0.020236933550458934
2025-04-15 00:00:00+00:00,0.0013685017981081796
2025-04-16 00:00:00+00:00,-0.0155969466541647
2025-04-17 00:00:00+00:00,0.00494912572715297
2025-04-21 00:00:00+00:00,-0.011895484405724832
2025-04-22 00:00:00+00:00,0.012382776700983944
2025-04-23 00:00:00+00:00,0.027598886077190042
2025-04-24 00:00:00+00:00,0.0030259419442734917
2025-04-25 00:00:00+00:00,-0.0007430675874384503
2025-04-28 00:00:00+00:00,0.0008781998784344828
2025-04-29 00:00:00+00:00,-0.004431692805033449
2025-04-30 00:00:00+00:00,-0.015220697468210509
2025-05-01 00:00:00+00:00,0.0133060647031917
2025-05-02 00:00:00+00:00,0.010349599667217347
2025-05-05 00:00:00+00:00,-0.00832313246139641
2025-05-06 00:00:00+00:00,-0.011805477827276844
2025-05-07 00:00:00+00:00,0.0016038489252829472
2025-05-08 00:00:00+00:00,0.008754856804105005
2025-05-09 00:00:00+00:00,0.0029225821496191243
2025-05-12 00:00:00+00:00,0.0343658664715227
2025-05-13 00:00:00+00:00,0.0013500040308859988
2025-05-14 00:00:00+00:00,0.001670689265946346
2025-05-15 00:00:00+00:00,-0.004109598238834422
2025-05-16 00:00:00+00:00,0.0017266520527644217
2025-05-19 00:00:00+00:00,-0.012403112926714954
2025-05-20 00:00:00+00:00,-0.004212236769719413
2025-05-21 00:00:00+00:00,-0.007863468575925158
2025-05-22 00:00:00+00:00,0.000132585383998263
2025-05-23 00:00:00+00:00,-0.014003831539940758
2025-05-27 00:00:00+00:00,0.012493911227404586
2025-05-28 00:00:00+00:00,0.0009677376682688203
2025-05-29 00:00:00+00:00,0.011383909866431308
2025-05-30 00:00:00+00:00,-0.0017201587487062683
2025-06-02 00:00:00+00:00,-0.003483991886387627
2025-06-03 00:00:00+00:00,-0.0002776786859099209
2025-06-04 00:00:00+00:00,0.0011030456828988403
2025-06-05 00:00:00+00:00,0.0024594536521506897
2025-06-06 00:00:00+00:00,0.00939377662631754
2025-06-09 00:00:00+00:00,0.0003916089480953902
2025-06-10 00:00:00+00:00,0.0005930810647109767
2025-06-11 00:00:00+00:00,0.0019398553449601844
2025-06-12 00:00:00+00:00,-0.0026619705436213056
2025-06-13 00:00:00+00:00,-0.01025066954047813
2025-06-16 00:00:00+00:00,0.005906533919523749
2025-06-17 00:00:00+00:00,-0.004763611771953202
2025-06-18 00:00:00+00:00,0.0014253260351605127
2025-06-20 00:00:00+00:00,0.0050580726935462676
2025-06-23 00:00:00+00:00,0.0008818643165268928
2025-06-24 00:00:00+00:00,0.008110605715985842
2025-06-25 00:00:00+00:00,0.0027428473388500744
2025-06-26 00:00:00+00:00,0.0032635345279065867
2025-06-27 00:00:00+00:00,0.0014773499231799051
2025-06-30 00:00:00+00:00,0.004600341986371237
2025-07-01 00:00:00+00:00,-0.0032369647541989673
2025-07-02 00:00:00+00:00,-0.001390651091989414
2025-07-03 00:00:00+00:00,0.0034721811922105664
2025-07-07 00:00:00+00:00,-0.004310222101241578
2025-07-08 00:00:00+00:00,0.0014625036958852648
2025-07-09 00:00:00+00:00,0.003595747165596042
2025-07-10 00:00:00+00:00,0.00038744107568374793
2025-07-11 00:00:00+00:00,-0.004696168019440372
2025-07-14 00:00:00+00:00,-0.0008582395013098428
2025-07-15 00:00:00+00:00,0.005500389713793153
2025-07-16 00:00:00+00:00,0.0014888842628550617
2025-07-17 00:00:00+00:00,0.0004991061937177025
2025-07-18 00:00:00+00:00,0.001877847437083047
2025-07-21 00:00:00+00:00,0.0013876317713523382
2025-07-22 00:00:00+00:00,7.759563593653403e-05
2025-07-23 00:00:00+00:00,0.0028098525564962066
2025-07-24 00:00:00+00:00,0.0011780853124058969
2025-07-25 00:00:00+00:00,0.0001572422695225953
2025-07-28 00:00:00+00:00,0.0012077377694244777
2025-07-29 00:00:00+00:00,0.0031124841902216652
2025-07-30 00:00:00+00:00,0.0010303956386025995
2025-07-31 00:00:00+00:00,0.009379641850017906
2025-08-01 00:00:00+00:00,-0.010341147902293546
2025-08-04 00:00:00+00:00,0.007543641564834192
2025-08-05 00:00:00+00:00,0.0013345590321199533
2025-08-06 00:00:00+00:00,0.001309538203371841
2025-08-07 00:00:00+00:00,0.006267777392955998
2025-08-08 00:00:00+00:00,0.002194141384009163
2025-08-11 00:00:00+00:00,4.1680483307404996e-05
2025-08-12 00:00:00+00:00,0.003579617073046182
2025-08-13 00:00:00+00:00,0.0037632182516435745
2025-08-14 00:00:00+00:00,-0.0037031231935777172
2025-08-15 00:00:00+00:00,0.0004287567672864537
2025-08-18 00:00:00+00:00,-0.0015302514330870261
2025-08-19 00:00:00+00:00,-0.001063752392757444
2025-08-20 00:00:00+00:00,-0.0014546461706816723
2025-08-21 00:00:00+00:00,-0.003103510379690288
2025-08-22 00:00:00+00:00,0.002672476283466974
2025-08-25 00:00:00+00:00,-0.00265636104286141
2025-08-26 00:00:00+00:00,-0.0009397941999075062
2025-08-27 00:00:00+00:00,-0.0016476920983608308
2025-08-28 00:00:00+00:00,0.0007120579348259496
2025-08-29 00:00:00+00:00,-0.003514011221910562
2025-09-02 00:00:00+00:00,-0.014120297200433595
2025-09-03 00:00:00+00:00,0.004765268098741194
2025-09-04 00:00:00+00:00,0.0008157282448118756
2025-09-05 00:00:00+00:00,0.006089988790833301
2025-09-08 00:00:00+00:00,0.002771052932719587
2025-09-09 00:00:00+00:00,0.0004988420234477101
2025-09-10 00:00:00+00:00,0.005011501685292819
2025-09-11 00:00:00+00:00,0.0033972945133314506
2025-09-12 00:00:00+00:00,0.0004988981204395952
2025-09-15 00:00:00+00:00,0.0029131872373272198
2025-09-16 00:00:00+00:00,0.0009095131375645663
2025-09-17 00:00:00+00:00,-0.0003600835577416192
2025-09-18 00:00:00+00:00,0.005916582664851367
2025-09-19 00:00:00+00:00,0.0028274336400755055
2025-09-22 00:00:00+00:00,-0.00219505589020561
2025-09-23 00:00:00+00:00,-0.0002488011633216877
2025-09-24 00:00:00+00:00,0.0018334956380528736
2025-09-25 00:00:00+00:00,-0.0059611807615919995
2025-09-26 00:00:00+00:00,0.0015000507102616804
2025-09-29 00:00:00+00:00,0.004253344101445478
2025-09-30 00:00:00+00:00,-0.0011155555837757177
2025-10-01 00:00:00+00:00,-0.005224212974394271
2025-10-02 00:00:00+00:00,0.004353829278797095
2025-10-03 00:00:00+00:00,0.0009192300102500387
2025-10-06 00:00:00+00:00,0.00586913087443105
2025-10-07 00:00:00+00:00,0.0014701918262714723
2025-10-08 00:00:00+00:00,0.0012887580033248084
2025-10-09 00:00:00+00:00,4.476976967079412e-05
2025-10-10 00:00:00+00:00,0.0009957011817078535
2025-10-13 00:00:00+00:00,0.01417650777677767
2025-10-14 00:00:00+00:00,-0.010291224639236684
2025-10-15 00:00:00+00:00,0.008190703590243398
2025-10-16 00:00:00+00:00,0.003339717973374035
2025-10-17 00:00:00+00:00,-0.002862841059924603
2025-10-20 00:00:00+00:00,0.004562657567095696
2025-10-21 00:00:00+00:00,-0.00011387013833855623
2025-10-22 00:00:00+00:00,-0.00022916256026986852
2025-10-23 00:00:00+00:00,-0.0005394397036714623
2025-10-24 00:00:00+00:00,0.007628455473768525
2025-10-27 00:00:00+00:00,0.009757900862226688
2025-10-28 00:00:00+00:00,0.002827658157104807
2025-10-29 00:00:00+00:00,0.00301733752156016
2025-10-30 00:00:00+00:00,-0.0056697712935192875
2025-10-31 00:00:00+00:00,0.010016934578460058
2025-11-03 00:00:00+00:00,0.007146984339637308
2025-11-04 00:00:00+00:00,-0.012551288329008514
2025-11-05 00:00:00+00:00,-0.0011062313312515722
2025-11-06 00:00:00+00:00,-0.002314309070594078
2025-11-07 00:00:00+00:00,-0.004836922381325525
2025-11-10 00:00:00+00:00,0.011900176223900905
2025-11-11 00:00:00+00:00,-0.0035272609634117488
2025-11-12 00:00:00+00:00,0.0036408739080633027
2025-11-13 00:00:00+00:00,-0.0052571627401041595
2025-11-14 00:00:00+00:00,-0.012528192471439248
2025-11-17 00:00:00+00:00,-0.004061680359467945
2025-11-18 00:00:00+00:00,-0.006327788469310069
2025-11-19 00:00:00+00:00,0.0008674981015690201
2025-11-20 00:00:00+00:00,0.01725076934455235
2025-11-21 00:00:00+00:00,0.0031675448560698153
2025-11-24 00:00:00+00:00,0.006891560851248724
2025-11-25 00:00:00+00:00,-0.0017379115288427057
2025-11-26 00:00:00+00:00,0.004605839614869345
2025-11-28 00:00:00+00:00,0.0020657084437482823
2025-12-01 00:00:00+00:00,-0.008188698094535351
2025-12-02 00:00:00+00:00,0.002767925658879367
2025-12-03 00:00:00+00:00,-0.0029173973979727316
2025-12-04 00:00:00+00:00,0.0018614565943223197
2025-12-05 00:00:00+00:00,0.001644848511175379
2025-12-08 00:00:00+00:00,0.0017392049542536928
2025-12-09 00:00:00+00:00,-0.0016682524286230956
2025-12-10 00:00:00+00:00,-0.001611175742417403
2025-12-11 00:00:00+00:00,-0.005086496287700337
2025-12-12 00:00:00+00:00,-0.003822874975034673
2025-12-15 00:00:00+00:00,0.006489273705511523
2025-12-16 00:00:00+00:00,-0.0032689131019969283
2025-12-17 00:00:00+00:00,0.0015219513181689796
2025-12-18 00:00:00+00:00,0.012136857966830584
2025-12-19 00:00:00+00:00,0.0035977476052254324
2025-12-22 00:00:00+00:00,0.006294081125182005
2025-12-23 00:00:00+00:00,-0.0017800429165668926
2025-12-24 00:00:00+00:00,-0.00040360011916693554
2025-12-26 00:00:00+00:00,0.00047323987036104216
2025-12-29 00:00:00+00:00,-0.005343798498118479
2025-12-30 00:00:00+00:00,-0.0014201787120589945
2025-12-31 00:00:00+00:00,-2.7776159232472937e-05
2026-01-02 00:00:00+00:00,0.007159023577773949
2026-01-05 00:00:00+00:00,0.007222485697456283
2026-01-06 00:00:00+00:00,0.0008560020387124671
2026-01-07 00:00:00+00:00,-0.00033011806366048917
2026-01-08 00:00:00+00:00,-0.0016443185592653117
2026-01-09 00:00:00+00:00,0.0012696445020577655
2026-01-12 00:00:00+00:00,-0.006204993079834442
2026-01-13 00:00:00+00:00,1.7112081389514548e-05
2026-01-14 00:00:00+00:00,-0.00548997380102304
2026-01-15 00:00:00+00:00,0.008438741436429831
2026-01-16 00:00:00+00:00,0.0037170066983864495
2026-01-20 00:00:00+00:00,-0.016287566515564268
2026-01-21 00:00:00+00:00,0.002386903336101998
2026-01-22 00:00:00+00:00,0.007870942277712201
2026-01-23 00:00:00+00:00,-0.0017319667079793485
2026-01-26 00:00:00+00:00,0.001007535338793131
2026-01-27 00:00:00+00:00,0.0035045149252694533
2026-01-28 00:00:00+00:00,0.004251894036326165
2026-01-29 00:00:00+00:00,-5.2549238560606045e-05
2026-01-30 00:00:00+00:00,-0.004875988387119034
2026-02-02 00:00:00+00:00,-0.004575612941677054
2026-02-03 00:00:00+00:00,0.00199994779692011
2026-02-04 00:00:00+00:00,-0.0009218930934334676
2026-02-05 00:00:00+00:00,-0.008698250775703553
2026-02-06 00:00:00+00:00,0.005179802609681728
2026-02-09 00:00:00+00:00,-0.0028992604854104816
2026-02-10 00:00:00+00:00,0.001226188481482671
2026-02-11 00:00:00+00:00,0.006799723203797148
2026-02-12 00:00:00+00:00,0.0026523279109940904
2026-02-13 00:00:00+00:00,-0.00016658407977002658
2026-02-17 00:00:00+00:00,-0.00442139044483717
2026-02-18 00:00:00+00:00,0.0012303007321018081
2026-02-19 00:00:00+00:00,-0.004544544352907553
2026-02-20 00:00:00+00:00,-0.004653347895095394
2026-02-23 00:00:00+00:00,-0.003267242101955425
2026-02-24 00:00:00+00:00,0.00016408739538189583
2026-02-25 00:00:00+00:00,0.0043908133162989475
2026-02-26 00:00:00+00:00,-0.0010899846695696987
2026-02-27 00:00:00+00:00,-0.00994208909673242
2026-03-02 00:00:00+00:00,-0.012554090050240474
2026-03-03 00:00:00+00:00,-0.018215805824406052
2026-03-04 00:00:00+00:00,0.0027997007446514902
2026-03-05 00:00:00+00:00,-0.005268329696657003
2026-03-06 00:00:00+00:00,-0.013159462197448379
2026-03-09 00:00:00+00:00,-0.009356240306266616
2026-03-10 00:00:00+00:00,-0.0006889998180433007
2026-03-11 00:00:00+00:00,0.0009660969467005457
2026-03-12 00:00:00+00:00,-0.008178422636532878
2026-03-13 00:00:00+00:00,0.004177430059719678
2026-03-16 00:00:00+00:00,0.009620096131936784
2026-03-17 00:00:00+00:00,0.004509612003941366
2026-03-18 00:00:00+00:00,-0.0036196508969442483
2026-03-19 00:00:00+00:00,-0.008201665479385145
2026-03-20 00:00:00+00:00,-0.003087027594125968
2026-03-23 00:00:00+00:00,0.014930714890348107
2026-03-24 00:00:00+00:00,-0.006110050686001766
2026-03-25 00:00:00+00:00,0.008320504758412362
2026-03-26 00:00:00+00:00,-0.008363691368089376
2026-03-27 00:00:00+00:00,-0.004904241003379417
2026-03-30 00:00:00+00:00,0.008712988920313103
2026-03-31 00:00:00+00:00,0.010597032588443878
2026-04-01 00:00:00+00:00,0.006162092824766952
2026-04-02 00:00:00+00:00,-0.015878470303576232
2026-04-06 00:00:00+00:00,0.0007913211317872263
2026-04-07 00:00:00+00:00,-0.004459988540818227
2026-04-08 00:00:00+00:00,0.029814707298763753
2026-04-09 00:00:00+00:00,-0.0012973939384597118
2026-04-10 00:00:00+00:00,0.002089013978824184
2026-04-13 00:00:00+00:00,-0.003109623787690507
2026-04-14 00:00:00+00:00,0.0031505656013968934
2026-04-15 00:00:00+00:00,0.0006578453593488413
2026-04-16 00:00:00+00:00,0.0019199199016831318
2026-04-17 00:00:00+00:00,0.0068895551371136125
2026-04-20 00:00:00+00:00,-0.0018817882793517923
2026-04-21 00:00:00+00:00,0.002052980611434963
2026-04-22 00:00:00+00:00,0.007816836820709073
2026-04-23 00:00:00+00:00,-0.00269288388121911
2026-04-24 00:00:00+00:00,0.006765264892658907
2026-04-27 00:00:00+00:00,-0.0012007776329792438
2026-04-28 00:00:00+00:00,-0.007775866495612049
2026-04-29 00:00:00+00:00,3.64664699789244e-05
2026-04-30 00:00:00+00:00,0.004699912388526817
2026-05-01 00:00:00+00:00,0.0025652531484831823
2026-05-04 00:00:00+00:00,-0.00032418719228791663
2026-05-05 00:00:00+00:00,0.006093202449720303
2026-05-06 00:00:00+00:00,0.007258765752875063
2026-05-07 00:00:00+00:00,0.0011133274802423657
2026-05-08 00:00:00+00:00,0.005572590089038843
2026-05-11 00:00:00+00:00,-0.0017047404789841455
2026-05-12 00:00:00+00:00,-0.00548383541771722
2026-05-13 00:00:00+00:00,0.0018194335812534383
2026-05-14 00:00:00+00:00,0.0005396172146963311
2026-05-15 00:00:00+00:00,-0.011266998509547243
2026-05-18 00:00:00+00:00,0.0019871875725877234
2026-05-19 00:00:00+00:00,-0.0072191858271528405
2026-05-20 00:00:00+00:00,0.0037290745575163323
2026-05-21 00:00:00+00:00,-0.004977190808312304
2026-05-22 00:00:00+00:00,0.0045609080512379555
2026-05-26 00:00:00+00:00,0.008497662577029075
2026-05-27 00:00:00+00:00,0.001728082212297333
2026-05-28 00:00:00+00:00,-0.00024805603638603484
2026-05-29 00:00:00+00:00,0.0020840238565552286
2026-06-01 00:00:00+00:00,-0.0019003013294240697
2026-06-02 00:00:00+00:00,-0.0015242066513106774
2026-06-03 00:00:00+00:00,-0.0004640764896958524
2026-06-04 00:00:00+00:00,-0.007583993164733216
2026-06-05 00:00:00+00:00,-0.010579327137332261
2026-06-08 00:00:00+00:00,0.012680476137734232
2026-06-09 00:00:00+00:00,0.007507792035712136
2026-06-10 00:00:00+00:00,-0.0071412232463138655
2026-06-11 00:00:00+00:00,0.006031559350756688
2026-06-12 00:00:00+00:00,0.0020409111406461625
2026-06-15 00:00:00+00:00,0.01812547096366387
2026-06-16 00:00:00+00:00,-0.0016615595462876939
2026-06-17 00:00:00+00:00,0.00399104004856784
2026-06-18 00:00:00+00:00,0.015754576234009075
2026-06-22 00:00:00+00:00,0.0018384756609554857
2026-06-23 00:00:00+00:00,-0.022454966942973643
2026-06-24 00:00:00+00:00,0.0019887773461434114
2026-06-25 00:00:00+00:00,0.014317552641707832
2026-06-26 00:00:00+00:00,-0.010398923004742688
2026-06-29 00:00:00+00:00,0.010157971910513675
2026-06-30 00:00:00+00:00,-3.528520952648077e-05
2026-07-01 00:00:00+00:00,-0.006380590365490246
2026-07-02 00:00:00+00:00,0.001082310932081743
2026-07-06 00:00:00+00:00,0.007501631102096418
2026-07-07 00:00:00+00:00,-0.006989037879312576
2026-07-08 00:00:00+00:00,-0.006500084562135999
2026-07-09 00:00:00+00:00,0.005850291721220724
2026-07-10 00:00:00+00:00,-0.0018574444732326941
2026-07-13 00:00:00+00:00,-0.007311202761282975
2026-07-14 00:00:00+00:00,0.006818520075924062
2026-07-15 00:00:00+00:00,0.004192839142405392
2026-07-16 00:00:00+00:00,-0.005649642330173154
2026-07-17 00:00:00+00:00,-0.01617570614827988
2026-07-20 00:00:00+00:00,0.007147373235463406
2026-07-21 00:00:00+00:00,0.010079472460203543
2026-07-22 00:00:00+00:00,-0.005182339771392241
2026-07-23 00:00:00+00:00,-0.013249220008624918
2026-07-24 00:00:00+00:00,-0.0011965236783932683
2026-07-27 00:00:00+00:00,0.009190484495386697
2026-07-28 00:00:00+00:00,-0.004549808751273287
2026-07-29 00:00:00+00:00,-0.0008858610230460858
2026-07-30 00:00:00+00:00,0.014062423085445109
2026-07-31 00:00:00+00:00,0.007977150205346695
2026-08-03 00:00:00+00:00,0.0015383212001341632
2026-08-04 00:00:00+00:00,0.007431296293262524
2026-08-05 00:00:00+00:00,0.0042878284144429405
2026-08-06 00:00:00+00:00,-0.004544099642022714
2026-08-07 00:00:00+00:00,0.005148433504571804
2026-08-10 00:00:00+00:00,-0.0011693850796466784
2026-08-11 00:00:00+00:00,0.0023487420599502488
2026-08-12 00:00:00+00:00,0.00839884713345559
2026-08-13 00:00:00+00:00,0.002242299750569743
2026-08-14 00:00:00+00:00,0.001039380467311635
2026-08-17 00:00:00+00:00,0.0008827029052437489
2026-08-18 00:00:00+00:00,-0.009486579079661028
2026-08-19 00:00:00+00:00,0.0036027724863274217
2026-08-20 00:00:00+00:00,-0.0051013863480961815
2026-08-21 00:00:00+00:00,0.004986225272510103
2026-08-24 00:00:00+00:00,-0.003562951078696674
2026-08-25 00:00:00+00:00,0.004930354538555582
2026-08-26 00:00:00+00:00,-0.0026954319188703165
2026-08-27 00:00:00+00:00,0.005187442740343185
2026-08-28 00:00:00+00:00,-0.000821931745338322
2026-08-31 00:00:00+00:00,-0.002492165989700623
2026-09-01 00:00:00+00:00,-0.010121672105963186
2026-09-02 00:00:00+00:00,-0.00024181000503801202
2026-09-03 00:00:00+00:00,0.002625509509242863
2026-09-04 00:00:00+00:00,0.00012031075256165898
2026-09-08 00:00:00+00:00,0.0003290074309200922
2026-09-09 00:00:00+00:00,-0.0028913901451584675
2026-09-10 00:00:00+00:00,-0.009280640924908134
2026-09-11 00:00:00+00:00,0.00917745939924749
2026-09-14 00:00:00+00:00,-0.011839008821000174
2026-09-15 00:00:00+00:00,-0.0010673379554756775
2026-09-16 00:00:00+00:00,0.0035484716700227795
2026-09-17 00:00:00+00:00,0.013701842883781479
2026-09-18 00:00:00+00:00,0.0014258321165471991
2026-09-21 00:00:00+00:00,0.0076822339265019916
2026-09-22 00:00:00+00:00,-0.000287800608871491
2026-09-23 00:00:00+00:00,-0.001009270882569335
2026-09-24 00:00:00+00:00,-0.006728991676413254
2026-09-25 00:00:00+00:00,0.0019100158847226937
2026-09-28 00:00:00+00:00,-0.0049578581707258925
2026-09-29 00:00:00+00:00,0.0029677861228073147
