Date,ret
2006-07-17 00:00:00+00:00,0.0
2006-07-18 00:00:00+00:00,0.0
2006-07-19 00:00:00+00:00,0.0
2006-07-20 00:00:00+00:00,0.0
2006-07-21 00:00:00+00:00,0.0
2006-07-24 00:00:00+00:00,0.0
2006-07-25 00:00:00+00:00,0.0
2006-07-26 00:00:00+00:00,0.0
2006-07-27 00:00:00+00:00,0.0
2006-07-28 00:00:00+00:00,0.0
2006-07-31 00:00:00+00:00,0.0
2006-08-01 00:00:00+00:00,0.0
2006-08-02 00:00:00+00:00,0.0
2006-08-03 00:00:00+00:00,0.0
2006-08-04 00:00:00+00:00,0.0
2006-08-07 00:00:00+00:00,0.0
2006-08-08 00:00:00+00:00,0.0
2006-08-09 00:00:00+00:00,0.0
2006-08-10 00:00:00+00:00,0.0
2006-08-11 00:00:00+00:00,0.0
2006-08-14 00:00:00+00:00,0.0
2006-08-15 00:00:00+00:00,0.010312329734350185
2006-08-16 00:00:00+00:00,-0.00045000000000000004
2006-08-17 00:00:00+00:00,0.0
2006-08-18 00:00:00+00:00,0.0
2006-08-21 00:00:00+00:00,0.0
2006-08-22 00:00:00+00:00,-0.0005190580887511617
2006-08-23 00:00:00+00:00,-0.002489949053018392
2006-08-24 00:00:00+00:00,-0.0007628774188385812
2006-08-25 00:00:00+00:00,0.0011106300496543265
2006-08-28 00:00:00+00:00,0.00429843495172102
2006-08-29 00:00:00+00:00,0.0010350130291219672
2006-08-30 00:00:00+00:00,0.0005517027519666318
2006-08-31 00:00:00+00:00,-0.0001378602113687344
2006-09-01 00:00:00+00:00,0.005373338985667564
2006-09-05 00:00:00+00:00,0.0017121530466389868
2006-09-06 00:00:00+00:00,-0.007928973294772157
2006-09-07 00:00:00+00:00,-0.004137514292315659
2006-09-08 00:00:00+00:00,0.0025633785572721337
2006-09-11 00:00:00+00:00,0.000898399987316556
2006-09-12 00:00:00+00:00,0.00883333362977412
2006-09-13 00:00:00+00:00,0.003622457606647722
2006-09-14 00:00:00+00:00,6.759052920597419e-05
2006-09-15 00:00:00+00:00,0.002112665644294931
2006-09-18 00:00:00+00:00,0.0012271895768638519
2006-09-19 00:00:00+00:00,-0.0022472333705753967
2006-09-20 00:00:00+00:00,0.004779337045005639
2006-09-21 00:00:00+00:00,-0.004346725565333109
2006-09-22 00:00:00+00:00,-0.00272977542454087
2006-09-25 00:00:00+00:00,0.006914271828946084
2006-09-26 00:00:00+00:00,0.007472519901385333
2006-09-27 00:00:00+00:00,0.0010779767024126086
2006-09-28 00:00:00+00:00,-0.0003364230908890265
2006-09-29 00:00:00+00:00,-0.000740540824218261
2006-10-02 00:00:00+00:00,-0.0033684827013392817
2006-10-03 00:00:00+00:00,0.0018933417951222165
2006-10-04 00:00:00+00:00,0.010527555311250603
2006-10-05 00:00:00+00:00,0.0017346726688983517
2006-10-06 00:00:00+00:00,-0.0011316976962301051
2006-10-09 00:00:00+00:00,0.0005330961410642043
2006-10-10 00:00:00+00:00,0.0011992691118174915
2006-10-11 00:00:00+00:00,-0.0010642162931713496
2006-10-12 00:00:00+00:00,0.007793396025543054
2006-10-13 00:00:00+00:00,0.0023113598648208944
2006-10-16 00:00:00+00:00,0.0013832199893258235
2006-10-17 00:00:00+00:00,-0.00282794060706727
2006-10-18 00:00:00+00:00,0.0011874462231424188
2006-10-19 00:00:00+00:00,0.0014494188822743671
2006-10-20 00:00:00+00:00,0.00019749794142358558
2006-10-23 00:00:00+00:00,0.004143581407152985
2006-10-24 00:00:00+00:00,0.002683947361158312
2006-10-25 00:00:00+00:00,0.00306811313570472
2006-10-26 00:00:00+00:00,0.0027975762192746336
2006-10-27 00:00:00+00:00,-0.005642070520711063
2006-10-30 00:00:00+00:00,-0.0006527163742221176
2006-10-31 00:00:00+00:00,-0.00013085347459145248
2006-11-01 00:00:00+00:00,-0.006074222378862748
2006-11-02 00:00:00+00:00,-0.000525890048900024
2006-11-03 00:00:00+00:00,-0.001579316147441079
2006-11-06 00:00:00+00:00,0.010150587677005208
2006-11-07 00:00:00+00:00,0.003454529714307464
2006-11-08 00:00:00+00:00,0.0019482609055087696
2006-11-09 00:00:00+00:00,-0.004730207242897056
2006-11-10 00:00:00+00:00,0.0003910796903261016
2006-11-13 00:00:00+00:00,0.0022135805924168527
2006-11-14 00:00:00+00:00,0.006754646555768607
2006-11-15 00:00:00+00:00,0.002578321066772271
2006-11-16 00:00:00+00:00,0.002313450237466275
2006-11-17 00:00:00+00:00,0.00025684533112118045
2006-11-20 00:00:00+00:00,0.000512275398853479
2006-11-21 00:00:00+00:00,0.000897169506286688
2006-11-22 00:00:00+00:00,0.0017913557496698651
2006-11-24 00:00:00+00:00,-0.0036399989012336877
2006-11-27 00:00:00+00:00,-0.012376340298898104
2006-11-28 00:00:00+00:00,0.0039010121600461466
2006-11-29 00:00:00+00:00,0.009387649457952363
2006-11-30 00:00:00+00:00,-0.00045000000000000004
2006-12-01 00:00:00+00:00,0.0
2006-12-04 00:00:00+00:00,0.0
2006-12-05 00:00:00+00:00,0.0
2006-12-06 00:00:00+00:00,-0.001210887347737871
2006-12-07 00:00:00+00:00,-0.003935613187680531
2006-12-08 00:00:00+00:00,0.001657920568392579
2006-12-11 00:00:00+00:00,0.002609471373140826
2006-12-12 00:00:00+00:00,-0.00045000000000000004
2006-12-13 00:00:00+00:00,0.0
2006-12-14 00:00:00+00:00,0.0
2006-12-15 00:00:00+00:00,0.0
2006-12-18 00:00:00+00:00,0.0
2006-12-19 00:00:00+00:00,0.0
2006-12-20 00:00:00+00:00,0.0
2006-12-21 00:00:00+00:00,0.0
2006-12-22 00:00:00+00:00,0.0
2006-12-26 00:00:00+00:00,0.0
2006-12-27 00:00:00+00:00,0.0054620956703629936
2006-12-28 00:00:00+00:00,-0.0018945277562716024
2006-12-29 00:00:00+00:00,-0.0037339280754170923
2007-01-03 00:00:00+00:00,-0.001588961111468923
2007-01-04 00:00:00+00:00,0.0019102231552621917
2007-01-05 00:00:00+00:00,-0.007178751301878672
2007-01-08 00:00:00+00:00,0.004162570042067437
2007-01-09 00:00:00+00:00,-0.0007647982287855793
2007-01-10 00:00:00+00:00,0.002998234116643128
2007-01-11 00:00:00+00:00,0.003942486694575887
2007-01-12 00:00:00+00:00,0.00683711818016568
2007-01-16 00:00:00+00:00,-0.00045000000000000004
2007-01-17 00:00:00+00:00,-7.216329870907662e-05
2007-01-18 00:00:00+00:00,-0.0030207369709374767
2007-01-19 00:00:00+00:00,0.0017680422479581237
2007-01-22 00:00:00+00:00,-0.0027727373907434406
2007-01-23 00:00:00+00:00,0.0026550779040835915
2007-01-24 00:00:00+00:00,0.007247592931274793
2007-01-25 00:00:00+00:00,-0.00045000000000000004
2007-01-26 00:00:00+00:00,0.0
2007-01-29 00:00:00+00:00,-0.0009566319042677293
2007-01-30 00:00:00+00:00,0.0046884996360794465
2007-01-31 00:00:00+00:00,0.006050930827598467
2007-02-01 00:00:00+00:00,-0.00045000000000000004
2007-02-02 00:00:00+00:00,0.0
2007-02-05 00:00:00+00:00,0.0
2007-02-06 00:00:00+00:00,-0.00020157672975192292
2007-02-07 00:00:00+00:00,0.001988060496383337
2007-02-08 00:00:00+00:00,-0.001177694810491159
2007-02-09 00:00:00+00:00,-0.006702890039675902
2007-02-12 00:00:00+00:00,-0.003063587521640121
2007-02-13 00:00:00+00:00,0.007591163882861851
2007-02-14 00:00:00+00:00,-0.00045000000000000004
2007-02-15 00:00:00+00:00,0.0
2007-02-16 00:00:00+00:00,0.0
2007-02-20 00:00:00+00:00,0.0
2007-02-21 00:00:00+00:00,0.0
2007-02-22 00:00:00+00:00,0.0
2007-02-23 00:00:00+00:00,0.0
2007-02-26 00:00:00+00:00,-0.001255213918746095
2007-02-27 00:00:00+00:00,-0.03515163326451919
2007-02-28 00:00:00+00:00,-0.00045000000000000004
2007-03-01 00:00:00+00:00,0.0
2007-03-02 00:00:00+00:00,0.0
2007-03-05 00:00:00+00:00,0.0
2007-03-06 00:00:00+00:00,0.0
2007-03-07 00:00:00+00:00,0.0
2007-03-08 00:00:00+00:00,0.0
2007-03-09 00:00:00+00:00,0.0
2007-03-12 00:00:00+00:00,0.0
2007-03-13 00:00:00+00:00,0.0
2007-03-14 00:00:00+00:00,0.0
2007-03-15 00:00:00+00:00,0.0
2007-03-16 00:00:00+00:00,0.0
2007-03-19 00:00:00+00:00,0.0
2007-03-20 00:00:00+00:00,0.0
2007-03-21 00:00:00+00:00,0.0
2007-03-22 00:00:00+00:00,0.0
2007-03-23 00:00:00+00:00,0.0
2007-03-26 00:00:00+00:00,0.0
2007-03-27 00:00:00+00:00,0.0
2007-03-28 00:00:00+00:00,0.0
2007-03-29 00:00:00+00:00,0.0
2007-03-30 00:00:00+00:00,0.0
2007-04-02 00:00:00+00:00,0.0
2007-04-03 00:00:00+00:00,0.0
2007-04-04 00:00:00+00:00,0.0
2007-04-05 00:00:00+00:00,0.0
2007-04-09 00:00:00+00:00,0.0
2007-04-10 00:00:00+00:00,0.0
2007-04-11 00:00:00+00:00,0.0
2007-04-12 00:00:00+00:00,0.0035491767935656063
2007-04-13 00:00:00+00:00,0.0041062494366622465
2007-04-16 00:00:00+00:00,0.008547050959116965
2007-04-17 00:00:00+00:00,-0.00045000000000000004
2007-04-18 00:00:00+00:00,0.0006511966695572584
2007-04-19 00:00:00+00:00,-0.0002445074761284194
2007-04-20 00:00:00+00:00,0.008497029370548304
2007-04-23 00:00:00+00:00,-0.0033911528978763927
2007-04-24 00:00:00+00:00,0.00036470493199196595
2007-04-25 00:00:00+00:00,-0.00045000000000000004
2007-04-26 00:00:00+00:00,0.0
2007-04-27 00:00:00+00:00,0.0
2007-04-30 00:00:00+00:00,-0.007913400146379762
2007-05-01 00:00:00+00:00,-0.00045000000000000004
2007-05-02 00:00:00+00:00,0.0
2007-05-03 00:00:00+00:00,0.004425575329252202
2007-05-04 00:00:00+00:00,0.0034110757135831673
2007-05-07 00:00:00+00:00,0.00017915671622237284
2007-05-08 00:00:00+00:00,-0.00119240850570298
2007-05-09 00:00:00+00:00,0.002447680364341909
2007-05-10 00:00:00+00:00,-0.009407070504350934
2007-05-11 00:00:00+00:00,0.007701374733385414
2007-05-14 00:00:00+00:00,-0.0019681929994965876
2007-05-15 00:00:00+00:00,0.00023895159148017432
2007-05-16 00:00:00+00:00,0.006156400019504083
2007-05-17 00:00:00+00:00,-0.001780555767122194
2007-05-18 00:00:00+00:00,0.00785129756311922
2007-05-21 00:00:00+00:00,-0.0004714232613059921
2007-05-22 00:00:00+00:00,-0.0007083088486227185
2007-05-23 00:00:00+00:00,0.00011821949519659203
2007-05-24 00:00:00+00:00,-0.008147777683931068
2007-05-25 00:00:00+00:00,0.0037536773239747133
2007-05-29 00:00:00+00:00,0.003263708565519652
2007-05-30 00:00:00+00:00,0.007329963818945506
2007-05-31 00:00:00+00:00,-0.0009378189778995405
2007-06-01 00:00:00+00:00,0.004461045222377691
2007-06-04 00:00:00+00:00,0.00011700945301493793
2007-06-05 00:00:00+00:00,-0.0035626941686665026
2007-06-06 00:00:00+00:00,-0.009675023839940356
2007-06-07 00:00:00+00:00,-0.016240695778834226
2007-06-08 00:00:00+00:00,-0.00045000000000000004
2007-06-11 00:00:00+00:00,0.0010998565981303835
2007-06-12 00:00:00+00:00,-0.009815579857630864
2007-06-13 00:00:00+00:00,-0.00045000000000000004
2007-06-14 00:00:00+00:00,0.0
2007-06-15 00:00:00+00:00,0.0
2007-06-18 00:00:00+00:00,0.0
2007-06-19 00:00:00+00:00,0.0
2007-06-20 00:00:00+00:00,0.0
2007-06-21 00:00:00+00:00,0.0
2007-06-22 00:00:00+00:00,0.0
2007-06-25 00:00:00+00:00,0.0
2007-06-26 00:00:00+00:00,0.0
2007-06-27 00:00:00+00:00,0.0
2007-06-28 00:00:00+00:00,0.0
2007-06-29 00:00:00+00:00,0.0
2007-07-02 00:00:00+00:00,0.0
2007-07-03 00:00:00+00:00,0.0
2007-07-05 00:00:00+00:00,0.0
2007-07-06 00:00:00+00:00,0.0
2007-07-09 00:00:00+00:00,0.0
2007-07-10 00:00:00+00:00,0.0
2007-07-11 00:00:00+00:00,0.0
2007-07-12 00:00:00+00:00,0.013761271661141555
2007-07-13 00:00:00+00:00,-0.00045000000000000004
2007-07-16 00:00:00+00:00,0.0
2007-07-17 00:00:00+00:00,0.0
2007-07-18 00:00:00+00:00,0.0
2007-07-19 00:00:00+00:00,0.0
2007-07-20 00:00:00+00:00,-0.009561703299585606
2007-07-23 00:00:00+00:00,0.0027552935335890985
2007-07-24 00:00:00+00:00,-0.015606209710879882
2007-07-25 00:00:00+00:00,-0.00045000000000000004
2007-07-26 00:00:00+00:00,0.0
2007-07-27 00:00:00+00:00,0.0
2007-07-30 00:00:00+00:00,0.0
2007-07-31 00:00:00+00:00,0.0
2007-08-01 00:00:00+00:00,0.0
2007-08-02 00:00:00+00:00,0.0
2007-08-03 00:00:00+00:00,0.0
2007-08-06 00:00:00+00:00,0.0
2007-08-07 00:00:00+00:00,0.0
2007-08-08 00:00:00+00:00,0.0
2007-08-09 00:00:00+00:00,0.0
2007-08-10 00:00:00+00:00,0.0
2007-08-13 00:00:00+00:00,0.0
2007-08-14 00:00:00+00:00,0.0
2007-08-15 00:00:00+00:00,0.0
2007-08-16 00:00:00+00:00,0.0
2007-08-17 00:00:00+00:00,0.0
2007-08-20 00:00:00+00:00,0.0
2007-08-21 00:00:00+00:00,0.0
2007-08-22 00:00:00+00:00,0.0
2007-08-23 00:00:00+00:00,0.0
2007-08-24 00:00:00+00:00,0.0
2007-08-27 00:00:00+00:00,0.0
2007-08-28 00:00:00+00:00,0.0
2007-08-29 00:00:00+00:00,0.0
2007-08-30 00:00:00+00:00,0.0
2007-08-31 00:00:00+00:00,0.0
2007-09-04 00:00:00+00:00,0.0
2007-09-05 00:00:00+00:00,0.0
2007-09-06 00:00:00+00:00,0.0
2007-09-07 00:00:00+00:00,0.0
2007-09-10 00:00:00+00:00,0.0
2007-09-11 00:00:00+00:00,0.0
2007-09-12 00:00:00+00:00,0.0
2007-09-13 00:00:00+00:00,0.0
2007-09-14 00:00:00+00:00,0.0
2007-09-17 00:00:00+00:00,0.0
2007-09-18 00:00:00+00:00,0.0
2007-09-19 00:00:00+00:00,0.0
2007-09-20 00:00:00+00:00,0.0
2007-09-21 00:00:00+00:00,0.0
2007-09-24 00:00:00+00:00,0.0
2007-09-25 00:00:00+00:00,0.0
2007-09-26 00:00:00+00:00,0.0
2007-09-27 00:00:00+00:00,0.0
2007-09-28 00:00:00+00:00,0.0
2007-10-01 00:00:00+00:00,0.009695620469302852
2007-10-02 00:00:00+00:00,-0.001225290773939658
2007-10-03 00:00:00+00:00,-0.001810051498183085
2007-10-04 00:00:00+00:00,0.0014041827143320695
2007-10-05 00:00:00+00:00,0.010693794029187909
2007-10-08 00:00:00+00:00,-0.004793009625458655
2007-10-09 00:00:00+00:00,0.008475841044267995
2007-10-10 00:00:00+00:00,-0.00045000000000000004
2007-10-11 00:00:00+00:00,-0.004770949776838901
2007-10-12 00:00:00+00:00,0.004978825702946255
2007-10-15 00:00:00+00:00,-0.007599515916663413
2007-10-16 00:00:00+00:00,-0.007141261884710537
2007-10-17 00:00:00+00:00,0.0027500526128029445
2007-10-18 00:00:00+00:00,-0.0032673481226368375
2007-10-19 00:00:00+00:00,-0.023540517274560923
2007-10-22 00:00:00+00:00,0.005231418021622214
2007-10-23 00:00:00+00:00,-0.00045000000000000004
2007-10-24 00:00:00+00:00,-0.002110381835753899
2007-10-25 00:00:00+00:00,0.002138703983041679
2007-10-26 00:00:00+00:00,0.0105510767451666
2007-10-29 00:00:00+00:00,0.00298729590254585
2007-10-30 00:00:00+00:00,-0.006247430487103323
2007-10-31 00:00:00+00:00,0.009348484782231848
2007-11-01 00:00:00+00:00,-0.021066579925611652
2007-11-02 00:00:00+00:00,-0.00045000000000000004
2007-11-05 00:00:00+00:00,-0.00729533464852507
2007-11-06 00:00:00+00:00,-0.00045000000000000004
2007-11-07 00:00:00+00:00,-0.025069845629768724
2007-11-08 00:00:00+00:00,-0.00045000000000000004
2007-11-09 00:00:00+00:00,0.0
2007-11-12 00:00:00+00:00,0.0
2007-11-13 00:00:00+00:00,0.0
2007-11-14 00:00:00+00:00,0.0
2007-11-15 00:00:00+00:00,0.0
2007-11-16 00:00:00+00:00,0.0
2007-11-19 00:00:00+00:00,-0.01298177336646083
2007-11-20 00:00:00+00:00,-0.00045000000000000004
2007-11-21 00:00:00+00:00,-0.018868023117005066
2007-11-23 00:00:00+00:00,0.01556341945098858
2007-11-26 00:00:00+00:00,-0.00045000000000000004
2007-11-27 00:00:00+00:00,0.0
2007-11-28 00:00:00+00:00,0.0
2007-11-29 00:00:00+00:00,0.0
2007-11-30 00:00:00+00:00,0.0
2007-12-03 00:00:00+00:00,0.0
2007-12-04 00:00:00+00:00,0.0
2007-12-05 00:00:00+00:00,0.0
2007-12-06 00:00:00+00:00,0.0
2007-12-07 00:00:00+00:00,0.0
2007-12-10 00:00:00+00:00,0.0
2007-12-11 00:00:00+00:00,0.0
2007-12-12 00:00:00+00:00,0.0
2007-12-13 00:00:00+00:00,0.0
2007-12-14 00:00:00+00:00,0.0
2007-12-17 00:00:00+00:00,0.0
2007-12-18 00:00:00+00:00,0.0
2007-12-19 00:00:00+00:00,0.0
2007-12-20 00:00:00+00:00,0.0
2007-12-21 00:00:00+00:00,0.0
2007-12-24 00:00:00+00:00,0.0
2007-12-26 00:00:00+00:00,0.0
2007-12-27 00:00:00+00:00,0.0
2007-12-28 00:00:00+00:00,0.0
2007-12-31 00:00:00+00:00,0.0
2008-01-02 00:00:00+00:00,-0.008329373188280738
2008-01-03 00:00:00+00:00,-0.00043469653483045877
2008-01-04 00:00:00+00:00,-0.022055815199500308
2008-01-07 00:00:00+00:00,-0.00045000000000000004
2008-01-08 00:00:00+00:00,0.0
2008-01-09 00:00:00+00:00,0.009009328360429864
2008-01-10 00:00:00+00:00,0.005899074373759828
2008-01-11 00:00:00+00:00,-0.007261820963667654
2008-01-14 00:00:00+00:00,0.007256348408433077
2008-01-15 00:00:00+00:00,-0.019811225677175037
2008-01-16 00:00:00+00:00,-0.007751805988840388
2008-01-17 00:00:00+00:00,-0.00045000000000000004
2008-01-18 00:00:00+00:00,0.0
2008-01-22 00:00:00+00:00,0.0
2008-01-23 00:00:00+00:00,0.0
2008-01-24 00:00:00+00:00,0.0
2008-01-25 00:00:00+00:00,0.0
2008-01-28 00:00:00+00:00,0.0
2008-01-29 00:00:00+00:00,0.0
2008-01-30 00:00:00+00:00,0.0
2008-01-31 00:00:00+00:00,0.0
2008-02-01 00:00:00+00:00,0.0
2008-02-04 00:00:00+00:00,0.0
2008-02-05 00:00:00+00:00,0.0
2008-02-06 00:00:00+00:00,0.0
2008-02-07 00:00:00+00:00,0.0
2008-02-08 00:00:00+00:00,0.0
2008-02-11 00:00:00+00:00,0.0
2008-02-12 00:00:00+00:00,0.0
2008-02-13 00:00:00+00:00,0.0
2008-02-14 00:00:00+00:00,0.0
2008-02-15 00:00:00+00:00,0.0
2008-02-19 00:00:00+00:00,0.0020806695453723326
2008-02-20 00:00:00+00:00,-0.00045000000000000004
2008-02-21 00:00:00+00:00,-0.007932600821224628
2008-02-22 00:00:00+00:00,-0.00045000000000000004
2008-02-25 00:00:00+00:00,0.010897708540611178
2008-02-26 00:00:00+00:00,0.0067503349692929595
2008-02-27 00:00:00+00:00,-0.0009106758195244092
2008-02-28 00:00:00+00:00,-0.008790441479793755
2008-02-29 00:00:00+00:00,-0.020055413319249316
2008-03-03 00:00:00+00:00,-0.00045000000000000004
2008-03-04 00:00:00+00:00,0.0
2008-03-05 00:00:00+00:00,0.005234689677624477
2008-03-06 00:00:00+00:00,-0.018627690743466953
2008-03-07 00:00:00+00:00,-0.00045000000000000004
2008-03-10 00:00:00+00:00,0.0
2008-03-11 00:00:00+00:00,0.0
2008-03-12 00:00:00+00:00,0.0
2008-03-13 00:00:00+00:00,0.0015369764886873308
2008-03-14 00:00:00+00:00,-0.00045000000000000004
2008-03-17 00:00:00+00:00,0.0
2008-03-18 00:00:00+00:00,0.0
2008-03-19 00:00:00+00:00,0.0
2008-03-20 00:00:00+00:00,0.0
2008-03-24 00:00:00+00:00,0.0
2008-03-25 00:00:00+00:00,0.0
2008-03-26 00:00:00+00:00,0.0
2008-03-27 00:00:00+00:00,0.0
2008-03-28 00:00:00+00:00,0.0
2008-03-31 00:00:00+00:00,0.0
2008-04-01 00:00:00+00:00,0.0
2008-04-02 00:00:00+00:00,0.0
2008-04-03 00:00:00+00:00,0.0
2008-04-04 00:00:00+00:00,0.0
2008-04-07 00:00:00+00:00,0.0
2008-04-08 00:00:00+00:00,0.0
2008-04-09 00:00:00+00:00,0.0
2008-04-10 00:00:00+00:00,0.0
2008-04-11 00:00:00+00:00,0.0
2008-04-14 00:00:00+00:00,0.0
2008-04-15 00:00:00+00:00,0.0
2008-04-16 00:00:00+00:00,0.0
2008-04-17 00:00:00+00:00,0.0
2008-04-18 00:00:00+00:00,0.0
2008-04-21 00:00:00+00:00,0.0
2008-04-22 00:00:00+00:00,0.0
2008-04-23 00:00:00+00:00,0.0
2008-04-24 00:00:00+00:00,0.0
2008-04-25 00:00:00+00:00,0.0
2008-04-28 00:00:00+00:00,0.0
2008-04-29 00:00:00+00:00,0.0
2008-04-30 00:00:00+00:00,-0.005756380523542365
2008-05-01 00:00:00+00:00,0.018617102587362468
2008-05-02 00:00:00+00:00,0.002487338393685379
2008-05-05 00:00:00+00:00,-0.00045000000000000004
2008-05-06 00:00:00+00:00,0.007347091480365004
2008-05-07 00:00:00+00:00,-0.00045000000000000004
2008-05-08 00:00:00+00:00,0.0
2008-05-09 00:00:00+00:00,0.0
2008-05-12 00:00:00+00:00,0.00965809429882702
2008-05-13 00:00:00+00:00,-0.00045000000000000004
2008-05-14 00:00:00+00:00,0.0
2008-05-15 00:00:00+00:00,0.010802309860833364
2008-05-16 00:00:00+00:00,-0.00045000000000000004
2008-05-19 00:00:00+00:00,0.002010960197804396
2008-05-20 00:00:00+00:00,-0.007298615270137587
2008-05-21 00:00:00+00:00,-0.015222987455976588
2008-05-22 00:00:00+00:00,0.00012960849349283877
2008-05-23 00:00:00+00:00,-0.012064330781873989
2008-05-27 00:00:00+00:00,0.006669604199305313
2008-05-28 00:00:00+00:00,0.00415426654193336
2008-05-29 00:00:00+00:00,0.004522740033688977
2008-05-30 00:00:00+00:00,-0.00045000000000000004
2008-06-02 00:00:00+00:00,-0.009748674994826895
2008-06-03 00:00:00+00:00,-0.005248524114382103
2008-06-04 00:00:00+00:00,-0.0004559307206294494
2008-06-05 00:00:00+00:00,0.01799724505302147
2008-06-06 00:00:00+00:00,-0.028704383841741787
2008-06-09 00:00:00+00:00,0.0021790144518132326
2008-06-10 00:00:00+00:00,-0.004479341547358662
2008-06-11 00:00:00+00:00,-0.013240952359767456
2008-06-12 00:00:00+00:00,0.0034268145138452335
2008-06-13 00:00:00+00:00,0.011379482580287736
2008-06-16 00:00:00+00:00,-0.00045000000000000004
2008-06-17 00:00:00+00:00,0.0
2008-06-18 00:00:00+00:00,0.0
2008-06-19 00:00:00+00:00,0.0006896580548290958
2008-06-20 00:00:00+00:00,-0.014608378798278721
2008-06-23 00:00:00+00:00,-0.0008891638653462209
2008-06-24 00:00:00+00:00,-0.001779940798050328
2008-06-25 00:00:00+00:00,0.004253350870752337
2008-06-26 00:00:00+00:00,-0.024444940954511975
2008-06-27 00:00:00+00:00,-0.0049127628159462144
2008-06-30 00:00:00+00:00,0.0031761282713006047
2008-07-01 00:00:00+00:00,-0.00045000000000000004
2008-07-02 00:00:00+00:00,-0.015872873623626157
2008-07-03 00:00:00+00:00,-0.00045000000000000004
2008-07-07 00:00:00+00:00,0.0
2008-07-08 00:00:00+00:00,0.0
2008-07-09 00:00:00+00:00,0.0
2008-07-10 00:00:00+00:00,0.0
2008-07-11 00:00:00+00:00,0.0
2008-07-14 00:00:00+00:00,0.0
2008-07-15 00:00:00+00:00,0.0
2008-07-16 00:00:00+00:00,0.0
2008-07-17 00:00:00+00:00,0.0
2008-07-18 00:00:00+00:00,0.0
2008-07-21 00:00:00+00:00,0.0
2008-07-22 00:00:00+00:00,0.009760204663106203
2008-07-23 00:00:00+00:00,-0.00045000000000000004
2008-07-24 00:00:00+00:00,0.0
2008-07-25 00:00:00+00:00,0.0
2008-07-28 00:00:00+00:00,-0.013647496649159025
2008-07-29 00:00:00+00:00,-0.00045000000000000004
2008-07-30 00:00:00+00:00,0.0
2008-07-31 00:00:00+00:00,0.0
2008-08-01 00:00:00+00:00,0.0
2008-08-04 00:00:00+00:00,0.0
2008-08-05 00:00:00+00:00,0.0
2008-08-06 00:00:00+00:00,0.0
2008-08-07 00:00:00+00:00,0.0
2008-08-08 00:00:00+00:00,0.0
2008-08-11 00:00:00+00:00,0.0
2008-08-12 00:00:00+00:00,0.0
2008-08-13 00:00:00+00:00,0.0
2008-08-14 00:00:00+00:00,0.0
2008-08-15 00:00:00+00:00,0.0
2008-08-18 00:00:00+00:00,0.0
2008-08-19 00:00:00+00:00,0.0
2008-08-20 00:00:00+00:00,0.0
2008-08-21 00:00:00+00:00,0.0
2008-08-22 00:00:00+00:00,0.0
2008-08-25 00:00:00+00:00,0.0
2008-08-26 00:00:00+00:00,0.0
2008-08-27 00:00:00+00:00,0.0
2008-08-28 00:00:00+00:00,0.0
2008-08-29 00:00:00+00:00,0.0
2008-09-02 00:00:00+00:00,0.0
2008-09-03 00:00:00+00:00,0.0
2008-09-04 00:00:00+00:00,-0.027545781026900702
2008-09-05 00:00:00+00:00,0.002830022738108551
2008-09-08 00:00:00+00:00,0.018590315401902282
2008-09-09 00:00:00+00:00,-0.00045000000000000004
2008-09-10 00:00:00+00:00,0.0
2008-09-11 00:00:00+00:00,0.0
2008-09-12 00:00:00+00:00,0.0
2008-09-15 00:00:00+00:00,0.0
2008-09-16 00:00:00+00:00,0.0
2008-09-17 00:00:00+00:00,0.0
2008-09-18 00:00:00+00:00,0.0
2008-09-19 00:00:00+00:00,0.0
2008-09-22 00:00:00+00:00,0.0
2008-09-23 00:00:00+00:00,0.0
2008-09-24 00:00:00+00:00,0.0
2008-09-25 00:00:00+00:00,0.0
2008-09-26 00:00:00+00:00,0.0
2008-09-29 00:00:00+00:00,0.0
2008-09-30 00:00:00+00:00,0.0
2008-10-01 00:00:00+00:00,0.0
2008-10-02 00:00:00+00:00,0.0
2008-10-03 00:00:00+00:00,0.0
2008-10-06 00:00:00+00:00,0.0
2008-10-07 00:00:00+00:00,0.0
2008-10-08 00:00:00+00:00,0.0
2008-10-09 00:00:00+00:00,0.0
2008-10-10 00:00:00+00:00,0.0
2008-10-13 00:00:00+00:00,0.0
2008-10-14 00:00:00+00:00,0.0
2008-10-15 00:00:00+00:00,0.0
2008-10-16 00:00:00+00:00,0.0
2008-10-17 00:00:00+00:00,0.0
2008-10-20 00:00:00+00:00,0.0
2008-10-21 00:00:00+00:00,0.0
2008-10-22 00:00:00+00:00,0.0
2008-10-23 00:00:00+00:00,0.0
2008-10-24 00:00:00+00:00,0.0
2008-10-27 00:00:00+00:00,0.0
2008-10-28 00:00:00+00:00,0.0
2008-10-29 00:00:00+00:00,0.0
2008-10-30 00:00:00+00:00,0.0
2008-10-31 00:00:00+00:00,0.0
2008-11-03 00:00:00+00:00,0.0
2008-11-04 00:00:00+00:00,0.0
2008-11-05 00:00:00+00:00,0.0
2008-11-06 00:00:00+00:00,0.0
2008-11-07 00:00:00+00:00,0.0
2008-11-10 00:00:00+00:00,0.0
2008-11-11 00:00:00+00:00,0.0
2008-11-12 00:00:00+00:00,0.0
2008-11-13 00:00:00+00:00,0.0
2008-11-14 00:00:00+00:00,0.0
2008-11-17 00:00:00+00:00,0.0
2008-11-18 00:00:00+00:00,0.0
2008-11-19 00:00:00+00:00,0.0
2008-11-20 00:00:00+00:00,0.0
2008-11-21 00:00:00+00:00,0.0
2008-11-24 00:00:00+00:00,0.0
2008-11-25 00:00:00+00:00,0.0
2008-11-26 00:00:00+00:00,0.0
2008-11-28 00:00:00+00:00,0.0
2008-12-01 00:00:00+00:00,0.0
2008-12-02 00:00:00+00:00,0.0
2008-12-03 00:00:00+00:00,0.0
2008-12-04 00:00:00+00:00,0.0
2008-12-05 00:00:00+00:00,0.0
2008-12-08 00:00:00+00:00,0.0
2008-12-09 00:00:00+00:00,0.0
2008-12-10 00:00:00+00:00,0.0
2008-12-11 00:00:00+00:00,0.0
2008-12-12 00:00:00+00:00,0.0
2008-12-15 00:00:00+00:00,0.0
2008-12-16 00:00:00+00:00,0.0
2008-12-17 00:00:00+00:00,0.0
2008-12-18 00:00:00+00:00,0.0
2008-12-19 00:00:00+00:00,0.0
2008-12-22 00:00:00+00:00,0.0
2008-12-23 00:00:00+00:00,0.0
2008-12-24 00:00:00+00:00,0.0
2008-12-26 00:00:00+00:00,0.0
2008-12-29 00:00:00+00:00,0.0
2008-12-30 00:00:00+00:00,0.0
2008-12-31 00:00:00+00:00,0.012397028375351499
2009-01-02 00:00:00+00:00,0.02712792657879435
2009-01-05 00:00:00+00:00,-0.0010649108327521974
2009-01-06 00:00:00+00:00,0.006009797131374106
2009-01-07 00:00:00+00:00,-0.02696101521947475
2009-01-08 00:00:00+00:00,0.0036731138139211696
2009-01-09 00:00:00+00:00,-0.01927763712963534
2009-01-12 00:00:00+00:00,-0.021618349030283115
2009-01-13 00:00:00+00:00,0.0016559517850224471
2009-01-14 00:00:00+00:00,-0.02830943067498828
2009-01-15 00:00:00+00:00,0.0003205136570174183
2009-01-16 00:00:00+00:00,0.0070380561669196595
2009-01-20 00:00:00+00:00,-0.04750789667822075
2009-01-21 00:00:00+00:00,-0.00045000000000000004
2009-01-22 00:00:00+00:00,-0.014370609087698943
2009-01-23 00:00:00+00:00,0.003915357297379951
2009-01-26 00:00:00+00:00,0.0061727705828094285
2009-01-27 00:00:00+00:00,0.009141584863661834
2009-01-28 00:00:00+00:00,0.030450939792824407
2009-01-29 00:00:00+00:00,-0.00045000000000000004
2009-01-30 00:00:00+00:00,-0.018758616112608567
2009-02-02 00:00:00+00:00,-0.00045000000000000004
2009-02-03 00:00:00+00:00,0.0
2009-02-04 00:00:00+00:00,0.0
2009-02-05 00:00:00+00:00,0.0
2009-02-06 00:00:00+00:00,0.0
2009-02-09 00:00:00+00:00,0.0007917392184897568
2009-02-10 00:00:00+00:00,-0.00045000000000000004
2009-02-11 00:00:00+00:00,0.0
2009-02-12 00:00:00+00:00,0.00019574589360690827
2009-02-13 00:00:00+00:00,-0.00045000000000000004
2009-02-17 00:00:00+00:00,0.0
2009-02-18 00:00:00+00:00,0.0
2009-02-19 00:00:00+00:00,0.0
2009-02-20 00:00:00+00:00,0.0
2009-02-23 00:00:00+00:00,0.0
2009-02-24 00:00:00+00:00,0.0
2009-02-25 00:00:00+00:00,0.0
2009-02-26 00:00:00+00:00,0.0
2009-02-27 00:00:00+00:00,0.0
2009-03-02 00:00:00+00:00,0.0
2009-03-03 00:00:00+00:00,0.0
2009-03-04 00:00:00+00:00,0.0
2009-03-05 00:00:00+00:00,0.0
2009-03-06 00:00:00+00:00,0.0
2009-03-09 00:00:00+00:00,0.0
2009-03-10 00:00:00+00:00,0.0
2009-03-11 00:00:00+00:00,0.0
2009-03-12 00:00:00+00:00,0.0
2009-03-13 00:00:00+00:00,0.0
2009-03-16 00:00:00+00:00,0.0
2009-03-17 00:00:00+00:00,0.0
2009-03-18 00:00:00+00:00,0.0
2009-03-19 00:00:00+00:00,0.0
2009-03-20 00:00:00+00:00,0.0
2009-03-23 00:00:00+00:00,0.0
2009-03-24 00:00:00+00:00,0.0
2009-03-25 00:00:00+00:00,0.0
2009-03-26 00:00:00+00:00,0.0
2009-03-27 00:00:00+00:00,0.0
2009-03-30 00:00:00+00:00,0.0
2009-03-31 00:00:00+00:00,0.0
2009-04-01 00:00:00+00:00,0.0
2009-04-02 00:00:00+00:00,0.0
2009-04-03 00:00:00+00:00,0.0
2009-04-06 00:00:00+00:00,0.0
2009-04-07 00:00:00+00:00,0.0
2009-04-08 00:00:00+00:00,0.0
2009-04-09 00:00:00+00:00,0.0
2009-04-13 00:00:00+00:00,0.0
2009-04-14 00:00:00+00:00,0.0
2009-04-15 00:00:00+00:00,0.0
2009-04-16 00:00:00+00:00,0.0
2009-04-17 00:00:00+00:00,0.0
2009-04-20 00:00:00+00:00,0.0
2009-04-21 00:00:00+00:00,0.0
2009-04-22 00:00:00+00:00,0.0
2009-04-23 00:00:00+00:00,0.008385652181141418
2009-04-24 00:00:00+00:00,0.013599518631328645
2009-04-27 00:00:00+00:00,-0.008516411500532584
2009-04-28 00:00:00+00:00,-0.0028304111100276755
2009-04-29 00:00:00+00:00,0.01914195145441835
2009-04-30 00:00:00+00:00,0.0003087929507524789
2009-05-01 00:00:00+00:00,0.004838883705730712
2009-05-04 00:00:00+00:00,0.030617697228144957
2009-05-05 00:00:00+00:00,-0.003069767953375813
2009-05-06 00:00:00+00:00,0.015600833158992277
2009-05-07 00:00:00+00:00,-0.012502268305707321
2009-05-08 00:00:00+00:00,0.020999232750287724
2009-05-11 00:00:00+00:00,-0.0168423020959242
2009-05-12 00:00:00+00:00,-0.0026635097318222114
2009-05-13 00:00:00+00:00,-0.02265584202226665
2009-05-14 00:00:00+00:00,0.007713503829591417
2009-05-15 00:00:00+00:00,-0.00045000000000000004
2009-05-18 00:00:00+00:00,0.02511690652395952
2009-05-19 00:00:00+00:00,-0.0010849936823961737
2009-05-20 00:00:00+00:00,-0.0060251578679407225
2009-05-21 00:00:00+00:00,-0.012926904540424212
2009-05-22 00:00:00+00:00,-0.0019170501319322741
2009-05-26 00:00:00+00:00,0.023050865337362492
2009-05-27 00:00:00+00:00,-0.016067442572496694
2009-05-28 00:00:00+00:00,0.012545908933904993
2009-05-29 00:00:00+00:00,0.01593702948080269
2009-06-01 00:00:00+00:00,-0.00045000000000000004
2009-06-02 00:00:00+00:00,0.0
2009-06-03 00:00:00+00:00,-0.011836371561764309
2009-06-04 00:00:00+00:00,0.00845695305561447
2009-06-05 00:00:00+00:00,0.00019031285539103938
2009-06-08 00:00:00+00:00,-0.0037120999072200347
2009-06-09 00:00:00+00:00,0.004587446076224433
2009-06-10 00:00:00+00:00,-0.0022812988017620883
2009-06-11 00:00:00+00:00,0.004003361086523327
2009-06-12 00:00:00+00:00,0.002468082013351691
2009-06-15 00:00:00+00:00,-0.02063533829029257
2009-06-16 00:00:00+00:00,-0.0122069373828128
2009-06-17 00:00:00+00:00,-0.0008838252012878912
2009-06-18 00:00:00+00:00,0.006586692130788063
2009-06-19 00:00:00+00:00,0.003317274231322198
2009-06-22 00:00:00+00:00,-0.0269876882812927
2009-06-23 00:00:00+00:00,0.0007055808127103491
2009-06-24 00:00:00+00:00,0.007755517500278075
2009-06-25 00:00:00+00:00,0.019574299780599682
2009-06-26 00:00:00+00:00,-0.002345919723620038
2009-06-29 00:00:00+00:00,0.008427267986722864
2009-06-30 00:00:00+00:00,-0.007281369129150683
2009-07-01 00:00:00+00:00,0.0037196258757032476
2009-07-02 00:00:00+00:00,-0.024564254646681594
2009-07-06 00:00:00+00:00,-9.990606501396604e-05
2009-07-07 00:00:00+00:00,-0.017439123394402633
2009-07-08 00:00:00+00:00,-0.0006133592472609584
2009-07-09 00:00:00+00:00,0.0017389481396621776
2009-07-10 00:00:00+00:00,-0.002143708827385138
2009-07-13 00:00:00+00:00,0.02189651229590146
2009-07-14 00:00:00+00:00,0.005094216895627457
2009-07-15 00:00:00+00:00,0.026321665138518836
2009-07-16 00:00:00+00:00,-0.00045000000000000004
2009-07-17 00:00:00+00:00,0.0
2009-07-20 00:00:00+00:00,0.0
2009-07-21 00:00:00+00:00,0.0
2009-07-22 00:00:00+00:00,0.0
2009-07-23 00:00:00+00:00,0.0
2009-07-24 00:00:00+00:00,0.0
2009-07-27 00:00:00+00:00,0.0
2009-07-28 00:00:00+00:00,-0.004659695296981986
2009-07-29 00:00:00+00:00,-0.0020114972406927224
2009-07-30 00:00:00+00:00,0.008356429135590381
2009-07-31 00:00:00+00:00,0.0011349098838451255
2009-08-03 00:00:00+00:00,0.01319729963796945
2009-08-04 00:00:00+00:00,0.0020710063440855467
2009-08-05 00:00:00+00:00,-0.002303592881964622
2009-08-06 00:00:00+00:00,-0.004143660564114615
2009-08-07 00:00:00+00:00,0.01049164561055136
2009-08-10 00:00:00+00:00,-0.0016601741521539816
2009-08-11 00:00:00+00:00,-0.009981349193250645
2009-08-12 00:00:00+00:00,0.008583419933412629
2009-08-13 00:00:00+00:00,0.00611096835259346
2009-08-14 00:00:00+00:00,-0.006143491788584754
2009-08-17 00:00:00+00:00,-0.01968422582532119
2009-08-18 00:00:00+00:00,0.006347041407282284
2009-08-19 00:00:00+00:00,0.007024069781837738
2009-08-20 00:00:00+00:00,0.008243105751034818
2009-08-21 00:00:00+00:00,0.01568471956235289
2009-08-24 00:00:00+00:00,-7.753612864886962e-05
2009-08-25 00:00:00+00:00,0.0015540100229584296
2009-08-26 00:00:00+00:00,7.715245618378219e-05
2009-08-27 00:00:00+00:00,0.0017837276395601621
2009-08-28 00:00:00+00:00,-0.00015466765826976925
2009-08-31 00:00:00+00:00,-0.007119532911086158
2009-09-01 00:00:00+00:00,-0.017645712613646048
2009-09-02 00:00:00+00:00,-0.00303385782857033
2009-09-03 00:00:00+00:00,0.006652104773035639
2009-09-04 00:00:00+00:00,0.011206886975383058
2009-09-08 00:00:00+00:00,0.0068978927782726625
2009-09-09 00:00:00+00:00,0.006139367948738794
2009-09-10 00:00:00+00:00,0.008175140637353806
2009-09-11 00:00:00+00:00,-0.00015277412379388622
2009-09-14 00:00:00+00:00,0.0038947056382285794
2009-09-15 00:00:00+00:00,0.00334341940567402
2009-09-16 00:00:00+00:00,0.01357042779209105
2009-09-17 00:00:00+00:00,-0.0013416850945872528
2009-09-18 00:00:00+00:00,0.000573854161051246
2009-09-21 00:00:00+00:00,-0.002276836220374867
2009-09-22 00:00:00+00:00,0.004609167693546529
2009-09-23 00:00:00+00:00,-0.006649737014283286
2009-09-24 00:00:00+00:00,-0.008815000351277202
2009-09-25 00:00:00+00:00,-0.0042666086848505815
2009-09-28 00:00:00+00:00,0.014323196623652735
2009-09-29 00:00:00+00:00,-0.002408098968440786
2009-09-30 00:00:00+00:00,-0.0030943884513905395
2009-10-01 00:00:00+00:00,-0.019850134528806684
2009-10-02 00:00:00+00:00,-0.00372946546082833
2009-10-05 00:00:00+00:00,0.011942590027547696
2009-10-06 00:00:00+00:00,0.011459232547992394
2009-10-07 00:00:00+00:00,0.002198936058533896
2009-10-08 00:00:00+00:00,0.006125060525660687
2009-10-09 00:00:00+00:00,0.005437161000445551
2009-10-12 00:00:00+00:00,0.0035242400774480264
2009-10-13 00:00:00+00:00,-0.0018388668927793118
2009-10-14 00:00:00+00:00,0.015493881049735347
2009-10-15 00:00:00+00:00,0.0032933161768842647
2009-10-16 00:00:00+00:00,-0.006726594861274438
2009-10-19 00:00:00+00:00,0.0074388603926924595
2009-10-20 00:00:00+00:00,-0.004754813491430788
2009-10-21 00:00:00+00:00,-0.008075974250443064
2009-10-22 00:00:00+00:00,0.00914692642012258
2009-10-23 00:00:00+00:00,-0.01028967746033489
2009-10-26 00:00:00+00:00,-0.008710338720257687
2009-10-27 00:00:00+00:00,-0.0036662701144861034
2009-10-28 00:00:00+00:00,-0.01511026908708981
2009-10-29 00:00:00+00:00,-0.0025953662260541016
2009-10-30 00:00:00+00:00,-0.023628268721038632
2009-11-02 00:00:00+00:00,-0.0011837995302743706
2009-11-03 00:00:00+00:00,-0.0003163640544220137
2009-11-04 00:00:00+00:00,0.001613965483477581
2009-11-05 00:00:00+00:00,0.014716031080541113
2009-11-06 00:00:00+00:00,0.0020964527569605094
2009-11-09 00:00:00+00:00,0.02044827577998664
2009-11-10 00:00:00+00:00,-0.00045000000000000004
2009-11-11 00:00:00+00:00,0.0
2009-11-12 00:00:00+00:00,0.0
2009-11-13 00:00:00+00:00,0.004420203783702642
2009-11-16 00:00:00+00:00,-0.00045000000000000004
2009-11-17 00:00:00+00:00,0.0
2009-11-18 00:00:00+00:00,0.0
2009-11-19 00:00:00+00:00,0.0
2009-11-20 00:00:00+00:00,0.0
2009-11-23 00:00:00+00:00,0.0
2009-11-24 00:00:00+00:00,0.0
2009-11-25 00:00:00+00:00,0.0
2009-11-27 00:00:00+00:00,0.0
2009-11-30 00:00:00+00:00,0.0022014558409579337
2009-12-01 00:00:00+00:00,0.00989636909456788
2009-12-02 00:00:00+00:00,-0.0003591129968225637
2009-12-03 00:00:00+00:00,-0.006256514346798259
2009-12-04 00:00:00+00:00,0.004566167081121009
2009-12-07 00:00:00+00:00,-0.0012250945004216975
2009-12-08 00:00:00+00:00,-0.00887750502508613
2009-12-09 00:00:00+00:00,0.0029922490297186856
2009-12-10 00:00:00+00:00,0.0045082095407522615
2009-12-11 00:00:00+00:00,0.00339865982064822
2009-12-14 00:00:00+00:00,0.005472167618377811
2009-12-15 00:00:00+00:00,-0.00371864712465495
2009-12-16 00:00:00+00:00,0.0012212053119506905
2009-12-17 00:00:00+00:00,-0.00961269087473813
2009-12-18 00:00:00+00:00,0.004526275893019261
2009-12-21 00:00:00+00:00,0.008129758183324398
2009-12-22 00:00:00+00:00,0.0028743497461212186
2009-12-23 00:00:00+00:00,0.0015750088421807363
2009-12-24 00:00:00+00:00,0.0037877095708507727
2009-12-28 00:00:00+00:00,0.001706933423911039
2009-12-29 00:00:00+00:00,-0.001135750971234373
2009-12-30 00:00:00+00:00,-0.0002842867905974878
2009-12-31 00:00:00+00:00,-0.007678617684144396
2010-01-04 00:00:00+00:00,0.013567569362080433
2010-01-05 00:00:00+00:00,0.0021181352900228488
2010-01-06 00:00:00+00:00,0.0005631473116345376
2010-01-07 00:00:00+00:00,0.003377011740806424
2010-01-08 00:00:00+00:00,0.0026622087109810623
2010-01-11 00:00:00+00:00,0.0011173402236218876
2010-01-12 00:00:00+00:00,-0.007461174700893826
2010-01-13 00:00:00+00:00,0.006756923198994435
2010-01-14 00:00:00+00:00,0.0021638937426743613
2010-01-15 00:00:00+00:00,-0.008979846244182178
2010-01-19 00:00:00+00:00,0.01119649574240486
2010-01-20 00:00:00+00:00,-0.00915189237869144
2010-01-21 00:00:00+00:00,-0.01543306488622565
2010-01-22 00:00:00+00:00,-0.01783370603102332
2010-01-25 00:00:00+00:00,-0.0009628002529186437
2010-01-26 00:00:00+00:00,0.00041907240167314845
2010-01-27 00:00:00+00:00,0.0033557593414681175
2010-01-28 00:00:00+00:00,-0.009177661693116068
2010-01-29 00:00:00+00:00,-0.008694852701722322
2010-02-01 00:00:00+00:00,0.01244042617454948
2010-02-02 00:00:00+00:00,0.009682612531240233
2010-02-03 00:00:00+00:00,-0.003986052344929991
2010-02-04 00:00:00+00:00,-0.027829437152062084
2010-02-05 00:00:00+00:00,-0.00045000000000000004
2010-02-08 00:00:00+00:00,0.0
2010-02-09 00:00:00+00:00,0.0
2010-02-10 00:00:00+00:00,-0.0022133161760426066
2010-02-11 00:00:00+00:00,0.009419740289938706
2010-02-12 00:00:00+00:00,-0.0007489331824977796
2010-02-16 00:00:00+00:00,-0.00045000000000000004
2010-02-17 00:00:00+00:00,0.0
2010-02-18 00:00:00+00:00,0.0
2010-02-19 00:00:00+00:00,0.0
2010-02-22 00:00:00+00:00,0.0
2010-02-23 00:00:00+00:00,0.0
2010-02-24 00:00:00+00:00,0.00782820234093808
2010-02-25 00:00:00+00:00,-0.00045000000000000004
2010-02-26 00:00:00+00:00,0.0
2010-03-01 00:00:00+00:00,0.0
2010-03-02 00:00:00+00:00,0.0
2010-03-03 00:00:00+00:00,0.0
2010-03-04 00:00:00+00:00,0.0
2010-03-05 00:00:00+00:00,0.0
2010-03-08 00:00:00+00:00,-0.0002923330510451068
2010-03-09 00:00:00+00:00,0.0014966454220827873
2010-03-10 00:00:00+00:00,0.004009624057565309
2010-03-11 00:00:00+00:00,0.0037572617074251636
2010-03-12 00:00:00+00:00,7.821383775081791e-05
2010-03-15 00:00:00+00:00,0.0002337423928763016
2010-03-16 00:00:00+00:00,0.007169380189765473
2010-03-17 00:00:00+00:00,0.005334342229846234
2010-03-18 00:00:00+00:00,-0.00046070152376939124
2010-03-19 00:00:00+00:00,-0.004555471291294755
2010-03-22 00:00:00+00:00,0.004811357244789094
2010-03-23 00:00:00+00:00,0.0063299770233956835
2010-03-24 00:00:00+00:00,-0.004369227891227734
2010-03-25 00:00:00+00:00,-0.0013512043477835356
2010-03-26 00:00:00+00:00,-0.0004797521024152652
2010-03-29 00:00:00+00:00,0.005077820020377466
2010-03-30 00:00:00+00:00,0.0005457732801630755
2010-03-31 00:00:00+00:00,-0.002725754114785861
2010-04-01 00:00:00+00:00,0.005470076284510128
2010-04-05 00:00:00+00:00,0.006519264219216225
2010-04-06 00:00:00+00:00,0.001886632246966613
2010-04-07 00:00:00+00:00,-0.0045702574366525365
2010-04-08 00:00:00+00:00,0.002771320526677101
2010-04-09 00:00:00+00:00,0.005253882996024296
2010-04-12 00:00:00+00:00,0.0012715032955050278
2010-04-13 00:00:00+00:00,0.0006010912380126854
2010-04-14 00:00:00+00:00,0.00907971348827612
2010-04-15 00:00:00+00:00,0.0006601277658493387
2010-04-16 00:00:00+00:00,-0.014371100807035514
2010-04-19 00:00:00+00:00,0.002965982453000632
2010-04-20 00:00:00+00:00,0.0071450257657222245
2010-04-21 00:00:00+00:00,-0.0014560996378241598
2010-04-22 00:00:00+00:00,0.0023866410627249477
2010-04-23 00:00:00+00:00,0.005222052342472594
2010-04-26 00:00:00+00:00,-0.003020811312658811
2010-04-27 00:00:00+00:00,-0.018920243931301782
2010-04-28 00:00:00+00:00,-0.0012095870111198223
2010-04-29 00:00:00+00:00,0.009467718827548505
2010-04-30 00:00:00+00:00,-0.013569438514378973
2010-05-03 00:00:00+00:00,0.010369739515196132
2010-05-04 00:00:00+00:00,-0.01881184508303342
2010-05-05 00:00:00+00:00,-0.0047651995778185356
2010-05-06 00:00:00+00:00,-0.02657085356802593
2010-05-07 00:00:00+00:00,-0.0005
2010-05-10 00:00:00+00:00,0.0
2010-05-11 00:00:00+00:00,0.0
2010-05-12 00:00:00+00:00,0.0
2010-05-13 00:00:00+00:00,0.0
2010-05-14 00:00:00+00:00,0.0
2010-05-17 00:00:00+00:00,0.0
2010-05-18 00:00:00+00:00,0.0
2010-05-19 00:00:00+00:00,0.0
2010-05-20 00:00:00+00:00,0.0
2010-05-21 00:00:00+00:00,0.0
2010-05-24 00:00:00+00:00,0.0
2010-05-25 00:00:00+00:00,0.0
2010-05-26 00:00:00+00:00,-0.005875854595858549
2010-05-27 00:00:00+00:00,-0.00045000000000000004
2010-05-28 00:00:00+00:00,0.0
2010-06-01 00:00:00+00:00,0.0
2010-06-02 00:00:00+00:00,0.0
2010-06-03 00:00:00+00:00,0.0
2010-06-04 00:00:00+00:00,0.0
2010-06-07 00:00:00+00:00,0.0
2010-06-08 00:00:00+00:00,0.0
2010-06-09 00:00:00+00:00,0.0
2010-06-10 00:00:00+00:00,0.025858470654561812
2010-06-11 00:00:00+00:00,-0.00045000000000000004
2010-06-14 00:00:00+00:00,0.0
2010-06-15 00:00:00+00:00,0.0
2010-06-16 00:00:00+00:00,0.0
2010-06-17 00:00:00+00:00,0.0
2010-06-18 00:00:00+00:00,0.0
2010-06-21 00:00:00+00:00,0.0
2010-06-22 00:00:00+00:00,0.0
2010-06-23 00:00:00+00:00,0.0
2010-06-24 00:00:00+00:00,0.0
2010-06-25 00:00:00+00:00,0.0
2010-06-28 00:00:00+00:00,-0.0032868907194818662
2010-06-29 00:00:00+00:00,-0.027787466863609857
2010-06-30 00:00:00+00:00,-0.008549903411243166
2010-07-01 00:00:00+00:00,-0.004010786203885885
2010-07-02 00:00:00+00:00,-0.004904522096456021
2010-07-06 00:00:00+00:00,0.005899640863855061
2010-07-07 00:00:00+00:00,0.028346735901777366
2010-07-08 00:00:00+00:00,0.008905826572534404
2010-07-09 00:00:00+00:00,-0.00045000000000000004
2010-07-12 00:00:00+00:00,0.00013379059487998485
2010-07-13 00:00:00+00:00,0.013579692374814512
2010-07-14 00:00:00+00:00,-0.00045000000000000004
2010-07-15 00:00:00+00:00,-0.00020320758345660457
2010-07-16 00:00:00+00:00,-0.024781168380665887
2010-07-19 00:00:00+00:00,0.005315665400304104
2010-07-20 00:00:00+00:00,0.00998232370810157
2010-07-21 00:00:00+00:00,-0.00045000000000000004
2010-07-22 00:00:00+00:00,0.0
2010-07-23 00:00:00+00:00,0.0
2010-07-26 00:00:00+00:00,0.0
2010-07-27 00:00:00+00:00,0.0
2010-07-28 00:00:00+00:00,0.0
2010-07-29 00:00:00+00:00,-0.004835396419852195
2010-07-30 00:00:00+00:00,-0.00016304853887678662
2010-08-02 00:00:00+00:00,0.020322994645312755
2010-08-03 00:00:00+00:00,-0.00045000000000000004
2010-08-04 00:00:00+00:00,0.0
2010-08-05 00:00:00+00:00,-0.0014059732751532325
2010-08-06 00:00:00+00:00,-0.003668690365913985
2010-08-09 00:00:00+00:00,0.004805021801322651
2010-08-10 00:00:00+00:00,-0.004859282868010173
2010-08-11 00:00:00+00:00,-0.024665850932967203
2010-08-12 00:00:00+00:00,-0.0055169931429661315
2010-08-13 00:00:00+00:00,-0.0026512501721745576
2010-08-16 00:00:00+00:00,-0.0004152839499317884
2010-08-17 00:00:00+00:00,0.01105621269351329
2010-08-18 00:00:00+00:00,0.00164315262698842
2010-08-19 00:00:00+00:00,-0.015657485779198822
2010-08-20 00:00:00+00:00,-0.002920184669800197
2010-08-23 00:00:00+00:00,-0.003431391164422848
2010-08-24 00:00:00+00:00,-0.013358795854205718
2010-08-25 00:00:00+00:00,0.003496594973850509
2010-08-26 00:00:00+00:00,-0.006031371901520622
2010-08-27 00:00:00+00:00,0.013940847987287187
2010-08-30 00:00:00+00:00,-0.013054644737059728
2010-08-31 00:00:00+00:00,0.0
2010-09-01 00:00:00+00:00,0.02692043695290456
2010-09-02 00:00:00+00:00,0.008381348519871712
2010-09-03 00:00:00+00:00,0.01167409389720595
2010-09-07 00:00:00+00:00,-0.00045000000000000004
2010-09-08 00:00:00+00:00,0.0
2010-09-09 00:00:00+00:00,0.0
2010-09-10 00:00:00+00:00,0.0040936312894900686
2010-09-13 00:00:00+00:00,0.010010940664821067
2010-09-14 00:00:00+00:00,-0.00045000000000000004
2010-09-15 00:00:00+00:00,0.0
2010-09-16 00:00:00+00:00,-0.0006886597112081223
2010-09-17 00:00:00+00:00,0.0003358457594856423
2010-09-20 00:00:00+00:00,0.013761629566036927
2010-09-21 00:00:00+00:00,-0.0018127224179611324
2010-09-22 00:00:00+00:00,-0.004422117893890742
2010-09-23 00:00:00+00:00,-0.007300035606714039
2010-09-24 00:00:00+00:00,0.01856022259025212
2010-09-27 00:00:00+00:00,-0.004311280785654493
2010-09-28 00:00:00+00:00,0.0031505257375165742
2010-09-29 00:00:00+00:00,-0.0015694505596948406
2010-09-30 00:00:00+00:00,-0.002673306653344343
2010-10-01 00:00:00+00:00,0.0037850284108412956
2010-10-04 00:00:00+00:00,-0.006753495246003482
2010-10-05 00:00:00+00:00,0.018118834703090836
2010-10-06 00:00:00+00:00,-7.765968756927588e-05
2010-10-07 00:00:00+00:00,-0.0010857620153448377
2010-10-08 00:00:00+00:00,0.005047978714333268
2010-10-11 00:00:00+00:00,0.000849264852186149
2010-10-12 00:00:00+00:00,0.002777465235236343
2010-10-13 00:00:00+00:00,0.006999588281354519
2010-10-14 00:00:00+00:00,-0.0035112273024168086
2010-10-15 00:00:00+00:00,0.001839055800821221
2010-10-18 00:00:00+00:00,0.004435019135525043
2010-10-19 00:00:00+00:00,-0.011793915098538266
2010-10-20 00:00:00+00:00,0.00878957722976681
2010-10-21 00:00:00+00:00,0.0019851803238892353
2010-10-22 00:00:00+00:00,0.001675976220139308
2010-10-25 00:00:00+00:00,0.0026615793642568164
2010-10-26 00:00:00+00:00,0.00015214522727560186
2010-10-27 00:00:00+00:00,-0.002577759334234986
2010-10-28 00:00:00+00:00,0.00015209556449391481
2010-10-29 00:00:00+00:00,0.0006837767737260192
2010-11-01 00:00:00+00:00,0.00030398558019084643
2010-11-02 00:00:00+00:00,0.007137604953371191
2010-11-03 00:00:00+00:00,0.003615847772508496
2010-11-04 00:00:00+00:00,0.017332559616762565
2010-11-05 00:00:00+00:00,0.0033859150818410957
2010-11-08 00:00:00+00:00,-0.0016869457368834607
2010-11-09 00:00:00+00:00,-0.006465653558622409
2010-11-10 00:00:00+00:00,0.003626321940758226
2010-11-11 00:00:00+00:00,-0.0033906511427496456
2010-11-12 00:00:00+00:00,-0.010654552891004133
2010-11-15 00:00:00+00:00,-0.0012726323933437312
2010-11-16 00:00:00+00:00,-0.014021734024870515
2010-11-17 00:00:00+00:00,0.0004571363681567631
2010-11-18 00:00:00+00:00,0.013246378503584523
2010-11-19 00:00:00+00:00,0.002476144624668475
2010-11-22 00:00:00+00:00,-0.0007484026517140752
2010-11-23 00:00:00+00:00,-0.013029260921145014
2010-11-24 00:00:00+00:00,0.013296505080589527
2010-11-26 00:00:00+00:00,-0.010482157525391656
2010-11-29 00:00:00+00:00,-0.00045000000000000004
2010-11-30 00:00:00+00:00,-0.005510704543072659
2010-12-01 00:00:00+00:00,0.019141421725439867
2010-12-02 00:00:00+00:00,0.011527611551107332
2010-12-03 00:00:00+00:00,-0.00045000000000000004
2010-12-06 00:00:00+00:00,0.0
2010-12-07 00:00:00+00:00,0.0
2010-12-08 00:00:00+00:00,0.0
2010-12-09 00:00:00+00:00,0.0
2010-12-10 00:00:00+00:00,0.0
2010-12-13 00:00:00+00:00,0.0
2010-12-14 00:00:00+00:00,0.0
2010-12-15 00:00:00+00:00,0.0
2010-12-16 00:00:00+00:00,0.004141228394558182
2010-12-17 00:00:00+00:00,0.0008568772338964693
2010-12-20 00:00:00+00:00,0.0019308919669372314
2010-12-21 00:00:00+00:00,0.005072286536434945
2010-12-22 00:00:00+00:00,0.002488357865927249
2010-12-23 00:00:00+00:00,-0.001144877251246168
2010-12-27 00:00:00+00:00,0.0003184950134324183
2010-12-28 00:00:00+00:00,0.0011459977669426636
2010-12-29 00:00:00+00:00,0.0005723070424727084
2010-12-30 00:00:00+00:00,-0.0012706146417935217
2010-12-31 00:00:00+00:00,0.00019072270281323967
2011-01-03 00:00:00+00:00,0.008270353732825165
2011-01-04 00:00:00+00:00,-0.0004409940276257629
2011-01-05 00:00:00+00:00,0.004158509165187318
2011-01-06 00:00:00+00:00,-0.0015672122663747067
2011-01-07 00:00:00+00:00,-0.0015697204095292071
2011-01-10 00:00:00+00:00,-0.0010070919855267313
2011-01-11 00:00:00+00:00,0.0028356205999161333
2011-01-12 00:00:00+00:00,0.007219364418670971
2011-01-13 00:00:00+00:00,-0.001306489187085358
2011-01-14 00:00:00+00:00,0.005795550939854799
2011-01-18 00:00:00+00:00,0.0013612770320802882
2011-01-19 00:00:00+00:00,-0.007844187163076732
2011-01-20 00:00:00+00:00,-0.0010606329440103757
2011-01-21 00:00:00+00:00,0.0018115027916087102
2011-01-24 00:00:00+00:00,0.004549186469698263
2011-01-25 00:00:00+00:00,0.00043380458847224195
2011-01-26 00:00:00+00:00,0.0030966758791104
2011-01-27 00:00:00+00:00,0.001974327357353545
2011-01-28 00:00:00+00:00,-0.013970354849976108
2011-01-31 00:00:00+00:00,0.006012971864598882
2011-02-01 00:00:00+00:00,0.012807294459045515
2011-02-02 00:00:00+00:00,-0.0015298673151458609
2011-02-03 00:00:00+00:00,0.0019499554795198105
2011-02-04 00:00:00+00:00,0.002546381743299264
2011-02-07 00:00:00+00:00,0.005627080850120691
2011-02-08 00:00:00+00:00,0.0040922812397467204
2011-02-09 00:00:00+00:00,-0.0020373566176978275
2011-02-10 00:00:00+00:00,0.0003407857822411042
2011-02-11 00:00:00+00:00,0.005373394314851599
2011-02-14 00:00:00+00:00,0.0021631049220282475
2011-02-15 00:00:00+00:00,-0.00283261544585115
2011-02-16 00:00:00+00:00,0.005002083305783306
2011-02-17 00:00:00+00:00,0.002390854092510608
2011-02-18 00:00:00+00:00,0.0016687129278160741
2011-02-22 00:00:00+00:00,-0.01605583432239488
2011-02-23 00:00:00+00:00,-0.0049155416700054745
2011-02-24 00:00:00+00:00,-0.0005496366006670251
2011-02-25 00:00:00+00:00,0.008554272860552815
2011-02-28 00:00:00+00:00,0.004957125084983005
2011-03-01 00:00:00+00:00,-0.013338246987832657
2011-03-02 00:00:00+00:00,0.00171090370248006
2011-03-03 00:00:00+00:00,0.015451778132702106
2011-03-04 00:00:00+00:00,-0.006743183382649476
2011-03-07 00:00:00+00:00,-0.007065457754501725
2011-03-08 00:00:00+00:00,0.007874534989406401
2011-03-09 00:00:00+00:00,-0.0012892694458212061
2011-03-10 00:00:00+00:00,-0.01665561277362374
2011-03-11 00:00:00+00:00,0.006233691976736777
2011-03-14 00:00:00+00:00,-0.005434106852001175
2011-03-15 00:00:00+00:00,-0.010311280287663383
2011-03-16 00:00:00+00:00,-0.00045000000000000004
2011-03-17 00:00:00+00:00,0.0
2011-03-18 00:00:00+00:00,0.0
2011-03-21 00:00:00+00:00,0.0
2011-03-22 00:00:00+00:00,0.0
2011-03-23 00:00:00+00:00,0.0
2011-03-24 00:00:00+00:00,0.0
2011-03-25 00:00:00+00:00,0.0
2011-03-28 00:00:00+00:00,0.0
2011-03-29 00:00:00+00:00,0.0
2011-03-30 00:00:00+00:00,0.0
2011-03-31 00:00:00+00:00,0.0
2011-04-01 00:00:00+00:00,0.0
2011-04-04 00:00:00+00:00,0.0
2011-04-05 00:00:00+00:00,0.0
2011-04-06 00:00:00+00:00,0.0
2011-04-07 00:00:00+00:00,0.0
2011-04-08 00:00:00+00:00,-0.003555484086788613
2011-04-11 00:00:00+00:00,-0.0027098271145109434
2011-04-12 00:00:00+00:00,-0.00672658891934449
2011-04-13 00:00:00+00:00,-6.843968926504296e-05
2011-04-14 00:00:00+00:00,0.0006846544811765388
2011-04-15 00:00:00+00:00,0.003283747554789596
2011-04-18 00:00:00+00:00,-0.010088075153138854
2011-04-19 00:00:00+00:00,0.004545797038228966
2011-04-20 00:00:00+00:00,0.010905525805403294
2011-04-21 00:00:00+00:00,0.0040868589865528555
2011-04-25 00:00:00+00:00,-0.0008370475685928191
2011-04-26 00:00:00+00:00,0.006884314612207199
2011-04-27 00:00:00+00:00,0.005222711011995252
2011-04-28 00:00:00+00:00,0.0025945951687555537
2011-04-29 00:00:00+00:00,0.0018806589188182345
2011-05-02 00:00:00+00:00,-0.0012315060995083727
2011-05-03 00:00:00+00:00,-0.002877454717070993
2011-05-04 00:00:00+00:00,-0.005304630100894414
2011-05-05 00:00:00+00:00,-0.0072389672839347175
2011-05-06 00:00:00+00:00,0.003532812536397145
2011-05-09 00:00:00+00:00,0.0030999170986047986
2011-05-10 00:00:00+00:00,0.006828947748637227
2011-05-11 00:00:00+00:00,-0.008419609300642783
2011-05-12 00:00:00+00:00,0.003808218511194106
2011-05-13 00:00:00+00:00,-0.006159028976632008
2011-05-16 00:00:00+00:00,-0.005073285090068857
2011-05-17 00:00:00+00:00,-0.00012003919757672678
2011-05-18 00:00:00+00:00,0.007148904985192318
2011-05-19 00:00:00+00:00,0.001905093601904717
2011-05-20 00:00:00+00:00,-0.00635613024761561
2011-05-23 00:00:00+00:00,-0.00928053878417181
2011-05-24 00:00:00+00:00,-0.0006662590200157581
2011-05-25 00:00:00+00:00,0.002667318110115247
2011-05-26 00:00:00+00:00,0.003686435296892299
2011-05-27 00:00:00+00:00,0.0030678705793830475
2011-05-31 00:00:00+00:00,0.009319577088314164
2011-06-01 00:00:00+00:00,-0.020214901453302236
2011-06-02 00:00:00+00:00,-0.0009553860255252067
2011-06-03 00:00:00+00:00,-0.00894981833298465
2011-06-06 00:00:00+00:00,-0.009523198582710213
2011-06-07 00:00:00+00:00,-0.0005578279206958526
2011-06-08 00:00:00+00:00,-0.0037692102167052543
2011-06-09 00:00:00+00:00,0.006868420480475069
2011-06-10 00:00:00+00:00,-0.012519552955970792
2011-06-13 00:00:00+00:00,0.0007057189255678997
2011-06-14 00:00:00+00:00,0.011417298830757594
2011-06-15 00:00:00+00:00,-0.016006660436082565
2011-06-16 00:00:00+00:00,0.001983871989431263
2011-06-17 00:00:00+00:00,-0.00045000000000000004
2011-06-20 00:00:00+00:00,0.004154547220228716
2011-06-21 00:00:00+00:00,0.012333356883548575
2011-06-22 00:00:00+00:00,-0.005423029719693062
2011-06-23 00:00:00+00:00,-0.00045000000000000004
2011-06-24 00:00:00+00:00,-0.010901987684176368
2011-06-27 00:00:00+00:00,0.008019953687241954
2011-06-28 00:00:00+00:00,0.011747499409235784
2011-06-29 00:00:00+00:00,-0.00045000000000000004
2011-06-30 00:00:00+00:00,0.0
2011-07-01 00:00:00+00:00,0.0
2011-07-05 00:00:00+00:00,0.0
2011-07-06 00:00:00+00:00,0.0
2011-07-07 00:00:00+00:00,0.0
2011-07-08 00:00:00+00:00,0.0
2011-07-11 00:00:00+00:00,0.0
2011-07-12 00:00:00+00:00,0.0
2011-07-13 00:00:00+00:00,0.002563774082970677
2011-07-14 00:00:00+00:00,-0.006212387840477962
2011-07-15 00:00:00+00:00,0.005224005296616996
2011-07-18 00:00:00+00:00,-0.0073806450110296745
2011-07-19 00:00:00+00:00,0.014608456022366245
2011-07-20 00:00:00+00:00,-0.0005426830297608044
2011-07-21 00:00:00+00:00,0.012484713684782323
2011-07-22 00:00:00+00:00,-0.00045000000000000004
2011-07-25 00:00:00+00:00,0.0
2011-07-26 00:00:00+00:00,-0.003812533643082966
2011-07-27 00:00:00+00:00,-0.01842801158859151
2011-07-28 00:00:00+00:00,-0.00045000000000000004
2011-07-29 00:00:00+00:00,0.0
2011-08-01 00:00:00+00:00,0.0
2011-08-02 00:00:00+00:00,0.0
2011-08-03 00:00:00+00:00,0.0
2011-08-04 00:00:00+00:00,0.0
2011-08-05 00:00:00+00:00,0.0
2011-08-08 00:00:00+00:00,0.0
2011-08-09 00:00:00+00:00,0.0
2011-08-10 00:00:00+00:00,0.0
2011-08-11 00:00:00+00:00,0.0
2011-08-12 00:00:00+00:00,0.0
2011-08-15 00:00:00+00:00,0.0
2011-08-16 00:00:00+00:00,0.0
2011-08-17 00:00:00+00:00,0.0
2011-08-18 00:00:00+00:00,0.0
2011-08-19 00:00:00+00:00,0.0
2011-08-22 00:00:00+00:00,0.0
2011-08-23 00:00:00+00:00,0.0
2011-08-24 00:00:00+00:00,0.0
2011-08-25 00:00:00+00:00,0.0
2011-08-26 00:00:00+00:00,0.0
2011-08-29 00:00:00+00:00,0.0
2011-08-30 00:00:00+00:00,0.0
2011-08-31 00:00:00+00:00,0.0
2011-09-01 00:00:00+00:00,0.0
2011-09-02 00:00:00+00:00,0.0
2011-09-06 00:00:00+00:00,0.0
2011-09-07 00:00:00+00:00,0.0
2011-09-08 00:00:00+00:00,0.0
2011-09-09 00:00:00+00:00,0.0
2011-09-12 00:00:00+00:00,0.0
2011-09-13 00:00:00+00:00,0.0
2011-09-14 00:00:00+00:00,0.0
2011-09-15 00:00:00+00:00,0.015081870395645786
2011-09-16 00:00:00+00:00,-0.00045000000000000004
2011-09-19 00:00:00+00:00,-0.00941155653811145
2011-09-20 00:00:00+00:00,-0.0010471788793480986
2011-09-21 00:00:00+00:00,-0.026512319488814728
2011-09-22 00:00:00+00:00,-0.00045000000000000004
2011-09-23 00:00:00+00:00,0.0
2011-09-26 00:00:00+00:00,0.0
2011-09-27 00:00:00+00:00,0.0
2011-09-28 00:00:00+00:00,0.0
2011-09-29 00:00:00+00:00,0.0
2011-09-30 00:00:00+00:00,0.0
2011-10-03 00:00:00+00:00,0.0
2011-10-04 00:00:00+00:00,0.0
2011-10-05 00:00:00+00:00,0.0
2011-10-06 00:00:00+00:00,0.015832098181526862
2011-10-07 00:00:00+00:00,-0.006026345264307354
2011-10-10 00:00:00+00:00,0.030101134135223685
2011-10-11 00:00:00+00:00,-0.00045000000000000004
2011-10-12 00:00:00+00:00,0.0
2011-10-13 00:00:00+00:00,0.0
2011-10-14 00:00:00+00:00,0.0
2011-10-17 00:00:00+00:00,0.0
2011-10-18 00:00:00+00:00,0.0
2011-10-19 00:00:00+00:00,0.0
2011-10-20 00:00:00+00:00,0.0
2011-10-21 00:00:00+00:00,0.0
2011-10-24 00:00:00+00:00,0.0
2011-10-25 00:00:00+00:00,0.0
2011-10-26 00:00:00+00:00,0.008692721700035672
2011-10-27 00:00:00+00:00,-0.00045000000000000004
2011-10-28 00:00:00+00:00,0.0
2011-10-31 00:00:00+00:00,0.0
2011-11-01 00:00:00+00:00,-0.025549451860279054
2011-11-02 00:00:00+00:00,-0.00045000000000000004
2011-11-03 00:00:00+00:00,0.015954562719657225
2011-11-04 00:00:00+00:00,-0.00045000000000000004
2011-11-07 00:00:00+00:00,0.0
2011-11-08 00:00:00+00:00,0.011097503340813336
2011-11-09 00:00:00+00:00,-0.00045000000000000004
2011-11-10 00:00:00+00:00,0.0
2011-11-11 00:00:00+00:00,0.0
2011-11-14 00:00:00+00:00,0.0
2011-11-15 00:00:00+00:00,0.0
2011-11-16 00:00:00+00:00,0.0
2011-11-17 00:00:00+00:00,-0.014739360822157639
2011-11-18 00:00:00+00:00,-0.0009582134183953372
2011-11-21 00:00:00+00:00,-0.00045000000000000004
2011-11-22 00:00:00+00:00,-0.003984964872565217
2011-11-23 00:00:00+00:00,-0.019859230438674748
2011-11-25 00:00:00+00:00,-0.0016988686278295972
2011-11-28 00:00:00+00:00,0.026070456864566504
2011-11-29 00:00:00+00:00,0.0025560644773558127
2011-11-30 00:00:00+00:00,0.0370342477555361
2011-12-01 00:00:00+00:00,-0.00045000000000000004
2011-12-02 00:00:00+00:00,0.0
2011-12-05 00:00:00+00:00,0.0
2011-12-06 00:00:00+00:00,0.0
2011-12-07 00:00:00+00:00,0.0
2011-12-08 00:00:00+00:00,0.0
2011-12-09 00:00:00+00:00,0.014797616929184104
2011-12-12 00:00:00+00:00,-0.00045000000000000004
2011-12-13 00:00:00+00:00,0.0
2011-12-14 00:00:00+00:00,0.0
2011-12-15 00:00:00+00:00,0.0
2011-12-16 00:00:00+00:00,0.0
2011-12-19 00:00:00+00:00,0.0
2011-12-20 00:00:00+00:00,0.0
2011-12-21 00:00:00+00:00,0.0
2011-12-22 00:00:00+00:00,0.0
2011-12-23 00:00:00+00:00,0.0
2011-12-27 00:00:00+00:00,0.0
2011-12-28 00:00:00+00:00,0.0
2011-12-29 00:00:00+00:00,0.0
2011-12-30 00:00:00+00:00,-0.004874109548665645
2012-01-03 00:00:00+00:00,0.014342570134951483
2012-01-04 00:00:00+00:00,-0.00045000000000000004
2012-01-05 00:00:00+00:00,0.0
2012-01-06 00:00:00+00:00,0.0
2012-01-09 00:00:00+00:00,0.0
2012-01-10 00:00:00+00:00,0.007353698435058548
2012-01-11 00:00:00+00:00,0.0004879769130382572
2012-01-12 00:00:00+00:00,0.0021595266610515253
2012-01-13 00:00:00+00:00,-0.004656178421734214
2012-01-17 00:00:00+00:00,0.0034929134209625624
2012-01-18 00:00:00+00:00,0.009950291318947401
2012-01-19 00:00:00+00:00,0.004749124955160955
2012-01-20 00:00:00+00:00,0.003354149037345455
2012-01-23 00:00:00+00:00,-0.0023188478025872317
2012-01-24 00:00:00+00:00,-0.001025489468755647
2012-01-25 00:00:00+00:00,0.007530542096946902
2012-01-26 00:00:00+00:00,-0.0046168211139722805
2012-01-27 00:00:00+00:00,-0.00040934256837994455
2012-01-30 00:00:00+00:00,-0.0030725752572801526
2012-01-31 00:00:00+00:00,-0.0003424093967335562
2012-02-01 00:00:00+00:00,0.007881382138352433
2012-02-02 00:00:00+00:00,0.001426619075540181
2012-02-03 00:00:00+00:00,0.012616582156196765
2012-02-06 00:00:00+00:00,-0.0006015780860648579
2012-02-07 00:00:00+00:00,0.0022756640712521038
2012-02-08 00:00:00+00:00,0.0026713500988500226
2012-02-09 00:00:00+00:00,0.0011317017842151556
2012-02-10 00:00:00+00:00,-0.006649136307632475
2012-02-13 00:00:00+00:00,0.006698625277122794
2012-02-14 00:00:00+00:00,-0.0011302805170176234
2012-02-15 00:00:00+00:00,-0.004194073180498359
2012-02-16 00:00:00+00:00,0.009965608762508139
2012-02-17 00:00:00+00:00,0.002381296776131281
2012-02-21 00:00:00+00:00,0.0003960086645163008
2012-02-22 00:00:00+00:00,-0.0029018557253135293
2012-02-23 00:00:00+00:00,0.003970041789951729
2012-02-24 00:00:00+00:00,0.0019761409936315255
2012-02-27 00:00:00+00:00,0.0015116962398364908
2012-02-28 00:00:00+00:00,0.0026244150005329428
2012-02-29 00:00:00+00:00,-0.0035332515155833246
2012-03-01 00:00:00+00:00,0.004663894236696664
2012-03-02 00:00:00+00:00,-0.0027449781828560063
2012-03-05 00:00:00+00:00,-0.0036700279295884043
2012-03-06 00:00:00+00:00,-0.013162909512632404
2012-03-07 00:00:00+00:00,0.006278680457151387
2012-03-08 00:00:00+00:00,0.00895417329693291
2012-03-09 00:00:00+00:00,0.0034804531297873086
2012-03-12 00:00:00+00:00,6.543417982711741e-05
2012-03-13 00:00:00+00:00,0.016223083706442345
2012-03-14 00:00:00+00:00,-0.0009635574026488514
2012-03-15 00:00:00+00:00,0.0052101291249598836
2012-03-16 00:00:00+00:00,0.001246460045216491
2012-03-19 00:00:00+00:00,0.0035281042115203444
2012-03-20 00:00:00+00:00,-0.002619853501311198
2012-03-21 00:00:00+00:00,-0.001473639764384027
2012-03-22 00:00:00+00:00,-0.006483173399061715
2012-03-23 00:00:00+00:00,0.002536246777102197
2012-03-26 00:00:00+00:00,0.011227890892667246
2012-03-27 00:00:00+00:00,-0.0001393084753350589
2012-03-28 00:00:00+00:00,-0.004417094643482129
2012-03-29 00:00:00+00:00,-0.0013666157274544234
2012-03-30 00:00:00+00:00,0.0033087068905322424
2012-04-02 00:00:00+00:00,0.005851922341620863
2012-04-03 00:00:00+00:00,-0.0032714270886844863
2012-04-04 00:00:00+00:00,-0.007928692502758582
2012-04-05 00:00:00+00:00,-0.00040035811335235036
2012-04-09 00:00:00+00:00,-0.008984605615841268
2012-04-10 00:00:00+00:00,-0.013428024998032218
2012-04-11 00:00:00+00:00,0.006475199905028539
2012-04-12 00:00:00+00:00,0.011709325781828012
2012-04-13 00:00:00+00:00,-0.010699656541051872
2012-04-16 00:00:00+00:00,-0.0005907493860654701
2012-04-17 00:00:00+00:00,0.013330779194847042
2012-04-18 00:00:00+00:00,-0.0030411120221823687
2012-04-19 00:00:00+00:00,-0.005779355491822869
2012-04-20 00:00:00+00:00,0.0015035136215955092
2012-04-23 00:00:00+00:00,-0.007567889410246764
2012-04-24 00:00:00+00:00,0.003421364212068534
2012-04-25 00:00:00+00:00,0.012322534564402732
2012-04-26 00:00:00+00:00,-0.00045000000000000004
2012-04-27 00:00:00+00:00,0.0
2012-04-30 00:00:00+00:00,0.0
2012-05-01 00:00:00+00:00,0.0
2012-05-02 00:00:00+00:00,0.0
2012-05-03 00:00:00+00:00,0.0
2012-05-04 00:00:00+00:00,-0.014992227836985323
2012-05-07 00:00:00+00:00,0.0006571592468260335
2012-05-08 00:00:00+00:00,-0.0036105804839129062
2012-05-09 00:00:00+00:00,-0.0053386187082893
2012-05-10 00:00:00+00:00,0.0018564236863527707
2012-05-11 00:00:00+00:00,-0.002712688179357381
2012-05-14 00:00:00+00:00,-0.009955561093594356
2012-05-15 00:00:00+00:00,-0.005166921029063388
2012-05-16 00:00:00+00:00,-0.0034424735736317768
2012-05-17 00:00:00+00:00,-0.013347861579896236
2012-05-18 00:00:00+00:00,-0.007702815114550954
2012-05-21 00:00:00+00:00,0.015469267912366514
2012-05-22 00:00:00+00:00,0.0015684870355561654
2012-05-23 00:00:00+00:00,0.00047656704464515975
2012-05-24 00:00:00+00:00,0.0017689406985892165
2012-05-25 00:00:00+00:00,-0.0029197093787764585
2012-05-29 00:00:00+00:00,0.010900822592295346
2012-05-30 00:00:00+00:00,-0.013059372446759754
2012-05-31 00:00:00+00:00,-0.0019806555498540824
2012-06-01 00:00:00+00:00,-0.022659226653549292
2012-06-04 00:00:00+00:00,-0.00042138240778539783
2012-06-05 00:00:00+00:00,0.006815241573224507
2012-06-06 00:00:00+00:00,0.020221325630031917
2012-06-07 00:00:00+00:00,0.0005457786765530104
2012-06-08 00:00:00+00:00,0.007156423488767572
2012-06-11 00:00:00+00:00,-0.01142766902062452
2012-06-12 00:00:00+00:00,0.010341620076979963
2012-06-13 00:00:00+00:00,-0.005754988893659885
2012-06-14 00:00:00+00:00,0.009540117275226679
2012-06-15 00:00:00+00:00,-0.00045000000000000004
2012-06-18 00:00:00+00:00,0.0
2012-06-19 00:00:00+00:00,0.0
2012-06-20 00:00:00+00:00,0.0
2012-06-21 00:00:00+00:00,0.0
2012-06-22 00:00:00+00:00,0.0
2012-06-25 00:00:00+00:00,0.0
2012-06-26 00:00:00+00:00,0.0
2012-06-27 00:00:00+00:00,0.0
2012-06-28 00:00:00+00:00,0.0
2012-06-29 00:00:00+00:00,0.0
2012-07-02 00:00:00+00:00,0.0
2012-07-03 00:00:00+00:00,0.0
2012-07-05 00:00:00+00:00,0.0
2012-07-06 00:00:00+00:00,0.0
2012-07-09 00:00:00+00:00,0.0
2012-07-10 00:00:00+00:00,0.0
2012-07-11 00:00:00+00:00,0.0
2012-07-12 00:00:00+00:00,0.0
2012-07-13 00:00:00+00:00,0.0
2012-07-16 00:00:00+00:00,0.0
2012-07-17 00:00:00+00:00,0.0
2012-07-18 00:00:00+00:00,0.0
2012-07-19 00:00:00+00:00,0.0
2012-07-20 00:00:00+00:00,0.0
2012-07-23 00:00:00+00:00,0.0
2012-07-24 00:00:00+00:00,-0.00817854997728808
2012-07-25 00:00:00+00:00,0.00020181994704777663
2012-07-26 00:00:00+00:00,0.014847931973101037
2012-07-27 00:00:00+00:00,-0.00045000000000000004
2012-07-30 00:00:00+00:00,0.0
2012-07-31 00:00:00+00:00,-0.006744871913862777
2012-08-01 00:00:00+00:00,-0.0007843557105403631
2012-08-02 00:00:00+00:00,-0.006214176159569473
2012-08-03 00:00:00+00:00,0.017849788684586466
2012-08-06 00:00:00+00:00,-0.00045000000000000004
2012-08-07 00:00:00+00:00,0.0
2012-08-08 00:00:00+00:00,0.0
2012-08-09 00:00:00+00:00,0.0
2012-08-10 00:00:00+00:00,0.0
2012-08-13 00:00:00+00:00,0.0
2012-08-14 00:00:00+00:00,0.0
2012-08-15 00:00:00+00:00,0.0
2012-08-16 00:00:00+00:00,0.0
2012-08-17 00:00:00+00:00,0.0
2012-08-20 00:00:00+00:00,0.0
2012-08-21 00:00:00+00:00,0.0
2012-08-22 00:00:00+00:00,-0.00016179708953450956
2012-08-23 00:00:00+00:00,-0.0065436005809615064
2012-08-24 00:00:00+00:00,0.0048346504727836866
2012-08-27 00:00:00+00:00,0.000169675868376018
2012-08-28 00:00:00+00:00,-0.000791377245244984
2012-08-29 00:00:00+00:00,0.0006223530016182365
2012-08-30 00:00:00+00:00,-0.00576655400879913
2012-08-31 00:00:00+00:00,0.0038155528323331467
2012-09-04 00:00:00+00:00,-0.0007371955277817755
2012-09-05 00:00:00+00:00,-0.0006805158905618391
2012-09-06 00:00:00+00:00,0.018216817947355607
2012-09-07 00:00:00+00:00,0.0035057174906672596
2012-09-10 00:00:00+00:00,-0.005113036957215711
2012-09-11 00:00:00+00:00,0.0025087506459154697
2012-09-12 00:00:00+00:00,0.003001095639058349
2012-09-13 00:00:00+00:00,0.013713647938984176
2012-09-14 00:00:00+00:00,0.003990486753654543
2012-09-17 00:00:00+00:00,-0.0030560642012820273
2012-09-18 00:00:00+00:00,-0.0007359687883420673
2012-09-19 00:00:00+00:00,0.0004906284270933759
2012-09-20 00:00:00+00:00,6.131757204745903e-05
2012-09-21 00:00:00+00:00,-0.00037595579108173904
2012-09-24 00:00:00+00:00,-0.0013573576600664605
2012-09-25 00:00:00+00:00,-0.009577706397916752
2012-09-26 00:00:00+00:00,-0.004547149098407505
2012-09-27 00:00:00+00:00,0.007537404146733807
2012-09-28 00:00:00+00:00,-0.003705495631767431
2012-10-01 00:00:00+00:00,0.00211136472040252
2012-10-02 00:00:00+00:00,0.000830980762505007
2012-10-03 00:00:00+00:00,0.0032667759153943267
2012-10-04 00:00:00+00:00,0.005734038819569598
2012-10-05 00:00:00+00:00,5.532926120768166e-05
2012-10-08 00:00:00+00:00,-0.0027374409238710485
2012-10-09 00:00:00+00:00,-0.007909772028577677
2012-10-10 00:00:00+00:00,-0.005792564281309126
2012-10-11 00:00:00+00:00,0.0005028726343692558
2012-10-12 00:00:00+00:00,-0.0029508849549439663
2012-10-15 00:00:00+00:00,0.007495499120594995
2012-10-16 00:00:00+00:00,0.009120194361222312
2012-10-17 00:00:00+00:00,0.004081065236278736
2012-10-18 00:00:00+00:00,-0.002338757395566493
2012-10-19 00:00:00+00:00,-0.014998424593921356
2012-10-22 00:00:00+00:00,0.00012528684511807777
2012-10-23 00:00:00+00:00,-0.012488105932928706
2012-10-24 00:00:00+00:00,-0.002546073127040116
2012-10-25 00:00:00+00:00,0.0026166830463840054
2012-10-26 00:00:00+00:00,-0.0005088332243489479
2012-10-31 00:00:00+00:00,0.0
2012-11-01 00:00:00+00:00,0.009423433224108768
2012-11-02 00:00:00+00:00,-0.008002734765812258
2012-11-05 00:00:00+00:00,0.0018440289033250234
2012-11-06 00:00:00+00:00,0.007042569786616659
2012-11-07 00:00:00+00:00,-0.02039744781043177
2012-11-08 00:00:00+00:00,-0.010821709018920423
2012-11-09 00:00:00+00:00,0.0007823731775593812
2012-11-12 00:00:00+00:00,0.0007168684235373757
2012-11-13 00:00:00+00:00,-0.00045000000000000004
2012-11-14 00:00:00+00:00,0.0
2012-11-15 00:00:00+00:00,-0.001972953691747253
2012-11-16 00:00:00+00:00,0.0044436397902968714
2012-11-19 00:00:00+00:00,-0.00045000000000000004
2012-11-20 00:00:00+00:00,0.0
2012-11-21 00:00:00+00:00,0.0
2012-11-23 00:00:00+00:00,0.0
2012-11-26 00:00:00+00:00,0.0
2012-11-27 00:00:00+00:00,0.0
2012-11-28 00:00:00+00:00,0.0
2012-11-29 00:00:00+00:00,0.0
2012-11-30 00:00:00+00:00,0.0
2012-12-03 00:00:00+00:00,0.0
2012-12-04 00:00:00+00:00,0.0
2012-12-05 00:00:00+00:00,0.0
2012-12-06 00:00:00+00:00,0.0
2012-12-07 00:00:00+00:00,0.0022755197304551392
2012-12-10 00:00:00+00:00,0.00037918251616746445
2012-12-11 00:00:00+00:00,0.006127596999759999
2012-12-12 00:00:00+00:00,0.00043908129870684487
2012-12-13 00:00:00+00:00,-0.005518716889807296
2012-12-14 00:00:00+00:00,-0.003344218282907174
2012-12-17 00:00:00+00:00,0.010576691399537963
2012-12-18 00:00:00+00:00,0.010016251259626175
2012-12-19 00:00:00+00:00,-0.0066861905239435585
2012-12-20 00:00:00+00:00,0.005176953593362211
2012-12-21 00:00:00+00:00,-0.008169452527305289
2012-12-24 00:00:00+00:00,-0.002773166206109057
2012-12-26 00:00:00+00:00,-0.0037936216970604008
2012-12-27 00:00:00+00:00,-0.0012066453036109538
2012-12-28 00:00:00+00:00,-0.009726862809436965
2012-12-31 00:00:00+00:00,-0.00045000000000000004
2013-01-02 00:00:00+00:00,0.02261687251724968
2013-01-03 00:00:00+00:00,-0.00045000000000000004
2013-01-04 00:00:00+00:00,0.0
2013-01-07 00:00:00+00:00,0.0
2013-01-08 00:00:00+00:00,0.0
2013-01-09 00:00:00+00:00,0.0
2013-01-10 00:00:00+00:00,0.0
2013-01-11 00:00:00+00:00,0.0
2013-01-14 00:00:00+00:00,0.0
2013-01-15 00:00:00+00:00,0.0
2013-01-16 00:00:00+00:00,0.0
2013-01-17 00:00:00+00:00,0.0
2013-01-18 00:00:00+00:00,0.0
2013-01-22 00:00:00+00:00,0.0
2013-01-23 00:00:00+00:00,0.0
2013-01-24 00:00:00+00:00,0.0
2013-01-25 00:00:00+00:00,0.0
2013-01-28 00:00:00+00:00,0.0
2013-01-29 00:00:00+00:00,-0.0004431105443793382
2013-01-30 00:00:00+00:00,0.0003915712365596513
2013-01-31 00:00:00+00:00,-0.0024223104625420264
2013-02-01 00:00:00+00:00,0.008229229627537648
2013-02-04 00:00:00+00:00,-0.008992023870186206
2013-02-05 00:00:00+00:00,0.008078161680834483
2013-02-06 00:00:00+00:00,0.0005823047032032847
2013-02-07 00:00:00+00:00,-0.0010579472161763802
2013-02-08 00:00:00+00:00,0.004451242444357994
2013-02-11 00:00:00+00:00,-0.00015815493689501635
2013-02-12 00:00:00+00:00,0.0013176769091094442
2013-02-13 00:00:00+00:00,0.0006842112365349706
2013-02-14 00:00:00+00:00,0.0007361898415751966
2013-02-15 00:00:00+00:00,-0.0009455222427479982
2013-02-19 00:00:00+00:00,0.005995613003157985
2013-02-20 00:00:00+00:00,-0.011266858689834975
2013-02-21 00:00:00+00:00,-0.005471191990733382
2013-02-22 00:00:00+00:00,0.00879556648022719
2013-02-25 00:00:00+00:00,-0.017124421442044537
2013-02-26 00:00:00+00:00,-0.00045000000000000004
2013-02-27 00:00:00+00:00,0.01088841580418442
2013-02-28 00:00:00+00:00,-0.00045000000000000004
2013-03-01 00:00:00+00:00,0.0
2013-03-04 00:00:00+00:00,0.0
2013-03-05 00:00:00+00:00,0.0
2013-03-06 00:00:00+00:00,0.0
2013-03-07 00:00:00+00:00,0.0
2013-03-08 00:00:00+00:00,0.0
2013-03-11 00:00:00+00:00,0.0
2013-03-12 00:00:00+00:00,0.0
2013-03-13 00:00:00+00:00,0.0
2013-03-14 00:00:00+00:00,0.0
2013-03-15 00:00:00+00:00,0.0
2013-03-18 00:00:00+00:00,0.0
2013-03-19 00:00:00+00:00,0.000182309703043021
2013-03-20 00:00:00+00:00,-0.0006985085019599158
2013-03-21 00:00:00+00:00,0.0008543215505922852
2013-03-22 00:00:00+00:00,-0.0008033931881560098
2013-03-25 00:00:00+00:00,0.00041769319897199124
2013-03-26 00:00:00+00:00,0.005951922725279973
2013-03-27 00:00:00+00:00,0.0
2013-03-28 00:00:00+00:00,0.002458532582241979
2013-04-01 00:00:00+00:00,-0.0031660650469057753
2013-04-02 00:00:00+00:00,0.003947622603150158
2013-04-03 00:00:00+00:00,-0.008111511888840274
2013-04-04 00:00:00+00:00,0.0032469263578541073
2013-04-05 00:00:00+00:00,-0.0035929213469874984
2013-04-08 00:00:00+00:00,0.005414264271974823
2013-04-09 00:00:00+00:00,0.0027648738844854746
2013-04-10 00:00:00+00:00,0.0097993432393066
2013-04-11 00:00:00+00:00,-0.0007777543941344829
2013-04-12 00:00:00+00:00,0.0002450338365575733
2013-04-15 00:00:00+00:00,0.0023174362059285025
2013-04-16 00:00:00+00:00,-5e-05
2013-04-17 00:00:00+00:00,0.0
2013-04-18 00:00:00+00:00,0.0
2013-04-19 00:00:00+00:00,0.0
2013-04-22 00:00:00+00:00,0.0
2013-04-23 00:00:00+00:00,0.0
2013-04-24 00:00:00+00:00,0.0
2013-04-25 00:00:00+00:00,0.0
2013-04-26 00:00:00+00:00,0.0
2013-04-29 00:00:00+00:00,0.0
2013-04-30 00:00:00+00:00,0.0
2013-05-01 00:00:00+00:00,0.0
2013-05-02 00:00:00+00:00,0.0
2013-05-03 00:00:00+00:00,0.0
2013-05-06 00:00:00+00:00,0.0
2013-05-07 00:00:00+00:00,0.0
2013-05-08 00:00:00+00:00,0.0
2013-05-09 00:00:00+00:00,0.0
2013-05-10 00:00:00+00:00,0.0
2013-05-13 00:00:00+00:00,0.0
2013-05-14 00:00:00+00:00,0.0
2013-05-15 00:00:00+00:00,0.0
2013-05-16 00:00:00+00:00,-0.004675783297035835
2013-05-17 00:00:00+00:00,0.007691494900721513
2013-05-20 00:00:00+00:00,-4.7970015983089814e-05
2013-05-21 00:00:00+00:00,0.0011504304004771983
2013-05-22 00:00:00+00:00,-0.005934315074825936
2013-05-23 00:00:00+00:00,-0.00231398758016077
2013-05-24 00:00:00+00:00,-0.0006772572333824556
2013-05-28 00:00:00+00:00,0.0047912188210412765
2013-05-29 00:00:00+00:00,-0.0051957175136487345
2013-05-30 00:00:00+00:00,0.002954034260307026
2013-05-31 00:00:00+00:00,-0.011481716743815618
2013-06-03 00:00:00+00:00,0.004404697348936182
2013-06-04 00:00:00+00:00,-0.003845152633344551
2013-06-05 00:00:00+00:00,-0.012650997375832734
2013-06-06 00:00:00+00:00,0.008147850522321387
2013-06-07 00:00:00+00:00,0.011448568973069317
2013-06-10 00:00:00+00:00,-0.00045000000000000004
2013-06-11 00:00:00+00:00,-0.009734179549433392
2013-06-12 00:00:00+00:00,-0.0074494605824935835
2013-06-13 00:00:00+00:00,0.013688123266555108
2013-06-14 00:00:00+00:00,-0.00045000000000000004
2013-06-17 00:00:00+00:00,0.00649944840778966
2013-06-18 00:00:00+00:00,0.007115030637643671
2013-06-19 00:00:00+00:00,-0.00045000000000000004
2013-06-20 00:00:00+00:00,0.0
2013-06-21 00:00:00+00:00,0.0
2013-06-24 00:00:00+00:00,0.0
2013-06-25 00:00:00+00:00,0.0
2013-06-26 00:00:00+00:00,0.0
2013-06-27 00:00:00+00:00,0.0
2013-06-28 00:00:00+00:00,0.0
2013-07-01 00:00:00+00:00,0.0
2013-07-02 00:00:00+00:00,0.0
2013-07-03 00:00:00+00:00,0.0
2013-07-05 00:00:00+00:00,0.0
2013-07-08 00:00:00+00:00,0.0
2013-07-09 00:00:00+00:00,0.0
2013-07-10 00:00:00+00:00,0.0
2013-07-11 00:00:00+00:00,0.0
2013-07-12 00:00:00+00:00,0.0
2013-07-15 00:00:00+00:00,0.0
2013-07-16 00:00:00+00:00,0.0
2013-07-17 00:00:00+00:00,0.0
2013-07-18 00:00:00+00:00,0.0
2013-07-19 00:00:00+00:00,0.0
2013-07-22 00:00:00+00:00,0.0
2013-07-23 00:00:00+00:00,0.0
2013-07-24 00:00:00+00:00,-0.0037491151743937524
2013-07-25 00:00:00+00:00,0.002189707899717197
2013-07-26 00:00:00+00:00,0.0009589622556820165
2013-07-29 00:00:00+00:00,-0.002767228797263577
2013-07-30 00:00:00+00:00,0.0
2013-07-31 00:00:00+00:00,0.0006405294590937638
2013-08-01 00:00:00+00:00,0.010402574949196053
2013-08-02 00:00:00+00:00,0.0015294890737926892
2013-08-05 00:00:00+00:00,-0.0013164993643519974
2013-08-06 00:00:00+00:00,-0.005114100376684094
2013-08-07 00:00:00+00:00,-0.002916530817914542
2013-08-08 00:00:00+00:00,0.0028818534402518634
2013-08-09 00:00:00+00:00,-0.0023085723735237094
2013-08-12 00:00:00+00:00,-0.0009451375631003068
2013-08-13 00:00:00+00:00,0.0023653680056048287
2013-08-14 00:00:00+00:00,-0.0041034380025532615
2013-08-15 00:00:00+00:00,-0.011189048350732023
2013-08-16 00:00:00+00:00,-0.0026442125518923556
2013-08-19 00:00:00+00:00,-0.005113907078474344
2013-08-20 00:00:00+00:00,0.003932879225510711
2013-08-21 00:00:00+00:00,-0.004928177404064194
2013-08-22 00:00:00+00:00,0.007292399731764122
2013-08-23 00:00:00+00:00,0.0026974608322309027
2013-08-26 00:00:00+00:00,-0.0029766249080537934
2013-08-27 00:00:00+00:00,-0.012867605698542572
2013-08-28 00:00:00+00:00,0.0028412144745997734
2013-08-29 00:00:00+00:00,0.0013772990806226238
2013-08-30 00:00:00+00:00,-0.0028509148541357335
2013-09-03 00:00:00+00:00,0.004070076470201456
2013-09-04 00:00:00+00:00,0.007445358892760124
2013-09-05 00:00:00+00:00,0.0011402884781042788
2013-09-06 00:00:00+00:00,0.0004337523387593301
2013-09-09 00:00:00+00:00,0.008618755815360202
2013-09-10 00:00:00+00:00,0.006657153342607658
2013-09-11 00:00:00+00:00,0.0028248407600143244
2013-09-12 00:00:00+00:00,-0.00045000000000000004
2013-09-13 00:00:00+00:00,0.0015740890887788244
2013-09-16 00:00:00+00:00,0.005208706028033583
2013-09-17 00:00:00+00:00,0.004016457579305777
2013-09-18 00:00:00+00:00,0.010416625315984284
2013-09-19 00:00:00+00:00,-0.001508365588946703
2013-09-20 00:00:00+00:00,-0.006291929357169468
2013-09-23 00:00:00+00:00,-0.004164806482879979
2013-09-24 00:00:00+00:00,-0.002118677297085303
2013-09-25 00:00:00+00:00,-0.0026011586907348063
2013-09-26 00:00:00+00:00,0.0034606109568493973
2013-09-27 00:00:00+00:00,-0.004136725858052082
2013-09-30 00:00:00+00:00,-0.004795885878741102
2013-10-01 00:00:00+00:00,0.007124832382805791
2013-10-02 00:00:00+00:00,-0.0008504034879311395
2013-10-03 00:00:00+00:00,-0.008298998222653143
2013-10-04 00:00:00+00:00,0.006819222693596072
2013-10-07 00:00:00+00:00,-0.007780443130426362
2013-10-08 00:00:00+00:00,-0.00045000000000000004
2013-10-09 00:00:00+00:00,0.0
2013-10-10 00:00:00+00:00,0.0
2013-10-11 00:00:00+00:00,0.005349343756343611
2013-10-14 00:00:00+00:00,-0.00045000000000000004
2013-10-15 00:00:00+00:00,-0.006978563694665346
2013-10-16 00:00:00+00:00,-0.00045000000000000004
2013-10-17 00:00:00+00:00,0.0
2013-10-18 00:00:00+00:00,0.0
2013-10-21 00:00:00+00:00,0.0
2013-10-22 00:00:00+00:00,0.0
2013-10-23 00:00:00+00:00,0.0
2013-10-24 00:00:00+00:00,0.0
2013-10-25 00:00:00+00:00,0.0
2013-10-28 00:00:00+00:00,0.0
2013-10-29 00:00:00+00:00,0.0
2013-10-30 00:00:00+00:00,0.0
2013-10-31 00:00:00+00:00,0.0
2013-11-01 00:00:00+00:00,0.0
2013-11-04 00:00:00+00:00,0.0
2013-11-05 00:00:00+00:00,0.0
2013-11-06 00:00:00+00:00,0.0
2013-11-07 00:00:00+00:00,0.0
2013-11-08 00:00:00+00:00,0.011692058760333607
2013-11-11 00:00:00+00:00,-0.00045000000000000004
2013-11-12 00:00:00+00:00,0.0
2013-11-13 00:00:00+00:00,0.0
2013-11-14 00:00:00+00:00,0.0040407086474739395
2013-11-15 00:00:00+00:00,0.003915757920448271
2013-11-18 00:00:00+00:00,-0.0031487930607119407
2013-11-19 00:00:00+00:00,-0.0019566225502939405
2013-11-20 00:00:00+00:00,-0.0028153613942039192
2013-11-21 00:00:00+00:00,0.007261807981945157
2013-11-22 00:00:00+00:00,0.004502183668286297
2013-11-25 00:00:00+00:00,-0.00045000000000000004
2013-11-26 00:00:00+00:00,-0.0002786309040254338
2013-11-27 00:00:00+00:00,0.0019482319903953993
2013-11-29 00:00:00+00:00,-0.0005300832961085966
2013-12-02 00:00:00+00:00,-0.0020775221766116125
2013-12-03 00:00:00+00:00,-0.0034564664635624355
2013-12-04 00:00:00+00:00,-8.887978312319689e-05
2013-12-05 00:00:00+00:00,-0.003516295768510069
2013-12-06 00:00:00+00:00,0.008941617938655355
2013-12-09 00:00:00+00:00,0.0020336434541681214
2013-12-10 00:00:00+00:00,-0.0028666714595217083
2013-12-11 00:00:00+00:00,-0.010158123078260955
2013-12-12 00:00:00+00:00,-0.0029708087631810987
2013-12-13 00:00:00+00:00,-0.00010089909749231297
2013-12-16 00:00:00+00:00,0.005608873039185314
2013-12-17 00:00:00+00:00,-0.00286251967868415
2013-12-18 00:00:00+00:00,0.015365085099657061
2013-12-19 00:00:00+00:00,-0.001040035446184906
2013-12-20 00:00:00+00:00,0.005235375652990238
2013-12-23 00:00:00+00:00,0.004808268755991785
2013-12-24 00:00:00+00:00,0.0019722947380441005
2013-12-26 00:00:00+00:00,-0.00045000000000000004
2013-12-27 00:00:00+00:00,0.0
2013-12-30 00:00:00+00:00,0.0
2013-12-31 00:00:00+00:00,0.0038097718310623864
2014-01-02 00:00:00+00:00,-0.0086255146557078
2014-01-03 00:00:00+00:00,-0.0001475185210989216
2014-01-06 00:00:00+00:00,-0.002608105330542787
2014-01-07 00:00:00+00:00,0.005527593187264146
2014-01-08 00:00:00+00:00,0.0001960601308693688
2014-01-09 00:00:00+00:00,0.0005886078410675344
2014-01-10 00:00:00+00:00,0.0024506984128060518
2014-01-13 00:00:00+00:00,-0.011974750884250185
2014-01-14 00:00:00+00:00,0.009808024020456529
2014-01-15 00:00:00+00:00,-0.00045000000000000004
2014-01-16 00:00:00+00:00,0.0
2014-01-17 00:00:00+00:00,0.0
2014-01-21 00:00:00+00:00,0.0021966802605812136
2014-01-22 00:00:00+00:00,0.0005861293484559883
2014-01-23 00:00:00+00:00,-0.007373711079605938
2014-01-24 00:00:00+00:00,-0.019202383293642024
2014-01-27 00:00:00+00:00,-0.00045000000000000004
2014-01-28 00:00:00+00:00,0.0
2014-01-29 00:00:00+00:00,-0.009094566708862412
2014-01-30 00:00:00+00:00,-0.00045000000000000004
2014-01-31 00:00:00+00:00,-0.005722859391469654
2014-02-03 00:00:00+00:00,-0.00045000000000000004
2014-02-04 00:00:00+00:00,0.0
2014-02-05 00:00:00+00:00,0.0
2014-02-06 00:00:00+00:00,0.0
2014-02-07 00:00:00+00:00,0.0
2014-02-10 00:00:00+00:00,0.0
2014-02-11 00:00:00+00:00,0.0
2014-02-12 00:00:00+00:00,0.0
2014-02-13 00:00:00+00:00,0.0
2014-02-14 00:00:00+00:00,0.0
2014-02-18 00:00:00+00:00,0.0
2014-02-19 00:00:00+00:00,0.0
2014-02-20 00:00:00+00:00,0.0
2014-02-21 00:00:00+00:00,0.0
2014-02-24 00:00:00+00:00,0.0
2014-02-25 00:00:00+00:00,0.0
2014-02-26 00:00:00+00:00,0.0
2014-02-27 00:00:00+00:00,0.0
2014-02-28 00:00:00+00:00,0.0
2014-03-03 00:00:00+00:00,0.0
2014-03-04 00:00:00+00:00,0.012200306719661809
2014-03-05 00:00:00+00:00,0.0008158352603408359
2014-03-06 00:00:00+00:00,0.002060638971852735
2014-03-07 00:00:00+00:00,0.0003829588191595734
2014-03-10 00:00:00+00:00,-0.0004781113113897395
2014-03-11 00:00:00+00:00,-0.004448428286626327
2014-03-12 00:00:00+00:00,0.00024050693416282078
2014-03-13 00:00:00+00:00,-0.010091878340237804
2014-03-14 00:00:00+00:00,-0.00252721814832787
2014-03-17 00:00:00+00:00,0.008139022826894137
2014-03-18 00:00:00+00:00,0.006424190777377614
2014-03-19 00:00:00+00:00,-0.004795947493034969
2014-03-20 00:00:00+00:00,0.005255966703228721
2014-03-21 00:00:00+00:00,-0.003491356683862834
2014-03-24 00:00:00+00:00,-0.0037215598084462953
2014-03-25 00:00:00+00:00,0.004271106153297755
2014-03-26 00:00:00+00:00,-0.006472742740716764
2014-03-27 00:00:00+00:00,-0.0018975729505077755
2014-03-28 00:00:00+00:00,0.004436780890464376
2014-03-31 00:00:00+00:00,0.007375202629655609
2014-04-01 00:00:00+00:00,0.005967602136537753
2014-04-02 00:00:00+00:00,0.003011777322774689
2014-04-03 00:00:00+00:00,-0.0011912702284552212
2014-04-04 00:00:00+00:00,-0.010639586367358822
2014-04-07 00:00:00+00:00,-0.009946482356240561
2014-04-08 00:00:00+00:00,0.0037107435732684825
2014-04-09 00:00:00+00:00,0.009675605148038913
2014-04-10 00:00:00+00:00,-0.00045000000000000004
2014-04-11 00:00:00+00:00,0.0
2014-04-14 00:00:00+00:00,0.0
2014-04-15 00:00:00+00:00,0.0
2014-04-16 00:00:00+00:00,0.0
2014-04-17 00:00:00+00:00,0.0
2014-04-21 00:00:00+00:00,0.0
2014-04-22 00:00:00+00:00,0.0
2014-04-23 00:00:00+00:00,0.0
2014-04-24 00:00:00+00:00,0.0
2014-04-25 00:00:00+00:00,0.0
2014-04-28 00:00:00+00:00,0.0
2014-04-29 00:00:00+00:00,0.0
2014-04-30 00:00:00+00:00,0.0
2014-05-01 00:00:00+00:00,0.0
2014-05-02 00:00:00+00:00,0.0
2014-05-05 00:00:00+00:00,0.0
2014-05-06 00:00:00+00:00,0.0
2014-05-07 00:00:00+00:00,0.0
2014-05-08 00:00:00+00:00,0.0
2014-05-09 00:00:00+00:00,0.0
2014-05-12 00:00:00+00:00,0.0083122377804212
2014-05-13 00:00:00+00:00,0.0008062688604813629
2014-05-14 00:00:00+00:00,-0.004264012073362067
2014-05-15 00:00:00+00:00,-0.007902323350078422
2014-05-16 00:00:00+00:00,0.0031217635225512463
2014-05-19 00:00:00+00:00,0.0033022372673979783
2014-05-20 00:00:00+00:00,-0.005674472701023026
2014-05-21 00:00:00+00:00,0.006689668719484016
2014-05-22 00:00:00+00:00,0.0019458922217584277
2014-05-23 00:00:00+00:00,0.003206465122057445
2014-05-27 00:00:00+00:00,0.004917493046323607
2014-05-28 00:00:00+00:00,-0.0005844996679113202
2014-05-29 00:00:00+00:00,0.004138020856098202
2014-05-30 00:00:00+00:00,0.0012889884764749836
2014-06-02 00:00:00+00:00,0.0009136947879319735
2014-06-03 00:00:00+00:00,-0.00041496958133810933
2014-06-04 00:00:00+00:00,0.0016181526999988094
2014-06-05 00:00:00+00:00,0.005217827889987526
2014-06-06 00:00:00+00:00,0.003826452388013912
2014-06-09 00:00:00+00:00,0.0008188656989828403
2014-06-10 00:00:00+00:00,8.173363734194085e-05
2014-06-11 00:00:00+00:00,-0.0027811968795240284
2014-06-12 00:00:00+00:00,-0.005663886407500041
2014-06-13 00:00:00+00:00,0.0024386939281194845
2014-06-16 00:00:00+00:00,0.0006590630022747846
2014-06-17 00:00:00+00:00,0.0022236289699868904
2014-06-18 00:00:00+00:00,0.0058718182402335735
2014-06-19 00:00:00+00:00,0.000897027977051401
2014-06-20 00:00:00+00:00,0.0016238939030980503
2014-06-23 00:00:00+00:00,-0.00024465266272688524
2014-06-24 00:00:00+00:00,-0.004819443267849532
2014-06-25 00:00:00+00:00,0.0036162156261962514
2014-06-26 00:00:00+00:00,-0.0005732329812132343
2014-06-27 00:00:00+00:00,0.0015559835614345375
2014-06-30 00:00:00+00:00,-0.0004088957369370761
2014-07-01 00:00:00+00:00,0.005354455887697363
2014-07-02 00:00:00+00:00,0.0008121620738846147
2014-07-03 00:00:00+00:00,0.003934596654708855
2014-07-07 00:00:00+00:00,-0.0027848593284528714
2014-07-08 00:00:00+00:00,-0.005144374864966305
2014-07-09 00:00:00+00:00,0.003587227461402165
2014-07-10 00:00:00+00:00,-0.0031650905402329068
2014-07-11 00:00:00+00:00,0.0010998750834920303
2014-07-14 00:00:00+00:00,0.004028530923486961
2014-07-15 00:00:00+00:00,-0.0014982256334544531
2014-07-16 00:00:00+00:00,0.0029612485748270246
2014-07-17 00:00:00+00:00,-0.009092761362077085
2014-07-18 00:00:00+00:00,0.00817540095746878
2014-07-21 00:00:00+00:00,-0.001497467743212866
2014-07-22 00:00:00+00:00,0.003872354914589832
2014-07-23 00:00:00+00:00,0.0019980308522468573
2014-07-24 00:00:00+00:00,4.534773234501355e-05
2014-07-25 00:00:00+00:00,-0.00421348203500953
2014-07-28 00:00:00+00:00,0.00036412927365077065
2014-07-29 00:00:00+00:00,-0.0038677770369003775
2014-07-30 00:00:00+00:00,0.0001374670723047311
2014-07-31 00:00:00+00:00,-0.017773624257067466
2014-08-01 00:00:00+00:00,-0.00045000000000000004
2014-08-04 00:00:00+00:00,0.0
2014-08-05 00:00:00+00:00,-0.009176419076721537
2014-08-06 00:00:00+00:00,0.0002811306608675679
2014-08-07 00:00:00+00:00,-0.004873455221174406
2014-08-08 00:00:00+00:00,0.010412453346419671
2014-08-11 00:00:00+00:00,0.002608084726715343
2014-08-12 00:00:00+00:00,-0.00045000000000000004
2014-08-13 00:00:00+00:00,0.0
2014-08-14 00:00:00+00:00,0.0
2014-08-15 00:00:00+00:00,0.0
2014-08-18 00:00:00+00:00,0.0
2014-08-19 00:00:00+00:00,0.0
2014-08-20 00:00:00+00:00,0.0
2014-08-21 00:00:00+00:00,0.0
2014-08-22 00:00:00+00:00,0.0
2014-08-25 00:00:00+00:00,0.0
2014-08-26 00:00:00+00:00,0.0
2014-08-27 00:00:00+00:00,0.0
2014-08-28 00:00:00+00:00,0.0
2014-08-29 00:00:00+00:00,0.001778079735968852
2014-09-02 00:00:00+00:00,-0.00039848640041189047
2014-09-03 00:00:00+00:00,-0.00043837443730927457
2014-09-04 00:00:00+00:00,-0.0011573727414832648
2014-09-05 00:00:00+00:00,0.0035960063809396207
2014-09-08 00:00:00+00:00,-0.002068469541841811
2014-09-09 00:00:00+00:00,-0.0050650138190155404
2014-09-10 00:00:00+00:00,0.003010240844609413
2014-09-11 00:00:00+00:00,0.0009197348104196478
2014-09-12 00:00:00+00:00,-0.00467289492673828
2014-09-15 00:00:00+00:00,-0.0007280348591708951
2014-09-16 00:00:00+00:00,0.006784445160661812
2014-09-17 00:00:00+00:00,0.001212479827462909
2014-09-18 00:00:00+00:00,0.004796845771759073
2014-09-19 00:00:00+00:00,-0.0008114066718255319
2014-09-22 00:00:00+00:00,-0.006950191896499258
2014-09-23 00:00:00+00:00,-0.005152019098320204
2014-09-24 00:00:00+00:00,0.007045201085713071
2014-09-25 00:00:00+00:00,-0.014521950659653504
2014-09-26 00:00:00+00:00,0.007150875193687201
2014-09-29 00:00:00+00:00,-0.0016370113860357473
2014-09-30 00:00:00+00:00,-0.0023695971687640706
2014-10-01 00:00:00+00:00,-0.012196286763458441
2014-10-02 00:00:00+00:00,0.00013865789087668114
2014-10-03 00:00:00+00:00,0.009908718496280234
2014-10-06 00:00:00+00:00,-0.0010536933133151627
2014-10-07 00:00:00+00:00,-0.013892423372691587
2014-10-08 00:00:00+00:00,0.015740323752715037
2014-10-09 00:00:00+00:00,-0.00045000000000000004
2014-10-10 00:00:00+00:00,0.0
2014-10-13 00:00:00+00:00,0.0
2014-10-14 00:00:00+00:00,0.0
2014-10-15 00:00:00+00:00,0.0
2014-10-16 00:00:00+00:00,0.0
2014-10-17 00:00:00+00:00,0.0
2014-10-20 00:00:00+00:00,0.0
2014-10-21 00:00:00+00:00,0.0
2014-10-22 00:00:00+00:00,0.0
2014-10-23 00:00:00+00:00,0.0
2014-10-24 00:00:00+00:00,0.0
2014-10-27 00:00:00+00:00,0.0
2014-10-28 00:00:00+00:00,0.0
2014-10-29 00:00:00+00:00,0.0
2014-10-30 00:00:00+00:00,0.0
2014-10-31 00:00:00+00:00,0.0
2014-11-03 00:00:00+00:00,0.0
2014-11-04 00:00:00+00:00,0.0
2014-11-05 00:00:00+00:00,0.0
2014-11-06 00:00:00+00:00,0.0
2014-11-07 00:00:00+00:00,0.0
2014-11-10 00:00:00+00:00,0.0
2014-11-11 00:00:00+00:00,0.0
2014-11-12 00:00:00+00:00,0.0
2014-11-13 00:00:00+00:00,0.0
2014-11-14 00:00:00+00:00,-0.00022938350127468772
2014-11-17 00:00:00+00:00,0.000572576135841385
2014-11-18 00:00:00+00:00,0.005196732189850617
2014-11-19 00:00:00+00:00,-0.0014449833376726563
2014-11-20 00:00:00+00:00,0.0015785389119324256
2014-11-21 00:00:00+00:00,0.004815692644055081
2014-11-24 00:00:00+00:00,0.0025257413606466273
2014-11-25 00:00:00+00:00,-0.0006514799329841225
2014-11-26 00:00:00+00:00,0.0023034769237380015
2014-11-28 00:00:00+00:00,-0.0019075207646655934
2014-12-01 00:00:00+00:00,-0.006254466500348654
2014-12-02 00:00:00+00:00,0.00581736463651612
2014-12-03 00:00:00+00:00,0.003476629150925148
2014-12-04 00:00:00+00:00,-0.000995742066904648
2014-12-05 00:00:00+00:00,0.0014738004041432219
2014-12-08 00:00:00+00:00,-0.006014396995876603
2014-12-09 00:00:00+00:00,-0.0006098904070082179
2014-12-10 00:00:00+00:00,-0.014428384857578103
2014-12-11 00:00:00+00:00,0.0045628075871638534
2014-12-12 00:00:00+00:00,-0.014545258892895886
2014-12-15 00:00:00+00:00,-0.00045000000000000004
2014-12-16 00:00:00+00:00,-0.007667771681669683
2014-12-17 00:00:00+00:00,-0.00045000000000000004
2014-12-18 00:00:00+00:00,0.021805940827999422
2014-12-19 00:00:00+00:00,-0.00045000000000000004
2014-12-22 00:00:00+00:00,0.0
2014-12-23 00:00:00+00:00,0.0
2014-12-24 00:00:00+00:00,0.0
2014-12-26 00:00:00+00:00,0.0
2014-12-29 00:00:00+00:00,0.0
2014-12-30 00:00:00+00:00,0.0
2014-12-31 00:00:00+00:00,0.0
2015-01-02 00:00:00+00:00,-0.0009318247605922754
2015-01-05 00:00:00+00:00,-0.00045000000000000004
2015-01-06 00:00:00+00:00,0.0
2015-01-07 00:00:00+00:00,0.010764945215938043
2015-01-08 00:00:00+00:00,-0.00045000000000000004
2015-01-09 00:00:00+00:00,0.0
2015-01-12 00:00:00+00:00,0.0
2015-01-13 00:00:00+00:00,0.0
2015-01-14 00:00:00+00:00,-0.005883378020250124
2015-01-15 00:00:00+00:00,-0.00045000000000000004
2015-01-16 00:00:00+00:00,0.0
2015-01-20 00:00:00+00:00,0.0014693752193945368
2015-01-21 00:00:00+00:00,0.004543329944135999
2015-01-22 00:00:00+00:00,0.013383929319667965
2015-01-23 00:00:00+00:00,-0.00045000000000000004
2015-01-26 00:00:00+00:00,0.0
2015-01-27 00:00:00+00:00,0.0
2015-01-28 00:00:00+00:00,0.0
2015-01-29 00:00:00+00:00,0.007868585037024962
2015-01-30 00:00:00+00:00,-0.00045000000000000004
2015-02-02 00:00:00+00:00,0.01069567046108712
2015-02-03 00:00:00+00:00,-0.00045000000000000004
2015-02-04 00:00:00+00:00,0.0
2015-02-05 00:00:00+00:00,0.0
2015-02-06 00:00:00+00:00,0.0
2015-02-09 00:00:00+00:00,0.0
2015-02-10 00:00:00+00:00,0.009138044001774486
2015-02-11 00:00:00+00:00,-0.00045000000000000004
2015-02-12 00:00:00+00:00,0.0
2015-02-13 00:00:00+00:00,0.0
2015-02-17 00:00:00+00:00,0.0
2015-02-18 00:00:00+00:00,0.0
2015-02-19 00:00:00+00:00,0.0
2015-02-20 00:00:00+00:00,0.0
2015-02-23 00:00:00+00:00,0.0
2015-02-24 00:00:00+00:00,0.0
2015-02-25 00:00:00+00:00,0.0
2015-02-26 00:00:00+00:00,0.0
2015-02-27 00:00:00+00:00,-0.0035156756275856738
2015-03-02 00:00:00+00:00,-0.00045000000000000004
2015-03-03 00:00:00+00:00,-0.004143526032304029
2015-03-04 00:00:00+00:00,-0.0037941646656360017
2015-03-05 00:00:00+00:00,0.0009844865108558532
2015-03-06 00:00:00+00:00,-0.012657869978808078
2015-03-09 00:00:00+00:00,0.0037300751144922818
2015-03-10 00:00:00+00:00,-0.014599708798974431
2015-03-11 00:00:00+00:00,-0.0021075424869290925
2015-03-12 00:00:00+00:00,0.01144281355180734
2015-03-13 00:00:00+00:00,-0.00551912324968894
2015-03-16 00:00:00+00:00,0.012024272680602332
2015-03-17 00:00:00+00:00,-0.002675257701753675
2015-03-18 00:00:00+00:00,0.01081933018181902
2015-03-19 00:00:00+00:00,-0.00045000000000000004
2015-03-20 00:00:00+00:00,0.0
2015-03-23 00:00:00+00:00,0.0
2015-03-24 00:00:00+00:00,0.0
2015-03-25 00:00:00+00:00,0.0
2015-03-26 00:00:00+00:00,0.0
2015-03-27 00:00:00+00:00,0.0
2015-03-30 00:00:00+00:00,0.0
2015-03-31 00:00:00+00:00,0.0
2015-04-01 00:00:00+00:00,0.0
2015-04-02 00:00:00+00:00,0.0
2015-04-06 00:00:00+00:00,0.0
2015-04-07 00:00:00+00:00,0.0
2015-04-08 00:00:00+00:00,0.0
2015-04-09 00:00:00+00:00,0.0
2015-04-10 00:00:00+00:00,0.0
2015-04-13 00:00:00+00:00,0.0
2015-04-14 00:00:00+00:00,0.0
2015-04-15 00:00:00+00:00,0.0
2015-04-16 00:00:00+00:00,0.0
2015-04-17 00:00:00+00:00,0.0
2015-04-20 00:00:00+00:00,0.007773048907203601
2015-04-21 00:00:00+00:00,-0.00045000000000000004
2015-04-22 00:00:00+00:00,0.0
2015-04-23 00:00:00+00:00,0.0
2015-04-24 00:00:00+00:00,0.0016385530206141923
2015-04-27 00:00:00+00:00,-0.0037421305606763046
2015-04-28 00:00:00+00:00,0.002861004604681594
2015-04-29 00:00:00+00:00,-0.003703392387227089
2015-04-30 00:00:00+00:00,-0.009018416961521836
2015-05-01 00:00:00+00:00,0.009757459551533598
2015-05-04 00:00:00+00:00,0.0025628532176986906
2015-05-05 00:00:00+00:00,-0.010306869248279128
2015-05-06 00:00:00+00:00,-0.0037052919604957713
2015-05-07 00:00:00+00:00,0.0035910036680494085
2015-05-08 00:00:00+00:00,0.011849197425101354
2015-05-11 00:00:00+00:00,-0.00045000000000000004
2015-05-12 00:00:00+00:00,0.0
2015-05-13 00:00:00+00:00,0.0
2015-05-14 00:00:00+00:00,0.0
2015-05-15 00:00:00+00:00,0.0
2015-05-18 00:00:00+00:00,0.0
2015-05-19 00:00:00+00:00,0.0
2015-05-20 00:00:00+00:00,0.0
2015-05-21 00:00:00+00:00,0.0
2015-05-22 00:00:00+00:00,0.0
2015-05-26 00:00:00+00:00,0.0
2015-05-27 00:00:00+00:00,0.008092946346062918
2015-05-28 00:00:00+00:00,-0.00045000000000000004
2015-05-29 00:00:00+00:00,0.0
2015-06-01 00:00:00+00:00,0.0013830303823312688
2015-06-02 00:00:00+00:00,-0.000893359447708153
2015-06-03 00:00:00+00:00,0.0023845804198274314
2015-06-04 00:00:00+00:00,-0.007601958684105037
2015-06-05 00:00:00+00:00,-0.0015419346149813107
2015-06-08 00:00:00+00:00,-0.0055346888453000846
2015-06-09 00:00:00+00:00,-0.0001294120383263042
2015-06-10 00:00:00+00:00,0.010794006708211757
2015-06-11 00:00:00+00:00,0.0029009592080715854
2015-06-12 00:00:00+00:00,-0.0068891735845624915
2015-06-15 00:00:00+00:00,-0.0038571574174371737
2015-06-16 00:00:00+00:00,0.004906888746295124
2015-06-17 00:00:00+00:00,0.0014551111852365572
2015-06-18 00:00:00+00:00,0.009359357374448596
2015-06-19 00:00:00+00:00,-0.003994956894374424
2015-06-22 00:00:00+00:00,0.004610415375153098
2015-06-23 00:00:00+00:00,-0.00045000000000000004
2015-06-24 00:00:00+00:00,0.0
2015-06-25 00:00:00+00:00,-0.0031862010673598005
2015-06-26 00:00:00+00:00,-0.0001716078340038507
2015-06-29 00:00:00+00:00,-0.018873142855943614
2015-06-30 00:00:00+00:00,-0.00045000000000000004
2015-07-01 00:00:00+00:00,0.006764134679248851
2015-07-02 00:00:00+00:00,-0.0008241893786708476
2015-07-06 00:00:00+00:00,-0.002561176129390663
2015-07-07 00:00:00+00:00,0.005659694123072523
2015-07-08 00:00:00+00:00,-0.015099488445933996
2015-07-09 00:00:00+00:00,-0.00045000000000000004
2015-07-10 00:00:00+00:00,0.0
2015-07-13 00:00:00+00:00,0.009483404488807972
2015-07-14 00:00:00+00:00,-0.00045000000000000004
2015-07-15 00:00:00+00:00,0.0
2015-07-16 00:00:00+00:00,0.0
2015-07-17 00:00:00+00:00,0.0
2015-07-20 00:00:00+00:00,0.0
2015-07-21 00:00:00+00:00,0.0
2015-07-22 00:00:00+00:00,0.0
2015-07-23 00:00:00+00:00,0.0
2015-07-24 00:00:00+00:00,0.0
2015-07-27 00:00:00+00:00,0.0
2015-07-28 00:00:00+00:00,0.0
2015-07-29 00:00:00+00:00,0.0
2015-07-30 00:00:00+00:00,0.0
2015-07-31 00:00:00+00:00,0.0
2015-08-03 00:00:00+00:00,0.0
2015-08-04 00:00:00+00:00,0.0
2015-08-05 00:00:00+00:00,0.0
2015-08-06 00:00:00+00:00,0.0
2015-08-07 00:00:00+00:00,-0.0021778813609172718
2015-08-10 00:00:00+00:00,0.011339305707529435
2015-08-11 00:00:00+00:00,-0.00045000000000000004
2015-08-12 00:00:00+00:00,0.0006282501106966214
2015-08-13 00:00:00+00:00,-0.0011200350854575825
2015-08-14 00:00:00+00:00,0.0032777177079901243
2015-08-17 00:00:00+00:00,-0.00045000000000000004
2015-08-18 00:00:00+00:00,0.0
2015-08-19 00:00:00+00:00,-0.007564707184764991
2015-08-20 00:00:00+00:00,-0.0187934337787953
2015-08-21 00:00:00+00:00,-0.00045000000000000004
2015-08-24 00:00:00+00:00,0.0
2015-08-25 00:00:00+00:00,0.0
2015-08-26 00:00:00+00:00,0.0
2015-08-27 00:00:00+00:00,0.0
2015-08-28 00:00:00+00:00,0.0
2015-08-31 00:00:00+00:00,0.0
2015-09-01 00:00:00+00:00,0.0
2015-09-02 00:00:00+00:00,0.0
2015-09-03 00:00:00+00:00,0.0
2015-09-04 00:00:00+00:00,0.0
2015-09-08 00:00:00+00:00,0.0
2015-09-09 00:00:00+00:00,0.0
2015-09-10 00:00:00+00:00,0.0
2015-09-11 00:00:00+00:00,0.0
2015-09-14 00:00:00+00:00,0.0
2015-09-15 00:00:00+00:00,0.0
2015-09-16 00:00:00+00:00,0.0
2015-09-17 00:00:00+00:00,0.0
2015-09-18 00:00:00+00:00,0.0
2015-09-21 00:00:00+00:00,0.0
2015-09-22 00:00:00+00:00,0.0
2015-09-23 00:00:00+00:00,0.0
2015-09-24 00:00:00+00:00,0.0
2015-09-25 00:00:00+00:00,0.0
2015-09-28 00:00:00+00:00,-0.02303778474016724
2015-09-29 00:00:00+00:00,-0.00045000000000000004
2015-09-30 00:00:00+00:00,0.0
2015-10-01 00:00:00+00:00,0.0018978575434404458
2015-10-02 00:00:00+00:00,0.013443957149500396
2015-10-05 00:00:00+00:00,-0.00045000000000000004
2015-10-06 00:00:00+00:00,0.0
2015-10-07 00:00:00+00:00,0.0
2015-10-08 00:00:00+00:00,0.0
2015-10-09 00:00:00+00:00,0.0
2015-10-12 00:00:00+00:00,0.0
2015-10-13 00:00:00+00:00,0.0
2015-10-14 00:00:00+00:00,0.0
2015-10-15 00:00:00+00:00,0.0
2015-10-16 00:00:00+00:00,0.0
2015-10-19 00:00:00+00:00,0.0
2015-10-20 00:00:00+00:00,0.0
2015-10-21 00:00:00+00:00,0.0
2015-10-22 00:00:00+00:00,0.0
2015-10-23 00:00:00+00:00,0.0
2015-10-26 00:00:00+00:00,0.0
2015-10-27 00:00:00+00:00,0.0
2015-10-28 00:00:00+00:00,0.0
2015-10-29 00:00:00+00:00,0.0
2015-10-30 00:00:00+00:00,0.0
2015-11-02 00:00:00+00:00,0.0
2015-11-03 00:00:00+00:00,0.0
2015-11-04 00:00:00+00:00,0.0
2015-11-05 00:00:00+00:00,-0.0013488950252274197
2015-11-06 00:00:00+00:00,-0.0004707286723163673
2015-11-09 00:00:00+00:00,-0.00045000000000000004
2015-11-10 00:00:00+00:00,0.001626036333991027
2015-11-11 00:00:00+00:00,-0.0035384755005697156
2015-11-12 00:00:00+00:00,-0.012563903547530965
2015-11-13 00:00:00+00:00,-0.01010530423997037
2015-11-16 00:00:00+00:00,0.013686164637987375
2015-11-17 00:00:00+00:00,-0.0006567776750448618
2015-11-18 00:00:00+00:00,0.014279536671305215
2015-11-19 00:00:00+00:00,-0.00045000000000000004
2015-11-20 00:00:00+00:00,0.002830208213175806
2015-11-23 00:00:00+00:00,-0.00045000000000000004
2015-11-24 00:00:00+00:00,0.0
2015-11-25 00:00:00+00:00,-0.0005789210207698899
2015-11-27 00:00:00+00:00,0.0010318298385880054
2015-11-30 00:00:00+00:00,-0.0037365309453148087
2015-12-01 00:00:00+00:00,0.008582219275365333
2015-12-02 00:00:00+00:00,-0.00045000000000000004
2015-12-03 00:00:00+00:00,-0.013052565556878953
2015-12-04 00:00:00+00:00,0.01755266155326445
2015-12-07 00:00:00+00:00,-0.00045000000000000004
2015-12-08 00:00:00+00:00,0.0
2015-12-09 00:00:00+00:00,0.0
2015-12-10 00:00:00+00:00,0.0018728562552471299
2015-12-11 00:00:00+00:00,-0.017443041590630405
2015-12-14 00:00:00+00:00,-0.00045000000000000004
2015-12-15 00:00:00+00:00,0.008998339080082357
2015-12-16 00:00:00+00:00,0.013168704863434355
2015-12-17 00:00:00+00:00,-0.00045000000000000004
2015-12-18 00:00:00+00:00,-0.016484032976295023
2015-12-21 00:00:00+00:00,0.007424522134304868
2015-12-22 00:00:00+00:00,-0.00045000000000000004
2015-12-23 00:00:00+00:00,0.0
2015-12-24 00:00:00+00:00,0.0
2015-12-28 00:00:00+00:00,0.0
2015-12-29 00:00:00+00:00,0.0
2015-12-30 00:00:00+00:00,0.0
2015-12-31 00:00:00+00:00,0.0
2016-01-04 00:00:00+00:00,0.0
2016-01-05 00:00:00+00:00,0.0
2016-01-06 00:00:00+00:00,0.0
2016-01-07 00:00:00+00:00,-0.022042573130592952
2016-01-08 00:00:00+00:00,-0.00045000000000000004
2016-01-11 00:00:00+00:00,0.0
2016-01-12 00:00:00+00:00,0.006811090333752284
2016-01-13 00:00:00+00:00,-0.022446505947156536
2016-01-14 00:00:00+00:00,-0.00045000000000000004
2016-01-15 00:00:00+00:00,0.0
2016-01-19 00:00:00+00:00,0.0
2016-01-20 00:00:00+00:00,-0.011983445251671549
2016-01-21 00:00:00+00:00,0.005041890163456797
2016-01-22 00:00:00+00:00,0.018463510806528527
2016-01-25 00:00:00+00:00,-0.00045000000000000004
2016-01-26 00:00:00+00:00,0.01182862734376024
2016-01-27 00:00:00+00:00,-0.00045000000000000004
2016-01-28 00:00:00+00:00,0.0
2016-01-29 00:00:00+00:00,0.0
2016-02-01 00:00:00+00:00,0.0
2016-02-02 00:00:00+00:00,0.0
2016-02-03 00:00:00+00:00,0.0
2016-02-04 00:00:00+00:00,0.0
2016-02-05 00:00:00+00:00,0.0
2016-02-08 00:00:00+00:00,0.0
2016-02-09 00:00:00+00:00,0.0
2016-02-10 00:00:00+00:00,-0.0012264669827604488
2016-02-11 00:00:00+00:00,-0.011707213883939116
2016-02-12 00:00:00+00:00,-0.00045000000000000004
2016-02-16 00:00:00+00:00,0.014740443450288482
2016-02-17 00:00:00+00:00,-0.00045000000000000004
2016-02-18 00:00:00+00:00,0.0
2016-02-19 00:00:00+00:00,0.0
2016-02-22 00:00:00+00:00,0.0
2016-02-23 00:00:00+00:00,0.0
2016-02-24 00:00:00+00:00,0.0
2016-02-25 00:00:00+00:00,0.0
2016-02-26 00:00:00+00:00,0.0
2016-02-29 00:00:00+00:00,0.0
2016-03-01 00:00:00+00:00,0.0
2016-03-02 00:00:00+00:00,0.0
2016-03-03 00:00:00+00:00,0.0
2016-03-04 00:00:00+00:00,0.0
2016-03-07 00:00:00+00:00,0.0
2016-03-08 00:00:00+00:00,0.0
2016-03-09 00:00:00+00:00,0.0
2016-03-10 00:00:00+00:00,0.0
2016-03-11 00:00:00+00:00,0.0
2016-03-14 00:00:00+00:00,0.0
2016-03-15 00:00:00+00:00,0.0
2016-03-16 00:00:00+00:00,0.0
2016-03-17 00:00:00+00:00,0.0
2016-03-18 00:00:00+00:00,0.0
2016-03-21 00:00:00+00:00,0.0
2016-03-22 00:00:00+00:00,0.0
2016-03-23 00:00:00+00:00,0.0
2016-03-24 00:00:00+00:00,0.0
2016-03-28 00:00:00+00:00,0.0
2016-03-29 00:00:00+00:00,0.007874863150744454
2016-03-30 00:00:00+00:00,-0.00045000000000000004
2016-03-31 00:00:00+00:00,-0.0026340939383032555
2016-04-01 00:00:00+00:00,0.006130608723743003
2016-04-04 00:00:00+00:00,-0.0029141148983605316
2016-04-05 00:00:00+00:00,-0.008989090527181788
2016-04-06 00:00:00+00:00,0.0098291065999631
2016-04-07 00:00:00+00:00,-0.010769367189295475
2016-04-08 00:00:00+00:00,0.0024270708666350727
2016-04-11 00:00:00+00:00,-0.002112464022333005
2016-04-12 00:00:00+00:00,0.008381347108449932
2016-04-13 00:00:00+00:00,0.009091071662438789
2016-04-14 00:00:00+00:00,4.327074782883855e-05
2016-04-15 00:00:00+00:00,-0.0009951793532262942
2016-04-18 00:00:00+00:00,0.006323983928564081
2016-04-19 00:00:00+00:00,0.0028390226656817455
2016-04-20 00:00:00+00:00,-0.00045000000000000004
2016-04-21 00:00:00+00:00,0.0
2016-04-22 00:00:00+00:00,-0.00045000000000000004
2016-04-25 00:00:00+00:00,-0.0015502825327267766
2016-04-26 00:00:00+00:00,0.0013369250490239404
2016-04-27 00:00:00+00:00,0.001852526590103265
2016-04-28 00:00:00+00:00,-0.008168270219038699
2016-04-29 00:00:00+00:00,-0.004858859729527321
2016-05-02 00:00:00+00:00,0.007153445558036165
2016-05-03 00:00:00+00:00,-0.007832823386380527
2016-05-04 00:00:00+00:00,-0.00502031238795172
2016-05-05 00:00:00+00:00,-0.00017584507952520534
2016-05-06 00:00:00+00:00,0.0032933604123033923
2016-05-09 00:00:00+00:00,0.0007437554446596995
2016-05-10 00:00:00+00:00,0.01119028159621871
2016-05-11 00:00:00+00:00,-0.0084192701885904
2016-05-12 00:00:00+00:00,0.0002615104228722798
2016-05-13 00:00:00+00:00,-0.007842561854950681
2016-05-16 00:00:00+00:00,0.008878601275624499
2016-05-17 00:00:00+00:00,-0.00840021265432932
2016-05-18 00:00:00+00:00,0.00026393399112396577
2016-05-19 00:00:00+00:00,-0.0031187090476954005
2016-05-20 00:00:00+00:00,0.005685721822401124
2016-05-23 00:00:00+00:00,-0.0012263798156477712
2016-05-24 00:00:00+00:00,0.011666030537540784
2016-05-25 00:00:00+00:00,-0.00045000000000000004
2016-05-26 00:00:00+00:00,0.0
2016-05-27 00:00:00+00:00,0.0
2016-05-31 00:00:00+00:00,0.0
2016-06-01 00:00:00+00:00,0.0013944046040823281
2016-06-02 00:00:00+00:00,0.0027391992994836747
2016-06-03 00:00:00+00:00,-0.0026882139622867117
2016-06-06 00:00:00+00:00,0.004579691279260656
2016-06-07 00:00:00+00:00,0.001405070436296807
2016-06-08 00:00:00+00:00,0.0029336997917565723
2016-06-09 00:00:00+00:00,-0.0012288007915079557
2016-06-10 00:00:00+00:00,-0.008529714723740011
2016-06-13 00:00:00+00:00,-0.0069409398414930325
2016-06-14 00:00:00+00:00,-0.0017701931367768765
2016-06-15 00:00:00+00:00,-0.0012542201698740542
2016-06-16 00:00:00+00:00,0.0026858577616427183
2016-06-17 00:00:00+00:00,-0.0033519718589882564
2016-06-20 00:00:00+00:00,0.005796003809638806
2016-06-21 00:00:00+00:00,0.002554896100131643
2016-06-22 00:00:00+00:00,-0.001467870606765298
2016-06-23 00:00:00+00:00,-0.00045000000000000004
2016-06-24 00:00:00+00:00,-0.03276833515060656
2016-06-27 00:00:00+00:00,-0.00045000000000000004
2016-06-28 00:00:00+00:00,0.0
2016-06-29 00:00:00+00:00,0.0
2016-06-30 00:00:00+00:00,0.0
2016-07-01 00:00:00+00:00,0.0
2016-07-05 00:00:00+00:00,0.0
2016-07-06 00:00:00+00:00,0.0
2016-07-07 00:00:00+00:00,0.0
2016-07-08 00:00:00+00:00,0.0
2016-07-11 00:00:00+00:00,0.0
2016-07-12 00:00:00+00:00,0.0
2016-07-13 00:00:00+00:00,0.0
2016-07-14 00:00:00+00:00,0.0
2016-07-15 00:00:00+00:00,0.0
2016-07-18 00:00:00+00:00,0.0
2016-07-19 00:00:00+00:00,0.0
2016-07-20 00:00:00+00:00,0.0
2016-07-21 00:00:00+00:00,0.0
2016-07-22 00:00:00+00:00,0.0
2016-07-25 00:00:00+00:00,0.0
2016-07-26 00:00:00+00:00,-9.619375249597103e-05
2016-07-27 00:00:00+00:00,0.00010613940791095456
2016-07-28 00:00:00+00:00,-0.00011549150364049688
2016-07-29 00:00:00+00:00,0.0008415487575313022
2016-08-01 00:00:00+00:00,-0.0006632603224808521
2016-08-02 00:00:00+00:00,-0.005125725618686516
2016-08-03 00:00:00+00:00,0.002338119382152293
2016-08-04 00:00:00+00:00,0.000851021977313593
2016-08-05 00:00:00+00:00,0.006543369957011259
2016-08-08 00:00:00+00:00,-0.0004767891238612876
2016-08-09 00:00:00+00:00,0.00047707345315348707
2016-08-10 00:00:00+00:00,-0.0019800477480504067
2016-08-11 00:00:00+00:00,0.003712485668798315
2016-08-12 00:00:00+00:00,-0.0006950850036099964
2016-08-15 00:00:00+00:00,0.0023069743706596313
2016-08-16 00:00:00+00:00,-0.004691975810553189
2016-08-17 00:00:00+00:00,0.0014548421183761817
2016-08-18 00:00:00+00:00,0.0017950386277050256
2016-08-19 00:00:00+00:00,-0.0011696604110336573
2016-08-22 00:00:00+00:00,-3.641846725255249e-05
2016-08-23 00:00:00+00:00,0.0016105715658747855
2016-08-24 00:00:00+00:00,-0.004091918749146562
2016-08-25 00:00:00+00:00,-0.0005505791417949269
2016-08-26 00:00:00+00:00,-0.0015067050502945989
2016-08-29 00:00:00+00:00,0.0039391589039544424
2016-08-30 00:00:00+00:00,-0.0013187906699425158
2016-08-31 00:00:00+00:00,-0.0022751363720985296
2016-09-01 00:00:00+00:00,3.674497664452048e-05
2016-09-02 00:00:00+00:00,0.0036063934644527513
2016-09-06 00:00:00+00:00,0.0024180555162651276
2016-09-07 00:00:00+00:00,-0.00013234853023371125
2016-09-08 00:00:00+00:00,-0.0020546952837869116
2016-09-09 00:00:00+00:00,-0.021541085701981745
2016-09-12 00:00:00+00:00,0.012912325725609143
2016-09-13 00:00:00+00:00,-0.012938048952859394
2016-09-14 00:00:00+00:00,-0.00033759599580801547
2016-09-15 00:00:00+00:00,0.008993856692555457
2016-09-16 00:00:00+00:00,-0.0034791705385566864
2016-09-19 00:00:00+00:00,-0.00045000000000000004
2016-09-20 00:00:00+00:00,0.0
2016-09-21 00:00:00+00:00,0.009671125321286106
2016-09-22 00:00:00+00:00,-0.00045000000000000004
2016-09-23 00:00:00+00:00,0.0
2016-09-26 00:00:00+00:00,0.0
2016-09-27 00:00:00+00:00,0.0
2016-09-28 00:00:00+00:00,0.0
2016-09-29 00:00:00+00:00,0.0
2016-09-30 00:00:00+00:00,0.0
2016-10-03 00:00:00+00:00,0.0
2016-10-04 00:00:00+00:00,0.0
2016-10-05 00:00:00+00:00,0.0
2016-10-06 00:00:00+00:00,0.0
2016-10-07 00:00:00+00:00,0.0
2016-10-10 00:00:00+00:00,0.0
2016-10-11 00:00:00+00:00,0.0
2016-10-12 00:00:00+00:00,0.0007308746477329768
2016-10-13 00:00:00+00:00,-0.0029482053126538067
2016-10-14 00:00:00+00:00,0.0004651884169107223
2016-10-17 00:00:00+00:00,-0.0031253083661900716
2016-10-18 00:00:00+00:00,0.005636299345729157
2016-10-19 00:00:00+00:00,0.0024002654671483993
2016-10-20 00:00:00+00:00,-0.0016798217515803903
2016-10-21 00:00:00+00:00,0.0004205903653177856
2016-10-24 00:00:00+00:00,0.0038275835550213968
2016-10-25 00:00:00+00:00,-0.0030156791769877177
2016-10-26 00:00:00+00:00,-0.0018069762226710418
2016-10-27 00:00:00+00:00,-0.00240000441380126
2016-10-28 00:00:00+00:00,-0.0026598124583738117
2016-10-31 00:00:00+00:00,4.2369607742287485e-05
2016-11-01 00:00:00+00:00,-0.006520526982495389
2016-11-02 00:00:00+00:00,-0.0054170586822197995
2016-11-03 00:00:00+00:00,-0.00045000000000000004
2016-11-04 00:00:00+00:00,0.0
2016-11-07 00:00:00+00:00,0.0
2016-11-08 00:00:00+00:00,0.0
2016-11-09 00:00:00+00:00,0.0
2016-11-10 00:00:00+00:00,0.001795943018781782
2016-11-11 00:00:00+00:00,-0.002074444149837207
2016-11-14 00:00:00+00:00,0.000706998421627203
2016-11-15 00:00:00+00:00,0.0070224119160642974
2016-11-16 00:00:00+00:00,-0.00045000000000000004
2016-11-17 00:00:00+00:00,0.00417620312838804
2016-11-18 00:00:00+00:00,-0.00045000000000000004
2016-11-21 00:00:00+00:00,0.0
2016-11-22 00:00:00+00:00,0.0
2016-11-23 00:00:00+00:00,0.0
2016-11-25 00:00:00+00:00,0.0
2016-11-28 00:00:00+00:00,0.0
2016-11-29 00:00:00+00:00,-0.0002450452446133122
2016-11-30 00:00:00+00:00,0.00023994301414075327
2016-12-01 00:00:00+00:00,-0.0033903354260946205
2016-12-02 00:00:00+00:00,0.00040069103742688126
2016-12-05 00:00:00+00:00,0.0048071867050836666
2016-12-06 00:00:00+00:00,-0.0007667322954804375
2016-12-07 00:00:00+00:00,0.010014490556521611
2016-12-08 00:00:00+00:00,0.0019593509614141526
2016-12-09 00:00:00+00:00,0.004832160311440248
2016-12-12 00:00:00+00:00,-0.0009181849125022624
2016-12-13 00:00:00+00:00,0.005956569722652434
2016-12-14 00:00:00+00:00,-0.007428887017445896
2016-12-15 00:00:00+00:00,0.003705384764947994
2016-12-16 00:00:00+00:00,-0.0017600162092658688
2016-12-19 00:00:00+00:00,0.00195960265684747
2016-12-20 00:00:00+00:00,0.003471774436498887
2016-12-21 00:00:00+00:00,-0.002504324395190727
2016-12-22 00:00:00+00:00,-0.001554682611596736
2016-12-23 00:00:00+00:00,0.0013176242568838203
2016-12-27 00:00:00+00:00,0.002233272765033201
2016-12-28 00:00:00+00:00,-0.007438368623746894
2016-12-29 00:00:00+00:00,-0.00020025936591895334
2016-12-30 00:00:00+00:00,-0.0032895877582063693
2017-01-03 00:00:00+00:00,0.006884951463909994
2017-01-04 00:00:00+00:00,0.00535433044785858
2017-01-05 00:00:00+00:00,-0.0007150837796123356
2017-01-06 00:00:00+00:00,0.003219906175511733
2017-01-09 00:00:00+00:00,-0.002970750539839051
2017-01-10 00:00:00+00:00,0.0
2017-01-11 00:00:00+00:00,0.0025434754524852553
2017-01-12 00:00:00+00:00,-0.002259024376851848
2017-01-13 00:00:00+00:00,0.0020662619001131422
2017-01-17 00:00:00+00:00,-0.003171328435261578
2017-01-18 00:00:00+00:00,0.0017179772459839427
2017-01-19 00:00:00+00:00,-0.002963757470672501
2017-01-20 00:00:00+00:00,0.0029393640965157176
2017-01-23 00:00:00+00:00,-0.0020817786086703375
2017-01-24 00:00:00+00:00,0.005129646721784554
2017-01-25 00:00:00+00:00,0.00692413249916708
2017-01-26 00:00:00+00:00,-0.0008363242401410176
2017-01-27 00:00:00+00:00,-0.0012558301614719269
2017-01-30 00:00:00+00:00,-0.0049613991688075565
2017-01-31 00:00:00+00:00,-7.025512680929325e-05
2017-02-01 00:00:00+00:00,0.0003165817910197433
2017-02-02 00:00:00+00:00,0.0005273443611899964
2017-02-03 00:00:00+00:00,0.0055140341721383376
2017-02-06 00:00:00+00:00,-0.0014301352946652912
2017-02-07 00:00:00+00:00,3.494684456146757e-05
2017-02-08 00:00:00+00:00,0.001048359540770072
2017-02-09 00:00:00+00:00,0.00474615744268494
2017-02-10 00:00:00+00:00,0.003156823712658685
2017-02-13 00:00:00+00:00,0.004354047231453429
2017-02-14 00:00:00+00:00,0.00319637957724801
2017-02-15 00:00:00+00:00,0.0041762498818091135
2017-02-16 00:00:00+00:00,-0.0006809943860910828
2017-02-17 00:00:00+00:00,0.0012609553365235727
2017-02-21 00:00:00+00:00,0.00476436002410594
2017-02-22 00:00:00+00:00,-0.0007106634671688816
2017-02-23 00:00:00+00:00,0.0005419364364371404
2017-02-24 00:00:00+00:00,0.0010149846667477647
2017-02-27 00:00:00+00:00,0.0012502562307977528
2017-02-28 00:00:00+00:00,-0.0021594382116493453
2017-03-01 00:00:00+00:00,0.01119809203669444
2017-03-02 00:00:00+00:00,-0.005037658428754189
2017-03-03 00:00:00+00:00,0.000516342571615186
2017-03-06 00:00:00+00:00,-0.0026799366164354742
2017-03-07 00:00:00+00:00,-0.002688478535190797
2017-03-08 00:00:00+00:00,-0.0016704936712209518
2017-03-09 00:00:00+00:00,0.0009642894064724574
2017-03-10 00:00:00+00:00,0.0028032972609642213
2017-03-13 00:00:00+00:00,0.0004040262428736341
2017-03-14 00:00:00+00:00,-0.003061353069117434
2017-03-15 00:00:00+00:00,0.006922661935909069
2017-03-16 00:00:00+00:00,-0.001573507109557859
2017-03-17 00:00:00+00:00,-0.0014047596773491657
2017-03-20 00:00:00+00:00,-0.0008776463641180678
2017-03-21 00:00:00+00:00,-0.01027160697444316
2017-03-22 00:00:00+00:00,0.0018826211443627727
2017-03-23 00:00:00+00:00,-0.0010105549812833236
2017-03-24 00:00:00+00:00,-0.000653750111750695
2017-03-27 00:00:00+00:00,-0.0009233479899027453
2017-03-28 00:00:00+00:00,0.006548904072183048
2017-03-29 00:00:00+00:00,-0.00045000000000000004
2017-03-30 00:00:00+00:00,0.0024160476978564555
2017-03-31 00:00:00+00:00,-0.0020950021735928414
2017-04-03 00:00:00+00:00,-0.0015654648102206737
2017-04-04 00:00:00+00:00,0.0005737751673426716
2017-04-05 00:00:00+00:00,-0.002675483376626764
2017-04-06 00:00:00+00:00,0.0025302401471639425
2017-04-07 00:00:00+00:00,-0.0009173542134623735
2017-04-10 00:00:00+00:00,0.0005356523705972504
2017-04-11 00:00:00+00:00,-0.0010708704187950557
2017-04-12 00:00:00+00:00,-0.003943775022442176
2017-04-13 00:00:00+00:00,-0.00045000000000000004
2017-04-17 00:00:00+00:00,0.0
2017-04-18 00:00:00+00:00,-0.003135726543123568
2017-04-19 00:00:00+00:00,-0.0016548901897344703
2017-04-20 00:00:00+00:00,0.00732527321119929
2017-04-21 00:00:00+00:00,-0.002868414985226986
2017-04-24 00:00:00+00:00,0.009898326643919809
2017-04-25 00:00:00+00:00,0.005236662986859742
2017-04-26 00:00:00+00:00,-0.0005660301400837398
2017-04-27 00:00:00+00:00,0.0007551372926989597
2017-04-28 00:00:00+00:00,-0.00045000000000000004
2017-05-01 00:00:00+00:00,0.0018177874564343226
2017-05-02 00:00:00+00:00,-0.00045000000000000004
2017-05-03 00:00:00+00:00,-0.0015431522251990123
2017-05-04 00:00:00+00:00,0.0010565705383015268
2017-05-05 00:00:00+00:00,0.0035435942252538323
2017-05-08 00:00:00+00:00,-0.00015034114513082786
2017-05-09 00:00:00+00:00,-0.00045000000000000004
2017-05-10 00:00:00+00:00,0.0
2017-05-11 00:00:00+00:00,0.0
2017-05-12 00:00:00+00:00,-0.001836792787808783
2017-05-15 00:00:00+00:00,0.00441873484963704
2017-05-16 00:00:00+00:00,-0.0007323417064715621
2017-05-17 00:00:00+00:00,-0.014195211637682004
2017-05-18 00:00:00+00:00,0.0032226688984897224
2017-05-19 00:00:00+00:00,0.005203478526919093
2017-05-22 00:00:00+00:00,0.004061988411812045
2017-05-23 00:00:00+00:00,-0.0006712508306874473
2017-05-24 00:00:00+00:00,-0.0002332872908231476
2017-05-25 00:00:00+00:00,-0.0004779256000237542
2017-05-26 00:00:00+00:00,-5e-05
2017-05-30 00:00:00+00:00,0.0
2017-05-31 00:00:00+00:00,0.0
2017-06-01 00:00:00+00:00,0.0
2017-06-02 00:00:00+00:00,0.0
2017-06-05 00:00:00+00:00,0.0
2017-06-06 00:00:00+00:00,0.0
2017-06-07 00:00:00+00:00,-0.00023503978835393566
2017-06-08 00:00:00+00:00,-4.924845121423438e-05
2017-06-09 00:00:00+00:00,0.0001517933862976606
2017-06-12 00:00:00+00:00,2.053339601371107e-05
2017-06-13 00:00:00+00:00,0.003461942912703026
2017-06-14 00:00:00+00:00,-0.0003232227775204429
2017-06-15 00:00:00+00:00,0.0001924202789670426
2017-06-16 00:00:00+00:00,-0.0002753538956049624
2017-06-19 00:00:00+00:00,0.006660287875414995
2017-06-20 00:00:00+00:00,-0.0053952039865659
2017-06-21 00:00:00+00:00,-0.00019769198088726014
2017-06-22 00:00:00+00:00,-0.000362273747338282
2017-06-23 00:00:00+00:00,0.0009555812845279733
2017-06-26 00:00:00+00:00,0.000526358613584499
2017-06-27 00:00:00+00:00,-0.006445085795701378
2017-06-28 00:00:00+00:00,0.007160272697835701
2017-06-29 00:00:00+00:00,0.00042888299818584816
2017-06-30 00:00:00+00:00,0.0010417797806113243
2017-07-03 00:00:00+00:00,0.0013563549148104316
2017-07-05 00:00:00+00:00,0.0018498635360867158
2017-07-06 00:00:00+00:00,-0.007315802530749149
2017-07-07 00:00:00+00:00,0.005188284494337836
2017-07-10 00:00:00+00:00,-0.0005573915683552418
2017-07-11 00:00:00+00:00,7.427942279173428e-05
2017-07-12 00:00:00+00:00,-0.0007514709414352173
2017-07-13 00:00:00+00:00,-5e-05
2017-07-14 00:00:00+00:00,0.0
2017-07-17 00:00:00+00:00,0.0
2017-07-18 00:00:00+00:00,0.0
2017-07-19 00:00:00+00:00,0.0
2017-07-20 00:00:00+00:00,0.0
2017-07-21 00:00:00+00:00,0.0
2017-07-24 00:00:00+00:00,0.0
2017-07-25 00:00:00+00:00,0.0
2017-07-26 00:00:00+00:00,0.0
2017-07-27 00:00:00+00:00,0.0
2017-07-28 00:00:00+00:00,-0.0014383853208056793
2017-07-31 00:00:00+00:00,-0.00045374814098408933
2017-08-01 00:00:00+00:00,0.001783043414040364
2017-08-02 00:00:00+00:00,0.0003880383036959145
2017-08-03 00:00:00+00:00,-0.0015516283227649196
2017-08-04 00:00:00+00:00,0.0014575496503683285
2017-08-07 00:00:00+00:00,0.001487508228800749
2017-08-08 00:00:00+00:00,-0.001968946293925278
2017-08-09 00:00:00+00:00,-3.2344376498816275e-05
2017-08-10 00:00:00+00:00,-0.011292231440773914
2017-08-11 00:00:00+00:00,0.0012791458804860046
2017-08-14 00:00:00+00:00,0.008921876159167908
2017-08-15 00:00:00+00:00,-0.00010941682126391905
2017-08-16 00:00:00+00:00,0.0015699977966897594
2017-08-17 00:00:00+00:00,-0.014031927715866822
2017-08-18 00:00:00+00:00,-0.0014067673196384467
2017-08-21 00:00:00+00:00,0.0007045827172596609
2017-08-22 00:00:00+00:00,0.009411368061904657
2017-08-23 00:00:00+00:00,-0.00045000000000000004
2017-08-24 00:00:00+00:00,0.0
2017-08-25 00:00:00+00:00,0.0
2017-08-28 00:00:00+00:00,0.0
2017-08-29 00:00:00+00:00,0.0
2017-08-30 00:00:00+00:00,0.0
2017-08-31 00:00:00+00:00,0.0
2017-09-01 00:00:00+00:00,0.0
2017-09-05 00:00:00+00:00,0.0
2017-09-06 00:00:00+00:00,0.0
2017-09-07 00:00:00+00:00,0.0
2017-09-08 00:00:00+00:00,0.0
2017-09-11 00:00:00+00:00,0.009149495338173613
2017-09-12 00:00:00+00:00,-0.00045000000000000004
2017-09-13 00:00:00+00:00,0.0
2017-09-14 00:00:00+00:00,0.0
2017-09-15 00:00:00+00:00,0.0
2017-09-18 00:00:00+00:00,0.0014640773933874479
2017-09-19 00:00:00+00:00,0.0009011994953923131
2017-09-20 00:00:00+00:00,0.00032403917979852983
2017-09-21 00:00:00+00:00,-0.0024114864866284893
2017-09-22 00:00:00+00:00,0.00018037725010713323
2017-09-25 00:00:00+00:00,-0.0018399974331266501
2017-09-26 00:00:00+00:00,0.00043223252044294894
2017-09-27 00:00:00+00:00,0.0031153546032619776
2017-09-28 00:00:00+00:00,0.0009596967833306991
2017-09-29 00:00:00+00:00,0.002812065865681035
2017-10-02 00:00:00+00:00,0.0034709822136559155
2017-10-03 00:00:00+00:00,0.0017121686759615784
2017-10-04 00:00:00+00:00,0.0009489763818356423
2017-10-05 00:00:00+00:00,0.004740200925313687
2017-10-06 00:00:00+00:00,-0.0009110194275208983
2017-10-09 00:00:00+00:00,-0.0013209116669927745
2017-10-10 00:00:00+00:00,0.0021105984249405905
2017-10-11 00:00:00+00:00,0.001256720986646265
2017-10-12 00:00:00+00:00,-0.0011920645955290966
2017-10-13 00:00:00+00:00,0.0009739799967386276
2017-10-16 00:00:00+00:00,0.0010669318380168492
2017-10-17 00:00:00+00:00,0.0005641746619994947
2017-10-18 00:00:00+00:00,0.0007828165353950922
2017-10-19 00:00:00+00:00,0.0002187705456936584
2017-10-20 00:00:00+00:00,0.004128500636708133
2017-10-23 00:00:00+00:00,-0.0031114571676375217
2017-10-24 00:00:00+00:00,0.0014054831457723793
2017-10-25 00:00:00+00:00,-0.003959927806705466
2017-10-26 00:00:00+00:00,0.0010340092224446096
2017-10-27 00:00:00+00:00,0.006540911148462492
2017-10-30 00:00:00+00:00,-0.002979934047899402
2017-10-31 00:00:00+00:00,0.0013520206253412272
2017-11-01 00:00:00+00:00,0.001190090749663786
2017-11-02 00:00:00+00:00,0.0003494672326774362
2017-11-03 00:00:00+00:00,0.0030048390797759563
2017-11-06 00:00:00+00:00,0.0013927375957498045
2017-11-07 00:00:00+00:00,-0.000625663086162076
2017-11-08 00:00:00+00:00,0.001530726651863712
2017-11-09 00:00:00+00:00,-0.0032648436161408444
2017-11-10 00:00:00+00:00,-0.00027900835559814264
2017-11-13 00:00:00+00:00,0.0008369182062688996
2017-11-14 00:00:00+00:00,-0.002090229649883413
2017-11-15 00:00:00+00:00,-0.004504962840700499
2017-11-16 00:00:00+00:00,0.007651105768899202
2017-11-17 00:00:00+00:00,-0.0026448705061518974
2017-11-20 00:00:00+00:00,0.0015355963691687125
2017-11-21 00:00:00+00:00,0.005888569550854284
2017-11-22 00:00:00+00:00,-0.0007960034523795013
2017-11-24 00:00:00+00:00,0.0020788438300428647
2017-11-27 00:00:00+00:00,-0.0004495597934233597
2017-11-28 00:00:00+00:00,0.00913045506001473
2017-11-29 00:00:00+00:00,-0.0005476199581315178
2017-11-30 00:00:00+00:00,0.007879357063246628
2017-12-01 00:00:00+00:00,-0.001867796171545233
2017-12-04 00:00:00+00:00,-0.0010890124361501497
2017-12-05 00:00:00+00:00,-0.0032369820629129077
2017-12-06 00:00:00+00:00,0.0001709194007826209
2017-12-07 00:00:00+00:00,0.0028378969049942747
2017-12-08 00:00:00+00:00,0.004907255988804127
2017-12-11 00:00:00+00:00,-0.00045000000000000004
2017-12-12 00:00:00+00:00,0.0
2017-12-13 00:00:00+00:00,0.0
2017-12-14 00:00:00+00:00,-0.004127485953205484
2017-12-15 00:00:00+00:00,0.007494435755038387
2017-12-18 00:00:00+00:00,-0.00045000000000000004
2017-12-19 00:00:00+00:00,0.0
2017-12-20 00:00:00+00:00,-0.0009215010771605522
2017-12-21 00:00:00+00:00,-0.00045000000000000004
2017-12-22 00:00:00+00:00,0.0
2017-12-26 00:00:00+00:00,-0.0014570057382044972
2017-12-27 00:00:00+00:00,0.0003890307619670352
2017-12-28 00:00:00+00:00,0.0016460460082816653
2017-12-29 00:00:00+00:00,-0.0030164027240563666
2018-01-02 00:00:00+00:00,0.005725830262494824
2018-01-03 00:00:00+00:00,0.0050600329486899295
2018-01-04 00:00:00+00:00,0.003371616685974921
2018-01-05 00:00:00+00:00,0.005331526152312094
2018-01-08 00:00:00+00:00,0.001463210585118624
2018-01-09 00:00:00+00:00,0.001810445786716919
2018-01-10 00:00:00+00:00,-0.001426588201350748
2018-01-11 00:00:00+00:00,0.0065662588800098785
2018-01-12 00:00:00+00:00,0.005165211989934332
2018-01-16 00:00:00+00:00,-0.002734638831678282
2018-01-17 00:00:00+00:00,0.0076252547054853174
2018-01-18 00:00:00+00:00,-0.0013446729616318543
2018-01-19 00:00:00+00:00,0.003639820830370155
2018-01-22 00:00:00+00:00,0.00650464499437593
2018-01-23 00:00:00+00:00,0.0016978703704102927
2018-01-24 00:00:00+00:00,-0.0003103357119423223
2018-01-25 00:00:00+00:00,0.0003387107541955814
2018-01-26 00:00:00+00:00,0.009262261567309693
2018-01-29 00:00:00+00:00,-0.006016624027555545
2018-01-30 00:00:00+00:00,-0.009231577430751337
2018-01-31 00:00:00+00:00,0.0004473642631140029
2018-02-01 00:00:00+00:00,-0.0010218401875596195
2018-02-02 00:00:00+00:00,-0.019592746063459867
2018-02-05 00:00:00+00:00,-0.00045000000000000004
2018-02-06 00:00:00+00:00,0.0
2018-02-07 00:00:00+00:00,0.0
2018-02-08 00:00:00+00:00,0.0
2018-02-09 00:00:00+00:00,0.0
2018-02-12 00:00:00+00:00,0.0
2018-02-13 00:00:00+00:00,0.0
2018-02-14 00:00:00+00:00,0.0
2018-02-15 00:00:00+00:00,0.0
2018-02-16 00:00:00+00:00,0.0
2018-02-20 00:00:00+00:00,0.0
2018-02-21 00:00:00+00:00,0.0
2018-02-22 00:00:00+00:00,0.0
2018-02-23 00:00:00+00:00,0.0
2018-02-26 00:00:00+00:00,0.0
2018-02-27 00:00:00+00:00,0.0
2018-02-28 00:00:00+00:00,0.0
2018-03-01 00:00:00+00:00,0.0
2018-03-02 00:00:00+00:00,0.0
2018-03-05 00:00:00+00:00,0.0
2018-03-06 00:00:00+00:00,0.0
2018-03-07 00:00:00+00:00,0.0
2018-03-08 00:00:00+00:00,0.0
2018-03-09 00:00:00+00:00,0.0
2018-03-12 00:00:00+00:00,0.0
2018-03-13 00:00:00+00:00,0.0
2018-03-14 00:00:00+00:00,0.0
2018-03-15 00:00:00+00:00,0.0
2018-03-16 00:00:00+00:00,0.0
2018-03-19 00:00:00+00:00,0.0
2018-03-20 00:00:00+00:00,0.0010806733276522654
2018-03-21 00:00:00+00:00,-0.001727240643608763
2018-03-22 00:00:00+00:00,-0.022497304209360802
2018-03-23 00:00:00+00:00,-0.00045000000000000004
2018-03-26 00:00:00+00:00,0.0
2018-03-27 00:00:00+00:00,0.0
2018-03-28 00:00:00+00:00,0.0
2018-03-29 00:00:00+00:00,0.0
2018-04-02 00:00:00+00:00,0.0
2018-04-03 00:00:00+00:00,0.0
2018-04-04 00:00:00+00:00,0.0
2018-04-05 00:00:00+00:00,0.0
2018-04-06 00:00:00+00:00,0.0
2018-04-09 00:00:00+00:00,0.0
2018-04-10 00:00:00+00:00,0.0
2018-04-11 00:00:00+00:00,0.0
2018-04-12 00:00:00+00:00,0.0
2018-04-13 00:00:00+00:00,0.0
2018-04-16 00:00:00+00:00,0.0
2018-04-17 00:00:00+00:00,0.0
2018-04-18 00:00:00+00:00,0.0
2018-04-19 00:00:00+00:00,0.0
2018-04-20 00:00:00+00:00,0.0
2018-04-23 00:00:00+00:00,0.0
2018-04-24 00:00:00+00:00,0.0
2018-04-25 00:00:00+00:00,0.0
2018-04-26 00:00:00+00:00,0.0
2018-04-27 00:00:00+00:00,0.0
2018-04-30 00:00:00+00:00,0.0
2018-05-01 00:00:00+00:00,0.0
2018-05-02 00:00:00+00:00,0.0
2018-05-03 00:00:00+00:00,0.0
2018-05-04 00:00:00+00:00,0.0
2018-05-07 00:00:00+00:00,0.0
2018-05-08 00:00:00+00:00,0.0
2018-05-09 00:00:00+00:00,0.008249417842505031
2018-05-10 00:00:00+00:00,-0.00045000000000000004
2018-05-11 00:00:00+00:00,0.0
2018-05-14 00:00:00+00:00,0.0
2018-05-15 00:00:00+00:00,0.0
2018-05-16 00:00:00+00:00,0.0033343681235426586
2018-05-17 00:00:00+00:00,-0.00045000000000000004
2018-05-18 00:00:00+00:00,0.0
2018-05-21 00:00:00+00:00,0.0
2018-05-22 00:00:00+00:00,0.0
2018-05-23 00:00:00+00:00,0.002025935250823014
2018-05-24 00:00:00+00:00,-0.0018436576672892114
2018-05-25 00:00:00+00:00,-0.0021442512983968487
2018-05-29 00:00:00+00:00,-0.010351375504073501
2018-05-30 00:00:00+00:00,0.012010622539492899
2018-05-31 00:00:00+00:00,-0.005513359034484189
2018-06-01 00:00:00+00:00,0.008835750765852213
2018-06-04 00:00:00+00:00,-0.00045000000000000004
2018-06-05 00:00:00+00:00,0.0
2018-06-06 00:00:00+00:00,0.0
2018-06-07 00:00:00+00:00,0.0
2018-06-08 00:00:00+00:00,0.0
2018-06-11 00:00:00+00:00,0.0
2018-06-12 00:00:00+00:00,0.0
2018-06-13 00:00:00+00:00,0.0
2018-06-14 00:00:00+00:00,0.0018159325931009945
2018-06-15 00:00:00+00:00,-0.0011480807633898027
2018-06-18 00:00:00+00:00,-0.00045000000000000004
2018-06-19 00:00:00+00:00,-0.0038999024795331183
2018-06-20 00:00:00+00:00,0.001535628041780046
2018-06-21 00:00:00+00:00,-0.005642249417260337
2018-06-22 00:00:00+00:00,0.001641284339976523
2018-06-25 00:00:00+00:00,-0.012251654109073229
2018-06-26 00:00:00+00:00,0.001992892712808936
2018-06-27 00:00:00+00:00,-0.007455762362149787
2018-06-28 00:00:00+00:00,0.005145498160562734
2018-06-29 00:00:00+00:00,0.0012958802940911118
2018-07-02 00:00:00+00:00,0.0019239447803507616
2018-07-03 00:00:00+00:00,-0.0031780953581765914
2018-07-05 00:00:00+00:00,0.007342037396770818
2018-07-06 00:00:00+00:00,0.007612446984750921
2018-07-09 00:00:00+00:00,0.008103906916208659
2018-07-10 00:00:00+00:00,0.003238496523834278
2018-07-11 00:00:00+00:00,-0.006582780988454162
2018-07-12 00:00:00+00:00,0.00815948009491052
2018-07-13 00:00:00+00:00,-0.00045000000000000004
2018-07-16 00:00:00+00:00,0.0
2018-07-17 00:00:00+00:00,0.0
2018-07-18 00:00:00+00:00,0.0
2018-07-19 00:00:00+00:00,0.0
2018-07-20 00:00:00+00:00,0.0
2018-07-23 00:00:00+00:00,0.0012234068470743991
2018-07-24 00:00:00+00:00,-0.00045000000000000004
2018-07-25 00:00:00+00:00,0.007220347408127953
2018-07-26 00:00:00+00:00,-0.0021235540377747774
2018-07-27 00:00:00+00:00,-0.006098769048515951
2018-07-30 00:00:00+00:00,-0.004701092818813957
2018-07-31 00:00:00+00:00,0.004436731078409095
2018-08-01 00:00:00+00:00,-0.0015038046493450086
2018-08-02 00:00:00+00:00,0.004903240530280839
2018-08-03 00:00:00+00:00,0.0038556353054217452
2018-08-06 00:00:00+00:00,0.0033008837044590455
2018-08-07 00:00:00+00:00,0.002972197830165535
2018-08-08 00:00:00+00:00,-0.00037825125749498814
2018-08-09 00:00:00+00:00,-0.0012295202517869086
2018-08-10 00:00:00+00:00,-0.006030283691424887
2018-08-13 00:00:00+00:00,-0.003368832871704086
2018-08-14 00:00:00+00:00,0.005742271880682415
2018-08-15 00:00:00+00:00,-0.006720542445660949
2018-08-16 00:00:00+00:00,0.007282479623430316
2018-08-17 00:00:00+00:00,0.0031683217455913404
2018-08-20 00:00:00+00:00,0.001925852782938886
2018-08-21 00:00:00+00:00,0.002110833835610393
2018-08-22 00:00:00+00:00,-0.0005343477090324677
2018-08-23 00:00:00+00:00,-0.0011952265559051713
2018-08-24 00:00:00+00:00,0.005416657271186187
2018-08-27 00:00:00+00:00,0.007106189536726304
2018-08-28 00:00:00+00:00,0.00043453033377314213
2018-08-29 00:00:00+00:00,0.004842744845414493
2018-08-30 00:00:00+00:00,-0.0036436404657842927
2018-08-31 00:00:00+00:00,3.095934327621563e-05
2018-09-04 00:00:00+00:00,-0.001549895675005919
2018-09-05 00:00:00+00:00,-0.0024221305384426353
2018-09-06 00:00:00+00:00,-0.0027093320000939783
2018-09-07 00:00:00+00:00,-0.001748757016234559
2018-09-10 00:00:00+00:00,0.0015645535583947768
2018-09-11 00:00:00+00:00,0.0029677521572563314
2018-09-12 00:00:00+00:00,0.000217975312508778
2018-09-13 00:00:00+00:00,0.0053228062671193625
2018-09-14 00:00:00+00:00,0.0001544076945313444
2018-09-17 00:00:00+00:00,-0.00476422119277663
2018-09-18 00:00:00+00:00,0.004883728678873856
2018-09-19 00:00:00+00:00,0.0009589025963775199
2018-09-20 00:00:00+00:00,0.007293465365143037
2018-09-21 00:00:00+00:00,-0.0008225376129849194
2018-09-24 00:00:00+00:00,-0.0029900325181012157
2018-09-25 00:00:00+00:00,-0.0008347574353728904
2018-09-26 00:00:00+00:00,-0.0026931465473640005
2018-09-27 00:00:00+00:00,0.002514867994705594
2018-09-28 00:00:00+00:00,9.329393624915029e-05
2018-10-01 00:00:00+00:00,0.0031268332357974548
2018-10-02 00:00:00+00:00,-0.0005249766270260858
2018-10-03 00:00:00+00:00,0.0004938531161271742
2018-10-04 00:00:00+00:00,-0.007033786195473435
2018-10-05 00:00:00+00:00,-0.005037380083176757
2018-10-08 00:00:00+00:00,0.0
2018-10-09 00:00:00+00:00,-0.0013138143611339359
2018-10-10 00:00:00+00:00,-0.02849676725975806
2018-10-11 00:00:00+00:00,-0.00045000000000000004
2018-10-12 00:00:00+00:00,0.0
2018-10-15 00:00:00+00:00,0.0
2018-10-16 00:00:00+00:00,0.0
2018-10-17 00:00:00+00:00,0.0
2018-10-18 00:00:00+00:00,0.0
2018-10-19 00:00:00+00:00,0.0
2018-10-22 00:00:00+00:00,0.0
2018-10-23 00:00:00+00:00,0.0
2018-10-24 00:00:00+00:00,0.0
2018-10-25 00:00:00+00:00,0.0
2018-10-26 00:00:00+00:00,0.0
2018-10-29 00:00:00+00:00,0.0
2018-10-30 00:00:00+00:00,0.0
2018-10-31 00:00:00+00:00,0.0
2018-11-01 00:00:00+00:00,0.0
2018-11-02 00:00:00+00:00,0.0
2018-11-05 00:00:00+00:00,0.0
2018-11-06 00:00:00+00:00,0.0
2018-11-07 00:00:00+00:00,0.0
2018-11-08 00:00:00+00:00,0.0
2018-11-09 00:00:00+00:00,0.0
2018-11-12 00:00:00+00:00,0.0
2018-11-13 00:00:00+00:00,0.0
2018-11-14 00:00:00+00:00,0.0
2018-11-15 00:00:00+00:00,0.0
2018-11-16 00:00:00+00:00,0.0
2018-11-19 00:00:00+00:00,0.0
2018-11-20 00:00:00+00:00,0.0
2018-11-21 00:00:00+00:00,0.0
2018-11-23 00:00:00+00:00,0.0
2018-11-26 00:00:00+00:00,0.0
2018-11-27 00:00:00+00:00,0.0
2018-11-28 00:00:00+00:00,0.0
2018-11-29 00:00:00+00:00,0.0
2018-11-30 00:00:00+00:00,0.0
2018-12-03 00:00:00+00:00,0.0
2018-12-04 00:00:00+00:00,0.0
2018-12-06 00:00:00+00:00,0.0
2018-12-07 00:00:00+00:00,0.0
2018-12-10 00:00:00+00:00,0.0
2018-12-11 00:00:00+00:00,0.0
2018-12-12 00:00:00+00:00,0.0
2018-12-13 00:00:00+00:00,0.0
2018-12-14 00:00:00+00:00,0.0
2018-12-17 00:00:00+00:00,0.0
2018-12-18 00:00:00+00:00,0.0
2018-12-19 00:00:00+00:00,0.0
2018-12-20 00:00:00+00:00,0.0
2018-12-21 00:00:00+00:00,0.0
2018-12-24 00:00:00+00:00,0.0
2018-12-26 00:00:00+00:00,0.0
2018-12-27 00:00:00+00:00,0.0
2018-12-28 00:00:00+00:00,0.0
2018-12-31 00:00:00+00:00,0.0
2019-01-02 00:00:00+00:00,0.0
2019-01-03 00:00:00+00:00,0.0
2019-01-04 00:00:00+00:00,0.0
2019-01-07 00:00:00+00:00,0.0
2019-01-08 00:00:00+00:00,0.0
2019-01-09 00:00:00+00:00,0.0
2019-01-10 00:00:00+00:00,0.0
2019-01-11 00:00:00+00:00,0.0
2019-01-14 00:00:00+00:00,0.0
2019-01-15 00:00:00+00:00,0.0
2019-01-16 00:00:00+00:00,0.0
2019-01-17 00:00:00+00:00,0.0
2019-01-18 00:00:00+00:00,0.0
2019-01-22 00:00:00+00:00,0.0
2019-01-23 00:00:00+00:00,0.0
2019-01-24 00:00:00+00:00,0.0
2019-01-25 00:00:00+00:00,0.0
2019-01-28 00:00:00+00:00,0.0
2019-01-29 00:00:00+00:00,0.0
2019-01-30 00:00:00+00:00,0.0
2019-01-31 00:00:00+00:00,0.0
2019-02-01 00:00:00+00:00,0.0
2019-02-04 00:00:00+00:00,0.0
2019-02-05 00:00:00+00:00,0.0033225328882840305
2019-02-06 00:00:00+00:00,-0.0011864067190018536
2019-02-07 00:00:00+00:00,-0.008579314104767245
2019-02-08 00:00:00+00:00,0.001099370198776839
2019-02-11 00:00:00+00:00,0.0004989437093427363
2019-02-12 00:00:00+00:00,0.011573527372170012
2019-02-13 00:00:00+00:00,0.0029221821914840575
2019-02-14 00:00:00+00:00,-0.001996324948384687
2019-02-15 00:00:00+00:00,0.009807731748899573
2019-02-19 00:00:00+00:00,-0.00045000000000000004
2019-02-20 00:00:00+00:00,0.0013640447786610725
2019-02-21 00:00:00+00:00,-0.003200639480554091
2019-02-22 00:00:00+00:00,0.005579989770749139
2019-02-25 00:00:00+00:00,0.0012254044512191476
2019-02-26 00:00:00+00:00,-0.0006439945291082827
2019-02-27 00:00:00+00:00,-0.0003867174780615934
2019-02-28 00:00:00+00:00,-0.0016765144784820051
2019-03-01 00:00:00+00:00,0.005619758707737877
2019-03-04 00:00:00+00:00,-0.0032739022966048917
2019-03-05 00:00:00+00:00,-0.0012240438349028326
2019-03-06 00:00:00+00:00,-0.005451139880398104
2019-03-07 00:00:00+00:00,-0.007528818408266913
2019-03-08 00:00:00+00:00,-0.0017999861220991732
2019-03-11 00:00:00+00:00,0.01305112754017539
2019-03-12 00:00:00+00:00,0.0033939609734066956
2019-03-13 00:00:00+00:00,0.0059572995591835156
2019-03-14 00:00:00+00:00,-0.0005759933134451668
2019-03-15 00:00:00+00:00,0.004446472757110609
2019-03-18 00:00:00+00:00,0.003263067550987198
2019-03-19 00:00:00+00:00,0.00022380699583182117
2019-03-20 00:00:00+00:00,-0.002708997365333177
2019-03-21 00:00:00+00:00,0.010165002975548653
2019-03-22 00:00:00+00:00,-0.017321792068898435
2019-03-25 00:00:00+00:00,-0.0006765217624559727
2019-03-26 00:00:00+00:00,0.006708424111492506
2019-03-27 00:00:00+00:00,-0.00045000000000000004
2019-03-28 00:00:00+00:00,0.0029611372125408933
2019-03-29 00:00:00+00:00,-0.00045000000000000004
2019-04-01 00:00:00+00:00,0.0
2019-04-02 00:00:00+00:00,0.0
2019-04-03 00:00:00+00:00,0.0
2019-04-04 00:00:00+00:00,0.0
2019-04-05 00:00:00+00:00,0.0
2019-04-08 00:00:00+00:00,0.0
2019-04-09 00:00:00+00:00,0.0
2019-04-10 00:00:00+00:00,0.002619708110552516
2019-04-11 00:00:00+00:00,-0.00045000000000000004
2019-04-12 00:00:00+00:00,0.0
2019-04-15 00:00:00+00:00,0.0
2019-04-16 00:00:00+00:00,0.0
2019-04-17 00:00:00+00:00,0.0
2019-04-18 00:00:00+00:00,0.0
2019-04-22 00:00:00+00:00,0.0
2019-04-23 00:00:00+00:00,0.007642664482153755
2019-04-24 00:00:00+00:00,-0.00199736753445956
2019-04-25 00:00:00+00:00,-0.0005546136125420099
2019-04-26 00:00:00+00:00,0.004190759413965184
2019-04-29 00:00:00+00:00,0.0014115074147220909
2019-04-30 00:00:00+00:00,0.0004592337900413357
2019-05-01 00:00:00+00:00,-0.006765136876509981
2019-05-02 00:00:00+00:00,-0.0019430499795108692
2019-05-03 00:00:00+00:00,0.008809211625641966
2019-05-06 00:00:00+00:00,-0.0037037633191459697
2019-05-07 00:00:00+00:00,-0.01502969108228004
2019-05-08 00:00:00+00:00,-0.00045000000000000004
2019-05-09 00:00:00+00:00,0.0
2019-05-10 00:00:00+00:00,0.0
2019-05-13 00:00:00+00:00,-0.023067235475035457
2019-05-14 00:00:00+00:00,-0.00045000000000000004
2019-05-15 00:00:00+00:00,0.004821610606512711
2019-05-16 00:00:00+00:00,0.008335118518263252
2019-05-17 00:00:00+00:00,-0.00045000000000000004
2019-05-20 00:00:00+00:00,0.0
2019-05-21 00:00:00+00:00,0.0
2019-05-22 00:00:00+00:00,0.0
2019-05-23 00:00:00+00:00,0.0
2019-05-24 00:00:00+00:00,0.0
2019-05-28 00:00:00+00:00,0.0
2019-05-29 00:00:00+00:00,0.0
2019-05-30 00:00:00+00:00,0.002007985876931201
2019-05-31 00:00:00+00:00,-0.00045000000000000004
2019-06-03 00:00:00+00:00,-0.0027386240443657834
2019-06-04 00:00:00+00:00,-0.00045000000000000004
2019-06-05 00:00:00+00:00,0.0
2019-06-06 00:00:00+00:00,0.0
2019-06-07 00:00:00+00:00,0.0
2019-06-10 00:00:00+00:00,0.0
2019-06-11 00:00:00+00:00,0.0
2019-06-12 00:00:00+00:00,0.0
2019-06-13 00:00:00+00:00,0.0
2019-06-14 00:00:00+00:00,0.0
2019-06-17 00:00:00+00:00,0.0
2019-06-18 00:00:00+00:00,0.0
2019-06-19 00:00:00+00:00,0.0
2019-06-20 00:00:00+00:00,0.0
2019-06-21 00:00:00+00:00,0.0
2019-06-24 00:00:00+00:00,0.0
2019-06-25 00:00:00+00:00,0.0
2019-06-26 00:00:00+00:00,-0.0013474736070764378
2019-06-27 00:00:00+00:00,0.003191274548905132
2019-06-28 00:00:00+00:00,0.004631225554834373
2019-07-01 00:00:00+00:00,0.008170798005411517
2019-07-02 00:00:00+00:00,0.0023439374849152594
2019-07-03 00:00:00+00:00,0.0071956364269828875
2019-07-05 00:00:00+00:00,-0.0010243727527031177
2019-07-08 00:00:00+00:00,-0.004945009471142992
2019-07-09 00:00:00+00:00,0.0011217202678830863
2019-07-10 00:00:00+00:00,0.004300081998837912
2019-07-11 00:00:00+00:00,0.0021096904693443277
2019-07-12 00:00:00+00:00,0.0040292774485987115
2019-07-15 00:00:00+00:00,0.00029952776788195746
2019-07-16 00:00:00+00:00,-0.002902718816753647
2019-07-17 00:00:00+00:00,-0.00612451740888429
2019-07-18 00:00:00+00:00,0.003294948599006742
2019-07-19 00:00:00+00:00,-0.004999502792582144
2019-07-22 00:00:00+00:00,0.0022109363615653746
2019-07-23 00:00:00+00:00,0.006435056440589992
2019-07-24 00:00:00+00:00,0.004229495544330097
2019-07-25 00:00:00+00:00,-0.004299345176104386
2019-07-26 00:00:00+00:00,0.0060299620941864475
2019-07-29 00:00:00+00:00,-0.0016392263662940553
2019-07-30 00:00:00+00:00,-0.0022092144060053332
2019-07-31 00:00:00+00:00,-0.009846114392350547
2019-08-01 00:00:00+00:00,-0.00783706655547881
2019-08-02 00:00:00+00:00,-0.006776863721129545
2019-08-05 00:00:00+00:00,-0.02706576391659913
2019-08-06 00:00:00+00:00,-0.00045000000000000004
2019-08-07 00:00:00+00:00,0.0
2019-08-08 00:00:00+00:00,0.017208057674135243
2019-08-09 00:00:00+00:00,-0.00045000000000000004
2019-08-12 00:00:00+00:00,0.0
2019-08-13 00:00:00+00:00,0.0
2019-08-14 00:00:00+00:00,0.0
2019-08-15 00:00:00+00:00,0.0
2019-08-16 00:00:00+00:00,0.0
2019-08-19 00:00:00+00:00,0.0
2019-08-20 00:00:00+00:00,0.0
2019-08-21 00:00:00+00:00,0.0
2019-08-22 00:00:00+00:00,0.0
2019-08-23 00:00:00+00:00,0.0
2019-08-26 00:00:00+00:00,0.0
2019-08-27 00:00:00+00:00,0.0
2019-08-28 00:00:00+00:00,0.0
2019-08-29 00:00:00+00:00,0.0
2019-08-30 00:00:00+00:00,0.0
2019-09-03 00:00:00+00:00,0.0
2019-09-04 00:00:00+00:00,0.0
2019-09-05 00:00:00+00:00,0.0
2019-09-06 00:00:00+00:00,0.0
2019-09-09 00:00:00+00:00,0.0
2019-09-10 00:00:00+00:00,0.0
2019-09-11 00:00:00+00:00,0.0
2019-09-12 00:00:00+00:00,0.0
2019-09-13 00:00:00+00:00,0.0
2019-09-16 00:00:00+00:00,0.0
2019-09-17 00:00:00+00:00,0.0
2019-09-18 00:00:00+00:00,0.0
2019-09-19 00:00:00+00:00,0.0
2019-09-20 00:00:00+00:00,0.0
2019-09-23 00:00:00+00:00,0.0
2019-09-24 00:00:00+00:00,-0.007511991042345284
2019-09-25 00:00:00+00:00,0.005323325683809022
2019-09-26 00:00:00+00:00,-0.001874738854653746
2019-09-27 00:00:00+00:00,-0.004848764349750479
2019-09-30 00:00:00+00:00,0.004173898389034325
2019-10-01 00:00:00+00:00,-0.010705093417874123
2019-10-02 00:00:00+00:00,-0.015898204398633254
2019-10-03 00:00:00+00:00,0.00737341881457716
2019-10-04 00:00:00+00:00,0.012178995837241314
2019-10-07 00:00:00+00:00,-0.0038830171154248362
2019-10-08 00:00:00+00:00,-0.01397223592969169
2019-10-09 00:00:00+00:00,0.00854676816057598
2019-10-10 00:00:00+00:00,0.006086889057694367
2019-10-11 00:00:00+00:00,0.00933027429865676
2019-10-14 00:00:00+00:00,-0.00045000000000000004
2019-10-15 00:00:00+00:00,0.0
2019-10-16 00:00:00+00:00,0.0
2019-10-17 00:00:00+00:00,0.0
2019-10-18 00:00:00+00:00,0.0
2019-10-21 00:00:00+00:00,0.0
2019-10-22 00:00:00+00:00,0.0
2019-10-23 00:00:00+00:00,0.0
2019-10-24 00:00:00+00:00,0.0
2019-10-25 00:00:00+00:00,0.0
2019-10-28 00:00:00+00:00,0.0
2019-10-29 00:00:00+00:00,0.0
2019-10-30 00:00:00+00:00,0.0
2019-10-31 00:00:00+00:00,0.0
2019-11-01 00:00:00+00:00,0.0
2019-11-04 00:00:00+00:00,0.0
2019-11-05 00:00:00+00:00,0.0
2019-11-06 00:00:00+00:00,-0.00031764461880260346
2019-11-07 00:00:00+00:00,0.0028136953705137913
2019-11-08 00:00:00+00:00,0.001972507341688612
2019-11-11 00:00:00+00:00,-0.001527555609705633
2019-11-12 00:00:00+00:00,0.0016862384522308817
2019-11-13 00:00:00+00:00,0.00025899654991441424
2019-11-14 00:00:00+00:00,0.0011647581018799258
2019-11-15 00:00:00+00:00,0.005789173704738815
2019-11-18 00:00:00+00:00,0.0005899459944552987
2019-11-19 00:00:00+00:00,-0.00023080615795842971
2019-11-20 00:00:00+00:00,-0.0029751359805128886
2019-11-21 00:00:00+00:00,-0.001286652145270395
2019-11-22 00:00:00+00:00,0.0017785950494886293
2019-11-25 00:00:00+00:00,0.006200340295910146
2019-11-26 00:00:00+00:00,0.001812663523795166
2019-11-27 00:00:00+00:00,0.0035660151258611
2019-11-29 00:00:00+00:00,-0.0029669732852664944
2019-12-02 00:00:00+00:00,-0.006795872925597824
2019-12-03 00:00:00+00:00,-0.005365145322072884
2019-12-04 00:00:00+00:00,0.004936247939461858
2019-12-05 00:00:00+00:00,0.00143826633548656
2019-12-06 00:00:00+00:00,0.007307103310293429
2019-12-09 00:00:00+00:00,-0.002515116676026974
2019-12-10 00:00:00+00:00,-0.0008923082576875353
2019-12-11 00:00:00+00:00,0.0022710420090920284
2019-12-12 00:00:00+00:00,0.006895446466020338
2019-12-13 00:00:00+00:00,0.00047918859553259803
2019-12-16 00:00:00+00:00,0.006133068310779772
2019-12-17 00:00:00+00:00,0.00019704780874305606
2019-12-18 00:00:00+00:00,5.6327759379404266e-05
2019-12-19 00:00:00+00:00,0.0036891898523506274
2019-12-20 00:00:00+00:00,0.003945898063721853
2019-12-23 00:00:00+00:00,0.0013748567661324485
2019-12-24 00:00:00+00:00,2.774106831628931e-05
2019-12-26 00:00:00+00:00,0.004791157987253692
2019-12-27 00:00:00+00:00,-0.00022308497682473893
2019-12-30 00:00:00+00:00,-0.004961760522288572
2019-12-31 00:00:00+00:00,0.0021862909602240466
2020-01-02 00:00:00+00:00,0.008416704771726758
2020-01-03 00:00:00+00:00,-0.006815042300672247
2020-01-06 00:00:00+00:00,0.0034336612290811973
2020-01-07 00:00:00+00:00,-0.0025307611904528573
2020-01-08 00:00:00+00:00,0.00479678099295775
2020-01-09 00:00:00+00:00,0.006102606992841997
2020-01-10 00:00:00+00:00,-0.0025898354501901035
2020-01-13 00:00:00+00:00,0.006189360793790222
2020-01-14 00:00:00+00:00,-0.0013720370088930456
2020-01-15 00:00:00+00:00,0.002033800011049336
2020-01-16 00:00:00+00:00,0.007486473130956295
2020-01-17 00:00:00+00:00,0.0028012339174140035
2020-01-21 00:00:00+00:00,-0.0017622644634266106
2020-01-22 00:00:00+00:00,0.00010877342739223916
2020-01-23 00:00:00+00:00,0.0010321742838707015
2020-01-24 00:00:00+00:00,-0.008003618559108505
2020-01-27 00:00:00+00:00,-0.014426774717911607
2020-01-28 00:00:00+00:00,-0.00045000000000000004
2020-01-29 00:00:00+00:00,-0.0011934095747826608
2020-01-30 00:00:00+00:00,0.0029207918706384063
2020-01-31 00:00:00+00:00,-0.01634203857557438
2020-02-03 00:00:00+00:00,-0.00045000000000000004
2020-02-04 00:00:00+00:00,0.013267260712689572
2020-02-05 00:00:00+00:00,-0.00045000000000000004
2020-02-06 00:00:00+00:00,0.0
2020-02-07 00:00:00+00:00,0.0
2020-02-10 00:00:00+00:00,0.0
2020-02-11 00:00:00+00:00,0.0
2020-02-12 00:00:00+00:00,0.0
2020-02-13 00:00:00+00:00,0.0
2020-02-14 00:00:00+00:00,0.0
2020-02-18 00:00:00+00:00,0.0
2020-02-19 00:00:00+00:00,0.0
2020-02-20 00:00:00+00:00,0.0
2020-02-21 00:00:00+00:00,0.0
2020-02-24 00:00:00+00:00,0.0
2020-02-25 00:00:00+00:00,0.0
2020-02-26 00:00:00+00:00,0.0
2020-02-27 00:00:00+00:00,0.0
2020-02-28 00:00:00+00:00,0.0
2020-03-02 00:00:00+00:00,0.0
2020-03-03 00:00:00+00:00,0.0
2020-03-04 00:00:00+00:00,0.0
2020-03-05 00:00:00+00:00,0.0
2020-03-06 00:00:00+00:00,0.0
2020-03-09 00:00:00+00:00,0.0
2020-03-10 00:00:00+00:00,0.0
2020-03-11 00:00:00+00:00,0.0
2020-03-12 00:00:00+00:00,0.0
2020-03-13 00:00:00+00:00,0.0
2020-03-16 00:00:00+00:00,0.0
2020-03-17 00:00:00+00:00,0.0
2020-03-18 00:00:00+00:00,0.0
2020-03-19 00:00:00+00:00,0.0
2020-03-20 00:00:00+00:00,0.0
2020-03-23 00:00:00+00:00,0.0
2020-03-24 00:00:00+00:00,0.0
2020-03-25 00:00:00+00:00,0.0
2020-03-26 00:00:00+00:00,0.0
2020-03-27 00:00:00+00:00,0.0
2020-03-30 00:00:00+00:00,0.0
2020-03-31 00:00:00+00:00,0.0
2020-04-01 00:00:00+00:00,0.0
2020-04-02 00:00:00+00:00,0.0
2020-04-03 00:00:00+00:00,0.0
2020-04-06 00:00:00+00:00,0.0
2020-04-07 00:00:00+00:00,0.0
2020-04-08 00:00:00+00:00,0.0
2020-04-09 00:00:00+00:00,0.0
2020-04-13 00:00:00+00:00,0.0
2020-04-14 00:00:00+00:00,0.0
2020-04-15 00:00:00+00:00,0.0
2020-04-16 00:00:00+00:00,0.0
2020-04-17 00:00:00+00:00,0.0
2020-04-20 00:00:00+00:00,0.0
2020-04-21 00:00:00+00:00,0.0
2020-04-22 00:00:00+00:00,0.0
2020-04-23 00:00:00+00:00,0.0
2020-04-24 00:00:00+00:00,0.0
2020-04-27 00:00:00+00:00,0.0
2020-04-28 00:00:00+00:00,0.0
2020-04-29 00:00:00+00:00,0.0
2020-04-30 00:00:00+00:00,0.0
2020-05-01 00:00:00+00:00,0.0
2020-05-04 00:00:00+00:00,0.0
2020-05-05 00:00:00+00:00,0.0
2020-05-06 00:00:00+00:00,-0.006550781839416003
2020-05-07 00:00:00+00:00,0.010860189178465896
2020-05-08 00:00:00+00:00,-0.00045000000000000004
2020-05-11 00:00:00+00:00,0.0
2020-05-12 00:00:00+00:00,0.0
2020-05-13 00:00:00+00:00,-0.016366914742353616
2020-05-14 00:00:00+00:00,0.010770648093730495
2020-05-15 00:00:00+00:00,0.004137113915442403
2020-05-18 00:00:00+00:00,0.02741368133301354
2020-05-19 00:00:00+00:00,-0.00045000000000000004
2020-05-20 00:00:00+00:00,0.014838970399670455
2020-05-21 00:00:00+00:00,-0.006213256925868616
2020-05-22 00:00:00+00:00,0.0017089520918819323
2020-05-26 00:00:00+00:00,0.011088304871462574
2020-05-27 00:00:00+00:00,0.01339137313003227
2020-05-28 00:00:00+00:00,-0.0016605474543186615
2020-05-29 00:00:00+00:00,0.004010066107010157
2020-06-01 00:00:00+00:00,0.0036377224236747276
2020-06-02 00:00:00+00:00,0.007451861335485988
2020-06-03 00:00:00+00:00,0.011977753558197168
2020-06-04 00:00:00+00:00,-0.0023638955848318878
2020-06-05 00:00:00+00:00,0.02306657837716719
2020-06-08 00:00:00+00:00,0.010878522238404843
2020-06-09 00:00:00+00:00,-0.00671097683162708
2020-06-10 00:00:00+00:00,-0.005021875303592527
2020-06-11 00:00:00+00:00,-0.05188409095734873
2020-06-12 00:00:00+00:00,-0.00045000000000000004
2020-06-15 00:00:00+00:00,0.00795254092979864
2020-06-16 00:00:00+00:00,0.01732251685293622
2020-06-17 00:00:00+00:00,-0.0037381287361243688
2020-06-18 00:00:00+00:00,0.00034630152942889404
2020-06-19 00:00:00+00:00,-0.005143113624997531
2020-06-22 00:00:00+00:00,0.005773182649323916
2020-06-23 00:00:00+00:00,0.004143565576295161
2020-06-24 00:00:00+00:00,-0.02295785401781878
2020-06-25 00:00:00+00:00,0.009648483238263662
2020-06-26 00:00:00+00:00,-0.0213762911302022
2020-06-29 00:00:00+00:00,0.013227517386723986
2020-06-30 00:00:00+00:00,-0.00045000000000000004
2020-07-01 00:00:00+00:00,0.0
2020-07-02 00:00:00+00:00,0.0
2020-07-06 00:00:00+00:00,0.0
2020-07-07 00:00:00+00:00,0.0
2020-07-08 00:00:00+00:00,0.0
2020-07-09 00:00:00+00:00,0.0
2020-07-10 00:00:00+00:00,0.0
2020-07-13 00:00:00+00:00,-0.008243174888041544
2020-07-14 00:00:00+00:00,0.011663239859545494
2020-07-15 00:00:00+00:00,0.00826832762937304
2020-07-16 00:00:00+00:00,-0.002963940550260302
2020-07-17 00:00:00+00:00,0.0026090306425464063
2020-07-20 00:00:00+00:00,0.007273723820874523
2020-07-21 00:00:00+00:00,0.0019145707611267105
2020-07-22 00:00:00+00:00,0.005123079215820692
2020-07-23 00:00:00+00:00,-0.010738551959820554
2020-07-24 00:00:00+00:00,-0.005796228157166861
2020-07-27 00:00:00+00:00,0.006563094099144506
2020-07-28 00:00:00+00:00,-0.005708220797505004
2020-07-29 00:00:00+00:00,0.011069091834375678
2020-07-30 00:00:00+00:00,-0.003211300573666909
2020-07-31 00:00:00+00:00,0.00711166353509809
2020-08-03 00:00:00+00:00,0.006257166420486016
2020-08-04 00:00:00+00:00,0.003476360895448716
2020-08-05 00:00:00+00:00,0.005589927077842738
2020-08-06 00:00:00+00:00,0.006016085868118859
2020-08-07 00:00:00+00:00,0.0006459408874709638
2020-08-10 00:00:00+00:00,0.0026900411641295418
2020-08-11 00:00:00+00:00,-0.007429160492925158
2020-08-12 00:00:00+00:00,0.01254824005948576
2020-08-13 00:00:00+00:00,-0.0016269488845774727
2020-08-14 00:00:00+00:00,2.6540610437986167e-05
2020-08-17 00:00:00+00:00,0.002859022920114751
2020-08-18 00:00:00+00:00,0.0019442790616463368
2020-08-19 00:00:00+00:00,-0.003747299057002329
2020-08-20 00:00:00+00:00,0.0028022545863703565
2020-08-21 00:00:00+00:00,0.0031926991583673295
2020-08-24 00:00:00+00:00,0.009119998543881569
2020-08-25 00:00:00+00:00,0.003149149610157509
2020-08-26 00:00:00+00:00,0.009023093809793293
2020-08-27 00:00:00+00:00,0.001967747201617276
2020-08-28 00:00:00+00:00,0.005813284004811581
2020-08-31 00:00:00+00:00,-0.0032600358909640748
2020-09-01 00:00:00+00:00,0.008476470606137232
2020-09-02 00:00:00+00:00,0.013017671200352843
2020-09-03 00:00:00+00:00,-0.030972741794676552
2020-09-04 00:00:00+00:00,-0.007348130188290725
2020-09-08 00:00:00+00:00,-0.02459063322861027
2020-09-09 00:00:00+00:00,0.01777242949050908
2020-09-10 00:00:00+00:00,-0.015627175952785
2020-09-11 00:00:00+00:00,0.00045802875606713037
2020-09-14 00:00:00+00:00,0.0118543597850155
2020-09-15 00:00:00+00:00,0.004547064243848054
2020-09-16 00:00:00+00:00,-0.003571709689661351
2020-09-17 00:00:00+00:00,-0.00791577201906717
2020-09-18 00:00:00+00:00,-0.010361499032037326
2020-09-21 00:00:00+00:00,-0.010016641665807758
2020-09-22 00:00:00+00:00,0.009165876322586586
2020-09-23 00:00:00+00:00,-0.0208717112529228
2020-09-24 00:00:00+00:00,0.002399037382250824
2020-09-25 00:00:00+00:00,0.014550098328683392
2020-09-28 00:00:00+00:00,-0.00045000000000000004
2020-09-29 00:00:00+00:00,0.0
2020-09-30 00:00:00+00:00,0.0
2020-10-01 00:00:00+00:00,0.0
2020-10-02 00:00:00+00:00,0.0
2020-10-05 00:00:00+00:00,0.015509576597346702
2020-10-06 00:00:00+00:00,-0.012794277776971608
2020-10-07 00:00:00+00:00,0.01566588726879854
2020-10-08 00:00:00+00:00,0.007976179922220017
2020-10-09 00:00:00+00:00,0.008037260357721676
2020-10-12 00:00:00+00:00,0.01447877447879542
2020-10-13 00:00:00+00:00,-0.005873405067132143
2020-10-14 00:00:00+00:00,-0.005655213773334811
2020-10-15 00:00:00+00:00,-0.001112329343977281
2020-10-16 00:00:00+00:00,-0.0005438270996602212
2020-10-19 00:00:00+00:00,-0.013682957203529845
2020-10-20 00:00:00+00:00,0.003605113891147149
2020-10-21 00:00:00+00:00,-0.0017034375851885497
2020-10-22 00:00:00+00:00,0.004936320721245724
2020-10-23 00:00:00+00:00,0.0030557977034996854
2020-10-26 00:00:00+00:00,-0.01663176958490864
2020-10-27 00:00:00+00:00,-0.00045000000000000004
2020-10-28 00:00:00+00:00,0.0
2020-10-29 00:00:00+00:00,0.0
2020-10-30 00:00:00+00:00,0.0
2020-11-02 00:00:00+00:00,0.0
2020-11-03 00:00:00+00:00,0.0
2020-11-04 00:00:00+00:00,0.0
2020-11-05 00:00:00+00:00,0.017102435772337093
2020-11-06 00:00:00+00:00,-0.0002058469839576138
2020-11-09 00:00:00+00:00,-0.00045000000000000004
2020-11-10 00:00:00+00:00,-0.0017698974766240656
2020-11-11 00:00:00+00:00,0.006685807050352777
2020-11-12 00:00:00+00:00,-0.00045000000000000004
2020-11-13 00:00:00+00:00,0.01201002151795751
2020-11-16 00:00:00+00:00,-0.00045000000000000004
2020-11-17 00:00:00+00:00,0.0
2020-11-18 00:00:00+00:00,0.0
2020-11-19 00:00:00+00:00,0.0
2020-11-20 00:00:00+00:00,0.0
2020-11-23 00:00:00+00:00,0.0
2020-11-24 00:00:00+00:00,0.0
2020-11-25 00:00:00+00:00,0.0
2020-11-27 00:00:00+00:00,0.0020563576562440517
2020-11-30 00:00:00+00:00,-0.003984476290905337
2020-12-01 00:00:00+00:00,0.009843824924460476
2020-12-02 00:00:00+00:00,0.0018932461564426406
2020-12-03 00:00:00+00:00,-0.00024527246768062393
2020-12-04 00:00:00+00:00,0.007755841303019095
2020-12-07 00:00:00+00:00,-0.0018495658858026399
2020-12-08 00:00:00+00:00,0.0026335816374986275
2020-12-09 00:00:00+00:00,-0.008071733366561296
2020-12-10 00:00:00+00:00,-0.0002943436926667542
2020-12-11 00:00:00+00:00,-0.0010554691050491227
2020-12-14 00:00:00+00:00,-0.004029279841812639
2020-12-15 00:00:00+00:00,0.01216743386378527
2020-12-16 00:00:00+00:00,0.001412140970942577
2020-12-17 00:00:00+00:00,0.005032655563316224
2020-12-18 00:00:00+00:00,-0.0035933017195126315
2020-12-21 00:00:00+00:00,-0.0032180676939685296
2020-12-22 00:00:00+00:00,-0.0015169076872795784
2020-12-23 00:00:00+00:00,0.0008089083451633839
2020-12-24 00:00:00+00:00,0.003501449559081715
2020-12-28 00:00:00+00:00,0.007731709673438703
2020-12-29 00:00:00+00:00,-0.001717094554092713
2020-12-30 00:00:00+00:00,0.001284195725893511
2020-12-31 00:00:00+00:00,0.004572578787300863
2021-01-04 00:00:00+00:00,-0.012252749794781593
2021-01-05 00:00:00+00:00,0.006198830430254998
2021-01-06 00:00:00+00:00,0.005380625308887943
2021-01-07 00:00:00+00:00,0.013371819854363065
2021-01-08 00:00:00+00:00,0.005127906512884972
2021-01-11 00:00:00+00:00,-0.006066780237264169
2021-01-12 00:00:00+00:00,0.00018996569759273109
2021-01-13 00:00:00+00:00,0.002423704427944062
2021-01-14 00:00:00+00:00,-0.0031518241588321394
2021-01-15 00:00:00+00:00,-0.00656320704231892
2021-01-19 00:00:00+00:00,0.007066909704149938
2021-01-20 00:00:00+00:00,0.012454715890669798
2021-01-21 00:00:00+00:00,0.0008205566313843615
2021-01-22 00:00:00+00:00,-0.003185548679723638
2021-01-25 00:00:00+00:00,0.0035495583532531017
2021-01-26 00:00:00+00:00,-0.001404849615031134
2021-01-27 00:00:00+00:00,-0.02199653739249532
2021-01-28 00:00:00+00:00,-0.00045000000000000004
2021-01-29 00:00:00+00:00,-0.018467540665120002
2021-02-01 00:00:00+00:00,0.014980972269656001
2021-02-02 00:00:00+00:00,0.01272619445973815
2021-02-03 00:00:00+00:00,0.000707692217354472
2021-02-04 00:00:00+00:00,0.010229090585288536
2021-02-05 00:00:00+00:00,0.003542247536469345
2021-02-08 00:00:00+00:00,0.006499547054494514
2021-02-09 00:00:00+00:00,-0.0005988153792636286
2021-02-10 00:00:00+00:00,-0.0003922321851085098
2021-02-11 00:00:00+00:00,0.0014536098383079788
2021-02-12 00:00:00+00:00,0.00444578244673115
2021-02-16 00:00:00+00:00,-0.00077946284202981
2021-02-17 00:00:00+00:00,0.0002065806133875192
2021-02-18 00:00:00+00:00,-0.0034549556382255375
2021-02-19 00:00:00+00:00,-0.0014125572487413863
2021-02-22 00:00:00+00:00,-0.006153556599909215
2021-02-23 00:00:00+00:00,0.0009715001922653955
2021-02-24 00:00:00+00:00,0.008815406384772295
2021-02-25 00:00:00+00:00,-0.019276331879080733
2021-02-26 00:00:00+00:00,-0.004122255051518753
2021-03-01 00:00:00+00:00,0.019392221642813644
2021-03-02 00:00:00+00:00,-0.006242598851268965
2021-03-03 00:00:00+00:00,-0.010596398148605158
2021-03-04 00:00:00+00:00,-0.011187625517038086
2021-03-05 00:00:00+00:00,0.01655685979189663
2021-03-08 00:00:00+00:00,-0.004480835673748973
2021-03-09 00:00:00+00:00,0.012849855126403732
2021-03-10 00:00:00+00:00,0.005602180302121562
2021-03-11 00:00:00+00:00,0.009125074064345085
2021-03-12 00:00:00+00:00,0.0012121754548681807
2021-03-15 00:00:00+00:00,-0.00045000000000000004
2021-03-16 00:00:00+00:00,0.0
2021-03-17 00:00:00+00:00,0.0
2021-03-18 00:00:00+00:00,0.0
2021-03-19 00:00:00+00:00,0.0
2021-03-22 00:00:00+00:00,0.0
2021-03-23 00:00:00+00:00,0.0
2021-03-24 00:00:00+00:00,0.0
2021-03-25 00:00:00+00:00,-0.0006125763547933539
2021-03-26 00:00:00+00:00,-0.0016114778325413638
2021-03-29 00:00:00+00:00,5.049018941118977e-05
2021-03-30 00:00:00+00:00,-0.0025725221338068144
2021-03-31 00:00:00+00:00,0.00324260330415207
2021-04-01 00:00:00+00:00,0.008639324174682272
2021-04-05 00:00:00+00:00,0.011482466310341267
2021-04-06 00:00:00+00:00,-0.0004724151221005002
2021-04-07 00:00:00+00:00,0.0009255931885967073
2021-04-08 00:00:00+00:00,0.003797537877808921
2021-04-09 00:00:00+00:00,0.005816247823991639
2021-04-12 00:00:00+00:00,0.0002915864430180548
2021-04-13 00:00:00+00:00,0.0023710290250011923
2021-04-14 00:00:00+00:00,-0.003123523647225429
2021-04-15 00:00:00+00:00,0.009668015259809403
2021-04-16 00:00:00+00:00,0.0030083515175607814
2021-04-19 00:00:00+00:00,-0.0044217370115764544
2021-04-20 00:00:00+00:00,-0.00590730746086952
2021-04-21 00:00:00+00:00,0.007569695657210929
2021-04-22 00:00:00+00:00,-0.007306532621273742
2021-04-23 00:00:00+00:00,0.00867400902322526
2021-04-26 00:00:00+00:00,0.0016701102077622209
2021-04-27 00:00:00+00:00,-0.0001722495608635022
2021-04-28 00:00:00+00:00,-0.00023017698631280228
2021-04-29 00:00:00+00:00,0.005098207031183221
2021-04-30 00:00:00+00:00,-0.005256306467772198
2021-05-03 00:00:00+00:00,0.0017252862262536084
2021-05-04 00:00:00+00:00,-0.004935483007165597
2021-05-05 00:00:00+00:00,0.00025025612693720947
2021-05-06 00:00:00+00:00,0.006388540476135773
2021-05-07 00:00:00+00:00,0.005822352516164564
2021-05-10 00:00:00+00:00,-0.007921913606155684
2021-05-11 00:00:00+00:00,-0.007139633268586465
2021-05-12 00:00:00+00:00,-0.01699618374898977
2021-05-13 00:00:00+00:00,0.009609963209211793
2021-05-14 00:00:00+00:00,0.012284284185572147
2021-05-17 00:00:00+00:00,-0.0020358422961672673
2021-05-18 00:00:00+00:00,-0.006892393992533474
2021-05-19 00:00:00+00:00,-0.002097358547002326
2021-05-20 00:00:00+00:00,0.00860626084854701
2021-05-21 00:00:00+00:00,-0.0006549691027989192
2021-05-24 00:00:00+00:00,0.008155421286161868
2021-05-25 00:00:00+00:00,-0.0020469468663072477
2021-05-26 00:00:00+00:00,0.0017862036333700759
2021-05-27 00:00:00+00:00,-0.00045000000000000004
2021-05-28 00:00:00+00:00,0.0
2021-06-01 00:00:00+00:00,0.0
2021-06-02 00:00:00+00:00,0.0009653746087087304
2021-06-03 00:00:00+00:00,-0.003340388950671969
2021-06-04 00:00:00+00:00,0.008231503543081399
2021-06-07 00:00:00+00:00,-0.00045000000000000004
2021-06-08 00:00:00+00:00,0.0
2021-06-09 00:00:00+00:00,-0.0017927239605566021
2021-06-10 00:00:00+00:00,0.003668725400529088
2021-06-11 00:00:00+00:00,0.0013218249656411275
2021-06-14 00:00:00+00:00,0.0017913928532978577
2021-06-15 00:00:00+00:00,-0.0014676222747636025
2021-06-16 00:00:00+00:00,-0.0044664145834341085
2021-06-17 00:00:00+00:00,-0.0002653915548505026
2021-06-18 00:00:00+00:00,-0.010792518785415161
2021-06-21 00:00:00+00:00,0.011452893939366503
2021-06-22 00:00:00+00:00,0.0042769092972859465
2021-06-23 00:00:00+00:00,-0.000964068011758279
2021-06-24 00:00:00+00:00,0.004732588605135035
2021-06-25 00:00:00+00:00,0.0028415805302238082
2021-06-28 00:00:00+00:00,0.001612830705104784
2021-06-29 00:00:00+00:00,0.0004305297213985426
2021-06-30 00:00:00+00:00,0.0007073305626410231
2021-07-01 00:00:00+00:00,0.004982823650537838
2021-07-02 00:00:00+00:00,0.0068793125554480255
2021-07-06 00:00:00+00:00,-0.001639401916861938
2021-07-07 00:00:00+00:00,0.002777205860671178
2021-07-08 00:00:00+00:00,-0.0065182915771446305
2021-07-09 00:00:00+00:00,0.008539712919241892
2021-07-12 00:00:00+00:00,0.002865649529439196
2021-07-13 00:00:00+00:00,-0.0027272687785060866
2021-07-14 00:00:00+00:00,0.001193748555776608
2021-07-15 00:00:00+00:00,-0.002732520648401149
2021-07-16 00:00:00+00:00,-0.006274757351508953
2021-07-19 00:00:00+00:00,-0.011814210099391521
2021-07-20 00:00:00+00:00,0.011464200753530562
2021-07-21 00:00:00+00:00,0.00647712308962305
2021-07-22 00:00:00+00:00,0.0016752596539474141
2021-07-23 00:00:00+00:00,0.008230405655596407
2021-07-26 00:00:00+00:00,0.0019638370475957958
2021-07-27 00:00:00+00:00,-0.003645990280565581
2021-07-28 00:00:00+00:00,-0.00032806911640843596
2021-07-29 00:00:00+00:00,0.0033178411237456016
2021-07-30 00:00:00+00:00,-0.004420732588575155
2021-08-02 00:00:00+00:00,-0.001888205096662332
2021-08-03 00:00:00+00:00,0.007322028786335722
2021-08-04 00:00:00+00:00,-0.004427148219220223
2021-08-05 00:00:00+00:00,0.005699822629234697
2021-08-06 00:00:00+00:00,0.0014867932480447932
2021-08-09 00:00:00+00:00,-0.0007321506786558519
2021-08-10 00:00:00+00:00,0.0011195427123557923
2021-08-11 00:00:00+00:00,0.002236503251571076
2021-08-12 00:00:00+00:00,0.0026973716674518976
2021-08-13 00:00:00+00:00,0.0016378902328285873
2021-08-16 00:00:00+00:00,0.0021190404899510853
2021-08-17 00:00:00+00:00,-0.005899603265796094
2021-08-18 00:00:00+00:00,-0.009850623745160103
2021-08-19 00:00:00+00:00,0.0013936349407469128
2021-08-20 00:00:00+00:00,0.007161341281474032
2021-08-23 00:00:00+00:00,0.007916786055299352
2021-08-24 00:00:00+00:00,0.0014285948480391886
2021-08-25 00:00:00+00:00,0.001888709502405206
2021-08-26 00:00:00+00:00,-0.005312946273785957
2021-08-27 00:00:00+00:00,0.008046946241026287
2021-08-30 00:00:00+00:00,0.003957720110340901
2021-08-31 00:00:00+00:00,-0.0013334848519942933
2021-09-01 00:00:00+00:00,0.0004784051855680316
2021-09-02 00:00:00+00:00,0.0027690766839125747
2021-09-03 00:00:00+00:00,-0.000218483049127427
2021-09-07 00:00:00+00:00,-0.0032180920062342302
2021-09-08 00:00:00+00:00,-0.0010964710665975154
2021-09-09 00:00:00+00:00,-0.0038522932951337353
2021-09-10 00:00:00+00:00,-0.007095861228792699
2021-09-13 00:00:00+00:00,0.0023032652407958265
2021-09-14 00:00:00+00:00,-0.004856926651123772
2021-09-15 00:00:00+00:00,0.007517329742128087
2021-09-16 00:00:00+00:00,-0.0014266173570207541
2021-09-17 00:00:00+00:00,-0.008766850861244934
2021-09-20 00:00:00+00:00,-0.015006979954575773
2021-09-21 00:00:00+00:00,-0.0008500387109054542
2021-09-22 00:00:00+00:00,0.008779305831673944
2021-09-23 00:00:00+00:00,0.010934914332686252
2021-09-24 00:00:00+00:00,0.0014824655855020686
2021-09-27 00:00:00+00:00,-0.0025747176688951877
2021-09-28 00:00:00+00:00,-0.018136629095607714
2021-09-29 00:00:00+00:00,0.0015147321673402824
2021-09-30 00:00:00+00:00,-0.01100005940659946
2021-10-01 00:00:00+00:00,0.01069596379456368
2021-10-04 00:00:00+00:00,-0.011606702620398557
2021-10-05 00:00:00+00:00,0.009364636581661178
2021-10-06 00:00:00+00:00,0.003740449308351246
2021-10-07 00:00:00+00:00,0.007780865991657793
2021-10-08 00:00:00+00:00,-0.0016412024803546422
2021-10-11 00:00:00+00:00,-0.006515705581023024
2021-10-12 00:00:00+00:00,-0.0022154156285635884
2021-10-13 00:00:00+00:00,0.0032377993529066895
2021-10-14 00:00:00+00:00,0.01513847684764762
2021-10-15 00:00:00+00:00,-0.00045000000000000004
2021-10-18 00:00:00+00:00,0.0
2021-10-19 00:00:00+00:00,0.0
2021-10-20 00:00:00+00:00,0.0
2021-10-21 00:00:00+00:00,0.0
2021-10-22 00:00:00+00:00,0.0
2021-10-25 00:00:00+00:00,0.0
2021-10-26 00:00:00+00:00,0.0
2021-10-27 00:00:00+00:00,-0.00443713176572687
2021-10-28 00:00:00+00:00,0.008683825332718898
2021-10-29 00:00:00+00:00,0.001826387113051786
2021-11-01 00:00:00+00:00,0.0015482459826719809
2021-11-02 00:00:00+00:00,0.0036388609875864786
2021-11-03 00:00:00+00:00,0.005494737752244516
2021-11-04 00:00:00+00:00,0.004241193545959066
2021-11-05 00:00:00+00:00,0.003122673368994633
2021-11-08 00:00:00+00:00,0.0006329205242743441
2021-11-09 00:00:00+00:00,-0.002644296503101007
2021-11-10 00:00:00+00:00,-0.0064358516860000495
2021-11-11 00:00:00+00:00,0.00025870886821071086
2021-11-12 00:00:00+00:00,0.006037590572477037
2021-11-15 00:00:00+00:00,0.000273949511646876
2021-11-16 00:00:00+00:00,0.0031661497783961323
2021-11-17 00:00:00+00:00,-0.001943307722558174
2021-11-18 00:00:00+00:00,0.0027171187612436754
2021-11-19 00:00:00+00:00,-0.0014307028322106063
2021-11-22 00:00:00+00:00,-0.0025835591194064813
2021-11-23 00:00:00+00:00,0.0011934196324500101
2021-11-24 00:00:00+00:00,0.002402871319372801
2021-11-26 00:00:00+00:00,-0.020072886032931725
2021-11-29 00:00:00+00:00,0.011039989455805267
2021-11-30 00:00:00+00:00,-0.01751184787026271
2021-12-01 00:00:00+00:00,-0.009996691734471541
2021-12-02 00:00:00+00:00,-0.00045000000000000004
2021-12-03 00:00:00+00:00,-0.008281283918389743
2021-12-06 00:00:00+00:00,0.01065901116482515
2021-12-07 00:00:00+00:00,0.018616397663578522
2021-12-08 00:00:00+00:00,0.0023831576729425263
2021-12-09 00:00:00+00:00,-0.00045000000000000004
2021-12-10 00:00:00+00:00,0.008022135649212008
2021-12-13 00:00:00+00:00,-0.00045000000000000004
2021-12-14 00:00:00+00:00,0.0
2021-12-15 00:00:00+00:00,0.01361247128293947
2021-12-16 00:00:00+00:00,-0.00045000000000000004
2021-12-17 00:00:00+00:00,0.0
2021-12-20 00:00:00+00:00,0.0
2021-12-21 00:00:00+00:00,0.015533072076880655
2021-12-22 00:00:00+00:00,-0.00045000000000000004
2021-12-23 00:00:00+00:00,0.0
2021-12-27 00:00:00+00:00,0.0
2021-12-28 00:00:00+00:00,0.0
2021-12-29 00:00:00+00:00,0.0
2021-12-30 00:00:00+00:00,0.0
2021-12-31 00:00:00+00:00,0.0
2022-01-03 00:00:00+00:00,0.0
2022-01-04 00:00:00+00:00,0.0
2022-01-05 00:00:00+00:00,0.0
2022-01-06 00:00:00+00:00,-0.0012954364839705076
2022-01-07 00:00:00+00:00,-0.0035582742626916854
2022-01-10 00:00:00+00:00,-0.0011198746444692875
2022-01-11 00:00:00+00:00,0.008197333099765914
2022-01-12 00:00:00+00:00,0.0024331036991728006
2022-01-13 00:00:00+00:00,-0.00045000000000000004
2022-01-14 00:00:00+00:00,-8.179628258784783e-05
2022-01-18 00:00:00+00:00,-0.01593874750547012
2022-01-19 00:00:00+00:00,-0.009345167529793507
2022-01-20 00:00:00+00:00,-0.009961111629725072
2022-01-21 00:00:00+00:00,-0.017667716271248447
2022-01-24 00:00:00+00:00,0.0038220565053688426
2022-01-25 00:00:00+00:00,-0.010988025862144769
2022-01-26 00:00:00+00:00,-0.0022580126614846654
2022-01-27 00:00:00+00:00,-0.00045000000000000004
2022-01-28 00:00:00+00:00,0.021901880469321195
2022-01-31 00:00:00+00:00,0.016209906281906394
2022-02-01 00:00:00+00:00,0.006081332458402278
2022-02-02 00:00:00+00:00,0.008742626668616317
2022-02-03 00:00:00+00:00,-0.00045000000000000004
2022-02-04 00:00:00+00:00,0.003782047839907782
2022-02-07 00:00:00+00:00,-0.002888399229394978
2022-02-08 00:00:00+00:00,-0.00045000000000000004
2022-02-09 00:00:00+00:00,0.0
2022-02-10 00:00:00+00:00,0.0
2022-02-11 00:00:00+00:00,0.0
2022-02-14 00:00:00+00:00,-0.003392235339703114
2022-02-15 00:00:00+00:00,0.01451413690636001
2022-02-16 00:00:00+00:00,0.0010085565684163633
2022-02-17 00:00:00+00:00,-0.00045000000000000004
2022-02-18 00:00:00+00:00,-0.006277473867860256
2022-02-22 00:00:00+00:00,-0.009658315282083564
2022-02-23 00:00:00+00:00,-0.015964789423202674
2022-02-24 00:00:00+00:00,-0.00045000000000000004
2022-02-25 00:00:00+00:00,0.0
2022-02-28 00:00:00+00:00,-0.002752727869028742
2022-03-01 00:00:00+00:00,-0.00045000000000000004
2022-03-02 00:00:00+00:00,0.0
2022-03-03 00:00:00+00:00,-0.00493075380914198
2022-03-04 00:00:00+00:00,-0.007312199872393277
2022-03-07 00:00:00+00:00,-0.026531148256333358
2022-03-08 00:00:00+00:00,-0.00045000000000000004
2022-03-09 00:00:00+00:00,0.0
2022-03-10 00:00:00+00:00,-0.00451398404050492
2022-03-11 00:00:00+00:00,-0.01144346748260725
2022-03-14 00:00:00+00:00,-0.00657748232850216
2022-03-15 00:00:00+00:00,0.01979140456696169
2022-03-16 00:00:00+00:00,0.01995675182608443
2022-03-17 00:00:00+00:00,-0.00045000000000000004
2022-03-18 00:00:00+00:00,0.0
2022-03-21 00:00:00+00:00,0.0
2022-03-22 00:00:00+00:00,0.0
2022-03-23 00:00:00+00:00,0.0
2022-03-24 00:00:00+00:00,0.0
2022-03-25 00:00:00+00:00,0.0
2022-03-28 00:00:00+00:00,0.0
2022-03-29 00:00:00+00:00,0.0
2022-03-30 00:00:00+00:00,0.0
2022-03-31 00:00:00+00:00,0.0
2022-04-01 00:00:00+00:00,0.0
2022-04-04 00:00:00+00:00,0.0
2022-04-05 00:00:00+00:00,0.0
2022-04-06 00:00:00+00:00,0.0
2022-04-07 00:00:00+00:00,0.004085122437867178
2022-04-08 00:00:00+00:00,-0.00045000000000000004
2022-04-11 00:00:00+00:00,-0.015832890084244162
2022-04-12 00:00:00+00:00,-0.0033347981066405353
2022-04-13 00:00:00+00:00,0.01030823833287602
2022-04-14 00:00:00+00:00,-0.011206560085985962
2022-04-18 00:00:00+00:00,0.0003700258959635994
2022-04-19 00:00:00+00:00,0.014528388114037161
2022-04-20 00:00:00+00:00,-0.000667493419348253
2022-04-21 00:00:00+00:00,-0.013457977644054143
2022-04-22 00:00:00+00:00,-0.024695407210069277
2022-04-25 00:00:00+00:00,0.005217923608221708
2022-04-26 00:00:00+00:00,-0.026064834989693277
2022-04-27 00:00:00+00:00,-0.00045000000000000004
2022-04-28 00:00:00+00:00,0.02228364144950436
2022-04-29 00:00:00+00:00,-0.033260046988826
2022-05-02 00:00:00+00:00,-0.00045000000000000004
2022-05-03 00:00:00+00:00,0.0036757709852267063
2022-05-04 00:00:00+00:00,0.0274075577372235
2022-05-05 00:00:00+00:00,-0.00045000000000000004
2022-05-06 00:00:00+00:00,0.0
2022-05-09 00:00:00+00:00,0.0
2022-05-10 00:00:00+00:00,0.0016294319257493977
2022-05-11 00:00:00+00:00,-0.00045000000000000004
2022-05-12 00:00:00+00:00,0.0
2022-05-13 00:00:00+00:00,0.0
2022-05-16 00:00:00+00:00,0.0
2022-05-17 00:00:00+00:00,0.0
2022-05-18 00:00:00+00:00,0.0
2022-05-19 00:00:00+00:00,0.0
2022-05-20 00:00:00+00:00,0.0
2022-05-23 00:00:00+00:00,0.0
2022-05-24 00:00:00+00:00,0.0
2022-05-25 00:00:00+00:00,0.0
2022-05-26 00:00:00+00:00,0.0
2022-05-27 00:00:00+00:00,0.0
2022-05-31 00:00:00+00:00,0.0
2022-06-01 00:00:00+00:00,0.0
2022-06-02 00:00:00+00:00,0.0
2022-06-03 00:00:00+00:00,0.0
2022-06-06 00:00:00+00:00,0.0
2022-06-07 00:00:00+00:00,0.0
2022-06-08 00:00:00+00:00,0.0
2022-06-09 00:00:00+00:00,0.0
2022-06-10 00:00:00+00:00,0.0
2022-06-13 00:00:00+00:00,0.0
2022-06-14 00:00:00+00:00,-0.0031622431738184626
2022-06-15 00:00:00+00:00,-0.00045000000000000004
2022-06-16 00:00:00+00:00,0.0
2022-06-17 00:00:00+00:00,0.0014899379345041767
2022-06-21 00:00:00+00:00,-0.00045000000000000004
2022-06-22 00:00:00+00:00,0.0
2022-06-23 00:00:00+00:00,0.0
2022-06-24 00:00:00+00:00,0.0
2022-06-27 00:00:00+00:00,0.0
2022-06-28 00:00:00+00:00,0.0
2022-06-29 00:00:00+00:00,0.0
2022-06-30 00:00:00+00:00,0.0
2022-07-01 00:00:00+00:00,0.0
2022-07-05 00:00:00+00:00,0.0
2022-07-06 00:00:00+00:00,0.0
2022-07-07 00:00:00+00:00,0.0
2022-07-08 00:00:00+00:00,0.0
2022-07-11 00:00:00+00:00,0.0
2022-07-12 00:00:00+00:00,0.0
2022-07-13 00:00:00+00:00,0.0
2022-07-14 00:00:00+00:00,-0.0026356984030295348
2022-07-15 00:00:00+00:00,0.017194729269205955
2022-07-18 00:00:00+00:00,-0.00045000000000000004
2022-07-19 00:00:00+00:00,0.02386725796084192
2022-07-20 00:00:00+00:00,-0.00045000000000000004
2022-07-21 00:00:00+00:00,0.008715007663259116
2022-07-22 00:00:00+00:00,-0.00045000000000000004
2022-07-25 00:00:00+00:00,0.0
2022-07-26 00:00:00+00:00,-0.01109782522885146
2022-07-27 00:00:00+00:00,0.023369410540786586
2022-07-28 00:00:00+00:00,0.011288447871412966
2022-07-29 00:00:00+00:00,0.013120665936038533
2022-08-01 00:00:00+00:00,-0.00045000000000000004
2022-08-02 00:00:00+00:00,-0.0063873519936213765
2022-08-03 00:00:00+00:00,0.014093384378157704
2022-08-04 00:00:00+00:00,-0.00045000000000000004
2022-08-05 00:00:00+00:00,0.0
2022-08-08 00:00:00+00:00,0.0
2022-08-09 00:00:00+00:00,0.0
2022-08-10 00:00:00+00:00,0.018453616391899658
2022-08-11 00:00:00+00:00,-0.00045000000000000004
2022-08-12 00:00:00+00:00,0.0
2022-08-15 00:00:00+00:00,0.0
2022-08-16 00:00:00+00:00,0.0
2022-08-17 00:00:00+00:00,-0.006838403331793347
2022-08-18 00:00:00+00:00,-0.00045000000000000004
2022-08-19 00:00:00+00:00,0.0
2022-08-22 00:00:00+00:00,-0.019190257869622925
2022-08-23 00:00:00+00:00,-0.0021772276944780457
2022-08-24 00:00:00+00:00,0.0028811522072914597
2022-08-25 00:00:00+00:00,0.012705611892378467
2022-08-26 00:00:00+00:00,-0.030464139961698066
2022-08-29 00:00:00+00:00,-0.005951043288516589
2022-08-30 00:00:00+00:00,-0.009880010709178422
2022-08-31 00:00:00+00:00,-0.006848001864758146
2022-09-01 00:00:00+00:00,0.0028239002689219197
2022-09-02 00:00:00+00:00,-0.009489999362526647
2022-09-06 00:00:00+00:00,-0.003395804169566097
2022-09-07 00:00:00+00:00,0.016168563356829792
2022-09-08 00:00:00+00:00,0.005882528099172757
2022-09-09 00:00:00+00:00,0.01398190247683193
2022-09-12 00:00:00+00:00,-0.00045000000000000004
2022-09-13 00:00:00+00:00,-0.03958433747258846
2022-09-14 00:00:00+00:00,-0.00045000000000000004
2022-09-15 00:00:00+00:00,0.0
2022-09-16 00:00:00+00:00,0.0
2022-09-19 00:00:00+00:00,0.0
2022-09-20 00:00:00+00:00,0.0
2022-09-21 00:00:00+00:00,0.0
2022-09-22 00:00:00+00:00,-0.008009569395594935
2022-09-23 00:00:00+00:00,-0.00045000000000000004
2022-09-26 00:00:00+00:00,-0.009353398126397622
2022-09-27 00:00:00+00:00,-0.00045000000000000004
2022-09-28 00:00:00+00:00,0.0
2022-09-29 00:00:00+00:00,-0.019250252258879347
2022-09-30 00:00:00+00:00,-0.00045000000000000004
2022-10-03 00:00:00+00:00,0.023310731047084848
2022-10-04 00:00:00+00:00,0.027888146795888892
2022-10-05 00:00:00+00:00,-0.00045000000000000004
2022-10-06 00:00:00+00:00,0.0
2022-10-07 00:00:00+00:00,0.0
2022-10-10 00:00:00+00:00,0.0
2022-10-11 00:00:00+00:00,-0.0061496988176349245
2022-10-12 00:00:00+00:00,-0.00045000000000000004
2022-10-13 00:00:00+00:00,0.0
2022-10-14 00:00:00+00:00,0.0
2022-10-17 00:00:00+00:00,0.022677003100705525
2022-10-18 00:00:00+00:00,-0.00045000000000000004
2022-10-19 00:00:00+00:00,0.0
2022-10-20 00:00:00+00:00,0.0
2022-10-21 00:00:00+00:00,0.0
2022-10-24 00:00:00+00:00,0.0
2022-10-25 00:00:00+00:00,0.0
2022-10-26 00:00:00+00:00,0.0
2022-10-27 00:00:00+00:00,0.0
2022-10-28 00:00:00+00:00,0.0
2022-10-31 00:00:00+00:00,0.0
2022-11-01 00:00:00+00:00,0.0
2022-11-02 00:00:00+00:00,0.0
2022-11-03 00:00:00+00:00,0.0
2022-11-04 00:00:00+00:00,0.0
2022-11-07 00:00:00+00:00,0.0
2022-11-08 00:00:00+00:00,0.0
2022-11-09 00:00:00+00:00,0.0
2022-11-10 00:00:00+00:00,0.0
2022-11-11 00:00:00+00:00,0.0
2022-11-14 00:00:00+00:00,0.0
2022-11-15 00:00:00+00:00,0.0
2022-11-16 00:00:00+00:00,0.0
2022-11-17 00:00:00+00:00,0.0
2022-11-18 00:00:00+00:00,0.0
2022-11-21 00:00:00+00:00,0.0
2022-11-22 00:00:00+00:00,0.0
2022-11-23 00:00:00+00:00,0.0
2022-11-25 00:00:00+00:00,0.0
2022-11-28 00:00:00+00:00,0.0
2022-11-29 00:00:00+00:00,0.0
2022-11-30 00:00:00+00:00,0.0
2022-12-01 00:00:00+00:00,0.0
2022-12-02 00:00:00+00:00,0.0
2022-12-05 00:00:00+00:00,0.0
2022-12-06 00:00:00+00:00,0.0
2022-12-07 00:00:00+00:00,0.0
2022-12-08 00:00:00+00:00,0.0
2022-12-09 00:00:00+00:00,0.0
2022-12-12 00:00:00+00:00,0.012525439274407718
2022-12-13 00:00:00+00:00,0.006812847369508624
2022-12-14 00:00:00+00:00,-0.0057540737272181565
2022-12-15 00:00:00+00:00,-0.00045000000000000004
2022-12-16 00:00:00+00:00,0.0
2022-12-19 00:00:00+00:00,0.0
2022-12-20 00:00:00+00:00,0.0
2022-12-21 00:00:00+00:00,0.0
2022-12-22 00:00:00+00:00,0.0
2022-12-23 00:00:00+00:00,0.0
2022-12-27 00:00:00+00:00,0.0
2022-12-28 00:00:00+00:00,0.0
2022-12-29 00:00:00+00:00,0.0
2022-12-30 00:00:00+00:00,0.0
2023-01-03 00:00:00+00:00,-0.004238933132709339
2023-01-04 00:00:00+00:00,0.0069482712918461425
2023-01-05 00:00:00+00:00,-0.010272100648017469
2023-01-06 00:00:00+00:00,0.02063876848332169
2023-01-09 00:00:00+00:00,-0.00045000000000000004
2023-01-10 00:00:00+00:00,0.0
2023-01-11 00:00:00+00:00,0.0
2023-01-12 00:00:00+00:00,0.0
2023-01-13 00:00:00+00:00,0.0
2023-01-17 00:00:00+00:00,0.0
2023-01-18 00:00:00+00:00,0.0
2023-01-19 00:00:00+00:00,-0.007001841993770458
2023-01-20 00:00:00+00:00,0.01485322098903931
2023-01-23 00:00:00+00:00,-0.001649871010290088
2023-01-24 00:00:00+00:00,0.00010732704544912375
2023-01-25 00:00:00+00:00,-3.747171233492441e-05
2023-01-26 00:00:00+00:00,-0.0010990355547432218
2023-01-27 00:00:00+00:00,-0.00022976513854324756
2023-01-30 00:00:00+00:00,0.0012546754078966772
2023-01-31 00:00:00+00:00,0.011312539046619479
2023-02-01 00:00:00+00:00,-0.001512791110277095
2023-02-02 00:00:00+00:00,-0.0014557067663369507
2023-02-03 00:00:00+00:00,0.0010629262961256215
2023-02-06 00:00:00+00:00,0.0006111185556807342
2023-02-07 00:00:00+00:00,0.010012825480949788
2023-02-08 00:00:00+00:00,0.0006434907715090646
2023-02-09 00:00:00+00:00,0.0008668992806926901
2023-02-10 00:00:00+00:00,0.0014169157606293396
2023-02-13 00:00:00+00:00,0.009391132550367765
2023-02-14 00:00:00+00:00,-0.00036816686552461065
2023-02-15 00:00:00+00:00,-0.0007747367760347508
2023-02-16 00:00:00+00:00,0.0013768677560834887
2023-02-17 00:00:00+00:00,-0.002448708841987362
2023-02-21 00:00:00+00:00,-0.016048636956460083
2023-02-22 00:00:00+00:00,-0.0011025695623842146
2023-02-23 00:00:00+00:00,0.00425560986935274
2023-02-24 00:00:00+00:00,-0.008545912398488564
2023-02-27 00:00:00+00:00,0.0027246747602736932
2023-02-28 00:00:00+00:00,-0.0029568248547048094
2023-03-01 00:00:00+00:00,-0.003068690508977934
2023-03-02 00:00:00+00:00,0.006221707078853456
2023-03-03 00:00:00+00:00,0.012830408416040662
2023-03-06 00:00:00+00:00,0.0005735193809261519
2023-03-07 00:00:00+00:00,-0.01379599620584776
2023-03-08 00:00:00+00:00,0.0014688886643061672
2023-03-09 00:00:00+00:00,-0.016604759316059092
2023-03-10 00:00:00+00:00,-0.012986542557681325
2023-03-13 00:00:00+00:00,-0.0012827538794601635
2023-03-14 00:00:00+00:00,0.014877002620579893
2023-03-15 00:00:00+00:00,-0.0056288900125806346
2023-03-16 00:00:00+00:00,0.01579061181170163
2023-03-17 00:00:00+00:00,-0.010523448323045081
2023-03-20 00:00:00+00:00,0.008654205448600872
2023-03-21 00:00:00+00:00,0.011817508747962635
2023-03-22 00:00:00+00:00,-0.015341908498720736
2023-03-23 00:00:00+00:00,0.002432965897801287
2023-03-24 00:00:00+00:00,0.005905939047340403
2023-03-27 00:00:00+00:00,0.0016828304643988767
2023-03-28 00:00:00+00:00,-0.00045000000000000004
2023-03-29 00:00:00+00:00,0.0
2023-03-30 00:00:00+00:00,0.0
2023-03-31 00:00:00+00:00,0.0
2023-04-03 00:00:00+00:00,0.0
2023-04-04 00:00:00+00:00,0.0
2023-04-05 00:00:00+00:00,0.0
2023-04-06 00:00:00+00:00,0.0
2023-04-10 00:00:00+00:00,0.0
2023-04-11 00:00:00+00:00,-0.00020838580239184685
2023-04-12 00:00:00+00:00,-0.0033106750810376895
2023-04-13 00:00:00+00:00,0.01062611255961219
2023-04-14 00:00:00+00:00,-0.001954091100724931
2023-04-17 00:00:00+00:00,0.0028705574590995654
2023-04-18 00:00:00+00:00,0.0005216942960130311
2023-04-19 00:00:00+00:00,-0.00013500177178285002
2023-04-20 00:00:00+00:00,-0.004365794025055614
2023-04-21 00:00:00+00:00,0.0006215618986889382
2023-04-24 00:00:00+00:00,0.0008344980504279675
2023-04-25 00:00:00+00:00,-0.012699022811619009
2023-04-26 00:00:00+00:00,-0.0033887385524817406
2023-04-27 00:00:00+00:00,0.01592672564817512
2023-04-28 00:00:00+00:00,0.006828022815516022
2023-05-01 00:00:00+00:00,-0.0008078258009518891
2023-05-02 00:00:00+00:00,-0.008991290464048073
2023-05-03 00:00:00+00:00,-0.005491224901579984
2023-05-04 00:00:00+00:00,-0.005666289696239701
2023-05-05 00:00:00+00:00,0.014809977756993574
2023-05-08 00:00:00+00:00,-0.0004766572633704332
2023-05-09 00:00:00+00:00,0.00043853450844241195
2023-05-10 00:00:00+00:00,0.003287931238825353
2023-05-11 00:00:00+00:00,-0.00027560417049147764
2023-05-12 00:00:00+00:00,-0.0014982803381157702
2023-05-15 00:00:00+00:00,0.0027600314902921142
2023-05-16 00:00:00+00:00,-0.005346118693410774
2023-05-17 00:00:00+00:00,0.009711086309726192
2023-05-18 00:00:00+00:00,-0.001413316815821691
2023-05-19 00:00:00+00:00,0.0001454966406219338
2023-05-22 00:00:00+00:00,-4.061294327040166e-05
2023-05-23 00:00:00+00:00,0.001122293360310367
2023-05-24 00:00:00+00:00,-0.006245674888557035
2023-05-25 00:00:00+00:00,0.006927854235316921
2023-05-26 00:00:00+00:00,0.010360491314217058
2023-05-30 00:00:00+00:00,0.00030475804252763086
2023-05-31 00:00:00+00:00,-0.004436060721156477
2023-06-01 00:00:00+00:00,0.0076008490884687425
2023-06-02 00:00:00+00:00,-0.0018961155512676573
2023-06-05 00:00:00+00:00,0.00019162752977091026
2023-06-06 00:00:00+00:00,-0.000217742104600549
2023-06-07 00:00:00+00:00,0.00034578218708294364
2023-06-08 00:00:00+00:00,-0.0006048553267806733
2023-06-09 00:00:00+00:00,-0.00017944092331523276
2023-06-12 00:00:00+00:00,-0.0009071711046918951
2023-06-13 00:00:00+00:00,0.004824416258223091
2023-06-14 00:00:00+00:00,-0.0005690826388549172
2023-06-15 00:00:00+00:00,-5e-05
2023-06-16 00:00:00+00:00,-0.0032251437823439424
2023-06-20 00:00:00+00:00,6.882422387909966e-05
2023-06-21 00:00:00+00:00,0.000512355930765418
2023-06-22 00:00:00+00:00,-0.00036096929015798644
2023-06-23 00:00:00+00:00,0.0007560074657919747
2023-06-26 00:00:00+00:00,0.0004085551829148493
2023-06-27 00:00:00+00:00,0.008320520116638636
2023-06-28 00:00:00+00:00,0.0004035182915940183
2023-06-29 00:00:00+00:00,-0.0008441314136679309
2023-06-30 00:00:00+00:00,0.00899057452012963
2023-07-03 00:00:00+00:00,0.0009204041668919417
2023-07-05 00:00:00+00:00,-0.0011897121639882434
2023-07-06 00:00:00+00:00,-0.006264478447671085
2023-07-07 00:00:00+00:00,-0.002019835044782337
2023-07-10 00:00:00+00:00,0.002024947619990769
2023-07-11 00:00:00+00:00,0.005094831084895013
2023-07-12 00:00:00+00:00,0.006436682747129474
2023-07-13 00:00:00+00:00,0.006349480743439351
2023-07-14 00:00:00+00:00,-0.000498190098146889
2023-07-17 00:00:00+00:00,0.00277765899405491
2023-07-18 00:00:00+00:00,0.006637580720414999
2023-07-19 00:00:00+00:00,0.0020014688191262397
2023-07-20 00:00:00+00:00,-0.005971054493673422
2023-07-21 00:00:00+00:00,-5e-05
2023-07-24 00:00:00+00:00,0.003573702200332108
2023-07-25 00:00:00+00:00,0.002184219210569083
2023-07-26 00:00:00+00:00,0.00012299530379671352
2023-07-27 00:00:00+00:00,-0.005303991518253781
2023-07-28 00:00:00+00:00,0.007832234341026378
2023-07-31 00:00:00+00:00,0.001523204071663109
2023-08-01 00:00:00+00:00,-0.0022892876137111887
2023-08-02 00:00:00+00:00,-0.01112867275697127
2023-08-03 00:00:00+00:00,-0.0022926328035079106
2023-08-04 00:00:00+00:00,-0.003618237869311525
2023-08-07 00:00:00+00:00,0.006982848275513653
2023-08-08 00:00:00+00:00,-0.0034789960727285244
2023-08-09 00:00:00+00:00,-0.005348113533198352
2023-08-10 00:00:00+00:00,0.000287072586277759
2023-08-11 00:00:00+00:00,-0.00046643243918831345
2023-08-14 00:00:00+00:00,0.004415992967793691
2023-08-15 00:00:00+00:00,-0.009319076273117854
2023-08-16 00:00:00+00:00,-0.006654351319173052
2023-08-17 00:00:00+00:00,-0.006857818444502828
2023-08-18 00:00:00+00:00,0.0004331984445120618
2023-08-21 00:00:00+00:00,0.005855481419411723
2023-08-22 00:00:00+00:00,-0.0024376415430647502
2023-08-23 00:00:00+00:00,0.010023939050004472
2023-08-24 00:00:00+00:00,-0.012473044458571404
2023-08-25 00:00:00+00:00,0.006344480509474404
2023-08-28 00:00:00+00:00,0.005707380859943001
2023-08-29 00:00:00+00:00,0.013009314545020323
2023-08-30 00:00:00+00:00,-0.00045000000000000004
2023-08-31 00:00:00+00:00,0.0
2023-09-01 00:00:00+00:00,0.0
2023-09-05 00:00:00+00:00,0.0
2023-09-06 00:00:00+00:00,0.0
2023-09-07 00:00:00+00:00,0.0
2023-09-08 00:00:00+00:00,0.0
2023-09-11 00:00:00+00:00,0.0
2023-09-12 00:00:00+00:00,0.0
2023-09-13 00:00:00+00:00,-0.00016659429869188554
2023-09-14 00:00:00+00:00,-0.0008622339509676502
2023-09-15 00:00:00+00:00,0.0012048409403500383
2023-09-18 00:00:00+00:00,-5.865321568145898e-05
2023-09-19 00:00:00+00:00,0.00020738427541578953
2023-09-20 00:00:00+00:00,0.0009193290985454183
2023-09-21 00:00:00+00:00,-0.013672684038473175
2023-09-22 00:00:00+00:00,-0.0017988080468683164
2023-09-25 00:00:00+00:00,0.003364052013206909
2023-09-26 00:00:00+00:00,-0.011753020526128833
2023-09-27 00:00:00+00:00,0.0003193828237517238
2023-09-28 00:00:00+00:00,0.004637907638465499
2023-09-29 00:00:00+00:00,-0.0019414726974863684
2023-10-02 00:00:00+00:00,-0.0003181873801217705
2023-10-03 00:00:00+00:00,-0.012097477837099973
2023-10-04 00:00:00+00:00,0.006553714671602262
2023-10-05 00:00:00+00:00,-0.00033901139225815945
2023-10-06 00:00:00+00:00,0.010685600015743747
2023-10-09 00:00:00+00:00,0.005761897952729344
2023-10-10 00:00:00+00:00,0.004684392619469846
2023-10-11 00:00:00+00:00,0.003686544430695693
2023-10-12 00:00:00+00:00,-0.00045000000000000004
2023-10-13 00:00:00+00:00,-0.004932886015715183
2023-10-16 00:00:00+00:00,0.009469364240017231
2023-10-17 00:00:00+00:00,-4.1409249807511376e-05
2023-10-18 00:00:00+00:00,-0.011992644403441333
2023-10-19 00:00:00+00:00,-0.007907517971297396
2023-10-20 00:00:00+00:00,-0.011059325429806212
2023-10-23 00:00:00+00:00,-0.0015598583557465018
2023-10-24 00:00:00+00:00,0.006785504040060175
2023-10-25 00:00:00+00:00,-0.012917046502685093
2023-10-26 00:00:00+00:00,-0.010777177821327222
2023-10-27 00:00:00+00:00,-0.004079446758888328
2023-10-30 00:00:00+00:00,0.010760098827911402
2023-10-31 00:00:00+00:00,0.005652275513567617
2023-11-01 00:00:00+00:00,0.009598359776261112
2023-11-02 00:00:00+00:00,-0.00045000000000000004
2023-11-03 00:00:00+00:00,0.0
2023-11-06 00:00:00+00:00,0.0
2023-11-07 00:00:00+00:00,0.0
2023-11-08 00:00:00+00:00,0.0
2023-11-09 00:00:00+00:00,0.0
2023-11-10 00:00:00+00:00,0.0
2023-11-13 00:00:00+00:00,0.0
2023-11-14 00:00:00+00:00,0.0
2023-11-15 00:00:00+00:00,0.0
2023-11-16 00:00:00+00:00,0.0
2023-11-17 00:00:00+00:00,0.0
2023-11-20 00:00:00+00:00,0.0
2023-11-21 00:00:00+00:00,0.0
2023-11-22 00:00:00+00:00,0.0
2023-11-24 00:00:00+00:00,0.0
2023-11-27 00:00:00+00:00,0.0
2023-11-28 00:00:00+00:00,0.0
2023-11-29 00:00:00+00:00,0.0
2023-11-30 00:00:00+00:00,0.0
2023-12-01 00:00:00+00:00,0.0
2023-12-04 00:00:00+00:00,0.0
2023-12-05 00:00:00+00:00,-0.0006576485750514501
2023-12-06 00:00:00+00:00,-4.7013179335092124e-05
2023-12-07 00:00:00+00:00,-0.0007630587704163139
2023-12-08 00:00:00+00:00,-0.00042992194889110994
2023-12-11 00:00:00+00:00,-0.0003889424922904672
2023-12-12 00:00:00+00:00,0.003203911329552528
2023-12-13 00:00:00+00:00,0.01103195290963548
2023-12-14 00:00:00+00:00,0.0025675190067712354
2023-12-15 00:00:00+00:00,-0.0013171687549057508
2023-12-18 00:00:00+00:00,0.004500070744215101
2023-12-19 00:00:00+00:00,0.004864603680531943
2023-12-20 00:00:00+00:00,-0.011085728834541975
2023-12-21 00:00:00+00:00,0.007585494066488074
2023-12-22 00:00:00+00:00,0.001607829420947482
2023-12-26 00:00:00+00:00,0.0033780587207852264
2023-12-27 00:00:00+00:00,0.001446362063607687
2023-12-28 00:00:00+00:00,0.0003021793848155596
2023-12-29 00:00:00+00:00,-0.0023160278070904817
2024-01-02 00:00:00+00:00,0.00010961577620780021
2024-01-03 00:00:00+00:00,-0.0069834575446684095
2024-01-04 00:00:00+00:00,-0.0025768052168056777
2024-01-05 00:00:00+00:00,0.0010955960868253456
2024-01-08 00:00:00+00:00,0.011420806864068923
2024-01-09 00:00:00+00:00,-0.00029829561165589067
2024-01-10 00:00:00+00:00,-0.0005655475804245525
2024-01-11 00:00:00+00:00,4.4064304124247226e-05
2024-01-12 00:00:00+00:00,-6.926498006538661e-05
2024-01-16 00:00:00+00:00,0.0003671233554176867
2024-01-17 00:00:00+00:00,-0.004896850503690847
2024-01-18 00:00:00+00:00,0.007953404335282528
2024-01-19 00:00:00+00:00,0.01121953639361688
2024-01-22 00:00:00+00:00,-0.00045000000000000004
2024-01-23 00:00:00+00:00,0.0021747771958021194
2024-01-24 00:00:00+00:00,0.0009838057793333022
2024-01-25 00:00:00+00:00,0.004894957917717835
2024-01-26 00:00:00+00:00,-0.0010663111822708793
2024-01-29 00:00:00+00:00,0.006335556992603309
2024-01-30 00:00:00+00:00,-0.0006187905869619037
2024-01-31 00:00:00+00:00,-0.013053917273683258
2024-02-01 00:00:00+00:00,0.010470594708272607
2024-02-02 00:00:00+00:00,-0.0015027410320712028
2024-02-05 00:00:00+00:00,0.0003641248501646821
2024-02-06 00:00:00+00:00,-0.00029032969959443824
2024-02-07 00:00:00+00:00,-0.0008340408297585312
2024-02-08 00:00:00+00:00,-4.417718226390477e-05
2024-02-09 00:00:00+00:00,-5e-05
2024-02-12 00:00:00+00:00,0.0
2024-02-13 00:00:00+00:00,0.0
2024-02-14 00:00:00+00:00,0.007729002531417901
2024-02-15 00:00:00+00:00,-0.00045000000000000004
2024-02-16 00:00:00+00:00,0.0
2024-02-20 00:00:00+00:00,0.0
2024-02-21 00:00:00+00:00,0.00036526337069799395
2024-02-22 00:00:00+00:00,0.01862592505049192
2024-02-23 00:00:00+00:00,-0.00045000000000000004
2024-02-26 00:00:00+00:00,0.0
2024-02-27 00:00:00+00:00,0.0
2024-02-28 00:00:00+00:00,0.0
2024-02-29 00:00:00+00:00,0.0
2024-03-01 00:00:00+00:00,0.0
2024-03-04 00:00:00+00:00,0.0
2024-03-05 00:00:00+00:00,0.0
2024-03-06 00:00:00+00:00,0.0
2024-03-07 00:00:00+00:00,0.0
2024-03-08 00:00:00+00:00,0.0
2024-03-11 00:00:00+00:00,0.0
2024-03-12 00:00:00+00:00,0.0
2024-03-13 00:00:00+00:00,0.0
2024-03-14 00:00:00+00:00,0.0
2024-03-15 00:00:00+00:00,0.0
2024-03-18 00:00:00+00:00,0.0
2024-03-19 00:00:00+00:00,0.0
2024-03-20 00:00:00+00:00,0.0
2024-03-21 00:00:00+00:00,0.0
2024-03-22 00:00:00+00:00,-0.002156299359365382
2024-03-25 00:00:00+00:00,-0.0024865401847407377
2024-03-26 00:00:00+00:00,-0.001662213521048539
2024-03-27 00:00:00+00:00,0.007563401694006245
2024-03-28 00:00:00+00:00,-0.00017214584707824223
2024-04-01 00:00:00+00:00,-0.0015655024481942114
2024-04-02 00:00:00+00:00,-0.0057225053512652505
2024-04-03 00:00:00+00:00,0.0009886844681424422
2024-04-04 00:00:00+00:00,-0.010985432227614722
2024-04-05 00:00:00+00:00,0.009402261368169351
2024-04-08 00:00:00+00:00,0.0005032691312629733
2024-04-09 00:00:00+00:00,0.0010411363674769358
2024-04-10 00:00:00+00:00,-0.009011793788387002
2024-04-11 00:00:00+00:00,0.0067922129041448455
2024-04-12 00:00:00+00:00,-0.012422676326059302
2024-04-15 00:00:00+00:00,-0.011275450342529891
2024-04-16 00:00:00+00:00,-0.0016414489160708756
2024-04-17 00:00:00+00:00,-0.005326387824244039
2024-04-18 00:00:00+00:00,-0.0018519582091541587
2024-04-19 00:00:00+00:00,-0.007855478764488456
2024-04-22 00:00:00+00:00,0.008288186537242592
2024-04-23 00:00:00+00:00,0.010679955984223
2024-04-24 00:00:00+00:00,-0.0004271295288844179
2024-04-25 00:00:00+00:00,-0.0034191062722964795
2024-04-26 00:00:00+00:00,0.008526615928652781
2024-04-29 00:00:00+00:00,-0.00045000000000000004
2024-04-30 00:00:00+00:00,0.0
2024-05-01 00:00:00+00:00,0.0
2024-05-02 00:00:00+00:00,0.0
2024-05-03 00:00:00+00:00,0.0
2024-05-06 00:00:00+00:00,0.0
2024-05-07 00:00:00+00:00,0.0
2024-05-08 00:00:00+00:00,0.0
2024-05-09 00:00:00+00:00,0.0
2024-05-10 00:00:00+00:00,0.0
2024-05-13 00:00:00+00:00,0.0
2024-05-14 00:00:00+00:00,0.0
2024-05-15 00:00:00+00:00,0.0
2024-05-16 00:00:00+00:00,0.0
2024-05-17 00:00:00+00:00,0.0
2024-05-20 00:00:00+00:00,0.0
2024-05-21 00:00:00+00:00,0.0
2024-05-22 00:00:00+00:00,0.0
2024-05-23 00:00:00+00:00,0.0
2024-05-24 00:00:00+00:00,-0.0007116637128303627
2024-05-28 00:00:00+00:00,-6.987063547383433e-05
2024-05-29 00:00:00+00:00,0.0007002288334947538
2024-05-30 00:00:00+00:00,-0.005756997016453519
2024-05-31 00:00:00+00:00,0.00728638799318695
2024-06-03 00:00:00+00:00,0.0006522867449861637
2024-06-04 00:00:00+00:00,0.0008944372806334756
2024-06-05 00:00:00+00:00,0.009508064230332281
2024-06-06 00:00:00+00:00,-1.5043245805923533e-05
2024-06-07 00:00:00+00:00,-0.0009726581515593579
2024-06-10 00:00:00+00:00,0.0024718364161666175
2024-06-11 00:00:00+00:00,0.0019267633325140922
2024-06-12 00:00:00+00:00,0.007341827302849885
2024-06-13 00:00:00+00:00,-0.00045000000000000004
2024-06-14 00:00:00+00:00,9.765579641475881e-05
2024-06-17 00:00:00+00:00,0.0063170362989002525
2024-06-18 00:00:00+00:00,0.0020327539575669463
2024-06-20 00:00:00+00:00,-0.0021733275211127
2024-06-21 00:00:00+00:00,-0.0010725762668950978
2024-06-24 00:00:00+00:00,-0.002600424163248416
2024-06-25 00:00:00+00:00,0.0030806824577647163
2024-06-26 00:00:00+00:00,0.0009985214625897855
2024-06-27 00:00:00+00:00,0.001260994259251902
2024-06-28 00:00:00+00:00,-0.003147891229737887
2024-07-01 00:00:00+00:00,0.0016464561761786456
2024-07-02 00:00:00+00:00,0.0060067472690845175
2024-07-03 00:00:00+00:00,0.00401638434367182
2024-07-05 00:00:00+00:00,0.0051897405283068965
2024-07-08 00:00:00+00:00,0.0010387255589501265
2024-07-09 00:00:00+00:00,0.0008749955726268688
2024-07-10 00:00:00+00:00,0.007866230040812877
2024-07-11 00:00:00+00:00,-0.006897953085179598
2024-07-12 00:00:00+00:00,0.005046024749509215
2024-07-15 00:00:00+00:00,0.00219996693696487
2024-07-16 00:00:00+00:00,0.0047441830996787
2024-07-17 00:00:00+00:00,-0.011216989018599932
2024-07-18 00:00:00+00:00,-0.006147775220365937
2024-07-19 00:00:00+00:00,-0.00531264850306643
2024-07-22 00:00:00+00:00,0.008248011723154924
2024-07-23 00:00:00+00:00,-0.00125475961018342
2024-07-24 00:00:00+00:00,-0.02044623347241083
2024-07-25 00:00:00+00:00,-0.004689360681755505
2024-07-26 00:00:00+00:00,0.010079708346813487
2024-07-29 00:00:00+00:00,-0.00045000000000000004
2024-07-30 00:00:00+00:00,0.0
2024-07-31 00:00:00+00:00,0.014179286770945505
2024-08-01 00:00:00+00:00,-0.00045000000000000004
2024-08-02 00:00:00+00:00,0.0
2024-08-05 00:00:00+00:00,0.0
2024-08-06 00:00:00+00:00,0.0
2024-08-07 00:00:00+00:00,0.0
2024-08-08 00:00:00+00:00,0.0
2024-08-09 00:00:00+00:00,0.0
2024-08-12 00:00:00+00:00,0.0
2024-08-13 00:00:00+00:00,0.0
2024-08-14 00:00:00+00:00,0.0
2024-08-15 00:00:00+00:00,0.0
2024-08-16 00:00:00+00:00,0.0
2024-08-19 00:00:00+00:00,0.0
2024-08-20 00:00:00+00:00,0.0
2024-08-21 00:00:00+00:00,0.0
2024-08-22 00:00:00+00:00,0.0
2024-08-23 00:00:00+00:00,0.0
2024-08-26 00:00:00+00:00,0.0
2024-08-27 00:00:00+00:00,0.0
2024-08-28 00:00:00+00:00,0.0
2024-08-29 00:00:00+00:00,0.0
2024-08-30 00:00:00+00:00,0.0
2024-09-03 00:00:00+00:00,0.0
2024-09-04 00:00:00+00:00,-0.002292127446234243
2024-09-05 00:00:00+00:00,-0.0021890777463373203
2024-09-06 00:00:00+00:00,-0.015147055052693615
2024-09-09 00:00:00+00:00,0.010076613274804603
2024-09-10 00:00:00+00:00,0.003920051684574522
2024-09-11 00:00:00+00:00,0.00923319184225222
2024-09-12 00:00:00+00:00,-0.00045000000000000004
2024-09-13 00:00:00+00:00,0.0
2024-09-16 00:00:00+00:00,0.0
2024-09-17 00:00:00+00:00,-8.22278691551322e-05
2024-09-18 00:00:00+00:00,-0.002669263424656987
2024-09-19 00:00:00+00:00,0.015358023181723834
2024-09-20 00:00:00+00:00,-0.00045000000000000004
2024-09-23 00:00:00+00:00,0.0
2024-09-24 00:00:00+00:00,0.0
2024-09-25 00:00:00+00:00,0.0
2024-09-26 00:00:00+00:00,0.0
2024-09-27 00:00:00+00:00,0.0
2024-09-30 00:00:00+00:00,0.003156681728243899
2024-10-01 00:00:00+00:00,-0.008062588215473787
2024-10-02 00:00:00+00:00,0.0003798212741423779
2024-10-03 00:00:00+00:00,-0.0016453954613232737
2024-10-04 00:00:00+00:00,0.008178603331920843
2024-10-07 00:00:00+00:00,-0.008136337317554232
2024-10-08 00:00:00+00:00,-0.00045000000000000004
2024-10-09 00:00:00+00:00,0.0057838231112574195
2024-10-10 00:00:00+00:00,-0.0015750492720204901
2024-10-11 00:00:00+00:00,0.005389527630136714
2024-10-14 00:00:00+00:00,0.007360366331654267
2024-10-15 00:00:00+00:00,-0.0069927911693989375
2024-10-16 00:00:00+00:00,0.003911987760700275
2024-10-17 00:00:00+00:00,7.711360278168655e-05
2024-10-18 00:00:00+00:00,0.0034619979708346627
2024-10-21 00:00:00+00:00,-0.0014780691391341084
2024-10-22 00:00:00+00:00,-0.00047809335279582756
2024-10-23 00:00:00+00:00,-0.008223626178821108
2024-10-24 00:00:00+00:00,0.0019463971040318162
2024-10-25 00:00:00+00:00,-0.00031086015098646946
2024-10-28 00:00:00+00:00,0.0027824026180111707
2024-10-29 00:00:00+00:00,0.0014565785616139637
2024-10-30 00:00:00+00:00,-0.0027227837279555803
2024-10-31 00:00:00+00:00,-0.017642599813167403
2024-11-01 00:00:00+00:00,-0.00045000000000000004
2024-11-04 00:00:00+00:00,-0.0023882981380396627
2024-11-05 00:00:00+00:00,-0.00045000000000000004
2024-11-06 00:00:00+00:00,0.0
2024-11-07 00:00:00+00:00,0.0
2024-11-08 00:00:00+00:00,0.0
2024-11-11 00:00:00+00:00,0.0
2024-11-12 00:00:00+00:00,0.0
2024-11-13 00:00:00+00:00,0.0
2024-11-14 00:00:00+00:00,0.0
2024-11-15 00:00:00+00:00,0.0
2024-11-18 00:00:00+00:00,0.0
2024-11-19 00:00:00+00:00,0.0
2024-11-20 00:00:00+00:00,0.0
2024-11-21 00:00:00+00:00,0.004381523647176694
2024-11-22 00:00:00+00:00,-0.00045000000000000004
2024-11-25 00:00:00+00:00,0.0
2024-11-26 00:00:00+00:00,0.0
2024-11-27 00:00:00+00:00,0.0
2024-11-29 00:00:00+00:00,0.0
2024-12-02 00:00:00+00:00,0.0
2024-12-03 00:00:00+00:00,0.0
2024-12-04 00:00:00+00:00,0.0
2024-12-05 00:00:00+00:00,0.0
2024-12-06 00:00:00+00:00,0.001256100286619594
2024-12-09 00:00:00+00:00,-0.004634748998097427
2024-12-10 00:00:00+00:00,-0.0027981624611908454
2024-12-11 00:00:00+00:00,0.006957695542071951
2024-12-12 00:00:00+00:00,-0.004637603929307266
2024-12-13 00:00:00+00:00,-0.00017854930549175975
2024-12-16 00:00:00+00:00,0.003842920257265381
2024-12-17 00:00:00+00:00,-0.0037081234219664585
2024-12-18 00:00:00+00:00,-0.02682304405809933
2024-12-19 00:00:00+00:00,-0.00045000000000000004
2024-12-20 00:00:00+00:00,0.010359810765052963
2024-12-23 00:00:00+00:00,0.005389506370915331
2024-12-24 00:00:00+00:00,0.01000356437442298
2024-12-26 00:00:00+00:00,-0.00045000000000000004
2024-12-27 00:00:00+00:00,0.0
2024-12-30 00:00:00+00:00,0.0
2024-12-31 00:00:00+00:00,0.0
2025-01-02 00:00:00+00:00,0.0
2025-01-03 00:00:00+00:00,0.010803032193948087
2025-01-06 00:00:00+00:00,-0.00045000000000000004
2025-01-07 00:00:00+00:00,0.0
2025-01-08 00:00:00+00:00,0.0
2025-01-10 00:00:00+00:00,0.0
2025-01-13 00:00:00+00:00,0.0
2025-01-14 00:00:00+00:00,0.0
2025-01-15 00:00:00+00:00,0.0
2025-01-16 00:00:00+00:00,0.0
2025-01-17 00:00:00+00:00,0.0
2025-01-21 00:00:00+00:00,0.0
2025-01-22 00:00:00+00:00,0.0
2025-01-23 00:00:00+00:00,0.0
2025-01-24 00:00:00+00:00,0.0
2025-01-27 00:00:00+00:00,0.0
2025-01-28 00:00:00+00:00,0.0072833176338219455
2025-01-29 00:00:00+00:00,-0.00045000000000000004
2025-01-30 00:00:00+00:00,0.0
2025-01-31 00:00:00+00:00,0.0
2025-02-03 00:00:00+00:00,0.0
2025-02-04 00:00:00+00:00,0.00558753293150091
2025-02-05 00:00:00+00:00,0.003649013402829571
2025-02-06 00:00:00+00:00,-0.00045000000000000004
2025-02-07 00:00:00+00:00,0.0
2025-02-10 00:00:00+00:00,0.005662176369495881
2025-02-11 00:00:00+00:00,0.0006844272655967875
2025-02-12 00:00:00+00:00,-0.002899503614933463
2025-02-13 00:00:00+00:00,0.009502046676709596
2025-02-14 00:00:00+00:00,-4.4369172335789744e-05
2025-02-18 00:00:00+00:00,0.0026422547632608097
2025-02-19 00:00:00+00:00,0.0021193772770822686
2025-02-20 00:00:00+00:00,-0.0037441972390432456
2025-02-21 00:00:00+00:00,-0.015393564317822196
2025-02-24 00:00:00+00:00,-0.004095545296256698
2025-02-25 00:00:00+00:00,-0.004475912101154544
2025-02-26 00:00:00+00:00,0.0004544091638815528
2025-02-27 00:00:00+00:00,-0.01436568695264785
2025-02-28 00:00:00+00:00,0.014044968202624953
2025-03-03 00:00:00+00:00,-0.01576810844327504
2025-03-04 00:00:00+00:00,-0.00045000000000000004
2025-03-05 00:00:00+00:00,0.0
2025-03-06 00:00:00+00:00,0.0
2025-03-07 00:00:00+00:00,0.0
2025-03-10 00:00:00+00:00,0.0
2025-03-11 00:00:00+00:00,0.0
2025-03-12 00:00:00+00:00,0.0
2025-03-13 00:00:00+00:00,0.0
2025-03-14 00:00:00+00:00,0.0
2025-03-17 00:00:00+00:00,0.0
2025-03-18 00:00:00+00:00,0.0
2025-03-19 00:00:00+00:00,0.0
2025-03-20 00:00:00+00:00,0.0
2025-03-21 00:00:00+00:00,0.0
2025-03-24 00:00:00+00:00,0.0
2025-03-25 00:00:00+00:00,0.0
2025-03-26 00:00:00+00:00,0.0
2025-03-27 00:00:00+00:00,0.0
2025-03-28 00:00:00+00:00,0.0
2025-03-31 00:00:00+00:00,0.0
2025-04-01 00:00:00+00:00,0.0
2025-04-02 00:00:00+00:00,0.0
2025-04-03 00:00:00+00:00,0.0
2025-04-04 00:00:00+00:00,0.0
2025-04-07 00:00:00+00:00,0.0
2025-04-08 00:00:00+00:00,0.0
2025-04-09 00:00:00+00:00,0.0
2025-04-10 00:00:00+00:00,0.0
2025-04-11 00:00:00+00:00,0.0
2025-04-14 00:00:00+00:00,0.0
2025-04-15 00:00:00+00:00,0.0
2025-04-16 00:00:00+00:00,0.0
2025-04-17 00:00:00+00:00,0.0
2025-04-21 00:00:00+00:00,0.0
2025-04-22 00:00:00+00:00,0.0
2025-04-23 00:00:00+00:00,0.0
2025-04-24 00:00:00+00:00,0.0
2025-04-25 00:00:00+00:00,0.0
2025-04-28 00:00:00+00:00,0.0
2025-04-29 00:00:00+00:00,0.0
2025-04-30 00:00:00+00:00,0.0
2025-05-01 00:00:00+00:00,0.0
2025-05-02 00:00:00+00:00,0.0
2025-05-05 00:00:00+00:00,0.0
2025-05-06 00:00:00+00:00,0.0
2025-05-07 00:00:00+00:00,0.0
2025-05-08 00:00:00+00:00,0.0
2025-05-09 00:00:00+00:00,0.0
2025-05-12 00:00:00+00:00,0.0
2025-05-13 00:00:00+00:00,0.0
2025-05-14 00:00:00+00:00,0.0
2025-05-15 00:00:00+00:00,0.0
2025-05-16 00:00:00+00:00,0.0
2025-05-19 00:00:00+00:00,0.0
2025-05-20 00:00:00+00:00,0.0
2025-05-21 00:00:00+00:00,0.0
2025-05-22 00:00:00+00:00,-9.483866362761067e-05
2025-05-23 00:00:00+00:00,-0.00614310283218904
2025-05-27 00:00:00+00:00,0.018711504863970108
2025-05-28 00:00:00+00:00,-0.00045000000000000004
2025-05-29 00:00:00+00:00,0.0
2025-05-30 00:00:00+00:00,0.0
2025-06-02 00:00:00+00:00,0.0
2025-06-03 00:00:00+00:00,0.0
2025-06-04 00:00:00+00:00,0.0
2025-06-05 00:00:00+00:00,0.0
2025-06-06 00:00:00+00:00,0.0
2025-06-09 00:00:00+00:00,0.0
2025-06-10 00:00:00+00:00,0.0
2025-06-11 00:00:00+00:00,-0.00301694718805911
2025-06-12 00:00:00+00:00,0.0035770013300775007
2025-06-13 00:00:00+00:00,-0.010062158564923663
2025-06-16 00:00:00+00:00,0.008562939679050908
2025-06-17 00:00:00+00:00,-0.007690756273451982
2025-06-18 00:00:00+00:00,-0.0001356047870702093
2025-06-20 00:00:00+00:00,-0.00211364103714502
2025-06-23 00:00:00+00:00,0.008889701333326094
2025-06-24 00:00:00+00:00,0.009942664738757623
2025-06-25 00:00:00+00:00,0.0005041301231971219
2025-06-26 00:00:00+00:00,0.007041398146831068
2025-06-27 00:00:00+00:00,0.00447149251763519
2025-06-30 00:00:00+00:00,0.0043031531968857895
2025-07-01 00:00:00+00:00,-0.00029125516577901414
2025-07-02 00:00:00+00:00,0.004080064207457501
2025-07-03 00:00:00+00:00,0.007093105017495005
2025-07-07 00:00:00+00:00,-0.00670677935416727
2025-07-08 00:00:00+00:00,-0.0004929300347338517
2025-07-09 00:00:00+00:00,0.00539701889897537
2025-07-10 00:00:00+00:00,0.0025381115241635446
2025-07-11 00:00:00+00:00,-0.003163717330298699
2025-07-14 00:00:00+00:00,0.0017174338924256462
2025-07-15 00:00:00+00:00,-0.003845994662771557
2025-07-16 00:00:00+00:00,0.0030089002447678537
2025-07-17 00:00:00+00:00,0.005507614107550718
2025-07-18 00:00:00+00:00,-0.0006592307024751443
2025-07-21 00:00:00+00:00,0.0017066859666474699
2025-07-22 00:00:00+00:00,0.00012875316053297947
2025-07-23 00:00:00+00:00,0.007656795494539836
2025-07-24 00:00:00+00:00,0.00029796417484631024
2025-07-25 00:00:00+00:00,0.0038019546049999687
2025-07-28 00:00:00+00:00,-0.0002260862320446866
2025-07-29 00:00:00+00:00,-0.0023738463140326126
2025-07-30 00:00:00+00:00,-0.001133354887841942
2025-07-31 00:00:00+00:00,-0.0033760062420476133
2025-08-01 00:00:00+00:00,-0.014751360434657834
2025-08-04 00:00:00+00:00,0.013679724600076626
2025-08-05 00:00:00+00:00,-0.004563060871392544
2025-08-06 00:00:00+00:00,0.006893701233047822
2025-08-07 00:00:00+00:00,-0.0007538090807876042
2025-08-08 00:00:00+00:00,0.007017701275503674
2025-08-11 00:00:00+00:00,-0.0017796270020488448
2025-08-12 00:00:00+00:00,0.009581360742967716
2025-08-13 00:00:00+00:00,0.0030809326341079356
2025-08-14 00:00:00+00:00,8.366107221811082e-05
2025-08-15 00:00:00+00:00,-0.002106958043473961
2025-08-18 00:00:00+00:00,-0.0001960817116739122
2025-08-19 00:00:00+00:00,-0.0048825984516998044
2025-08-20 00:00:00+00:00,-0.0023912194898379814
2025-08-21 00:00:00+00:00,-0.003610781562345211
2025-08-22 00:00:00+00:00,0.01382112942700473
2025-08-25 00:00:00+00:00,-0.00045000000000000004
2025-08-26 00:00:00+00:00,0.0
2025-08-27 00:00:00+00:00,0.0
2025-08-28 00:00:00+00:00,0.0
2025-08-29 00:00:00+00:00,0.0
2025-09-02 00:00:00+00:00,-0.006428115158762193
2025-09-03 00:00:00+00:00,0.004335581037350167
2025-09-04 00:00:00+00:00,0.006685853106395534
2025-09-05 00:00:00+00:00,-0.002316914359257449
2025-09-08 00:00:00+00:00,0.0019652485694196644
2025-09-09 00:00:00+00:00,0.0018496000482079113
2025-09-10 00:00:00+00:00,0.002312603041607986
2025-09-11 00:00:00+00:00,0.006648274488322237
2025-09-12 00:00:00+00:00,-0.0002677670099641816
2025-09-15 00:00:00+00:00,0.004259131748796996
2025-09-16 00:00:00+00:00,-0.0012891565262467873
2025-09-17 00:00:00+00:00,-0.0011182041993936243
2025-09-18 00:00:00+00:00,0.004205218302066794
2025-09-19 00:00:00+00:00,0.004457637270742199
2025-09-22 00:00:00+00:00,0.004257976647511575
2025-09-23 00:00:00+00:00,-0.004899132140624163
2025-09-24 00:00:00+00:00,-0.0028634920599483584
2025-09-25 00:00:00+00:00,-0.004152184618434063
2025-09-26 00:00:00+00:00,0.0051561935289410775
2025-09-29 00:00:00+00:00,0.002529390752236949
2025-09-30 00:00:00+00:00,0.003390119777762335
2025-10-01 00:00:00+00:00,0.0030668458941518263
2025-10-02 00:00:00+00:00,0.0010365583137078582
2025-10-03 00:00:00+00:00,-1.3357953513615239e-05
2025-10-06 00:00:00+00:00,0.003227611567071542
2025-10-07 00:00:00+00:00,-0.003336698446934261
2025-10-08 00:00:00+00:00,0.005366716301626795
2025-10-09 00:00:00+00:00,-0.0026072349962293685
2025-10-10 00:00:00+00:00,-0.024325086771045334
2025-10-13 00:00:00+00:00,0.01380964721102731
2025-10-14 00:00:00+00:00,-0.0010994484381097514
2025-10-15 00:00:00+00:00,0.003995521218270337
2025-10-16 00:00:00+00:00,-0.006129232505486348
2025-10-17 00:00:00+00:00,-0.00045000000000000004
2025-10-20 00:00:00+00:00,0.008910461115845276
2025-10-21 00:00:00+00:00,-1.3481986246699495e-05
2025-10-22 00:00:00+00:00,-0.004678981011252303
2025-10-23 00:00:00+00:00,0.005336915838895906
2025-10-24 00:00:00+00:00,0.007355297382354964
2025-10-27 00:00:00+00:00,-0.00045000000000000004
2025-10-28 00:00:00+00:00,0.0
2025-10-29 00:00:00+00:00,0.0
2025-10-30 00:00:00+00:00,0.0
2025-10-31 00:00:00+00:00,0.0
2025-11-03 00:00:00+00:00,0.0
2025-11-04 00:00:00+00:00,0.0
2025-11-05 00:00:00+00:00,0.0026688622362494425
2025-11-06 00:00:00+00:00,-0.00045000000000000004
2025-11-07 00:00:00+00:00,0.0004360724193219482
2025-11-10 00:00:00+00:00,0.01404388591368968
2025-11-11 00:00:00+00:00,0.0020604051624067313
2025-11-12 00:00:00+00:00,0.0005007753255784176
2025-11-13 00:00:00+00:00,-0.014934630725143528
2025-11-14 00:00:00+00:00,-0.0001473949620409365
2025-11-17 00:00:00+00:00,-0.008384792143744269
2025-11-18 00:00:00+00:00,-0.007557714935632543
2025-11-19 00:00:00+00:00,-0.00045000000000000004
2025-11-20 00:00:00+00:00,-0.014167966097402613
2025-11-21 00:00:00+00:00,-0.00045000000000000004
2025-11-24 00:00:00+00:00,0.01279669780852441
2025-11-25 00:00:00+00:00,0.008465433181223392
2025-11-26 00:00:00+00:00,0.006213105442268651
2025-11-28 00:00:00+00:00,-0.00045000000000000004
2025-12-01 00:00:00+00:00,0.0
2025-12-02 00:00:00+00:00,0.0
2025-12-03 00:00:00+00:00,0.0
2025-12-04 00:00:00+00:00,0.0
2025-12-05 00:00:00+00:00,0.0
2025-12-08 00:00:00+00:00,0.0
2025-12-09 00:00:00+00:00,0.0
2025-12-10 00:00:00+00:00,0.00551895754054938
2025-12-11 00:00:00+00:00,-0.00045000000000000004
2025-12-12 00:00:00+00:00,0.0
2025-12-15 00:00:00+00:00,-0.0018098463233302271
2025-12-16 00:00:00+00:00,-0.0024590455877571914
2025-12-17 00:00:00+00:00,-0.009903207856785912
2025-12-18 00:00:00+00:00,0.006796224540231166
2025-12-19 00:00:00+00:00,0.008157054814565768
2025-12-22 00:00:00+00:00,0.00560691813639227
2025-12-23 00:00:00+00:00,0.004113309830861334
2025-12-24 00:00:00+00:00,0.0031659629941577674
2025-12-26 00:00:00+00:00,-9.12547691130028e-05
2025-12-29 00:00:00+00:00,-0.0032073128840260146
2025-12-30 00:00:00+00:00,-0.0010990045779114554
2025-12-31 00:00:00+00:00,-0.006668086104991056
2026-01-02 00:00:00+00:00,0.0014164277103673128
2026-01-05 00:00:00+00:00,0.005328070738892699
2026-01-06 00:00:00+00:00,0.004757806559013922
2026-01-07 00:00:00+00:00,-0.0025787314935755033
2026-01-08 00:00:00+00:00,-8.12094571553068e-05
2026-01-09 00:00:00+00:00,0.005290712357928129
2026-01-12 00:00:00+00:00,0.001256346539654274
2026-01-13 00:00:00+00:00,-0.0015996133518552114
2026-01-14 00:00:00+00:00,-0.003932107381088912
2026-01-15 00:00:00+00:00,0.0021785590880602614
2026-01-16 00:00:00+00:00,-0.000670353671097157
2026-01-20 00:00:00+00:00,-0.01628546865082505
2026-01-21 00:00:00+00:00,0.00923293793652391
2026-01-22 00:00:00+00:00,0.004178571842043866
2026-01-23 00:00:00+00:00,0.00029019451621294936
2026-01-26 00:00:00+00:00,0.004062535196887396
2026-01-27 00:00:00+00:00,0.0031873622213860033
2026-01-28 00:00:00+00:00,-0.00014058430057851119
2026-01-29 00:00:00+00:00,-0.0017859163057273974
2026-01-30 00:00:00+00:00,-0.002684280622311985
2026-02-02 00:00:00+00:00,0.0044742501602978105
2026-02-03 00:00:00+00:00,-0.007609955546497816
2026-02-04 00:00:00+00:00,-0.004359454986500955
2026-02-05 00:00:00+00:00,-0.011240352883615324
2026-02-06 00:00:00+00:00,0.01726629147583587
2026-02-09 00:00:00+00:00,-0.00045000000000000004
2026-02-10 00:00:00+00:00,-0.0028235013266337647
2026-02-11 00:00:00+00:00,-0.00020796655897731275
2026-02-12 00:00:00+00:00,-0.013903937601301554
2026-02-13 00:00:00+00:00,0.000633998415590753
2026-02-17 00:00:00+00:00,0.001452167708601726
2026-02-18 00:00:00+00:00,0.004533926211142703
2026-02-19 00:00:00+00:00,-0.002373696012855009
2026-02-20 00:00:00+00:00,0.006508732112615401
2026-02-23 00:00:00+00:00,-0.009190245714720624
2026-02-24 00:00:00+00:00,0.006541646561282999
2026-02-25 00:00:00+00:00,0.007594487439574293
2026-02-26 00:00:00+00:00,-0.004999034925063617
2026-02-27 00:00:00+00:00,-0.004321716543083698
2026-03-02 00:00:00+00:00,0.0005117307382950242
2026-03-03 00:00:00+00:00,-0.007932924646200013
2026-03-04 00:00:00+00:00,-0.00045000000000000004
2026-03-05 00:00:00+00:00,-0.005467959408603157
2026-03-06 00:00:00+00:00,-0.011796456361063778
2026-03-09 00:00:00+00:00,-0.00045000000000000004
2026-03-10 00:00:00+00:00,0.0
2026-03-11 00:00:00+00:00,-0.0015796465687401503
2026-03-12 00:00:00+00:00,-0.013666436503784619
2026-03-13 00:00:00+00:00,-0.00045000000000000004
2026-03-16 00:00:00+00:00,0.008709185920727265
2026-03-17 00:00:00+00:00,0.0023674942784566834
2026-03-18 00:00:00+00:00,-0.012558350275794305
2026-03-19 00:00:00+00:00,-0.002217842827424588
2026-03-20 00:00:00+00:00,-0.012902196388102073
2026-03-23 00:00:00+00:00,0.009449963736491962
2026-03-24 00:00:00+00:00,-0.00045000000000000004
2026-03-25 00:00:00+00:00,0.0
2026-03-26 00:00:00+00:00,-0.01652284251998066
2026-03-27 00:00:00+00:00,-0.00045000000000000004
2026-03-30 00:00:00+00:00,0.0
2026-03-31 00:00:00+00:00,0.0
2026-04-01 00:00:00+00:00,0.00633107223860096
2026-04-02 00:00:00+00:00,0.0008104037863406743
2026-04-06 00:00:00+00:00,0.004254201680672254
2026-04-07 00:00:00+00:00,0.0003959783996548838
2026-04-08 00:00:00+00:00,-0.00045000000000000004
2026-04-09 00:00:00+00:00,0.0
2026-04-10 00:00:00+00:00,0.0
2026-04-13 00:00:00+00:00,0.0
2026-04-14 00:00:00+00:00,0.0
2026-04-15 00:00:00+00:00,0.0
2026-04-16 00:00:00+00:00,0.0
2026-04-17 00:00:00+00:00,0.0
2026-04-20 00:00:00+00:00,0.0
2026-04-21 00:00:00+00:00,0.0
2026-04-22 00:00:00+00:00,0.0
2026-04-23 00:00:00+00:00,0.0
2026-04-24 00:00:00+00:00,0.0
2026-04-27 00:00:00+00:00,0.0
2026-04-28 00:00:00+00:00,-0.004829383041383623
2026-04-29 00:00:00+00:00,-0.00013909339927392628
2026-04-30 00:00:00+00:00,0.00895471666492531
2026-05-01 00:00:00+00:00,0.002492151634401174
2026-05-04 00:00:00+00:00,-0.003297042855836796
2026-05-05 00:00:00+00:00,0.007220018621767066
2026-05-06 00:00:00+00:00,0.012509476857143986
2026-05-07 00:00:00+00:00,-0.002759480043880536
2026-05-08 00:00:00+00:00,0.007430449279138007
2026-05-11 00:00:00+00:00,0.0020498071688943575
2026-05-12 00:00:00+00:00,-0.0013634079148902023
2026-05-13 00:00:00+00:00,0.005035367446990446
2026-05-14 00:00:00+00:00,0.007104824536285426
2026-05-15 00:00:00+00:00,-0.010826359253713858
2026-05-18 00:00:00+00:00,-0.0006331620983108244
2026-05-19 00:00:00+00:00,-0.0059947210557490084
2026-05-20 00:00:00+00:00,0.009224050382410321
2026-05-21 00:00:00+00:00,0.001784816509422371
2026-05-22 00:00:00+00:00,0.0035384091864555157
2026-05-26 00:00:00+00:00,0.0059747308739265485
2026-05-27 00:00:00+00:00,-0.00015586379607908097
2026-05-28 00:00:00+00:00,0.0049648900353159945
2026-05-29 00:00:00+00:00,0.0022422718188876978
2026-06-01 00:00:00+00:00,0.0024508303722650115
2026-06-02 00:00:00+00:00,0.0012221236577030891
2026-06-03 00:00:00+00:00,-0.006315446447968698
2026-06-04 00:00:00+00:00,0.003400770854732338
2026-06-05 00:00:00+00:00,-0.023228432651020006
2026-06-08 00:00:00+00:00,0.0020378001968209603
2026-06-09 00:00:00+00:00,-0.0026419680448717788
2026-06-10 00:00:00+00:00,-0.01418895991422693
2026-06-11 00:00:00+00:00,0.01529717165534703
2026-06-12 00:00:00+00:00,0.004867386585796685
2026-06-15 00:00:00+00:00,-0.00045000000000000004
2026-06-16 00:00:00+00:00,0.0
2026-06-17 00:00:00+00:00,0.0
2026-06-18 00:00:00+00:00,0.0
2026-06-22 00:00:00+00:00,0.0
2026-06-23 00:00:00+00:00,0.0
2026-06-24 00:00:00+00:00,0.0
2026-06-25 00:00:00+00:00,0.0
2026-06-26 00:00:00+00:00,0.0
2026-06-29 00:00:00+00:00,0.0
2026-06-30 00:00:00+00:00,0.0
2026-07-01 00:00:00+00:00,0.0
2026-07-02 00:00:00+00:00,0.0
2026-07-06 00:00:00+00:00,0.0
2026-07-07 00:00:00+00:00,0.0
2026-07-08 00:00:00+00:00,0.0
2026-07-09 00:00:00+00:00,0.0
2026-07-10 00:00:00+00:00,0.0
2026-07-13 00:00:00+00:00,0.0
2026-07-14 00:00:00+00:00,0.0027455741250180746
2026-07-15 00:00:00+00:00,-0.00045000000000000004
2026-07-16 00:00:00+00:00,-0.005326755143045164
2026-07-17 00:00:00+00:00,-0.008907479781494133
2026-07-20 00:00:00+00:00,-0.001452918147066895
2026-07-21 00:00:00+00:00,0.007507194338919776
2026-07-22 00:00:00+00:00,-0.0010464900634959418
2026-07-23 00:00:00+00:00,-0.011114328405715091
2026-07-24 00:00:00+00:00,0.0009143691807529608
2026-07-27 00:00:00+00:00,0.00019495488811465124
2026-07-28 00:00:00+00:00,0.0021552900277965084
2026-07-29 00:00:00+00:00,-0.013848700502792166
2026-07-30 00:00:00+00:00,0.01508916932403812
2026-07-31 00:00:00+00:00,0.006479882274404614
2026-08-03 00:00:00+00:00,0.012818691552960537
2026-08-04 00:00:00+00:00,-0.00045000000000000004
2026-08-05 00:00:00+00:00,0.0
2026-08-06 00:00:00+00:00,0.0
2026-08-07 00:00:00+00:00,0.0
2026-08-10 00:00:00+00:00,0.0
2026-08-11 00:00:00+00:00,0.0
2026-08-12 00:00:00+00:00,0.0
2026-08-13 00:00:00+00:00,0.0
2026-08-14 00:00:00+00:00,0.0
2026-08-17 00:00:00+00:00,0.0
2026-08-18 00:00:00+00:00,0.0006255744960808329
2026-08-19 00:00:00+00:00,-0.00020977847370853289
2026-08-20 00:00:00+00:00,0.0008399827926766524
2026-08-21 00:00:00+00:00,-0.0004091229991858514
2026-08-24 00:00:00+00:00,0.00029384361156037375
2026-08-25 00:00:00+00:00,-0.0003195939766817757
2026-08-26 00:00:00+00:00,-2.220076795962367e-05
2026-08-27 00:00:00+00:00,0.004792275703805355
2026-08-28 00:00:00+00:00,-0.001815589528604367
2026-08-31 00:00:00+00:00,-0.002391638427407106
2026-09-01 00:00:00+00:00,-0.006233372543726706
2026-09-02 00:00:00+00:00,0.003993224786844918
2026-09-03 00:00:00+00:00,0.009421576147382971
2026-09-04 00:00:00+00:00,-0.003468809034080467
2026-09-08 00:00:00+00:00,-0.0049429610370130715
2026-09-09 00:00:00+00:00,-0.0041829457000226115
2026-09-10 00:00:00+00:00,-0.005394848133111008
2026-09-11 00:00:00+00:00,0.0076718713150046415
2026-09-14 00:00:00+00:00,-0.004015488136401624
2026-09-15 00:00:00+00:00,-0.004128077168221178
2026-09-16 00:00:00+00:00,-0.003968892436304073
2026-09-17 00:00:00+00:00,0.010204878335357747
2026-09-18 00:00:00+00:00,0.0011582631476626526
2026-09-21 00:00:00+00:00,0.013954492994086643
2026-09-22 00:00:00+00:00,-0.00013961939944244774
2026-09-23 00:00:00+00:00,-0.006481944917306792
2026-09-24 00:00:00+00:00,-0.0007384696687125603
2026-09-25 00:00:00+00:00,0.0048919219152873785
2026-09-28 00:00:00+00:00,-0.006697337621633159
2026-09-29 00:00:00+00:00,-0.0016574703234773281
